Hello, QSemOS-RT 24.03-LTS @ v1.3.4-unknown git time-unknown git ID
OK3568-C @ Jul 18 2026 08:29:28
timer_rt_test_demo running ...
Starting timer_rt_test_demo...sleep 25s
open interrupt and realtime performance control
HRTIMER NOSTRESS TEST Demo
OsSysGetClock():24000000
task_cycles:1000 
=======begin========

cache_partitioning_task_stack done
pressurTaskEntry start 
src addr: 0x0x2b5a1000
dst addr: 0x0x2aba0000 
TEST_MEMSIZE: 0xa00000 

===========================================================
taskpendcnt:1991
t0:1500 ns
t1:3666 ns
t2:98291 ns
benchmark: Franka-derived Cartesian-impedance kernel, input trace:8, timer period:1.000 ms
controller source: franka_ros2 jazzy@73a1501d, updates:2013, SVD sweeps:5
pose error:[0.010000 0.015000 0.010000 -0.000000 0.049979 -0.000000]
tau[0:6]:[-2.781770 -1.613002 -1.930139 -1.581803 -1.382951 -0.390599 -0.663394]
kernel exec min/avg/max: 94.50 / 95.13 / 101.50 us, samples:2023
pressure status:1, copy rounds total/window:9/9, 4.50 rounds/s
pressure logical copy:90.00 MiB total, approx 45.00 MiB/s, checksum:11985223680
pressure report window:2.000000 s
t0_region>
[1]:1824
[2]:140
[3]:4
[4]:12
[5]:12
[6]:30
[7]:23

t1_region>
[2]:30
[3]:1291
[4]:621
[5]:28
[6]:2
[9]:8
[10]:4
[11]:4
[12]:17
[13]:27
[14]:16
[15]:3
[16]:1

t2_region>
[97]:73
[98]:1206
[99]:565
[100]:124
[101]:13
[102]:1
[105]:2
[106]:9
[107]:4
[108]:11
[109]:22
[110]:9
[111]:6
[112]:13
[113]:3
[114]:1

t0_min: 1.08 us, round:1998
t0_max: 7.83 us, round:897
t0_jitter: 6.75 us

t1_min: 2.67 us, round:2027
t1_max: 16.63 us, round:1700
t1_jitter: 13.96 us

t2_min: 97.38 us, round:2003
t2_max: 114.25 us, round:780
t2_jitter: 16.88 us

PMU diff samples: 2096
AVG DIFF LL_CACHE_RD: 102.12
AVG DIFF LL_CACHE_MISS_RD: 7.82
AVG DIFF L2D_CACHE_REFILL: 7.83
AVG DIFF L2D_CACHE_INVAL: 0.00
[cur diff] DIFF LL_CACHE_RD: 17, DIFF LL_CACHE_MISS_RD: 0, MISS_RATE: 0.00%
[cur diff] DIFF L2D_CACHE_REFILL: 0
[cur diff] DIFF L2D_CACHE_INVAL: 0
[max diff] DIFF LL_CACHE_RD: 179, DIFF LL_CACHE_MISS_RD: 150, MISS_RATE: 83.80%
[max diff] DIFF L2D_CACHE_REFILL: 151
[max diff] DIFF L2D_CACHE_INVAL: 0

===========================================================
taskpendcnt:4137
t0:1250 ns
t1:3708 ns
t2:98625 ns
benchmark: Franka-derived Cartesian-impedance kernel, input trace:8, timer period:1.000 ms
controller source: franka_ros2 jazzy@73a1501d, updates:4160, SVD sweeps:5
pose error:[0.010000 0.015000 0.010000 -0.000000 0.049979 -0.000000]
tau[0:6]:[-1.839419 -0.921560 -1.193198 -1.195971 -0.861243 0.113634 -0.461388]
kernel exec min/avg/max: 94.50 / 95.31 / 109.38 us, samples:4169
pressure status:1, copy rounds total/window:19/10, 4.66 rounds/s
pressure logical copy:190.00 MiB total, approx 46.59 MiB/s, checksum:25302138880
pressure report window:2.146493 s
t0_region>
[1]:3355
[2]:534
[3]:87
[4]:45
[5]:28
[6]:77
[7]:57
[8]:5
[9]:3
[10]:1

t1_region>
[2]:83
[3]:2198
[4]:1215
[5]:251
[6]:127
[7]:52
[8]:37
[9]:39
[10]:23
[11]:11
[12]:31
[13]:50
[14]:43
[15]:21
[16]:9
[17]:5
[18]:3
[19]:1
[20]:1
[22]:1

t2_region>
[97]:152
[98]:2169
[99]:922
[100]:337
[101]:158
[102]:116
[103]:67
[104]:36
[105]:28
[106]:36
[107]:15
[108]:24
[109]:45
[110]:24
[111]:14
[112]:28
[113]:11
[114]:1
[115]:2
[116]:7
[117]:2
[118]:8
[119]:4
[120]:2
[121]:5
[122]:1
[124]:2
[132]:1

t0_min: 1.08 us, round:1998
t0_max: 10.88 us, round:3453
t0_jitter: 9.79 us

t1_min: 2.67 us, round:2027
t1_max: 22.83 us, round:3453
t1_jitter: 20.17 us

t2_min: 97.38 us, round:2003
t2_max: 132.21 us, round:3453
t2_jitter: 34.83 us

PMU diff samples: 4261
AVG DIFF LL_CACHE_RD: 102.74
AVG DIFF LL_CACHE_MISS_RD: 14.40
AVG DIFF L2D_CACHE_REFILL: 14.46
AVG DIFF L2D_CACHE_INVAL: 0.00
[cur diff] DIFF LL_CACHE_RD: 10, DIFF LL_CACHE_MISS_RD: 0, MISS_RATE: 0.00%
[cur diff] DIFF L2D_CACHE_REFILL: 0
[cur diff] DIFF L2D_CACHE_INVAL: 0
[max diff] DIFF LL_CACHE_RD: 388, DIFF LL_CACHE_MISS_RD: 305, MISS_RATE: 78.61%
[max diff] DIFF L2D_CACHE_REFILL: 307
[max diff] DIFF L2D_CACHE_INVAL: 0

===========================================================
taskpendcnt:6302
t0:1958 ns
t1:3833 ns
t2:98458 ns
benchmark: Franka-derived Cartesian-impedance kernel, input trace:8, timer period:1.000 ms
controller source: franka_ros2 jazzy@73a1501d, updates:6324, SVD sweeps:5
pose error:[0.010000 0.015000 0.010000 -0.000000 0.049979 -0.000000]
tau[0:6]:[-0.567483 -0.552304 -0.482512 -0.231067 -0.297494 -0.656094 -0.085004]
kernel exec min/avg/max: 94.50 / 95.34 / 109.38 us, samples:6334
pressure status:1, copy rounds total/window:29/10, 4.62 rounds/s
pressure logical copy:290.00 MiB total, approx 46.20 MiB/s, checksum:38619054080
pressure report window:2.164559 s
t0_region>
[1]:5052
[2]:817
[3]:160
[4]:65
[5]:55
[6]:113
[7]:83
[8]:7
[9]:3
[10]:2

t1_region>
[2]:150
[3]:3309
[4]:1844
[5]:358
[6]:179
[7]:96
[8]:65
[9]:59
[10]:38
[11]:18
[12]:42
[13]:87
[14]:71
[15]:25
[16]:11
[17]:5
[18]:4
[19]:1
[20]:1
[21]:1
[22]:1
[25]:1

t2_region>
[97]:241
[98]:3268
[99]:1415
[100]:487
[101]:219
[102]:147
[103]:104
[104]:75
[105]:59
[106]:59
[107]:28
[108]:34
[109]:76
[110]:40
[111]:23
[112]:29
[113]:16
[114]:9
[115]:5
[116]:12
[117]:3
[118]:10
[119]:9
[120]:3
[121]:5
[122]:1
[123]:1
[124]:3
[129]:1
[132]:1

t0_min: 1.08 us, round:1998
t0_max: 10.88 us, round:3453
t0_jitter: 9.79 us

t1_min: 2.67 us, round:2027
t1_max: 25.71 us, round:4435
t1_jitter: 23.04 us

t2_min: 97.29 us, round:6326
t2_max: 132.21 us, round:3453
t2_jitter: 34.92 us

PMU diff samples: 6430
AVG DIFF LL_CACHE_RD: 102.32
AVG DIFF LL_CACHE_MISS_RD: 14.57
AVG DIFF L2D_CACHE_REFILL: 14.62
AVG DIFF L2D_CACHE_INVAL: 0.00
[cur diff] DIFF LL_CACHE_RD: 6, DIFF LL_CACHE_MISS_RD: 0, MISS_RATE: 0.00%
[cur diff] DIFF L2D_CACHE_REFILL: 0
[cur diff] DIFF L2D_CACHE_INVAL: 0
[max diff] DIFF LL_CACHE_RD: 378, DIFF LL_CACHE_MISS_RD: 297, MISS_RATE: 78.57%
[max diff] DIFF L2D_CACHE_REFILL: 298
[max diff] DIFF L2D_CACHE_INVAL: 0

===========================================================
taskpendcnt:8472
t0:2250 ns
t1:3666 ns
t2:100041 ns
benchmark: Franka-derived Cartesian-impedance kernel, input trace:8, timer period:1.000 ms
controller source: franka_ros2 jazzy@73a1501d, updates:8495, SVD sweeps:5
pose error:[0.010000 0.015000 0.010000 -0.000000 0.049979 -0.000000]
tau[0:6]:[-2.379368 -1.292411 -1.655224 -1.570015 -1.185234 -0.066588 -0.610247]
kernel exec min/avg/max: 94.50 / 95.75 / 117.83 us, samples:8504
pressure status:1, copy rounds total/window:39/10, 4.61 rounds/s
pressure logical copy:390.00 MiB total, approx 46.07 MiB/s, checksum:51935969280
pressure report window:2.170500 s
t0_region>
[1]:6309
[2]:939
[3]:213
[4]:107
[5]:205
[6]:240
[7]:164
[8]:74
[9]:66
[10]:55
[11]:50
[12]:28
[13]:31
[14]:14
[15]:9
[16]:7
[17]:6
[18]:9
[19]:1

t1_region>
[2]:214
[3]:4004
[4]:2381
[5]:416
[6]:192
[7]:114
[8]:93
[9]:73
[10]:57
[11]:42
[12]:80
[13]:165
[14]:132
[15]:69
[16]:46
[17]:58
[18]:50
[19]:16
[20]:28
[21]:28
[22]:30
[23]:35
[24]:18
[25]:28
[26]:22
[27]:20
[28]:22
[29]:11
[30]:14
[31]:13
[32]:8
[33]:9
[34]:13
[35]:8
[36]:3
[37]:12
[38]:2
[39]:3
[40]:2
[41]:5
[42]:2
[43]:1
[44]:3
[46]:1
[47]:1

t2_region>
[97]:332
[98]:3896
[99]:1796
[100]:684
[101]:271
[102]:155
[103]:123
[104]:89
[105]:82
[106]:81
[107]:47
[108]:54
[109]:99
[110]:81
[111]:75
[112]:78
[113]:59
[114]:40
[115]:37
[116]:39
[117]:33
[118]:35
[119]:41
[120]:30
[121]:31
[122]:27
[123]:25
[124]:23
[125]:22
[126]:16
[127]:16
[128]:23
[129]:25
[130]:10
[131]:10
[132]:7
[133]:8
[134]:7
[135]:9
[136]:6
[137]:6
[138]:3
[139]:4
[140]:8
[141]:7
[142]:3
[143]:2
[144]:4
[145]:5
[146]:2
[147]:3
[148]:1
[149]:1
[150]:1
[151]:1
[152]:2
[153]:2
[154]:2
[157]:1

t0_min: 1.08 us, round:1998
t0_max: 19.58 us, round:8180
t0_jitter: 18.50 us

t1_min: 2.67 us, round:2027
t1_max: 47.46 us, round:8179
t1_jitter: 44.79 us

t2_min: 97.29 us, round:6326
t2_max: 157.92 us, round:8183
t2_jitter: 60.63 us

PMU diff samples: 8649
AVG DIFF LL_CACHE_RD: 101.99
AVG DIFF LL_CACHE_MISS_RD: 19.50
AVG DIFF L2D_CACHE_REFILL: 19.56
AVG DIFF L2D_CACHE_INVAL: 0.00
[cur diff] DIFF LL_CACHE_RD: 4, DIFF LL_CACHE_MISS_RD: 4, MISS_RATE: 100.00%
[cur diff] DIFF L2D_CACHE_REFILL: 1
[cur diff] DIFF L2D_CACHE_INVAL: 0
[max diff] DIFF LL_CACHE_RD: 132, DIFF LL_CACHE_MISS_RD: 103, MISS_RATE: 78.03%
[max diff] DIFF L2D_CACHE_REFILL: 103
[max diff] DIFF L2D_CACHE_INVAL: 0

===========================================================
taskpendcnt:10694
t0:3791 ns
t1:4791 ns
t2:100583 ns
benchmark: Franka-derived Cartesian-impedance kernel, input trace:8, timer period:1.000 ms
controller source: franka_ros2 jazzy@73a1501d, updates:10717, SVD sweeps:5
pose error:[0.010000 0.015000 0.010000 -0.000000 0.049979 -0.000000]
tau[0:6]:[-0.567483 -0.552304 -0.482512 -0.231067 -0.297494 -0.656094 -0.085004]
kernel exec min/avg/max: 94.50 / 96.66 / 117.83 us, samples:10726
pressure status:1, copy rounds total/window:48/9, 4.05 rounds/s
pressure logical copy:480.00 MiB total, approx 40.50 MiB/s, checksum:63921192960
pressure report window:2.222097 s
t0_region>
[1]:6499
[2]:1042
[3]:426
[4]:382
[5]:462
[6]:458
[7]:369
[8]:258
[9]:230
[10]:208
[11]:157
[12]:97
[13]:75
[14]:33
[15]:24
[16]:12
[17]:8
[18]:9
[19]:1

t1_region>
[2]:229
[3]:4114
[4]:2438
[5]:453
[6]:209
[7]:137
[8]:139
[9]:142
[10]:162
[11]:148
[12]:200
[13]:284
[14]:249
[15]:169
[16]:131
[17]:156
[18]:141
[19]:110
[20]:125
[21]:126
[22]:144
[23]:143
[24]:107
[25]:106
[26]:66
[27]:63
[28]:64
[29]:33
[30]:42
[31]:30
[32]:20
[33]:14
[34]:17
[35]:13
[36]:6
[37]:12
[38]:3
[39]:4
[40]:2
[41]:6
[42]:2
[43]:1
[44]:3
[46]:2
[47]:1

t2_region>
[97]:332
[98]:3899
[99]:1841
[100]:738
[101]:335
[102]:192
[103]:154
[104]:104
[105]:113
[106]:120
[107]:101
[108]:145
[109]:183
[110]:159
[111]:164
[112]:162
[113]:153
[114]:128
[115]:124
[116]:101
[117]:123
[118]:101
[119]:101
[120]:118
[121]:100
[122]:111
[123]:105
[124]:109
[125]:89
[126]:79
[127]:67
[128]:68
[129]:62
[130]:54
[131]:39
[132]:40
[133]:30
[134]:23
[135]:26
[136]:14
[137]:14
[138]:11
[139]:10
[140]:13
[141]:15
[142]:3
[143]:3
[144]:5
[145]:6
[146]:2
[147]:3
[148]:2
[149]:1
[150]:1
[151]:2
[152]:2
[153]:2
[154]:2
[157]:1

t0_min: 1.08 us, round:1998
t0_max: 19.58 us, round:8180
t0_jitter: 18.50 us

t1_min: 2.67 us, round:2027
t1_max: 47.46 us, round:8179
t1_jitter: 44.79 us

t2_min: 97.29 us, round:6326
t2_max: 157.92 us, round:8183
t2_jitter: 60.63 us

PMU diff samples: 10876
AVG DIFF LL_CACHE_RD: 101.86
AVG DIFF LL_CACHE_MISS_RD: 30.96
AVG DIFF L2D_CACHE_REFILL: 31.03
AVG DIFF L2D_CACHE_INVAL: 0.00
[cur diff] DIFF LL_CACHE_RD: 10, DIFF LL_CACHE_MISS_RD: 10, MISS_RATE: 100.00%
[cur diff] DIFF L2D_CACHE_REFILL: 3
[cur diff] DIFF L2D_CACHE_INVAL: 0
[max diff] DIFF LL_CACHE_RD: 132, DIFF LL_CACHE_MISS_RD: 103, MISS_RATE: 78.03%
[max diff] DIFF L2D_CACHE_REFILL: 103
[max diff] DIFF L2D_CACHE_INVAL: 0

===========================================================
taskpendcnt:12919
t0:5125 ns
t1:10791 ns
t2:106000 ns
benchmark: Franka-derived Cartesian-impedance kernel, input trace:8, timer period:1.000 ms
controller source: franka_ros2 jazzy@73a1501d, updates:12942, SVD sweeps:5
pose error:[0.010000 0.015000 0.010000 -0.000000 0.049979 -0.000000]
tau[0:6]:[-2.781770 -1.613002 -1.930139 -1.581803 -1.382951 -0.390599 -0.663394]
kernel exec min/avg/max: 94.50 / 96.98 / 123.08 us, samples:12951
pressure status:1, copy rounds total/window:57/9, 4.05 rounds/s
pressure logical copy:570.00 MiB total, approx 40.45 MiB/s, checksum:75906416640
pressure report window:2.224921 s
t0_region>
[1]:7048
[2]:1448
[3]:795
[4]:555
[5]:647
[6]:622
[7]:488
[8]:341
[9]:273
[10]:230
[11]:173
[12]:109
[13]:92
[14]:47
[15]:35
[16]:21
[17]:16
[18]:17
[19]:3
[20]:3
[21]:4
[25]:6
[33]:1
[35]:1

t1_region>
[2]:232
[3]:4282
[4]:2736
[5]:632
[6]:380
[7]:319
[8]:368
[9]:236
[10]:214
[11]:250
[12]:272
[13]:320
[14]:318
[15]:247
[16]:197
[17]:234
[18]:200
[19]:141
[20]:171
[21]:150
[22]:170
[23]:165
[24]:131
[25]:121
[26]:79
[27]:70
[28]:69
[29]:41
[30]:51
[31]:36
[32]:27
[33]:22
[34]:22
[35]:19
[36]:12
[37]:15
[38]:6
[39]:5
[40]:3
[41]:9
[42]:3
[43]:2
[44]:4
[45]:3
[46]:3
[47]:1
[48]:1
[49]:1
[53]:1
[54]:1
[55]:1
[58]:1
[59]:2
[64]:1
[69]:1

t2_region>
[97]:332
[98]:3899
[99]:1871
[100]:977
[101]:546
[102]:308
[103]:297
[104]:268
[105]:272
[106]:313
[107]:178
[108]:193
[109]:240
[110]:194
[111]:194
[112]:225
[113]:222
[114]:181
[115]:179
[116]:178
[117]:181
[118]:149
[119]:137
[120]:148
[121]:133
[122]:128
[123]:133
[124]:130
[125]:105
[126]:89
[127]:79
[128]:76
[129]:72
[130]:58
[131]:44
[132]:44
[133]:33
[134]:28
[135]:31
[136]:15
[137]:20
[138]:13
[139]:14
[140]:18
[141]:22
[142]:10
[143]:8
[144]:7
[145]:12
[146]:2
[147]:4
[148]:7
[149]:4
[150]:2
[151]:3
[152]:3
[153]:2
[154]:2
[156]:2
[157]:1
[159]:1
[160]:1
[161]:2
[163]:2
[166]:1
[167]:1
[168]:1
[177]:1

t0_min: 1.08 us, round:1998
t0_max: 35.13 us, round:11445
t0_jitter: 34.04 us

t1_min: 2.67 us, round:2027
t1_max: 69.21 us, round:11454
t1_jitter: 66.54 us

t2_min: 97.29 us, round:6326
t2_max: 177.67 us, round:11442
t2_jitter: 80.38 us

PMU diff samples: 13119
AVG DIFF LL_CACHE_RD: 101.64
AVG DIFF LL_CACHE_MISS_RD: 35.05
AVG DIFF L2D_CACHE_REFILL: 35.14
AVG DIFF L2D_CACHE_INVAL: 0.00
[cur diff] DIFF LL_CACHE_RD: 17, DIFF LL_CACHE_MISS_RD: 13, MISS_RATE: 76.47%
[cur diff] DIFF L2D_CACHE_REFILL: 3
[cur diff] DIFF L2D_CACHE_INVAL: 0
[max diff] DIFF LL_CACHE_RD: 122, DIFF LL_CACHE_MISS_RD: 111, MISS_RATE: 90.98%
[max diff] DIFF L2D_CACHE_REFILL: 111
[max diff] DIFF L2D_CACHE_INVAL: 0

===========================================================
taskpendcnt:15164
t0:3416 ns
t1:4708 ns
t2:101375 ns
benchmark: Franka-derived Cartesian-impedance kernel, input trace:8, timer period:1.000 ms
controller source: franka_ros2 jazzy@73a1501d, updates:15186, SVD sweeps:5
pose error:[0.010000 0.015000 0.010000 -0.000000 0.049979 -0.000000]
tau[0:6]:[1.228026 0.081850 0.819520 0.875435 0.745706 -0.833381 0.398995]
kernel exec min/avg/max: 94.50 / 97.37 / 123.08 us, samples:15196
pressure status:1, copy rounds total/window:66/9, 4.01 rounds/s
pressure logical copy:660.00 MiB total, approx 40.10 MiB/s, checksum:87891640320
pressure report window:2.244205 s
t0_region>
[1]:7189
[2]:1717
[3]:1163
[4]:927
[5]:923
[6]:805
[7]:669
[8]:489
[9]:384
[10]:294
[11]:213
[12]:138
[13]:118
[14]:51
[15]:39
[16]:30
[17]:21
[18]:23
[19]:8
[20]:5
[21]:4
[22]:1
[25]:6
[33]:1
[35]:1

t1_region>
[2]:238
[3]:4347
[4]:2801
[5]:681
[6]:451
[7]:436
[8]:498
[9]:409
[10]:366
[11]:407
[12]:481
[13]:421
[14]:398
[15]:331
[16]:286
[17]:324
[18]:291
[19]:244
[20]:260
[21]:207
[22]:220
[23]:202
[24]:167
[25]:142
[26]:98
[27]:83
[28]:79
[29]:54
[30]:63
[31]:46
[32]:32
[33]:28
[34]:23
[35]:24
[36]:14
[37]:20
[38]:11
[39]:10
[40]:6
[41]:11
[42]:6
[43]:2
[44]:5
[45]:3
[46]:5
[47]:1
[48]:1
[49]:1
[53]:1
[54]:1
[55]:1
[58]:1
[59]:2
[64]:1
[69]:1

t2_region>
[97]:332
[98]:3899
[99]:1888
[100]:1017
[101]:611
[102]:335
[103]:356
[104]:343
[105]:351
[106]:412
[107]:329
[108]:337
[109]:368
[110]:330
[111]:288
[112]:300
[113]:353
[114]:268
[115]:261
[116]:239
[117]:253
[118]:226
[119]:222
[120]:210
[121]:189
[122]:180
[123]:173
[124]:164
[125]:130
[126]:119
[127]:104
[128]:95
[129]:81
[130]:72
[131]:59
[132]:55
[133]:40
[134]:35
[135]:33
[136]:18
[137]:24
[138]:17
[139]:24
[140]:18
[141]:23
[142]:15
[143]:8
[144]:12
[145]:13
[146]:7
[147]:6
[148]:8
[149]:7
[150]:6
[151]:5
[152]:4
[153]:2
[154]:4
[156]:2
[157]:1
[159]:1
[160]:1
[161]:2
[163]:2
[166]:1
[167]:1
[168]:1
[177]:1

t0_min: 1.08 us, round:1998
t0_max: 35.13 us, round:11445
t0_jitter: 34.04 us

t1_min: 2.67 us, round:2027
t1_max: 69.21 us, round:11454
t1_jitter: 66.54 us

t2_min: 97.29 us, round:6326
t2_max: 177.67 us, round:11442
t2_jitter: 80.38 us

PMU diff samples: 15365
AVG DIFF LL_CACHE_RD: 101.75
AVG DIFF LL_CACHE_MISS_RD: 40.60
AVG DIFF L2D_CACHE_REFILL: 40.70
AVG DIFF L2D_CACHE_INVAL: 0.00
[cur diff] DIFF LL_CACHE_RD: 5, DIFF LL_CACHE_MISS_RD: 5, MISS_RATE: 100.00%
[cur diff] DIFF L2D_CACHE_REFILL: 3
[cur diff] DIFF L2D_CACHE_INVAL: 0
[max diff] DIFF LL_CACHE_RD: 122, DIFF LL_CACHE_MISS_RD: 111, MISS_RATE: 90.98%
[max diff] DIFF L2D_CACHE_REFILL: 111
[max diff] DIFF L2D_CACHE_INVAL: 0

===========================================================
taskpendcnt:17407
t0:2625 ns
t1:3458 ns
t2:101583 ns
benchmark: Franka-derived Cartesian-impedance kernel, input trace:8, timer period:1.000 ms
controller source: franka_ros2 jazzy@73a1501d, updates:17430, SVD sweeps:5
pose error:[0.010000 0.015000 0.010000 -0.000000 0.049979 -0.000000]
tau[0:6]:[-2.781770 -1.613002 -1.930139 -1.581803 -1.382951 -0.390599 -0.663394]
kernel exec min/avg/max: 94.50 / 97.47 / 123.08 us, samples:17440
pressure status:1, copy rounds total/window:76/10, 4.46 rounds/s
pressure logical copy:760.00 MiB total, approx 44.56 MiB/s, checksum:101208555520
pressure report window:2.243948 s
t0_region>
[1]:7454
[2]:2332
[3]:1743
[4]:1299
[5]:1129
[6]:896
[7]:706
[8]:517
[9]:419
[10]:304
[11]:215
[12]:139
[13]:118
[14]:52
[15]:39
[16]:30
[17]:21
[18]:23
[19]:8
[20]:5
[21]:4
[22]:1
[25]:6
[33]:1
[35]:1

t1_region>
[2]:247
[3]:4408
[4]:2891
[5]:817
[6]:695
[7]:733
[8]:820
[9]:660
[10]:590
[11]:541
[12]:568
[13]:506
[14]:477
[15]:388
[16]:338
[17]:368
[18]:314
[19]:265
[20]:274
[21]:214
[22]:222
[23]:203
[24]:167
[25]:142
[26]:98
[27]:86
[28]:79
[29]:54
[30]:63
[31]:46
[32]:32
[33]:28
[34]:23
[35]:24
[36]:14
[37]:20
[38]:11
[39]:10
[40]:6
[41]:11
[42]:6
[43]:2
[44]:5
[45]:3
[46]:5
[47]:1
[48]:1
[49]:1
[53]:1
[54]:1
[55]:1
[58]:1
[59]:2
[64]:1
[69]:1

t2_region>
[97]:332
[98]:3900
[99]:1922
[100]:1076
[101]:728
[102]:446
[103]:510
[104]:564
[105]:585
[106]:649
[107]:572
[108]:492
[109]:487
[110]:422
[111]:363
[112]:358
[113]:410
[114]:325
[115]:311
[116]:303
[117]:293
[118]:243
[119]:228
[120]:221
[121]:199
[122]:186
[123]:178
[124]:165
[125]:132
[126]:120
[127]:106
[128]:95
[129]:81
[130]:73
[131]:59
[132]:55
[133]:40
[134]:35
[135]:33
[136]:18
[137]:24
[138]:17
[139]:24
[140]:18
[141]:23
[142]:15
[143]:8
[144]:12
[145]:13
[146]:7
[147]:6
[148]:8
[149]:7
[150]:6
[151]:5
[152]:4
[153]:2
[154]:4
[156]:2
[157]:1
[159]:1
[160]:1
[161]:2
[163]:2
[166]:1
[167]:1
[168]:1
[177]:1

t0_min: 1.08 us, round:1998
t0_max: 35.13 us, round:11445
t0_jitter: 34.04 us

t1_min: 2.67 us, round:2027
t1_max: 69.21 us, round:11454
t1_jitter: 66.54 us

t2_min: 97.29 us, round:6326
t2_max: 177.67 us, round:11442
t2_jitter: 80.38 us

PMU diff samples: 17609
AVG DIFF LL_CACHE_RD: 101.22
AVG DIFF LL_CACHE_MISS_RD: 42.08
AVG DIFF L2D_CACHE_REFILL: 42.18
AVG DIFF L2D_CACHE_INVAL: 0.00
[cur diff] DIFF LL_CACHE_RD: 16, DIFF LL_CACHE_MISS_RD: 11, MISS_RATE: 68.75%
[cur diff] DIFF L2D_CACHE_REFILL: 1
[cur diff] DIFF L2D_CACHE_INVAL: 0
[max diff] DIFF LL_CACHE_RD: 122, DIFF LL_CACHE_MISS_RD: 111, MISS_RATE: 90.98%
[max diff] DIFF L2D_CACHE_REFILL: 111
[max diff] DIFF L2D_CACHE_INVAL: 0

===========================================================
taskpendcnt:19652
t0:6750 ns
t1:12125 ns
t2:106750 ns
benchmark: Franka-derived Cartesian-impedance kernel, input trace:8, timer period:1.000 ms
controller source: franka_ros2 jazzy@73a1501d, updates:19675, SVD sweeps:5
pose error:[0.010000 0.015000 0.010000 -0.000000 0.049979 -0.000000]
tau[0:6]:[1.228026 0.081850 0.819520 0.875435 0.745706 -0.833381 0.398995]
kernel exec min/avg/max: 94.50 / 97.57 / 123.08 us, samples:19684
pressure status:1, copy rounds total/window:85/9, 4.01 rounds/s
pressure logical copy:850.00 MiB total, approx 40.10 MiB/s, checksum:113193779200
pressure report window:2.244343 s
t0_region>
[1]:7948
[2]:2889
[3]:2085
[4]:1500
[5]:1267
[6]:992
[7]:803
[8]:567
[9]:468
[10]:350
[11]:249
[12]:175
[13]:144
[14]:84
[15]:59
[16]:47
[17]:27
[18]:24
[19]:10
[20]:6
[21]:4
[22]:1
[25]:6
[33]:1
[35]:1

t1_region>
[2]:252
[3]:4525
[4]:3128
[5]:1072
[6]:963
[7]:929
[8]:977
[9]:790
[10]:663
[11]:617
[12]:647
[13]:564
[14]:534
[15]:436
[16]:386
[17]:423
[18]:360
[19]:307
[20]:302
[21]:236
[22]:240
[23]:209
[24]:180
[25]:156
[26]:124
[27]:106
[28]:102
[29]:71
[30]:76
[31]:64
[32]:51
[33]:40
[34]:32
[35]:34
[36]:20
[37]:26
[38]:17
[39]:13
[40]:9
[41]:12
[42]:10
[43]:3
[44]:6
[45]:3
[46]:5
[47]:1
[48]:1
[49]:2
[53]:1
[54]:1
[55]:1
[58]:1
[59]:2
[64]:1
[69]:1

t2_region>
[97]:332
[98]:3901
[99]:1959
[100]:1222
[101]:900
[102]:665
[103]:729
[104]:741
[105]:739
[106]:785
[107]:676
[108]:567
[109]:549
[110]:482
[111]:418
[112]:401
[113]:457
[114]:368
[115]:349
[116]:340
[117]:344
[118]:274
[119]:253
[120]:244
[121]:214
[122]:200
[123]:193
[124]:177
[125]:143
[126]:134
[127]:120
[128]:114
[129]:99
[130]:81
[131]:85
[132]:67
[133]:53
[134]:56
[135]:41
[136]:29
[137]:37
[138]:21
[139]:31
[140]:26
[141]:27
[142]:21
[143]:13
[144]:15
[145]:18
[146]:10
[147]:7
[148]:8
[149]:8
[150]:6
[151]:6
[152]:5
[153]:3
[154]:4
[156]:2
[157]:1
[159]:1
[160]:1
[161]:3
[163]:2
[166]:1
[167]:1
[168]:1
[177]:1

t0_min: 1.08 us, round:1998
t0_max: 35.13 us, round:11445
t0_jitter: 34.04 us

t1_min: 2.67 us, round:2027
t1_max: 69.21 us, round:11454
t1_jitter: 66.54 us

t2_min: 97.29 us, round:6326
t2_max: 177.67 us, round:11442
t2_jitter: 80.38 us

PMU diff samples: 19854
AVG DIFF LL_CACHE_RD: 101.15
AVG DIFF LL_CACHE_MISS_RD: 42.46
AVG DIFF L2D_CACHE_REFILL: 42.56
AVG DIFF L2D_CACHE_INVAL: 0.00
[cur diff] DIFF LL_CACHE_RD: 7, DIFF LL_CACHE_MISS_RD: 5, MISS_RATE: 71.43%
[cur diff] DIFF L2D_CACHE_REFILL: 4
[cur diff] DIFF L2D_CACHE_INVAL: 0
[max diff] DIFF LL_CACHE_RD: 122, DIFF LL_CACHE_MISS_RD: 111, MISS_RATE: 90.98%
[max diff] DIFF L2D_CACHE_REFILL: 111
[max diff] DIFF L2D_CACHE_INVAL: 0

===========================================================
taskpendcnt:21901
t0:8750 ns
t1:12666 ns
t2:116625 ns
benchmark: Franka-derived Cartesian-impedance kernel, input trace:8, timer period:1.000 ms
controller source: franka_ros2 jazzy@73a1501d, updates:21923, SVD sweeps:5
pose error:[0.010000 0.015000 0.010000 -0.000000 0.049979 -0.000000]
tau[0:6]:[1.376914 -0.104433 0.790225 0.843903 0.642107 -0.956178 0.423547]
kernel exec min/avg/max: 94.50 / 97.92 / 123.08 us, samples:21933
pressure status:1, copy rounds total/window:93/8, 3.56 rounds/s
pressure logical copy:930.00 MiB total, approx 35.57 MiB/s, checksum:123847311360
pressure report window:2.248941 s
t0_region>
[1]:7990
[2]:3020
[3]:2182
[4]:1634
[5]:1433
[6]:1203
[7]:1022
[8]:797
[9]:691
[10]:573
[11]:428
[12]:299
[13]:259
[14]:149
[15]:101
[16]:68
[17]:42
[18]:34
[19]:13
[20]:6
[21]:4
[22]:1
[25]:6
[33]:1
[35]:1

t1_region>
[2]:252
[3]:4529
[4]:3145
[5]:1102
[6]:1009
[7]:966
[8]:1032
[9]:832
[10]:700
[11]:640
[12]:690
[13]:619
[14]:590
[15]:518
[16]:474
[17]:527
[18]:461
[19]:430
[20]:407
[21]:344
[22]:337
[23]:306
[24]:289
[25]:247
[26]:218
[27]:204
[28]:207
[29]:139
[30]:144
[31]:122
[32]:105
[33]:77
[34]:65
[35]:62
[36]:38
[37]:46
[38]:25
[39]:18
[40]:11
[41]:14
[42]:11
[43]:4
[44]:6
[45]:3
[46]:5
[47]:2
[48]:1
[49]:2
[53]:1
[54]:1
[55]:1
[58]:1
[59]:2
[64]:1
[69]:1

t2_region>
[97]:332
[98]:3901
[99]:1960
[100]:1226
[101]:913
[102]:682
[103]:754
[104]:775
[105]:769
[106]:835
[107]:713
[108]:597
[109]:581
[110]:514
[111]:452
[112]:447
[113]:497
[114]:443
[115]:403
[116]:413
[117]:411
[118]:373
[119]:325
[120]:332
[121]:297
[122]:299
[123]:278
[124]:258
[125]:221
[126]:217
[127]:196
[128]:192
[129]:167
[130]:152
[131]:157
[132]:139
[133]:121
[134]:108
[135]:95
[136]:76
[137]:77
[138]:39
[139]:55
[140]:40
[141]:31
[142]:28
[143]:21
[144]:18
[145]:21
[146]:11
[147]:8
[148]:9
[149]:9
[150]:8
[151]:6
[152]:5
[153]:3
[154]:4
[156]:2
[157]:1
[159]:1
[160]:1
[161]:3
[163]:2
[166]:1
[167]:1
[168]:1
[177]:1

t0_min: 1.08 us, round:1998
t0_max: 35.13 us, round:11445
t0_jitter: 34.04 us

t1_min: 2.67 us, round:2027
t1_max: 69.21 us, round:11454
t1_jitter: 66.54 us

t2_min: 97.29 us, round:6326
t2_max: 177.67 us, round:11442
t2_jitter: 80.38 us

PMU diff samples: 22104
AVG DIFF LL_CACHE_RD: 101.51
AVG DIFF LL_CACHE_MISS_RD: 44.68
AVG DIFF L2D_CACHE_REFILL: 44.78
AVG DIFF L2D_CACHE_INVAL: 0.00
[cur diff] DIFF LL_CACHE_RD: 20, DIFF LL_CACHE_MISS_RD: 17, MISS_RATE: 85.00%
[cur diff] DIFF L2D_CACHE_REFILL: 10
[cur diff] DIFF L2D_CACHE_INVAL: 0
[max diff] DIFF LL_CACHE_RD: 122, DIFF LL_CACHE_MISS_RD: 111, MISS_RATE: 90.98%
[max diff] DIFF L2D_CACHE_REFILL: 111
[max diff] DIFF L2D_CACHE_INVAL: 0

===========================================================
taskpendcnt:24151
t0:7958 ns
t1:12166 ns
t2:112041 ns
benchmark: Franka-derived Cartesian-impedance kernel, input trace:8, timer period:1.000 ms
controller source: franka_ros2 jazzy@73a1501d, updates:24174, SVD sweeps:5
pose error:[0.010000 0.015000 0.010000 -0.000000 0.049979 -0.000000]
tau[0:6]:[-2.781770 -1.613002 -1.930139 -1.581803 -1.382951 -0.390599 -0.663394]
kernel exec min/avg/max: 94.50 / 98.21 / 123.08 us, samples:24183
pressure status:1, copy rounds total/window:102/9, 4.00 rounds/s
pressure logical copy:1020.00 MiB total, approx 39.99 MiB/s, checksum:135832535040
pressure report window:2.250621 s
t0_region>
[1]:8037
[2]:3131
[3]:2300
[4]:1768
[5]:1621
[6]:1421
[7]:1247
[8]:1036
[9]:883
[10]:734
[11]:607
[12]:432
[13]:360
[14]:237
[15]:150
[16]:99
[17]:66
[18]:43
[19]:15
[20]:8
[21]:4
[22]:1
[25]:6
[33]:1
[35]:1

t1_region>
[2]:252
[3]:4531
[4]:3161
[5]:1134
[6]:1057
[7]:1023
[8]:1085
[9]:865
[10]:737
[11]:667
[12]:722
[13]:672
[14]:652
[15]:592
[16]:572
[17]:644
[18]:561
[19]:546
[20]:530
[21]:424
[22]:428
[23]:395
[24]:394
[25]:326
[26]:294
[27]:320
[28]:277
[29]:209
[30]:199
[31]:205
[32]:155
[33]:124
[34]:117
[35]:94
[36]:63
[37]:63
[38]:42
[39]:20
[40]:16
[41]:15
[42]:14
[43]:4
[44]:6
[45]:5
[46]:7
[47]:2
[48]:1
[49]:2
[53]:1
[54]:1
[55]:1
[58]:1
[59]:2
[64]:1
[69]:1

t2_region>
[97]:332
[98]:3901
[99]:1960
[100]:1231
[101]:920
[102]:706
[103]:790
[104]:819
[105]:813
[106]:882
[107]:752
[108]:628
[109]:598
[110]:548
[111]:491
[112]:485
[113]:547
[114]:494
[115]:487
[116]:489
[117]:493
[118]:456
[119]:415
[120]:417
[121]:382
[122]:391
[123]:362
[124]:318
[125]:299
[126]:275
[127]:274
[128]:263
[129]:238
[130]:217
[131]:220
[132]:184
[133]:183
[134]:166
[135]:133
[136]:121
[137]:107
[138]:62
[139]:77
[140]:69
[141]:50
[142]:38
[143]:35
[144]:31
[145]:31
[146]:20
[147]:15
[148]:14
[149]:11
[150]:10
[151]:6
[152]:5
[153]:3
[154]:4
[156]:2
[157]:1
[159]:1
[160]:1
[161]:3
[163]:2
[166]:1
[167]:1
[168]:1
[177]:1

t0_min: 1.08 us, round:1998
t0_max: 35.13 us, round:11445
t0_jitter: 34.04 us

t1_min: 2.67 us, round:2027
t1_max: 69.21 us, round:11454
t1_jitter: 66.54 us

t2_min: 97.29 us, round:6326
t2_max: 177.67 us, round:11442
t2_jitter: 80.38 us

PMU diff samples: 24356
AVG DIFF LL_CACHE_RD: 101.73
AVG DIFF LL_CACHE_MISS_RD: 46.54
AVG DIFF L2D_CACHE_REFILL: 46.63
AVG DIFF L2D_CACHE_INVAL: 0.00
[cur diff] DIFF LL_CACHE_RD: 14, DIFF LL_CACHE_MISS_RD: 13, MISS_RATE: 92.86%
[cur diff] DIFF L2D_CACHE_REFILL: 11
[cur diff] DIFF L2D_CACHE_INVAL: 0
[max diff] DIFF LL_CACHE_RD: 122, DIFF LL_CACHE_MISS_RD: 111, MISS_RATE: 90.98%
[max diff] DIFF L2D_CACHE_REFILL: 111
[max diff] DIFF L2D_CACHE_INVAL: 0

===========================================================
taskpendcnt:26404
t0:6375 ns
t1:11458 ns
t2:111916 ns
benchmark: Franka-derived Cartesian-impedance kernel, input trace:8, timer period:1.000 ms
controller source: franka_ros2 jazzy@73a1501d, updates:26426, SVD sweeps:5
pose error:[0.010000 0.015000 0.010000 -0.000000 0.049979 -0.000000]
tau[0:6]:[1.228026 0.081850 0.819520 0.875435 0.745706 -0.833381 0.398995]
kernel exec min/avg/max: 94.50 / 98.47 / 123.08 us, samples:26436
pressure status:1, copy rounds total/window:110/8, 3.55 rounds/s
pressure logical copy:1100.00 MiB total, approx 35.52 MiB/s, checksum:146486067200
pressure report window:2.252377 s
t0_region>
[1]:8090
[2]:3251
[3]:2396
[4]:1861
[5]:1759
[6]:1588
[7]:1490
[8]:1263
[9]:1117
[10]:940
[11]:786
[12]:549
[13]:482
[14]:336
[15]:209
[16]:144
[17]:91
[18]:64
[19]:20
[20]:11
[21]:4
[22]:1
[25]:6
[33]:1
[35]:1

t1_region>
[2]:252
[3]:4532
[4]:3181
[5]:1169
[6]:1107
[7]:1083
[8]:1124
[9]:908
[10]:756
[11]:685
[12]:749
[13]:709
[14]:706
[15]:655
[16]:635
[17]:715
[18]:655
[19]:659
[20]:624
[21]:532
[22]:526
[23]:516
[24]:512
[25]:431
[26]:383
[27]:414
[28]:354
[29]:285
[30]:259
[31]:272
[32]:223
[33]:181
[34]:182
[35]:138
[36]:115
[37]:81
[38]:54
[39]:29
[40]:22
[41]:18
[42]:16
[43]:5
[44]:6
[45]:5
[46]:7
[47]:3
[48]:2
[49]:2
[53]:1
[54]:1
[55]:1
[58]:1
[59]:2
[64]:1
[69]:1

t2_region>
[97]:332
[98]:3901
[99]:1960
[100]:1236
[101]:934
[102]:722
[103]:813
[104]:862
[105]:864
[106]:921
[107]:791
[108]:652
[109]:619
[110]:572
[111]:525
[112]:523
[113]:582
[114]:536
[115]:529
[116]:545
[117]:546
[118]:512
[119]:480
[120]:498
[121]:453
[122]:474
[123]:460
[124]:413
[125]:413
[126]:365
[127]:352
[128]:351
[129]:325
[130]:286
[131]:301
[132]:242
[133]:254
[134]:216
[135]:184
[136]:168
[137]:137
[138]:107
[139]:108
[140]:94
[141]:63
[142]:55
[143]:44
[144]:44
[145]:41
[146]:27
[147]:18
[148]:20
[149]:14
[150]:14
[151]:7
[152]:5
[153]:5
[154]:4
[156]:2
[157]:1
[159]:1
[160]:1
[161]:3
[163]:2
[166]:1
[167]:1
[168]:1
[177]:1

t0_min: 1.08 us, round:1998
t0_max: 35.13 us, round:11445
t0_jitter: 34.04 us

t1_min: 2.67 us, round:2027
t1_max: 69.21 us, round:11454
t1_jitter: 66.54 us

t2_min: 97.29 us, round:6326
t2_max: 177.67 us, round:11442
t2_jitter: 80.38 us

PMU diff samples: 26609
AVG DIFF LL_CACHE_RD: 102.07
AVG DIFF LL_CACHE_MISS_RD: 48.34
AVG DIFF L2D_CACHE_REFILL: 48.42
AVG DIFF L2D_CACHE_INVAL: 0.00
[cur diff] DIFF LL_CACHE_RD: 14, DIFF LL_CACHE_MISS_RD: 14, MISS_RATE: 100.00%
[cur diff] DIFF L2D_CACHE_REFILL: 13
[cur diff] DIFF L2D_CACHE_INVAL: 0
[max diff] DIFF LL_CACHE_RD: 122, DIFF LL_CACHE_MISS_RD: 111, MISS_RATE: 90.98%
[max diff] DIFF L2D_CACHE_REFILL: 111
[max diff] DIFF L2D_CACHE_INVAL: 0

===========================================================
taskpendcnt:28656
t0:2333 ns
t1:3916 ns
t2:100291 ns
benchmark: Franka-derived Cartesian-impedance kernel, input trace:8, timer period:1.000 ms
controller source: franka_ros2 jazzy@73a1501d, updates:28679, SVD sweeps:5
pose error:[0.010000 0.015000 0.010000 -0.000000 0.049979 -0.000000]
tau[0:6]:[-2.379368 -1.292411 -1.655224 -1.570015 -1.185234 -0.066588 -0.610247]
kernel exec min/avg/max: 94.50 / 98.65 / 123.08 us, samples:28688
pressure status:1, copy rounds total/window:119/9, 4.00 rounds/s
pressure logical copy:1190.00 MiB total, approx 39.96 MiB/s, checksum:158471290880
pressure report window:2.252524 s
t0_region>
[1]:8200
[2]:3387
[3]:2524
[4]:2012
[5]:1933
[6]:1798
[7]:1660
[8]:1457
[9]:1317
[10]:1119
[11]:929
[12]:670
[13]:580
[14]:414
[15]:272
[16]:193
[17]:111
[18]:83
[19]:26
[20]:12
[21]:4
[22]:2
[25]:6
[33]:1
[35]:1

t1_region>
[2]:270
[3]:4585
[4]:3214
[5]:1210
[6]:1152
[7]:1131
[8]:1185
[9]:948
[10]:802
[11]:729
[12]:791
[13]:766
[14]:770
[15]:740
[16]:703
[17]:808
[18]:740
[19]:748
[20]:708
[21]:625
[22]:619
[23]:610
[24]:591
[25]:511
[26]:472
[27]:482
[28]:429
[29]:355
[30]:325
[31]:329
[32]:284
[33]:230
[34]:218
[35]:173
[36]:160
[37]:106
[38]:71
[39]:38
[40]:29
[41]:18
[42]:18
[43]:7
[44]:6
[45]:6
[46]:7
[47]:3
[48]:2
[49]:2
[53]:1
[54]:1
[55]:1
[58]:1
[59]:2
[64]:1
[69]:1

t2_region>
[97]:332
[98]:3907
[99]:2047
[100]:1269
[101]:964
[102]:742
[103]:832
[104]:894
[105]:906
[106]:962
[107]:831
[108]:683
[109]:651
[110]:615
[111]:559
[112]:560
[113]:647
[114]:587
[115]:584
[116]:606
[117]:614
[118]:578
[119]:556
[120]:560
[121]:531
[122]:546
[123]:529
[124]:508
[125]:487
[126]:434
[127]:407
[128]:415
[129]:386
[130]:351
[131]:354
[132]:291
[133]:318
[134]:274
[135]:231
[136]:198
[137]:181
[138]:142
[139]:124
[140]:114
[141]:85
[142]:70
[143]:58
[144]:52
[145]:55
[146]:34
[147]:28
[148]:24
[149]:15
[150]:14
[151]:8
[152]:6
[153]:6
[154]:5
[156]:2
[157]:1
[159]:1
[160]:1
[161]:3
[163]:2
[166]:1
[167]:1
[168]:1
[177]:1

t0_min: 1.08 us, round:1998
t0_max: 35.13 us, round:11445
t0_jitter: 34.04 us

t1_min: 2.67 us, round:2027
t1_max: 69.21 us, round:11454
t1_jitter: 66.54 us

t2_min: 97.29 us, round:6326
t2_max: 177.67 us, round:11442
t2_jitter: 80.38 us

PMU diff samples: 28862
AVG DIFF LL_CACHE_RD: 102.23
AVG DIFF LL_CACHE_MISS_RD: 49.40
AVG DIFF L2D_CACHE_REFILL: 49.47
AVG DIFF L2D_CACHE_INVAL: 0.00
[cur diff] DIFF LL_CACHE_RD: 5, DIFF LL_CACHE_MISS_RD: 1, MISS_RATE: 20.00%
[cur diff] DIFF L2D_CACHE_REFILL: 0
[cur diff] DIFF L2D_CACHE_INVAL: 0
[max diff] DIFF LL_CACHE_RD: 122, DIFF LL_CACHE_MISS_RD: 111, MISS_RATE: 90.98%
[max diff] DIFF L2D_CACHE_REFILL: 111
[max diff] DIFF L2D_CACHE_INVAL: 0

===========================================================
taskpendcnt:30904
t0:2166 ns
t1:4041 ns
t2:101583 ns
benchmark: Franka-derived Cartesian-impedance kernel, input trace:8, timer period:1.000 ms
controller source: franka_ros2 jazzy@73a1501d, updates:30926, SVD sweeps:5
pose error:[0.010000 0.015000 0.010000 -0.000000 0.049979 -0.000000]
tau[0:6]:[-2.379368 -1.292411 -1.655224 -1.570015 -1.185234 -0.066588 -0.610247]
kernel exec min/avg/max: 94.50 / 98.50 / 123.08 us, samples:30936
pressure status:1, copy rounds total/window:129/10, 4.45 rounds/s
pressure logical copy:1290.00 MiB total, approx 44.49 MiB/s, checksum:171788206080
pressure report window:2.247721 s
t0_region>
[1]:10132
[2]:3592
[3]:2561
[4]:2022
[5]:1947
[6]:1825
[7]:1682
[8]:1458
[9]:1317
[10]:1119
[11]:929
[12]:670
[13]:580
[14]:414
[15]:272
[16]:193
[17]:111
[18]:83
[19]:26
[20]:12
[21]:4
[22]:2
[25]:6
[33]:1
[35]:1

t1_region>
[2]:307
[3]:5354
[4]:4370
[5]:1374
[6]:1163
[7]:1154
[8]:1200
[9]:950
[10]:806
[11]:738
[12]:802
[13]:786
[14]:791
[15]:744
[16]:704
[17]:809
[18]:740
[19]:748
[20]:708
[21]:625
[22]:619
[23]:610
[24]:591
[25]:511
[26]:472
[27]:482
[28]:429
[29]:355
[30]:325
[31]:329
[32]:284
[33]:230
[34]:218
[35]:173
[36]:160
[37]:106
[38]:71
[39]:38
[40]:29
[41]:18
[42]:18
[43]:7
[44]:6
[45]:6
[46]:7
[47]:3
[48]:2
[49]:2
[53]:1
[54]:1
[55]:1
[58]:1
[59]:2
[64]:1
[69]:1

t2_region>
[97]:332
[98]:3914
[99]:2315
[100]:2518
[101]:1456
[102]:840
[103]:851
[104]:899
[105]:908
[106]:978
[107]:850
[108]:689
[109]:661
[110]:628
[111]:577
[112]:575
[113]:652
[114]:592
[115]:587
[116]:606
[117]:614
[118]:578
[119]:556
[120]:560
[121]:531
[122]:546
[123]:529
[124]:508
[125]:487
[126]:434
[127]:407
[128]:415
[129]:386
[130]:351
[131]:354
[132]:291
[133]:318
[134]:274
[135]:231
[136]:198
[137]:181
[138]:142
[139]:124
[140]:114
[141]:85
[142]:70
[143]:58
[144]:52
[145]:55
[146]:34
[147]:28
[148]:24
[149]:15
[150]:14
[151]:8
[152]:6
[153]:6
[154]:5
[156]:2
[157]:1
[159]:1
[160]:1
[161]:3
[163]:2
[166]:1
[167]:1
[168]:1
[177]:1

t0_min: 1.08 us, round:1998
t0_max: 35.13 us, round:11445
t0_jitter: 34.04 us

t1_min: 2.67 us, round:2027
t1_max: 69.21 us, round:11454
t1_jitter: 66.54 us

t2_min: 97.29 us, round:6326
t2_max: 177.67 us, round:11442
t2_jitter: 80.38 us

PMU diff samples: 31110
AVG DIFF LL_CACHE_RD: 101.67
AVG DIFF LL_CACHE_MISS_RD: 46.80
AVG DIFF L2D_CACHE_REFILL: 46.86
AVG DIFF L2D_CACHE_INVAL: 0.00
[cur diff] DIFF LL_CACHE_RD: 13, DIFF LL_CACHE_MISS_RD: 10, MISS_RATE: 76.92%
[cur diff] DIFF L2D_CACHE_REFILL: 4
[cur diff] DIFF L2D_CACHE_INVAL: 0
[max diff] DIFF LL_CACHE_RD: 122, DIFF LL_CACHE_MISS_RD: 111, MISS_RATE: 90.98%
[max diff] DIFF L2D_CACHE_REFILL: 111
[max diff] DIFF L2D_CACHE_INVAL: 0

===========================================================
taskpendcnt:33151
t0:1416 ns
t1:4166 ns
t2:99958 ns
benchmark: Franka-derived Cartesian-impedance kernel, input trace:8, timer period:1.000 ms
controller source: franka_ros2 jazzy@73a1501d, updates:33174, SVD sweeps:5
pose error:[0.010000 0.015000 0.010000 -0.000000 0.049979 -0.000000]
tau[0:6]:[-2.379368 -1.292411 -1.655224 -1.570015 -1.185234 -0.066588 -0.610247]
kernel exec min/avg/max: 94.50 / 98.38 / 123.08 us, samples:33184
pressure status:1, copy rounds total/window:138/9, 4.00 rounds/s
pressure logical copy:1380.00 MiB total, approx 40.04 MiB/s, checksum:183773429760
pressure report window:2.247597 s
t0_region>
[1]:11864
[2]:3996
[3]:2593
[4]:2029
[5]:1957
[6]:1856
[7]:1708
[8]:1464
[9]:1317
[10]:1119
[11]:929
[12]:670
[13]:580
[14]:414
[15]:272
[16]:193
[17]:111
[18]:83
[19]:26
[20]:12
[21]:4
[22]:2
[25]:6
[33]:1
[35]:1

t1_region>
[2]:330
[3]:5908
[4]:5485
[5]:1683
[6]:1272
[7]:1206
[8]:1205
[9]:953
[10]:809
[11]:745
[12]:808
[13]:805
[14]:818
[15]:758
[16]:706
[17]:809
[18]:740
[19]:748
[20]:708
[21]:625
[22]:619
[23]:610
[24]:591
[25]:511
[26]:472
[27]:482
[28]:429
[29]:355
[30]:325
[31]:329
[32]:284
[33]:230
[34]:218
[35]:173
[36]:160
[37]:106
[38]:71
[39]:38
[40]:29
[41]:18
[42]:18
[43]:7
[44]:6
[45]:6
[46]:7
[47]:3
[48]:2
[49]:2
[53]:1
[54]:1
[55]:1
[58]:1
[59]:2
[64]:1
[69]:1

t2_region>
[97]:332
[98]:3919
[99]:2465
[100]:3508
[101]:2070
[102]:1076
[103]:948
[104]:960
[105]:919
[106]:979
[107]:855
[108]:690
[109]:667
[110]:636
[111]:592
[112]:604
[113]:659
[114]:596
[115]:590
[116]:607
[117]:614
[118]:579
[119]:557
[120]:560
[121]:531
[122]:546
[123]:529
[124]:508
[125]:487
[126]:434
[127]:407
[128]:415
[129]:386
[130]:351
[131]:354
[132]:291
[133]:318
[134]:274
[135]:231
[136]:198
[137]:181
[138]:142
[139]:124
[140]:114
[141]:85
[142]:70
[143]:58
[144]:52
[145]:55
[146]:34
[147]:28
[148]:24
[149]:15
[150]:14
[151]:8
[152]:6
[153]:6
[154]:5
[156]:2
[157]:1
[159]:1
[160]:1
[161]:3
[163]:2
[166]:1
[167]:1
[168]:1
[177]:1

t0_min: 1.08 us, round:1998
t0_max: 35.13 us, round:11445
t0_jitter: 34.04 us

t1_min: 2.67 us, round:2027
t1_max: 69.21 us, round:11454
t1_jitter: 66.54 us

t2_min: 97.29 us, round:6326
t2_max: 177.67 us, round:11442
t2_jitter: 80.38 us

PMU diff samples: 33358
AVG DIFF LL_CACHE_RD: 101.27
AVG DIFF LL_CACHE_MISS_RD: 44.83
AVG DIFF L2D_CACHE_REFILL: 44.90
AVG DIFF L2D_CACHE_INVAL: 0.00
[cur diff] DIFF LL_CACHE_RD: 6, DIFF LL_CACHE_MISS_RD: 5, MISS_RATE: 83.33%
[cur diff] DIFF L2D_CACHE_REFILL: 2
[cur diff] DIFF L2D_CACHE_INVAL: 0
[max diff] DIFF LL_CACHE_RD: 122, DIFF LL_CACHE_MISS_RD: 111, MISS_RATE: 90.98%
[max diff] DIFF L2D_CACHE_REFILL: 111
[max diff] DIFF L2D_CACHE_INVAL: 0

===========================================================
taskpendcnt:35400
t0:2250 ns
t1:5000 ns
t2:101083 ns
benchmark: Franka-derived Cartesian-impedance kernel, input trace:8, timer period:1.000 ms
controller source: franka_ros2 jazzy@73a1501d, updates:35423, SVD sweeps:5
pose error:[0.010000 0.015000 0.010000 -0.000000 0.049979 -0.000000]
tau[0:6]:[-1.839419 -0.921560 -1.193198 -1.195971 -0.861243 0.113634 -0.461388]
kernel exec min/avg/max: 94.50 / 98.33 / 123.08 us, samples:35433
pressure status:1, copy rounds total/window:148/10, 4.45 rounds/s
pressure logical copy:1480.00 MiB total, approx 44.46 MiB/s, checksum:197090344960
pressure report window:2.249014 s
t0_region>
[1]:12226
[2]:4754
[3]:3409
[4]:2205
[5]:1977
[6]:1871
[7]:1734
[8]:1499
[9]:1330
[10]:1120
[11]:931
[12]:672
[13]:581
[14]:415
[15]:273
[16]:194
[17]:111
[18]:83
[19]:28
[20]:13
[21]:5
[22]:3
[24]:1
[25]:7
[26]:1
[27]:2
[28]:2
[30]:2
[31]:2
[32]:1
[33]:2
[35]:1
[36]:1

t1_region>
[2]:342
[3]:6096
[4]:5561
[5]:1820
[6]:1612
[7]:1677
[8]:1692
[9]:1246
[10]:898
[11]:768
[12]:823
[13]:813
[14]:826
[15]:768
[16]:721
[17]:829
[18]:764
[19]:755
[20]:708
[21]:625
[22]:623
[23]:611
[24]:591
[25]:512
[26]:473
[27]:483
[28]:429
[29]:357
[30]:326
[31]:329
[32]:284
[33]:230
[34]:218
[35]:173
[36]:160
[37]:106
[38]:72
[39]:39
[40]:30
[41]:19
[42]:18
[43]:8
[44]:8
[45]:6
[46]:7
[47]:3
[48]:2
[49]:2
[53]:1
[54]:1
[55]:1
[56]:1
[58]:2
[59]:3
[61]:2
[64]:3
[65]:2
[68]:3
[69]:2
[70]:1

t2_region>
[97]:332
[98]:3931
[99]:2527
[100]:3633
[101]:2179
[102]:1245
[103]:1224
[104]:1256
[105]:1305
[106]:1312
[107]:1012
[108]:771
[109]:729
[110]:683
[111]:608
[112]:619
[113]:669
[114]:606
[115]:608
[116]:623
[117]:622
[118]:585
[119]:564
[120]:561
[121]:533
[122]:548
[123]:532
[124]:509
[125]:488
[126]:434
[127]:407
[128]:417
[129]:386
[130]:351
[131]:355
[132]:291
[133]:318
[134]:275
[135]:232
[136]:199
[137]:181
[138]:142
[139]:125
[140]:114
[141]:85
[142]:72
[143]:58
[144]:53
[145]:57
[146]:34
[147]:28
[148]:24
[149]:16
[150]:14
[151]:8
[152]:6
[153]:7
[154]:5
[156]:2
[157]:1
[159]:1
[160]:2
[161]:3
[163]:2
[165]:1
[166]:2
[167]:2
[168]:2
[170]:2
[172]:1
[173]:3
[174]:2
[177]:1
[179]:1

t0_min: 1.08 us, round:1998
t0_max: 36.33 us, round:33927
t0_jitter: 35.25 us

t1_min: 2.67 us, round:2027
t1_max: 70.46 us, round:33927
t1_jitter: 67.79 us

t2_min: 97.29 us, round:6326
t2_max: 179.25 us, round:33927
t2_jitter: 81.96 us

PMU diff samples: 35621
AVG DIFF LL_CACHE_RD: 101.25
AVG DIFF LL_CACHE_MISS_RD: 44.96
AVG DIFF L2D_CACHE_REFILL: 45.03
AVG DIFF L2D_CACHE_INVAL: 0.00
[cur diff] DIFF LL_CACHE_RD: 24, DIFF LL_CACHE_MISS_RD: 14, MISS_RATE: 58.33%
[cur diff] DIFF L2D_CACHE_REFILL: 3
[cur diff] DIFF L2D_CACHE_INVAL: 0
[max diff] DIFF LL_CACHE_RD: 152, DIFF LL_CACHE_MISS_RD: 123, MISS_RATE: 80.92%
[max diff] DIFF L2D_CACHE_REFILL: 123
[max diff] DIFF L2D_CACHE_INVAL: 0

===========================================================
taskpendcnt:37663
t0:1625 ns
t1:4958 ns
t2:100166 ns
benchmark: Franka-derived Cartesian-impedance kernel, input trace:8, timer period:1.000 ms
controller source: franka_ros2 jazzy@73a1501d, updates:37686, SVD sweeps:5
pose error:[0.010000 0.015000 0.010000 -0.000000 0.049979 -0.000000]
tau[0:6]:[-2.379368 -1.292411 -1.655224 -1.570015 -1.185234 -0.066588 -0.610247]
kernel exec min/avg/max: 94.50 / 98.27 / 123.08 us, samples:37696
pressure status:1, copy rounds total/window:158/10, 4.42 rounds/s
pressure logical copy:1580.00 MiB total, approx 44.19 MiB/s, checksum:210407260160
pressure report window:2.262981 s
t0_region>
[1]:12592
[2]:5603
[3]:4177
[4]:2381
[5]:1994
[6]:1876
[7]:1758
[8]:1534
[9]:1347
[10]:1126
[11]:931
[12]:672
[13]:581
[14]:415
[15]:273
[16]:194
[17]:111
[18]:83
[19]:28
[20]:13
[21]:5
[22]:3
[24]:1
[25]:7
[26]:1
[27]:2
[28]:2
[30]:2
[31]:2
[32]:1
[33]:2
[35]:1
[36]:1

t1_region>
[2]:355
[3]:6218
[4]:5694
[5]:1980
[6]:1951
[7]:2159
[8]:2210
[9]:1537
[10]:988
[11]:790
[12]:829
[13]:814
[14]:828
[15]:771
[16]:745
[17]:853
[18]:788
[19]:762
[20]:709
[21]:626
[22]:623
[23]:611
[24]:591
[25]:512
[26]:473
[27]:483
[28]:429
[29]:357
[30]:326
[31]:329
[32]:284
[33]:230
[34]:218
[35]:173
[36]:160
[37]:106
[38]:72
[39]:39
[40]:30
[41]:19
[42]:18
[43]:8
[44]:8
[45]:6
[46]:7
[47]:3
[48]:2
[49]:2
[53]:1
[54]:1
[55]:1
[56]:1
[58]:2
[59]:3
[61]:2
[64]:3
[65]:2
[68]:3
[69]:2
[70]:1

t2_region>
[97]:332
[98]:3944
[99]:2560
[100]:3743
[101]:2311
[102]:1437
[103]:1502
[104]:1634
[105]:1756
[106]:1620
[107]:1150
[108]:832
[109]:762
[110]:717
[111]:620
[112]:624
[113]:674
[114]:628
[115]:626
[116]:644
[117]:632
[118]:589
[119]:567
[120]:561
[121]:534
[122]:548
[123]:532
[124]:509
[125]:488
[126]:434
[127]:407
[128]:417
[129]:386
[130]:351
[131]:355
[132]:291
[133]:318
[134]:275
[135]:232
[136]:199
[137]:181
[138]:142
[139]:125
[140]:114
[141]:85
[142]:72
[143]:58
[144]:53
[145]:57
[146]:34
[147]:28
[148]:24
[149]:16
[150]:14
[151]:8
[152]:6
[153]:7
[154]:5
[156]:2
[157]:1
[159]:1
[160]:2
[161]:3
[163]:2
[165]:1
[166]:2
[167]:2
[168]:2
[170]:2
[172]:1
[173]:3
[174]:2
[177]:1
[179]:1

t0_min: 1.08 us, round:1998
t0_max: 36.33 us, round:33927
t0_jitter: 35.25 us

t1_min: 2.67 us, round:2027
t1_max: 70.46 us, round:33927
t1_jitter: 67.79 us

t2_min: 97.29 us, round:6326
t2_max: 179.25 us, round:33927
t2_jitter: 81.96 us

PMU diff samples: 37884
AVG DIFF LL_CACHE_RD: 101.07
AVG DIFF LL_CACHE_MISS_RD: 44.80
AVG DIFF L2D_CACHE_REFILL: 44.87
AVG DIFF L2D_CACHE_INVAL: 0.00
[cur diff] DIFF LL_CACHE_RD: 7, DIFF LL_CACHE_MISS_RD: 6, MISS_RATE: 85.71%
[cur diff] DIFF L2D_CACHE_REFILL: 1
[cur diff] DIFF L2D_CACHE_INVAL: 0
[max diff] DIFF LL_CACHE_RD: 152, DIFF LL_CACHE_MISS_RD: 123, MISS_RATE: 80.92%
[max diff] DIFF L2D_CACHE_REFILL: 123
[max diff] DIFF L2D_CACHE_INVAL: 0

===========================================================
taskpendcnt:39926
t0:1583 ns
t1:4333 ns
t2:100708 ns
benchmark: Franka-derived Cartesian-impedance kernel, input trace:8, timer period:1.000 ms
controller source: franka_ros2 jazzy@73a1501d, updates:39949, SVD sweeps:5
pose error:[0.010000 0.015000 0.010000 -0.000000 0.049979 -0.000000]
tau[0:6]:[-0.567483 -0.552304 -0.482512 -0.231067 -0.297494 -0.656094 -0.085004]
kernel exec min/avg/max: 94.50 / 98.22 / 123.08 us, samples:39959
pressure status:1, copy rounds total/window:167/9, 3.98 rounds/s
pressure logical copy:1670.00 MiB total, approx 39.77 MiB/s, checksum:222392483840
pressure report window:2.262907 s
t0_region>
[1]:12945
[2]:6393
[3]:4962
[4]:2593
[5]:2018
[6]:1888
[7]:1786
[8]:1563
[9]:1375
[10]:1128
[11]:931
[12]:672
[13]:581
[14]:415
[15]:273
[16]:194
[17]:111
[18]:83
[19]:28
[20]:13
[21]:5
[22]:3
[24]:1
[25]:7
[26]:1
[27]:2
[28]:2
[30]:2
[31]:2
[32]:1
[33]:2
[35]:1
[36]:1

t1_region>
[2]:363
[3]:6345
[4]:5835
[5]:2115
[6]:2256
[7]:2638
[8]:2721
[9]:1826
[10]:1110
[11]:825
[12]:837
[13]:819
[14]:832
[15]:779
[16]:763
[17]:883
[18]:811
[19]:776
[20]:709
[21]:626
[22]:623
[23]:612
[24]:591
[25]:512
[26]:473
[27]:483
[28]:429
[29]:357
[30]:326
[31]:329
[32]:284
[33]:230
[34]:218
[35]:173
[36]:160
[37]:106
[38]:72
[39]:39
[40]:30
[41]:19
[42]:18
[43]:8
[44]:8
[45]:6
[46]:7
[47]:3
[48]:2
[49]:2
[53]:1
[54]:1
[55]:1
[56]:1
[58]:2
[59]:3
[61]:2
[64]:3
[65]:2
[68]:3
[69]:2
[70]:1

t2_region>
[97]:332
[98]:3961
[99]:2607
[100]:3862
[101]:2438
[102]:1613
[103]:1760
[104]:1989
[105]:2198
[106]:1902
[107]:1314
[108]:909
[109]:797
[110]:752
[111]:646
[112]:634
[113]:683
[114]:644
[115]:647
[116]:664
[117]:642
[118]:596
[119]:573
[120]:564
[121]:535
[122]:548
[123]:532
[124]:509
[125]:488
[126]:434
[127]:407
[128]:417
[129]:386
[130]:351
[131]:355
[132]:291
[133]:318
[134]:275
[135]:232
[136]:199
[137]:181
[138]:142
[139]:125
[140]:114
[141]:85
[142]:72
[143]:58
[144]:53
[145]:57
[146]:34
[147]:28
[148]:24
[149]:16
[150]:14
[151]:8
[152]:6
[153]:7
[154]:5
[156]:2
[157]:1
[159]:1
[160]:2
[161]:3
[163]:2
[165]:1
[166]:2
[167]:2
[168]:2
[170]:2
[172]:1
[173]:3
[174]:2
[177]:1
[179]:1

t0_min: 1.08 us, round:1998
t0_max: 36.33 us, round:33927
t0_jitter: 35.25 us

t1_min: 2.67 us, round:2027
t1_max: 70.46 us, round:33927
t1_jitter: 67.79 us

t2_min: 97.29 us, round:6326
t2_max: 179.25 us, round:33927
t2_jitter: 81.96 us

PMU diff samples: 40147
AVG DIFF LL_CACHE_RD: 100.95
AVG DIFF LL_CACHE_MISS_RD: 44.71
AVG DIFF L2D_CACHE_REFILL: 44.79
AVG DIFF L2D_CACHE_INVAL: 0.00
[cur diff] DIFF LL_CACHE_RD: 10, DIFF LL_CACHE_MISS_RD: 9, MISS_RATE: 90.00%
[cur diff] DIFF L2D_CACHE_REFILL: 4
[cur diff] DIFF L2D_CACHE_INVAL: 0
[max diff] DIFF LL_CACHE_RD: 152, DIFF LL_CACHE_MISS_RD: 123, MISS_RATE: 80.92%
[max diff] DIFF L2D_CACHE_REFILL: 123
[max diff] DIFF L2D_CACHE_INVAL: 0

===========================================================
taskpendcnt:42189
t0:4041 ns
t1:5625 ns
t2:101541 ns
benchmark: Franka-derived Cartesian-impedance kernel, input trace:8, timer period:1.000 ms
controller source: franka_ros2 jazzy@73a1501d, updates:42212, SVD sweeps:5
pose error:[0.010000 0.015000 0.010000 -0.000000 0.049979 -0.000000]
tau[0:6]:[1.376914 -0.104433 0.790225 0.843903 0.642107 -0.956178 0.423547]
kernel exec min/avg/max: 94.50 / 98.16 / 123.08 us, samples:42221
pressure status:1, copy rounds total/window:177/10, 4.42 rounds/s
pressure logical copy:1770.00 MiB total, approx 44.20 MiB/s, checksum:235709399040
pressure report window:2.262474 s
t0_region>
[1]:13306
[2]:7267
[3]:5709
[4]:2770
[5]:2039
[6]:1892
[7]:1807
[8]:1601
[9]:1391
[10]:1131
[11]:931
[12]:672
[13]:581
[14]:415
[15]:273
[16]:194
[17]:111
[18]:83
[19]:28
[20]:13
[21]:5
[22]:3
[24]:1
[25]:7
[26]:1
[27]:2
[28]:2
[30]:2
[31]:2
[32]:1
[33]:2
[35]:1
[36]:1

t1_region>
[2]:379
[3]:6460
[4]:5980
[5]:2249
[6]:2571
[7]:3157
[8]:3226
[9]:2126
[10]:1201
[11]:853
[12]:843
[13]:824
[14]:837
[15]:782
[16]:782
[17]:911
[18]:832
[19]:782
[20]:710
[21]:626
[22]:623
[23]:612
[24]:591
[25]:512
[26]:473
[27]:483
[28]:429
[29]:357
[30]:326
[31]:329
[32]:284
[33]:230
[34]:218
[35]:173
[36]:160
[37]:106
[38]:72
[39]:39
[40]:30
[41]:19
[42]:18
[43]:8
[44]:8
[45]:6
[46]:7
[47]:3
[48]:2
[49]:2
[53]:1
[54]:1
[55]:1
[56]:1
[58]:2
[59]:3
[61]:2
[64]:3
[65]:2
[68]:3
[69]:2
[70]:1

t2_region>
[97]:332
[98]:3983
[99]:2648
[100]:3985
[101]:2567
[102]:1807
[103]:2041
[104]:2363
[105]:2620
[106]:2194
[107]:1453
[108]:986
[109]:837
[110]:779
[111]:664
[112]:640
[113]:689
[114]:663
[115]:663
[116]:676
[117]:650
[118]:600
[119]:580
[120]:565
[121]:540
[122]:548
[123]:532
[124]:509
[125]:488
[126]:434
[127]:407
[128]:417
[129]:386
[130]:351
[131]:355
[132]:291
[133]:318
[134]:275
[135]:232
[136]:199
[137]:181
[138]:142
[139]:125
[140]:114
[141]:85
[142]:72
[143]:58
[144]:53
[145]:57
[146]:34
[147]:28
[148]:24
[149]:16
[150]:14
[151]:8
[152]:6
[153]:7
[154]:5
[156]:2
[157]:1
[159]:1
[160]:2
[161]:3
[163]:2
[165]:1
[166]:2
[167]:2
[168]:2
[170]:2
[172]:1
[173]:3
[174]:2
[177]:1
[179]:1

t0_min: 1.08 us, round:1998
t0_max: 36.33 us, round:33927
t0_jitter: 35.25 us

t1_min: 2.67 us, round:2027
t1_max: 70.46 us, round:33927
t1_jitter: 67.79 us

t2_min: 97.29 us, round:6326
t2_max: 179.25 us, round:33927
t2_jitter: 81.96 us

PMU diff samples: 42409
AVG DIFF LL_CACHE_RD: 100.86
AVG DIFF LL_CACHE_MISS_RD: 44.58
AVG DIFF L2D_CACHE_REFILL: 44.66
AVG DIFF L2D_CACHE_INVAL: 0.00
[cur diff] DIFF LL_CACHE_RD: 7, DIFF LL_CACHE_MISS_RD: 6, MISS_RATE: 85.71%
[cur diff] DIFF L2D_CACHE_REFILL: 1
[cur diff] DIFF L2D_CACHE_INVAL: 0
[max diff] DIFF LL_CACHE_RD: 152, DIFF LL_CACHE_MISS_RD: 123, MISS_RATE: 80.92%
[max diff] DIFF L2D_CACHE_REFILL: 123
[max diff] DIFF L2D_CACHE_INVAL: 0

===========================================================
taskpendcnt:44452
t0:3708 ns
t1:4708 ns
t2:101083 ns
benchmark: Franka-derived Cartesian-impedance kernel, input trace:8, timer period:1.000 ms
controller source: franka_ros2 jazzy@73a1501d, updates:44475, SVD sweeps:5
pose error:[0.010000 0.015000 0.010000 -0.000000 0.049979 -0.000000]
tau[0:6]:[1.228026 0.081850 0.819520 0.875435 0.745706 -0.833381 0.398995]
kernel exec min/avg/max: 94.50 / 98.12 / 123.08 us, samples:44484
pressure status:1, copy rounds total/window:187/10, 4.42 rounds/s
pressure logical copy:1870.00 MiB total, approx 44.19 MiB/s, checksum:249026314240
pressure report window:2.262873 s
t0_region>
[1]:13686
[2]:8114
[3]:6405
[4]:2994
[5]:2063
[6]:1904
[7]:1827
[8]:1636
[9]:1413
[10]:1134
[11]:931
[12]:672
[13]:581
[14]:415
[15]:273
[16]:194
[17]:111
[18]:83
[19]:28
[20]:13
[21]:5
[22]:3
[24]:1
[25]:7
[26]:1
[27]:2
[28]:2
[30]:2
[31]:2
[32]:1
[33]:2
[35]:1
[36]:1

t1_region>
[2]:390
[3]:6580
[4]:6128
[5]:2410
[6]:2894
[7]:3592
[8]:3706
[9]:2408
[10]:1352
[11]:898
[12]:852
[13]:832
[14]:845
[15]:787
[16]:797
[17]:935
[18]:860
[19]:791
[20]:711
[21]:626
[22]:623
[23]:612
[24]:591
[25]:512
[26]:473
[27]:483
[28]:429
[29]:357
[30]:326
[31]:329
[32]:284
[33]:230
[34]:218
[35]:173
[36]:160
[37]:106
[38]:72
[39]:39
[40]:30
[41]:19
[42]:18
[43]:8
[44]:8
[45]:6
[46]:7
[47]:3
[48]:2
[49]:2
[53]:1
[54]:1
[55]:1
[56]:1
[58]:2
[59]:3
[61]:2
[64]:3
[65]:2
[68]:3
[69]:2
[70]:1

t2_region>
[97]:332
[98]:3999
[99]:2695
[100]:4095
[101]:2742
[102]:2000
[103]:2318
[104]:2699
[105]:3011
[106]:2451
[107]:1599
[108]:1056
[109]:906
[110]:822
[111]:689
[112]:660
[113]:707
[114]:679
[115]:677
[116]:692
[117]:659
[118]:602
[119]:587
[120]:569
[121]:542
[122]:548
[123]:532
[124]:509
[125]:488
[126]:434
[127]:407
[128]:417
[129]:386
[130]:351
[131]:355
[132]:291
[133]:318
[134]:275
[135]:232
[136]:199
[137]:181
[138]:142
[139]:125
[140]:114
[141]:85
[142]:72
[143]:58
[144]:53
[145]:57
[146]:34
[147]:28
[148]:24
[149]:16
[150]:14
[151]:8
[152]:6
[153]:7
[154]:5
[156]:2
[157]:1
[159]:1
[160]:2
[161]:3
[163]:2
[165]:1
[166]:2
[167]:2
[168]:2
[170]:2
[172]:1
[173]:3
[174]:2
[177]:1
[179]:1

t0_min: 1.08 us, round:1998
t0_max: 36.33 us, round:33927
t0_jitter: 35.25 us

t1_min: 2.67 us, round:2027
t1_max: 70.46 us, round:33927
t1_jitter: 67.79 us

t2_min: 97.29 us, round:6326
t2_max: 179.25 us, round:33927
t2_jitter: 81.96 us

PMU diff samples: 44672
AVG DIFF LL_CACHE_RD: 100.77
AVG DIFF LL_CACHE_MISS_RD: 44.51
AVG DIFF L2D_CACHE_REFILL: 44.59
AVG DIFF L2D_CACHE_INVAL: 0.00
[cur diff] DIFF LL_CACHE_RD: 8, DIFF LL_CACHE_MISS_RD: 6, MISS_RATE: 75.00%
[cur diff] DIFF L2D_CACHE_REFILL: 0
[cur diff] DIFF L2D_CACHE_INVAL: 0
[max diff] DIFF LL_CACHE_RD: 152, DIFF LL_CACHE_MISS_RD: 123, MISS_RATE: 80.92%
[max diff] DIFF L2D_CACHE_REFILL: 123
[max diff] DIFF L2D_CACHE_INVAL: 0

===========================================================
taskpendcnt:46715
t0:2208 ns
t1:5541 ns
t2:102500 ns
benchmark: Franka-derived Cartesian-impedance kernel, input trace:8, timer period:1.000 ms
controller source: franka_ros2 jazzy@73a1501d, updates:46738, SVD sweeps:5
pose error:[0.010000 0.015000 0.010000 -0.000000 0.049979 -0.000000]
tau[0:6]:[0.839771 0.130674 0.617691 0.624912 0.653099 -0.592692 0.265887]
kernel exec min/avg/max: 94.50 / 98.07 / 123.08 us, samples:46747
pressure status:1, copy rounds total/window:196/9, 3.98 rounds/s
pressure logical copy:1960.00 MiB total, approx 39.77 MiB/s, checksum:261011537920
pressure report window:2.263004 s
t0_region>
[1]:14039
[2]:8951
[3]:7155
[4]:3194
[5]:2092
[6]:1917
[7]:1858
[8]:1667
[9]:1428
[10]:1138
[11]:931
[12]:672
[13]:581
[14]:415
[15]:273
[16]:194
[17]:111
[18]:83
[19]:28
[20]:13
[21]:5
[22]:3
[24]:1
[25]:7
[26]:1
[27]:2
[28]:2
[30]:2
[31]:2
[32]:1
[33]:2
[35]:1
[36]:1

t1_region>
[2]:403
[3]:6703
[4]:6273
[5]:2571
[6]:3191
[7]:4079
[8]:4186
[9]:2695
[10]:1476
[11]:933
[12]:864
[13]:837
[14]:854
[15]:796
[16]:815
[17]:964
[18]:879
[19]:799
[20]:713
[21]:626
[22]:623
[23]:612
[24]:591
[25]:512
[26]:473
[27]:483
[28]:429
[29]:357
[30]:326
[31]:329
[32]:284
[33]:230
[34]:218
[35]:173
[36]:160
[37]:106
[38]:72
[39]:39
[40]:30
[41]:19
[42]:18
[43]:8
[44]:8
[45]:6
[46]:7
[47]:3
[48]:2
[49]:2
[53]:1
[54]:1
[55]:1
[56]:1
[58]:2
[59]:3
[61]:2
[64]:3
[65]:2
[68]:3
[69]:2
[70]:1

t2_region>
[97]:332
[98]:4020
[99]:2749
[100]:4217
[101]:2880
[102]:2189
[103]:2582
[104]:3066
[105]:3431
[106]:2735
[107]:1725
[108]:1115
[109]:955
[110]:861
[111]:716
[112]:678
[113]:722
[114]:699
[115]:694
[116]:711
[117]:664
[118]:608
[119]:589
[120]:569
[121]:545
[122]:548
[123]:532
[124]:509
[125]:488
[126]:434
[127]:407
[128]:417
[129]:386
[130]:351
[131]:355
[132]:291
[133]:318
[134]:275
[135]:232
[136]:199
[137]:181
[138]:142
[139]:125
[140]:114
[141]:85
[142]:72
[143]:58
[144]:53
[145]:57
[146]:34
[147]:28
[148]:24
[149]:16
[150]:14
[151]:8
[152]:6
[153]:7
[154]:5
[156]:2
[157]:1
[159]:1
[160]:2
[161]:3
[163]:2
[165]:1
[166]:2
[167]:2
[168]:2
[170]:2
[172]:1
[173]:3
[174]:2
[177]:1
[179]:1

t0_min: 1.08 us, round:1998
t0_max: 36.33 us, round:33927
t0_jitter: 35.25 us

t1_min: 2.67 us, round:2027
t1_max: 70.46 us, round:33927
t1_jitter: 67.79 us

t2_min: 97.29 us, round:6326
t2_max: 179.25 us, round:33927
t2_jitter: 81.96 us

PMU diff samples: 46935
AVG DIFF LL_CACHE_RD: 100.70
AVG DIFF LL_CACHE_MISS_RD: 44.43
AVG DIFF L2D_CACHE_REFILL: 44.51
AVG DIFF L2D_CACHE_INVAL: 0.00
[cur diff] DIFF LL_CACHE_RD: 0, DIFF LL_CACHE_MISS_RD: 0, MISS_RATE: 0.00%
[cur diff] DIFF L2D_CACHE_REFILL: 3
[cur diff] DIFF L2D_CACHE_INVAL: 0
[max diff] DIFF LL_CACHE_RD: 152, DIFF LL_CACHE_MISS_RD: 123, MISS_RATE: 80.92%
[max diff] DIFF L2D_CACHE_REFILL: 123
[max diff] DIFF L2D_CACHE_INVAL: 0

===========================================================
taskpendcnt:48977
t0:2625 ns
t1:5375 ns
t2:101166 ns
benchmark: Franka-derived Cartesian-impedance kernel, input trace:8, timer period:1.000 ms
controller source: franka_ros2 jazzy@73a1501d, updates:49000, SVD sweeps:5
pose error:[0.010000 0.015000 0.010000 -0.000000 0.049979 -0.000000]
tau[0:6]:[-1.839419 -0.921560 -1.193198 -1.195971 -0.861243 0.113634 -0.461388]
kernel exec min/avg/max: 94.50 / 98.03 / 123.08 us, samples:49009
pressure status:1, copy rounds total/window:206/10, 4.42 rounds/s
pressure logical copy:2060.00 MiB total, approx 44.20 MiB/s, checksum:274328453120
pressure report window:2.262352 s
t0_region>
[1]:14390
[2]:9806
[3]:7893
[4]:3409
[5]:2119
[6]:1930
[7]:1873
[8]:1697
[9]:1443
[10]:1141
[11]:931
[12]:672
[13]:581
[14]:415
[15]:273
[16]:194
[17]:111
[18]:83
[19]:28
[20]:13
[21]:5
[22]:3
[24]:1
[25]:7
[26]:1
[27]:2
[28]:2
[30]:2
[31]:2
[32]:1
[33]:2
[35]:1
[36]:1

t1_region>
[2]:416
[3]:6833
[4]:6403
[5]:2726
[6]:3528
[7]:4576
[8]:4660
[9]:2964
[10]:1600
[11]:972
[12]:877
[13]:849
[14]:856
[15]:803
[16]:828
[17]:986
[18]:894
[19]:809
[20]:713
[21]:626
[22]:623
[23]:612
[24]:591
[25]:512
[26]:473
[27]:483
[28]:429
[29]:357
[30]:326
[31]:329
[32]:284
[33]:230
[34]:218
[35]:173
[36]:160
[37]:106
[38]:72
[39]:39
[40]:30
[41]:19
[42]:18
[43]:8
[44]:8
[45]:6
[46]:7
[47]:3
[48]:2
[49]:2
[53]:1
[54]:1
[55]:1
[56]:1
[58]:2
[59]:3
[61]:2
[64]:3
[65]:2
[68]:3
[69]:2
[70]:1

t2_region>
[97]:332
[98]:4040
[99]:2791
[100]:4330
[101]:3037
[102]:2382
[103]:2854
[104]:3428
[105]:3854
[106]:3018
[107]:1867
[108]:1182
[109]:995
[110]:903
[111]:744
[112]:690
[113]:728
[114]:711
[115]:710
[116]:722
[117]:675
[118]:612
[119]:591
[120]:570
[121]:547
[122]:548
[123]:532
[124]:509
[125]:488
[126]:434
[127]:407
[128]:417
[129]:386
[130]:351
[131]:355
[132]:291
[133]:318
[134]:275
[135]:232
[136]:199
[137]:181
[138]:142
[139]:125
[140]:114
[141]:85
[142]:72
[143]:58
[144]:53
[145]:57
[146]:34
[147]:28
[148]:24
[149]:16
[150]:14
[151]:8
[152]:6
[153]:7
[154]:5
[156]:2
[157]:1
[159]:1
[160]:2
[161]:3
[163]:2
[165]:1
[166]:2
[167]:2
[168]:2
[170]:2
[172]:1
[173]:3
[174]:2
[177]:1
[179]:1

t0_min: 1.08 us, round:1998
t0_max: 36.33 us, round:33927
t0_jitter: 35.25 us

t1_min: 2.67 us, round:2027
t1_max: 70.46 us, round:33927
t1_jitter: 67.79 us

t2_min: 97.29 us, round:6326
t2_max: 179.25 us, round:33927
t2_jitter: 81.96 us

PMU diff samples: 49198
AVG DIFF LL_CACHE_RD: 100.61
AVG DIFF LL_CACHE_MISS_RD: 44.34
AVG DIFF L2D_CACHE_REFILL: 44.42
AVG DIFF L2D_CACHE_INVAL: 0.00
[cur diff] DIFF LL_CACHE_RD: 11, DIFF LL_CACHE_MISS_RD: 8, MISS_RATE: 72.73%
[cur diff] DIFF L2D_CACHE_REFILL: 2
[cur diff] DIFF L2D_CACHE_INVAL: 0
[max diff] DIFF LL_CACHE_RD: 152, DIFF LL_CACHE_MISS_RD: 123, MISS_RATE: 80.92%
[max diff] DIFF L2D_CACHE_REFILL: 123
[max diff] DIFF L2D_CACHE_INVAL: 0

===========================================================
taskpendcnt:51240
t0:3166 ns
t1:4458 ns
t2:101416 ns
benchmark: Franka-derived Cartesian-impedance kernel, input trace:8, timer period:1.000 ms
controller source: franka_ros2 jazzy@73a1501d, updates:51263, SVD sweeps:5
pose error:[0.010000 0.015000 0.010000 -0.000000 0.049979 -0.000000]
tau[0:6]:[-2.379368 -1.292411 -1.655224 -1.570015 -1.185234 -0.066588 -0.610247]
kernel exec min/avg/max: 94.50 / 98.00 / 123.08 us, samples:51272
pressure status:1, copy rounds total/window:215/9, 3.98 rounds/s
pressure logical copy:2150.00 MiB total, approx 39.77 MiB/s, checksum:286313676800
pressure report window:2.263059 s
t0_region>
[1]:14712
[2]:10678
[3]:8664
[4]:3584
[5]:2145
[6]:1940
[7]:1896
[8]:1740
[9]:1462
[10]:1144
[11]:931
[12]:672
[13]:581
[14]:415
[15]:273
[16]:194
[17]:111
[18]:83
[19]:28
[20]:13
[21]:5
[22]:3
[24]:1
[25]:7
[26]:1
[27]:2
[28]:2
[30]:2
[31]:2
[32]:1
[33]:2
[35]:1
[36]:1

t1_region>
[2]:428
[3]:6936
[4]:6555
[5]:2885
[6]:3836
[7]:5094
[8]:5157
[9]:3221
[10]:1722
[11]:998
[12]:886
[13]:851
[14]:859
[15]:808
[16]:849
[17]:1017
[18]:921
[19]:819
[20]:714
[21]:626
[22]:623
[23]:612
[24]:591
[25]:512
[26]:473
[27]:483
[28]:429
[29]:357
[30]:326
[31]:329
[32]:284
[33]:230
[34]:218
[35]:173
[36]:160
[37]:106
[38]:72
[39]:39
[40]:30
[41]:19
[42]:18
[43]:8
[44]:8
[45]:6
[46]:7
[47]:3
[48]:2
[49]:2
[53]:1
[54]:1
[55]:1
[56]:1
[58]:2
[59]:3
[61]:2
[64]:3
[65]:2
[68]:3
[69]:2
[70]:1

t2_region>
[97]:332
[98]:4057
[99]:2838
[100]:4437
[101]:3184
[102]:2579
[103]:3135
[104]:3817
[105]:4277
[106]:3303
[107]:1989
[108]:1228
[109]:1028
[110]:947
[111]:761
[112]:701
[113]:739
[114]:726
[115]:738
[116]:742
[117]:682
[118]:615
[119]:599
[120]:574
[121]:548
[122]:549
[123]:532
[124]:509
[125]:488
[126]:434
[127]:407
[128]:417
[129]:386
[130]:351
[131]:355
[132]:291
[133]:318
[134]:275
[135]:232
[136]:199
[137]:181
[138]:142
[139]:125
[140]:114
[141]:85
[142]:72
[143]:58
[144]:53
[145]:57
[146]:34
[147]:28
[148]:24
[149]:16
[150]:14
[151]:8
[152]:6
[153]:7
[154]:5
[156]:2
[157]:1
[159]:1
[160]:2
[161]:3
[163]:2
[165]:1
[166]:2
[167]:2
[168]:2
[170]:2
[172]:1
[173]:3
[174]:2
[177]:1
[179]:1

t0_min: 1.08 us, round:1998
t0_max: 36.33 us, round:33927
t0_jitter: 35.25 us

t1_min: 2.67 us, round:2027
t1_max: 70.46 us, round:33927
t1_jitter: 67.79 us

t2_min: 97.29 us, round:6326
t2_max: 179.25 us, round:33927
t2_jitter: 81.96 us

PMU diff samples: 51461
AVG DIFF LL_CACHE_RD: 100.49
AVG DIFF LL_CACHE_MISS_RD: 44.27
AVG DIFF L2D_CACHE_REFILL: 44.35
AVG DIFF L2D_CACHE_INVAL: 0.00
[cur diff] DIFF LL_CACHE_RD: 9, DIFF LL_CACHE_MISS_RD: 8, MISS_RATE: 88.89%
[cur diff] DIFF L2D_CACHE_REFILL: 0
[cur diff] DIFF L2D_CACHE_INVAL: 0
[max diff] DIFF LL_CACHE_RD: 152, DIFF LL_CACHE_MISS_RD: 123, MISS_RATE: 80.92%
[max diff] DIFF L2D_CACHE_REFILL: 123
[max diff] DIFF L2D_CACHE_INVAL: 0

===========================================================
taskpendcnt:53503
t0:2541 ns
t1:4125 ns
t2:101375 ns
benchmark: Franka-derived Cartesian-impedance kernel, input trace:8, timer period:1.000 ms
controller source: franka_ros2 jazzy@73a1501d, updates:53526, SVD sweeps:5
pose error:[0.010000 0.015000 0.010000 -0.000000 0.049979 -0.000000]
tau[0:6]:[-2.781770 -1.613002 -1.930139 -1.581803 -1.382951 -0.390599 -0.663394]
kernel exec min/avg/max: 94.50 / 97.97 / 123.08 us, samples:53535
pressure status:1, copy rounds total/window:225/10, 4.42 rounds/s
pressure logical copy:2250.00 MiB total, approx 44.19 MiB/s, checksum:299630592000
pressure report window:2.262978 s
t0_region>
[1]:15050
[2]:11498
[3]:9417
[4]:3814
[5]:2173
[6]:1951
[7]:1922
[8]:1771
[9]:1485
[10]:1147
[11]:931
[12]:672
[13]:581
[14]:415
[15]:273
[16]:194
[17]:111
[18]:83
[19]:28
[20]:13
[21]:5
[22]:3
[24]:1
[25]:7
[26]:1
[27]:2
[28]:2
[30]:2
[31]:2
[32]:1
[33]:2
[35]:1
[36]:1

t1_region>
[2]:445
[3]:7037
[4]:6701
[5]:3034
[6]:4154
[7]:5571
[8]:5641
[9]:3527
[10]:1843
[11]:1034
[12]:899
[13]:860
[14]:863
[15]:812
[16]:864
[17]:1044
[18]:944
[19]:830
[20]:716
[21]:626
[22]:623
[23]:612
[24]:591
[25]:512
[26]:473
[27]:483
[28]:429
[29]:357
[30]:326
[31]:329
[32]:284
[33]:230
[34]:218
[35]:173
[36]:160
[37]:106
[38]:72
[39]:39
[40]:30
[41]:19
[42]:18
[43]:8
[44]:8
[45]:6
[46]:7
[47]:3
[48]:2
[49]:2
[53]:1
[54]:1
[55]:1
[56]:1
[58]:2
[59]:3
[61]:2
[64]:3
[65]:2
[68]:3
[69]:2
[70]:1

t2_region>
[97]:332
[98]:4080
[99]:2883
[100]:4548
[101]:3324
[102]:2770
[103]:3410
[104]:4144
[105]:4710
[106]:3593
[107]:2107
[108]:1304
[109]:1091
[110]:996
[111]:793
[112]:708
[113]:746
[114]:736
[115]:761
[116]:756
[117]:690
[118]:620
[119]:609
[120]:576
[121]:549
[122]:552
[123]:532
[124]:509
[125]:488
[126]:434
[127]:407
[128]:417
[129]:386
[130]:351
[131]:355
[132]:291
[133]:318
[134]:275
[135]:232
[136]:199
[137]:181
[138]:142
[139]:125
[140]:114
[141]:85
[142]:72
[143]:58
[144]:53
[145]:57
[146]:34
[147]:28
[148]:24
[149]:16
[150]:14
[151]:8
[152]:6
[153]:7
[154]:5
[156]:2
[157]:1
[159]:1
[160]:2
[161]:3
[163]:2
[165]:1
[166]:2
[167]:2
[168]:2
[170]:2
[172]:1
[173]:3
[174]:2
[177]:1
[179]:1

t0_min: 1.08 us, round:1998
t0_max: 36.33 us, round:33927
t0_jitter: 35.25 us

t1_min: 2.67 us, round:2027
t1_max: 70.46 us, round:33927
t1_jitter: 67.79 us

t2_min: 97.29 us, round:6326
t2_max: 179.25 us, round:33927
t2_jitter: 81.96 us

PMU diff samples: 53724
AVG DIFF LL_CACHE_RD: 100.46
AVG DIFF LL_CACHE_MISS_RD: 44.21
AVG DIFF L2D_CACHE_REFILL: 44.30
AVG DIFF L2D_CACHE_INVAL: 0.00
[cur diff] DIFF LL_CACHE_RD: 7, DIFF LL_CACHE_MISS_RD: 6, MISS_RATE: 85.71%
[cur diff] DIFF L2D_CACHE_REFILL: 3
[cur diff] DIFF L2D_CACHE_INVAL: 0
[max diff] DIFF LL_CACHE_RD: 152, DIFF LL_CACHE_MISS_RD: 123, MISS_RATE: 80.92%
[max diff] DIFF L2D_CACHE_REFILL: 123
[max diff] DIFF L2D_CACHE_INVAL: 0

===========================================================
taskpendcnt:55767
t0:3208 ns
t1:4500 ns
t2:102333 ns
benchmark: Franka-derived Cartesian-impedance kernel, input trace:8, timer period:1.000 ms
controller source: franka_ros2 jazzy@73a1501d, updates:55789, SVD sweeps:5
pose error:[0.010000 0.015000 0.010000 -0.000000 0.049979 -0.000000]
tau[0:6]:[-2.781770 -1.613002 -1.930139 -1.581803 -1.382951 -0.390599 -0.663394]
kernel exec min/avg/max: 94.50 / 97.94 / 123.08 us, samples:55799
pressure status:1, copy rounds total/window:235/10, 4.42 rounds/s
pressure logical copy:2350.00 MiB total, approx 44.17 MiB/s, checksum:312947507200
pressure report window:2.263941 s
t0_region>
[1]:15428
[2]:12338
[3]:10131
[4]:4031
[5]:2199
[6]:1967
[7]:1936
[8]:1809
[9]:1504
[10]:1148
[11]:931
[12]:672
[13]:581
[14]:415
[15]:273
[16]:194
[17]:111
[18]:83
[19]:28
[20]:13
[21]:5
[22]:3
[24]:1
[25]:7
[26]:1
[27]:2
[28]:2
[30]:2
[31]:2
[32]:1
[33]:2
[35]:1
[36]:1

t1_region>
[2]:463
[3]:7144
[4]:6834
[5]:3246
[6]:4491
[7]:6004
[8]:6111
[9]:3806
[10]:1970
[11]:1084
[12]:909
[13]:862
[14]:869
[15]:818
[16]:878
[17]:1068
[18]:974
[19]:837
[20]:716
[21]:626
[22]:623
[23]:612
[24]:591
[25]:512
[26]:473
[27]:483
[28]:429
[29]:357
[30]:326
[31]:329
[32]:284
[33]:230
[34]:218
[35]:173
[36]:160
[37]:106
[38]:72
[39]:39
[40]:30
[41]:19
[42]:18
[43]:8
[44]:8
[45]:6
[46]:7
[47]:3
[48]:2
[49]:2
[53]:1
[54]:1
[55]:1
[56]:1
[58]:2
[59]:3
[61]:2
[64]:3
[65]:2
[68]:3
[69]:2
[70]:1

t2_region>
[97]:332
[98]:4101
[99]:2930
[100]:4653
[101]:3498
[102]:2975
[103]:3706
[104]:4475
[105]:5112
[106]:3870
[107]:2240
[108]:1353
[109]:1140
[110]:1034
[111]:828
[112]:730
[113]:753
[114]:754
[115]:780
[116]:778
[117]:696
[118]:621
[119]:615
[120]:577
[121]:550
[122]:552
[123]:532
[124]:509
[125]:488
[126]:434
[127]:407
[128]:417
[129]:386
[130]:351
[131]:355
[132]:291
[133]:318
[134]:275
[135]:232
[136]:199
[137]:181
[138]:142
[139]:125
[140]:114
[141]:85
[142]:72
[143]:58
[144]:53
[145]:57
[146]:34
[147]:28
[148]:24
[149]:16
[150]:14
[151]:8
[152]:6
[153]:7
[154]:5
[156]:2
[157]:1
[159]:1
[160]:2
[161]:3
[163]:2
[165]:1
[166]:2
[167]:2
[168]:2
[170]:2
[172]:1
[173]:3
[174]:2
[177]:1
[179]:1

t0_min: 1.08 us, round:1998
t0_max: 36.33 us, round:33927
t0_jitter: 35.25 us

t1_min: 2.67 us, round:2027
t1_max: 70.46 us, round:33927
t1_jitter: 67.79 us

t2_min: 97.29 us, round:6326
t2_max: 179.25 us, round:33927
t2_jitter: 81.96 us

PMU diff samples: 55988
AVG DIFF LL_CACHE_RD: 100.40
AVG DIFF LL_CACHE_MISS_RD: 44.14
AVG DIFF L2D_CACHE_REFILL: 44.23
AVG DIFF L2D_CACHE_INVAL: 0.00
[cur diff] DIFF LL_CACHE_RD: 11, DIFF LL_CACHE_MISS_RD: 8, MISS_RATE: 72.73%
[cur diff] DIFF L2D_CACHE_REFILL: 3
[cur diff] DIFF L2D_CACHE_INVAL: 0
[max diff] DIFF LL_CACHE_RD: 152, DIFF LL_CACHE_MISS_RD: 123, MISS_RATE: 80.92%
[max diff] DIFF L2D_CACHE_REFILL: 123
[max diff] DIFF L2D_CACHE_INVAL: 0

===========================================================
taskpendcnt:58031
t0:3000 ns
t1:5166 ns
t2:99500 ns
benchmark: Franka-derived Cartesian-impedance kernel, input trace:8, timer period:1.000 ms
controller source: franka_ros2 jazzy@73a1501d, updates:58053, SVD sweeps:5
pose error:[0.010000 0.015000 0.010000 -0.000000 0.049979 -0.000000]
tau[0:6]:[-2.781770 -1.613002 -1.930139 -1.581803 -1.382951 -0.390599 -0.663394]
kernel exec min/avg/max: 94.50 / 97.91 / 123.08 us, samples:58063
pressure status:1, copy rounds total/window:244/9, 3.98 rounds/s
pressure logical copy:2440.00 MiB total, approx 39.75 MiB/s, checksum:324932730880
pressure report window:2.263909 s
t0_region>
[1]:15774
[2]:13179
[3]:10929
[4]:4205
[5]:2221
[6]:1978
[7]:1958
[8]:1833
[9]:1527
[10]:1152
[11]:931
[12]:672
[13]:581
[14]:415
[15]:273
[16]:194
[17]:111
[18]:83
[19]:28
[20]:13
[21]:5
[22]:3
[24]:1
[25]:7
[26]:1
[27]:2
[28]:2
[30]:2
[31]:2
[32]:1
[33]:2
[35]:1
[36]:1

t1_region>
[2]:476
[3]:7255
[4]:6975
[5]:3392
[6]:4825
[7]:6482
[8]:6600
[9]:4098
[10]:2106
[11]:1101
[12]:925
[13]:870
[14]:876
[15]:820
[16]:892
[17]:1090
[18]:999
[19]:847
[20]:716
[21]:627
[22]:623
[23]:612
[24]:591
[25]:512
[26]:473
[27]:483
[28]:429
[29]:357
[30]:326
[31]:329
[32]:284
[33]:230
[34]:218
[35]:173
[36]:160
[37]:106
[38]:72
[39]:39
[40]:30
[41]:19
[42]:18
[43]:8
[44]:8
[45]:6
[46]:7
[47]:3
[48]:2
[49]:2
[53]:1
[54]:1
[55]:1
[56]:1
[58]:2
[59]:3
[61]:2
[64]:3
[65]:2
[68]:3
[69]:2
[70]:1

t2_region>
[97]:332
[98]:4120
[99]:2977
[100]:4762
[101]:3633
[102]:3178
[103]:3983
[104]:4809
[105]:5558
[106]:4170
[107]:2369
[108]:1430
[109]:1193
[110]:1069
[111]:845
[112]:736
[113]:758
[114]:773
[115]:800
[116]:795
[117]:702
[118]:621
[119]:618
[120]:580
[121]:552
[122]:552
[123]:532
[124]:509
[125]:488
[126]:434
[127]:407
[128]:418
[129]:386
[130]:351
[131]:355
[132]:291
[133]:318
[134]:275
[135]:232
[136]:199
[137]:181
[138]:142
[139]:125
[140]:114
[141]:85
[142]:72
[143]:58
[144]:53
[145]:57
[146]:34
[147]:28
[148]:24
[149]:16
[150]:14
[151]:8
[152]:6
[153]:7
[154]:5
[156]:2
[157]:1
[159]:1
[160]:2
[161]:3
[163]:2
[165]:1
[166]:2
[167]:2
[168]:2
[170]:2
[172]:1
[173]:3
[174]:2
[177]:1
[179]:1

t0_min: 1.08 us, round:1998
t0_max: 36.33 us, round:33927
t0_jitter: 35.25 us

t1_min: 2.67 us, round:2027
t1_max: 70.46 us, round:33927
t1_jitter: 67.79 us

t2_min: 97.29 us, round:6326
t2_max: 179.25 us, round:33927
t2_jitter: 81.96 us

PMU diff samples: 58252
AVG DIFF LL_CACHE_RD: 100.35
AVG DIFF LL_CACHE_MISS_RD: 44.09
AVG DIFF L2D_CACHE_REFILL: 44.18
AVG DIFF L2D_CACHE_INVAL: 0.00
[cur diff] DIFF LL_CACHE_RD: 5, DIFF LL_CACHE_MISS_RD: 4, MISS_RATE: 80.00%
[cur diff] DIFF L2D_CACHE_REFILL: 1
[cur diff] DIFF L2D_CACHE_INVAL: 0
[max diff] DIFF LL_CACHE_RD: 152, DIFF LL_CACHE_MISS_RD: 123, MISS_RATE: 80.92%
[max diff] DIFF L2D_CACHE_REFILL: 123
[max diff] DIFF L2D_CACHE_INVAL: 0

===========================================================
taskpendcnt:60295
t0:2791 ns
t1:4958 ns
t2:101916 ns
benchmark: Franka-derived Cartesian-impedance kernel, input trace:8, timer period:1.000 ms
controller source: franka_ros2 jazzy@73a1501d, updates:60317, SVD sweeps:5
pose error:[0.010000 0.015000 0.010000 -0.000000 0.049979 -0.000000]
tau[0:6]:[-2.781770 -1.613002 -1.930139 -1.581803 -1.382951 -0.390599 -0.663394]
kernel exec min/avg/max: 94.50 / 97.88 / 123.08 us, samples:60327
pressure status:1, copy rounds total/window:254/10, 4.42 rounds/s
pressure logical copy:2540.00 MiB total, approx 44.17 MiB/s, checksum:338249646080
pressure report window:2.264034 s
t0_region>
[1]:16144
[2]:14044
[3]:11676
[4]:4378
[5]:2244
[6]:1981
[7]:1984
[8]:1862
[9]:1550
[10]:1156
[11]:931
[12]:672
[13]:581
[14]:415
[15]:273
[16]:194
[17]:111
[18]:83
[19]:28
[20]:13
[21]:5
[22]:3
[24]:1
[25]:7
[26]:1
[27]:2
[28]:2
[30]:2
[31]:2
[32]:1
[33]:2
[35]:1
[36]:1

t1_region>
[2]:491
[3]:7369
[4]:7111
[5]:3569
[6]:5179
[7]:6943
[8]:7075
[9]:4396
[10]:2214
[11]:1132
[12]:932
[13]:873
[14]:880
[15]:824
[16]:903
[17]:1126
[18]:1019
[19]:855
[20]:717
[21]:628
[22]:624
[23]:612
[24]:591
[25]:512
[26]:473
[27]:483
[28]:429
[29]:357
[30]:326
[31]:329
[32]:284
[33]:230
[34]:218
[35]:173
[36]:160
[37]:106
[38]:72
[39]:39
[40]:30
[41]:19
[42]:18
[43]:8
[44]:8
[45]:6
[46]:7
[47]:3
[48]:2
[49]:2
[53]:1
[54]:1
[55]:1
[56]:1
[58]:2
[59]:3
[61]:2
[64]:3
[65]:2
[68]:3
[69]:2
[70]:1

t2_region>
[97]:332
[98]:4139
[99]:3025
[100]:4876
[101]:3774
[102]:3387
[103]:4273
[104]:5160
[105]:5969
[106]:4480
[107]:2514
[108]:1489
[109]:1234
[110]:1092
[111]:855
[112]:741
[113]:771
[114]:788
[115]:818
[116]:812
[117]:708
[118]:626
[119]:627
[120]:585
[121]:552
[122]:552
[123]:532
[124]:509
[125]:488
[126]:434
[127]:407
[128]:418
[129]:386
[130]:351
[131]:355
[132]:291
[133]:318
[134]:275
[135]:232
[136]:199
[137]:181
[138]:142
[139]:125
[140]:114
[141]:85
[142]:72
[143]:58
[144]:53
[145]:57
[146]:34
[147]:28
[148]:24
[149]:16
[150]:14
[151]:8
[152]:6
[153]:7
[154]:5
[156]:2
[157]:1
[159]:1
[160]:2
[161]:3
[163]:2
[165]:1
[166]:2
[167]:2
[168]:2
[170]:2
[172]:1
[173]:3
[174]:2
[177]:1
[179]:1

t0_min: 1.08 us, round:1998
t0_max: 36.33 us, round:33927
t0_jitter: 35.25 us

t1_min: 2.67 us, round:2027
t1_max: 70.46 us, round:33927
t1_jitter: 67.79 us

t2_min: 97.29 us, round:6326
t2_max: 179.25 us, round:33927
t2_jitter: 81.96 us

PMU diff samples: 60516
AVG DIFF LL_CACHE_RD: 100.27
AVG DIFF LL_CACHE_MISS_RD: 44.01
AVG DIFF L2D_CACHE_REFILL: 44.10
AVG DIFF L2D_CACHE_INVAL: 0.00
[cur diff] DIFF LL_CACHE_RD: 7, DIFF LL_CACHE_MISS_RD: 5, MISS_RATE: 71.43%
[cur diff] DIFF L2D_CACHE_REFILL: 2
[cur diff] DIFF L2D_CACHE_INVAL: 0
[max diff] DIFF LL_CACHE_RD: 152, DIFF LL_CACHE_MISS_RD: 123, MISS_RATE: 80.92%
[max diff] DIFF L2D_CACHE_REFILL: 123
[max diff] DIFF L2D_CACHE_INVAL: 0

===========================================================
taskpendcnt:62559
t0:2875 ns
t1:4750 ns
t2:100250 ns
benchmark: Franka-derived Cartesian-impedance kernel, input trace:8, timer period:1.000 ms
controller source: franka_ros2 jazzy@73a1501d, updates:62581, SVD sweeps:5
pose error:[0.010000 0.015000 0.010000 -0.000000 0.049979 -0.000000]
tau[0:6]:[-2.781770 -1.613002 -1.930139 -1.581803 -1.382951 -0.390599 -0.663394]
kernel exec min/avg/max: 94.50 / 97.86 / 123.08 us, samples:62591
pressure status:1, copy rounds total/window:264/10, 4.42 rounds/s
pressure logical copy:2640.00 MiB total, approx 44.17 MiB/s, checksum:351566561280
pressure report window:2.263946 s
t0_region>
[1]:16504
[2]:14947
[3]:12362
[4]:4575
[5]:2266
[6]:1993
[7]:2010
[8]:1899
[9]:1569
[10]:1159
[11]:931
[12]:672
[13]:581
[14]:415
[15]:273
[16]:194
[17]:111
[18]:83
[19]:28
[20]:13
[21]:5
[22]:3
[24]:1
[25]:7
[26]:1
[27]:2
[28]:2
[30]:2
[31]:2
[32]:1
[33]:2
[35]:1
[36]:1

t1_region>
[2]:502
[3]:7481
[4]:7250
[5]:3752
[6]:5526
[7]:7461
[8]:7537
[9]:4636
[10]:2325
[11]:1163
[12]:940
[13]:879
[14]:887
[15]:831
[16]:922
[17]:1159
[18]:1040
[19]:864
[20]:717
[21]:628
[22]:624
[23]:612
[24]:591
[25]:512
[26]:473
[27]:483
[28]:429
[29]:357
[30]:326
[31]:329
[32]:284
[33]:230
[34]:218
[35]:173
[36]:160
[37]:106
[38]:72
[39]:39
[40]:30
[41]:19
[42]:18
[43]:8
[44]:8
[45]:6
[46]:7
[47]:3
[48]:2
[49]:2
[53]:1
[54]:1
[55]:1
[56]:1
[58]:2
[59]:3
[61]:2
[64]:3
[65]:2
[68]:3
[69]:2
[70]:1

t2_region>
[97]:332
[98]:4158
[99]:3070
[100]:4987
[101]:3931
[102]:3603
[103]:4593
[104]:5541
[105]:6350
[106]:4717
[107]:2647
[108]:1555
[109]:1271
[110]:1132
[111]:875
[112]:754
[113]:782
[114]:806
[115]:835
[116]:828
[117]:713
[118]:632
[119]:634
[120]:590
[121]:555
[122]:552
[123]:532
[124]:509
[125]:488
[126]:434
[127]:407
[128]:418
[129]:386
[130]:351
[131]:355
[132]:291
[133]:318
[134]:275
[135]:232
[136]:199
[137]:181
[138]:142
[139]:125
[140]:114
[141]:85
[142]:72
[143]:58
[144]:53
[145]:57
[146]:34
[147]:28
[148]:24
[149]:16
[150]:14
[151]:8
[152]:6
[153]:7
[154]:5
[156]:2
[157]:1
[159]:1
[160]:2
[161]:3
[163]:2
[165]:1
[166]:2
[167]:2
[168]:2
[170]:2
[172]:1
[173]:3
[174]:2
[177]:1
[179]:1

t0_min: 1.08 us, round:1998
t0_max: 36.33 us, round:33927
t0_jitter: 35.25 us

t1_min: 2.67 us, round:2027
t1_max: 70.46 us, round:33927
t1_jitter: 67.79 us

t2_min: 97.29 us, round:6326
t2_max: 179.25 us, round:33927
t2_jitter: 81.96 us

PMU diff samples: 62780
AVG DIFF LL_CACHE_RD: 100.19
AVG DIFF LL_CACHE_MISS_RD: 43.93
AVG DIFF L2D_CACHE_REFILL: 44.02
AVG DIFF L2D_CACHE_INVAL: 0.00
[cur diff] DIFF LL_CACHE_RD: 9, DIFF LL_CACHE_MISS_RD: 5, MISS_RATE: 55.56%
[cur diff] DIFF L2D_CACHE_REFILL: 2
[cur diff] DIFF L2D_CACHE_INVAL: 0
[max diff] DIFF LL_CACHE_RD: 152, DIFF LL_CACHE_MISS_RD: 123, MISS_RATE: 80.92%
[max diff] DIFF L2D_CACHE_REFILL: 123
[max diff] DIFF L2D_CACHE_INVAL: 0

===========================================================
taskpendcnt:64823
t0:3250 ns
t1:5125 ns
t2:100625 ns
benchmark: Franka-derived Cartesian-impedance kernel, input trace:8, timer period:1.000 ms
controller source: franka_ros2 jazzy@73a1501d, updates:64845, SVD sweeps:5
pose error:[0.010000 0.015000 0.010000 -0.000000 0.049979 -0.000000]
tau[0:6]:[-2.781770 -1.613002 -1.930139 -1.581803 -1.382951 -0.390599 -0.663394]
kernel exec min/avg/max: 94.50 / 97.83 / 123.08 us, samples:64855
pressure status:1, copy rounds total/window:273/9, 3.98 rounds/s
pressure logical copy:2730.00 MiB total, approx 39.75 MiB/s, checksum:363551784960
pressure report window:2.263986 s
t0_region>
[1]:16883
[2]:15749
[3]:13132
[4]:4774
[5]:2287
[6]:1997
[7]:2034
[8]:1942
[9]:1589
[10]:1160
[11]:931
[12]:672
[13]:581
[14]:415
[15]:273
[16]:194
[17]:111
[18]:83
[19]:28
[20]:13
[21]:5
[22]:3
[24]:1
[25]:7
[26]:1
[27]:2
[28]:2
[30]:2
[31]:2
[32]:1
[33]:2
[35]:1
[36]:1

t1_region>
[2]:521
[3]:7582
[4]:7410
[5]:3953
[6]:5851
[7]:7904
[8]:7987
[9]:4949
[10]:2442
[11]:1196
[12]:949
[13]:882
[14]:888
[15]:836
[16]:943
[17]:1191
[18]:1059
[19]:874
[20]:717
[21]:630
[22]:625
[23]:612
[24]:591
[25]:512
[26]:473
[27]:483
[28]:429
[29]:357
[30]:326
[31]:329
[32]:284
[33]:230
[34]:218
[35]:173
[36]:160
[37]:106
[38]:72
[39]:39
[40]:30
[41]:19
[42]:18
[43]:8
[44]:8
[45]:6
[46]:7
[47]:3
[48]:2
[49]:2
[53]:1
[54]:1
[55]:1
[56]:1
[58]:2
[59]:3
[61]:2
[64]:3
[65]:2
[68]:3
[69]:2
[70]:1

t2_region>
[97]:332
[98]:4181
[99]:3112
[100]:5088
[101]:4113
[102]:3830
[103]:4889
[104]:5890
[105]:6699
[106]:4968
[107]:2781
[108]:1631
[109]:1333
[110]:1191
[111]:889
[112]:764
[113]:793
[114]:831
[115]:850
[116]:851
[117]:717
[118]:636
[119]:637
[120]:593
[121]:555
[122]:552
[123]:532
[124]:509
[125]:488
[126]:434
[127]:407
[128]:418
[129]:386
[130]:351
[131]:355
[132]:291
[133]:318
[134]:275
[135]:232
[136]:199
[137]:181
[138]:142
[139]:125
[140]:114
[141]:85
[142]:72
[143]:58
[144]:53
[145]:57
[146]:34
[147]:28
[148]:24
[149]:16
[150]:14
[151]:8
[152]:6
[153]:7
[154]:5
[156]:2
[157]:1
[159]:1
[160]:2
[161]:3
[163]:2
[165]:1
[166]:2
[167]:2
[168]:2
[170]:2
[172]:1
[173]:3
[174]:2
[177]:1
[179]:1

t0_min: 1.08 us, round:1998
t0_max: 36.33 us, round:33927
t0_jitter: 35.25 us

t1_min: 2.67 us, round:2027
t1_max: 70.46 us, round:33927
t1_jitter: 67.79 us

t2_min: 97.29 us, round:6326
t2_max: 179.25 us, round:33927
t2_jitter: 81.96 us

PMU diff samples: 65044
AVG DIFF LL_CACHE_RD: 100.17
AVG DIFF LL_CACHE_MISS_RD: 43.88
AVG DIFF L2D_CACHE_REFILL: 43.98
AVG DIFF L2D_CACHE_INVAL: 0.00
[cur diff] DIFF LL_CACHE_RD: 10, DIFF LL_CACHE_MISS_RD: 7, MISS_RATE: 70.00%
[cur diff] DIFF L2D_CACHE_REFILL: 3
[cur diff] DIFF L2D_CACHE_INVAL: 0
[max diff] DIFF LL_CACHE_RD: 152, DIFF LL_CACHE_MISS_RD: 123, MISS_RATE: 80.92%
[max diff] DIFF L2D_CACHE_REFILL: 123
[max diff] DIFF L2D_CACHE_INVAL: 0

===========================================================
taskpendcnt:67087
t0:2458 ns
t1:5208 ns
t2:101000 ns
benchmark: Franka-derived Cartesian-impedance kernel, input trace:8, timer period:1.000 ms
controller source: franka_ros2 jazzy@73a1501d, updates:67109, SVD sweeps:5
pose error:[0.010000 0.015000 0.010000 -0.000000 0.049979 -0.000000]
tau[0:6]:[-2.781770 -1.613002 -1.930139 -1.581803 -1.382951 -0.390599 -0.663394]
kernel exec min/avg/max: 94.50 / 97.81 / 123.08 us, samples:67119
pressure status:1, copy rounds total/window:283/10, 4.42 rounds/s
pressure logical copy:2830.00 MiB total, approx 44.17 MiB/s, checksum:376868700160
pressure report window:2.263994 s
t0_region>
[1]:17238
[2]:16585
[3]:13880
[4]:4984
[5]:2325
[6]:2010
[7]:2048
[8]:1970
[9]:1608
[10]:1163
[11]:931
[12]:672
[13]:581
[14]:415
[15]:273
[16]:194
[17]:111
[18]:83
[19]:28
[20]:13
[21]:5
[22]:3
[24]:1
[25]:7
[26]:1
[27]:2
[28]:2
[30]:2
[31]:2
[32]:1
[33]:2
[35]:1
[36]:1

t1_region>
[2]:534
[3]:7685
[4]:7566
[5]:4120
[6]:6176
[7]:8392
[8]:8489
[9]:5204
[10]:2544
[11]:1242
[12]:967
[13]:898
[14]:896
[15]:837
[16]:955
[17]:1211
[18]:1082
[19]:881
[20]:718
[21]:630
[22]:625
[23]:612
[24]:591
[25]:512
[26]:473
[27]:483
[28]:429
[29]:357
[30]:326
[31]:329
[32]:284
[33]:230
[34]:218
[35]:173
[36]:160
[37]:106
[38]:72
[39]:39
[40]:30
[41]:19
[42]:18
[43]:8
[44]:8
[45]:6
[46]:7
[47]:3
[48]:2
[49]:2
[53]:1
[54]:1
[55]:1
[56]:1
[58]:2
[59]:3
[61]:2
[64]:3
[65]:2
[68]:3
[69]:2
[70]:1

t2_region>
[97]:332
[98]:4198
[99]:3156
[100]:5205
[101]:4266
[102]:4044
[103]:5190
[104]:6253
[105]:7131
[106]:5216
[107]:2890
[108]:1693
[109]:1377
[110]:1240
[111]:920
[112]:776
[113]:799
[114]:843
[115]:867
[116]:867
[117]:726
[118]:637
[119]:639
[120]:596
[121]:558
[122]:552
[123]:532
[124]:509
[125]:488
[126]:434
[127]:407
[128]:418
[129]:386
[130]:351
[131]:355
[132]:291
[133]:318
[134]:275
[135]:232
[136]:199
[137]:181
[138]:142
[139]:125
[140]:114
[141]:85
[142]:72
[143]:58
[144]:53
[145]:57
[146]:34
[147]:28
[148]:24
[149]:16
[150]:14
[151]:8
[152]:6
[153]:7
[154]:5
[156]:2
[157]:1
[159]:1
[160]:2
[161]:3
[163]:2
[165]:1
[166]:2
[167]:2
[168]:2
[170]:2
[172]:1
[173]:3
[174]:2
[177]:1
[179]:1

t0_min: 1.08 us, round:1998
t0_max: 36.33 us, round:33927
t0_jitter: 35.25 us

t1_min: 2.67 us, round:2027
t1_max: 70.46 us, round:33927
t1_jitter: 67.79 us

t2_min: 97.29 us, round:6326
t2_max: 179.25 us, round:33927
t2_jitter: 81.96 us

PMU diff samples: 67308
AVG DIFF LL_CACHE_RD: 100.11
AVG DIFF LL_CACHE_MISS_RD: 43.82
AVG DIFF L2D_CACHE_REFILL: 43.91
AVG DIFF L2D_CACHE_INVAL: 0.00
[cur diff] DIFF LL_CACHE_RD: 3, DIFF LL_CACHE_MISS_RD: 3, MISS_RATE: 100.00%
[cur diff] DIFF L2D_CACHE_REFILL: 1
[cur diff] DIFF L2D_CACHE_INVAL: 0
[max diff] DIFF LL_CACHE_RD: 152, DIFF LL_CACHE_MISS_RD: 123, MISS_RATE: 80.92%
[max diff] DIFF L2D_CACHE_REFILL: 123
[max diff] DIFF L2D_CACHE_INVAL: 0

===========================================================
taskpendcnt:69351
t0:2833 ns
t1:5000 ns
t2:101375 ns
benchmark: Franka-derived Cartesian-impedance kernel, input trace:8, timer period:1.000 ms
controller source: franka_ros2 jazzy@73a1501d, updates:69373, SVD sweeps:5
pose error:[0.010000 0.015000 0.010000 -0.000000 0.049979 -0.000000]
tau[0:6]:[-2.781770 -1.613002 -1.930139 -1.581803 -1.382951 -0.390599 -0.663394]
kernel exec min/avg/max: 94.50 / 97.79 / 123.08 us, samples:69383
pressure status:1, copy rounds total/window:292/9, 3.98 rounds/s
pressure logical copy:2920.00 MiB total, approx 39.75 MiB/s, checksum:388853923840
pressure report window:2.263970 s
t0_region>
[1]:17613
[2]:17457
[3]:14625
[4]:5143
[5]:2340
[6]:2025
[7]:2067
[8]:2014
[9]:1623
[10]:1168
[11]:931
[12]:672
[13]:581
[14]:415
[15]:273
[16]:194
[17]:111
[18]:83
[19]:28
[20]:13
[21]:5
[22]:3
[24]:1
[25]:7
[26]:1
[27]:2
[28]:2
[30]:2
[31]:2
[32]:1
[33]:2
[35]:1
[36]:1

t1_region>
[2]:547
[3]:7793
[4]:7711
[5]:4281
[6]:6552
[7]:8870
[8]:8957
[9]:5486
[10]:2647
[11]:1264
[12]:975
[13]:900
[14]:904
[15]:844
[16]:971
[17]:1238
[18]:1113
[19]:888
[20]:720
[21]:630
[22]:625
[23]:612
[24]:591
[25]:512
[26]:473
[27]:483
[28]:429
[29]:357
[30]:326
[31]:329
[32]:284
[33]:230
[34]:218
[35]:173
[36]:160
[37]:106
[38]:72
[39]:39
[40]:30
[41]:19
[42]:18
[43]:8
[44]:8
[45]:6
[46]:7
[47]:3
[48]:2
[49]:2
[53]:1
[54]:1
[55]:1
[56]:1
[58]:2
[59]:3
[61]:2
[64]:3
[65]:2
[68]:3
[69]:2
[70]:1

t2_region>
[97]:332
[98]:4219
[99]:3198
[100]:5306
[101]:4429
[102]:4255
[103]:5488
[104]:6628
[105]:7530
[106]:5487
[107]:3006
[108]:1760
[109]:1443
[110]:1265
[111]:932
[112]:783
[113]:809
[114]:853
[115]:890
[116]:887
[117]:735
[118]:644
[119]:645
[120]:598
[121]:561
[122]:552
[123]:532
[124]:509
[125]:488
[126]:434
[127]:407
[128]:418
[129]:386
[130]:351
[131]:355
[132]:291
[133]:318
[134]:275
[135]:232
[136]:199
[137]:181
[138]:142
[139]:125
[140]:114
[141]:85
[142]:72
[143]:58
[144]:53
[145]:57
[146]:34
[147]:28
[148]:24
[149]:16
[150]:14
[151]:8
[152]:6
[153]:7
[154]:5
[156]:2
[157]:1
[159]:1
[160]:2
[161]:3
[163]:2
[165]:1
[166]:2
[167]:2
[168]:2
[170]:2
[172]:1
[173]:3
[174]:2
[177]:1
[179]:1

t0_min: 1.08 us, round:1998
t0_max: 36.33 us, round:33927
t0_jitter: 35.25 us

t1_min: 2.67 us, round:2027
t1_max: 70.46 us, round:33927
t1_jitter: 67.79 us

t2_min: 97.29 us, round:6326
t2_max: 179.25 us, round:33927
t2_jitter: 81.96 us

PMU diff samples: 69572
AVG DIFF LL_CACHE_RD: 100.06
AVG DIFF LL_CACHE_MISS_RD: 43.77
AVG DIFF L2D_CACHE_REFILL: 43.87
AVG DIFF L2D_CACHE_INVAL: 0.00
[cur diff] DIFF LL_CACHE_RD: 4, DIFF LL_CACHE_MISS_RD: 4, MISS_RATE: 100.00%
[cur diff] DIFF L2D_CACHE_REFILL: 1
[cur diff] DIFF L2D_CACHE_INVAL: 0
[max diff] DIFF LL_CACHE_RD: 152, DIFF LL_CACHE_MISS_RD: 123, MISS_RATE: 80.92%
[max diff] DIFF L2D_CACHE_REFILL: 123
[max diff] DIFF L2D_CACHE_INVAL: 0

===========================================================
taskpendcnt:71615
t0:2625 ns
t1:5083 ns
t2:100291 ns
benchmark: Franka-derived Cartesian-impedance kernel, input trace:8, timer period:1.000 ms
controller source: franka_ros2 jazzy@73a1501d, updates:71637, SVD sweeps:5
pose error:[0.010000 0.015000 0.010000 -0.000000 0.049979 -0.000000]
tau[0:6]:[-2.781770 -1.613002 -1.930139 -1.581803 -1.382951 -0.390599 -0.663394]
kernel exec min/avg/max: 94.50 / 97.77 / 123.08 us, samples:71647
pressure status:1, copy rounds total/window:302/10, 4.42 rounds/s
pressure logical copy:3020.00 MiB total, approx 44.17 MiB/s, checksum:402170839040
pressure report window:2.263996 s
t0_region>
[1]:17931
[2]:18375
[3]:15358
[4]:5320
[5]:2369
[6]:2032
[7]:2089
[8]:2059
[9]:1637
[10]:1169
[11]:931
[12]:672
[13]:581
[14]:415
[15]:273
[16]:194
[17]:111
[18]:83
[19]:28
[20]:13
[21]:5
[22]:3
[24]:1
[25]:7
[26]:1
[27]:2
[28]:2
[30]:2
[31]:2
[32]:1
[33]:2
[35]:1
[36]:1

t1_region>
[2]:557
[3]:7896
[4]:7851
[5]:4443
[6]:6910
[7]:9384
[8]:9445
[9]:5718
[10]:2760
[11]:1301
[12]:988
[13]:906
[14]:907
[15]:849
[16]:981
[17]:1275
[18]:1141
[19]:892
[20]:720
[21]:630
[22]:625
[23]:612
[24]:591
[25]:512
[26]:473
[27]:483
[28]:429
[29]:357
[30]:326
[31]:329
[32]:284
[33]:230
[34]:218
[35]:173
[36]:160
[37]:106
[38]:72
[39]:39
[40]:30
[41]:19
[42]:18
[43]:8
[44]:8
[45]:6
[46]:7
[47]:3
[48]:2
[49]:2
[53]:1
[54]:1
[55]:1
[56]:1
[58]:2
[59]:3
[61]:2
[64]:3
[65]:2
[68]:3
[69]:2
[70]:1

t2_region>
[97]:332
[98]:4241
[99]:3238
[100]:5399
[101]:4586
[102]:4459
[103]:5804
[104]:6977
[105]:7985
[106]:5722
[107]:3116
[108]:1811
[109]:1502
[110]:1320
[111]:958
[112]:790
[113]:815
[114]:862
[115]:921
[116]:909
[117]:739
[118]:648
[119]:647
[120]:602
[121]:563
[122]:552
[123]:532
[124]:509
[125]:488
[126]:434
[127]:407
[128]:418
[129]:386
[130]:351
[131]:355
[132]:291
[133]:318
[134]:275
[135]:232
[136]:199
[137]:181
[138]:142
[139]:125
[140]:114
[141]:85
[142]:72
[143]:58
[144]:53
[145]:57
[146]:34
[147]:28
[148]:24
[149]:16
[150]:14
[151]:8
[152]:6
[153]:7
[154]:5
[156]:2
[157]:1
[159]:1
[160]:2
[161]:3
[163]:2
[165]:1
[166]:2
[167]:2
[168]:2
[170]:2
[172]:1
[173]:3
[174]:2
[177]:1
[179]:1

t0_min: 1.08 us, round:1998
t0_max: 36.33 us, round:33927
t0_jitter: 35.25 us

t1_min: 2.67 us, round:2027
t1_max: 70.46 us, round:33927
t1_jitter: 67.79 us

t2_min: 97.29 us, round:6326
t2_max: 179.25 us, round:33927
t2_jitter: 81.96 us

PMU diff samples: 71836
AVG DIFF LL_CACHE_RD: 100.07
AVG DIFF LL_CACHE_MISS_RD: 43.74
AVG DIFF L2D_CACHE_REFILL: 43.83
AVG DIFF L2D_CACHE_INVAL: 0.00
[cur diff] DIFF LL_CACHE_RD: 10, DIFF LL_CACHE_MISS_RD: 6, MISS_RATE: 60.00%
[cur diff] DIFF L2D_CACHE_REFILL: 1
[cur diff] DIFF L2D_CACHE_INVAL: 0
[max diff] DIFF LL_CACHE_RD: 152, DIFF LL_CACHE_MISS_RD: 123, MISS_RATE: 80.92%
[max diff] DIFF L2D_CACHE_REFILL: 123
[max diff] DIFF L2D_CACHE_INVAL: 0

===========================================================
taskpendcnt:73879
t0:2416 ns
t1:4000 ns
t2:100958 ns
benchmark: Franka-derived Cartesian-impedance kernel, input trace:8, timer period:1.000 ms
controller source: franka_ros2 jazzy@73a1501d, updates:73901, SVD sweeps:5
pose error:[0.010000 0.015000 0.010000 -0.000000 0.049979 -0.000000]
tau[0:6]:[-2.781770 -1.613002 -1.930139 -1.581803 -1.382951 -0.390599 -0.663394]
kernel exec min/avg/max: 94.50 / 97.76 / 123.08 us, samples:73911
pressure status:1, copy rounds total/window:312/10, 4.42 rounds/s
pressure logical copy:3120.00 MiB total, approx 44.17 MiB/s, checksum:415487754240
pressure report window:2.263990 s
t0_region>
[1]:18269
[2]:19269
[3]:16090
[4]:5517
[5]:2388
[6]:2050
[7]:2105
[8]:2091
[9]:1654
[10]:1170
[11]:931
[12]:672
[13]:581
[14]:415
[15]:273
[16]:194
[17]:111
[18]:83
[19]:28
[20]:13
[21]:5
[22]:3
[24]:1
[25]:7
[26]:1
[27]:2
[28]:2
[30]:2
[31]:2
[32]:1
[33]:2
[35]:1
[36]:1

t1_region>
[2]:568
[3]:8003
[4]:7992
[5]:4616
[6]:7251
[7]:9875
[8]:9949
[9]:5993
[10]:2863
[11]:1328
[12]:995
[13]:913
[14]:916
[15]:853
[16]:996
[17]:1296
[18]:1165
[19]:898
[20]:720
[21]:630
[22]:625
[23]:612
[24]:591
[25]:512
[26]:473
[27]:483
[28]:429
[29]:357
[30]:326
[31]:329
[32]:284
[33]:230
[34]:218
[35]:173
[36]:160
[37]:106
[38]:72
[39]:39
[40]:30
[41]:19
[42]:18
[43]:8
[44]:8
[45]:6
[46]:7
[47]:3
[48]:2
[49]:2
[53]:1
[54]:1
[55]:1
[56]:1
[58]:2
[59]:3
[61]:2
[64]:3
[65]:2
[68]:3
[69]:2
[70]:1

t2_region>
[97]:332
[98]:4262
[99]:3276
[100]:5500
[101]:4751
[102]:4646
[103]:6104
[104]:7337
[105]:8430
[106]:6002
[107]:3232
[108]:1853
[109]:1548
[110]:1368
[111]:987
[112]:805
[113]:826
[114]:875
[115]:939
[116]:922
[117]:746
[118]:651
[119]:650
[120]:604
[121]:565
[122]:552
[123]:532
[124]:509
[125]:488
[126]:434
[127]:407
[128]:418
[129]:386
[130]:351
[131]:355
[132]:291
[133]:318
[134]:275
[135]:232
[136]:199
[137]:181
[138]:142
[139]:125
[140]:114
[141]:85
[142]:72
[143]:58
[144]:53
[145]:57
[146]:34
[147]:28
[148]:24
[149]:16
[150]:14
[151]:8
[152]:6
[153]:7
[154]:5
[156]:2
[157]:1
[159]:1
[160]:2
[161]:3
[163]:2
[165]:1
[166]:2
[167]:2
[168]:2
[170]:2
[172]:1
[173]:3
[174]:2
[177]:1
[179]:1

t0_min: 1.08 us, round:1998
t0_max: 36.33 us, round:33927
t0_jitter: 35.25 us

t1_min: 2.67 us, round:2027
t1_max: 70.46 us, round:33927
t1_jitter: 67.79 us

t2_min: 97.29 us, round:6326
t2_max: 179.25 us, round:33927
t2_jitter: 81.96 us

PMU diff samples: 74100
AVG DIFF LL_CACHE_RD: 100.03
AVG DIFF LL_CACHE_MISS_RD: 43.70
AVG DIFF L2D_CACHE_REFILL: 43.80
AVG DIFF L2D_CACHE_INVAL: 0.00
[cur diff] DIFF LL_CACHE_RD: 10, DIFF LL_CACHE_MISS_RD: 7, MISS_RATE: 70.00%
[cur diff] DIFF L2D_CACHE_REFILL: 3
[cur diff] DIFF L2D_CACHE_INVAL: 0
[max diff] DIFF LL_CACHE_RD: 152, DIFF LL_CACHE_MISS_RD: 123, MISS_RATE: 80.92%
[max diff] DIFF L2D_CACHE_REFILL: 123
[max diff] DIFF L2D_CACHE_INVAL: 0

===========================================================
taskpendcnt:76143
t0:2208 ns
t1:4958 ns
t2:101625 ns
benchmark: Franka-derived Cartesian-impedance kernel, input trace:8, timer period:1.000 ms
controller source: franka_ros2 jazzy@73a1501d, updates:76165, SVD sweeps:5
pose error:[0.010000 0.015000 0.010000 -0.000000 0.049979 -0.000000]
tau[0:6]:[-2.781770 -1.613002 -1.930139 -1.581803 -1.382951 -0.390599 -0.663394]
kernel exec min/avg/max: 94.50 / 97.74 / 123.08 us, samples:76175
pressure status:1, copy rounds total/window:321/9, 3.98 rounds/s
pressure logical copy:3210.00 MiB total, approx 39.75 MiB/s, checksum:427472977920
pressure report window:2.264006 s
t0_region>
[1]:18614
[2]:20134
[3]:16842
[4]:5696
[5]:2415
[6]:2062
[7]:2125
[8]:2129
[9]:1679
[10]:1171
[11]:931
[12]:672
[13]:581
[14]:415
[15]:273
[16]:194
[17]:111
[18]:83
[19]:28
[20]:13
[21]:5
[22]:3
[24]:1
[25]:7
[26]:1
[27]:2
[28]:2
[30]:2
[31]:2
[32]:1
[33]:2
[35]:1
[36]:1

t1_region>
[2]:580
[3]:8116
[4]:8133
[5]:4786
[6]:7594
[7]:10338
[8]:10466
[9]:6256
[10]:2969
[11]:1360
[12]:999
[13]:917
[14]:920
[15]:861
[16]:1011
[17]:1328
[18]:1189
[19]:911
[20]:720
[21]:630
[22]:625
[23]:612
[24]:591
[25]:512
[26]:473
[27]:483
[28]:429
[29]:357
[30]:326
[31]:329
[32]:284
[33]:230
[34]:218
[35]:173
[36]:160
[37]:106
[38]:72
[39]:39
[40]:30
[41]:19
[42]:18
[43]:8
[44]:8
[45]:6
[46]:7
[47]:3
[48]:2
[49]:2
[53]:1
[54]:1
[55]:1
[56]:1
[58]:2
[59]:3
[61]:2
[64]:3
[65]:2
[68]:3
[69]:2
[70]:1

t2_region>
[97]:332
[98]:4281
[99]:3323
[100]:5609
[101]:4902
[102]:4872
[103]:6400
[104]:7673
[105]:8827
[106]:6315
[107]:3346
[108]:1913
[109]:1587
[110]:1402
[111]:1006
[112]:820
[113]:832
[114]:892
[115]:963
[116]:941
[117]:749
[118]:657
[119]:656
[120]:609
[121]:567
[122]:552
[123]:532
[124]:509
[125]:488
[126]:434
[127]:407
[128]:418
[129]:386
[130]:351
[131]:355
[132]:291
[133]:318
[134]:275
[135]:232
[136]:199
[137]:181
[138]:142
[139]:125
[140]:114
[141]:85
[142]:72
[143]:58
[144]:53
[145]:57
[146]:34
[147]:28
[148]:24
[149]:16
[150]:14
[151]:8
[152]:6
[153]:7
[154]:5
[156]:2
[157]:1
[159]:1
[160]:2
[161]:3
[163]:2
[165]:1
[166]:2
[167]:2
[168]:2
[170]:2
[172]:1
[173]:3
[174]:2
[177]:1
[179]:1

t0_min: 1.08 us, round:1998
t0_max: 36.33 us, round:33927
t0_jitter: 35.25 us

t1_min: 2.67 us, round:2027
t1_max: 70.46 us, round:33927
t1_jitter: 67.79 us

t2_min: 97.29 us, round:6326
t2_max: 179.25 us, round:33927
t2_jitter: 81.96 us

PMU diff samples: 76364
AVG DIFF LL_CACHE_RD: 100.00
AVG DIFF LL_CACHE_MISS_RD: 43.67
AVG DIFF L2D_CACHE_REFILL: 43.77
AVG DIFF L2D_CACHE_INVAL: 0.00
[cur diff] DIFF LL_CACHE_RD: 13, DIFF LL_CACHE_MISS_RD: 9, MISS_RATE: 69.23%
[cur diff] DIFF L2D_CACHE_REFILL: 3
[cur diff] DIFF L2D_CACHE_INVAL: 0
[max diff] DIFF LL_CACHE_RD: 152, DIFF LL_CACHE_MISS_RD: 123, MISS_RATE: 80.92%
[max diff] DIFF L2D_CACHE_REFILL: 123
[max diff] DIFF L2D_CACHE_INVAL: 0

===========================================================
taskpendcnt:78407
t0:2583 ns
t1:5041 ns
t2:102583 ns
benchmark: Franka-derived Cartesian-impedance kernel, input trace:8, timer period:1.000 ms
controller source: franka_ros2 jazzy@73a1501d, updates:78429, SVD sweeps:5
pose error:[0.010000 0.015000 0.010000 -0.000000 0.049979 -0.000000]
tau[0:6]:[-2.781770 -1.613002 -1.930139 -1.581803 -1.382951 -0.390599 -0.663394]
kernel exec min/avg/max: 94.50 / 97.73 / 123.08 us, samples:78439
pressure status:1, copy rounds total/window:331/10, 4.42 rounds/s
pressure logical copy:3310.00 MiB total, approx 44.17 MiB/s, checksum:440789893120
pressure report window:2.264004 s
t0_region>
[1]:18986
[2]:21020
[3]:17573
[4]:5868
[5]:2438
[6]:2065
[7]:2149
[8]:2166
[9]:1696
[10]:1171
[11]:931
[12]:672
[13]:581
[14]:415
[15]:273
[16]:194
[17]:111
[18]:83
[19]:28
[20]:13
[21]:5
[22]:3
[24]:1
[25]:7
[26]:1
[27]:2
[28]:2
[30]:2
[31]:2
[32]:1
[33]:2
[35]:1
[36]:1

t1_region>
[2]:595
[3]:8220
[4]:8278
[5]:4966
[6]:7963
[7]:10814
[8]:10943
[9]:6527
[10]:3073
[11]:1391
[12]:1003
[13]:919
[14]:922
[15]:870
[16]:1025
[17]:1354
[18]:1216
[19]:916
[20]:720
[21]:632
[22]:625
[23]:612
[24]:591
[25]:512
[26]:473
[27]:483
[28]:429
[29]:357
[30]:326
[31]:329
[32]:284
[33]:230
[34]:218
[35]:173
[36]:160
[37]:106
[38]:72
[39]:39
[40]:30
[41]:19
[42]:18
[43]:8
[44]:8
[45]:6
[46]:7
[47]:3
[48]:2
[49]:2
[53]:1
[54]:1
[55]:1
[56]:1
[58]:2
[59]:3
[61]:2
[64]:3
[65]:2
[68]:3
[69]:2
[70]:1

t2_region>
[97]:332
[98]:4304
[99]:3370
[100]:5723
[101]:5058
[102]:5105
[103]:6683
[104]:8057
[105]:9259
[106]:6537
[107]:3444
[108]:1977
[109]:1641
[110]:1448
[111]:1026
[112]:829
[113]:840
[114]:913
[115]:983
[116]:961
[117]:753
[118]:659
[119]:660
[120]:610
[121]:568
[122]:552
[123]:532
[124]:509
[125]:488
[126]:434
[127]:407
[128]:418
[129]:386
[130]:351
[131]:355
[132]:291
[133]:318
[134]:275
[135]:232
[136]:199
[137]:181
[138]:142
[139]:125
[140]:114
[141]:85
[142]:72
[143]:58
[144]:53
[145]:57
[146]:34
[147]:28
[148]:24
[149]:16
[150]:14
[151]:8
[152]:6
[153]:7
[154]:5
[156]:2
[157]:1
[159]:1
[160]:2
[161]:3
[163]:2
[165]:1
[166]:2
[167]:2
[168]:2
[170]:2
[172]:1
[173]:3
[174]:2
[177]:1
[179]:1

t0_min: 1.08 us, round:1998
t0_max: 36.33 us, round:33927
t0_jitter: 35.25 us

t1_min: 2.67 us, round:2027
t1_max: 70.46 us, round:33927
t1_jitter: 67.79 us

t2_min: 97.29 us, round:6326
t2_max: 179.25 us, round:33927
t2_jitter: 81.96 us

PMU diff samples: 78629
AVG DIFF LL_CACHE_RD: 99.98
AVG DIFF LL_CACHE_MISS_RD: 43.62
AVG DIFF L2D_CACHE_REFILL: 43.72
AVG DIFF L2D_CACHE_INVAL: 0.00
[cur diff] DIFF LL_CACHE_RD: 8, DIFF LL_CACHE_MISS_RD: 7, MISS_RATE: 87.50%
[cur diff] DIFF L2D_CACHE_REFILL: 2
[cur diff] DIFF L2D_CACHE_INVAL: 0
[max diff] DIFF LL_CACHE_RD: 152, DIFF LL_CACHE_MISS_RD: 123, MISS_RATE: 80.92%
[max diff] DIFF L2D_CACHE_REFILL: 123
[max diff] DIFF L2D_CACHE_INVAL: 0

===========================================================
taskpendcnt:80671
t0:2958 ns
t1:4541 ns
t2:101791 ns
benchmark: Franka-derived Cartesian-impedance kernel, input trace:8, timer period:1.000 ms
controller source: franka_ros2 jazzy@73a1501d, updates:80693, SVD sweeps:5
pose error:[0.010000 0.015000 0.010000 -0.000000 0.049979 -0.000000]
tau[0:6]:[-2.781770 -1.613002 -1.930139 -1.581803 -1.382951 -0.390599 -0.663394]
kernel exec min/avg/max: 94.50 / 97.71 / 123.08 us, samples:80703
pressure status:1, copy rounds total/window:341/10, 4.42 rounds/s
pressure logical copy:3410.00 MiB total, approx 44.17 MiB/s, checksum:454106808320
pressure report window:2.263991 s
t0_region>
[1]:19350
[2]:21911
[3]:18307
[4]:6032
[5]:2464
[6]:2073
[7]:2172
[8]:2202
[9]:1713
[10]:1171
[11]:931
[12]:672
[13]:581
[14]:415
[15]:273
[16]:194
[17]:111
[18]:83
[19]:28
[20]:13
[21]:5
[22]:3
[24]:1
[25]:7
[26]:1
[27]:2
[28]:2
[30]:2
[31]:2
[32]:1
[33]:2
[35]:1
[36]:1

t1_region>
[2]:609
[3]:8312
[4]:8442
[5]:5136
[6]:8278
[7]:11352
[8]:11435
[9]:6766
[10]:3176
[11]:1422
[12]:1019
[13]:928
[14]:925
[15]:875
[16]:1038
[17]:1383
[18]:1240
[19]:922
[20]:720
[21]:632
[22]:626
[23]:612
[24]:591
[25]:512
[26]:473
[27]:483
[28]:429
[29]:357
[30]:326
[31]:329
[32]:284
[33]:230
[34]:218
[35]:173
[36]:160
[37]:106
[38]:72
[39]:39
[40]:30
[41]:19
[42]:18
[43]:8
[44]:8
[45]:6
[46]:7
[47]:3
[48]:2
[49]:2
[53]:1
[54]:1
[55]:1
[56]:1
[58]:2
[59]:3
[61]:2
[64]:3
[65]:2
[68]:3
[69]:2
[70]:1

t2_region>
[97]:332
[98]:4323
[99]:3408
[100]:5837
[101]:5219
[102]:5313
[103]:6973
[104]:8439
[105]:9673
[106]:6823
[107]:3559
[108]:2033
[109]:1676
[110]:1481
[111]:1046
[112]:840
[113]:849
[114]:925
[115]:1012
[116]:975
[117]:759
[118]:663
[119]:666
[120]:612
[121]:568
[122]:552
[123]:532
[124]:509
[125]:488
[126]:434
[127]:407
[128]:418
[129]:386
[130]:351
[131]:355
[132]:291
[133]:318
[134]:275
[135]:232
[136]:199
[137]:181
[138]:142
[139]:125
[140]:114
[141]:85
[142]:72
[143]:58
[144]:53
[145]:57
[146]:34
[147]:28
[148]:24
[149]:16
[150]:14
[151]:8
[152]:6
[153]:7
[154]:5
[156]:2
[157]:1
[159]:1
[160]:2
[161]:3
[163]:2
[165]:1
[166]:2
[167]:2
[168]:2
[170]:2
[172]:1
[173]:3
[174]:2
[177]:1
[179]:1

t0_min: 1.08 us, round:1998
t0_max: 36.33 us, round:33927
t0_jitter: 35.25 us

t1_min: 2.67 us, round:2027
t1_max: 70.46 us, round:33927
t1_jitter: 67.79 us

t2_min: 97.29 us, round:6326
t2_max: 179.25 us, round:33927
t2_jitter: 81.96 us

PMU diff samples: 80893
AVG DIFF LL_CACHE_RD: 99.90
AVG DIFF LL_CACHE_MISS_RD: 43.58
AVG DIFF L2D_CACHE_REFILL: 43.68
AVG DIFF L2D_CACHE_INVAL: 0.00
[cur diff] DIFF LL_CACHE_RD: 6, DIFF LL_CACHE_MISS_RD: 3, MISS_RATE: 50.00%
[cur diff] DIFF L2D_CACHE_REFILL: 3
[cur diff] DIFF L2D_CACHE_INVAL: 0
[max diff] DIFF LL_CACHE_RD: 152, DIFF LL_CACHE_MISS_RD: 123, MISS_RATE: 80.92%
[max diff] DIFF L2D_CACHE_REFILL: 123
[max diff] DIFF L2D_CACHE_INVAL: 0

===========================================================
taskpendcnt:82935
t0:1875 ns
t1:5208 ns
t2:101875 ns
benchmark: Franka-derived Cartesian-impedance kernel, input trace:8, timer period:1.000 ms
controller source: franka_ros2 jazzy@73a1501d, updates:82957, SVD sweeps:5
pose error:[0.010000 0.015000 0.010000 -0.000000 0.049979 -0.000000]
tau[0:6]:[-2.781770 -1.613002 -1.930139 -1.581803 -1.382951 -0.390599 -0.663394]
kernel exec min/avg/max: 94.50 / 97.70 / 123.08 us, samples:82967
pressure status:1, copy rounds total/window:350/9, 3.98 rounds/s
pressure logical copy:3500.00 MiB total, approx 39.75 MiB/s, checksum:466092032000
pressure report window:2.264001 s
t0_region>
[1]:19686
[2]:22821
[3]:19045
[4]:6206
[5]:2474
[6]:2085
[7]:2196
[8]:2243
[9]:1730
[10]:1173
[11]:931
[12]:672
[13]:581
[14]:415
[15]:273
[16]:194
[17]:111
[18]:83
[19]:28
[20]:13
[21]:5
[22]:3
[24]:1
[25]:7
[26]:1
[27]:2
[28]:2
[30]:2
[31]:2
[32]:1
[33]:2
[35]:1
[36]:1

t1_region>
[2]:621
[3]:8421
[4]:8582
[5]:5313
[6]:8606
[7]:11839
[8]:11963
[9]:7037
[10]:3265
[11]:1441
[12]:1029
[13]:929
[14]:929
[15]:884
[16]:1055
[17]:1423
[18]:1259
[19]:926
[20]:721
[21]:632
[22]:626
[23]:612
[24]:591
[25]:512
[26]:473
[27]:483
[28]:429
[29]:357
[30]:326
[31]:329
[32]:284
[33]:230
[34]:218
[35]:173
[36]:160
[37]:106
[38]:72
[39]:39
[40]:30
[41]:19
[42]:18
[43]:8
[44]:8
[45]:6
[46]:7
[47]:3
[48]:2
[49]:2
[53]:1
[54]:1
[55]:1
[56]:1
[58]:2
[59]:3
[61]:2
[64]:3
[65]:2
[68]:3
[69]:2
[70]:1

t2_region>
[97]:332
[98]:4344
[99]:3451
[100]:5942
[101]:5376
[102]:5518
[103]:7258
[104]:8809
[105]:10116
[106]:7086
[107]:3676
[108]:2091
[109]:1735
[110]:1511
[111]:1059
[112]:845
[113]:855
[114]:951
[115]:1034
[116]:990
[117]:764
[118]:667
[119]:669
[120]:619
[121]:569
[122]:552
[123]:533
[124]:509
[125]:488
[126]:434
[127]:407
[128]:418
[129]:386
[130]:351
[131]:355
[132]:291
[133]:318
[134]:275
[135]:232
[136]:199
[137]:181
[138]:142
[139]:125
[140]:114
[141]:85
[142]:72
[143]:58
[144]:53
[145]:57
[146]:34
[147]:28
[148]:24
[149]:16
[150]:14
[151]:8
[152]:6
[153]:7
[154]:5
[156]:2
[157]:1
[159]:1
[160]:2
[161]:3
[163]:2
[165]:1
[166]:2
[167]:2
[168]:2
[170]:2
[172]:1
[173]:3
[174]:2
[177]:1
[179]:1

t0_min: 1.08 us, round:1998
t0_max: 36.33 us, round:33927
t0_jitter: 35.25 us

t1_min: 2.67 us, round:2027
t1_max: 70.46 us, round:33927
t1_jitter: 67.79 us

t2_min: 97.29 us, round:6326
t2_max: 179.25 us, round:33927
t2_jitter: 81.96 us

PMU diff samples: 83157
AVG DIFF LL_CACHE_RD: 99.90
AVG DIFF LL_CACHE_MISS_RD: 43.56
AVG DIFF L2D_CACHE_REFILL: 43.66
AVG DIFF L2D_CACHE_INVAL: 0.00
[cur diff] DIFF LL_CACHE_RD: 9, DIFF LL_CACHE_MISS_RD: 7, MISS_RATE: 77.78%
[cur diff] DIFF L2D_CACHE_REFILL: 1
[cur diff] DIFF L2D_CACHE_INVAL: 0
[max diff] DIFF LL_CACHE_RD: 152, DIFF LL_CACHE_MISS_RD: 123, MISS_RATE: 80.92%
[max diff] DIFF L2D_CACHE_REFILL: 123
[max diff] DIFF L2D_CACHE_INVAL: 0

===========================================================
taskpendcnt:85199
t0:2541 ns
t1:5291 ns
t2:101083 ns
benchmark: Franka-derived Cartesian-impedance kernel, input trace:8, timer period:1.000 ms
controller source: franka_ros2 jazzy@73a1501d, updates:85221, SVD sweeps:5
pose error:[0.010000 0.015000 0.010000 -0.000000 0.049979 -0.000000]
tau[0:6]:[-2.781770 -1.613002 -1.930139 -1.581803 -1.382951 -0.390599 -0.663394]
kernel exec min/avg/max: 94.50 / 97.68 / 123.08 us, samples:85231
pressure status:1, copy rounds total/window:360/10, 4.42 rounds/s
pressure logical copy:3600.00 MiB total, approx 44.17 MiB/s, checksum:479408947200
pressure report window:2.264001 s
t0_region>
[1]:20070
[2]:23705
[3]:19761
[4]:6385
[5]:2491
[6]:2095
[7]:2217
[8]:2275
[9]:1751
[10]:1174
[11]:931
[12]:672
[13]:581
[14]:415
[15]:273
[16]:194
[17]:111
[18]:83
[19]:28
[20]:13
[21]:5
[22]:3
[24]:1
[25]:7
[26]:1
[27]:2
[28]:2
[30]:2
[31]:2
[32]:1
[33]:2
[35]:1
[36]:1

t1_region>
[2]:632
[3]:8540
[4]:8728
[5]:5493
[6]:8950
[7]:12339
[8]:12420
[9]:7290
[10]:3385
[11]:1478
[12]:1038
[13]:931
[14]:934
[15]:893
[16]:1065
[17]:1456
[18]:1282
[19]:930
[20]:721
[21]:632
[22]:627
[23]:612
[24]:591
[25]:512
[26]:473
[27]:483
[28]:429
[29]:357
[30]:326
[31]:329
[32]:284
[33]:230
[34]:218
[35]:173
[36]:160
[37]:106
[38]:72
[39]:39
[40]:30
[41]:19
[42]:18
[43]:8
[44]:8
[45]:6
[46]:7
[47]:3
[48]:2
[49]:2
[53]:1
[54]:1
[55]:1
[56]:1
[58]:2
[59]:3
[61]:2
[64]:3
[65]:2
[68]:3
[69]:2
[70]:1

t2_region>
[97]:332
[98]:4364
[99]:3496
[100]:6057
[101]:5531
[102]:5719
[103]:7567
[104]:9195
[105]:10484
[106]:7348
[107]:3810
[108]:2141
[109]:1790
[110]:1563
[111]:1078
[112]:856
[113]:866
[114]:966
[115]:1054
[116]:1010
[117]:772
[118]:667
[119]:672
[120]:622
[121]:570
[122]:552
[123]:533
[124]:509
[125]:488
[126]:434
[127]:407
[128]:418
[129]:386
[130]:351
[131]:355
[132]:291
[133]:318
[134]:275
[135]:232
[136]:199
[137]:181
[138]:142
[139]:125
[140]:114
[141]:85
[142]:72
[143]:58
[144]:53
[145]:57
[146]:34
[147]:28
[148]:24
[149]:16
[150]:14
[151]:8
[152]:6
[153]:7
[154]:5
[156]:2
[157]:1
[159]:1
[160]:2
[161]:3
[163]:2
[165]:1
[166]:2
[167]:2
[168]:2
[170]:2
[172]:1
[173]:3
[174]:2
[177]:1
[179]:1

t0_min: 1.08 us, round:1998
t0_max: 36.33 us, round:33927
t0_jitter: 35.25 us

t1_min: 2.67 us, round:2027
t1_max: 70.46 us, round:33927
t1_jitter: 67.79 us

t2_min: 97.29 us, round:6326
t2_max: 179.25 us, round:33927
t2_jitter: 81.96 us

PMU diff samples: 85421
AVG DIFF LL_CACHE_RD: 99.88
AVG DIFF LL_CACHE_MISS_RD: 43.52
AVG DIFF L2D_CACHE_REFILL: 43.62
AVG DIFF L2D_CACHE_INVAL: 0.00
[cur diff] DIFF LL_CACHE_RD: 8, DIFF LL_CACHE_MISS_RD: 7, MISS_RATE: 87.50%
[cur diff] DIFF L2D_CACHE_REFILL: 2
[cur diff] DIFF L2D_CACHE_INVAL: 0
[max diff] DIFF LL_CACHE_RD: 152, DIFF LL_CACHE_MISS_RD: 123, MISS_RATE: 80.92%
[max diff] DIFF L2D_CACHE_REFILL: 123
[max diff] DIFF L2D_CACHE_INVAL: 0

===========================================================
taskpendcnt:87463
t0:2625 ns
t1:4500 ns
t2:100875 ns
benchmark: Franka-derived Cartesian-impedance kernel, input trace:8, timer period:1.000 ms
controller source: franka_ros2 jazzy@73a1501d, updates:87485, SVD sweeps:5
pose error:[0.010000 0.015000 0.010000 -0.000000 0.049979 -0.000000]
tau[0:6]:[-2.781770 -1.613002 -1.930139 -1.581803 -1.382951 -0.390599 -0.663394]
kernel exec min/avg/max: 94.50 / 97.67 / 123.08 us, samples:87495
pressure status:1, copy rounds total/window:369/9, 3.98 rounds/s
pressure logical copy:3690.00 MiB total, approx 39.75 MiB/s, checksum:491394170880
pressure report window:2.263997 s
t0_region>
[1]:20413
[2]:24603
[3]:20513
[4]:6546
[5]:2513
[6]:2109
[7]:2240
[8]:2302
[9]:1771
[10]:1178
[11]:931
[12]:672
[13]:581
[14]:415
[15]:273
[16]:194
[17]:111
[18]:83
[19]:28
[20]:13
[21]:5
[22]:3
[24]:1
[25]:7
[26]:1
[27]:2
[28]:2
[30]:2
[31]:2
[32]:1
[33]:2
[35]:1
[36]:1

t1_region>
[2]:641
[3]:8655
[4]:8863
[5]:5656
[6]:9309
[7]:12852
[8]:12921
[9]:7537
[10]:3481
[11]:1499
[12]:1051
[13]:933
[14]:939
[15]:900
[16]:1086
[17]:1475
[18]:1307
[19]:937
[20]:724
[21]:634
[22]:628
[23]:612
[24]:591
[25]:512
[26]:473
[27]:483
[28]:429
[29]:357
[30]:326
[31]:329
[32]:284
[33]:230
[34]:218
[35]:173
[36]:160
[37]:106
[38]:72
[39]:39
[40]:30
[41]:19
[42]:18
[43]:8
[44]:8
[45]:6
[46]:7
[47]:3
[48]:2
[49]:2
[53]:1
[54]:1
[55]:1
[56]:1
[58]:2
[59]:3
[61]:2
[64]:3
[65]:2
[68]:3
[69]:2
[70]:1

t2_region>
[97]:332
[98]:4383
[99]:3543
[100]:6160
[101]:5681
[102]:5913
[103]:7858
[104]:9560
[105]:10952
[106]:7618
[107]:3921
[108]:2200
[109]:1842
[110]:1598
[111]:1085
[112]:865
[113]:876
[114]:986
[115]:1073
[116]:1025
[117]:782
[118]:674
[119]:672
[120]:625
[121]:570
[122]:552
[123]:533
[124]:509
[125]:488
[126]:434
[127]:407
[128]:418
[129]:386
[130]:351
[131]:355
[132]:291
[133]:318
[134]:275
[135]:232
[136]:199
[137]:181
[138]:142
[139]:125
[140]:114
[141]:85
[142]:72
[143]:58
[144]:53
[145]:57
[146]:34
[147]:28
[148]:24
[149]:16
[150]:14
[151]:8
[152]:6
[153]:7
[154]:5
[156]:2
[157]:1
[159]:1
[160]:2
[161]:3
[163]:2
[165]:1
[166]:2
[167]:2
[168]:2
[170]:2
[172]:1
[173]:3
[174]:2
[177]:1
[179]:1

t0_min: 1.08 us, round:1998
t0_max: 36.33 us, round:33927
t0_jitter: 35.25 us

t1_min: 2.67 us, round:2027
t1_max: 70.46 us, round:33927
t1_jitter: 67.79 us

t2_min: 97.29 us, round:6326
t2_max: 179.25 us, round:33927
t2_jitter: 81.96 us

PMU diff samples: 87685
AVG DIFF LL_CACHE_RD: 99.83
AVG DIFF LL_CACHE_MISS_RD: 43.49
AVG DIFF L2D_CACHE_REFILL: 43.59
AVG DIFF L2D_CACHE_INVAL: 0.00
[cur diff] DIFF LL_CACHE_RD: 8, DIFF LL_CACHE_MISS_RD: 6, MISS_RATE: 75.00%
[cur diff] DIFF L2D_CACHE_REFILL: 3
[cur diff] DIFF L2D_CACHE_INVAL: 0
[max diff] DIFF LL_CACHE_RD: 152, DIFF LL_CACHE_MISS_RD: 123, MISS_RATE: 80.92%
[max diff] DIFF L2D_CACHE_REFILL: 123
[max diff] DIFF L2D_CACHE_INVAL: 0

===========================================================
taskpendcnt:89727
t0:3291 ns
t1:5458 ns
t2:100666 ns
benchmark: Franka-derived Cartesian-impedance kernel, input trace:8, timer period:1.000 ms
controller source: franka_ros2 jazzy@73a1501d, updates:89749, SVD sweeps:5
pose error:[0.010000 0.015000 0.010000 -0.000000 0.049979 -0.000000]
tau[0:6]:[-2.781770 -1.613002 -1.930139 -1.581803 -1.382951 -0.390599 -0.663394]
kernel exec min/avg/max: 94.50 / 97.66 / 123.08 us, samples:89759
pressure status:1, copy rounds total/window:379/10, 4.42 rounds/s
pressure logical copy:3790.00 MiB total, approx 44.17 MiB/s, checksum:504711086080
pressure report window:2.264044 s
t0_region>
[1]:20792
[2]:25441
[3]:21235
[4]:6754
[5]:2541
[6]:2115
[7]:2264
[8]:2338
[9]:1791
[10]:1180
[11]:931
[12]:672
[13]:581
[14]:415
[15]:273
[16]:194
[17]:111
[18]:83
[19]:28
[20]:13
[21]:5
[22]:3
[24]:1
[25]:7
[26]:1
[27]:2
[28]:2
[30]:2
[31]:2
[32]:1
[33]:2
[35]:1
[36]:1

t1_region>
[2]:651
[3]:8770
[4]:9008
[5]:5843
[6]:9643
[7]:13306
[8]:13396
[9]:7833
[10]:3580
[11]:1540
[12]:1062
[13]:942
[14]:942
[15]:904
[16]:1103
[17]:1504
[18]:1332
[19]:946
[20]:725
[21]:634
[22]:628
[23]:612
[24]:591
[25]:512
[26]:473
[27]:483
[28]:429
[29]:357
[30]:326
[31]:329
[32]:284
[33]:230
[34]:218
[35]:173
[36]:160
[37]:106
[38]:72
[39]:39
[40]:30
[41]:19
[42]:18
[43]:8
[44]:8
[45]:6
[46]:7
[47]:3
[48]:2
[49]:2
[53]:1
[54]:1
[55]:1
[56]:1
[58]:2
[59]:3
[61]:2
[64]:3
[65]:2
[68]:3
[69]:2
[70]:1

t2_region>
[97]:332
[98]:4400
[99]:3593
[100]:6272
[101]:5849
[102]:6114
[103]:8135
[104]:9920
[105]:11363
[106]:7880
[107]:4017
[108]:2269
[109]:1901
[110]:1653
[111]:1114
[112]:879
[113]:883
[114]:1006
[115]:1106
[116]:1042
[117]:788
[118]:676
[119]:672
[120]:625
[121]:570
[122]:552
[123]:533
[124]:509
[125]:488
[126]:434
[127]:407
[128]:418
[129]:386
[130]:351
[131]:355
[132]:291
[133]:318
[134]:275
[135]:232
[136]:199
[137]:181
[138]:142
[139]:125
[140]:114
[141]:85
[142]:72
[143]:58
[144]:53
[145]:57
[146]:34
[147]:28
[148]:24
[149]:16
[150]:14
[151]:8
[152]:6
[153]:7
[154]:5
[156]:2
[157]:1
[159]:1
[160]:2
[161]:3
[163]:2
[165]:1
[166]:2
[167]:2
[168]:2
[170]:2
[172]:1
[173]:3
[174]:2
[177]:1
[179]:1

t0_min: 1.08 us, round:1998
t0_max: 36.33 us, round:33927
t0_jitter: 35.25 us

t1_min: 2.67 us, round:2027
t1_max: 70.46 us, round:33927
t1_jitter: 67.79 us

t2_min: 97.29 us, round:6326
t2_max: 179.25 us, round:33927
t2_jitter: 81.96 us

PMU diff samples: 89949
AVG DIFF LL_CACHE_RD: 99.83
AVG DIFF LL_CACHE_MISS_RD: 43.47
AVG DIFF L2D_CACHE_REFILL: 43.57
AVG DIFF L2D_CACHE_INVAL: 0.00
[cur diff] DIFF LL_CACHE_RD: 14, DIFF LL_CACHE_MISS_RD: 9, MISS_RATE: 64.29%
[cur diff] DIFF L2D_CACHE_REFILL: 2
[cur diff] DIFF L2D_CACHE_INVAL: 0
[max diff] DIFF LL_CACHE_RD: 152, DIFF LL_CACHE_MISS_RD: 123, MISS_RATE: 80.92%
[max diff] DIFF L2D_CACHE_REFILL: 123
[max diff] DIFF L2D_CACHE_INVAL: 0

===========================================================
taskpendcnt:91992
t0:2041 ns
t1:4208 ns
t2:101458 ns
benchmark: Franka-derived Cartesian-impedance kernel, input trace:8, timer period:1.000 ms
controller source: franka_ros2 jazzy@73a1501d, updates:92014, SVD sweeps:5
pose error:[0.010000 0.015000 0.010000 -0.000000 0.049979 -0.000000]
tau[0:6]:[-2.379368 -1.292411 -1.655224 -1.570015 -1.185234 -0.066588 -0.610247]
kernel exec min/avg/max: 94.50 / 97.65 / 123.08 us, samples:92024
pressure status:1, copy rounds total/window:389/10, 4.42 rounds/s
pressure logical copy:3890.00 MiB total, approx 44.15 MiB/s, checksum:518028001280
pressure report window:2.264969 s
t0_region>
[1]:21158
[2]:26346
[3]:21958
[4]:6928
[5]:2563
[6]:2127
[7]:2278
[8]:2368
[9]:1808
[10]:1182
[11]:931
[12]:672
[13]:581
[14]:415
[15]:273
[16]:194
[17]:111
[18]:83
[19]:28
[20]:13
[21]:5
[22]:3
[24]:1
[25]:7
[26]:1
[27]:2
[28]:2
[30]:2
[31]:2
[32]:1
[33]:2
[35]:1
[36]:1

t1_region>
[2]:676
[3]:8868
[4]:9151
[5]:6001
[6]:9995
[7]:13783
[8]:13909
[9]:8121
[10]:3669
[11]:1573
[12]:1071
[13]:949
[14]:950
[15]:908
[16]:1117
[17]:1531
[18]:1348
[19]:950
[20]:725
[21]:634
[22]:628
[23]:612
[24]:591
[25]:512
[26]:473
[27]:483
[28]:429
[29]:357
[30]:326
[31]:329
[32]:284
[33]:230
[34]:218
[35]:173
[36]:160
[37]:106
[38]:72
[39]:39
[40]:30
[41]:19
[42]:18
[43]:8
[44]:8
[45]:6
[46]:7
[47]:3
[48]:2
[49]:2
[53]:1
[54]:1
[55]:1
[56]:1
[58]:2
[59]:3
[61]:2
[64]:3
[65]:2
[68]:3
[69]:2
[70]:1

t2_region>
[97]:332
[98]:4420
[99]:3640
[100]:6385
[101]:5992
[102]:6311
[103]:8431
[104]:10269
[105]:11761
[106]:8193
[107]:4151
[108]:2333
[109]:1954
[110]:1685
[111]:1145
[112]:889
[113]:888
[114]:1023
[115]:1123
[116]:1054
[117]:793
[118]:678
[119]:676
[120]:627
[121]:570
[122]:553
[123]:533
[124]:509
[125]:488
[126]:434
[127]:407
[128]:418
[129]:386
[130]:351
[131]:355
[132]:291
[133]:318
[134]:275
[135]:232
[136]:199
[137]:181
[138]:142
[139]:125
[140]:114
[141]:85
[142]:72
[143]:58
[144]:53
[145]:57
[146]:34
[147]:28
[148]:24
[149]:16
[150]:14
[151]:8
[152]:6
[153]:7
[154]:5
[156]:2
[157]:1
[159]:1
[160]:2
[161]:3
[163]:2
[165]:1
[166]:2
[167]:2
[168]:2
[170]:2
[172]:1
[173]:3
[174]:2
[177]:1
[179]:1

t0_min: 1.08 us, round:1998
t0_max: 36.33 us, round:33927
t0_jitter: 35.25 us

t1_min: 2.67 us, round:2027
t1_max: 70.46 us, round:33927
t1_jitter: 67.79 us

t2_min: 97.29 us, round:6326
t2_max: 179.25 us, round:33927
t2_jitter: 81.96 us

PMU diff samples: 92214
AVG DIFF LL_CACHE_RD: 99.80
AVG DIFF LL_CACHE_MISS_RD: 43.45
AVG DIFF L2D_CACHE_REFILL: 43.55
AVG DIFF L2D_CACHE_INVAL: 0.00
[cur diff] DIFF LL_CACHE_RD: 9, DIFF LL_CACHE_MISS_RD: 7, MISS_RATE: 77.78%
[cur diff] DIFF L2D_CACHE_REFILL: 2
[cur diff] DIFF L2D_CACHE_INVAL: 0
[max diff] DIFF LL_CACHE_RD: 152, DIFF LL_CACHE_MISS_RD: 123, MISS_RATE: 80.92%
[max diff] DIFF L2D_CACHE_REFILL: 123
[max diff] DIFF L2D_CACHE_INVAL: 0

===========================================================
taskpendcnt:94257
t0:2833 ns
t1:5000 ns
t2:101375 ns
benchmark: Franka-derived Cartesian-impedance kernel, input trace:8, timer period:1.000 ms
controller source: franka_ros2 jazzy@73a1501d, updates:94279, SVD sweeps:5
pose error:[0.010000 0.015000 0.010000 -0.000000 0.049979 -0.000000]
tau[0:6]:[-1.839419 -0.921560 -1.193198 -1.195971 -0.861243 0.113634 -0.461388]
kernel exec min/avg/max: 94.50 / 97.64 / 123.08 us, samples:94289
pressure status:1, copy rounds total/window:398/9, 3.97 rounds/s
pressure logical copy:3980.00 MiB total, approx 39.74 MiB/s, checksum:530013224960
pressure report window:2.264904 s
t0_region>
[1]:21505
[2]:27192
[3]:22764
[4]:7084
[5]:2578
[6]:2139
[7]:2303
[8]:2410
[9]:1821
[10]:1185
[11]:931
[12]:672
[13]:581
[14]:415
[15]:273
[16]:194
[17]:111
[18]:83
[19]:28
[20]:13
[21]:5
[22]:3
[24]:1
[25]:7
[26]:1
[27]:2
[28]:2
[30]:2
[31]:2
[32]:1
[33]:2
[35]:1
[36]:1

t1_region>
[2]:690
[3]:8969
[4]:9301
[5]:6171
[6]:10334
[7]:14267
[8]:14437
[9]:8389
[10]:3757
[11]:1592
[12]:1078
[13]:954
[14]:956
[15]:912
[16]:1138
[17]:1561
[18]:1370
[19]:958
[20]:726
[21]:634
[22]:628
[23]:612
[24]:591
[25]:512
[26]:473
[27]:483
[28]:429
[29]:357
[30]:326
[31]:329
[32]:284
[33]:230
[34]:218
[35]:173
[36]:160
[37]:106
[38]:72
[39]:39
[40]:30
[41]:19
[42]:18
[43]:8
[44]:8
[45]:6
[46]:7
[47]:3
[48]:2
[49]:2
[53]:1
[54]:1
[55]:1
[56]:1
[58]:2
[59]:3
[61]:2
[64]:3
[65]:2
[68]:3
[69]:2
[70]:1

t2_region>
[97]:332
[98]:4443
[99]:3689
[100]:6486
[101]:6144
[102]:6525
[103]:8726
[104]:10621
[105]:12201
[106]:8472
[107]:4255
[108]:2389
[109]:2001
[110]:1726
[111]:1160
[112]:898
[113]:896
[114]:1040
[115]:1147
[116]:1066
[117]:798
[118]:684
[119]:685
[120]:630
[121]:571
[122]:554
[123]:533
[124]:509
[125]:488
[126]:434
[127]:407
[128]:418
[129]:386
[130]:351
[131]:355
[132]:291
[133]:318
[134]:275
[135]:232
[136]:199
[137]:181
[138]:142
[139]:125
[140]:114
[141]:85
[142]:72
[143]:58
[144]:53
[145]:57
[146]:34
[147]:28
[148]:24
[149]:16
[150]:14
[151]:8
[152]:6
[153]:7
[154]:5
[156]:2
[157]:1
[159]:1
[160]:2
[161]:3
[163]:2
[165]:1
[166]:2
[167]:2
[168]:2
[170]:2
[172]:1
[173]:3
[174]:2
[177]:1
[179]:1

t0_min: 1.08 us, round:1998
t0_max: 36.33 us, round:33927
t0_jitter: 35.25 us

t1_min: 2.67 us, round:2027
t1_max: 70.46 us, round:33927
t1_jitter: 67.79 us

t2_min: 97.29 us, round:6326
t2_max: 179.25 us, round:33927
t2_jitter: 81.96 us

PMU diff samples: 94479
AVG DIFF LL_CACHE_RD: 99.76
AVG DIFF LL_CACHE_MISS_RD: 43.42
AVG DIFF L2D_CACHE_REFILL: 43.52
AVG DIFF L2D_CACHE_INVAL: 0.00
[cur diff] DIFF LL_CACHE_RD: 17, DIFF LL_CACHE_MISS_RD: 14, MISS_RATE: 82.35%
[cur diff] DIFF L2D_CACHE_REFILL: 1
[cur diff] DIFF L2D_CACHE_INVAL: 0
[max diff] DIFF LL_CACHE_RD: 152, DIFF LL_CACHE_MISS_RD: 123, MISS_RATE: 80.92%
[max diff] DIFF L2D_CACHE_REFILL: 123
[max diff] DIFF L2D_CACHE_INVAL: 0

===========================================================
taskpendcnt:96522
t0:3333 ns
t1:5500 ns
t2:102166 ns
benchmark: Franka-derived Cartesian-impedance kernel, input trace:8, timer period:1.000 ms
controller source: franka_ros2 jazzy@73a1501d, updates:96544, SVD sweeps:5
pose error:[0.010000 0.015000 0.010000 -0.000000 0.049979 -0.000000]
tau[0:6]:[-0.274004 -0.324180 0.001577 -0.231466 0.050986 -0.328952 0.010844]
kernel exec min/avg/max: 94.50 / 97.63 / 123.08 us, samples:96554
pressure status:1, copy rounds total/window:408/10, 4.42 rounds/s
pressure logical copy:4080.00 MiB total, approx 44.15 MiB/s, checksum:543330140160
pressure report window:2.264848 s
t0_region>
[1]:21868
[2]:28080
[3]:23453
[4]:7291
[5]:2611
[6]:2149
[7]:2326
[8]:2447
[9]:1835
[10]:1186
[11]:931
[12]:672
[13]:581
[14]:415
[15]:273
[16]:194
[17]:111
[18]:83
[19]:28
[20]:13
[21]:5
[22]:3
[24]:1
[25]:7
[26]:1
[27]:2
[28]:2
[30]:2
[31]:2
[32]:1
[33]:2
[35]:1
[36]:1

t1_region>
[2]:706
[3]:9070
[4]:9440
[5]:6350
[6]:10678
[7]:14760
[8]:14898
[9]:8638
[10]:3878
[11]:1642
[12]:1099
[13]:959
[14]:959
[15]:920
[16]:1154
[17]:1591
[18]:1389
[19]:965
[20]:727
[21]:635
[22]:628
[23]:612
[24]:591
[25]:512
[26]:473
[27]:483
[28]:429
[29]:357
[30]:326
[31]:329
[32]:284
[33]:230
[34]:218
[35]:173
[36]:160
[37]:106
[38]:72
[39]:39
[40]:30
[41]:19
[42]:18
[43]:8
[44]:8
[45]:6
[46]:7
[47]:3
[48]:2
[49]:2
[53]:1
[54]:1
[55]:1
[56]:1
[58]:2
[59]:3
[61]:2
[64]:3
[65]:2
[68]:3
[69]:2
[70]:1

t2_region>
[97]:332
[98]:4461
[99]:3736
[100]:6590
[101]:6315
[102]:6727
[103]:9029
[104]:10984
[105]:12618
[106]:8709
[107]:4351
[108]:2449
[109]:2066
[110]:1777
[111]:1193
[112]:914
[113]:908
[114]:1065
[115]:1169
[116]:1082
[117]:801
[118]:688
[119]:687
[120]:630
[121]:571
[122]:554
[123]:533
[124]:509
[125]:488
[126]:434
[127]:407
[128]:418
[129]:386
[130]:351
[131]:355
[132]:291
[133]:318
[134]:275
[135]:232
[136]:199
[137]:181
[138]:142
[139]:125
[140]:114
[141]:85
[142]:72
[143]:58
[144]:53
[145]:57
[146]:34
[147]:28
[148]:24
[149]:16
[150]:14
[151]:8
[152]:6
[153]:7
[154]:5
[156]:2
[157]:1
[159]:1
[160]:2
[161]:3
[163]:2
[165]:1
[166]:2
[167]:2
[168]:2
[170]:2
[172]:1
[173]:3
[174]:2
[177]:1
[179]:1

t0_min: 1.08 us, round:1998
t0_max: 36.33 us, round:33927
t0_jitter: 35.25 us

t1_min: 2.67 us, round:2027
t1_max: 70.46 us, round:33927
t1_jitter: 67.79 us

t2_min: 97.29 us, round:6326
t2_max: 179.25 us, round:33927
t2_jitter: 81.96 us

PMU diff samples: 96744
AVG DIFF LL_CACHE_RD: 99.76
AVG DIFF LL_CACHE_MISS_RD: 43.40
AVG DIFF L2D_CACHE_REFILL: 43.50
AVG DIFF L2D_CACHE_INVAL: 0.00
[cur diff] DIFF LL_CACHE_RD: 7, DIFF LL_CACHE_MISS_RD: 4, MISS_RATE: 57.14%
[cur diff] DIFF L2D_CACHE_REFILL: 1
[cur diff] DIFF L2D_CACHE_INVAL: 0
[max diff] DIFF LL_CACHE_RD: 152, DIFF LL_CACHE_MISS_RD: 123, MISS_RATE: 80.92%
[max diff] DIFF L2D_CACHE_REFILL: 123
[max diff] DIFF L2D_CACHE_INVAL: 0

===========================================================
taskpendcnt:98786
t0:3416 ns
t1:5583 ns
t2:102250 ns
benchmark: Franka-derived Cartesian-impedance kernel, input trace:8, timer period:1.000 ms
controller source: franka_ros2 jazzy@73a1501d, updates:98808, SVD sweeps:5
pose error:[0.010000 0.015000 0.010000 -0.000000 0.049979 -0.000000]
tau[0:6]:[-0.274004 -0.324180 0.001577 -0.231466 0.050986 -0.328952 0.010844]
kernel exec min/avg/max: 94.50 / 97.62 / 123.08 us, samples:98818
pressure status:1, copy rounds total/window:418/10, 4.42 rounds/s
pressure logical copy:4180.00 MiB total, approx 44.17 MiB/s, checksum:556647055360
pressure report window:2.264004 s
t0_region>
[1]:22233
[2]:28942
[3]:24212
[4]:7456
[5]:2639
[6]:2155
[7]:2351
[8]:2479
[9]:1856
[10]:1187
[11]:931
[12]:672
[13]:581
[14]:415
[15]:273
[16]:194
[17]:111
[18]:83
[19]:28
[20]:13
[21]:5
[22]:3
[24]:1
[25]:7
[26]:1
[27]:2
[28]:2
[30]:2
[31]:2
[32]:1
[33]:2
[35]:1
[36]:1

t1_region>
[2]:723
[3]:9184
[4]:9560
[5]:6525
[6]:11007
[7]:15269
[8]:15426
[9]:8915
[10]:3951
[11]:1662
[12]:1113
[13]:961
[14]:961
[15]:928
[16]:1170
[17]:1614
[18]:1415
[19]:972
[20]:731
[21]:635
[22]:629
[23]:612
[24]:591
[25]:512
[26]:473
[27]:483
[28]:429
[29]:357
[30]:326
[31]:329
[32]:284
[33]:230
[34]:218
[35]:173
[36]:160
[37]:106
[38]:72
[39]:39
[40]:30
[41]:19
[42]:18
[43]:8
[44]:8
[45]:6
[46]:7
[47]:3
[48]:2
[49]:2
[53]:1
[54]:1
[55]:1
[56]:1
[58]:2
[59]:3
[61]:2
[64]:3
[65]:2
[68]:3
[69]:2
[70]:1

t2_region>
[97]:332
[98]:4483
[99]:3776
[100]:6692
[101]:6456
[102]:6937
[103]:9310
[104]:11363
[105]:13072
[106]:8988
[107]:4469
[108]:2496
[109]:2119
[110]:1801
[111]:1216
[112]:923
[113]:918
[114]:1077
[115]:1192
[116]:1095
[117]:813
[118]:692
[119]:691
[120]:631
[121]:572
[122]:554
[123]:533
[124]:509
[125]:488
[126]:434
[127]:407
[128]:418
[129]:386
[130]:351
[131]:355
[132]:291
[133]:318
[134]:275
[135]:232
[136]:199
[137]:181
[138]:142
[139]:125
[140]:114
[141]:85
[142]:72
[143]:58
[144]:53
[145]:57
[146]:34
[147]:28
[148]:24
[149]:16
[150]:14
[151]:8
[152]:6
[153]:7
[154]:5
[156]:2
[157]:1
[159]:1
[160]:2
[161]:3
[163]:2
[165]:1
[166]:2
[167]:2
[168]:2
[170]:2
[172]:1
[173]:3
[174]:2
[177]:1
[179]:1

t0_min: 1.08 us, round:1998
t0_max: 36.33 us, round:33927
t0_jitter: 35.25 us

t1_min: 2.67 us, round:2027
t1_max: 70.46 us, round:33927
t1_jitter: 67.79 us

t2_min: 97.29 us, round:6326
t2_max: 179.25 us, round:33927
t2_jitter: 81.96 us

PMU diff samples: 99008
AVG DIFF LL_CACHE_RD: 99.71
AVG DIFF LL_CACHE_MISS_RD: 43.37
AVG DIFF L2D_CACHE_REFILL: 43.48
AVG DIFF L2D_CACHE_INVAL: 0.00
[cur diff] DIFF LL_CACHE_RD: 2, DIFF LL_CACHE_MISS_RD: 2, MISS_RATE: 100.00%
[cur diff] DIFF L2D_CACHE_REFILL: 2
[cur diff] DIFF L2D_CACHE_INVAL: 0
[max diff] DIFF LL_CACHE_RD: 152, DIFF LL_CACHE_MISS_RD: 123, MISS_RATE: 80.92%
[max diff] DIFF L2D_CACHE_REFILL: 123
[max diff] DIFF L2D_CACHE_INVAL: 0

===========================================================
taskpendcnt:101050
t0:2916 ns
t1:5083 ns
t2:102041 ns
benchmark: Franka-derived Cartesian-impedance kernel, input trace:8, timer period:1.000 ms
controller source: franka_ros2 jazzy@73a1501d, updates:101072, SVD sweeps:5
pose error:[0.010000 0.015000 0.010000 -0.000000 0.049979 -0.000000]
tau[0:6]:[-0.274004 -0.324180 0.001577 -0.231466 0.050986 -0.328952 0.010844]
kernel exec min/avg/max: 94.50 / 97.61 / 123.08 us, samples:101082
pressure status:1, copy rounds total/window:427/9, 3.97 rounds/s
pressure logical copy:4270.00 MiB total, approx 39.75 MiB/s, checksum:568632279040
pressure report window:2.264249 s
t0_region>
[1]:22606
[2]:29812
[3]:24921
[4]:7651
[5]:2667
[6]:2160
[7]:2375
[8]:2517
[9]:1877
[10]:1188
[11]:931
[12]:672
[13]:581
[14]:415
[15]:273
[16]:194
[17]:111
[18]:83
[19]:28
[20]:13
[21]:5
[22]:3
[24]:1
[25]:7
[26]:1
[27]:2
[28]:2
[30]:2
[31]:2
[32]:1
[33]:2
[35]:1
[36]:1

t1_region>
[2]:740
[3]:9290
[4]:9710
[5]:6680
[6]:11343
[7]:15744
[8]:15889
[9]:9221
[10]:4071
[11]:1692
[12]:1123
[13]:967
[14]:965
[15]:935
[16]:1188
[17]:1643
[18]:1435
[19]:982
[20]:732
[21]:635
[22]:629
[23]:612
[24]:591
[25]:512
[26]:473
[27]:483
[28]:429
[29]:357
[30]:326
[31]:329
[32]:284
[33]:230
[34]:218
[35]:173
[36]:160
[37]:106
[38]:72
[39]:39
[40]:30
[41]:19
[42]:18
[43]:8
[44]:8
[45]:6
[46]:7
[47]:3
[48]:2
[49]:2
[53]:1
[54]:1
[55]:1
[56]:1
[58]:2
[59]:3
[61]:2
[64]:3
[65]:2
[68]:3
[69]:2
[70]:1

t2_region>
[97]:332
[98]:4508
[99]:3821
[100]:6790
[101]:6618
[102]:7173
[103]:9591
[104]:11713
[105]:13464
[106]:9276
[107]:4576
[108]:2544
[109]:2175
[110]:1855
[111]:1240
[112]:934
[113]:928
[114]:1088
[115]:1213
[116]:1113
[117]:823
[118]:694
[119]:696
[120]:638
[121]:575
[122]:554
[123]:533
[124]:509
[125]:488
[126]:434
[127]:407
[128]:418
[129]:386
[130]:351
[131]:355
[132]:291
[133]:318
[134]:275
[135]:232
[136]:199
[137]:181
[138]:142
[139]:125
[140]:114
[141]:85
[142]:72
[143]:58
[144]:53
[145]:57
[146]:34
[147]:28
[148]:24
[149]:16
[150]:14
[151]:8
[152]:6
[153]:7
[154]:5
[156]:2
[157]:1
[159]:1
[160]:2
[161]:3
[163]:2
[165]:1
[166]:2
[167]:2
[168]:2
[170]:2
[172]:1
[173]:3
[174]:2
[177]:1
[179]:1

t0_min: 1.08 us, round:1998
t0_max: 36.33 us, round:33927
t0_jitter: 35.25 us

t1_min: 2.67 us, round:2027
t1_max: 70.46 us, round:33927
t1_jitter: 67.79 us

t2_min: 97.29 us, round:6326
t2_max: 179.25 us, round:33927
t2_jitter: 81.96 us

PMU diff samples: 101272
AVG DIFF LL_CACHE_RD: 99.71
AVG DIFF LL_CACHE_MISS_RD: 43.36
AVG DIFF L2D_CACHE_REFILL: 43.47
AVG DIFF L2D_CACHE_INVAL: 0.00
[cur diff] DIFF LL_CACHE_RD: 9, DIFF LL_CACHE_MISS_RD: 7, MISS_RATE: 77.78%
[cur diff] DIFF L2D_CACHE_REFILL: 2
[cur diff] DIFF L2D_CACHE_INVAL: 0
[max diff] DIFF LL_CACHE_RD: 152, DIFF LL_CACHE_MISS_RD: 123, MISS_RATE: 80.92%
[max diff] DIFF L2D_CACHE_REFILL: 123
[max diff] DIFF L2D_CACHE_INVAL: 0

===========================================================
taskpendcnt:103315
t0:1958 ns
t1:5583 ns
t2:101958 ns
benchmark: Franka-derived Cartesian-impedance kernel, input trace:8, timer period:1.000 ms
controller source: franka_ros2 jazzy@73a1501d, updates:103337, SVD sweeps:5
pose error:[0.010000 0.015000 0.010000 -0.000000 0.049979 -0.000000]
tau[0:6]:[0.839771 0.130674 0.617691 0.624912 0.653099 -0.592692 0.265887]
kernel exec min/avg/max: 94.50 / 97.60 / 123.08 us, samples:103347
pressure status:1, copy rounds total/window:437/10, 4.42 rounds/s
pressure logical copy:4370.00 MiB total, approx 44.16 MiB/s, checksum:581949194240
pressure report window:2.264728 s
t0_region>
[1]:22996
[2]:30680
[3]:25678
[4]:7803
[5]:2682
[6]:2171
[7]:2396
[8]:2544
[9]:1896
[10]:1193
[11]:931
[12]:672
[13]:581
[14]:415
[15]:273
[16]:194
[17]:111
[18]:83
[19]:28
[20]:13
[21]:5
[22]:3
[24]:1
[25]:7
[26]:1
[27]:2
[28]:2
[30]:2
[31]:2
[32]:1
[33]:2
[35]:1
[36]:1

t1_region>
[2]:756
[3]:9390
[4]:9877
[5]:6849
[6]:11700
[7]:16227
[8]:16344
[9]:9522
[10]:4170
[11]:1721
[12]:1126
[13]:972
[14]:970
[15]:947
[16]:1196
[17]:1673
[18]:1454
[19]:989
[20]:733
[21]:635
[22]:629
[23]:612
[24]:591
[25]:512
[26]:473
[27]:483
[28]:429
[29]:357
[30]:326
[31]:329
[32]:284
[33]:230
[34]:218
[35]:173
[36]:160
[37]:106
[38]:72
[39]:39
[40]:30
[41]:19
[42]:18
[43]:8
[44]:8
[45]:6
[46]:7
[47]:3
[48]:2
[49]:2
[53]:1
[54]:1
[55]:1
[56]:1
[58]:2
[59]:3
[61]:2
[64]:3
[65]:2
[68]:3
[69]:2
[70]:1

t2_region>
[97]:332
[98]:4529
[99]:3862
[100]:6898
[101]:6799
[102]:7375
[103]:9911
[104]:12070
[105]:13834
[106]:9567
[107]:4703
[108]:2603
[109]:2228
[110]:1893
[111]:1253
[112]:944
[113]:934
[114]:1102
[115]:1237
[116]:1126
[117]:832
[118]:697
[119]:700
[120]:640
[121]:575
[122]:554
[123]:533
[124]:509
[125]:488
[126]:434
[127]:407
[128]:418
[129]:386
[130]:351
[131]:355
[132]:291
[133]:318
[134]:275
[135]:232
[136]:199
[137]:181
[138]:142
[139]:125
[140]:114
[141]:85
[142]:72
[143]:58
[144]:53
[145]:57
[146]:34
[147]:28
[148]:24
[149]:16
[150]:14
[151]:8
[152]:6
[153]:7
[154]:5
[156]:2
[157]:1
[159]:1
[160]:2
[161]:3
[163]:2
[165]:1
[166]:2
[167]:2
[168]:2
[170]:2
[172]:1
[173]:3
[174]:2
[177]:1
[179]:1

t0_min: 1.08 us, round:1998
t0_max: 36.33 us, round:33927
t0_jitter: 35.25 us

t1_min: 2.67 us, round:2027
t1_max: 70.46 us, round:33927
t1_jitter: 67.79 us

t2_min: 97.29 us, round:6326
t2_max: 179.25 us, round:33927
t2_jitter: 81.96 us

PMU diff samples: 103537
AVG DIFF LL_CACHE_RD: 99.69
AVG DIFF LL_CACHE_MISS_RD: 43.33
AVG DIFF L2D_CACHE_REFILL: 43.44
AVG DIFF L2D_CACHE_INVAL: 0.00
[cur diff] DIFF LL_CACHE_RD: 17, DIFF LL_CACHE_MISS_RD: 12, MISS_RATE: 70.59%
[cur diff] DIFF L2D_CACHE_REFILL: 1
[cur diff] DIFF L2D_CACHE_INVAL: 0
[max diff] DIFF LL_CACHE_RD: 152, DIFF LL_CACHE_MISS_RD: 123, MISS_RATE: 80.92%
[max diff] DIFF L2D_CACHE_REFILL: 123
[max diff] DIFF L2D_CACHE_INVAL: 0

===========================================================
taskpendcnt:105580
t0:2750 ns
t1:4625 ns
t2:103625 ns
benchmark: Franka-derived Cartesian-impedance kernel, input trace:8, timer period:1.000 ms
controller source: franka_ros2 jazzy@73a1501d, updates:105602, SVD sweeps:5
pose error:[0.010000 0.015000 0.010000 -0.000000 0.049979 -0.000000]
tau[0:6]:[1.228026 0.081850 0.819520 0.875435 0.745706 -0.833381 0.398995]
kernel exec min/avg/max: 94.50 / 97.59 / 123.08 us, samples:105612
pressure status:1, copy rounds total/window:446/9, 3.97 rounds/s
pressure logical copy:4460.00 MiB total, approx 39.74 MiB/s, checksum:593934417920
pressure report window:2.264999 s
t0_region>
[1]:23368
[2]:31563
[3]:26434
[4]:7948
[5]:2712
[6]:2177
[7]:2425
[8]:2569
[9]:1913
[10]:1196
[11]:931
[12]:672
[13]:581
[14]:415
[15]:273
[16]:194
[17]:111
[18]:83
[19]:28
[20]:13
[21]:5
[22]:3
[24]:1
[25]:7
[26]:1
[27]:2
[28]:2
[30]:2
[31]:2
[32]:1
[33]:2
[35]:1
[36]:1

t1_region>
[2]:767
[3]:9497
[4]:10032
[5]:7020
[6]:12045
[7]:16740
[8]:16819
[9]:9785
[10]:4261
[11]:1748
[12]:1143
[13]:985
[14]:973
[15]:950
[16]:1212
[17]:1702
[18]:1476
[19]:992
[20]:734
[21]:635
[22]:629
[23]:612
[24]:591
[25]:512
[26]:473
[27]:483
[28]:429
[29]:357
[30]:326
[31]:329
[32]:284
[33]:230
[34]:218
[35]:173
[36]:160
[37]:106
[38]:72
[39]:39
[40]:30
[41]:19
[42]:18
[43]:8
[44]:8
[45]:6
[46]:7
[47]:3
[48]:2
[49]:2
[53]:1
[54]:1
[55]:1
[56]:1
[58]:2
[59]:3
[61]:2
[64]:3
[65]:2
[68]:3
[69]:2
[70]:1

t2_region>
[97]:332
[98]:4548
[99]:3909
[100]:6997
[101]:6959
[102]:7572
[103]:10190
[104]:12465
[105]:14267
[106]:9842
[107]:4829
[108]:2653
[109]:2272
[110]:1928
[111]:1273
[112]:952
[113]:943
[114]:1120
[115]:1262
[116]:1142
[117]:836
[118]:699
[119]:702
[120]:642
[121]:575
[122]:554
[123]:533
[124]:509
[125]:488
[126]:434
[127]:407
[128]:418
[129]:386
[130]:351
[131]:355
[132]:291
[133]:318
[134]:275
[135]:232
[136]:199
[137]:181
[138]:142
[139]:125
[140]:114
[141]:85
[142]:72
[143]:58
[144]:53
[145]:57
[146]:34
[147]:28
[148]:24
[149]:16
[150]:14
[151]:8
[152]:6
[153]:7
[154]:5
[156]:2
[157]:1
[159]:1
[160]:2
[161]:3
[163]:2
[165]:1
[166]:2
[167]:2
[168]:2
[170]:2
[172]:1
[173]:3
[174]:2
[177]:1
[179]:1

t0_min: 1.08 us, round:1998
t0_max: 36.33 us, round:33927
t0_jitter: 35.25 us

t1_min: 2.67 us, round:2027
t1_max: 70.46 us, round:33927
t1_jitter: 67.79 us

t2_min: 97.29 us, round:6326
t2_max: 179.25 us, round:33927
t2_jitter: 81.96 us

PMU diff samples: 105802
AVG DIFF LL_CACHE_RD: 99.65
AVG DIFF LL_CACHE_MISS_RD: 43.31
AVG DIFF L2D_CACHE_REFILL: 43.41
AVG DIFF L2D_CACHE_INVAL: 0.00
[cur diff] DIFF LL_CACHE_RD: 10, DIFF LL_CACHE_MISS_RD: 8, MISS_RATE: 80.00%
[cur diff] DIFF L2D_CACHE_REFILL: 1
[cur diff] DIFF L2D_CACHE_INVAL: 0
[max diff] DIFF LL_CACHE_RD: 152, DIFF LL_CACHE_MISS_RD: 123, MISS_RATE: 80.92%
[max diff] DIFF L2D_CACHE_REFILL: 123
[max diff] DIFF L2D_CACHE_INVAL: 0

===========================================================
taskpendcnt:107845
t0:2958 ns
t1:4250 ns
t2:100916 ns
benchmark: Franka-derived Cartesian-impedance kernel, input trace:8, timer period:1.000 ms
controller source: franka_ros2 jazzy@73a1501d, updates:107867, SVD sweeps:5
pose error:[0.010000 0.015000 0.010000 -0.000000 0.049979 -0.000000]
tau[0:6]:[1.376914 -0.104433 0.790225 0.843903 0.642107 -0.956178 0.423547]
kernel exec min/avg/max: 94.50 / 97.59 / 123.08 us, samples:107877
pressure status:1, copy rounds total/window:456/10, 4.41 rounds/s
pressure logical copy:4560.00 MiB total, approx 44.15 MiB/s, checksum:607251333120
pressure report window:2.265088 s
t0_region>
[1]:23723
[2]:32408
[3]:27193
[4]:8147
[5]:2727
[6]:2185
[7]:2453
[8]:2602
[9]:1933
[10]:1198
[11]:931
[12]:672
[13]:581
[14]:415
[15]:273
[16]:194
[17]:111
[18]:83
[19]:28
[20]:13
[21]:5
[22]:3
[24]:1
[25]:7
[26]:1
[27]:2
[28]:2
[30]:2
[31]:2
[32]:1
[33]:2
[35]:1
[36]:1

t1_region>
[2]:777
[3]:9609
[4]:10176
[5]:7184
[6]:12383
[7]:17224
[8]:17303
[9]:10070
[10]:4371
[11]:1783
[12]:1151
[13]:989
[14]:977
[15]:954
[16]:1229
[17]:1734
[18]:1498
[19]:1000
[20]:734
[21]:635
[22]:629
[23]:612
[24]:591
[25]:512
[26]:473
[27]:483
[28]:429
[29]:357
[30]:326
[31]:329
[32]:284
[33]:230
[34]:218
[35]:173
[36]:160
[37]:106
[38]:72
[39]:39
[40]:30
[41]:19
[42]:18
[43]:8
[44]:8
[45]:6
[46]:7
[47]:3
[48]:2
[49]:2
[53]:1
[54]:1
[55]:1
[56]:1
[58]:2
[59]:3
[61]:2
[64]:3
[65]:2
[68]:3
[69]:2
[70]:1

t2_region>
[97]:332
[98]:4563
[99]:3966
[100]:7097
[101]:7113
[102]:7796
[103]:10474
[104]:12812
[105]:14699
[106]:10095
[107]:4937
[108]:2727
[109]:2324
[110]:1978
[111]:1297
[112]:957
[113]:953
[114]:1139
[115]:1279
[116]:1160
[117]:840
[118]:703
[119]:708
[120]:648
[121]:576
[122]:556
[123]:533
[124]:509
[125]:488
[126]:434
[127]:407
[128]:418
[129]:386
[130]:351
[131]:355
[132]:291
[133]:318
[134]:275
[135]:232
[136]:199
[137]:181
[138]:142
[139]:125
[140]:114
[141]:85
[142]:72
[143]:58
[144]:53
[145]:57
[146]:34
[147]:28
[148]:24
[149]:16
[150]:14
[151]:8
[152]:6
[153]:7
[154]:5
[156]:2
[157]:1
[159]:1
[160]:2
[161]:3
[163]:2
[165]:1
[166]:2
[167]:2
[168]:2
[170]:2
[172]:1
[173]:3
[174]:2
[177]:1
[179]:1

t0_min: 1.08 us, round:1998
t0_max: 36.33 us, round:33927
t0_jitter: 35.25 us

t1_min: 2.67 us, round:2027
t1_max: 70.46 us, round:33927
t1_jitter: 67.79 us

t2_min: 97.29 us, round:6326
t2_max: 179.25 us, round:33927
t2_jitter: 81.96 us

PMU diff samples: 108067
AVG DIFF LL_CACHE_RD: 99.67
AVG DIFF LL_CACHE_MISS_RD: 43.29
AVG DIFF L2D_CACHE_REFILL: 43.40
AVG DIFF L2D_CACHE_INVAL: 0.00
[cur diff] DIFF LL_CACHE_RD: 10, DIFF LL_CACHE_MISS_RD: 10, MISS_RATE: 100.00%
[cur diff] DIFF L2D_CACHE_REFILL: 2
[cur diff] DIFF L2D_CACHE_INVAL: 0
[max diff] DIFF LL_CACHE_RD: 152, DIFF LL_CACHE_MISS_RD: 123, MISS_RATE: 80.92%
[max diff] DIFF L2D_CACHE_REFILL: 123
[max diff] DIFF L2D_CACHE_INVAL: 0

===========================================================
taskpendcnt:110110
t0:2291 ns
t1:6208 ns
t2:102291 ns
benchmark: Franka-derived Cartesian-impedance kernel, input trace:8, timer period:1.000 ms
controller source: franka_ros2 jazzy@73a1501d, updates:110132, SVD sweeps:5
pose error:[0.010000 0.015000 0.010000 -0.000000 0.049979 -0.000000]
tau[0:6]:[-0.567483 -0.552304 -0.482512 -0.231067 -0.297494 -0.656094 -0.085004]
kernel exec min/avg/max: 94.50 / 97.58 / 123.08 us, samples:110142
pressure status:1, copy rounds total/window:466/10, 4.41 rounds/s
pressure logical copy:4660.00 MiB total, approx 44.14 MiB/s, checksum:620568248320
pressure report window:2.265427 s
t0_region>
[1]:24086
[2]:33264
[3]:27961
[4]:8323
[5]:2744
[6]:2194
[7]:2475
[8]:2639
[9]:1947
[10]:1201
[11]:931
[12]:672
[13]:581
[14]:415
[15]:273
[16]:194
[17]:111
[18]:83
[19]:28
[20]:13
[21]:5
[22]:3
[24]:1
[25]:7
[26]:1
[27]:2
[28]:2
[30]:2
[31]:2
[32]:1
[33]:2
[35]:1
[36]:1

t1_region>
[2]:789
[3]:9716
[4]:10326
[5]:7372
[6]:12740
[7]:17705
[8]:17773
[9]:10354
[10]:4473
[11]:1805
[12]:1155
[13]:994
[14]:981
[15]:964
[16]:1247
[17]:1757
[18]:1521
[19]:1004
[20]:736
[21]:635
[22]:629
[23]:612
[24]:591
[25]:512
[26]:473
[27]:483
[28]:429
[29]:357
[30]:326
[31]:329
[32]:284
[33]:230
[34]:218
[35]:173
[36]:160
[37]:106
[38]:72
[39]:39
[40]:30
[41]:19
[42]:18
[43]:8
[44]:8
[45]:6
[46]:7
[47]:3
[48]:2
[49]:2
[53]:1
[54]:1
[55]:1
[56]:1
[58]:2
[59]:3
[61]:2
[64]:3
[65]:2
[68]:3
[69]:2
[70]:1

t2_region>
[97]:332
[98]:4586
[99]:4003
[100]:7211
[101]:7284
[102]:8015
[103]:10782
[104]:13165
[105]:15104
[106]:10373
[107]:5038
[108]:2785
[109]:2372
[110]:2015
[111]:1323
[112]:966
[113]:963
[114]:1153
[115]:1298
[116]:1180
[117]:845
[118]:707
[119]:711
[120]:649
[121]:578
[122]:556
[123]:533
[124]:509
[125]:488
[126]:434
[127]:407
[128]:418
[129]:386
[130]:351
[131]:355
[132]:291
[133]:318
[134]:275
[135]:232
[136]:199
[137]:181
[138]:142
[139]:125
[140]:114
[141]:85
[142]:72
[143]:58
[144]:53
[145]:57
[146]:34
[147]:28
[148]:24
[149]:16
[150]:14
[151]:8
[152]:6
[153]:7
[154]:5
[156]:2
[157]:1
[159]:1
[160]:2
[161]:3
[163]:2
[165]:1
[166]:2
[167]:2
[168]:2
[170]:2
[172]:1
[173]:3
[174]:2
[177]:1
[179]:1

t0_min: 1.08 us, round:1998
t0_max: 36.33 us, round:33927
t0_jitter: 35.25 us

t1_min: 2.67 us, round:2027
t1_max: 70.46 us, round:33927
t1_jitter: 67.79 us

t2_min: 97.29 us, round:6326
t2_max: 179.25 us, round:33927
t2_jitter: 81.96 us

PMU diff samples: 110333
AVG DIFF LL_CACHE_RD: 99.65
AVG DIFF LL_CACHE_MISS_RD: 43.26
AVG DIFF L2D_CACHE_REFILL: 43.37
AVG DIFF L2D_CACHE_INVAL: 0.00
[cur diff] DIFF LL_CACHE_RD: 9, DIFF LL_CACHE_MISS_RD: 8, MISS_RATE: 88.89%
[cur diff] DIFF L2D_CACHE_REFILL: 1
[cur diff] DIFF L2D_CACHE_INVAL: 0
[max diff] DIFF LL_CACHE_RD: 152, DIFF LL_CACHE_MISS_RD: 123, MISS_RATE: 80.92%
[max diff] DIFF L2D_CACHE_REFILL: 123
[max diff] DIFF L2D_CACHE_INVAL: 0

===========================================================
taskpendcnt:112375
t0:3083 ns
t1:4958 ns
t2:101333 ns
benchmark: Franka-derived Cartesian-impedance kernel, input trace:8, timer period:1.000 ms
controller source: franka_ros2 jazzy@73a1501d, updates:112397, SVD sweeps:5
pose error:[0.010000 0.015000 0.010000 -0.000000 0.049979 -0.000000]
tau[0:6]:[-2.781770 -1.613002 -1.930139 -1.581803 -1.382951 -0.390599 -0.663394]
kernel exec min/avg/max: 94.50 / 97.57 / 123.08 us, samples:112407
pressure status:1, copy rounds total/window:475/9, 3.97 rounds/s
pressure logical copy:4750.00 MiB total, approx 39.74 MiB/s, checksum:632553472000
pressure report window:2.264996 s
t0_region>
[1]:24457
[2]:34117
[3]:28724
[4]:8491
[5]:2761
[6]:2204
[7]:2491
[8]:2682
[9]:1970
[10]:1202
[11]:931
[12]:672
[13]:581
[14]:415
[15]:273
[16]:194
[17]:111
[18]:83
[19]:28
[20]:13
[21]:5
[22]:3
[24]:1
[25]:7
[26]:1
[27]:2
[28]:2
[30]:2
[31]:2
[32]:1
[33]:2
[35]:1
[36]:1

t1_region>
[2]:803
[3]:9825
[4]:10471
[5]:7536
[6]:13092
[7]:18189
[8]:18273
[9]:10620
[10]:4574
[11]:1828
[12]:1163
[13]:999
[14]:985
[15]:973
[16]:1253
[17]:1788
[18]:1554
[19]:1011
[20]:737
[21]:636
[22]:630
[23]:612
[24]:591
[25]:512
[26]:473
[27]:483
[28]:429
[29]:357
[30]:326
[31]:329
[32]:284
[33]:230
[34]:218
[35]:173
[36]:160
[37]:106
[38]:72
[39]:39
[40]:30
[41]:19
[42]:18
[43]:8
[44]:8
[45]:6
[46]:7
[47]:3
[48]:2
[49]:2
[53]:1
[54]:1
[55]:1
[56]:1
[58]:2
[59]:3
[61]:2
[64]:3
[65]:2
[68]:3
[69]:2
[70]:1

t2_region>
[97]:332
[98]:4605
[99]:4041
[100]:7321
[101]:7431
[102]:8230
[103]:11068
[104]:13511
[105]:15566
[106]:10659
[107]:5156
[108]:2834
[109]:2420
[110]:2049
[111]:1335
[112]:972
[113]:968
[114]:1164
[115]:1336
[116]:1198
[117]:852
[118]:709
[119]:716
[120]:650
[121]:580
[122]:556
[123]:533
[124]:509
[125]:488
[126]:434
[127]:407
[128]:418
[129]:386
[130]:351
[131]:355
[132]:291
[133]:318
[134]:275
[135]:232
[136]:199
[137]:181
[138]:142
[139]:125
[140]:114
[141]:85
[142]:72
[143]:58
[144]:53
[145]:57
[146]:34
[147]:28
[148]:24
[149]:16
[150]:14
[151]:8
[152]:6
[153]:7
[154]:5
[156]:2
[157]:1
[159]:1
[160]:2
[161]:3
[163]:2
[165]:1
[166]:2
[167]:2
[168]:2
[170]:2
[172]:1
[173]:3
[174]:2
[177]:1
[179]:1

t0_min: 1.08 us, round:1998
t0_max: 36.33 us, round:33927
t0_jitter: 35.25 us

t1_min: 2.67 us, round:2027
t1_max: 70.46 us, round:33927
t1_jitter: 67.79 us

t2_min: 97.29 us, round:6326
t2_max: 179.25 us, round:33927
t2_jitter: 81.96 us

PMU diff samples: 112598
AVG DIFF LL_CACHE_RD: 99.62
AVG DIFF LL_CACHE_MISS_RD: 43.24
AVG DIFF L2D_CACHE_REFILL: 43.35
AVG DIFF L2D_CACHE_INVAL: 0.00
[cur diff] DIFF LL_CACHE_RD: 8, DIFF LL_CACHE_MISS_RD: 6, MISS_RATE: 75.00%
[cur diff] DIFF L2D_CACHE_REFILL: 2
[cur diff] DIFF L2D_CACHE_INVAL: 0
[max diff] DIFF LL_CACHE_RD: 152, DIFF LL_CACHE_MISS_RD: 123, MISS_RATE: 80.92%
[max diff] DIFF L2D_CACHE_REFILL: 123
[max diff] DIFF L2D_CACHE_INVAL: 0

===========================================================
taskpendcnt:114640
t0:2125 ns
t1:4291 ns
t2:103291 ns
benchmark: Franka-derived Cartesian-impedance kernel, input trace:8, timer period:1.000 ms
controller source: franka_ros2 jazzy@73a1501d, updates:114662, SVD sweeps:5
pose error:[0.010000 0.015000 0.010000 -0.000000 0.049979 -0.000000]
tau[0:6]:[-2.379368 -1.292411 -1.655224 -1.570015 -1.185234 -0.066588 -0.610247]
kernel exec min/avg/max: 94.50 / 97.56 / 123.08 us, samples:114672
pressure status:1, copy rounds total/window:485/10, 4.41 rounds/s
pressure logical copy:4850.00 MiB total, approx 44.15 MiB/s, checksum:645870387200
pressure report window:2.265018 s
t0_region>
[1]:24827
[2]:35006
[3]:29433
[4]:8676
[5]:2782
[6]:2217
[7]:2510
[8]:2719
[9]:1993
[10]:1202
[11]:931
[12]:672
[13]:581
[14]:415
[15]:273
[16]:194
[17]:111
[18]:83
[19]:28
[20]:13
[21]:5
[22]:3
[24]:1
[25]:7
[26]:1
[27]:2
[28]:2
[30]:2
[31]:2
[32]:1
[33]:2
[35]:1
[36]:1

t1_region>
[2]:823
[3]:9917
[4]:10624
[5]:7720
[6]:13442
[7]:18656
[8]:18760
[9]:10901
[10]:4680
[11]:1852
[12]:1167
[13]:1007
[14]:992
[15]:977
[16]:1269
[17]:1819
[18]:1579
[19]:1018
[20]:737
[21]:636
[22]:630
[23]:612
[24]:591
[25]:512
[26]:473
[27]:483
[28]:429
[29]:357
[30]:326
[31]:329
[32]:284
[33]:230
[34]:218
[35]:173
[36]:160
[37]:106
[38]:72
[39]:39
[40]:30
[41]:19
[42]:18
[43]:8
[44]:8
[45]:6
[46]:7
[47]:3
[48]:2
[49]:2
[53]:1
[54]:1
[55]:1
[56]:1
[58]:2
[59]:3
[61]:2
[64]:3
[65]:2
[68]:3
[69]:2
[70]:1

t2_region>
[97]:332
[98]:4611
[99]:4090
[100]:7411
[101]:7605
[102]:8457
[103]:11370
[104]:13863
[105]:15999
[106]:10922
[107]:5257
[108]:2893
[109]:2476
[110]:2087
[111]:1357
[112]:982
[113]:974
[114]:1181
[115]:1357
[116]:1215
[117]:859
[118]:713
[119]:720
[120]:653
[121]:583
[122]:556
[123]:534
[124]:509
[125]:488
[126]:434
[127]:407
[128]:418
[129]:386
[130]:351
[131]:355
[132]:291
[133]:318
[134]:275
[135]:232
[136]:199
[137]:181
[138]:142
[139]:125
[140]:114
[141]:85
[142]:72
[143]:58
[144]:53
[145]:57
[146]:34
[147]:28
[148]:24
[149]:16
[150]:14
[151]:8
[152]:6
[153]:7
[154]:5
[156]:2
[157]:1
[159]:1
[160]:2
[161]:3
[163]:2
[165]:1
[166]:2
[167]:2
[168]:2
[170]:2
[172]:1
[173]:3
[174]:2
[177]:1
[179]:1

t0_min: 1.08 us, round:1998
t0_max: 36.33 us, round:33927
t0_jitter: 35.25 us

t1_min: 2.67 us, round:2027
t1_max: 70.46 us, round:33927
t1_jitter: 67.79 us

t2_min: 97.29 us, round:6326
t2_max: 179.25 us, round:33927
t2_jitter: 81.96 us

PMU diff samples: 114863
AVG DIFF LL_CACHE_RD: 99.63
AVG DIFF LL_CACHE_MISS_RD: 43.23
AVG DIFF L2D_CACHE_REFILL: 43.34
AVG DIFF L2D_CACHE_INVAL: 0.00
[cur diff] DIFF LL_CACHE_RD: 15, DIFF LL_CACHE_MISS_RD: 11, MISS_RATE: 73.33%
[cur diff] DIFF L2D_CACHE_REFILL: 2
[cur diff] DIFF L2D_CACHE_INVAL: 0
[max diff] DIFF LL_CACHE_RD: 152, DIFF LL_CACHE_MISS_RD: 123, MISS_RATE: 80.92%
[max diff] DIFF L2D_CACHE_REFILL: 123
[max diff] DIFF L2D_CACHE_INVAL: 0

===========================================================
taskpendcnt:116906
t0:3333 ns
t1:5208 ns
t2:101291 ns
benchmark: Franka-derived Cartesian-impedance kernel, input trace:8, timer period:1.000 ms
controller source: franka_ros2 jazzy@73a1501d, updates:116928, SVD sweeps:5
pose error:[0.010000 0.015000 0.010000 -0.000000 0.049979 -0.000000]
tau[0:6]:[-0.274004 -0.324180 0.001577 -0.231466 0.050986 -0.328952 0.010844]
kernel exec min/avg/max: 94.50 / 97.56 / 123.08 us, samples:116938
pressure status:1, copy rounds total/window:495/10, 4.41 rounds/s
pressure logical copy:4950.00 MiB total, approx 44.14 MiB/s, checksum:659187302400
pressure report window:2.265770 s
t0_region>
[1]:25180
[2]:35801
[3]:30152
[4]:8913
[5]:2825
[6]:2241
[7]:2535
[8]:2763
[9]:2012
[10]:1206
[11]:932
[12]:673
[13]:581
[14]:415
[15]:273
[16]:194
[17]:111
[18]:83
[19]:28
[20]:13
[21]:5
[22]:3
[24]:1
[25]:7
[26]:1
[27]:2
[28]:2
[30]:2
[31]:2
[32]:1
[33]:2
[35]:1
[36]:1

t1_region>
[2]:833
[3]:10020
[4]:10785
[5]:7898
[6]:13759
[7]:19049
[8]:19177
[9]:11206
[10]:4832
[11]:1917
[12]:1193
[13]:1025
[14]:1005
[15]:992
[16]:1283
[17]:1851
[18]:1600
[19]:1036
[20]:739
[21]:638
[22]:632
[23]:612
[24]:592
[25]:512
[26]:474
[27]:483
[28]:429
[29]:357
[30]:326
[31]:329
[32]:284
[33]:230
[34]:218
[35]:173
[36]:160
[37]:106
[38]:72
[39]:39
[40]:30
[41]:19
[42]:18
[43]:8
[44]:8
[45]:6
[46]:7
[47]:3
[48]:2
[49]:2
[53]:1
[54]:1
[55]:1
[56]:1
[58]:2
[59]:3
[61]:2
[64]:3
[65]:2
[68]:3
[69]:2
[70]:1

t2_region>
[97]:332
[98]:4633
[99]:4130
[100]:7532
[101]:7759
[102]:8660
[103]:11641
[104]:14154
[105]:16325
[106]:11213
[107]:5405
[108]:3005
[109]:2557
[110]:2130
[111]:1380
[112]:998
[113]:988
[114]:1196
[115]:1379
[116]:1231
[117]:867
[118]:718
[119]:731
[120]:661
[121]:591
[122]:557
[123]:535
[124]:516
[125]:490
[126]:436
[127]:407
[128]:419
[129]:386
[130]:352
[131]:355
[132]:291
[133]:319
[134]:275
[135]:233
[136]:199
[137]:181
[138]:142
[139]:125
[140]:114
[141]:85
[142]:72
[143]:58
[144]:53
[145]:57
[146]:34
[147]:28
[148]:24
[149]:16
[150]:14
[151]:8
[152]:6
[153]:7
[154]:5
[156]:2
[157]:1
[159]:1
[160]:2
[161]:3
[163]:2
[165]:1
[166]:2
[167]:2
[168]:2
[170]:2
[172]:1
[173]:3
[174]:2
[177]:1
[179]:1

t0_min: 1.08 us, round:1998
t0_max: 36.33 us, round:33927
t0_jitter: 35.25 us

t1_min: 2.67 us, round:2027
t1_max: 70.46 us, round:33927
t1_jitter: 67.79 us

t2_min: 97.29 us, round:6326
t2_max: 179.25 us, round:33927
t2_jitter: 81.96 us

PMU diff samples: 117129
AVG DIFF LL_CACHE_RD: 99.66
AVG DIFF LL_CACHE_MISS_RD: 43.33
AVG DIFF L2D_CACHE_REFILL: 43.44
AVG DIFF L2D_CACHE_INVAL: 0.00
[cur diff] DIFF LL_CACHE_RD: 3, DIFF LL_CACHE_MISS_RD: 3, MISS_RATE: 100.00%
[cur diff] DIFF L2D_CACHE_REFILL: 4
[cur diff] DIFF L2D_CACHE_INVAL: 0
[max diff] DIFF LL_CACHE_RD: 152, DIFF LL_CACHE_MISS_RD: 123, MISS_RATE: 80.92%
[max diff] DIFF L2D_CACHE_REFILL: 123
[max diff] DIFF L2D_CACHE_INVAL: 0

===========================================================
taskpendcnt:119172
t0:3375 ns
t1:4958 ns
t2:101625 ns
benchmark: Franka-derived Cartesian-impedance kernel, input trace:8, timer period:1.000 ms
controller source: franka_ros2 jazzy@73a1501d, updates:119194, SVD sweeps:5
pose error:[0.010000 0.015000 0.010000 -0.000000 0.049979 -0.000000]
tau[0:6]:[1.228026 0.081850 0.819520 0.875435 0.745706 -0.833381 0.398995]
kernel exec min/avg/max: 94.50 / 97.56 / 123.08 us, samples:119204
pressure status:1, copy rounds total/window:504/9, 3.97 rounds/s
pressure logical copy:5040.00 MiB total, approx 39.72 MiB/s, checksum:671172526080
pressure report window:2.265757 s
t0_region>
[1]:25550
[2]:36702
[3]:30844
[4]:9095
[5]:2855
[6]:2250
[7]:2554
[8]:2801
[9]:2032
[10]:1211
[11]:932
[12]:673
[13]:581
[14]:415
[15]:273
[16]:194
[17]:111
[18]:83
[19]:28
[20]:13
[21]:5
[22]:3
[24]:1
[25]:7
[26]:1
[27]:2
[28]:2
[30]:2
[31]:2
[32]:1
[33]:2
[35]:1
[36]:1

t1_region>
[2]:846
[3]:10131
[4]:10923
[5]:8081
[6]:14100
[7]:19519
[8]:19683
[9]:11461
[10]:4939
[11]:1951
[12]:1203
[13]:1031
[14]:1009
[15]:999
[16]:1299
[17]:1880
[18]:1624
[19]:1047
[20]:739
[21]:638
[22]:632
[23]:612
[24]:592
[25]:512
[26]:474
[27]:483
[28]:429
[29]:357
[30]:326
[31]:329
[32]:284
[33]:230
[34]:218
[35]:173
[36]:160
[37]:106
[38]:72
[39]:39
[40]:30
[41]:19
[42]:18
[43]:8
[44]:8
[45]:6
[46]:7
[47]:3
[48]:2
[49]:2
[53]:1
[54]:1
[55]:1
[56]:1
[58]:2
[59]:3
[61]:2
[64]:3
[65]:2
[68]:3
[69]:2
[70]:1

t2_region>
[97]:332
[98]:4651
[99]:4179
[100]:7629
[101]:7927
[102]:8901
[103]:11904
[104]:14493
[105]:16735
[106]:11498
[107]:5515
[108]:3068
[109]:2604
[110]:2177
[111]:1404
[112]:1014
[113]:1003
[114]:1218
[115]:1401
[116]:1257
[117]:870
[118]:719
[119]:731
[120]:661
[121]:591
[122]:557
[123]:535
[124]:516
[125]:490
[126]:436
[127]:407
[128]:419
[129]:386
[130]:352
[131]:355
[132]:291
[133]:319
[134]:275
[135]:233
[136]:199
[137]:181
[138]:142
[139]:125
[140]:114
[141]:85
[142]:72
[143]:58
[144]:53
[145]:57
[146]:34
[147]:28
[148]:24
[149]:16
[150]:14
[151]:8
[152]:6
[153]:7
[154]:5
[156]:2
[157]:1
[159]:1
[160]:2
[161]:3
[163]:2
[165]:1
[166]:2
[167]:2
[168]:2
[170]:2
[172]:1
[173]:3
[174]:2
[177]:1
[179]:1

t0_min: 1.08 us, round:1998
t0_max: 36.33 us, round:33927
t0_jitter: 35.25 us

t1_min: 2.67 us, round:2027
t1_max: 70.46 us, round:33927
t1_jitter: 67.79 us

t2_min: 97.29 us, round:6326
t2_max: 179.25 us, round:33927
t2_jitter: 81.96 us

PMU diff samples: 119395
AVG DIFF LL_CACHE_RD: 99.65
AVG DIFF LL_CACHE_MISS_RD: 43.32
AVG DIFF L2D_CACHE_REFILL: 43.43
AVG DIFF L2D_CACHE_INVAL: 0.00
[cur diff] DIFF LL_CACHE_RD: 7, DIFF LL_CACHE_MISS_RD: 7, MISS_RATE: 100.00%
[cur diff] DIFF L2D_CACHE_REFILL: 2
[cur diff] DIFF L2D_CACHE_INVAL: 0
[max diff] DIFF LL_CACHE_RD: 152, DIFF LL_CACHE_MISS_RD: 123, MISS_RATE: 80.92%
[max diff] DIFF L2D_CACHE_REFILL: 123
[max diff] DIFF L2D_CACHE_INVAL: 0

===========================================================
taskpendcnt:121437
t0:2416 ns
t1:4291 ns
t2:100666 ns
benchmark: Franka-derived Cartesian-impedance kernel, input trace:8, timer period:1.000 ms
controller source: franka_ros2 jazzy@73a1501d, updates:121459, SVD sweeps:5
pose error:[0.010000 0.015000 0.010000 -0.000000 0.049979 -0.000000]
tau[0:6]:[1.376914 -0.104433 0.790225 0.843903 0.642107 -0.956178 0.423547]
kernel exec min/avg/max: 94.50 / 97.55 / 123.08 us, samples:121469
pressure status:1, copy rounds total/window:514/10, 4.41 rounds/s
pressure logical copy:5140.00 MiB total, approx 44.15 MiB/s, checksum:684489441280
pressure report window:2.265041 s
t0_region>
[1]:25903
[2]:37560
[3]:31596
[4]:9284
[5]:2889
[6]:2262
[7]:2574
[8]:2827
[9]:2051
[10]:1213
[11]:932
[12]:673
[13]:581
[14]:415
[15]:273
[16]:194
[17]:111
[18]:83
[19]:28
[20]:13
[21]:5
[22]:3
[24]:1
[25]:7
[26]:1
[27]:2
[28]:2
[30]:2
[31]:2
[32]:1
[33]:2
[35]:1
[36]:1

t1_region>
[2]:860
[3]:10233
[4]:11085
[5]:8253
[6]:14460
[7]:20021
[8]:20129
[9]:11726
[10]:5054
[11]:1986
[12]:1209
[13]:1039
[14]:1017
[15]:1004
[16]:1314
[17]:1904
[18]:1643
[19]:1052
[20]:741
[21]:638
[22]:632
[23]:612
[24]:592
[25]:512
[26]:474
[27]:483
[28]:429
[29]:357
[30]:326
[31]:329
[32]:284
[33]:230
[34]:218
[35]:173
[36]:160
[37]:106
[38]:72
[39]:39
[40]:30
[41]:19
[42]:18
[43]:8
[44]:8
[45]:6
[46]:7
[47]:3
[48]:2
[49]:2
[53]:1
[54]:1
[55]:1
[56]:1
[58]:2
[59]:3
[61]:2
[64]:3
[65]:2
[68]:3
[69]:2
[70]:1

t2_region>
[97]:332
[98]:4672
[99]:4222
[100]:7745
[101]:8077
[102]:9110
[103]:12208
[104]:14852
[105]:17115
[106]:11797
[107]:5612
[108]:3136
[109]:2661
[110]:2216
[111]:1439
[112]:1028
[113]:1011
[114]:1239
[115]:1420
[116]:1271
[117]:874
[118]:722
[119]:733
[120]:662
[121]:593
[122]:557
[123]:535
[124]:516
[125]:490
[126]:436
[127]:407
[128]:419
[129]:386
[130]:352
[131]:355
[132]:291
[133]:319
[134]:275
[135]:233
[136]:199
[137]:181
[138]:142
[139]:125
[140]:114
[141]:85
[142]:72
[143]:58
[144]:53
[145]:57
[146]:34
[147]:28
[148]:24
[149]:16
[150]:14
[151]:8
[152]:6
[153]:7
[154]:5
[156]:2
[157]:1
[159]:1
[160]:2
[161]:3
[163]:2
[165]:1
[166]:2
[167]:2
[168]:2
[170]:2
[172]:1
[173]:3
[174]:2
[177]:1
[179]:1

t0_min: 1.08 us, round:1998
t0_max: 36.33 us, round:33927
t0_jitter: 35.25 us

t1_min: 2.67 us, round:2027
t1_max: 70.46 us, round:33927
t1_jitter: 67.79 us

t2_min: 97.29 us, round:6326
t2_max: 179.25 us, round:33927
t2_jitter: 81.96 us

PMU diff samples: 121660
AVG DIFF LL_CACHE_RD: 99.64
AVG DIFF LL_CACHE_MISS_RD: 43.29
AVG DIFF L2D_CACHE_REFILL: 43.40
AVG DIFF L2D_CACHE_INVAL: 0.00
[cur diff] DIFF LL_CACHE_RD: 13, DIFF LL_CACHE_MISS_RD: 10, MISS_RATE: 76.92%
[cur diff] DIFF L2D_CACHE_REFILL: 1
[cur diff] DIFF L2D_CACHE_INVAL: 0
[max diff] DIFF LL_CACHE_RD: 152, DIFF LL_CACHE_MISS_RD: 123, MISS_RATE: 80.92%
[max diff] DIFF L2D_CACHE_REFILL: 123
[max diff] DIFF L2D_CACHE_INVAL: 0

===========================================================
taskpendcnt:123703
t0:2458 ns
t1:4916 ns
t2:101583 ns
benchmark: Franka-derived Cartesian-impedance kernel, input trace:8, timer period:1.000 ms
controller source: franka_ros2 jazzy@73a1501d, updates:123725, SVD sweeps:5
pose error:[0.010000 0.015000 0.010000 -0.000000 0.049979 -0.000000]
tau[0:6]:[-2.781770 -1.613002 -1.930139 -1.581803 -1.382951 -0.390599 -0.663394]
kernel exec min/avg/max: 94.50 / 97.54 / 123.08 us, samples:123735
pressure status:1, copy rounds total/window:523/9, 3.97 rounds/s
pressure logical copy:5230.00 MiB total, approx 39.71 MiB/s, checksum:696474664960
pressure report window:2.266422 s
t0_region>
[1]:26272
[2]:38458
[3]:32321
[4]:9446
[5]:2902
[6]:2271
[7]:2597
[8]:2867
[9]:2075
[10]:1216
[11]:932
[12]:673
[13]:581
[14]:415
[15]:273
[16]:194
[17]:111
[18]:83
[19]:28
[20]:13
[21]:5
[22]:3
[24]:1
[25]:7
[26]:1
[27]:2
[28]:2
[30]:2
[31]:2
[32]:1
[33]:2
[35]:1
[36]:1

t1_region>
[2]:875
[3]:10333
[4]:11231
[5]:8421
[6]:14808
[7]:20539
[8]:20653
[9]:11944
[10]:5155
[11]:2008
[12]:1215
[13]:1041
[14]:1020
[15]:1013
[16]:1323
[17]:1937
[18]:1674
[19]:1063
[20]:743
[21]:638
[22]:633
[23]:612
[24]:592
[25]:512
[26]:474
[27]:483
[28]:429
[29]:357
[30]:326
[31]:329
[32]:284
[33]:230
[34]:218
[35]:173
[36]:160
[37]:106
[38]:72
[39]:39
[40]:30
[41]:19
[42]:18
[43]:8
[44]:8
[45]:6
[46]:7
[47]:3
[48]:2
[49]:2
[53]:1
[54]:1
[55]:1
[56]:1
[58]:2
[59]:3
[61]:2
[64]:3
[65]:2
[68]:3
[69]:2
[70]:1

t2_region>
[97]:332
[98]:4688
[99]:4272
[100]:7843
[101]:8226
[102]:9318
[103]:12485
[104]:15236
[105]:17553
[106]:12100
[107]:5713
[108]:3190
[109]:2704
[110]:2247
[111]:1451
[112]:1034
[113]:1021
[114]:1252
[115]:1443
[116]:1289
[117]:885
[118]:731
[119]:738
[120]:668
[121]:593
[122]:557
[123]:535
[124]:516
[125]:490
[126]:436
[127]:407
[128]:419
[129]:386
[130]:352
[131]:355
[132]:291
[133]:319
[134]:275
[135]:233
[136]:199
[137]:181
[138]:142
[139]:125
[140]:114
[141]:85
[142]:72
[143]:58
[144]:53
[145]:57
[146]:34
[147]:28
[148]:24
[149]:16
[150]:14
[151]:8
[152]:6
[153]:7
[154]:5
[156]:2
[157]:1
[159]:1
[160]:2
[161]:3
[163]:2
[165]:1
[166]:2
[167]:2
[168]:2
[170]:2
[172]:1
[173]:3
[174]:2
[177]:1
[179]:1

t0_min: 1.08 us, round:1998
t0_max: 36.33 us, round:33927
t0_jitter: 35.25 us

t1_min: 2.67 us, round:2027
t1_max: 70.46 us, round:33927
t1_jitter: 67.79 us

t2_min: 97.29 us, round:6326
t2_max: 179.25 us, round:33927
t2_jitter: 81.96 us

PMU diff samples: 123926
AVG DIFF LL_CACHE_RD: 99.62
AVG DIFF LL_CACHE_MISS_RD: 43.28
AVG DIFF L2D_CACHE_REFILL: 43.39
AVG DIFF L2D_CACHE_INVAL: 0.00
[cur diff] DIFF LL_CACHE_RD: 2, DIFF LL_CACHE_MISS_RD: 2, MISS_RATE: 100.00%
[cur diff] DIFF L2D_CACHE_REFILL: 4
[cur diff] DIFF L2D_CACHE_INVAL: 0
[max diff] DIFF LL_CACHE_RD: 152, DIFF LL_CACHE_MISS_RD: 123, MISS_RATE: 80.92%
[max diff] DIFF L2D_CACHE_REFILL: 123
[max diff] DIFF L2D_CACHE_INVAL: 0

===========================================================
taskpendcnt:125969
t0:2791 ns
t1:4375 ns
t2:102500 ns
benchmark: Franka-derived Cartesian-impedance kernel, input trace:8, timer period:1.000 ms
controller source: franka_ros2 jazzy@73a1501d, updates:125991, SVD sweeps:5
pose error:[0.010000 0.015000 0.010000 -0.000000 0.049979 -0.000000]
tau[0:6]:[-1.839419 -0.921560 -1.193198 -1.195971 -0.861243 0.113634 -0.461388]
kernel exec min/avg/max: 94.50 / 97.54 / 123.08 us, samples:126001
pressure status:1, copy rounds total/window:533/10, 4.41 rounds/s
pressure logical copy:5330.00 MiB total, approx 44.13 MiB/s, checksum:709791580160
pressure report window:2.265926 s
t0_region>
[1]:26641
[2]:39320
[3]:33039
[4]:9636
[5]:2938
[6]:2286
[7]:2611
[8]:2913
[9]:2089
[10]:1218
[11]:932
[12]:673
[13]:581
[14]:415
[15]:273
[16]:194
[17]:111
[18]:83
[19]:28
[20]:13
[21]:5
[22]:3
[24]:1
[25]:7
[26]:1
[27]:2
[28]:2
[30]:2
[31]:2
[32]:1
[33]:2
[35]:1
[36]:1

t1_region>
[2]:887
[3]:10434
[4]:11386
[5]:8616
[6]:15153
[7]:21002
[8]:21108
[9]:12240
[10]:5250
[11]:2043
[12]:1231
[13]:1049
[14]:1024
[15]:1023
[16]:1339
[17]:1964
[18]:1700
[19]:1070
[20]:743
[21]:638
[22]:633
[23]:612
[24]:592
[25]:512
[26]:474
[27]:483
[28]:429
[29]:357
[30]:326
[31]:329
[32]:284
[33]:230
[34]:218
[35]:173
[36]:160
[37]:106
[38]:72
[39]:39
[40]:30
[41]:19
[42]:18
[43]:8
[44]:8
[45]:6
[46]:7
[47]:3
[48]:2
[49]:2
[53]:1
[54]:1
[55]:1
[56]:1
[58]:2
[59]:3
[61]:2
[64]:3
[65]:2
[68]:3
[69]:2
[70]:1

t2_region>
[97]:332
[98]:4703
[99]:4321
[100]:7945
[101]:8404
[102]:9554
[103]:12744
[104]:15583
[105]:17936
[106]:12396
[107]:5827
[108]:3240
[109]:2755
[110]:2300
[111]:1479
[112]:1051
[113]:1034
[114]:1266
[115]:1474
[116]:1305
[117]:892
[118]:734
[119]:742
[120]:668
[121]:594
[122]:557
[123]:535
[124]:516
[125]:490
[126]:436
[127]:407
[128]:419
[129]:386
[130]:352
[131]:355
[132]:291
[133]:319
[134]:275
[135]:233
[136]:199
[137]:181
[138]:142
[139]:125
[140]:114
[141]:85
[142]:72
[143]:58
[144]:53
[145]:57
[146]:34
[147]:28
[148]:24
[149]:16
[150]:14
[151]:8
[152]:6
[153]:7
[154]:5
[156]:2
[157]:1
[159]:1
[160]:2
[161]:3
[163]:2
[165]:1
[166]:2
[167]:2
[168]:2
[170]:2
[172]:1
[173]:3
[174]:2
[177]:1
[179]:1

t0_min: 1.08 us, round:1998
t0_max: 36.33 us, round:33927
t0_jitter: 35.25 us

t1_min: 2.67 us, round:2027
t1_max: 70.46 us, round:33927
t1_jitter: 67.79 us

t2_min: 97.29 us, round:6326
t2_max: 179.25 us, round:33927
t2_jitter: 81.96 us

PMU diff samples: 126192
AVG DIFF LL_CACHE_RD: 99.62
AVG DIFF LL_CACHE_MISS_RD: 43.27
AVG DIFF L2D_CACHE_REFILL: 43.38
AVG DIFF L2D_CACHE_INVAL: 0.00
[cur diff] DIFF LL_CACHE_RD: 5, DIFF LL_CACHE_MISS_RD: 5, MISS_RATE: 100.00%
[cur diff] DIFF L2D_CACHE_REFILL: 4
[cur diff] DIFF L2D_CACHE_INVAL: 0
[max diff] DIFF LL_CACHE_RD: 152, DIFF LL_CACHE_MISS_RD: 123, MISS_RATE: 80.92%
[max diff] DIFF L2D_CACHE_REFILL: 123
[max diff] DIFF L2D_CACHE_INVAL: 0

===========================================================
taskpendcnt:128235
t0:3125 ns
t1:5291 ns
t2:100500 ns
benchmark: Franka-derived Cartesian-impedance kernel, input trace:8, timer period:1.000 ms
controller source: franka_ros2 jazzy@73a1501d, updates:128257, SVD sweeps:5
pose error:[0.010000 0.015000 0.010000 -0.000000 0.049979 -0.000000]
tau[0:6]:[0.839771 0.130674 0.617691 0.624912 0.653099 -0.592692 0.265887]
kernel exec min/avg/max: 94.50 / 97.53 / 123.08 us, samples:128267
pressure status:1, copy rounds total/window:543/10, 4.41 rounds/s
pressure logical copy:5430.00 MiB total, approx 44.14 MiB/s, checksum:723108495360
pressure report window:2.265555 s
t0_region>
[1]:27025
[2]:40162
[3]:33787
[4]:9826
[5]:2956
[6]:2301
[7]:2632
[8]:2940
[9]:2108
[10]:1220
[11]:932
[12]:673
[13]:581
[14]:415
[15]:273
[16]:194
[17]:111
[18]:83
[19]:28
[20]:13
[21]:5
[22]:3
[24]:1
[25]:7
[26]:1
[27]:2
[28]:2
[30]:2
[31]:2
[32]:1
[33]:2
[35]:1
[36]:1

t1_region>
[2]:896
[3]:10547
[4]:11542
[5]:8780
[6]:15499
[7]:21507
[8]:21587
[9]:12498
[10]:5358
[11]:2074
[12]:1236
[13]:1057
[14]:1033
[15]:1031
[16]:1354
[17]:1984
[18]:1724
[19]:1077
[20]:743
[21]:638
[22]:633
[23]:612
[24]:592
[25]:512
[26]:474
[27]:483
[28]:429
[29]:357
[30]:326
[31]:329
[32]:284
[33]:230
[34]:218
[35]:173
[36]:160
[37]:106
[38]:72
[39]:39
[40]:30
[41]:19
[42]:18
[43]:8
[44]:8
[45]:6
[46]:7
[47]:3
[48]:2
[49]:2
[53]:1
[54]:1
[55]:1
[56]:1
[58]:2
[59]:3
[61]:2
[64]:3
[65]:2
[68]:3
[69]:2
[70]:1

t2_region>
[97]:332
[98]:4727
[99]:4362
[100]:8052
[101]:8571
[102]:9765
[103]:13009
[104]:15979
[105]:18341
[106]:12658
[107]:5945
[108]:3297
[109]:2815
[110]:2337
[111]:1506
[112]:1066
[113]:1043
[114]:1279
[115]:1498
[116]:1318
[117]:897
[118]:736
[119]:744
[120]:672
[121]:595
[122]:557
[123]:535
[124]:516
[125]:490
[126]:436
[127]:407
[128]:419
[129]:386
[130]:352
[131]:355
[132]:291
[133]:319
[134]:275
[135]:233
[136]:199
[137]:181
[138]:142
[139]:125
[140]:114
[141]:85
[142]:72
[143]:58
[144]:53
[145]:57
[146]:34
[147]:28
[148]:24
[149]:16
[150]:14
[151]:8
[152]:6
[153]:7
[154]:5
[156]:2
[157]:1
[159]:1
[160]:2
[161]:3
[163]:2
[165]:1
[166]:2
[167]:2
[168]:2
[170]:2
[172]:1
[173]:3
[174]:2
[177]:1
[179]:1

t0_min: 1.08 us, round:1998
t0_max: 36.33 us, round:33927
t0_jitter: 35.25 us

t1_min: 2.67 us, round:2027
t1_max: 70.46 us, round:33927
t1_jitter: 67.79 us

t2_min: 97.29 us, round:6326
t2_max: 179.25 us, round:33927
t2_jitter: 81.96 us

PMU diff samples: 128458
AVG DIFF LL_CACHE_RD: 99.59
AVG DIFF LL_CACHE_MISS_RD: 43.25
AVG DIFF L2D_CACHE_REFILL: 43.36
AVG DIFF L2D_CACHE_INVAL: 0.00
[cur diff] DIFF LL_CACHE_RD: 6, DIFF LL_CACHE_MISS_RD: 5, MISS_RATE: 83.33%
[cur diff] DIFF L2D_CACHE_REFILL: 2
[cur diff] DIFF L2D_CACHE_INVAL: 0
[max diff] DIFF LL_CACHE_RD: 152, DIFF LL_CACHE_MISS_RD: 123, MISS_RATE: 80.92%
[max diff] DIFF L2D_CACHE_REFILL: 123
[max diff] DIFF L2D_CACHE_INVAL: 0

===========================================================
taskpendcnt:130500
t0:2458 ns
t1:4625 ns
t2:101291 ns
benchmark: Franka-derived Cartesian-impedance kernel, input trace:8, timer period:1.000 ms
controller source: franka_ros2 jazzy@73a1501d, updates:130522, SVD sweeps:5
pose error:[0.010000 0.015000 0.010000 -0.000000 0.049979 -0.000000]
tau[0:6]:[1.228026 0.081850 0.819520 0.875435 0.745706 -0.833381 0.398995]
kernel exec min/avg/max: 94.50 / 97.53 / 123.08 us, samples:130532
pressure status:1, copy rounds total/window:552/9, 3.97 rounds/s
pressure logical copy:5520.00 MiB total, approx 39.74 MiB/s, checksum:735093719040
pressure report window:2.265000 s
t0_region>
[1]:27394
[2]:41038
[3]:34525
[4]:9996
[5]:2969
[6]:2313
[7]:2653
[8]:2981
[9]:2130
[10]:1223
[11]:932
[12]:673
[13]:581
[14]:415
[15]:273
[16]:194
[17]:111
[18]:83
[19]:28
[20]:13
[21]:5
[22]:3
[24]:1
[25]:7
[26]:1
[27]:2
[28]:2
[30]:2
[31]:2
[32]:1
[33]:2
[35]:1
[36]:1

t1_region>
[2]:913
[3]:10659
[4]:11689
[5]:8955
[6]:15850
[7]:22031
[8]:22088
[9]:12721
[10]:5445
[11]:2092
[12]:1244
[13]:1061
[14]:1035
[15]:1038
[16]:1379
[17]:2014
[18]:1744
[19]:1089
[20]:745
[21]:638
[22]:633
[23]:612
[24]:592
[25]:512
[26]:474
[27]:483
[28]:429
[29]:357
[30]:326
[31]:329
[32]:284
[33]:230
[34]:218
[35]:173
[36]:160
[37]:106
[38]:72
[39]:39
[40]:30
[41]:19
[42]:18
[43]:8
[44]:8
[45]:6
[46]:7
[47]:3
[48]:2
[49]:2
[53]:1
[54]:1
[55]:1
[56]:1
[58]:2
[59]:3
[61]:2
[64]:3
[65]:2
[68]:3
[69]:2
[70]:1

t2_region>
[97]:332
[98]:4749
[99]:4415
[100]:8159
[101]:8729
[102]:9974
[103]:13299
[104]:16359
[105]:18777
[106]:12922
[107]:6052
[108]:3356
[109]:2846
[110]:2363
[111]:1527
[112]:1071
[113]:1053
[114]:1300
[115]:1520
[116]:1337
[117]:902
[118]:743
[119]:747
[120]:676
[121]:601
[122]:557
[123]:535
[124]:516
[125]:490
[126]:436
[127]:407
[128]:419
[129]:386
[130]:352
[131]:355
[132]:291
[133]:319
[134]:275
[135]:233
[136]:199
[137]:181
[138]:142
[139]:125
[140]:114
[141]:85
[142]:72
[143]:58
[144]:53
[145]:57
[146]:34
[147]:28
[148]:24
[149]:16
[150]:14
[151]:8
[152]:6
[153]:7
[154]:5
[156]:2
[157]:1
[159]:1
[160]:2
[161]:3
[163]:2
[165]:1
[166]:2
[167]:2
[168]:2
[170]:2
[172]:1
[173]:3
[174]:2
[177]:1
[179]:1

t0_min: 1.08 us, round:1998
t0_max: 36.33 us, round:33927
t0_jitter: 35.25 us

t1_min: 2.67 us, round:2027
t1_max: 70.46 us, round:33927
t1_jitter: 67.79 us

t2_min: 97.29 us, round:6326
t2_max: 179.25 us, round:33927
t2_jitter: 81.96 us

PMU diff samples: 130723
AVG DIFF LL_CACHE_RD: 99.57
AVG DIFF LL_CACHE_MISS_RD: 43.23
AVG DIFF L2D_CACHE_REFILL: 43.34
AVG DIFF L2D_CACHE_INVAL: 0.00
[cur diff] DIFF LL_CACHE_RD: 5, DIFF LL_CACHE_MISS_RD: 3, MISS_RATE: 60.00%
[cur diff] DIFF L2D_CACHE_REFILL: 5
[cur diff] DIFF L2D_CACHE_INVAL: 0
[max diff] DIFF LL_CACHE_RD: 152, DIFF LL_CACHE_MISS_RD: 123, MISS_RATE: 80.92%
[max diff] DIFF L2D_CACHE_REFILL: 123
[max diff] DIFF L2D_CACHE_INVAL: 0

===========================================================
taskpendcnt:132765
t0:1791 ns
t1:4833 ns
t2:101208 ns
benchmark: Franka-derived Cartesian-impedance kernel, input trace:8, timer period:1.000 ms
controller source: franka_ros2 jazzy@73a1501d, updates:132787, SVD sweeps:5
pose error:[0.010000 0.015000 0.010000 -0.000000 0.049979 -0.000000]
tau[0:6]:[1.376914 -0.104433 0.790225 0.843903 0.642107 -0.956178 0.423547]
kernel exec min/avg/max: 94.50 / 97.52 / 123.08 us, samples:132797
pressure status:1, copy rounds total/window:562/10, 4.41 rounds/s
pressure logical copy:5620.00 MiB total, approx 44.15 MiB/s, checksum:748410634240
pressure report window:2.265114 s
t0_region>
[1]:27751
[2]:41903
[3]:35259
[4]:10194
[5]:2987
[6]:2319
[7]:2685
[8]:3010
[9]:2155
[10]:1224
[11]:932
[12]:673
[13]:581
[14]:415
[15]:273
[16]:194
[17]:111
[18]:83
[19]:28
[20]:13
[21]:5
[22]:3
[24]:1
[25]:7
[26]:1
[27]:2
[28]:2
[30]:2
[31]:2
[32]:1
[33]:2
[35]:1
[36]:1

t1_region>
[2]:936
[3]:10763
[4]:11819
[5]:9177
[6]:16164
[7]:22476
[8]:22606
[9]:12992
[10]:5551
[11]:2125
[12]:1249
[13]:1062
[14]:1039
[15]:1044
[16]:1398
[17]:2044
[18]:1764
[19]:1101
[20]:748
[21]:638
[22]:633
[23]:612
[24]:592
[25]:512
[26]:474
[27]:483
[28]:429
[29]:357
[30]:326
[31]:329
[32]:284
[33]:230
[34]:218
[35]:173
[36]:160
[37]:106
[38]:72
[39]:39
[40]:30
[41]:19
[42]:18
[43]:8
[44]:8
[45]:6
[46]:7
[47]:3
[48]:2
[49]:2
[53]:1
[54]:1
[55]:1
[56]:1
[58]:2
[59]:3
[61]:2
[64]:3
[65]:2
[68]:3
[69]:2
[70]:1

t2_region>
[97]:332
[98]:4774
[99]:4459
[100]:8260
[101]:8902
[102]:10206
[103]:13555
[104]:16674
[105]:19189
[106]:13216
[107]:6178
[108]:3421
[109]:2903
[110]:2411
[111]:1544
[112]:1082
[113]:1059
[114]:1330
[115]:1542
[116]:1354
[117]:909
[118]:746
[119]:750
[120]:676
[121]:602
[122]:558
[123]:535
[124]:516
[125]:490
[126]:436
[127]:407
[128]:419
[129]:386
[130]:352
[131]:355
[132]:291
[133]:319
[134]:275
[135]:233
[136]:199
[137]:181
[138]:142
[139]:125
[140]:114
[141]:85
[142]:72
[143]:58
[144]:53
[145]:57
[146]:34
[147]:28
[148]:24
[149]:16
[150]:14
[151]:8
[152]:6
[153]:7
[154]:5
[156]:2
[157]:1
[159]:1
[160]:2
[161]:3
[163]:2
[165]:1
[166]:2
[167]:2
[168]:2
[170]:2
[172]:1
[173]:3
[174]:2
[177]:1
[179]:1

t0_min: 1.08 us, round:1998
t0_max: 36.33 us, round:33927
t0_jitter: 35.25 us

t1_min: 2.67 us, round:2027
t1_max: 70.46 us, round:33927
t1_jitter: 67.79 us

t2_min: 97.29 us, round:6326
t2_max: 179.25 us, round:33927
t2_jitter: 81.96 us

PMU diff samples: 132988
AVG DIFF LL_CACHE_RD: 99.58
AVG DIFF LL_CACHE_MISS_RD: 43.23
AVG DIFF L2D_CACHE_REFILL: 43.34
AVG DIFF L2D_CACHE_INVAL: 0.00
[cur diff] DIFF LL_CACHE_RD: 5, DIFF LL_CACHE_MISS_RD: 3, MISS_RATE: 60.00%
[cur diff] DIFF L2D_CACHE_REFILL: 3
[cur diff] DIFF L2D_CACHE_INVAL: 0
[max diff] DIFF LL_CACHE_RD: 152, DIFF LL_CACHE_MISS_RD: 123, MISS_RATE: 80.92%
[max diff] DIFF L2D_CACHE_REFILL: 123
[max diff] DIFF L2D_CACHE_INVAL: 0

===========================================================
taskpendcnt:135031
t0:2416 ns
t1:5166 ns
t2:103000 ns
benchmark: Franka-derived Cartesian-impedance kernel, input trace:8, timer period:1.000 ms
controller source: franka_ros2 jazzy@73a1501d, updates:135053, SVD sweeps:5
pose error:[0.010000 0.015000 0.010000 -0.000000 0.049979 -0.000000]
tau[0:6]:[-2.781770 -1.613002 -1.930139 -1.581803 -1.382951 -0.390599 -0.663394]
kernel exec min/avg/max: 94.50 / 97.52 / 123.08 us, samples:135063
pressure status:1, copy rounds total/window:572/10, 4.41 rounds/s
pressure logical copy:5720.00 MiB total, approx 44.12 MiB/s, checksum:761727549440
pressure report window:2.266401 s
t0_region>
[1]:28120
[2]:42786
[3]:36017
[4]:10356
[5]:3004
[6]:2331
[7]:2707
[8]:3038
[9]:2168
[10]:1227
[11]:932
[12]:673
[13]:581
[14]:415
[15]:273
[16]:194
[17]:111
[18]:83
[19]:28
[20]:13
[21]:5
[22]:3
[24]:1
[25]:7
[26]:1
[27]:2
[28]:2
[30]:2
[31]:2
[32]:1
[33]:2
[35]:1
[36]:1

t1_region>
[2]:950
[3]:10869
[4]:11967
[5]:9380
[6]:16493
[7]:22967
[8]:23107
[9]:13262
[10]:5640
[11]:2151
[12]:1254
[13]:1070
[14]:1045
[15]:1052
[16]:1413
[17]:2065
[18]:1781
[19]:1110
[20]:748
[21]:638
[22]:633
[23]:612
[24]:592
[25]:512
[26]:474
[27]:483
[28]:429
[29]:357
[30]:326
[31]:329
[32]:284
[33]:230
[34]:218
[35]:173
[36]:160
[37]:106
[38]:72
[39]:39
[40]:30
[41]:19
[42]:18
[43]:8
[44]:8
[45]:6
[46]:7
[47]:3
[48]:2
[49]:2
[53]:1
[54]:1
[55]:1
[56]:1
[58]:2
[59]:3
[61]:2
[64]:3
[65]:2
[68]:3
[69]:2
[70]:1

t2_region>
[97]:332
[98]:4798
[99]:4495
[100]:8377
[101]:9063
[102]:10411
[103]:13826
[104]:17064
[105]:19577
[106]:13532
[107]:6289
[108]:3481
[109]:2964
[110]:2439
[111]:1558
[112]:1094
[113]:1069
[114]:1344
[115]:1557
[116]:1372
[117]:913
[118]:749
[119]:754
[120]:678
[121]:603
[122]:558
[123]:535
[124]:516
[125]:490
[126]:436
[127]:407
[128]:419
[129]:386
[130]:352
[131]:355
[132]:291
[133]:319
[134]:275
[135]:233
[136]:199
[137]:181
[138]:142
[139]:125
[140]:114
[141]:85
[142]:72
[143]:58
[144]:53
[145]:57
[146]:34
[147]:28
[148]:24
[149]:16
[150]:14
[151]:8
[152]:6
[153]:7
[154]:5
[156]:2
[157]:1
[159]:1
[160]:2
[161]:3
[163]:2
[165]:1
[166]:2
[167]:2
[168]:2
[170]:2
[172]:1
[173]:3
[174]:2
[177]:1
[179]:1

t0_min: 1.08 us, round:1998
t0_max: 36.33 us, round:33927
t0_jitter: 35.25 us

t1_min: 2.67 us, round:2027
t1_max: 70.46 us, round:33927
t1_jitter: 67.79 us

t2_min: 97.29 us, round:6326
t2_max: 179.25 us, round:33927
t2_jitter: 81.96 us

PMU diff samples: 135254
AVG DIFF LL_CACHE_RD: 99.55
AVG DIFF LL_CACHE_MISS_RD: 43.21
AVG DIFF L2D_CACHE_REFILL: 43.32
AVG DIFF L2D_CACHE_INVAL: 0.00
[cur diff] DIFF LL_CACHE_RD: 5, DIFF LL_CACHE_MISS_RD: 3, MISS_RATE: 60.00%
[cur diff] DIFF L2D_CACHE_REFILL: 1
[cur diff] DIFF L2D_CACHE_INVAL: 0
[max diff] DIFF LL_CACHE_RD: 152, DIFF LL_CACHE_MISS_RD: 123, MISS_RATE: 80.92%
[max diff] DIFF L2D_CACHE_REFILL: 123
[max diff] DIFF L2D_CACHE_INVAL: 0

===========================================================
taskpendcnt:137297
t0:2458 ns
t1:5208 ns
t2:101000 ns
benchmark: Franka-derived Cartesian-impedance kernel, input trace:8, timer period:1.000 ms
controller source: franka_ros2 jazzy@73a1501d, updates:137319, SVD sweeps:5
pose error:[0.010000 0.015000 0.010000 -0.000000 0.049979 -0.000000]
tau[0:6]:[-1.839419 -0.921560 -1.193198 -1.195971 -0.861243 0.113634 -0.461388]
kernel exec min/avg/max: 94.50 / 97.51 / 123.08 us, samples:137329
pressure status:1, copy rounds total/window:581/9, 3.97 rounds/s
pressure logical copy:5810.00 MiB total, approx 39.72 MiB/s, checksum:773712773120
pressure report window:2.265918 s
t0_region>
[1]:28475
[2]:43681
[3]:36753
[4]:10521
[5]:3027
[6]:2340
[7]:2734
[8]:3070
[9]:2190
[10]:1229
[11]:932
[12]:673
[13]:581
[14]:415
[15]:273
[16]:194
[17]:111
[18]:83
[19]:28
[20]:13
[21]:5
[22]:3
[24]:1
[25]:7
[26]:1
[27]:2
[28]:2
[30]:2
[31]:2
[32]:1
[33]:2
[35]:1
[36]:1

t1_region>
[2]:960
[3]:10980
[4]:12102
[5]:9574
[6]:16836
[7]:23458
[8]:23580
[9]:13542
[10]:5735
[11]:2179
[12]:1261
[13]:1078
[14]:1050
[15]:1057
[16]:1432
[17]:2098
[18]:1800
[19]:1118
[20]:749
[21]:638
[22]:633
[23]:612
[24]:592
[25]:512
[26]:474
[27]:483
[28]:429
[29]:357
[30]:326
[31]:329
[32]:284
[33]:230
[34]:218
[35]:173
[36]:160
[37]:106
[38]:72
[39]:39
[40]:30
[41]:19
[42]:18
[43]:8
[44]:8
[45]:6
[46]:7
[47]:3
[48]:2
[49]:2
[53]:1
[54]:1
[55]:1
[56]:1
[58]:2
[59]:3
[61]:2
[64]:3
[65]:2
[68]:3
[69]:2
[70]:1

t2_region>
[97]:332
[98]:4820
[99]:4540
[100]:8473
[101]:9220
[102]:10650
[103]:14085
[104]:17444
[105]:19976
[106]:13827
[107]:6397
[108]:3547
[109]:3018
[110]:2471
[111]:1580
[112]:1101
[113]:1075
[114]:1361
[115]:1573
[116]:1394
[117]:922
[118]:755
[119]:758
[120]:680
[121]:606
[122]:559
[123]:535
[124]:516
[125]:490
[126]:436
[127]:407
[128]:419
[129]:386
[130]:352
[131]:355
[132]:291
[133]:319
[134]:275
[135]:233
[136]:199
[137]:181
[138]:142
[139]:125
[140]:114
[141]:85
[142]:72
[143]:58
[144]:53
[145]:57
[146]:34
[147]:28
[148]:24
[149]:16
[150]:14
[151]:8
[152]:6
[153]:7
[154]:5
[156]:2
[157]:1
[159]:1
[160]:2
[161]:3
[163]:2
[165]:1
[166]:2
[167]:2
[168]:2
[170]:2
[172]:1
[173]:3
[174]:2
[177]:1
[179]:1

t0_min: 1.08 us, round:1998
t0_max: 36.33 us, round:33927
t0_jitter: 35.25 us

t1_min: 2.67 us, round:2027
t1_max: 70.46 us, round:33927
t1_jitter: 67.79 us

t2_min: 97.29 us, round:6326
t2_max: 179.25 us, round:33927
t2_jitter: 81.96 us

PMU diff samples: 137520
AVG DIFF LL_CACHE_RD: 99.54
AVG DIFF LL_CACHE_MISS_RD: 43.19
AVG DIFF L2D_CACHE_REFILL: 43.30
AVG DIFF L2D_CACHE_INVAL: 0.00
[cur diff] DIFF LL_CACHE_RD: 4, DIFF LL_CACHE_MISS_RD: 4, MISS_RATE: 100.00%
[cur diff] DIFF L2D_CACHE_REFILL: 2
[cur diff] DIFF L2D_CACHE_INVAL: 0
[max diff] DIFF LL_CACHE_RD: 152, DIFF LL_CACHE_MISS_RD: 123, MISS_RATE: 80.92%
[max diff] DIFF L2D_CACHE_REFILL: 123
[max diff] DIFF L2D_CACHE_INVAL: 0

===========================================================
taskpendcnt:139563
t0:1916 ns
t1:4083 ns
t2:102208 ns
benchmark: Franka-derived Cartesian-impedance kernel, input trace:8, timer period:1.000 ms
controller source: franka_ros2 jazzy@73a1501d, updates:139585, SVD sweeps:5
pose error:[0.010000 0.015000 0.010000 -0.000000 0.049979 -0.000000]
tau[0:6]:[0.839771 0.130674 0.617691 0.624912 0.653099 -0.592692 0.265887]
kernel exec min/avg/max: 94.50 / 97.51 / 123.08 us, samples:139595
pressure status:1, copy rounds total/window:591/10, 4.41 rounds/s
pressure logical copy:5910.00 MiB total, approx 44.14 MiB/s, checksum:787029688320
pressure report window:2.265568 s
t0_region>
[1]:28837
[2]:44580
[3]:37477
[4]:10696
[5]:3047
[6]:2348
[7]:2752
[8]:3107
[9]:2210
[10]:1231
[11]:932
[12]:673
[13]:581
[14]:415
[15]:273
[16]:194
[17]:111
[18]:83
[19]:28
[20]:13
[21]:5
[22]:3
[24]:1
[25]:7
[26]:1
[27]:2
[28]:2
[30]:2
[31]:2
[32]:1
[33]:2
[35]:1
[36]:1

t1_region>
[2]:971
[3]:11088
[4]:12261
[5]:9767
[6]:17198
[7]:23916
[8]:24062
[9]:13807
[10]:5832
[11]:2219
[12]:1265
[13]:1080
[14]:1054
[15]:1066
[16]:1444
[17]:2126
[18]:1819
[19]:1130
[20]:750
[21]:638
[22]:633
[23]:612
[24]:592
[25]:512
[26]:474
[27]:483
[28]:429
[29]:357
[30]:326
[31]:329
[32]:284
[33]:230
[34]:218
[35]:173
[36]:160
[37]:106
[38]:72
[39]:39
[40]:30
[41]:19
[42]:18
[43]:8
[44]:8
[45]:6
[46]:7
[47]:3
[48]:2
[49]:2
[53]:1
[54]:1
[55]:1
[56]:1
[58]:2
[59]:3
[61]:2
[64]:3
[65]:2
[68]:3
[69]:2
[70]:1

t2_region>
[97]:332
[98]:4842
[99]:4583
[100]:8574
[101]:9396
[102]:10885
[103]:14367
[104]:17819
[105]:20366
[106]:14080
[107]:6507
[108]:3628
[109]:3067
[110]:2505
[111]:1606
[112]:1109
[113]:1080
[114]:1380
[115]:1592
[116]:1408
[117]:934
[118]:761
[119]:761
[120]:680
[121]:608
[122]:559
[123]:535
[124]:516
[125]:490
[126]:436
[127]:407
[128]:419
[129]:386
[130]:352
[131]:355
[132]:291
[133]:319
[134]:275
[135]:233
[136]:199
[137]:181
[138]:142
[139]:125
[140]:114
[141]:85
[142]:72
[143]:58
[144]:53
[145]:57
[146]:34
[147]:28
[148]:24
[149]:16
[150]:14
[151]:8
[152]:6
[153]:7
[154]:5
[156]:2
[157]:1
[159]:1
[160]:2
[161]:3
[163]:2
[165]:1
[166]:2
[167]:2
[168]:2
[170]:2
[172]:1
[173]:3
[174]:2
[177]:1
[179]:1

t0_min: 1.08 us, round:1998
t0_max: 36.33 us, round:33927
t0_jitter: 35.25 us

t1_min: 2.67 us, round:2027
t1_max: 70.46 us, round:33927
t1_jitter: 67.79 us

t2_min: 97.29 us, round:6326
t2_max: 179.25 us, round:33927
t2_jitter: 81.96 us

PMU diff samples: 139786
AVG DIFF LL_CACHE_RD: 99.53
AVG DIFF LL_CACHE_MISS_RD: 43.17
AVG DIFF L2D_CACHE_REFILL: 43.28
AVG DIFF L2D_CACHE_INVAL: 0.00
[cur diff] DIFF LL_CACHE_RD: 11, DIFF LL_CACHE_MISS_RD: 7, MISS_RATE: 63.64%
[cur diff] DIFF L2D_CACHE_REFILL: 0
[cur diff] DIFF L2D_CACHE_INVAL: 0
[max diff] DIFF LL_CACHE_RD: 152, DIFF LL_CACHE_MISS_RD: 123, MISS_RATE: 80.92%
[max diff] DIFF L2D_CACHE_REFILL: 123
[max diff] DIFF L2D_CACHE_INVAL: 0

===========================================================
taskpendcnt:141829
t0:2250 ns
t1:5000 ns
t2:102833 ns
benchmark: Franka-derived Cartesian-impedance kernel, input trace:8, timer period:1.000 ms
controller source: franka_ros2 jazzy@73a1501d, updates:141851, SVD sweeps:5
pose error:[0.010000 0.015000 0.010000 -0.000000 0.049979 -0.000000]
tau[0:6]:[1.376914 -0.104433 0.790225 0.843903 0.642107 -0.956178 0.423547]
kernel exec min/avg/max: 94.50 / 97.51 / 123.08 us, samples:141861
pressure status:1, copy rounds total/window:600/9, 3.97 rounds/s
pressure logical copy:6000.00 MiB total, approx 39.72 MiB/s, checksum:799014912000
pressure report window:2.266077 s
t0_region>
[1]:29190
[2]:45486
[3]:38218
[4]:10853
[5]:3072
[6]:2360
[7]:2773
[8]:3139
[9]:2227
[10]:1234
[11]:932
[12]:673
[13]:581
[14]:415
[15]:273
[16]:194
[17]:111
[18]:83
[19]:28
[20]:13
[21]:5
[22]:3
[24]:1
[25]:7
[26]:1
[27]:2
[28]:2
[30]:2
[31]:2
[32]:1
[33]:2
[35]:1
[36]:1

t1_region>
[2]:987
[3]:11196
[4]:12406
[5]:9939
[6]:17548
[7]:24428
[8]:24551
[9]:14080
[10]:5905
[11]:2243
[12]:1273
[13]:1091
[14]:1061
[15]:1070
[16]:1455
[17]:2156
[18]:1843
[19]:1137
[20]:752
[21]:638
[22]:633
[23]:612
[24]:592
[25]:512
[26]:474
[27]:483
[28]:429
[29]:357
[30]:326
[31]:329
[32]:284
[33]:230
[34]:218
[35]:173
[36]:160
[37]:106
[38]:72
[39]:39
[40]:30
[41]:19
[42]:18
[43]:8
[44]:8
[45]:6
[46]:7
[47]:3
[48]:2
[49]:2
[53]:1
[54]:1
[55]:1
[56]:1
[58]:2
[59]:3
[61]:2
[64]:3
[65]:2
[68]:3
[69]:2
[70]:1

t2_region>
[97]:332
[98]:4855
[99]:4629
[100]:8675
[101]:9558
[102]:11097
[103]:14665
[104]:18182
[105]:20798
[106]:14388
[107]:6616
[108]:3675
[109]:3100
[110]:2530
[111]:1631
[112]:1125
[113]:1086
[114]:1389
[115]:1616
[116]:1429
[117]:939
[118]:763
[119]:765
[120]:683
[121]:610
[122]:559
[123]:535
[124]:516
[125]:490
[126]:436
[127]:407
[128]:419
[129]:386
[130]:352
[131]:355
[132]:291
[133]:319
[134]:275
[135]:233
[136]:199
[137]:181
[138]:142
[139]:125
[140]:114
[141]:85
[142]:72
[143]:58
[144]:53
[145]:57
[146]:34
[147]:28
[148]:24
[149]:16
[150]:14
[151]:8
[152]:6
[153]:7
[154]:5
[156]:2
[157]:1
[159]:1
[160]:2
[161]:3
[163]:2
[165]:1
[166]:2
[167]:2
[168]:2
[170]:2
[172]:1
[173]:3
[174]:2
[177]:1
[179]:1

t0_min: 1.08 us, round:1998
t0_max: 36.33 us, round:33927
t0_jitter: 35.25 us

t1_min: 2.67 us, round:2027
t1_max: 70.46 us, round:33927
t1_jitter: 67.79 us

t2_min: 97.29 us, round:6326
t2_max: 179.25 us, round:33927
t2_jitter: 81.96 us

PMU diff samples: 142052
AVG DIFF LL_CACHE_RD: 99.50
AVG DIFF LL_CACHE_MISS_RD: 43.15
AVG DIFF L2D_CACHE_REFILL: 43.27
AVG DIFF L2D_CACHE_INVAL: 0.00
[cur diff] DIFF LL_CACHE_RD: 13, DIFF LL_CACHE_MISS_RD: 10, MISS_RATE: 76.92%
[cur diff] DIFF L2D_CACHE_REFILL: 2
[cur diff] DIFF L2D_CACHE_INVAL: 0
[max diff] DIFF LL_CACHE_RD: 152, DIFF LL_CACHE_MISS_RD: 123, MISS_RATE: 80.92%
[max diff] DIFF L2D_CACHE_REFILL: 123
[max diff] DIFF L2D_CACHE_INVAL: 0

===========================================================
taskpendcnt:144095
t0:2583 ns
t1:4750 ns
t2:101125 ns
benchmark: Franka-derived Cartesian-impedance kernel, input trace:8, timer period:1.000 ms
controller source: franka_ros2 jazzy@73a1501d, updates:144117, SVD sweeps:5
pose error:[0.010000 0.015000 0.010000 -0.000000 0.049979 -0.000000]
tau[0:6]:[-2.781770 -1.613002 -1.930139 -1.581803 -1.382951 -0.390599 -0.663394]
kernel exec min/avg/max: 94.50 / 97.50 / 123.08 us, samples:144127
pressure status:1, copy rounds total/window:610/10, 4.41 rounds/s
pressure logical copy:6100.00 MiB total, approx 44.12 MiB/s, checksum:812331827200
pressure report window:2.266433 s
t0_region>
[1]:29553
[2]:46399
[3]:38945
[4]:11000
[5]:3094
[6]:2373
[7]:2786
[8]:3180
[9]:2249
[10]:1238
[11]:932
[12]:673
[13]:581
[14]:415
[15]:273
[16]:194
[17]:111
[18]:83
[19]:28
[20]:13
[21]:5
[22]:3
[24]:1
[25]:7
[26]:1
[27]:2
[28]:2
[30]:2
[31]:2
[32]:1
[33]:2
[35]:1
[36]:1

t1_region>
[2]:998
[3]:11295
[4]:12561
[5]:10130
[6]:17912
[7]:24966
[8]:25050
[9]:14296
[10]:5977
[11]:2258
[12]:1281
[13]:1100
[14]:1067
[15]:1074
[16]:1463
[17]:2191
[18]:1870
[19]:1146
[20]:752
[21]:638
[22]:633
[23]:612
[24]:592
[25]:512
[26]:474
[27]:483
[28]:429
[29]:357
[30]:326
[31]:329
[32]:284
[33]:230
[34]:218
[35]:173
[36]:160
[37]:106
[38]:72
[39]:39
[40]:30
[41]:19
[42]:18
[43]:8
[44]:8
[45]:6
[46]:7
[47]:3
[48]:2
[49]:2
[53]:1
[54]:1
[55]:1
[56]:1
[58]:2
[59]:3
[61]:2
[64]:3
[65]:2
[68]:3
[69]:2
[70]:1

t2_region>
[97]:332
[98]:4876
[99]:4673
[100]:8783
[101]:9725
[102]:11308
[103]:14974
[104]:18580
[105]:21233
[106]:14640
[107]:6695
[108]:3729
[109]:3144
[110]:2568
[111]:1645
[112]:1134
[113]:1090
[114]:1403
[115]:1643
[116]:1446
[117]:942
[118]:768
[119]:774
[120]:684
[121]:611
[122]:562
[123]:535
[124]:516
[125]:490
[126]:436
[127]:407
[128]:419
[129]:386
[130]:352
[131]:355
[132]:291
[133]:319
[134]:275
[135]:233
[136]:199
[137]:181
[138]:142
[139]:125
[140]:114
[141]:85
[142]:72
[143]:58
[144]:53
[145]:57
[146]:34
[147]:28
[148]:24
[149]:16
[150]:14
[151]:8
[152]:6
[153]:7
[154]:5
[156]:2
[157]:1
[159]:1
[160]:2
[161]:3
[163]:2
[165]:1
[166]:2
[167]:2
[168]:2
[170]:2
[172]:1
[173]:3
[174]:2
[177]:1
[179]:1

t0_min: 1.08 us, round:1998
t0_max: 36.33 us, round:33927
t0_jitter: 35.25 us

t1_min: 2.67 us, round:2027
t1_max: 70.46 us, round:33927
t1_jitter: 67.79 us

t2_min: 97.29 us, round:6326
t2_max: 179.25 us, round:33927
t2_jitter: 81.96 us

PMU diff samples: 144319
AVG DIFF LL_CACHE_RD: 99.50
AVG DIFF LL_CACHE_MISS_RD: 43.14
AVG DIFF L2D_CACHE_REFILL: 43.25
AVG DIFF L2D_CACHE_INVAL: 0.00
[cur diff] DIFF LL_CACHE_RD: 9, DIFF LL_CACHE_MISS_RD: 7, MISS_RATE: 77.78%
[cur diff] DIFF L2D_CACHE_REFILL: 3
[cur diff] DIFF L2D_CACHE_INVAL: 0
[max diff] DIFF LL_CACHE_RD: 152, DIFF LL_CACHE_MISS_RD: 123, MISS_RATE: 80.92%
[max diff] DIFF L2D_CACHE_REFILL: 123
[max diff] DIFF L2D_CACHE_INVAL: 0

===========================================================
taskpendcnt:146361
t0:2333 ns
t1:5666 ns
t2:101458 ns
benchmark: Franka-derived Cartesian-impedance kernel, input trace:8, timer period:1.000 ms
controller source: franka_ros2 jazzy@73a1501d, updates:146383, SVD sweeps:5
pose error:[0.010000 0.015000 0.010000 -0.000000 0.049979 -0.000000]
tau[0:6]:[-1.839419 -0.921560 -1.193198 -1.195971 -0.861243 0.113634 -0.461388]
kernel exec min/avg/max: 94.50 / 97.50 / 123.08 us, samples:146393
pressure status:1, copy rounds total/window:620/10, 4.41 rounds/s
pressure logical copy:6200.00 MiB total, approx 44.13 MiB/s, checksum:825648742400
pressure report window:2.265922 s
t0_region>
[1]:29933
[2]:47249
[3]:39693
[4]:11188
[5]:3110
[6]:2384
[7]:2804
[8]:3217
[9]:2265
[10]:1241
[11]:932
[12]:673
[13]:581
[14]:415
[15]:273
[16]:194
[17]:111
[18]:83
[19]:28
[20]:13
[21]:5
[22]:3
[24]:1
[25]:7
[26]:1
[27]:2
[28]:2
[30]:2
[31]:2
[32]:1
[33]:2
[35]:1
[36]:1

t1_region>
[2]:1007
[3]:11406
[4]:12709
[5]:10325
[6]:18251
[7]:25427
[8]:25553
[9]:14570
[10]:6085
[11]:2284
[12]:1287
[13]:1103
[14]:1071
[15]:1081
[16]:1476
[17]:2214
[18]:1898
[19]:1154
[20]:752
[21]:639
[22]:633
[23]:612
[24]:592
[25]:512
[26]:474
[27]:483
[28]:429
[29]:357
[30]:326
[31]:329
[32]:284
[33]:230
[34]:218
[35]:173
[36]:160
[37]:106
[38]:72
[39]:39
[40]:30
[41]:19
[42]:18
[43]:8
[44]:8
[45]:6
[46]:7
[47]:3
[48]:2
[49]:2
[53]:1
[54]:1
[55]:1
[56]:1
[58]:2
[59]:3
[61]:2
[64]:3
[65]:2
[68]:3
[69]:2
[70]:1

t2_region>
[97]:332
[98]:4895
[99]:4726
[100]:8892
[101]:9872
[102]:11516
[103]:15269
[104]:18934
[105]:21654
[106]:14941
[107]:6801
[108]:3778
[109]:3192
[110]:2607
[111]:1667
[112]:1148
[113]:1099
[114]:1421
[115]:1666
[116]:1463
[117]:948
[118]:770
[119]:776
[120]:688
[121]:611
[122]:563
[123]:535
[124]:516
[125]:490
[126]:436
[127]:407
[128]:419
[129]:386
[130]:352
[131]:355
[132]:291
[133]:319
[134]:275
[135]:233
[136]:199
[137]:181
[138]:142
[139]:125
[140]:114
[141]:85
[142]:72
[143]:58
[144]:53
[145]:57
[146]:34
[147]:28
[148]:24
[149]:16
[150]:14
[151]:8
[152]:6
[153]:7
[154]:5
[156]:2
[157]:1
[159]:1
[160]:2
[161]:3
[163]:2
[165]:1
[166]:2
[167]:2
[168]:2
[170]:2
[172]:1
[173]:3
[174]:2
[177]:1
[179]:1

t0_min: 1.08 us, round:1998
t0_max: 36.33 us, round:33927
t0_jitter: 35.25 us

t1_min: 2.67 us, round:2027
t1_max: 70.46 us, round:33927
t1_jitter: 67.79 us

t2_min: 97.29 us, round:6326
t2_max: 179.25 us, round:33927
t2_jitter: 81.96 us

PMU diff samples: 146585
AVG DIFF LL_CACHE_RD: 99.50
AVG DIFF LL_CACHE_MISS_RD: 43.13
AVG DIFF L2D_CACHE_REFILL: 43.24
AVG DIFF L2D_CACHE_INVAL: 0.00
[cur diff] DIFF LL_CACHE_RD: 8, DIFF LL_CACHE_MISS_RD: 8, MISS_RATE: 100.00%
[cur diff] DIFF L2D_CACHE_REFILL: 2
[cur diff] DIFF L2D_CACHE_INVAL: 0
[max diff] DIFF LL_CACHE_RD: 152, DIFF LL_CACHE_MISS_RD: 123, MISS_RATE: 80.92%
[max diff] DIFF L2D_CACHE_REFILL: 123
[max diff] DIFF L2D_CACHE_INVAL: 0

===========================================================
taskpendcnt:148627
t0:2375 ns
t1:4541 ns
t2:101791 ns
benchmark: Franka-derived Cartesian-impedance kernel, input trace:8, timer period:1.000 ms
controller source: franka_ros2 jazzy@73a1501d, updates:148649, SVD sweeps:5
pose error:[0.010000 0.015000 0.010000 -0.000000 0.049979 -0.000000]
tau[0:6]:[0.839771 0.130674 0.617691 0.624912 0.653099 -0.592692 0.265887]
kernel exec min/avg/max: 94.50 / 97.49 / 123.08 us, samples:148659
pressure status:1, copy rounds total/window:629/9, 3.97 rounds/s
pressure logical copy:6290.00 MiB total, approx 39.73 MiB/s, checksum:837633966080
pressure report window:2.265568 s
t0_region>
[1]:30306
[2]:48154
[3]:40422
[4]:11335
[5]:3127
[6]:2391
[7]:2821
[8]:3260
[9]:2289
[10]:1244
[11]:932
[12]:673
[13]:581
[14]:415
[15]:273
[16]:194
[17]:111
[18]:83
[19]:28
[20]:13
[21]:5
[22]:3
[24]:1
[25]:7
[26]:1
[27]:2
[28]:2
[30]:2
[31]:2
[32]:1
[33]:2
[35]:1
[36]:1

t1_region>
[2]:1022
[3]:11502
[4]:12871
[5]:10472
[6]:18601
[7]:25970
[8]:26050
[9]:14824
[10]:6169
[11]:2298
[12]:1289
[13]:1110
[14]:1072
[15]:1086
[16]:1493
[17]:2244
[18]:1927
[19]:1164
[20]:752
[21]:639
[22]:635
[23]:612
[24]:592
[25]:512
[26]:474
[27]:483
[28]:429
[29]:357
[30]:326
[31]:329
[32]:284
[33]:230
[34]:218
[35]:173
[36]:160
[37]:106
[38]:72
[39]:39
[40]:30
[41]:19
[42]:18
[43]:8
[44]:8
[45]:6
[46]:7
[47]:3
[48]:2
[49]:2
[53]:1
[54]:1
[55]:1
[56]:1
[58]:2
[59]:3
[61]:2
[64]:3
[65]:2
[68]:3
[69]:2
[70]:1

t2_region>
[97]:332
[98]:4912
[99]:4776
[100]:9003
[101]:10024
[102]:11719
[103]:15555
[104]:19310
[105]:22101
[106]:15218
[107]:6917
[108]:3823
[109]:3241
[110]:2634
[111]:1677
[112]:1155
[113]:1103
[114]:1432
[115]:1696
[116]:1485
[117]:958
[118]:776
[119]:778
[120]:692
[121]:613
[122]:563
[123]:535
[124]:516
[125]:490
[126]:436
[127]:407
[128]:419
[129]:386
[130]:352
[131]:355
[132]:291
[133]:319
[134]:275
[135]:233
[136]:199
[137]:181
[138]:142
[139]:125
[140]:114
[141]:85
[142]:72
[143]:58
[144]:53
[145]:57
[146]:34
[147]:28
[148]:24
[149]:16
[150]:14
[151]:8
[152]:6
[153]:7
[154]:5
[156]:2
[157]:1
[159]:1
[160]:2
[161]:3
[163]:2
[165]:1
[166]:2
[167]:2
[168]:2
[170]:2
[172]:1
[173]:3
[174]:2
[177]:1
[179]:1

t0_min: 1.08 us, round:1998
t0_max: 36.33 us, round:33927
t0_jitter: 35.25 us

t1_min: 2.67 us, round:2027
t1_max: 70.46 us, round:33927
t1_jitter: 67.79 us

t2_min: 97.29 us, round:6326
t2_max: 179.25 us, round:33927
t2_jitter: 81.96 us

PMU diff samples: 148850
AVG DIFF LL_CACHE_RD: 99.47
AVG DIFF LL_CACHE_MISS_RD: 43.11
AVG DIFF L2D_CACHE_REFILL: 43.22
AVG DIFF L2D_CACHE_INVAL: 0.00
[cur diff] DIFF LL_CACHE_RD: 4, DIFF LL_CACHE_MISS_RD: 3, MISS_RATE: 75.00%
[cur diff] DIFF L2D_CACHE_REFILL: 3
[cur diff] DIFF L2D_CACHE_INVAL: 0
[max diff] DIFF LL_CACHE_RD: 152, DIFF LL_CACHE_MISS_RD: 123, MISS_RATE: 80.92%
[max diff] DIFF L2D_CACHE_REFILL: 123
[max diff] DIFF L2D_CACHE_INVAL: 0

===========================================================
taskpendcnt:150893
t0:3583 ns
t1:4875 ns
t2:102416 ns
benchmark: Franka-derived Cartesian-impedance kernel, input trace:8, timer period:1.000 ms
controller source: franka_ros2 jazzy@73a1501d, updates:150915, SVD sweeps:5
pose error:[0.010000 0.015000 0.010000 -0.000000 0.049979 -0.000000]
tau[0:6]:[1.376914 -0.104433 0.790225 0.843903 0.642107 -0.956178 0.423547]
kernel exec min/avg/max: 94.50 / 97.49 / 123.08 us, samples:150925
pressure status:1, copy rounds total/window:639/10, 4.41 rounds/s
pressure logical copy:6390.00 MiB total, approx 44.13 MiB/s, checksum:850950881280
pressure report window:2.266130 s
t0_region>
[1]:30690
[2]:49004
[3]:41143
[4]:11539
[5]:3140
[6]:2398
[7]:2843
[8]:3301
[9]:2311
[10]:1246
[11]:932
[12]:673
[13]:581
[14]:415
[15]:273
[16]:194
[17]:111
[18]:83
[19]:28
[20]:13
[21]:5
[22]:3
[24]:1
[25]:7
[26]:1
[27]:2
[28]:2
[30]:2
[31]:2
[32]:1
[33]:2
[35]:1
[36]:1

t1_region>
[2]:1032
[3]:11606
[4]:13020
[5]:10651
[6]:18946
[7]:26426
[8]:26575
[9]:15089
[10]:6265
[11]:2333
[12]:1295
[13]:1111
[14]:1074
[15]:1091
[16]:1515
[17]:2271
[18]:1956
[19]:1171
[20]:752
[21]:641
[22]:635
[23]:613
[24]:592
[25]:512
[26]:474
[27]:483
[28]:429
[29]:357
[30]:326
[31]:329
[32]:284
[33]:230
[34]:218
[35]:173
[36]:160
[37]:106
[38]:72
[39]:39
[40]:30
[41]:19
[42]:18
[43]:8
[44]:8
[45]:6
[46]:7
[47]:3
[48]:2
[49]:2
[53]:1
[54]:1
[55]:1
[56]:1
[58]:2
[59]:3
[61]:2
[64]:3
[65]:2
[68]:3
[69]:2
[70]:1

t2_region>
[97]:332
[98]:4933
[99]:4822
[100]:9107
[101]:10190
[102]:11955
[103]:15826
[104]:19633
[105]:22505
[106]:15523
[107]:7026
[108]:3879
[109]:3287
[110]:2685
[111]:1700
[112]:1169
[113]:1110
[114]:1455
[115]:1717
[116]:1508
[117]:965
[118]:781
[119]:780
[120]:695
[121]:614
[122]:563
[123]:535
[124]:516
[125]:490
[126]:436
[127]:407
[128]:419
[129]:386
[130]:352
[131]:355
[132]:291
[133]:319
[134]:275
[135]:233
[136]:199
[137]:181
[138]:142
[139]:125
[140]:114
[141]:85
[142]:72
[143]:58
[144]:53
[145]:57
[146]:34
[147]:28
[148]:24
[149]:16
[150]:14
[151]:8
[152]:6
[153]:7
[154]:5
[156]:2
[157]:1
[159]:1
[160]:2
[161]:3
[163]:2
[165]:1
[166]:2
[167]:2
[168]:2
[170]:2
[172]:1
[173]:3
[174]:2
[177]:1
[179]:1

t0_min: 1.08 us, round:1998
t0_max: 36.33 us, round:33927
t0_jitter: 35.25 us

t1_min: 2.67 us, round:2027
t1_max: 70.46 us, round:33927
t1_jitter: 67.79 us

t2_min: 97.29 us, round:6326
t2_max: 179.25 us, round:33927
t2_jitter: 81.96 us

PMU diff samples: 151116
AVG DIFF LL_CACHE_RD: 99.49
AVG DIFF LL_CACHE_MISS_RD: 43.11
AVG DIFF L2D_CACHE_REFILL: 43.22
AVG DIFF L2D_CACHE_INVAL: 0.00
[cur diff] DIFF LL_CACHE_RD: 6, DIFF LL_CACHE_MISS_RD: 6, MISS_RATE: 100.00%
[cur diff] DIFF L2D_CACHE_REFILL: 2
[cur diff] DIFF L2D_CACHE_INVAL: 0
[max diff] DIFF LL_CACHE_RD: 152, DIFF LL_CACHE_MISS_RD: 123, MISS_RATE: 80.92%
[max diff] DIFF L2D_CACHE_REFILL: 123
[max diff] DIFF L2D_CACHE_INVAL: 0

===========================================================
taskpendcnt:153159
t0:2750 ns
t1:5791 ns
t2:101000 ns
benchmark: Franka-derived Cartesian-impedance kernel, input trace:8, timer period:1.000 ms
controller source: franka_ros2 jazzy@73a1501d, updates:153181, SVD sweeps:5
pose error:[0.010000 0.015000 0.010000 -0.000000 0.049979 -0.000000]
tau[0:6]:[-2.781770 -1.613002 -1.930139 -1.581803 -1.382951 -0.390599 -0.663394]
kernel exec min/avg/max: 94.50 / 97.49 / 123.08 us, samples:153191
pressure status:1, copy rounds total/window:649/10, 4.41 rounds/s
pressure logical copy:6490.00 MiB total, approx 44.12 MiB/s, checksum:864267796480
pressure report window:2.266398 s
t0_region>
[1]:31043
[2]:49887
[3]:41888
[4]:11723
[5]:3169
[6]:2403
[7]:2863
[8]:3332
[9]:2324
[10]:1249
[11]:932
[12]:673
[13]:581
[14]:415
[15]:273
[16]:194
[17]:111
[18]:83
[19]:28
[20]:13
[21]:5
[22]:3
[24]:1
[25]:7
[26]:1
[27]:2
[28]:2
[30]:2
[31]:2
[32]:1
[33]:2
[35]:1
[36]:1

t1_region>
[2]:1048
[3]:11712
[4]:13172
[5]:10828
[6]:19302
[7]:26935
[8]:27045
[9]:15346
[10]:6362
[11]:2365
[12]:1310
[13]:1118
[14]:1079
[15]:1095
[16]:1526
[17]:2297
[18]:1980
[19]:1173
[20]:753
[21]:641
[22]:635
[23]:613
[24]:592
[25]:512
[26]:474
[27]:483
[28]:429
[29]:357
[30]:326
[31]:329
[32]:284
[33]:230
[34]:218
[35]:173
[36]:160
[37]:106
[38]:72
[39]:39
[40]:30
[41]:19
[42]:18
[43]:8
[44]:8
[45]:6
[46]:7
[47]:3
[48]:2
[49]:2
[53]:1
[54]:1
[55]:1
[56]:1
[58]:2
[59]:3
[61]:2
[64]:3
[65]:2
[68]:3
[69]:2
[70]:1

t2_region>
[97]:332
[98]:4952
[99]:4869
[100]:9213
[101]:10344
[102]:12163
[103]:16112
[104]:19997
[105]:22945
[106]:15804
[107]:7131
[108]:3945
[109]:3342
[110]:2721
[111]:1719
[112]:1180
[113]:1115
[114]:1468
[115]:1746
[116]:1519
[117]:967
[118]:783
[119]:786
[120]:696
[121]:614
[122]:563
[123]:535
[124]:516
[125]:490
[126]:436
[127]:407
[128]:419
[129]:386
[130]:352
[131]:355
[132]:291
[133]:319
[134]:275
[135]:233
[136]:199
[137]:181
[138]:142
[139]:125
[140]:114
[141]:85
[142]:72
[143]:58
[144]:53
[145]:57
[146]:34
[147]:28
[148]:24
[149]:16
[150]:14
[151]:8
[152]:6
[153]:7
[154]:5
[156]:2
[157]:1
[159]:1
[160]:2
[161]:3
[163]:2
[165]:1
[166]:2
[167]:2
[168]:2
[170]:2
[172]:1
[173]:3
[174]:2
[177]:1
[179]:1

t0_min: 1.08 us, round:1998
t0_max: 36.33 us, round:33927
t0_jitter: 35.25 us

t1_min: 2.67 us, round:2027
t1_max: 70.46 us, round:33927
t1_jitter: 67.79 us

t2_min: 97.29 us, round:6326
t2_max: 179.25 us, round:33927
t2_jitter: 81.96 us

PMU diff samples: 153383
AVG DIFF LL_CACHE_RD: 99.47
AVG DIFF LL_CACHE_MISS_RD: 43.09
AVG DIFF L2D_CACHE_REFILL: 43.20
AVG DIFF L2D_CACHE_INVAL: 0.00
[cur diff] DIFF LL_CACHE_RD: 5, DIFF LL_CACHE_MISS_RD: 5, MISS_RATE: 100.00%
[cur diff] DIFF L2D_CACHE_REFILL: 2
[cur diff] DIFF L2D_CACHE_INVAL: 0
[max diff] DIFF LL_CACHE_RD: 152, DIFF LL_CACHE_MISS_RD: 123, MISS_RATE: 80.92%
[max diff] DIFF L2D_CACHE_REFILL: 123
[max diff] DIFF L2D_CACHE_INVAL: 0

===========================================================
taskpendcnt:155425
t0:1916 ns
t1:4666 ns
t2:101041 ns
benchmark: Franka-derived Cartesian-impedance kernel, input trace:8, timer period:1.000 ms
controller source: franka_ros2 jazzy@73a1501d, updates:155447, SVD sweeps:5
pose error:[0.010000 0.015000 0.010000 -0.000000 0.049979 -0.000000]
tau[0:6]:[-1.839419 -0.921560 -1.193198 -1.195971 -0.861243 0.113634 -0.461388]
kernel exec min/avg/max: 94.50 / 97.48 / 123.08 us, samples:155457
pressure status:1, copy rounds total/window:658/9, 3.97 rounds/s
pressure logical copy:6580.00 MiB total, approx 39.72 MiB/s, checksum:876253020160
pressure report window:2.265907 s
t0_region>
[1]:31410
[2]:50787
[3]:42573
[4]:11921
[5]:3191
[6]:2418
[7]:2883
[8]:3377
[9]:2335
[10]:1252
[11]:932
[12]:673
[13]:581
[14]:415
[15]:273
[16]:194
[17]:111
[18]:83
[19]:28
[20]:13
[21]:5
[22]:3
[24]:1
[25]:7
[26]:1
[27]:2
[28]:2
[30]:2
[31]:2
[32]:1
[33]:2
[35]:1
[36]:1

t1_region>
[2]:1063
[3]:11819
[4]:13302
[5]:11043
[6]:19683
[7]:27389
[8]:27516
[9]:15607
[10]:6466
[11]:2391
[12]:1315
[13]:1123
[14]:1083
[15]:1106
[16]:1539
[17]:2333
[18]:2002
[19]:1179
[20]:753
[21]:641
[22]:635
[23]:613
[24]:592
[25]:512
[26]:474
[27]:483
[28]:429
[29]:357
[30]:326
[31]:329
[32]:284
[33]:230
[34]:218
[35]:173
[36]:160
[37]:106
[38]:72
[39]:39
[40]:30
[41]:19
[42]:18
[43]:8
[44]:8
[45]:6
[46]:7
[47]:3
[48]:2
[49]:2
[53]:1
[54]:1
[55]:1
[56]:1
[58]:2
[59]:3
[61]:2
[64]:3
[65]:2
[68]:3
[69]:2
[70]:1

t2_region>
[97]:332
[98]:4972
[99]:4911
[100]:9313
[101]:10497
[102]:12427
[103]:16410
[104]:20331
[105]:23348
[106]:16065
[107]:7230
[108]:4027
[109]:3399
[110]:2762
[111]:1732
[112]:1191
[113]:1124
[114]:1487
[115]:1765
[116]:1535
[117]:977
[118]:787
[119]:790
[120]:700
[121]:617
[122]:563
[123]:535
[124]:516
[125]:490
[126]:436
[127]:407
[128]:419
[129]:386
[130]:352
[131]:355
[132]:291
[133]:319
[134]:275
[135]:233
[136]:199
[137]:181
[138]:142
[139]:125
[140]:114
[141]:85
[142]:72
[143]:58
[144]:53
[145]:57
[146]:34
[147]:28
[148]:24
[149]:16
[150]:14
[151]:8
[152]:6
[153]:7
[154]:5
[156]:2
[157]:1
[159]:1
[160]:2
[161]:3
[163]:2
[165]:1
[166]:2
[167]:2
[168]:2
[170]:2
[172]:1
[173]:3
[174]:2
[177]:1
[179]:1

t0_min: 1.08 us, round:1998
t0_max: 36.33 us, round:33927
t0_jitter: 35.25 us

t1_min: 2.67 us, round:2027
t1_max: 70.46 us, round:33927
t1_jitter: 67.79 us

t2_min: 97.29 us, round:6326
t2_max: 179.25 us, round:33927
t2_jitter: 81.96 us

PMU diff samples: 155649
AVG DIFF LL_CACHE_RD: 99.48
AVG DIFF LL_CACHE_MISS_RD: 43.08
AVG DIFF L2D_CACHE_REFILL: 43.19
AVG DIFF L2D_CACHE_INVAL: 0.00
[cur diff] DIFF LL_CACHE_RD: 6, DIFF LL_CACHE_MISS_RD: 3, MISS_RATE: 50.00%
[cur diff] DIFF L2D_CACHE_REFILL: 3
[cur diff] DIFF L2D_CACHE_INVAL: 0
[max diff] DIFF LL_CACHE_RD: 152, DIFF LL_CACHE_MISS_RD: 123, MISS_RATE: 80.92%
[max diff] DIFF L2D_CACHE_REFILL: 123
[max diff] DIFF L2D_CACHE_INVAL: 0

===========================================================
taskpendcnt:157691
t0:1958 ns
t1:5291 ns
t2:101375 ns
benchmark: Franka-derived Cartesian-impedance kernel, input trace:8, timer period:1.000 ms
controller source: franka_ros2 jazzy@73a1501d, updates:157713, SVD sweeps:5
pose error:[0.010000 0.015000 0.010000 -0.000000 0.049979 -0.000000]
tau[0:6]:[0.839771 0.130674 0.617691 0.624912 0.653099 -0.592692 0.265887]
kernel exec min/avg/max: 94.50 / 97.48 / 123.08 us, samples:157723
pressure status:1, copy rounds total/window:668/10, 4.41 rounds/s
pressure logical copy:6680.00 MiB total, approx 44.14 MiB/s, checksum:889569935360
pressure report window:2.265579 s
t0_region>
[1]:31790
[2]:51667
[3]:43297
[4]:12098
[5]:3212
[6]:2424
[7]:2909
[8]:3418
[9]:2344
[10]:1254
[11]:932
[12]:673
[13]:581
[14]:415
[15]:273
[16]:194
[17]:111
[18]:83
[19]:28
[20]:13
[21]:5
[22]:3
[24]:1
[25]:7
[26]:1
[27]:2
[28]:2
[30]:2
[31]:2
[32]:1
[33]:2
[35]:1
[36]:1

t1_region>
[2]:1074
[3]:11915
[4]:13465
[5]:11251
[6]:20029
[7]:27859
[8]:28030
[9]:15865
[10]:6542
[11]:2421
[12]:1320
[13]:1128
[14]:1085
[15]:1116
[16]:1553
[17]:2365
[18]:2021
[19]:1185
[20]:753
[21]:641
[22]:635
[23]:613
[24]:592
[25]:512
[26]:474
[27]:483
[28]:429
[29]:357
[30]:326
[31]:329
[32]:284
[33]:230
[34]:218
[35]:173
[36]:160
[37]:106
[38]:72
[39]:39
[40]:30
[41]:19
[42]:18
[43]:8
[44]:8
[45]:6
[46]:7
[47]:3
[48]:2
[49]:2
[53]:1
[54]:1
[55]:1
[56]:1
[58]:2
[59]:3
[61]:2
[64]:3
[65]:2
[68]:3
[69]:2
[70]:1

t2_region>
[97]:332
[98]:4990
[99]:4958
[100]:9420
[101]:10673
[102]:12660
[103]:16691
[104]:20668
[105]:23795
[106]:16317
[107]:7333
[108]:4083
[109]:3470
[110]:2792
[111]:1755
[112]:1195
[113]:1135
[114]:1505
[115]:1788
[116]:1546
[117]:987
[118]:791
[119]:792
[120]:702
[121]:617
[122]:563
[123]:535
[124]:516
[125]:490
[126]:436
[127]:407
[128]:419
[129]:386
[130]:352
[131]:355
[132]:291
[133]:319
[134]:275
[135]:233
[136]:199
[137]:181
[138]:142
[139]:125
[140]:114
[141]:85
[142]:72
[143]:58
[144]:53
[145]:57
[146]:34
[147]:28
[148]:24
[149]:16
[150]:14
[151]:8
[152]:6
[153]:7
[154]:5
[156]:2
[157]:1
[159]:1
[160]:2
[161]:3
[163]:2
[165]:1
[166]:2
[167]:2
[168]:2
[170]:2
[172]:1
[173]:3
[174]:2
[177]:1
[179]:1

t0_min: 1.08 us, round:1998
t0_max: 36.33 us, round:33927
t0_jitter: 35.25 us

t1_min: 2.67 us, round:2027
t1_max: 70.46 us, round:33927
t1_jitter: 67.79 us

t2_min: 97.29 us, round:6326
t2_max: 179.25 us, round:33927
t2_jitter: 81.96 us

PMU diff samples: 157914
AVG DIFF LL_CACHE_RD: 99.46
AVG DIFF LL_CACHE_MISS_RD: 43.06
AVG DIFF L2D_CACHE_REFILL: 43.17
AVG DIFF L2D_CACHE_INVAL: 0.00
[cur diff] DIFF LL_CACHE_RD: 11, DIFF LL_CACHE_MISS_RD: 8, MISS_RATE: 72.73%
[cur diff] DIFF L2D_CACHE_REFILL: 2
[cur diff] DIFF L2D_CACHE_INVAL: 0
[max diff] DIFF LL_CACHE_RD: 152, DIFF LL_CACHE_MISS_RD: 123, MISS_RATE: 80.92%
[max diff] DIFF L2D_CACHE_REFILL: 123
[max diff] DIFF L2D_CACHE_INVAL: 0

===========================================================
taskpendcnt:159957
t0:2000 ns
t1:6208 ns
t2:101708 ns
benchmark: Franka-derived Cartesian-impedance kernel, input trace:8, timer period:1.000 ms
controller source: franka_ros2 jazzy@73a1501d, updates:159979, SVD sweeps:5
pose error:[0.010000 0.015000 0.010000 -0.000000 0.049979 -0.000000]
tau[0:6]:[1.376914 -0.104433 0.790225 0.843903 0.642107 -0.956178 0.423547]
kernel exec min/avg/max: 94.50 / 97.48 / 123.08 us, samples:159989
pressure status:1, copy rounds total/window:678/10, 4.41 rounds/s
pressure logical copy:6780.00 MiB total, approx 44.13 MiB/s, checksum:902886850560
pressure report window:2.266092 s
t0_region>
[1]:32146
[2]:52615
[3]:43989
[4]:12256
[5]:3226
[6]:2434
[7]:2930
[8]:3466
[9]:2362
[10]:1255
[11]:932
[12]:673
[13]:581
[14]:415
[15]:273
[16]:194
[17]:111
[18]:83
[19]:28
[20]:13
[21]:5
[22]:3
[24]:1
[25]:7
[26]:1
[27]:2
[28]:2
[30]:2
[31]:2
[32]:1
[33]:2
[35]:1
[36]:1

t1_region>
[2]:1087
[3]:12026
[4]:13612
[5]:11431
[6]:20408
[7]:28386
[8]:28475
[9]:16116
[10]:6629
[11]:2446
[12]:1322
[13]:1129
[14]:1088
[15]:1126
[16]:1570
[17]:2401
[18]:2044
[19]:1191
[20]:754
[21]:642
[22]:635
[23]:614
[24]:592
[25]:512
[26]:474
[27]:483
[28]:429
[29]:357
[30]:326
[31]:329
[32]:284
[33]:230
[34]:218
[35]:173
[36]:160
[37]:106
[38]:72
[39]:39
[40]:30
[41]:19
[42]:18
[43]:8
[44]:8
[45]:6
[46]:7
[47]:3
[48]:2
[49]:2
[53]:1
[54]:1
[55]:1
[56]:1
[58]:2
[59]:3
[61]:2
[64]:3
[65]:2
[68]:3
[69]:2
[70]:1

t2_region>
[97]:332
[98]:5012
[99]:5008
[100]:9512
[101]:10835
[102]:12883
[103]:17014
[104]:21020
[105]:24208
[106]:16585
[107]:7448
[108]:4141
[109]:3505
[110]:2823
[111]:1768
[112]:1206
[113]:1145
[114]:1526
[115]:1815
[116]:1565
[117]:993
[118]:796
[119]:796
[120]:706
[121]:618
[122]:563
[123]:535
[124]:516
[125]:490
[126]:436
[127]:407
[128]:419
[129]:386
[130]:352
[131]:355
[132]:291
[133]:319
[134]:275
[135]:233
[136]:199
[137]:181
[138]:142
[139]:125
[140]:114
[141]:85
[142]:72
[143]:58
[144]:53
[145]:57
[146]:34
[147]:28
[148]:24
[149]:16
[150]:14
[151]:8
[152]:6
[153]:7
[154]:5
[156]:2
[157]:1
[159]:1
[160]:2
[161]:3
[163]:2
[165]:1
[166]:2
[167]:2
[168]:2
[170]:2
[172]:1
[173]:3
[174]:2
[177]:1
[179]:1

t0_min: 1.08 us, round:1998
t0_max: 36.33 us, round:33927
t0_jitter: 35.25 us

t1_min: 2.67 us, round:2027
t1_max: 70.46 us, round:33927
t1_jitter: 67.79 us

t2_min: 97.29 us, round:6326
t2_max: 179.25 us, round:33927
t2_jitter: 81.96 us

PMU diff samples: 160180
AVG DIFF LL_CACHE_RD: 99.43
AVG DIFF LL_CACHE_MISS_RD: 43.05
AVG DIFF L2D_CACHE_REFILL: 43.16
AVG DIFF L2D_CACHE_INVAL: 0.00
[cur diff] DIFF LL_CACHE_RD: 10, DIFF LL_CACHE_MISS_RD: 8, MISS_RATE: 80.00%
[cur diff] DIFF L2D_CACHE_REFILL: 3
[cur diff] DIFF L2D_CACHE_INVAL: 0
[max diff] DIFF LL_CACHE_RD: 152, DIFF LL_CACHE_MISS_RD: 123, MISS_RATE: 80.92%
[max diff] DIFF L2D_CACHE_REFILL: 123
[max diff] DIFF L2D_CACHE_INVAL: 0

===========================================================
taskpendcnt:162223
t0:2333 ns
t1:4208 ns
t2:100875 ns
benchmark: Franka-derived Cartesian-impedance kernel, input trace:8, timer period:1.000 ms
controller source: franka_ros2 jazzy@73a1501d, updates:162245, SVD sweeps:5
pose error:[0.010000 0.015000 0.010000 -0.000000 0.049979 -0.000000]
tau[0:6]:[-2.781770 -1.613002 -1.930139 -1.581803 -1.382951 -0.390599 -0.663394]
kernel exec min/avg/max: 94.50 / 97.47 / 123.08 us, samples:162255
pressure status:1, copy rounds total/window:687/9, 3.97 rounds/s
pressure logical copy:6870.00 MiB total, approx 39.71 MiB/s, checksum:914872074240
pressure report window:2.266450 s
t0_region>
[1]:32517
[2]:53455
[3]:44715
[4]:12461
[5]:3255
[6]:2444
[7]:2954
[8]:3499
[9]:2387
[10]:1258
[11]:932
[12]:673
[13]:581
[14]:415
[15]:273
[16]:194
[17]:111
[18]:83
[19]:28
[20]:13
[21]:5
[22]:3
[24]:1
[25]:7
[26]:1
[27]:2
[28]:2
[30]:2
[31]:2
[32]:1
[33]:2
[35]:1
[36]:1

t1_region>
[2]:1093
[3]:12125
[4]:13777
[5]:11615
[6]:20776
[7]:28821
[8]:28946
[9]:16411
[10]:6738
[11]:2482
[12]:1327
[13]:1129
[14]:1092
[15]:1132
[16]:1591
[17]:2431
[18]:2066
[19]:1201
[20]:755
[21]:642
[22]:635
[23]:614
[24]:592
[25]:512
[26]:474
[27]:483
[28]:429
[29]:357
[30]:326
[31]:329
[32]:284
[33]:230
[34]:218
[35]:173
[36]:160
[37]:106
[38]:72
[39]:39
[40]:30
[41]:19
[42]:18
[43]:8
[44]:8
[45]:6
[46]:7
[47]:3
[48]:2
[49]:2
[53]:1
[54]:1
[55]:1
[56]:1
[58]:2
[59]:3
[61]:2
[64]:3
[65]:2
[68]:3
[69]:2
[70]:1

t2_region>
[97]:332
[98]:5024
[99]:5059
[100]:9621
[101]:11013
[102]:13090
[103]:17307
[104]:21356
[105]:24574
[106]:16876
[107]:7577
[108]:4204
[109]:3562
[110]:2865
[111]:1797
[112]:1218
[113]:1155
[114]:1552
[115]:1837
[116]:1586
[117]:998
[118]:798
[119]:801
[120]:707
[121]:618
[122]:563
[123]:535
[124]:516
[125]:490
[126]:436
[127]:407
[128]:419
[129]:386
[130]:352
[131]:355
[132]:291
[133]:319
[134]:275
[135]:233
[136]:199
[137]:181
[138]:142
[139]:125
[140]:114
[141]:85
[142]:72
[143]:58
[144]:53
[145]:57
[146]:34
[147]:28
[148]:24
[149]:16
[150]:14
[151]:8
[152]:6
[153]:7
[154]:5
[156]:2
[157]:1
[159]:1
[160]:2
[161]:3
[163]:2
[165]:1
[166]:2
[167]:2
[168]:2
[170]:2
[172]:1
[173]:3
[174]:2
[177]:1
[179]:1

t0_min: 1.08 us, round:1998
t0_max: 36.33 us, round:33927
t0_jitter: 35.25 us

t1_min: 2.67 us, round:2027
t1_max: 70.46 us, round:33927
t1_jitter: 67.79 us

t2_min: 97.29 us, round:6326
t2_max: 179.25 us, round:33927
t2_jitter: 81.96 us

PMU diff samples: 162447
AVG DIFF LL_CACHE_RD: 99.44
AVG DIFF LL_CACHE_MISS_RD: 43.04
AVG DIFF L2D_CACHE_REFILL: 43.15
AVG DIFF L2D_CACHE_INVAL: 0.00
[cur diff] DIFF LL_CACHE_RD: 5, DIFF LL_CACHE_MISS_RD: 4, MISS_RATE: 80.00%
[cur diff] DIFF L2D_CACHE_REFILL: 1
[cur diff] DIFF L2D_CACHE_INVAL: 0
[max diff] DIFF LL_CACHE_RD: 152, DIFF LL_CACHE_MISS_RD: 123, MISS_RATE: 80.92%
[max diff] DIFF L2D_CACHE_REFILL: 123
[max diff] DIFF L2D_CACHE_INVAL: 0

===========================================================
taskpendcnt:164489
t0:2958 ns
t1:5708 ns
t2:101500 ns
benchmark: Franka-derived Cartesian-impedance kernel, input trace:8, timer period:1.000 ms
controller source: franka_ros2 jazzy@73a1501d, updates:164511, SVD sweeps:5
pose error:[0.010000 0.015000 0.010000 -0.000000 0.049979 -0.000000]
tau[0:6]:[-1.839419 -0.921560 -1.193198 -1.195971 -0.861243 0.113634 -0.461388]
kernel exec min/avg/max: 94.50 / 97.47 / 123.08 us, samples:164521
pressure status:1, copy rounds total/window:697/10, 4.41 rounds/s
pressure logical copy:6970.00 MiB total, approx 44.13 MiB/s, checksum:928188989440
pressure report window:2.265895 s
t0_region>
[1]:32894
[2]:54342
[3]:45442
[4]:12637
[5]:3271
[6]:2458
[7]:2979
[8]:3528
[9]:2403
[10]:1258
[11]:932
[12]:673
[13]:581
[14]:415
[15]:273
[16]:194
[17]:111
[18]:83
[19]:28
[20]:13
[21]:5
[22]:3
[24]:1
[25]:7
[26]:1
[27]:2
[28]:2
[30]:2
[31]:2
[32]:1
[33]:2
[35]:1
[36]:1

t1_region>
[2]:1105
[3]:12238
[4]:13920
[5]:11804
[6]:21102
[7]:29356
[8]:29425
[9]:16668
[10]:6835
[11]:2504
[12]:1333
[13]:1135
[14]:1101
[15]:1141
[16]:1608
[17]:2451
[18]:2084
[19]:1209
[20]:755
[21]:642
[22]:635
[23]:614
[24]:592
[25]:512
[26]:474
[27]:483
[28]:429
[29]:357
[30]:326
[31]:329
[32]:284
[33]:230
[34]:218
[35]:173
[36]:160
[37]:106
[38]:72
[39]:39
[40]:30
[41]:19
[42]:18
[43]:8
[44]:8
[45]:6
[46]:7
[47]:3
[48]:2
[49]:2
[53]:1
[54]:1
[55]:1
[56]:1
[58]:2
[59]:3
[61]:2
[64]:3
[65]:2
[68]:3
[69]:2
[70]:1

t2_region>
[97]:332
[98]:5043
[99]:5105
[100]:9733
[101]:11181
[102]:13296
[103]:17578
[104]:21745
[105]:25002
[106]:17145
[107]:7676
[108]:4259
[109]:3623
[110]:2900
[111]:1819
[112]:1232
[113]:1164
[114]:1569
[115]:1857
[116]:1598
[117]:1003
[118]:802
[119]:804
[120]:708
[121]:620
[122]:563
[123]:535
[124]:516
[125]:490
[126]:436
[127]:407
[128]:419
[129]:386
[130]:352
[131]:355
[132]:291
[133]:319
[134]:275
[135]:233
[136]:199
[137]:181
[138]:142
[139]:125
[140]:114
[141]:85
[142]:72
[143]:58
[144]:53
[145]:57
[146]:34
[147]:28
[148]:24
[149]:16
[150]:14
[151]:8
[152]:6
[153]:7
[154]:5
[156]:2
[157]:1
[159]:1
[160]:2
[161]:3
[163]:2
[165]:1
[166]:2
[167]:2
[168]:2
[170]:2
[172]:1
[173]:3
[174]:2
[177]:1
[179]:1

t0_min: 1.08 us, round:1998
t0_max: 36.33 us, round:33927
t0_jitter: 35.25 us

t1_min: 2.67 us, round:2027
t1_max: 70.46 us, round:33927
t1_jitter: 67.79 us

t2_min: 97.29 us, round:6326
t2_max: 179.25 us, round:33927
t2_jitter: 81.96 us

PMU diff samples: 164713
AVG DIFF LL_CACHE_RD: 99.43
AVG DIFF LL_CACHE_MISS_RD: 43.03
AVG DIFF L2D_CACHE_REFILL: 43.14
AVG DIFF L2D_CACHE_INVAL: 0.00
[cur diff] DIFF LL_CACHE_RD: 4, DIFF LL_CACHE_MISS_RD: 3, MISS_RATE: 75.00%
[cur diff] DIFF L2D_CACHE_REFILL: 0
[cur diff] DIFF L2D_CACHE_INVAL: 0
[max diff] DIFF LL_CACHE_RD: 152, DIFF LL_CACHE_MISS_RD: 123, MISS_RATE: 80.92%
[max diff] DIFF L2D_CACHE_REFILL: 123
[max diff] DIFF L2D_CACHE_INVAL: 0

===========================================================
taskpendcnt:166755
t0:3000 ns
t1:4875 ns
t2:101541 ns
benchmark: Franka-derived Cartesian-impedance kernel, input trace:8, timer period:1.000 ms
controller source: franka_ros2 jazzy@73a1501d, updates:166777, SVD sweeps:5
pose error:[0.010000 0.015000 0.010000 -0.000000 0.049979 -0.000000]
tau[0:6]:[0.839771 0.130674 0.617691 0.624912 0.653099 -0.592692 0.265887]
kernel exec min/avg/max: 94.50 / 97.47 / 123.08 us, samples:166787
pressure status:1, copy rounds total/window:706/9, 3.97 rounds/s
pressure logical copy:7060.00 MiB total, approx 39.73 MiB/s, checksum:940174213120
pressure report window:2.265574 s
t0_region>
[1]:33257
[2]:55241
[3]:46161
[4]:12805
[5]:3289
[6]:2471
[7]:3006
[8]:3566
[9]:2419
[10]:1262
[11]:932
[12]:673
[13]:581
[14]:415
[15]:273
[16]:194
[17]:111
[18]:83
[19]:28
[20]:13
[21]:5
[22]:3
[24]:1
[25]:7
[26]:1
[27]:2
[28]:2
[30]:2
[31]:2
[32]:1
[33]:2
[35]:1
[36]:1

t1_region>
[2]:1118
[3]:12358
[4]:14067
[5]:11979
[6]:21468
[7]:29839
[8]:29907
[9]:16920
[10]:6930
[11]:2530
[12]:1339
[13]:1136
[14]:1108
[15]:1151
[16]:1626
[17]:2480
[18]:2111
[19]:1215
[20]:757
[21]:642
[22]:635
[23]:614
[24]:592
[25]:512
[26]:474
[27]:483
[28]:429
[29]:357
[30]:326
[31]:329
[32]:284
[33]:230
[34]:218
[35]:173
[36]:160
[37]:106
[38]:72
[39]:39
[40]:30
[41]:19
[42]:18
[43]:8
[44]:8
[45]:6
[46]:7
[47]:3
[48]:2
[49]:2
[53]:1
[54]:1
[55]:1
[56]:1
[58]:2
[59]:3
[61]:2
[64]:3
[65]:2
[68]:3
[69]:2
[70]:1

t2_region>
[97]:332
[98]:5063
[99]:5157
[100]:9840
[101]:11351
[102]:13504
[103]:17869
[104]:22144
[105]:25389
[106]:17410
[107]:7780
[108]:4317
[109]:3683
[110]:2928
[111]:1832
[112]:1244
[113]:1176
[114]:1580
[115]:1881
[116]:1620
[117]:1007
[118]:810
[119]:811
[120]:709
[121]:621
[122]:564
[123]:535
[124]:516
[125]:490
[126]:436
[127]:407
[128]:419
[129]:386
[130]:352
[131]:355
[132]:291
[133]:319
[134]:275
[135]:233
[136]:199
[137]:181
[138]:142
[139]:125
[140]:114
[141]:85
[142]:72
[143]:58
[144]:53
[145]:57
[146]:34
[147]:28
[148]:24
[149]:16
[150]:14
[151]:8
[152]:6
[153]:7
[154]:5
[156]:2
[157]:1
[159]:1
[160]:2
[161]:3
[163]:2
[165]:1
[166]:2
[167]:2
[168]:2
[170]:2
[172]:1
[173]:3
[174]:2
[177]:1
[179]:1

t0_min: 1.08 us, round:1998
t0_max: 36.33 us, round:33927
t0_jitter: 35.25 us

t1_min: 2.67 us, round:2027
t1_max: 70.46 us, round:33927
t1_jitter: 67.79 us

t2_min: 97.29 us, round:6326
t2_max: 179.25 us, round:33927
t2_jitter: 81.96 us

PMU diff samples: 166978
AVG DIFF LL_CACHE_RD: 99.41
AVG DIFF LL_CACHE_MISS_RD: 43.02
AVG DIFF L2D_CACHE_REFILL: 43.13
AVG DIFF L2D_CACHE_INVAL: 0.00
[cur diff] DIFF LL_CACHE_RD: 1, DIFF LL_CACHE_MISS_RD: 0, MISS_RATE: 0.00%
[cur diff] DIFF L2D_CACHE_REFILL: 2
[cur diff] DIFF L2D_CACHE_INVAL: 0
[max diff] DIFF LL_CACHE_RD: 152, DIFF LL_CACHE_MISS_RD: 123, MISS_RATE: 80.92%
[max diff] DIFF L2D_CACHE_REFILL: 123
[max diff] DIFF L2D_CACHE_INVAL: 0

===========================================================
taskpendcnt:169021
t0:3041 ns
t1:4333 ns
t2:100708 ns
benchmark: Franka-derived Cartesian-impedance kernel, input trace:8, timer period:1.000 ms
controller source: franka_ros2 jazzy@73a1501d, updates:169043, SVD sweeps:5
pose error:[0.010000 0.015000 0.010000 -0.000000 0.049979 -0.000000]
tau[0:6]:[1.376914 -0.104433 0.790225 0.843903 0.642107 -0.956178 0.423547]
kernel exec min/avg/max: 94.50 / 97.46 / 123.08 us, samples:169053
pressure status:1, copy rounds total/window:716/10, 4.41 rounds/s
pressure logical copy:7160.00 MiB total, approx 44.13 MiB/s, checksum:953491128320
pressure report window:2.266092 s
t0_region>
[1]:33636
[2]:56112
[3]:46887
[4]:12978
[5]:3312
[6]:2475
[7]:3036
[8]:3608
[9]:2435
[10]:1265
[11]:932
[12]:673
[13]:581
[14]:415
[15]:273
[16]:194
[17]:111
[18]:83
[19]:28
[20]:13
[21]:5
[22]:3
[24]:1
[25]:7
[26]:1
[27]:2
[28]:2
[30]:2
[31]:2
[32]:1
[33]:2
[35]:1
[36]:1

t1_region>
[2]:1130
[3]:12464
[4]:14242
[5]:12167
[6]:21784
[7]:30349
[8]:30370
[9]:17186
[10]:7035
[11]:2553
[12]:1342
[13]:1137
[14]:1111
[15]:1158
[16]:1649
[17]:2510
[18]:2134
[19]:1223
[20]:758
[21]:643
[22]:637
[23]:614
[24]:592
[25]:512
[26]:474
[27]:483
[28]:429
[29]:357
[30]:326
[31]:329
[32]:284
[33]:230
[34]:218
[35]:173
[36]:160
[37]:106
[38]:72
[39]:39
[40]:30
[41]:19
[42]:18
[43]:8
[44]:8
[45]:6
[46]:7
[47]:3
[48]:2
[49]:2
[53]:1
[54]:1
[55]:1
[56]:1
[58]:2
[59]:3
[61]:2
[64]:3
[65]:2
[68]:3
[69]:2
[70]:1

t2_region>
[97]:332
[98]:5087
[99]:5200
[100]:9967
[101]:11503
[102]:13719
[103]:18123
[104]:22534
[105]:25799
[106]:17676
[107]:7882
[108]:4372
[109]:3741
[110]:2973
[111]:1853
[112]:1254
[113]:1185
[114]:1604
[115]:1912
[116]:1632
[117]:1016
[118]:811
[119]:816
[120]:712
[121]:621
[122]:564
[123]:535
[124]:516
[125]:490
[126]:436
[127]:407
[128]:419
[129]:386
[130]:352
[131]:355
[132]:291
[133]:319
[134]:275
[135]:233
[136]:199
[137]:181
[138]:142
[139]:125
[140]:114
[141]:85
[142]:72
[143]:58
[144]:53
[145]:57
[146]:34
[147]:28
[148]:24
[149]:16
[150]:14
[151]:8
[152]:6
[153]:7
[154]:5
[156]:2
[157]:1
[159]:1
[160]:2
[161]:3
[163]:2
[165]:1
[166]:2
[167]:2
[168]:2
[170]:2
[172]:1
[173]:3
[174]:2
[177]:1
[179]:1

t0_min: 1.08 us, round:1998
t0_max: 36.33 us, round:33927
t0_jitter: 35.25 us

t1_min: 2.67 us, round:2027
t1_max: 70.46 us, round:33927
t1_jitter: 67.79 us

t2_min: 97.29 us, round:6326
t2_max: 179.25 us, round:33927
t2_jitter: 81.96 us

PMU diff samples: 169244
AVG DIFF LL_CACHE_RD: 99.42
AVG DIFF LL_CACHE_MISS_RD: 43.01
AVG DIFF L2D_CACHE_REFILL: 43.12
AVG DIFF L2D_CACHE_INVAL: 0.00
[cur diff] DIFF LL_CACHE_RD: 12, DIFF LL_CACHE_MISS_RD: 7, MISS_RATE: 58.33%
[cur diff] DIFF L2D_CACHE_REFILL: 0
[cur diff] DIFF L2D_CACHE_INVAL: 0
[max diff] DIFF LL_CACHE_RD: 152, DIFF LL_CACHE_MISS_RD: 123, MISS_RATE: 80.92%
[max diff] DIFF L2D_CACHE_REFILL: 123
[max diff] DIFF L2D_CACHE_INVAL: 0

===========================================================
taskpendcnt:171287
t0:3083 ns
t1:4958 ns
t2:101916 ns
benchmark: Franka-derived Cartesian-impedance kernel, input trace:8, timer period:1.000 ms
controller source: franka_ros2 jazzy@73a1501d, updates:171309, SVD sweeps:5
pose error:[0.010000 0.015000 0.010000 -0.000000 0.049979 -0.000000]
tau[0:6]:[-2.781770 -1.613002 -1.930139 -1.581803 -1.382951 -0.390599 -0.663394]
kernel exec min/avg/max: 94.50 / 97.46 / 123.08 us, samples:171319
pressure status:1, copy rounds total/window:726/10, 4.41 rounds/s
pressure logical copy:7260.00 MiB total, approx 44.12 MiB/s, checksum:966808043520
pressure report window:2.266443 s
t0_region>
[1]:33985
[2]:57000
[3]:47621
[4]:13174
[5]:3339
[6]:2483
[7]:3054
[8]:3638
[9]:2448
[10]:1268
[11]:932
[12]:673
[13]:581
[14]:415
[15]:273
[16]:194
[17]:111
[18]:83
[19]:28
[20]:13
[21]:5
[22]:3
[24]:1
[25]:7
[26]:1
[27]:2
[28]:2
[30]:2
[31]:2
[32]:1
[33]:2
[35]:1
[36]:1

t1_region>
[2]:1146
[3]:12562
[4]:14407
[5]:12325
[6]:22126
[7]:30863
[8]:30838
[9]:17450
[10]:7150
[11]:2584
[12]:1356
[13]:1147
[14]:1114
[15]:1162
[16]:1666
[17]:2529
[18]:2152
[19]:1229
[20]:760
[21]:644
[22]:637
[23]:615
[24]:592
[25]:512
[26]:474
[27]:483
[28]:429
[29]:357
[30]:326
[31]:329
[32]:284
[33]:230
[34]:218
[35]:173
[36]:160
[37]:106
[38]:72
[39]:39
[40]:30
[41]:19
[42]:18
[43]:8
[44]:8
[45]:6
[46]:7
[47]:3
[48]:2
[49]:2
[53]:1
[54]:1
[55]:1
[56]:1
[58]:2
[59]:3
[61]:2
[64]:3
[65]:2
[68]:3
[69]:2
[70]:1

t2_region>
[97]:332
[98]:5109
[99]:5246
[100]:10065
[101]:11666
[102]:13904
[103]:18414
[104]:22899
[105]:26226
[106]:17938
[107]:8026
[108]:4450
[109]:3785
[110]:3016
[111]:1874
[112]:1261
[113]:1191
[114]:1620
[115]:1931
[116]:1650
[117]:1017
[118]:815
[119]:817
[120]:713
[121]:625
[122]:564
[123]:535
[124]:516
[125]:490
[126]:436
[127]:407
[128]:419
[129]:386
[130]:352
[131]:355
[132]:291
[133]:319
[134]:275
[135]:233
[136]:199
[137]:181
[138]:142
[139]:125
[140]:114
[141]:85
[142]:72
[143]:58
[144]:53
[145]:57
[146]:34
[147]:28
[148]:24
[149]:16
[150]:14
[151]:8
[152]:6
[153]:7
[154]:5
[156]:2
[157]:1
[159]:1
[160]:2
[161]:3
[163]:2
[165]:1
[166]:2
[167]:2
[168]:2
[170]:2
[172]:1
[173]:3
[174]:2
[177]:1
[179]:1

t0_min: 1.08 us, round:1998
t0_max: 36.33 us, round:33927
t0_jitter: 35.25 us

t1_min: 2.67 us, round:2027
t1_max: 70.46 us, round:33927
t1_jitter: 67.79 us

t2_min: 97.29 us, round:6326
t2_max: 179.25 us, round:33927
t2_jitter: 81.96 us

PMU diff samples: 171511
AVG DIFF LL_CACHE_RD: 99.40
AVG DIFF LL_CACHE_MISS_RD: 43.00
AVG DIFF L2D_CACHE_REFILL: 43.11
AVG DIFF L2D_CACHE_INVAL: 0.00
[cur diff] DIFF LL_CACHE_RD: 13, DIFF LL_CACHE_MISS_RD: 8, MISS_RATE: 61.54%
[cur diff] DIFF L2D_CACHE_REFILL: 3
[cur diff] DIFF L2D_CACHE_INVAL: 0
[max diff] DIFF LL_CACHE_RD: 152, DIFF LL_CACHE_MISS_RD: 123, MISS_RATE: 80.92%
[max diff] DIFF L2D_CACHE_REFILL: 123
[max diff] DIFF L2D_CACHE_INVAL: 0

===========================================================
taskpendcnt:173554
t0:2375 ns
t1:4833 ns
t2:100625 ns
benchmark: Franka-derived Cartesian-impedance kernel, input trace:8, timer period:1.000 ms
controller source: franka_ros2 jazzy@73a1501d, updates:173576, SVD sweeps:5
pose error:[0.010000 0.015000 0.010000 -0.000000 0.049979 -0.000000]
tau[0:6]:[-0.274004 -0.324180 0.001577 -0.231466 0.050986 -0.328952 0.010844]
kernel exec min/avg/max: 94.50 / 97.46 / 123.08 us, samples:173586
pressure status:1, copy rounds total/window:735/9, 3.97 rounds/s
pressure logical copy:7350.00 MiB total, approx 39.70 MiB/s, checksum:978793267200
pressure report window:2.266771 s
t0_region>
[1]:34378
[2]:57886
[3]:48293
[4]:13379
[5]:3364
[6]:2489
[7]:3085
[8]:3668
[9]:2466
[10]:1268
[11]:932
[12]:673
[13]:581
[14]:415
[15]:273
[16]:194
[17]:111
[18]:83
[19]:28
[20]:13
[21]:5
[22]:3
[24]:1
[25]:7
[26]:1
[27]:2
[28]:2
[30]:2
[31]:2
[32]:1
[33]:2
[35]:1
[36]:1

t1_region>
[2]:1153
[3]:12672
[4]:14573
[5]:12509
[6]:22466
[7]:31351
[8]:31318
[9]:17701
[10]:7250
[11]:2622
[12]:1364
[13]:1155
[14]:1118
[15]:1171
[16]:1687
[17]:2556
[18]:2171
[19]:1236
[20]:760
[21]:644
[22]:637
[23]:615
[24]:592
[25]:512
[26]:474
[27]:483
[28]:429
[29]:357
[30]:326
[31]:329
[32]:284
[33]:230
[34]:218
[35]:173
[36]:160
[37]:106
[38]:72
[39]:39
[40]:30
[41]:19
[42]:18
[43]:8
[44]:8
[45]:6
[46]:7
[47]:3
[48]:2
[49]:2
[53]:1
[54]:1
[55]:1
[56]:1
[58]:2
[59]:3
[61]:2
[64]:3
[65]:2
[68]:3
[69]:2
[70]:1

t2_region>
[97]:332
[98]:5129
[99]:5287
[100]:10187
[101]:11847
[102]:14105
[103]:18684
[104]:23300
[105]:26636
[106]:18170
[107]:8120
[108]:4517
[109]:3850
[110]:3070
[111]:1893
[112]:1271
[113]:1201
[114]:1646
[115]:1954
[116]:1666
[117]:1022
[118]:815
[119]:817
[120]:713
[121]:625
[122]:564
[123]:535
[124]:516
[125]:490
[126]:436
[127]:407
[128]:419
[129]:386
[130]:352
[131]:355
[132]:291
[133]:319
[134]:275
[135]:233
[136]:199
[137]:181
[138]:142
[139]:125
[140]:114
[141]:85
[142]:72
[143]:58
[144]:53
[145]:57
[146]:34
[147]:28
[148]:24
[149]:16
[150]:14
[151]:8
[152]:6
[153]:7
[154]:5
[156]:2
[157]:1
[159]:1
[160]:2
[161]:3
[163]:2
[165]:1
[166]:2
[167]:2
[168]:2
[170]:2
[172]:1
[173]:3
[174]:2
[177]:1
[179]:1

t0_min: 1.08 us, round:1998
t0_max: 36.33 us, round:33927
t0_jitter: 35.25 us

t1_min: 2.67 us, round:2027
t1_max: 70.46 us, round:33927
t1_jitter: 67.79 us

t2_min: 97.29 us, round:6326
t2_max: 179.25 us, round:33927
t2_jitter: 81.96 us

PMU diff samples: 173778
AVG DIFF LL_CACHE_RD: 99.39
AVG DIFF LL_CACHE_MISS_RD: 42.98
AVG DIFF L2D_CACHE_REFILL: 43.10
AVG DIFF L2D_CACHE_INVAL: 0.00
[cur diff] DIFF LL_CACHE_RD: 5, DIFF LL_CACHE_MISS_RD: 4, MISS_RATE: 80.00%
[cur diff] DIFF L2D_CACHE_REFILL: 2
[cur diff] DIFF L2D_CACHE_INVAL: 0
[max diff] DIFF LL_CACHE_RD: 152, DIFF LL_CACHE_MISS_RD: 123, MISS_RATE: 80.92%
[max diff] DIFF L2D_CACHE_REFILL: 123
[max diff] DIFF L2D_CACHE_INVAL: 0

===========================================================
taskpendcnt:175820
t0:3291 ns
t1:4291 ns
t2:100958 ns
benchmark: Franka-derived Cartesian-impedance kernel, input trace:8, timer period:1.000 ms
controller source: franka_ros2 jazzy@73a1501d, updates:175842, SVD sweeps:5
pose error:[0.010000 0.015000 0.010000 -0.000000 0.049979 -0.000000]
tau[0:6]:[1.228026 0.081850 0.819520 0.875435 0.745706 -0.833381 0.398995]
kernel exec min/avg/max: 94.50 / 97.45 / 123.08 us, samples:175852
pressure status:1, copy rounds total/window:745/10, 4.41 rounds/s
pressure logical copy:7450.00 MiB total, approx 44.14 MiB/s, checksum:992110182400
pressure report window:2.265743 s
t0_region>
[1]:34757
[2]:58728
[3]:49062
[4]:13549
[5]:3389
[6]:2504
[7]:3103
[8]:3693
[9]:2489
[10]:1269
[11]:932
[12]:673
[13]:581
[14]:415
[15]:273
[16]:194
[17]:111
[18]:83
[19]:28
[20]:13
[21]:5
[22]:3
[24]:1
[25]:7
[26]:1
[27]:2
[28]:2
[30]:2
[31]:2
[32]:1
[33]:2
[35]:1
[36]:1

t1_region>
[2]:1167
[3]:12781
[4]:14730
[5]:12698
[6]:22768
[7]:31816
[8]:31820
[9]:17992
[10]:7354
[11]:2658
[12]:1372
[13]:1161
[14]:1129
[15]:1178
[16]:1700
[17]:2578
[18]:2192
[19]:1245
[20]:760
[21]:644
[22]:637
[23]:615
[24]:592
[25]:512
[26]:474
[27]:483
[28]:429
[29]:357
[30]:326
[31]:329
[32]:284
[33]:230
[34]:218
[35]:173
[36]:160
[37]:106
[38]:72
[39]:39
[40]:30
[41]:19
[42]:18
[43]:8
[44]:8
[45]:6
[46]:7
[47]:3
[48]:2
[49]:2
[53]:1
[54]:1
[55]:1
[56]:1
[58]:2
[59]:3
[61]:2
[64]:3
[65]:2
[68]:3
[69]:2
[70]:1

t2_region>
[97]:332
[98]:5152
[99]:5334
[100]:10286
[101]:12026
[102]:14303
[103]:18953
[104]:23617
[105]:27072
[106]:18473
[107]:8269
[108]:4562
[109]:3888
[110]:3111
[111]:1919
[112]:1289
[113]:1212
[114]:1664
[115]:1973
[116]:1680
[117]:1030
[118]:816
[119]:819
[120]:716
[121]:626
[122]:565
[123]:535
[124]:516
[125]:490
[126]:436
[127]:407
[128]:419
[129]:386
[130]:352
[131]:355
[132]:291
[133]:319
[134]:275
[135]:233
[136]:199
[137]:181
[138]:142
[139]:125
[140]:114
[141]:85
[142]:72
[143]:58
[144]:53
[145]:57
[146]:34
[147]:28
[148]:24
[149]:16
[150]:14
[151]:8
[152]:6
[153]:7
[154]:5
[156]:2
[157]:1
[159]:1
[160]:2
[161]:3
[163]:2
[165]:1
[166]:2
[167]:2
[168]:2
[170]:2
[172]:1
[173]:3
[174]:2
[177]:1
[179]:1

t0_min: 1.08 us, round:1998
t0_max: 36.33 us, round:33927
t0_jitter: 35.25 us

t1_min: 2.67 us, round:2027
t1_max: 70.46 us, round:33927
t1_jitter: 67.79 us

t2_min: 97.29 us, round:6326
t2_max: 179.25 us, round:33927
t2_jitter: 81.96 us

PMU diff samples: 176043
AVG DIFF LL_CACHE_RD: 99.39
AVG DIFF LL_CACHE_MISS_RD: 42.97
AVG DIFF L2D_CACHE_REFILL: 43.09
AVG DIFF L2D_CACHE_INVAL: 0.00
[cur diff] DIFF LL_CACHE_RD: 14, DIFF LL_CACHE_MISS_RD: 11, MISS_RATE: 78.57%
[cur diff] DIFF L2D_CACHE_REFILL: 3
[cur diff] DIFF L2D_CACHE_INVAL: 0
[max diff] DIFF LL_CACHE_RD: 152, DIFF LL_CACHE_MISS_RD: 123, MISS_RATE: 80.92%
[max diff] DIFF L2D_CACHE_REFILL: 123
[max diff] DIFF L2D_CACHE_INVAL: 0

===========================================================
taskpendcnt:178086
t0:2458 ns
t1:4333 ns
t2:101583 ns
benchmark: Franka-derived Cartesian-impedance kernel, input trace:8, timer period:1.000 ms
controller source: franka_ros2 jazzy@73a1501d, updates:178108, SVD sweeps:5
pose error:[0.010000 0.015000 0.010000 -0.000000 0.049979 -0.000000]
tau[0:6]:[-0.567483 -0.552304 -0.482512 -0.231067 -0.297494 -0.656094 -0.085004]
kernel exec min/avg/max: 94.50 / 97.45 / 123.08 us, samples:178118
pressure status:1, copy rounds total/window:755/10, 4.41 rounds/s
pressure logical copy:7550.00 MiB total, approx 44.12 MiB/s, checksum:1005427097600
pressure report window:2.266517 s
t0_region>
[1]:35111
[2]:59626
[3]:49807
[4]:13709
[5]:3407
[6]:2512
[7]:3130
[8]:3730
[9]:2505
[10]:1272
[11]:932
[12]:673
[13]:581
[14]:415
[15]:273
[16]:194
[17]:111
[18]:83
[19]:28
[20]:13
[21]:5
[22]:3
[24]:1
[25]:7
[26]:1
[27]:2
[28]:2
[30]:2
[31]:2
[32]:1
[33]:2
[35]:1
[36]:1

t1_region>
[2]:1181
[3]:12884
[4]:14872
[5]:12885
[6]:23179
[7]:32315
[8]:32300
[9]:18219
[10]:7431
[11]:2686
[12]:1374
[13]:1167
[14]:1134
[15]:1186
[16]:1715
[17]:2608
[18]:2215
[19]:1254
[20]:761
[21]:644
[22]:637
[23]:615
[24]:592
[25]:512
[26]:474
[27]:483
[28]:429
[29]:357
[30]:326
[31]:329
[32]:284
[33]:230
[34]:218
[35]:173
[36]:160
[37]:106
[38]:72
[39]:39
[40]:30
[41]:19
[42]:18
[43]:8
[44]:8
[45]:6
[46]:7
[47]:3
[48]:2
[49]:2
[53]:1
[54]:1
[55]:1
[56]:1
[58]:2
[59]:3
[61]:2
[64]:3
[65]:2
[68]:3
[69]:2
[70]:1

t2_region>
[97]:332
[98]:5173
[99]:5385
[100]:10383
[101]:12185
[102]:14520
[103]:19296
[104]:23993
[105]:27474
[106]:18743
[107]:8358
[108]:4618
[109]:3937
[110]:3134
[111]:1944
[112]:1295
[113]:1217
[114]:1684
[115]:1993
[116]:1690
[117]:1042
[118]:818
[119]:825
[120]:721
[121]:629
[122]:565
[123]:535
[124]:516
[125]:490
[126]:436
[127]:407
[128]:419
[129]:386
[130]:352
[131]:355
[132]:291
[133]:319
[134]:275
[135]:233
[136]:199
[137]:181
[138]:142
[139]:125
[140]:114
[141]:85
[142]:72
[143]:58
[144]:53
[145]:57
[146]:34
[147]:28
[148]:24
[149]:16
[150]:14
[151]:8
[152]:6
[153]:7
[154]:5
[156]:2
[157]:1
[159]:1
[160]:2
[161]:3
[163]:2
[165]:1
[166]:2
[167]:2
[168]:2
[170]:2
[172]:1
[173]:3
[174]:2
[177]:1
[179]:1

t0_min: 1.08 us, round:1998
t0_max: 36.33 us, round:33927
t0_jitter: 35.25 us

t1_min: 2.67 us, round:2027
t1_max: 70.46 us, round:33927
t1_jitter: 67.79 us

t2_min: 97.29 us, round:6326
t2_max: 179.25 us, round:33927
t2_jitter: 81.96 us

PMU diff samples: 178310
AVG DIFF LL_CACHE_RD: 99.37
AVG DIFF LL_CACHE_MISS_RD: 42.96
AVG DIFF L2D_CACHE_REFILL: 43.07
AVG DIFF L2D_CACHE_INVAL: 0.00
[cur diff] DIFF LL_CACHE_RD: 4, DIFF LL_CACHE_MISS_RD: 3, MISS_RATE: 75.00%
[cur diff] DIFF L2D_CACHE_REFILL: 3
[cur diff] DIFF L2D_CACHE_INVAL: 0
[max diff] DIFF LL_CACHE_RD: 152, DIFF LL_CACHE_MISS_RD: 123, MISS_RATE: 80.92%
[max diff] DIFF L2D_CACHE_REFILL: 123
[max diff] DIFF L2D_CACHE_INVAL: 0

===========================================================
taskpendcnt:180353
t0:2916 ns
t1:5666 ns
t2:102333 ns
benchmark: Franka-derived Cartesian-impedance kernel, input trace:8, timer period:1.000 ms
controller source: franka_ros2 jazzy@73a1501d, updates:180375, SVD sweeps:5
pose error:[0.010000 0.015000 0.010000 -0.000000 0.049979 -0.000000]
tau[0:6]:[-1.839419 -0.921560 -1.193198 -1.195971 -0.861243 0.113634 -0.461388]
kernel exec min/avg/max: 94.50 / 97.45 / 123.08 us, samples:180385
pressure status:1, copy rounds total/window:764/9, 3.97 rounds/s
pressure logical copy:7640.00 MiB total, approx 39.70 MiB/s, checksum:1017412321280
pressure report window:2.266886 s
t0_region>
[1]:35468
[2]:60498
[3]:50544
[4]:13901
[5]:3420
[6]:2524
[7]:3152
[8]:3770
[9]:2526
[10]:1272
[11]:932
[12]:673
[13]:581
[14]:415
[15]:273
[16]:194
[17]:111
[18]:83
[19]:28
[20]:13
[21]:5
[22]:3
[24]:1
[25]:7
[26]:1
[27]:2
[28]:2
[30]:2
[31]:2
[32]:1
[33]:2
[35]:1
[36]:1

t1_region>
[2]:1194
[3]:12988
[4]:15031
[5]:13056
[6]:23489
[7]:32834
[8]:32798
[9]:18480
[10]:7535
[11]:2711
[12]:1380
[13]:1169
[14]:1135
[15]:1196
[16]:1736
[17]:2638
[18]:2242
[19]:1257
[20]:764
[21]:644
[22]:637
[23]:615
[24]:592
[25]:512
[26]:474
[27]:483
[28]:429
[29]:357
[30]:326
[31]:329
[32]:284
[33]:230
[34]:218
[35]:173
[36]:160
[37]:106
[38]:72
[39]:39
[40]:30
[41]:19
[42]:18
[43]:8
[44]:8
[45]:6
[46]:7
[47]:3
[48]:2
[49]:2
[53]:1
[54]:1
[55]:1
[56]:1
[58]:2
[59]:3
[61]:2
[64]:3
[65]:2
[68]:3
[69]:2
[70]:1

t2_region>
[97]:332
[98]:5190
[99]:5429
[100]:10498
[101]:12339
[102]:14724
[103]:19554
[104]:24373
[105]:27932
[106]:18997
[107]:8455
[108]:4677
[109]:3992
[110]:3183
[111]:1966
[112]:1307
[113]:1231
[114]:1703
[115]:2017
[116]:1707
[117]:1052
[118]:820
[119]:828
[120]:721
[121]:629
[122]:565
[123]:535
[124]:516
[125]:490
[126]:436
[127]:407
[128]:419
[129]:386
[130]:352
[131]:355
[132]:291
[133]:319
[134]:275
[135]:233
[136]:199
[137]:181
[138]:142
[139]:125
[140]:114
[141]:85
[142]:72
[143]:58
[144]:53
[145]:57
[146]:34
[147]:28
[148]:24
[149]:16
[150]:14
[151]:8
[152]:6
[153]:7
[154]:5
[156]:2
[157]:1
[159]:1
[160]:2
[161]:3
[163]:2
[165]:1
[166]:2
[167]:2
[168]:2
[170]:2
[172]:1
[173]:3
[174]:2
[177]:1
[179]:1

t0_min: 1.08 us, round:1998
t0_max: 36.33 us, round:33927
t0_jitter: 35.25 us

t1_min: 2.67 us, round:2027
t1_max: 70.46 us, round:33927
t1_jitter: 67.79 us

t2_min: 97.29 us, round:6326
t2_max: 179.25 us, round:33927
t2_jitter: 81.96 us

PMU diff samples: 180577
AVG DIFF LL_CACHE_RD: 99.37
AVG DIFF LL_CACHE_MISS_RD: 42.95
AVG DIFF L2D_CACHE_REFILL: 43.07
AVG DIFF L2D_CACHE_INVAL: 0.00
[cur diff] DIFF LL_CACHE_RD: 12, DIFF LL_CACHE_MISS_RD: 10, MISS_RATE: 83.33%
[cur diff] DIFF L2D_CACHE_REFILL: 2
[cur diff] DIFF L2D_CACHE_INVAL: 0
[max diff] DIFF LL_CACHE_RD: 152, DIFF LL_CACHE_MISS_RD: 123, MISS_RATE: 80.92%
[max diff] DIFF L2D_CACHE_REFILL: 123
[max diff] DIFF L2D_CACHE_INVAL: 0

===========================================================
taskpendcnt:182620
t0:3083 ns
t1:4958 ns
t2:101333 ns
benchmark: Franka-derived Cartesian-impedance kernel, input trace:8, timer period:1.000 ms
controller source: franka_ros2 jazzy@73a1501d, updates:182642, SVD sweeps:5
pose error:[0.010000 0.015000 0.010000 -0.000000 0.049979 -0.000000]
tau[0:6]:[1.228026 0.081850 0.819520 0.875435 0.745706 -0.833381 0.398995]
kernel exec min/avg/max: 94.50 / 97.45 / 123.08 us, samples:182652
pressure status:1, copy rounds total/window:774/10, 4.41 rounds/s
pressure logical copy:7740.00 MiB total, approx 44.12 MiB/s, checksum:1030729236480
pressure report window:2.266559 s
t0_region>
[1]:35832
[2]:61400
[3]:51271
[4]:14075
[5]:3440
[6]:2534
[7]:3176
[8]:3805
[9]:2535
[10]:1274
[11]:932
[12]:673
[13]:581
[14]:415
[15]:273
[16]:194
[17]:111
[18]:83
[19]:28
[20]:13
[21]:5
[22]:3
[24]:1
[25]:7
[26]:1
[27]:2
[28]:2
[30]:2
[31]:2
[32]:1
[33]:2
[35]:1
[36]:1

t1_region>
[2]:1204
[3]:13099
[4]:15187
[5]:13225
[6]:23841
[7]:33345
[8]:33298
[9]:18736
[10]:7630
[11]:2725
[12]:1385
[13]:1179
[14]:1140
[15]:1205
[16]:1749
[17]:2667
[18]:2257
[19]:1263
[20]:764
[21]:644
[22]:637
[23]:615
[24]:592
[25]:512
[26]:474
[27]:483
[28]:429
[29]:357
[30]:326
[31]:329
[32]:284
[33]:230
[34]:218
[35]:173
[36]:160
[37]:106
[38]:72
[39]:39
[40]:30
[41]:19
[42]:18
[43]:8
[44]:8
[45]:6
[46]:7
[47]:3
[48]:2
[49]:2
[53]:1
[54]:1
[55]:1
[56]:1
[58]:2
[59]:3
[61]:2
[64]:3
[65]:2
[68]:3
[69]:2
[70]:1

t2_region>
[97]:332
[98]:5209
[99]:5468
[100]:10608
[101]:12501
[102]:14932
[103]:19830
[104]:24772
[105]:28343
[106]:19288
[107]:8566
[108]:4729
[109]:4044
[110]:3213
[111]:1993
[112]:1317
[113]:1241
[114]:1714
[115]:2038
[116]:1722
[117]:1054
[118]:822
[119]:831
[120]:723
[121]:631
[122]:565
[123]:536
[124]:516
[125]:490
[126]:436
[127]:407
[128]:419
[129]:386
[130]:352
[131]:355
[132]:291
[133]:319
[134]:275
[135]:233
[136]:199
[137]:181
[138]:142
[139]:125
[140]:114
[141]:85
[142]:72
[143]:58
[144]:53
[145]:57
[146]:34
[147]:28
[148]:24
[149]:16
[150]:14
[151]:8
[152]:6
[153]:7
[154]:5
[156]:2
[157]:1
[159]:1
[160]:2
[161]:3
[163]:2
[165]:1
[166]:2
[167]:2
[168]:2
[170]:2
[172]:1
[173]:3
[174]:2
[177]:1
[179]:1

t0_min: 1.08 us, round:1998
t0_max: 36.33 us, round:33927
t0_jitter: 35.25 us

t1_min: 2.67 us, round:2027
t1_max: 70.46 us, round:33927
t1_jitter: 67.79 us

t2_min: 97.29 us, round:6326
t2_max: 179.25 us, round:33927
t2_jitter: 81.96 us

PMU diff samples: 182844
AVG DIFF LL_CACHE_RD: 99.37
AVG DIFF LL_CACHE_MISS_RD: 42.94
AVG DIFF L2D_CACHE_REFILL: 43.06
AVG DIFF L2D_CACHE_INVAL: 0.00
[cur diff] DIFF LL_CACHE_RD: 7, DIFF LL_CACHE_MISS_RD: 6, MISS_RATE: 85.71%
[cur diff] DIFF L2D_CACHE_REFILL: 1
[cur diff] DIFF L2D_CACHE_INVAL: 0
[max diff] DIFF LL_CACHE_RD: 152, DIFF LL_CACHE_MISS_RD: 123, MISS_RATE: 80.92%
[max diff] DIFF L2D_CACHE_REFILL: 123
[max diff] DIFF L2D_CACHE_INVAL: 0

===========================================================
taskpendcnt:184886
t0:2833 ns
t1:5583 ns
t2:101958 ns
benchmark: Franka-derived Cartesian-impedance kernel, input trace:8, timer period:1.000 ms
controller source: franka_ros2 jazzy@73a1501d, updates:184908, SVD sweeps:5
pose error:[0.010000 0.015000 0.010000 -0.000000 0.049979 -0.000000]
tau[0:6]:[-0.567483 -0.552304 -0.482512 -0.231067 -0.297494 -0.656094 -0.085004]
kernel exec min/avg/max: 94.50 / 97.44 / 123.08 us, samples:184918
pressure status:1, copy rounds total/window:783/9, 3.97 rounds/s
pressure logical copy:7830.00 MiB total, approx 39.71 MiB/s, checksum:1042714460160
pressure report window:2.266530 s
t0_region>
[1]:36219
[2]:62226
[3]:52021
[4]:14263
[5]:3458
[6]:2544
[7]:3205
[8]:3844
[9]:2551
[10]:1278
[11]:932
[12]:673
[13]:581
[14]:415
[15]:273
[16]:194
[17]:111
[18]:83
[19]:28
[20]:13
[21]:5
[22]:3
[24]:1
[25]:7
[26]:1
[27]:2
[28]:2
[30]:2
[31]:2
[32]:1
[33]:2
[35]:1
[36]:1

t1_region>
[2]:1221
[3]:13204
[4]:15337
[5]:13401
[6]:24230
[7]:33798
[8]:33749
[9]:19019
[10]:7740
[11]:2751
[12]:1391
[13]:1185
[14]:1147
[15]:1212
[16]:1766
[17]:2699
[18]:2280
[19]:1272
[20]:765
[21]:644
[22]:637
[23]:615
[24]:592
[25]:512
[26]:474
[27]:483
[28]:429
[29]:357
[30]:326
[31]:329
[32]:284
[33]:230
[34]:218
[35]:173
[36]:160
[37]:106
[38]:72
[39]:39
[40]:30
[41]:19
[42]:18
[43]:8
[44]:8
[45]:6
[46]:7
[47]:3
[48]:2
[49]:2
[53]:1
[54]:1
[55]:1
[56]:1
[58]:2
[59]:3
[61]:2
[64]:3
[65]:2
[68]:3
[69]:2
[70]:1

t2_region>
[97]:332
[98]:5238
[99]:5507
[100]:10711
[101]:12673
[102]:15164
[103]:20148
[104]:25119
[105]:28695
[106]:19571
[107]:8681
[108]:4794
[109]:4105
[110]:3248
[111]:2009
[112]:1331
[113]:1248
[114]:1727
[115]:2064
[116]:1736
[117]:1062
[118]:829
[119]:836
[120]:726
[121]:633
[122]:566
[123]:536
[124]:516
[125]:490
[126]:436
[127]:407
[128]:419
[129]:386
[130]:352
[131]:355
[132]:291
[133]:319
[134]:275
[135]:233
[136]:199
[137]:181
[138]:142
[139]:125
[140]:114
[141]:85
[142]:72
[143]:58
[144]:53
[145]:57
[146]:34
[147]:28
[148]:24
[149]:16
[150]:14
[151]:8
[152]:6
[153]:7
[154]:5
[156]:2
[157]:1
[159]:1
[160]:2
[161]:3
[163]:2
[165]:1
[166]:2
[167]:2
[168]:2
[170]:2
[172]:1
[173]:3
[174]:2
[177]:1
[179]:1

t0_min: 1.08 us, round:1998
t0_max: 36.33 us, round:33927
t0_jitter: 35.25 us

t1_min: 2.67 us, round:2027
t1_max: 70.46 us, round:33927
t1_jitter: 67.79 us

t2_min: 97.29 us, round:6326
t2_max: 179.25 us, round:33927
t2_jitter: 81.96 us

PMU diff samples: 185110
AVG DIFF LL_CACHE_RD: 99.35
AVG DIFF LL_CACHE_MISS_RD: 42.93
AVG DIFF L2D_CACHE_REFILL: 43.04
AVG DIFF L2D_CACHE_INVAL: 0.00
[cur diff] DIFF LL_CACHE_RD: 12, DIFF LL_CACHE_MISS_RD: 8, MISS_RATE: 66.67%
[cur diff] DIFF L2D_CACHE_REFILL: 3
[cur diff] DIFF L2D_CACHE_INVAL: 0
[max diff] DIFF LL_CACHE_RD: 152, DIFF LL_CACHE_MISS_RD: 123, MISS_RATE: 80.92%
[max diff] DIFF L2D_CACHE_REFILL: 123
[max diff] DIFF L2D_CACHE_INVAL: 0

===========================================================
taskpendcnt:187153
t0:2416 ns
t1:6333 ns
t2:101833 ns
benchmark: Franka-derived Cartesian-impedance kernel, input trace:8, timer period:1.000 ms
controller source: franka_ros2 jazzy@73a1501d, updates:187175, SVD sweeps:5
pose error:[0.010000 0.015000 0.010000 -0.000000 0.049979 -0.000000]
tau[0:6]:[-1.839419 -0.921560 -1.193198 -1.195971 -0.861243 0.113634 -0.461388]
kernel exec min/avg/max: 94.50 / 97.44 / 123.08 us, samples:187185
pressure status:1, copy rounds total/window:793/10, 4.41 rounds/s
pressure logical copy:7930.00 MiB total, approx 44.11 MiB/s, checksum:1056031375360
pressure report window:2.266914 s
t0_region>
[1]:36575
[2]:63089
[3]:52772
[4]:14443
[5]:3479
[6]:2558
[7]:3225
[8]:3882
[9]:2572
[10]:1280
[11]:932
[12]:673
[13]:581
[14]:415
[15]:273
[16]:194
[17]:111
[18]:83
[19]:28
[20]:13
[21]:5
[22]:3
[24]:1
[25]:7
[26]:1
[27]:2
[28]:2
[30]:2
[31]:2
[32]:1
[33]:2
[35]:1
[36]:1

t1_region>
[2]:1232
[3]:13306
[4]:15491
[5]:13578
[6]:24545
[7]:34299
[8]:34263
[9]:19280
[10]:7846
[11]:2773
[12]:1396
[13]:1188
[14]:1150
[15]:1226
[16]:1778
[17]:2729
[18]:2306
[19]:1280
[20]:765
[21]:645
[22]:638
[23]:615
[24]:592
[25]:512
[26]:474
[27]:483
[28]:429
[29]:357
[30]:326
[31]:329
[32]:284
[33]:230
[34]:218
[35]:173
[36]:160
[37]:106
[38]:72
[39]:39
[40]:30
[41]:19
[42]:18
[43]:8
[44]:8
[45]:6
[46]:7
[47]:3
[48]:2
[49]:2
[53]:1
[54]:1
[55]:1
[56]:1
[58]:2
[59]:3
[61]:2
[64]:3
[65]:2
[68]:3
[69]:2
[70]:1

t2_region>
[97]:332
[98]:5256
[99]:5550
[100]:10821
[101]:12834
[102]:15366
[103]:20425
[104]:25449
[105]:29129
[106]:19862
[107]:8806
[108]:4854
[109]:4161
[110]:3296
[111]:2023
[112]:1339
[113]:1260
[114]:1741
[115]:2085
[116]:1762
[117]:1069
[118]:833
[119]:840
[120]:727
[121]:633
[122]:566
[123]:536
[124]:516
[125]:490
[126]:436
[127]:407
[128]:419
[129]:386
[130]:352
[131]:355
[132]:291
[133]:319
[134]:275
[135]:233
[136]:199
[137]:181
[138]:142
[139]:125
[140]:114
[141]:85
[142]:72
[143]:58
[144]:53
[145]:57
[146]:34
[147]:28
[148]:24
[149]:16
[150]:14
[151]:8
[152]:6
[153]:7
[154]:5
[156]:2
[157]:1
[159]:1
[160]:2
[161]:3
[163]:2
[165]:1
[166]:2
[167]:2
[168]:2
[170]:2
[172]:1
[173]:3
[174]:2
[177]:1
[179]:1

t0_min: 1.08 us, round:1998
t0_max: 36.33 us, round:33927
t0_jitter: 35.25 us

t1_min: 2.67 us, round:2027
t1_max: 70.46 us, round:33927
t1_jitter: 67.79 us

t2_min: 97.29 us, round:6326
t2_max: 179.25 us, round:33927
t2_jitter: 81.96 us

PMU diff samples: 187377
AVG DIFF LL_CACHE_RD: 99.36
AVG DIFF LL_CACHE_MISS_RD: 42.93
AVG DIFF L2D_CACHE_REFILL: 43.04
AVG DIFF L2D_CACHE_INVAL: 0.00
[cur diff] DIFF LL_CACHE_RD: 16, DIFF LL_CACHE_MISS_RD: 10, MISS_RATE: 62.50%
[cur diff] DIFF L2D_CACHE_REFILL: 1
[cur diff] DIFF L2D_CACHE_INVAL: 0
[max diff] DIFF LL_CACHE_RD: 152, DIFF LL_CACHE_MISS_RD: 123, MISS_RATE: 80.92%
[max diff] DIFF L2D_CACHE_REFILL: 123
[max diff] DIFF L2D_CACHE_INVAL: 0

===========================================================
taskpendcnt:189420
t0:2875 ns
t1:5041 ns
t2:101125 ns
benchmark: Franka-derived Cartesian-impedance kernel, input trace:8, timer period:1.000 ms
controller source: franka_ros2 jazzy@73a1501d, updates:189442, SVD sweeps:5
pose error:[0.010000 0.015000 0.010000 -0.000000 0.049979 -0.000000]
tau[0:6]:[1.228026 0.081850 0.819520 0.875435 0.745706 -0.833381 0.398995]
kernel exec min/avg/max: 94.50 / 97.44 / 123.08 us, samples:189452
pressure status:1, copy rounds total/window:803/10, 4.41 rounds/s
pressure logical copy:8030.00 MiB total, approx 44.12 MiB/s, checksum:1069348290560
pressure report window:2.266552 s
t0_region>
[1]:36981
[2]:63929
[3]:53529
[4]:14611
[5]:3504
[6]:2565
[7]:3249
[8]:3911
[9]:2580
[10]:1283
[11]:932
[12]:673
[13]:581
[14]:415
[15]:273
[16]:194
[17]:111
[18]:83
[19]:28
[20]:13
[21]:5
[22]:3
[24]:1
[25]:7
[26]:1
[27]:2
[28]:2
[30]:2
[31]:2
[32]:1
[33]:2
[35]:1
[36]:1

t1_region>
[2]:1250
[3]:13412
[4]:15643
[5]:13756
[6]:24883
[7]:34787
[8]:34773
[9]:19547
[10]:7940
[11]:2794
[12]:1408
[13]:1197
[14]:1159
[15]:1228
[16]:1790
[17]:2757
[18]:2319
[19]:1288
[20]:766
[21]:645
[22]:638
[23]:615
[24]:592
[25]:512
[26]:474
[27]:483
[28]:429
[29]:357
[30]:326
[31]:329
[32]:284
[33]:230
[34]:218
[35]:173
[36]:160
[37]:106
[38]:72
[39]:39
[40]:30
[41]:19
[42]:18
[43]:8
[44]:8
[45]:6
[46]:7
[47]:3
[48]:2
[49]:2
[53]:1
[54]:1
[55]:1
[56]:1
[58]:2
[59]:3
[61]:2
[64]:3
[65]:2
[68]:3
[69]:2
[70]:1

t2_region>
[97]:332
[98]:5277
[99]:5597
[100]:10921
[101]:13005
[102]:15569
[103]:20692
[104]:25809
[105]:29534
[106]:20164
[107]:8946
[108]:4921
[109]:4224
[110]:3322
[111]:2042
[112]:1351
[113]:1265
[114]:1756
[115]:2111
[116]:1774
[117]:1075
[118]:833
[119]:840
[120]:727
[121]:633
[122]:566
[123]:536
[124]:516
[125]:490
[126]:436
[127]:407
[128]:419
[129]:386
[130]:352
[131]:355
[132]:291
[133]:319
[134]:275
[135]:233
[136]:199
[137]:181
[138]:142
[139]:125
[140]:114
[141]:85
[142]:72
[143]:58
[144]:53
[145]:57
[146]:34
[147]:28
[148]:24
[149]:16
[150]:14
[151]:8
[152]:6
[153]:7
[154]:5
[156]:2
[157]:1
[159]:1
[160]:2
[161]:3
[163]:2
[165]:1
[166]:2
[167]:2
[168]:2
[170]:2
[172]:1
[173]:3
[174]:2
[177]:1
[179]:1

t0_min: 1.08 us, round:1998
t0_max: 36.33 us, round:33927
t0_jitter: 35.25 us

t1_min: 2.67 us, round:2027
t1_max: 70.46 us, round:33927
t1_jitter: 67.79 us

t2_min: 97.29 us, round:6326
t2_max: 179.25 us, round:33927
t2_jitter: 81.96 us

PMU diff samples: 189644
AVG DIFF LL_CACHE_RD: 99.34
AVG DIFF LL_CACHE_MISS_RD: 42.92
AVG DIFF L2D_CACHE_REFILL: 43.04
AVG DIFF L2D_CACHE_INVAL: 0.00
[cur diff] DIFF LL_CACHE_RD: 6, DIFF LL_CACHE_MISS_RD: 5, MISS_RATE: 83.33%
[cur diff] DIFF L2D_CACHE_REFILL: 3
[cur diff] DIFF L2D_CACHE_INVAL: 0
[max diff] DIFF LL_CACHE_RD: 152, DIFF LL_CACHE_MISS_RD: 123, MISS_RATE: 80.92%
[max diff] DIFF L2D_CACHE_REFILL: 123
[max diff] DIFF L2D_CACHE_INVAL: 0

===========================================================
taskpendcnt:191686
t0:2916 ns
t1:5083 ns
t2:101166 ns
benchmark: Franka-derived Cartesian-impedance kernel, input trace:8, timer period:1.000 ms
controller source: franka_ros2 jazzy@73a1501d, updates:191708, SVD sweeps:5
pose error:[0.010000 0.015000 0.010000 -0.000000 0.049979 -0.000000]
tau[0:6]:[-0.567483 -0.552304 -0.482512 -0.231067 -0.297494 -0.656094 -0.085004]
kernel exec min/avg/max: 94.50 / 97.44 / 123.08 us, samples:191718
pressure status:1, copy rounds total/window:812/9, 3.97 rounds/s
pressure logical copy:8120.00 MiB total, approx 39.71 MiB/s, checksum:1081333514240
pressure report window:2.266533 s
t0_region>
[1]:37357
[2]:64812
[3]:54248
[4]:14782
[5]:3532
[6]:2570
[7]:3273
[8]:3950
[9]:2599
[10]:1285
[11]:932
[12]:673
[13]:581
[14]:415
[15]:273
[16]:194
[17]:111
[18]:83
[19]:28
[20]:13
[21]:5
[22]:3
[24]:1
[25]:7
[26]:1
[27]:2
[28]:2
[30]:2
[31]:2
[32]:1
[33]:2
[35]:1
[36]:1

t1_region>
[2]:1262
[3]:13518
[4]:15796
[5]:13943
[6]:25234
[7]:35294
[8]:35224
[9]:19808
[10]:8051
[11]:2816
[12]:1423
[13]:1199
[14]:1162
[15]:1228
[16]:1811
[17]:2797
[18]:2340
[19]:1293
[20]:766
[21]:645
[22]:638
[23]:615
[24]:592
[25]:512
[26]:474
[27]:483
[28]:429
[29]:357
[30]:326
[31]:329
[32]:284
[33]:230
[34]:218
[35]:173
[36]:160
[37]:106
[38]:72
[39]:39
[40]:30
[41]:19
[42]:18
[43]:8
[44]:8
[45]:6
[46]:7
[47]:3
[48]:2
[49]:2
[53]:1
[54]:1
[55]:1
[56]:1
[58]:2
[59]:3
[61]:2
[64]:3
[65]:2
[68]:3
[69]:2
[70]:1

t2_region>
[97]:332
[98]:5297
[99]:5639
[100]:11027
[101]:13166
[102]:15799
[103]:20977
[104]:26180
[105]:29924
[106]:20443
[107]:9047
[108]:4978
[109]:4276
[110]:3386
[111]:2059
[112]:1355
[113]:1269
[114]:1772
[115]:2139
[116]:1793
[117]:1077
[118]:835
[119]:848
[120]:733
[121]:635
[122]:567
[123]:536
[124]:516
[125]:490
[126]:436
[127]:407
[128]:419
[129]:386
[130]:352
[131]:355
[132]:291
[133]:319
[134]:275
[135]:233
[136]:199
[137]:181
[138]:142
[139]:125
[140]:114
[141]:85
[142]:72
[143]:58
[144]:53
[145]:57
[146]:34
[147]:28
[148]:24
[149]:16
[150]:14
[151]:8
[152]:6
[153]:7
[154]:5
[156]:2
[157]:1
[159]:1
[160]:2
[161]:3
[163]:2
[165]:1
[166]:2
[167]:2
[168]:2
[170]:2
[172]:1
[173]:3
[174]:2
[177]:1
[179]:1

t0_min: 1.08 us, round:1998
t0_max: 36.33 us, round:33927
t0_jitter: 35.25 us

t1_min: 2.67 us, round:2027
t1_max: 70.46 us, round:33927
t1_jitter: 67.79 us

t2_min: 97.29 us, round:6326
t2_max: 179.25 us, round:33927
t2_jitter: 81.96 us

PMU diff samples: 191910
AVG DIFF LL_CACHE_RD: 99.34
AVG DIFF LL_CACHE_MISS_RD: 42.92
AVG DIFF L2D_CACHE_REFILL: 43.03
AVG DIFF L2D_CACHE_INVAL: 0.00
[cur diff] DIFF LL_CACHE_RD: 12, DIFF LL_CACHE_MISS_RD: 9, MISS_RATE: 75.00%
[cur diff] DIFF L2D_CACHE_REFILL: 1
[cur diff] DIFF L2D_CACHE_INVAL: 0
[max diff] DIFF LL_CACHE_RD: 152, DIFF LL_CACHE_MISS_RD: 123, MISS_RATE: 80.92%
[max diff] DIFF L2D_CACHE_REFILL: 123
[max diff] DIFF L2D_CACHE_INVAL: 0

===========================================================
taskpendcnt:193953
t0:4250 ns
t1:4375 ns
t2:101041 ns
benchmark: Franka-derived Cartesian-impedance kernel, input trace:8, timer period:1.000 ms
controller source: franka_ros2 jazzy@73a1501d, updates:193975, SVD sweeps:5
pose error:[0.010000 0.015000 0.010000 -0.000000 0.049979 -0.000000]
tau[0:6]:[-1.839419 -0.921560 -1.193198 -1.195971 -0.861243 0.113634 -0.461388]
kernel exec min/avg/max: 94.50 / 97.43 / 123.08 us, samples:193985
pressure status:1, copy rounds total/window:822/10, 4.41 rounds/s
pressure logical copy:8220.00 MiB total, approx 44.11 MiB/s, checksum:1094650429440
pressure report window:2.266922 s
t0_region>
[1]:37724
[2]:65658
[3]:55017
[4]:14967
[5]:3547
[6]:2578
[7]:3298
[8]:3990
[9]:2609
[10]:1287
[11]:932
[12]:673
[13]:581
[14]:415
[15]:273
[16]:194
[17]:111
[18]:83
[19]:28
[20]:13
[21]:5
[22]:3
[24]:1
[25]:7
[26]:1
[27]:2
[28]:2
[30]:2
[31]:2
[32]:1
[33]:2
[35]:1
[36]:1

t1_region>
[2]:1277
[3]:13612
[4]:15974
[5]:14131
[6]:25564
[7]:35763
[8]:35741
[9]:20056
[10]:8160
[11]:2835
[12]:1429
[13]:1207
[14]:1168
[15]:1238
[16]:1827
[17]:2823
[18]:2361
[19]:1299
[20]:767
[21]:645
[22]:638
[23]:615
[24]:592
[25]:512
[26]:474
[27]:483
[28]:429
[29]:357
[30]:326
[31]:329
[32]:284
[33]:230
[34]:218
[35]:173
[36]:160
[37]:106
[38]:72
[39]:39
[40]:30
[41]:19
[42]:18
[43]:8
[44]:8
[45]:6
[46]:7
[47]:3
[48]:2
[49]:2
[53]:1
[54]:1
[55]:1
[56]:1
[58]:2
[59]:3
[61]:2
[64]:3
[65]:2
[68]:3
[69]:2
[70]:1

t2_region>
[97]:332
[98]:5317
[99]:5682
[100]:11139
[101]:13338
[102]:16032
[103]:21216
[104]:26536
[105]:30329
[106]:20746
[107]:9177
[108]:5031
[109]:4325
[110]:3422
[111]:2083
[112]:1368
[113]:1275
[114]:1797
[115]:2154
[116]:1810
[117]:1082
[118]:839
[119]:852
[120]:734
[121]:636
[122]:567
[123]:536
[124]:516
[125]:490
[126]:436
[127]:407
[128]:419
[129]:386
[130]:352
[131]:355
[132]:291
[133]:319
[134]:275
[135]:233
[136]:199
[137]:181
[138]:142
[139]:125
[140]:114
[141]:85
[142]:72
[143]:58
[144]:53
[145]:57
[146]:34
[147]:28
[148]:24
[149]:16
[150]:14
[151]:8
[152]:6
[153]:7
[154]:5
[156]:2
[157]:1
[159]:1
[160]:2
[161]:3
[163]:2
[165]:1
[166]:2
[167]:2
[168]:2
[170]:2
[172]:1
[173]:3
[174]:2
[177]:1
[179]:1

t0_min: 1.08 us, round:1998
t0_max: 36.33 us, round:33927
t0_jitter: 35.25 us

t1_min: 2.67 us, round:2027
t1_max: 70.46 us, round:33927
t1_jitter: 67.79 us

t2_min: 97.29 us, round:6326
t2_max: 179.25 us, round:33927
t2_jitter: 81.96 us

PMU diff samples: 194177
AVG DIFF LL_CACHE_RD: 99.34
AVG DIFF LL_CACHE_MISS_RD: 42.91
AVG DIFF L2D_CACHE_REFILL: 43.02
AVG DIFF L2D_CACHE_INVAL: 0.00
[cur diff] DIFF LL_CACHE_RD: 8, DIFF LL_CACHE_MISS_RD: 7, MISS_RATE: 87.50%
[cur diff] DIFF L2D_CACHE_REFILL: 2
[cur diff] DIFF L2D_CACHE_INVAL: 0
[max diff] DIFF LL_CACHE_RD: 152, DIFF LL_CACHE_MISS_RD: 123, MISS_RATE: 80.92%
[max diff] DIFF L2D_CACHE_REFILL: 123
[max diff] DIFF L2D_CACHE_INVAL: 0

===========================================================
taskpendcnt:196220
t0:2375 ns
t1:5125 ns
t2:100916 ns
benchmark: Franka-derived Cartesian-impedance kernel, input trace:8, timer period:1.000 ms
controller source: franka_ros2 jazzy@73a1501d, updates:196242, SVD sweeps:5
pose error:[0.010000 0.015000 0.010000 -0.000000 0.049979 -0.000000]
tau[0:6]:[1.228026 0.081850 0.819520 0.875435 0.745706 -0.833381 0.398995]
kernel exec min/avg/max: 94.50 / 97.43 / 123.08 us, samples:196252
pressure status:1, copy rounds total/window:832/10, 4.41 rounds/s
pressure logical copy:8320.00 MiB total, approx 44.12 MiB/s, checksum:1107967344640
pressure report window:2.266532 s
t0_region>
[1]:38084
[2]:66551
[3]:55743
[4]:15143
[5]:3566
[6]:2587
[7]:3327
[8]:4025
[9]:2626
[10]:1290
[11]:932
[12]:673
[13]:581
[14]:415
[15]:273
[16]:194
[17]:111
[18]:83
[19]:28
[20]:13
[21]:5
[22]:3
[24]:1
[25]:7
[26]:1
[27]:2
[28]:2
[30]:2
[31]:2
[32]:1
[33]:2
[35]:1
[36]:1

t1_region>
[2]:1290
[3]:13716
[4]:16135
[5]:14297
[6]:25914
[7]:36263
[8]:36238
[9]:20318
[10]:8255
[11]:2853
[12]:1433
[13]:1210
[14]:1170
[15]:1246
[16]:1847
[17]:2855
[18]:2384
[19]:1302
[20]:770
[21]:646
[22]:638
[23]:615
[24]:592
[25]:512
[26]:474
[27]:483
[28]:429
[29]:357
[30]:326
[31]:329
[32]:284
[33]:230
[34]:218
[35]:173
[36]:160
[37]:106
[38]:72
[39]:39
[40]:30
[41]:19
[42]:18
[43]:8
[44]:8
[45]:6
[46]:7
[47]:3
[48]:2
[49]:2
[53]:1
[54]:1
[55]:1
[56]:1
[58]:2
[59]:3
[61]:2
[64]:3
[65]:2
[68]:3
[69]:2
[70]:1

t2_region>
[97]:332
[98]:5337
[99]:5728
[100]:11245
[101]:13504
[102]:16246
[103]:21497
[104]:26903
[105]:30741
[106]:21026
[107]:9307
[108]:5094
[109]:4364
[110]:3458
[111]:2095
[112]:1373
[113]:1281
[114]:1822
[115]:2173
[116]:1825
[117]:1091
[118]:846
[119]:857
[120]:736
[121]:637
[122]:567
[123]:536
[124]:516
[125]:490
[126]:436
[127]:407
[128]:419
[129]:386
[130]:352
[131]:355
[132]:291
[133]:319
[134]:275
[135]:233
[136]:199
[137]:181
[138]:142
[139]:125
[140]:114
[141]:85
[142]:72
[143]:58
[144]:53
[145]:57
[146]:34
[147]:28
[148]:24
[149]:16
[150]:14
[151]:8
[152]:6
[153]:7
[154]:5
[156]:2
[157]:1
[159]:1
[160]:2
[161]:3
[163]:2
[165]:1
[166]:2
[167]:2
[168]:2
[170]:2
[172]:1
[173]:3
[174]:2
[177]:1
[179]:1

t0_min: 1.08 us, round:1998
t0_max: 36.33 us, round:33927
t0_jitter: 35.25 us

t1_min: 2.67 us, round:2027
t1_max: 70.46 us, round:33927
t1_jitter: 67.79 us

t2_min: 97.29 us, round:6326
t2_max: 179.25 us, round:33927
t2_jitter: 81.96 us

PMU diff samples: 196444
AVG DIFF LL_CACHE_RD: 99.32
AVG DIFF LL_CACHE_MISS_RD: 42.90
AVG DIFF L2D_CACHE_REFILL: 43.01
AVG DIFF L2D_CACHE_INVAL: 0.00
[cur diff] DIFF LL_CACHE_RD: 7, DIFF LL_CACHE_MISS_RD: 5, MISS_RATE: 71.43%
[cur diff] DIFF L2D_CACHE_REFILL: 1
[cur diff] DIFF L2D_CACHE_INVAL: 0
[max diff] DIFF LL_CACHE_RD: 152, DIFF LL_CACHE_MISS_RD: 123, MISS_RATE: 80.92%
[max diff] DIFF L2D_CACHE_REFILL: 123
[max diff] DIFF L2D_CACHE_INVAL: 0

===========================================================
taskpendcnt:198486
t0:3000 ns
t1:6041 ns
t2:101250 ns
benchmark: Franka-derived Cartesian-impedance kernel, input trace:8, timer period:1.000 ms
controller source: franka_ros2 jazzy@73a1501d, updates:198508, SVD sweeps:5
pose error:[0.010000 0.015000 0.010000 -0.000000 0.049979 -0.000000]
tau[0:6]:[-0.567483 -0.552304 -0.482512 -0.231067 -0.297494 -0.656094 -0.085004]
kernel exec min/avg/max: 94.50 / 97.43 / 123.08 us, samples:198518
pressure status:1, copy rounds total/window:841/9, 3.97 rounds/s
pressure logical copy:8410.00 MiB total, approx 39.71 MiB/s, checksum:1119952568320
pressure report window:2.266560 s
t0_region>
[1]:38448
[2]:67387
[3]:56474
[4]:15361
[5]:3593
[6]:2591
[7]:3353
[8]:4062
[9]:2643
[10]:1296
[11]:932
[12]:673
[13]:581
[14]:415
[15]:273
[16]:194
[17]:111
[18]:83
[19]:28
[20]:13
[21]:5
[22]:3
[24]:1
[25]:7
[26]:1
[27]:2
[28]:2
[30]:2
[31]:2
[32]:1
[33]:2
[35]:1
[36]:1

t1_region>
[2]:1309
[3]:13825
[4]:16276
[5]:14455
[6]:26264
[7]:36721
[8]:36707
[9]:20605
[10]:8386
[11]:2893
[12]:1443
[13]:1216
[14]:1173
[15]:1248
[16]:1866
[17]:2884
[18]:2411
[19]:1309
[20]:772
[21]:646
[22]:638
[23]:615
[24]:592
[25]:512
[26]:474
[27]:483
[28]:429
[29]:357
[30]:326
[31]:329
[32]:284
[33]:230
[34]:218
[35]:173
[36]:160
[37]:106
[38]:72
[39]:39
[40]:30
[41]:19
[42]:18
[43]:8
[44]:8
[45]:6
[46]:7
[47]:3
[48]:2
[49]:2
[53]:1
[54]:1
[55]:1
[56]:1
[58]:2
[59]:3
[61]:2
[64]:3
[65]:2
[68]:3
[69]:2
[70]:1

t2_region>
[97]:332
[98]:5359
[99]:5783
[100]:11341
[101]:13654
[102]:16451
[103]:21788
[104]:27255
[105]:31136
[106]:21301
[107]:9433
[108]:5148
[109]:4425
[110]:3514
[111]:2126
[112]:1383
[113]:1288
[114]:1846
[115]:2200
[116]:1838
[117]:1101
[118]:847
[119]:860
[120]:738
[121]:638
[122]:567
[123]:536
[124]:516
[125]:490
[126]:436
[127]:407
[128]:419
[129]:386
[130]:352
[131]:355
[132]:291
[133]:319
[134]:275
[135]:233
[136]:199
[137]:181
[138]:142
[139]:125
[140]:114
[141]:85
[142]:72
[143]:58
[144]:53
[145]:57
[146]:34
[147]:28
[148]:24
[149]:16
[150]:14
[151]:8
[152]:6
[153]:7
[154]:5
[156]:2
[157]:1
[159]:1
[160]:2
[161]:3
[163]:2
[165]:1
[166]:2
[167]:2
[168]:2
[170]:2
[172]:1
[173]:3
[174]:2
[177]:1
[179]:1

t0_min: 1.08 us, round:1998
t0_max: 36.33 us, round:33927
t0_jitter: 35.25 us

t1_min: 2.67 us, round:2027
t1_max: 70.46 us, round:33927
t1_jitter: 67.79 us

t2_min: 97.29 us, round:6326
t2_max: 179.25 us, round:33927
t2_jitter: 81.96 us

PMU diff samples: 198710
AVG DIFF LL_CACHE_RD: 99.33
AVG DIFF LL_CACHE_MISS_RD: 42.90
AVG DIFF L2D_CACHE_REFILL: 43.02
AVG DIFF L2D_CACHE_INVAL: 0.00
[cur diff] DIFF LL_CACHE_RD: 10, DIFF LL_CACHE_MISS_RD: 10, MISS_RATE: 100.00%
[cur diff] DIFF L2D_CACHE_REFILL: 3
[cur diff] DIFF L2D_CACHE_INVAL: 0
[max diff] DIFF LL_CACHE_RD: 152, DIFF LL_CACHE_MISS_RD: 123, MISS_RATE: 80.92%
[max diff] DIFF L2D_CACHE_REFILL: 123
[max diff] DIFF L2D_CACHE_INVAL: 0

===========================================================
taskpendcnt:200753
t0:2583 ns
t1:4166 ns
t2:101125 ns
benchmark: Franka-derived Cartesian-impedance kernel, input trace:8, timer period:1.000 ms
controller source: franka_ros2 jazzy@73a1501d, updates:200775, SVD sweeps:5
pose error:[0.010000 0.015000 0.010000 -0.000000 0.049979 -0.000000]
tau[0:6]:[-1.839419 -0.921560 -1.193198 -1.195971 -0.861243 0.113634 -0.461388]
kernel exec min/avg/max: 94.50 / 97.43 / 123.08 us, samples:200785
pressure status:1, copy rounds total/window:851/10, 4.41 rounds/s
pressure logical copy:8510.00 MiB total, approx 44.11 MiB/s, checksum:1133269483520
pressure report window:2.266892 s
t0_region>
[1]:38821
[2]:68261
[3]:57198
[4]:15562
[5]:3605
[6]:2610
[7]:3376
[8]:4090
[9]:2655
[10]:1298
[11]:932
[12]:673
[13]:581
[14]:415
[15]:273
[16]:194
[17]:111
[18]:83
[19]:28
[20]:13
[21]:5
[22]:3
[24]:1
[25]:7
[26]:1
[27]:2
[28]:2
[30]:2
[31]:2
[32]:1
[33]:2
[35]:1
[36]:1

t1_region>
[2]:1318
[3]:13937
[4]:16432
[5]:14631
[6]:26600
[7]:37201
[8]:37220
[9]:20856
[10]:8490
[11]:2928
[12]:1456
[13]:1222
[14]:1182
[15]:1253
[16]:1882
[17]:2909
[18]:2426
[19]:1315
[20]:772
[21]:646
[22]:638
[23]:615
[24]:592
[25]:512
[26]:474
[27]:483
[28]:429
[29]:357
[30]:326
[31]:329
[32]:284
[33]:230
[34]:218
[35]:173
[36]:160
[37]:106
[38]:72
[39]:39
[40]:30
[41]:19
[42]:18
[43]:8
[44]:8
[45]:6
[46]:7
[47]:3
[48]:2
[49]:2
[53]:1
[54]:1
[55]:1
[56]:1
[58]:2
[59]:3
[61]:2
[64]:3
[65]:2
[68]:3
[69]:2
[70]:1

t2_region>
[97]:332
[98]:5377
[99]:5832
[100]:11467
[101]:13804
[102]:16651
[103]:22067
[104]:27625
[105]:31558
[106]:21593
[107]:9544
[108]:5218
[109]:4469
[110]:3541
[111]:2153
[112]:1393
[113]:1304
[114]:1857
[115]:2216
[116]:1855
[117]:1105
[118]:849
[119]:864
[120]:739
[121]:640
[122]:567
[123]:536
[124]:516
[125]:490
[126]:436
[127]:407
[128]:419
[129]:386
[130]:352
[131]:355
[132]:291
[133]:319
[134]:275
[135]:233
[136]:199
[137]:181
[138]:142
[139]:125
[140]:114
[141]:85
[142]:72
[143]:58
[144]:53
[145]:57
[146]:34
[147]:28
[148]:24
[149]:16
[150]:14
[151]:8
[152]:6
[153]:7
[154]:5
[156]:2
[157]:1
[159]:1
[160]:2
[161]:3
[163]:2
[165]:1
[166]:2
[167]:2
[168]:2
[170]:2
[172]:1
[173]:3
[174]:2
[177]:1
[179]:1

t0_min: 1.08 us, round:1998
t0_max: 36.33 us, round:33927
t0_jitter: 35.25 us

t1_min: 2.67 us, round:2027
t1_max: 70.46 us, round:33927
t1_jitter: 67.79 us

t2_min: 97.29 us, round:6326
t2_max: 179.25 us, round:33927
t2_jitter: 81.96 us

PMU diff samples: 200977
AVG DIFF LL_CACHE_RD: 99.32
AVG DIFF LL_CACHE_MISS_RD: 42.89
AVG DIFF L2D_CACHE_REFILL: 43.01
AVG DIFF L2D_CACHE_INVAL: 0.00
[cur diff] DIFF LL_CACHE_RD: 7, DIFF LL_CACHE_MISS_RD: 5, MISS_RATE: 71.43%
[cur diff] DIFF L2D_CACHE_REFILL: 2
[cur diff] DIFF L2D_CACHE_INVAL: 0
[max diff] DIFF LL_CACHE_RD: 152, DIFF LL_CACHE_MISS_RD: 123, MISS_RATE: 80.92%
[max diff] DIFF L2D_CACHE_REFILL: 123
[max diff] DIFF L2D_CACHE_INVAL: 0

===========================================================
taskpendcnt:203020
t0:3041 ns
t1:5791 ns
t2:101583 ns
benchmark: Franka-derived Cartesian-impedance kernel, input trace:8, timer period:1.000 ms
controller source: franka_ros2 jazzy@73a1501d, updates:203042, SVD sweeps:5
pose error:[0.010000 0.015000 0.010000 -0.000000 0.049979 -0.000000]
tau[0:6]:[1.228026 0.081850 0.819520 0.875435 0.745706 -0.833381 0.398995]
kernel exec min/avg/max: 94.50 / 97.43 / 123.08 us, samples:203052
pressure status:1, copy rounds total/window:860/9, 3.97 rounds/s
pressure logical copy:8600.00 MiB total, approx 39.71 MiB/s, checksum:1145254707200
pressure report window:2.266539 s
t0_region>
[1]:39182
[2]:69139
[3]:57958
[4]:15717
[5]:3622
[6]:2618
[7]:3400
[8]:4133
[9]:2672
[10]:1302
[11]:932
[12]:673
[13]:581
[14]:415
[15]:273
[16]:194
[17]:111
[18]:83
[19]:28
[20]:13
[21]:5
[22]:3
[24]:1
[25]:7
[26]:1
[27]:2
[28]:2
[30]:2
[31]:2
[32]:1
[33]:2
[35]:1
[36]:1

t1_region>
[2]:1328
[3]:14060
[4]:16563
[5]:14834
[6]:26946
[7]:37728
[8]:37706
[9]:21098
[10]:8564
[11]:2947
[12]:1464
[13]:1223
[14]:1186
[15]:1258
[16]:1904
[17]:2940
[18]:2450
[19]:1324
[20]:772
[21]:647
[22]:638
[23]:615
[24]:592
[25]:512
[26]:474
[27]:483
[28]:429
[29]:357
[30]:326
[31]:329
[32]:284
[33]:230
[34]:218
[35]:173
[36]:160
[37]:106
[38]:72
[39]:39
[40]:30
[41]:19
[42]:18
[43]:8
[44]:8
[45]:6
[46]:7
[47]:3
[48]:2
[49]:2
[53]:1
[54]:1
[55]:1
[56]:1
[58]:2
[59]:3
[61]:2
[64]:3
[65]:2
[68]:3
[69]:2
[70]:1

t2_region>
[97]:332
[98]:5394
[99]:5877
[100]:11569
[101]:13981
[102]:16856
[103]:22383
[104]:28000
[105]:31994
[106]:21854
[107]:9635
[108]:5265
[109]:4518
[110]:3575
[111]:2161
[112]:1401
[113]:1319
[114]:1870
[115]:2237
[116]:1875
[117]:1114
[118]:854
[119]:870
[120]:741
[121]:642
[122]:567
[123]:537
[124]:516
[125]:490
[126]:436
[127]:407
[128]:419
[129]:386
[130]:352
[131]:355
[132]:291
[133]:319
[134]:275
[135]:233
[136]:199
[137]:181
[138]:142
[139]:125
[140]:114
[141]:85
[142]:72
[143]:58
[144]:53
[145]:57
[146]:34
[147]:28
[148]:24
[149]:16
[150]:14
[151]:8
[152]:6
[153]:7
[154]:5
[156]:2
[157]:1
[159]:1
[160]:2
[161]:3
[163]:2
[165]:1
[166]:2
[167]:2
[168]:2
[170]:2
[172]:1
[173]:3
[174]:2
[177]:1
[179]:1

t0_min: 1.08 us, round:1998
t0_max: 36.33 us, round:33927
t0_jitter: 35.25 us

t1_min: 2.67 us, round:2027
t1_max: 70.46 us, round:33927
t1_jitter: 67.79 us

t2_min: 97.29 us, round:6326
t2_max: 179.25 us, round:33927
t2_jitter: 81.96 us

PMU diff samples: 203243
AVG DIFF LL_CACHE_RD: 99.30
AVG DIFF LL_CACHE_MISS_RD: 42.87
AVG DIFF L2D_CACHE_REFILL: 42.99
AVG DIFF L2D_CACHE_INVAL: 0.00
[cur diff] DIFF LL_CACHE_RD: 6, DIFF LL_CACHE_MISS_RD: 5, MISS_RATE: 83.33%
[cur diff] DIFF L2D_CACHE_REFILL: 2
[cur diff] DIFF L2D_CACHE_INVAL: 0
[max diff] DIFF LL_CACHE_RD: 152, DIFF LL_CACHE_MISS_RD: 123, MISS_RATE: 80.92%
[max diff] DIFF L2D_CACHE_REFILL: 123
[max diff] DIFF L2D_CACHE_INVAL: 0

===========================================================
taskpendcnt:205286
t0:2500 ns
t1:5250 ns
t2:101333 ns
benchmark: Franka-derived Cartesian-impedance kernel, input trace:8, timer period:1.000 ms
controller source: franka_ros2 jazzy@73a1501d, updates:205308, SVD sweeps:5
pose error:[0.010000 0.015000 0.010000 -0.000000 0.049979 -0.000000]
tau[0:6]:[-0.567483 -0.552304 -0.482512 -0.231067 -0.297494 -0.656094 -0.085004]
kernel exec min/avg/max: 94.50 / 97.42 / 123.08 us, samples:205318
pressure status:1, copy rounds total/window:870/10, 4.41 rounds/s
pressure logical copy:8700.00 MiB total, approx 44.12 MiB/s, checksum:1158571622400
pressure report window:2.266519 s
t0_region>
[1]:39538
[2]:70023
[3]:58676
[4]:15897
[5]:3654
[6]:2633
[7]:3425
[8]:4168
[9]:2690
[10]:1304
[11]:932
[12]:673
[13]:581
[14]:415
[15]:273
[16]:194
[17]:111
[18]:83
[19]:28
[20]:13
[21]:5
[22]:3
[24]:1
[25]:7
[26]:1
[27]:2
[28]:2
[30]:2
[31]:2
[32]:1
[33]:2
[35]:1
[36]:1

t1_region>
[2]:1337
[3]:14174
[4]:16711
[5]:15009
[6]:27298
[7]:38209
[8]:38174
[9]:21369
[10]:8681
[11]:2969
[12]:1475
[13]:1231
[14]:1190
[15]:1270
[16]:1918
[17]:2973
[18]:2467
[19]:1335
[20]:772
[21]:647
[22]:638
[23]:615
[24]:592
[25]:512
[26]:474
[27]:483
[28]:429
[29]:357
[30]:326
[31]:329
[32]:284
[33]:230
[34]:218
[35]:173
[36]:160
[37]:106
[38]:72
[39]:39
[40]:30
[41]:19
[42]:18
[43]:8
[44]:8
[45]:6
[46]:7
[47]:3
[48]:2
[49]:2
[53]:1
[54]:1
[55]:1
[56]:1
[58]:2
[59]:3
[61]:2
[64]:3
[65]:2
[68]:3
[69]:2
[70]:1

t2_region>
[97]:332
[98]:5408
[99]:5928
[100]:11689
[101]:14123
[102]:17080
[103]:22676
[104]:28346
[105]:32392
[106]:22127
[107]:9748
[108]:5323
[109]:4581
[110]:3634
[111]:2184
[112]:1410
[113]:1326
[114]:1886
[115]:2260
[116]:1886
[117]:1123
[118]:857
[119]:878
[120]:744
[121]:644
[122]:567
[123]:537
[124]:516
[125]:490
[126]:436
[127]:407
[128]:419
[129]:386
[130]:352
[131]:355
[132]:291
[133]:319
[134]:275
[135]:233
[136]:199
[137]:181
[138]:142
[139]:125
[140]:114
[141]:85
[142]:72
[143]:58
[144]:53
[145]:57
[146]:34
[147]:28
[148]:24
[149]:16
[150]:14
[151]:8
[152]:6
[153]:7
[154]:5
[156]:2
[157]:1
[159]:1
[160]:2
[161]:3
[163]:2
[165]:1
[166]:2
[167]:2
[168]:2
[170]:2
[172]:1
[173]:3
[174]:2
[177]:1
[179]:1

t0_min: 1.08 us, round:1998
t0_max: 36.33 us, round:33927
t0_jitter: 35.25 us

t1_min: 2.67 us, round:2027
t1_max: 70.46 us, round:33927
t1_jitter: 67.79 us

t2_min: 97.29 us, round:6326
t2_max: 179.25 us, round:33927
t2_jitter: 81.96 us

PMU diff samples: 205510
AVG DIFF LL_CACHE_RD: 99.31
AVG DIFF LL_CACHE_MISS_RD: 42.87
AVG DIFF L2D_CACHE_REFILL: 42.99
AVG DIFF L2D_CACHE_INVAL: 0.00
[cur diff] DIFF LL_CACHE_RD: 11, DIFF LL_CACHE_MISS_RD: 11, MISS_RATE: 100.00%
[cur diff] DIFF L2D_CACHE_REFILL: 2
[cur diff] DIFF L2D_CACHE_INVAL: 0
[max diff] DIFF LL_CACHE_RD: 152, DIFF LL_CACHE_MISS_RD: 123, MISS_RATE: 80.92%
[max diff] DIFF L2D_CACHE_REFILL: 123
[max diff] DIFF L2D_CACHE_INVAL: 0

===========================================================
taskpendcnt:207553
t0:2083 ns
t1:5416 ns
t2:102083 ns
benchmark: Franka-derived Cartesian-impedance kernel, input trace:8, timer period:1.000 ms
controller source: franka_ros2 jazzy@73a1501d, updates:207575, SVD sweeps:5
pose error:[0.010000 0.015000 0.010000 -0.000000 0.049979 -0.000000]
tau[0:6]:[-1.839419 -0.921560 -1.193198 -1.195971 -0.861243 0.113634 -0.461388]
kernel exec min/avg/max: 94.50 / 97.42 / 123.08 us, samples:207585
pressure status:1, copy rounds total/window:880/10, 4.41 rounds/s
pressure logical copy:8800.00 MiB total, approx 44.11 MiB/s, checksum:1171888537600
pressure report window:2.266901 s
t0_region>
[1]:39901
[2]:70886
[3]:59404
[4]:16105
[5]:3676
[6]:2642
[7]:3446
[8]:4202
[9]:2708
[10]:1305
[11]:932
[12]:673
[13]:581
[14]:415
[15]:273
[16]:194
[17]:111
[18]:83
[19]:28
[20]:13
[21]:5
[22]:3
[24]:1
[25]:7
[26]:1
[27]:2
[28]:2
[30]:2
[31]:2
[32]:1
[33]:2
[35]:1
[36]:1

t1_region>
[2]:1347
[3]:14289
[4]:16853
[5]:15200
[6]:27649
[7]:38675
[8]:38659
[9]:21633
[10]:8797
[11]:3001
[12]:1482
[13]:1238
[14]:1195
[15]:1276
[16]:1936
[17]:2994
[18]:2492
[19]:1341
[20]:773
[21]:647
[22]:638
[23]:615
[24]:592
[25]:512
[26]:474
[27]:483
[28]:429
[29]:357
[30]:326
[31]:329
[32]:284
[33]:230
[34]:218
[35]:173
[36]:160
[37]:106
[38]:72
[39]:39
[40]:30
[41]:19
[42]:18
[43]:8
[44]:8
[45]:6
[46]:7
[47]:3
[48]:2
[49]:2
[53]:1
[54]:1
[55]:1
[56]:1
[58]:2
[59]:3
[61]:2
[64]:3
[65]:2
[68]:3
[69]:2
[70]:1

t2_region>
[97]:332
[98]:5429
[99]:5972
[100]:11791
[101]:14295
[102]:17292
[103]:22976
[104]:28715
[105]:32782
[106]:22390
[107]:9866
[108]:5389
[109]:4638
[110]:3675
[111]:2207
[112]:1423
[113]:1333
[114]:1898
[115]:2284
[116]:1902
[117]:1132
[118]:859
[119]:879
[120]:748
[121]:645
[122]:567
[123]:537
[124]:516
[125]:490
[126]:436
[127]:407
[128]:419
[129]:386
[130]:352
[131]:355
[132]:291
[133]:319
[134]:275
[135]:233
[136]:199
[137]:181
[138]:142
[139]:125
[140]:114
[141]:85
[142]:72
[143]:58
[144]:53
[145]:57
[146]:34
[147]:28
[148]:24
[149]:16
[150]:14
[151]:8
[152]:6
[153]:7
[154]:5
[156]:2
[157]:1
[159]:1
[160]:2
[161]:3
[163]:2
[165]:1
[166]:2
[167]:2
[168]:2
[170]:2
[172]:1
[173]:3
[174]:2
[177]:1
[179]:1

t0_min: 1.08 us, round:1998
t0_max: 36.33 us, round:33927
t0_jitter: 35.25 us

t1_min: 2.67 us, round:2027
t1_max: 70.46 us, round:33927
t1_jitter: 67.79 us

t2_min: 97.29 us, round:6326
t2_max: 179.25 us, round:33927
t2_jitter: 81.96 us

PMU diff samples: 207777
AVG DIFF LL_CACHE_RD: 99.30
AVG DIFF LL_CACHE_MISS_RD: 42.87
AVG DIFF L2D_CACHE_REFILL: 42.99
AVG DIFF L2D_CACHE_INVAL: 0.00
[cur diff] DIFF LL_CACHE_RD: 5, DIFF LL_CACHE_MISS_RD: 4, MISS_RATE: 80.00%
[cur diff] DIFF L2D_CACHE_REFILL: 1
[cur diff] DIFF L2D_CACHE_INVAL: 0
[max diff] DIFF LL_CACHE_RD: 152, DIFF LL_CACHE_MISS_RD: 123, MISS_RATE: 80.92%
[max diff] DIFF L2D_CACHE_REFILL: 123
[max diff] DIFF L2D_CACHE_INVAL: 0

===========================================================
taskpendcnt:209820
t0:3416 ns
t1:5583 ns
t2:101666 ns
benchmark: Franka-derived Cartesian-impedance kernel, input trace:8, timer period:1.000 ms
controller source: franka_ros2 jazzy@73a1501d, updates:209842, SVD sweeps:5
pose error:[0.010000 0.015000 0.010000 -0.000000 0.049979 -0.000000]
tau[0:6]:[1.228026 0.081850 0.819520 0.875435 0.745706 -0.833381 0.398995]
kernel exec min/avg/max: 94.50 / 97.42 / 123.08 us, samples:209852
pressure status:1, copy rounds total/window:889/9, 3.97 rounds/s
pressure logical copy:8890.00 MiB total, approx 39.71 MiB/s, checksum:1183873761280
pressure report window:2.266572 s
t0_region>
[1]:40280
[2]:71783
[3]:60138
[4]:16254
[5]:3690
[6]:2648
[7]:3470
[8]:4239
[9]:2730
[10]:1310
[11]:932
[12]:673
[13]:581
[14]:415
[15]:273
[16]:194
[17]:111
[18]:83
[19]:28
[20]:13
[21]:5
[22]:3
[24]:1
[25]:7
[26]:1
[27]:2
[28]:2
[30]:2
[31]:2
[32]:1
[33]:2
[35]:1
[36]:1

t1_region>
[2]:1353
[3]:14408
[4]:17009
[5]:15377
[6]:27980
[7]:39254
[8]:39152
[9]:21847
[10]:8870
[11]:3015
[12]:1488
[13]:1239
[14]:1199
[15]:1280
[16]:1951
[17]:3029
[18]:2521
[19]:1349
[20]:774
[21]:647
[22]:638
[23]:615
[24]:592
[25]:512
[26]:474
[27]:483
[28]:429
[29]:357
[30]:326
[31]:329
[32]:284
[33]:230
[34]:218
[35]:173
[36]:160
[37]:106
[38]:72
[39]:39
[40]:30
[41]:19
[42]:18
[43]:8
[44]:8
[45]:6
[46]:7
[47]:3
[48]:2
[49]:2
[53]:1
[54]:1
[55]:1
[56]:1
[58]:2
[59]:3
[61]:2
[64]:3
[65]:2
[68]:3
[69]:2
[70]:1

t2_region>
[97]:332
[98]:5442
[99]:6026
[100]:11911
[101]:14455
[102]:17492
[103]:23270
[104]:29134
[105]:33215
[106]:22618
[107]:9973
[108]:5447
[109]:4683
[110]:3701
[111]:2220
[112]:1428
[113]:1337
[114]:1915
[115]:2310
[116]:1922
[117]:1136
[118]:863
[119]:885
[120]:754
[121]:647
[122]:568
[123]:537
[124]:516
[125]:490
[126]:436
[127]:407
[128]:419
[129]:386
[130]:352
[131]:355
[132]:291
[133]:319
[134]:275
[135]:233
[136]:199
[137]:181
[138]:142
[139]:125
[140]:114
[141]:85
[142]:72
[143]:58
[144]:53
[145]:57
[146]:34
[147]:28
[148]:24
[149]:16
[150]:14
[151]:8
[152]:6
[153]:7
[154]:5
[156]:2
[157]:1
[159]:1
[160]:2
[161]:3
[163]:2
[165]:1
[166]:2
[167]:2
[168]:2
[170]:2
[172]:1
[173]:3
[174]:2
[177]:1
[179]:1

t0_min: 1.08 us, round:1998
t0_max: 36.33 us, round:33927
t0_jitter: 35.25 us

t1_min: 2.67 us, round:2027
t1_max: 70.46 us, round:33927
t1_jitter: 67.79 us

t2_min: 97.29 us, round:6326
t2_max: 179.25 us, round:33927
t2_jitter: 81.96 us

PMU diff samples: 210043
AVG DIFF LL_CACHE_RD: 99.30
AVG DIFF LL_CACHE_MISS_RD: 42.86
AVG DIFF L2D_CACHE_REFILL: 42.98
AVG DIFF L2D_CACHE_INVAL: 0.00
[cur diff] DIFF LL_CACHE_RD: 7, DIFF LL_CACHE_MISS_RD: 6, MISS_RATE: 85.71%
[cur diff] DIFF L2D_CACHE_REFILL: 1
[cur diff] DIFF L2D_CACHE_INVAL: 0
[max diff] DIFF LL_CACHE_RD: 152, DIFF LL_CACHE_MISS_RD: 123, MISS_RATE: 80.92%
[max diff] DIFF L2D_CACHE_REFILL: 123
[max diff] DIFF L2D_CACHE_INVAL: 0

===========================================================
taskpendcnt:212086
t0:3458 ns
t1:4750 ns
t2:102583 ns
benchmark: Franka-derived Cartesian-impedance kernel, input trace:8, timer period:1.000 ms
controller source: franka_ros2 jazzy@73a1501d, updates:212108, SVD sweeps:5
pose error:[0.010000 0.015000 0.010000 -0.000000 0.049979 -0.000000]
tau[0:6]:[-0.567483 -0.552304 -0.482512 -0.231067 -0.297494 -0.656094 -0.085004]
kernel exec min/avg/max: 94.50 / 97.42 / 123.08 us, samples:212118
pressure status:1, copy rounds total/window:899/10, 4.41 rounds/s
pressure logical copy:8990.00 MiB total, approx 44.12 MiB/s, checksum:1197190676480
pressure report window:2.266544 s
t0_region>
[1]:40647
[2]:72652
[3]:60883
[4]:16427
[5]:3705
[6]:2656
[7]:3499
[8]:4272
[9]:2751
[10]:1316
[11]:932
[12]:673
[13]:581
[14]:415
[15]:273
[16]:194
[17]:111
[18]:83
[19]:28
[20]:13
[21]:5
[22]:3
[24]:1
[25]:7
[26]:1
[27]:2
[28]:2
[30]:2
[31]:2
[32]:1
[33]:2
[35]:1
[36]:1

t1_region>
[2]:1369
[3]:14511
[4]:17168
[5]:15558
[6]:28302
[7]:39747
[8]:39646
[9]:22114
[10]:8971
[11]:3042
[12]:1494
[13]:1240
[14]:1203
[15]:1291
[16]:1971
[17]:3054
[18]:2548
[19]:1358
[20]:774
[21]:647
[22]:638
[23]:616
[24]:592
[25]:512
[26]:474
[27]:483
[28]:429
[29]:357
[30]:326
[31]:329
[32]:284
[33]:230
[34]:218
[35]:173
[36]:160
[37]:106
[38]:72
[39]:39
[40]:30
[41]:19
[42]:18
[43]:8
[44]:8
[45]:6
[46]:7
[47]:3
[48]:2
[49]:2
[53]:1
[54]:1
[55]:1
[56]:1
[58]:2
[59]:3
[61]:2
[64]:3
[65]:2
[68]:3
[69]:2
[70]:1

t2_region>
[97]:332
[98]:5460
[99]:6072
[100]:12005
[101]:14630
[102]:17708
[103]:23546
[104]:29486
[105]:33642
[106]:22906
[107]:10066
[108]:5494
[109]:4741
[110]:3758
[111]:2240
[112]:1435
[113]:1355
[114]:1928
[115]:2337
[116]:1941
[117]:1144
[118]:865
[119]:889
[120]:755
[121]:649
[122]:568
[123]:537
[124]:516
[125]:490
[126]:436
[127]:407
[128]:419
[129]:386
[130]:352
[131]:355
[132]:291
[133]:319
[134]:275
[135]:233
[136]:199
[137]:181
[138]:142
[139]:125
[140]:114
[141]:85
[142]:72
[143]:58
[144]:53
[145]:57
[146]:34
[147]:28
[148]:24
[149]:16
[150]:14
[151]:8
[152]:6
[153]:7
[154]:5
[156]:2
[157]:1
[159]:1
[160]:2
[161]:3
[163]:2
[165]:1
[166]:2
[167]:2
[168]:2
[170]:2
[172]:1
[173]:3
[174]:2
[177]:1
[179]:1

t0_min: 1.08 us, round:1998
t0_max: 36.33 us, round:33927
t0_jitter: 35.25 us

t1_min: 2.67 us, round:2027
t1_max: 70.46 us, round:33927
t1_jitter: 67.79 us

t2_min: 97.29 us, round:6326
t2_max: 179.25 us, round:33927
t2_jitter: 81.96 us

PMU diff samples: 212310
AVG DIFF LL_CACHE_RD: 99.31
AVG DIFF LL_CACHE_MISS_RD: 42.86
AVG DIFF L2D_CACHE_REFILL: 42.98
AVG DIFF L2D_CACHE_INVAL: 0.00
[cur diff] DIFF LL_CACHE_RD: 4, DIFF LL_CACHE_MISS_RD: 1, MISS_RATE: 25.00%
[cur diff] DIFF L2D_CACHE_REFILL: 2
[cur diff] DIFF L2D_CACHE_INVAL: 0
[max diff] DIFF LL_CACHE_RD: 152, DIFF LL_CACHE_MISS_RD: 123, MISS_RATE: 80.92%
[max diff] DIFF L2D_CACHE_REFILL: 123
[max diff] DIFF L2D_CACHE_INVAL: 0

===========================================================
taskpendcnt:214353
t0:3041 ns
t1:4916 ns
t2:101291 ns
benchmark: Franka-derived Cartesian-impedance kernel, input trace:8, timer period:1.000 ms
controller source: franka_ros2 jazzy@73a1501d, updates:214375, SVD sweeps:5
pose error:[0.010000 0.015000 0.010000 -0.000000 0.049979 -0.000000]
tau[0:6]:[-1.839419 -0.921560 -1.193198 -1.195971 -0.861243 0.113634 -0.461388]
kernel exec min/avg/max: 94.50 / 97.42 / 123.08 us, samples:214385
pressure status:1, copy rounds total/window:909/10, 4.41 rounds/s
pressure logical copy:9090.00 MiB total, approx 44.11 MiB/s, checksum:1210507591680
pressure report window:2.266904 s
t0_region>
[1]:40995
[2]:73530
[3]:61634
[4]:16624
[5]:3725
[6]:2665
[7]:3518
[8]:4302
[9]:2763
[10]:1319
[11]:932
[12]:673
[13]:581
[14]:415
[15]:273
[16]:194
[17]:111
[18]:83
[19]:28
[20]:13
[21]:5
[22]:3
[24]:1
[25]:7
[26]:1
[27]:2
[28]:2
[30]:2
[31]:2
[32]:1
[33]:2
[35]:1
[36]:1

t1_region>
[2]:1387
[3]:14614
[4]:17315
[5]:15722
[6]:28644
[7]:40240
[8]:40123
[9]:22406
[10]:9078
[11]:3077
[12]:1506
[13]:1249
[14]:1204
[15]:1296
[16]:1985
[17]:3073
[18]:2569
[19]:1364
[20]:775
[21]:648
[22]:638
[23]:616
[24]:592
[25]:512
[26]:474
[27]:483
[28]:429
[29]:357
[30]:326
[31]:329
[32]:284
[33]:230
[34]:218
[35]:173
[36]:160
[37]:106
[38]:72
[39]:39
[40]:30
[41]:19
[42]:18
[43]:8
[44]:8
[45]:6
[46]:7
[47]:3
[48]:2
[49]:2
[53]:1
[54]:1
[55]:1
[56]:1
[58]:2
[59]:3
[61]:2
[64]:3
[65]:2
[68]:3
[69]:2
[70]:1

t2_region>
[97]:332
[98]:5481
[99]:6120
[100]:12115
[101]:14784
[102]:17896
[103]:23824
[104]:29855
[105]:34061
[106]:23197
[107]:10207
[108]:5576
[109]:4787
[110]:3791
[111]:2258
[112]:1438
[113]:1359
[114]:1945
[115]:2348
[116]:1959
[117]:1149
[118]:869
[119]:894
[120]:756
[121]:649
[122]:569
[123]:537
[124]:516
[125]:490
[126]:436
[127]:407
[128]:419
[129]:386
[130]:352
[131]:355
[132]:291
[133]:319
[134]:275
[135]:233
[136]:199
[137]:181
[138]:142
[139]:125
[140]:114
[141]:85
[142]:72
[143]:58
[144]:53
[145]:57
[146]:34
[147]:28
[148]:24
[149]:16
[150]:14
[151]:8
[152]:6
[153]:7
[154]:5
[156]:2
[157]:1
[159]:1
[160]:2
[161]:3
[163]:2
[165]:1
[166]:2
[167]:2
[168]:2
[170]:2
[172]:1
[173]:3
[174]:2
[177]:1
[179]:1

t0_min: 1.08 us, round:1998
t0_max: 36.33 us, round:33927
t0_jitter: 35.25 us

t1_min: 2.67 us, round:2027
t1_max: 70.46 us, round:33927
t1_jitter: 67.79 us

t2_min: 97.29 us, round:6326
t2_max: 179.25 us, round:33927
t2_jitter: 81.96 us

PMU diff samples: 214577
AVG DIFF LL_CACHE_RD: 99.30
AVG DIFF LL_CACHE_MISS_RD: 42.85
AVG DIFF L2D_CACHE_REFILL: 42.97
AVG DIFF L2D_CACHE_INVAL: 0.00
[cur diff] DIFF LL_CACHE_RD: 10, DIFF LL_CACHE_MISS_RD: 8, MISS_RATE: 80.00%
[cur diff] DIFF L2D_CACHE_REFILL: 0
[cur diff] DIFF L2D_CACHE_INVAL: 0
[max diff] DIFF LL_CACHE_RD: 152, DIFF LL_CACHE_MISS_RD: 123, MISS_RATE: 80.92%
[max diff] DIFF L2D_CACHE_REFILL: 123
[max diff] DIFF L2D_CACHE_INVAL: 0

===========================================================
taskpendcnt:216620
t0:2916 ns
t1:5375 ns
t2:101750 ns
benchmark: Franka-derived Cartesian-impedance kernel, input trace:8, timer period:1.000 ms
controller source: franka_ros2 jazzy@73a1501d, updates:216642, SVD sweeps:5
pose error:[0.010000 0.015000 0.010000 -0.000000 0.049979 -0.000000]
tau[0:6]:[1.228026 0.081850 0.819520 0.875435 0.745706 -0.833381 0.398995]
kernel exec min/avg/max: 94.50 / 97.41 / 123.08 us, samples:216652
pressure status:1, copy rounds total/window:918/9, 3.97 rounds/s
pressure logical copy:9180.00 MiB total, approx 39.71 MiB/s, checksum:1222492815360
pressure report window:2.266575 s
t0_region>
[1]:41370
[2]:74419
[3]:62362
[4]:16791
[5]:3743
[6]:2678
[7]:3538
[8]:4343
[9]:2778
[10]:1321
[11]:932
[12]:673
[13]:581
[14]:415
[15]:273
[16]:194
[17]:111
[18]:83
[19]:28
[20]:13
[21]:5
[22]:3
[24]:1
[25]:7
[26]:1
[27]:2
[28]:2
[30]:2
[31]:2
[32]:1
[33]:2
[35]:1
[36]:1

t1_region>
[2]:1395
[3]:14723
[4]:17475
[5]:15908
[6]:28977
[7]:40752
[8]:40630
[9]:22632
[10]:9181
[11]:3097
[12]:1512
[13]:1255
[14]:1211
[15]:1300
[16]:2002
[17]:3110
[18]:2586
[19]:1371
[20]:776
[21]:648
[22]:638
[23]:616
[24]:592
[25]:512
[26]:474
[27]:483
[28]:429
[29]:357
[30]:326
[31]:329
[32]:284
[33]:230
[34]:218
[35]:173
[36]:160
[37]:106
[38]:72
[39]:39
[40]:30
[41]:19
[42]:18
[43]:8
[44]:8
[45]:6
[46]:7
[47]:3
[48]:2
[49]:2
[53]:1
[54]:1
[55]:1
[56]:1
[58]:2
[59]:3
[61]:2
[64]:3
[65]:2
[68]:3
[69]:2
[70]:1

t2_region>
[97]:332
[98]:5500
[99]:6158
[100]:12223
[101]:14964
[102]:18110
[103]:24099
[104]:30211
[105]:34517
[106]:23456
[107]:10302
[108]:5640
[109]:4844
[110]:3828
[111]:2271
[112]:1449
[113]:1366
[114]:1963
[115]:2368
[116]:1975
[117]:1156
[118]:871
[119]:902
[120]:759
[121]:652
[122]:569
[123]:537
[124]:516
[125]:490
[126]:436
[127]:407
[128]:419
[129]:386
[130]:352
[131]:355
[132]:291
[133]:319
[134]:275
[135]:233
[136]:199
[137]:181
[138]:142
[139]:125
[140]:114
[141]:85
[142]:72
[143]:58
[144]:53
[145]:57
[146]:34
[147]:28
[148]:24
[149]:16
[150]:14
[151]:8
[152]:6
[153]:7
[154]:5
[156]:2
[157]:1
[159]:1
[160]:2
[161]:3
[163]:2
[165]:1
[166]:2
[167]:2
[168]:2
[170]:2
[172]:1
[173]:3
[174]:2
[177]:1
[179]:1

t0_min: 1.08 us, round:1998
t0_max: 36.33 us, round:33927
t0_jitter: 35.25 us

t1_min: 2.67 us, round:2027
t1_max: 70.46 us, round:33927
t1_jitter: 67.79 us

t2_min: 97.29 us, round:6326
t2_max: 179.25 us, round:33927
t2_jitter: 81.96 us

PMU diff samples: 216844
AVG DIFF LL_CACHE_RD: 99.30
AVG DIFF LL_CACHE_MISS_RD: 42.85
AVG DIFF L2D_CACHE_REFILL: 42.96
AVG DIFF L2D_CACHE_INVAL: 0.00
[cur diff] DIFF LL_CACHE_RD: 8, DIFF LL_CACHE_MISS_RD: 8, MISS_RATE: 100.00%
[cur diff] DIFF L2D_CACHE_REFILL: 1
[cur diff] DIFF L2D_CACHE_INVAL: 0
[max diff] DIFF LL_CACHE_RD: 152, DIFF LL_CACHE_MISS_RD: 123, MISS_RATE: 80.92%
[max diff] DIFF L2D_CACHE_REFILL: 123
[max diff] DIFF L2D_CACHE_INVAL: 0

===========================================================
taskpendcnt:218886
t0:2375 ns
t1:4541 ns
t2:102375 ns
benchmark: Franka-derived Cartesian-impedance kernel, input trace:8, timer period:1.000 ms
controller source: franka_ros2 jazzy@73a1501d, updates:218908, SVD sweeps:5
pose error:[0.010000 0.015000 0.010000 -0.000000 0.049979 -0.000000]
tau[0:6]:[-0.567483 -0.552304 -0.482512 -0.231067 -0.297494 -0.656094 -0.085004]
kernel exec min/avg/max: 94.50 / 97.41 / 123.08 us, samples:218918
pressure status:1, copy rounds total/window:928/10, 4.41 rounds/s
pressure logical copy:9280.00 MiB total, approx 44.12 MiB/s, checksum:1235809730560
pressure report window:2.266491 s
t0_region>
[1]:41733
[2]:75272
[3]:63115
[4]:16986
[5]:3763
[6]:2687
[7]:3558
[8]:4373
[9]:2800
[10]:1322
[11]:932
[12]:673
[13]:581
[14]:415
[15]:273
[16]:194
[17]:111
[18]:83
[19]:28
[20]:13
[21]:5
[22]:3
[24]:1
[25]:7
[26]:1
[27]:2
[28]:2
[30]:2
[31]:2
[32]:1
[33]:2
[35]:1
[36]:1

t1_region>
[2]:1412
[3]:14832
[4]:17616
[5]:16088
[6]:29330
[7]:41216
[8]:41121
[9]:22929
[10]:9271
[11]:3129
[12]:1520
[13]:1259
[14]:1216
[15]:1306
[16]:2013
[17]:3143
[18]:2602
[19]:1380
[20]:777
[21]:648
[22]:638
[23]:616
[24]:592
[25]:512
[26]:474
[27]:483
[28]:429
[29]:357
[30]:326
[31]:329
[32]:284
[33]:230
[34]:218
[35]:173
[36]:160
[37]:106
[38]:72
[39]:39
[40]:30
[41]:19
[42]:18
[43]:8
[44]:8
[45]:6
[46]:7
[47]:3
[48]:2
[49]:2
[53]:1
[54]:1
[55]:1
[56]:1
[58]:2
[59]:3
[61]:2
[64]:3
[65]:2
[68]:3
[69]:2
[70]:1

t2_region>
[97]:332
[98]:5517
[99]:6211
[100]:12339
[101]:15128
[102]:18313
[103]:24359
[104]:30577
[105]:34931
[106]:23736
[107]:10439
[108]:5688
[109]:4907
[110]:3861
[111]:2292
[112]:1461
[113]:1375
[114]:1982
[115]:2387
[116]:1989
[117]:1165
[118]:875
[119]:908
[120]:759
[121]:652
[122]:569
[123]:537
[124]:516
[125]:490
[126]:436
[127]:407
[128]:419
[129]:386
[130]:352
[131]:355
[132]:291
[133]:319
[134]:275
[135]:233
[136]:199
[137]:181
[138]:142
[139]:125
[140]:114
[141]:85
[142]:72
[143]:58
[144]:53
[145]:57
[146]:34
[147]:28
[148]:24
[149]:16
[150]:14
[151]:8
[152]:6
[153]:7
[154]:5
[156]:2
[157]:1
[159]:1
[160]:2
[161]:3
[163]:2
[165]:1
[166]:2
[167]:2
[168]:2
[170]:2
[172]:1
[173]:3
[174]:2
[177]:1
[179]:1

t0_min: 1.08 us, round:1998
t0_max: 36.33 us, round:33927
t0_jitter: 35.25 us

t1_min: 2.67 us, round:2027
t1_max: 70.46 us, round:33927
t1_jitter: 67.79 us

t2_min: 97.29 us, round:6326
t2_max: 179.25 us, round:33927
t2_jitter: 81.96 us

PMU diff samples: 219110
AVG DIFF LL_CACHE_RD: 99.31
AVG DIFF LL_CACHE_MISS_RD: 42.84
AVG DIFF L2D_CACHE_REFILL: 42.96
AVG DIFF L2D_CACHE_INVAL: 0.00
[cur diff] DIFF LL_CACHE_RD: 9, DIFF LL_CACHE_MISS_RD: 6, MISS_RATE: 66.67%
[cur diff] DIFF L2D_CACHE_REFILL: 2
[cur diff] DIFF L2D_CACHE_INVAL: 0
[max diff] DIFF LL_CACHE_RD: 152, DIFF LL_CACHE_MISS_RD: 123, MISS_RATE: 80.92%
[max diff] DIFF L2D_CACHE_REFILL: 123
[max diff] DIFF L2D_CACHE_INVAL: 0

===========================================================
taskpendcnt:221153
t0:2541 ns
t1:5291 ns
t2:103416 ns
benchmark: Franka-derived Cartesian-impedance kernel, input trace:8, timer period:1.000 ms
controller source: franka_ros2 jazzy@73a1501d, updates:221175, SVD sweeps:5
pose error:[0.010000 0.015000 0.010000 -0.000000 0.049979 -0.000000]
tau[0:6]:[-1.839419 -0.921560 -1.193198 -1.195971 -0.861243 0.113634 -0.461388]
kernel exec min/avg/max: 94.50 / 97.41 / 123.08 us, samples:221185
pressure status:1, copy rounds total/window:937/9, 3.97 rounds/s
pressure logical copy:9370.00 MiB total, approx 39.70 MiB/s, checksum:1247794954240
pressure report window:2.266910 s
t0_region>
[1]:42091
[2]:76237
[3]:63800
[4]:17137
[5]:3783
[6]:2697
[7]:3578
[8]:4413
[9]:2817
[10]:1323
[11]:932
[12]:673
[13]:581
[14]:415
[15]:273
[16]:194
[17]:111
[18]:83
[19]:28
[20]:13
[21]:5
[22]:3
[24]:1
[25]:7
[26]:1
[27]:2
[28]:2
[30]:2
[31]:2
[32]:1
[33]:2
[35]:1
[36]:1

t1_region>
[2]:1429
[3]:14939
[4]:17758
[5]:16261
[6]:29688
[7]:41764
[8]:41604
[9]:23140
[10]:9374
[11]:3154
[12]:1528
[13]:1262
[14]:1222
[15]:1309
[16]:2034
[17]:3168
[18]:2627
[19]:1387
[20]:779
[21]:648
[22]:638
[23]:616
[24]:592
[25]:512
[26]:474
[27]:483
[28]:429
[29]:357
[30]:326
[31]:329
[32]:284
[33]:230
[34]:218
[35]:173
[36]:160
[37]:106
[38]:72
[39]:39
[40]:30
[41]:19
[42]:18
[43]:8
[44]:8
[45]:6
[46]:7
[47]:3
[48]:2
[49]:2
[53]:1
[54]:1
[55]:1
[56]:1
[58]:2
[59]:3
[61]:2
[64]:3
[65]:2
[68]:3
[69]:2
[70]:1

t2_region>
[97]:332
[98]:5537
[99]:6258
[100]:12424
[101]:15304
[102]:18517
[103]:24654
[104]:31011
[105]:35337
[106]:23991
[107]:10543
[108]:5736
[109]:4960
[110]:3896
[111]:2305
[112]:1468
[113]:1380
[114]:2004
[115]:2412
[116]:2000
[117]:1174
[118]:881
[119]:911
[120]:762
[121]:653
[122]:569
[123]:537
[124]:516
[125]:490
[126]:436
[127]:407
[128]:419
[129]:386
[130]:352
[131]:355
[132]:291
[133]:319
[134]:275
[135]:233
[136]:199
[137]:181
[138]:142
[139]:125
[140]:114
[141]:85
[142]:72
[143]:58
[144]:53
[145]:57
[146]:34
[147]:28
[148]:24
[149]:16
[150]:14
[151]:8
[152]:6
[153]:7
[154]:5
[156]:2
[157]:1
[159]:1
[160]:2
[161]:3
[163]:2
[165]:1
[166]:2
[167]:2
[168]:2
[170]:2
[172]:1
[173]:3
[174]:2
[177]:1
[179]:1

t0_min: 1.08 us, round:1998
t0_max: 36.33 us, round:33927
t0_jitter: 35.25 us

t1_min: 2.67 us, round:2027
t1_max: 70.46 us, round:33927
t1_jitter: 67.79 us

t2_min: 97.29 us, round:6326
t2_max: 179.25 us, round:33927
t2_jitter: 81.96 us

PMU diff samples: 221377
AVG DIFF LL_CACHE_RD: 99.29
AVG DIFF LL_CACHE_MISS_RD: 42.83
AVG DIFF L2D_CACHE_REFILL: 42.95
AVG DIFF L2D_CACHE_INVAL: 0.00
[cur diff] DIFF LL_CACHE_RD: 8, DIFF LL_CACHE_MISS_RD: 7, MISS_RATE: 87.50%
[cur diff] DIFF L2D_CACHE_REFILL: 3
[cur diff] DIFF L2D_CACHE_INVAL: 0
[max diff] DIFF LL_CACHE_RD: 152, DIFF LL_CACHE_MISS_RD: 123, MISS_RATE: 80.92%
[max diff] DIFF L2D_CACHE_REFILL: 123
[max diff] DIFF L2D_CACHE_INVAL: 0

===========================================================
taskpendcnt:223420
t0:3291 ns
t1:5458 ns
t2:103000 ns
benchmark: Franka-derived Cartesian-impedance kernel, input trace:8, timer period:1.000 ms
controller source: franka_ros2 jazzy@73a1501d, updates:223442, SVD sweeps:5
pose error:[0.010000 0.015000 0.010000 -0.000000 0.049979 -0.000000]
tau[0:6]:[1.228026 0.081850 0.819520 0.875435 0.745706 -0.833381 0.398995]
kernel exec min/avg/max: 94.50 / 97.41 / 123.08 us, samples:223452
pressure status:1, copy rounds total/window:947/10, 4.41 rounds/s
pressure logical copy:9470.00 MiB total, approx 44.12 MiB/s, checksum:1261111869440
pressure report window:2.266577 s
t0_region>
[1]:42457
[2]:77101
[3]:64549
[4]:17321
[5]:3795
[6]:2708
[7]:3594
[8]:4450
[9]:2841
[10]:1327
[11]:932
[12]:673
[13]:581
[14]:415
[15]:273
[16]:194
[17]:111
[18]:83
[19]:28
[20]:13
[21]:5
[22]:3
[24]:1
[25]:7
[26]:1
[27]:2
[28]:2
[30]:2
[31]:2
[32]:1
[33]:2
[35]:1
[36]:1

t1_region>
[2]:1444
[3]:15047
[4]:17909
[5]:16445
[6]:30029
[7]:42274
[8]:42079
[9]:23387
[10]:9473
[11]:3180
[12]:1536
[13]:1269
[14]:1229
[15]:1318
[16]:2048
[17]:3197
[18]:2649
[19]:1400
[20]:780
[21]:648
[22]:638
[23]:616
[24]:592
[25]:512
[26]:474
[27]:483
[28]:429
[29]:357
[30]:326
[31]:329
[32]:284
[33]:230
[34]:218
[35]:173
[36]:160
[37]:106
[38]:72
[39]:39
[40]:30
[41]:19
[42]:18
[43]:8
[44]:8
[45]:6
[46]:7
[47]:3
[48]:2
[49]:2
[53]:1
[54]:1
[55]:1
[56]:1
[58]:2
[59]:3
[61]:2
[64]:3
[65]:2
[68]:3
[69]:2
[70]:1

t2_region>
[97]:332
[98]:5546
[99]:6300
[100]:12541
[101]:15467
[102]:18734
[103]:24947
[104]:31371
[105]:35767
[106]:24262
[107]:10650
[108]:5791
[109]:5000
[110]:3933
[111]:2329
[112]:1478
[113]:1392
[114]:2016
[115]:2434
[116]:2019
[117]:1182
[118]:888
[119]:916
[120]:765
[121]:654
[122]:570
[123]:537
[124]:517
[125]:490
[126]:436
[127]:407
[128]:419
[129]:386
[130]:352
[131]:355
[132]:291
[133]:319
[134]:275
[135]:233
[136]:199
[137]:181
[138]:142
[139]:125
[140]:114
[141]:85
[142]:72
[143]:58
[144]:53
[145]:57
[146]:34
[147]:28
[148]:24
[149]:16
[150]:14
[151]:8
[152]:6
[153]:7
[154]:5
[156]:2
[157]:1
[159]:1
[160]:2
[161]:3
[163]:2
[165]:1
[166]:2
[167]:2
[168]:2
[170]:2
[172]:1
[173]:3
[174]:2
[177]:1
[179]:1

t0_min: 1.08 us, round:1998
t0_max: 36.33 us, round:33927
t0_jitter: 35.25 us

t1_min: 2.67 us, round:2027
t1_max: 70.46 us, round:33927
t1_jitter: 67.79 us

t2_min: 97.29 us, round:6326
t2_max: 179.25 us, round:33927
t2_jitter: 81.96 us

PMU diff samples: 223644
AVG DIFF LL_CACHE_RD: 99.30
AVG DIFF LL_CACHE_MISS_RD: 42.83
AVG DIFF L2D_CACHE_REFILL: 42.94
AVG DIFF L2D_CACHE_INVAL: 0.00
[cur diff] DIFF LL_CACHE_RD: 4, DIFF LL_CACHE_MISS_RD: 3, MISS_RATE: 75.00%
[cur diff] DIFF L2D_CACHE_REFILL: 2
[cur diff] DIFF L2D_CACHE_INVAL: 0
[max diff] DIFF LL_CACHE_RD: 152, DIFF LL_CACHE_MISS_RD: 123, MISS_RATE: 80.92%
[max diff] DIFF L2D_CACHE_REFILL: 123
[max diff] DIFF L2D_CACHE_INVAL: 0

===========================================================
taskpendcnt:225686
t0:3041 ns
t1:5500 ns
t2:102750 ns
benchmark: Franka-derived Cartesian-impedance kernel, input trace:8, timer period:1.000 ms
controller source: franka_ros2 jazzy@73a1501d, updates:225708, SVD sweeps:5
pose error:[0.010000 0.015000 0.010000 -0.000000 0.049979 -0.000000]
tau[0:6]:[-0.567483 -0.552304 -0.482512 -0.231067 -0.297494 -0.656094 -0.085004]
kernel exec min/avg/max: 94.50 / 97.41 / 123.08 us, samples:225718
pressure status:1, copy rounds total/window:957/10, 4.41 rounds/s
pressure logical copy:9570.00 MiB total, approx 44.12 MiB/s, checksum:1274428784640
pressure report window:2.266515 s
t0_region>
[1]:42817
[2]:78017
[3]:65260
[4]:17500
[5]:3813
[6]:2716
[7]:3616
[8]:4489
[9]:2853
[10]:1328
[11]:932
[12]:673
[13]:581
[14]:415
[15]:273
[16]:194
[17]:111
[18]:83
[19]:28
[20]:13
[21]:5
[22]:3
[24]:1
[25]:7
[26]:1
[27]:2
[28]:2
[30]:2
[31]:2
[32]:1
[33]:2
[35]:1
[36]:1

t1_region>
[2]:1452
[3]:15146
[4]:18062
[5]:16624
[6]:30409
[7]:42749
[8]:42592
[9]:23629
[10]:9572
[11]:3206
[12]:1543
[13]:1270
[14]:1234
[15]:1325
[16]:2064
[17]:3225
[18]:2669
[19]:1405
[20]:782
[21]:648
[22]:639
[23]:616
[24]:592
[25]:512
[26]:474
[27]:483
[28]:429
[29]:357
[30]:326
[31]:329
[32]:284
[33]:230
[34]:218
[35]:173
[36]:160
[37]:106
[38]:72
[39]:39
[40]:30
[41]:19
[42]:18
[43]:8
[44]:8
[45]:6
[46]:7
[47]:3
[48]:2
[49]:2
[53]:1
[54]:1
[55]:1
[56]:1
[58]:2
[59]:3
[61]:2
[64]:3
[65]:2
[68]:3
[69]:2
[70]:1

t2_region>
[97]:332
[98]:5556
[99]:6351
[100]:12629
[101]:15645
[102]:18942
[103]:25253
[104]:31739
[105]:36194
[106]:24524
[107]:10745
[108]:5853
[109]:5057
[110]:3983
[111]:2350
[112]:1484
[113]:1402
[114]:2031
[115]:2465
[116]:2030
[117]:1188
[118]:890
[119]:917
[120]:767
[121]:654
[122]:570
[123]:537
[124]:517
[125]:490
[126]:436
[127]:407
[128]:419
[129]:386
[130]:352
[131]:355
[132]:291
[133]:319
[134]:275
[135]:233
[136]:199
[137]:181
[138]:142
[139]:125
[140]:114
[141]:85
[142]:72
[143]:58
[144]:53
[145]:57
[146]:34
[147]:28
[148]:24
[149]:16
[150]:14
[151]:8
[152]:6
[153]:7
[154]:5
[156]:2
[157]:1
[159]:1
[160]:2
[161]:3
[163]:2
[165]:1
[166]:2
[167]:2
[168]:2
[170]:2
[172]:1
[173]:3
[174]:2
[177]:1
[179]:1

t0_min: 1.08 us, round:1998
t0_max: 36.33 us, round:33927
t0_jitter: 35.25 us

t1_min: 2.67 us, round:2027
t1_max: 70.46 us, round:33927
t1_jitter: 67.79 us

t2_min: 97.29 us, round:6326
t2_max: 179.25 us, round:33927
t2_jitter: 81.96 us

PMU diff samples: 225910
AVG DIFF LL_CACHE_RD: 99.30
AVG DIFF LL_CACHE_MISS_RD: 42.82
AVG DIFF L2D_CACHE_REFILL: 42.93
AVG DIFF L2D_CACHE_INVAL: 0.00
[cur diff] DIFF LL_CACHE_RD: 12, DIFF LL_CACHE_MISS_RD: 8, MISS_RATE: 66.67%
[cur diff] DIFF L2D_CACHE_REFILL: 3
[cur diff] DIFF L2D_CACHE_INVAL: 0
[max diff] DIFF LL_CACHE_RD: 152, DIFF LL_CACHE_MISS_RD: 123, MISS_RATE: 80.92%
[max diff] DIFF L2D_CACHE_REFILL: 123
[max diff] DIFF L2D_CACHE_INVAL: 0

===========================================================
taskpendcnt:227953
t0:3208 ns
t1:5083 ns
t2:101750 ns
benchmark: Franka-derived Cartesian-impedance kernel, input trace:8, timer period:1.000 ms
controller source: franka_ros2 jazzy@73a1501d, updates:227975, SVD sweeps:5
pose error:[0.010000 0.015000 0.010000 -0.000000 0.049979 -0.000000]
tau[0:6]:[-1.839419 -0.921560 -1.193198 -1.195971 -0.861243 0.113634 -0.461388]
kernel exec min/avg/max: 94.50 / 97.40 / 123.08 us, samples:227985
pressure status:1, copy rounds total/window:966/9, 3.97 rounds/s
pressure logical copy:9660.00 MiB total, approx 39.70 MiB/s, checksum:1286414008320
pressure report window:2.266911 s
t0_region>
[1]:43169
[2]:78942
[3]:65971
[4]:17671
[5]:3829
[6]:2727
[7]:3638
[8]:4521
[9]:2877
[10]:1330
[11]:932
[12]:673
[13]:581
[14]:415
[15]:273
[16]:194
[17]:111
[18]:83
[19]:28
[20]:13
[21]:5
[22]:3
[24]:1
[25]:7
[26]:1
[27]:2
[28]:2
[30]:2
[31]:2
[32]:1
[33]:2
[35]:1
[36]:1

t1_region>
[2]:1463
[3]:15251
[4]:18213
[5]:16806
[6]:30758
[7]:43268
[8]:43096
[9]:23873
[10]:9649
[11]:3231
[12]:1551
[13]:1272
[14]:1239
[15]:1334
[16]:2074
[17]:3253
[18]:2695
[19]:1413
[20]:784
[21]:649
[22]:641
[23]:616
[24]:592
[25]:512
[26]:474
[27]:483
[28]:429
[29]:357
[30]:326
[31]:329
[32]:284
[33]:230
[34]:218
[35]:173
[36]:160
[37]:106
[38]:72
[39]:39
[40]:30
[41]:19
[42]:18
[43]:8
[44]:8
[45]:6
[46]:7
[47]:3
[48]:2
[49]:2
[53]:1
[54]:1
[55]:1
[56]:1
[58]:2
[59]:3
[61]:2
[64]:3
[65]:2
[68]:3
[69]:2
[70]:1

t2_region>
[97]:332
[98]:5572
[99]:6394
[100]:12728
[101]:15807
[102]:19170
[103]:25544
[104]:32114
[105]:36614
[106]:24809
[107]:10855
[108]:5913
[109]:5095
[110]:4005
[111]:2372
[112]:1494
[113]:1410
[114]:2048
[115]:2489
[116]:2047
[117]:1200
[118]:892
[119]:920
[120]:768
[121]:655
[122]:570
[123]:537
[124]:517
[125]:490
[126]:436
[127]:407
[128]:419
[129]:386
[130]:352
[131]:355
[132]:291
[133]:319
[134]:275
[135]:233
[136]:199
[137]:181
[138]:142
[139]:125
[140]:114
[141]:85
[142]:72
[143]:58
[144]:53
[145]:57
[146]:34
[147]:28
[148]:24
[149]:16
[150]:14
[151]:8
[152]:6
[153]:7
[154]:5
[156]:2
[157]:1
[159]:1
[160]:2
[161]:3
[163]:2
[165]:1
[166]:2
[167]:2
[168]:2
[170]:2
[172]:1
[173]:3
[174]:2
[177]:1
[179]:1

t0_min: 1.08 us, round:1998
t0_max: 36.33 us, round:33927
t0_jitter: 35.25 us

t1_min: 2.67 us, round:2027
t1_max: 70.46 us, round:33927
t1_jitter: 67.79 us

t2_min: 97.29 us, round:6326
t2_max: 179.25 us, round:33927
t2_jitter: 81.96 us

PMU diff samples: 228177
AVG DIFF LL_CACHE_RD: 99.28
AVG DIFF LL_CACHE_MISS_RD: 42.81
AVG DIFF L2D_CACHE_REFILL: 42.93
AVG DIFF L2D_CACHE_INVAL: 0.00
[cur diff] DIFF LL_CACHE_RD: 6, DIFF LL_CACHE_MISS_RD: 4, MISS_RATE: 66.67%
[cur diff] DIFF L2D_CACHE_REFILL: 2
[cur diff] DIFF L2D_CACHE_INVAL: 0
[max diff] DIFF LL_CACHE_RD: 152, DIFF LL_CACHE_MISS_RD: 123, MISS_RATE: 80.92%
[max diff] DIFF L2D_CACHE_REFILL: 123
[max diff] DIFF L2D_CACHE_INVAL: 0

===========================================================
taskpendcnt:230220
t0:1916 ns
t1:3791 ns
t2:101625 ns
benchmark: Franka-derived Cartesian-impedance kernel, input trace:8, timer period:1.000 ms
controller source: franka_ros2 jazzy@73a1501d, updates:230242, SVD sweeps:5
pose error:[0.010000 0.015000 0.010000 -0.000000 0.049979 -0.000000]
tau[0:6]:[1.228026 0.081850 0.819520 0.875435 0.745706 -0.833381 0.398995]
kernel exec min/avg/max: 94.50 / 97.40 / 123.08 us, samples:230252
pressure status:1, copy rounds total/window:976/10, 4.41 rounds/s
pressure logical copy:9760.00 MiB total, approx 44.12 MiB/s, checksum:1299730923520
pressure report window:2.266574 s
t0_region>
[1]:43562
[2]:79797
[3]:66709
[4]:17835
[5]:3854
[6]:2738
[7]:3654
[8]:4561
[9]:2898
[10]:1334
[11]:932
[12]:673
[13]:581
[14]:415
[15]:273
[16]:194
[17]:111
[18]:83
[19]:28
[20]:13
[21]:5
[22]:3
[24]:1
[25]:7
[26]:1
[27]:2
[28]:2
[30]:2
[31]:2
[32]:1
[33]:2
[35]:1
[36]:1

t1_region>
[2]:1472
[3]:15373
[4]:18358
[5]:16977
[6]:31092
[7]:43756
[8]:43571
[9]:24147
[10]:9769
[11]:3253
[12]:1558
[13]:1285
[14]:1243
[15]:1342
[16]:2083
[17]:3285
[18]:2719
[19]:1420
[20]:786
[21]:649
[22]:641
[23]:616
[24]:592
[25]:512
[26]:474
[27]:483
[28]:429
[29]:357
[30]:326
[31]:329
[32]:284
[33]:230
[34]:218
[35]:173
[36]:160
[37]:106
[38]:72
[39]:39
[40]:30
[41]:19
[42]:18
[43]:8
[44]:8
[45]:6
[46]:7
[47]:3
[48]:2
[49]:2
[53]:1
[54]:1
[55]:1
[56]:1
[58]:2
[59]:3
[61]:2
[64]:3
[65]:2
[68]:3
[69]:2
[70]:1

t2_region>
[97]:332
[98]:5588
[99]:6442
[100]:12839
[101]:15968
[102]:19391
[103]:25818
[104]:32458
[105]:37007
[106]:25107
[107]:10972
[108]:5984
[109]:5148
[110]:4053
[111]:2389
[112]:1508
[113]:1415
[114]:2060
[115]:2517
[116]:2061
[117]:1204
[118]:893
[119]:928
[120]:773
[121]:658
[122]:571
[123]:537
[124]:517
[125]:490
[126]:436
[127]:407
[128]:419
[129]:386
[130]:352
[131]:355
[132]:291
[133]:319
[134]:275
[135]:233
[136]:199
[137]:181
[138]:142
[139]:125
[140]:114
[141]:85
[142]:72
[143]:58
[144]:53
[145]:57
[146]:34
[147]:28
[148]:24
[149]:16
[150]:14
[151]:8
[152]:6
[153]:7
[154]:5
[156]:2
[157]:1
[159]:1
[160]:2
[161]:3
[163]:2
[165]:1
[166]:2
[167]:2
[168]:2
[170]:2
[172]:1
[173]:3
[174]:2
[177]:1
[179]:1

t0_min: 1.08 us, round:1998
t0_max: 36.33 us, round:33927
t0_jitter: 35.25 us

t1_min: 2.67 us, round:2027
t1_max: 70.46 us, round:33927
t1_jitter: 67.79 us

t2_min: 97.29 us, round:6326
t2_max: 179.25 us, round:33927
t2_jitter: 81.96 us

PMU diff samples: 230444
AVG DIFF LL_CACHE_RD: 99.28
AVG DIFF LL_CACHE_MISS_RD: 42.81
AVG DIFF L2D_CACHE_REFILL: 42.93
AVG DIFF L2D_CACHE_INVAL: 0.00
[cur diff] DIFF LL_CACHE_RD: 11, DIFF LL_CACHE_MISS_RD: 9, MISS_RATE: 81.82%
[cur diff] DIFF L2D_CACHE_REFILL: 1
[cur diff] DIFF L2D_CACHE_INVAL: 0
[max diff] DIFF LL_CACHE_RD: 152, DIFF LL_CACHE_MISS_RD: 123, MISS_RATE: 80.92%
[max diff] DIFF L2D_CACHE_REFILL: 123
[max diff] DIFF L2D_CACHE_INVAL: 0

===========================================================
taskpendcnt:232486
t0:2250 ns
t1:5291 ns
t2:101958 ns
benchmark: Franka-derived Cartesian-impedance kernel, input trace:8, timer period:1.000 ms
controller source: franka_ros2 jazzy@73a1501d, updates:232508, SVD sweeps:5
pose error:[0.010000 0.015000 0.010000 -0.000000 0.049979 -0.000000]
tau[0:6]:[-0.567483 -0.552304 -0.482512 -0.231067 -0.297494 -0.656094 -0.085004]
kernel exec min/avg/max: 94.50 / 97.40 / 123.08 us, samples:232518
pressure status:1, copy rounds total/window:986/10, 4.41 rounds/s
pressure logical copy:9860.00 MiB total, approx 44.12 MiB/s, checksum:1313047838720
pressure report window:2.266514 s
t0_region>
[1]:43923
[2]:80680
[3]:67465
[4]:17999
[5]:3869
[6]:2755
[7]:3672
[8]:4594
[9]:2916
[10]:1335
[11]:932
[12]:673
[13]:581
[14]:415
[15]:273
[16]:194
[17]:111
[18]:83
[19]:28
[20]:13
[21]:5
[22]:3
[24]:1
[25]:7
[26]:1
[27]:2
[28]:2
[30]:2
[31]:2
[32]:1
[33]:2
[35]:1
[36]:1

t1_region>
[2]:1481
[3]:15489
[4]:18512
[5]:17155
[6]:31449
[7]:44245
[8]:44052
[9]:24420
[10]:9860
[11]:3279
[12]:1565
[13]:1288
[14]:1248
[15]:1352
[16]:2099
[17]:3298
[18]:2750
[19]:1428
[20]:786
[21]:649
[22]:641
[23]:616
[24]:592
[25]:512
[26]:474
[27]:483
[28]:429
[29]:357
[30]:326
[31]:329
[32]:284
[33]:230
[34]:218
[35]:173
[36]:160
[37]:106
[38]:72
[39]:39
[40]:30
[41]:19
[42]:18
[43]:8
[44]:8
[45]:6
[46]:7
[47]:3
[48]:2
[49]:2
[53]:1
[54]:1
[55]:1
[56]:1
[58]:2
[59]:3
[61]:2
[64]:3
[65]:2
[68]:3
[69]:2
[70]:1

t2_region>
[97]:332
[98]:5605
[99]:6480
[100]:12956
[101]:16128
[102]:19599
[103]:26127
[104]:32841
[105]:37418
[106]:25373
[107]:11099
[108]:6031
[109]:5192
[110]:4087
[111]:2404
[112]:1519
[113]:1426
[114]:2074
[115]:2534
[116]:2081
[117]:1212
[118]:897
[119]:931
[120]:775
[121]:658
[122]:571
[123]:537
[124]:517
[125]:490
[126]:436
[127]:407
[128]:419
[129]:386
[130]:352
[131]:355
[132]:291
[133]:319
[134]:275
[135]:233
[136]:199
[137]:181
[138]:142
[139]:125
[140]:114
[141]:85
[142]:72
[143]:58
[144]:53
[145]:57
[146]:34
[147]:28
[148]:24
[149]:16
[150]:14
[151]:8
[152]:6
[153]:7
[154]:5
[156]:2
[157]:1
[159]:1
[160]:2
[161]:3
[163]:2
[165]:1
[166]:2
[167]:2
[168]:2
[170]:2
[172]:1
[173]:3
[174]:2
[177]:1
[179]:1

t0_min: 1.08 us, round:1998
t0_max: 36.33 us, round:33927
t0_jitter: 35.25 us

t1_min: 2.67 us, round:2027
t1_max: 70.46 us, round:33927
t1_jitter: 67.79 us

t2_min: 97.29 us, round:6326
t2_max: 179.25 us, round:33927
t2_jitter: 81.96 us

PMU diff samples: 232710
AVG DIFF LL_CACHE_RD: 99.27
AVG DIFF LL_CACHE_MISS_RD: 42.80
AVG DIFF L2D_CACHE_REFILL: 42.92
AVG DIFF L2D_CACHE_INVAL: 0.00
[cur diff] DIFF LL_CACHE_RD: 3, DIFF LL_CACHE_MISS_RD: 2, MISS_RATE: 66.67%
[cur diff] DIFF L2D_CACHE_REFILL: 1
[cur diff] DIFF L2D_CACHE_INVAL: 0
[max diff] DIFF LL_CACHE_RD: 152, DIFF LL_CACHE_MISS_RD: 123, MISS_RATE: 80.92%
[max diff] DIFF L2D_CACHE_REFILL: 123
[max diff] DIFF L2D_CACHE_INVAL: 0

===========================================================
taskpendcnt:234753
t0:2125 ns
t1:4583 ns
t2:103000 ns
benchmark: Franka-derived Cartesian-impedance kernel, input trace:8, timer period:1.000 ms
controller source: franka_ros2 jazzy@73a1501d, updates:234775, SVD sweeps:5
pose error:[0.010000 0.015000 0.010000 -0.000000 0.049979 -0.000000]
tau[0:6]:[-1.839419 -0.921560 -1.193198 -1.195971 -0.861243 0.113634 -0.461388]
kernel exec min/avg/max: 94.50 / 97.40 / 123.08 us, samples:234785
pressure status:1, copy rounds total/window:995/9, 3.97 rounds/s
pressure logical copy:9950.00 MiB total, approx 39.70 MiB/s, checksum:1325033062400
pressure report window:2.266909 s
t0_region>
[1]:44285
[2]:81596
[3]:68188
[4]:18147
[5]:3890
[6]:2763
[7]:3691
[8]:4631
[9]:2947
[10]:1337
[11]:932
[12]:673
[13]:581
[14]:415
[15]:273
[16]:194
[17]:111
[18]:83
[19]:28
[20]:13
[21]:5
[22]:3
[24]:1
[25]:7
[26]:1
[27]:2
[28]:2
[30]:2
[31]:2
[32]:1
[33]:2
[35]:1
[36]:1

t1_region>
[2]:1493
[3]:15592
[4]:18661
[5]:17343
[6]:31828
[7]:44753
[8]:44519
[9]:24669
[10]:9937
[11]:3308
[12]:1569
[13]:1291
[14]:1252
[15]:1361
[16]:2112
[17]:3328
[18]:2782
[19]:1435
[20]:787
[21]:651
[22]:641
[23]:616
[24]:592
[25]:512
[26]:474
[27]:483
[28]:429
[29]:357
[30]:326
[31]:329
[32]:284
[33]:230
[34]:218
[35]:173
[36]:160
[37]:106
[38]:72
[39]:39
[40]:30
[41]:19
[42]:18
[43]:8
[44]:8
[45]:6
[46]:7
[47]:3
[48]:2
[49]:2
[53]:1
[54]:1
[55]:1
[56]:1
[58]:2
[59]:3
[61]:2
[64]:3
[65]:2
[68]:3
[69]:2
[70]:1

t2_region>
[97]:332
[98]:5616
[99]:6523
[100]:13060
[101]:16277
[102]:19836
[103]:26415
[104]:33208
[105]:37870
[106]:25642
[107]:11211
[108]:6085
[109]:5224
[110]:4124
[111]:2415
[112]:1525
[113]:1436
[114]:2093
[115]:2557
[116]:2102
[117]:1218
[118]:900
[119]:934
[120]:782
[121]:661
[122]:571
[123]:537
[124]:517
[125]:490
[126]:436
[127]:407
[128]:419
[129]:386
[130]:352
[131]:355
[132]:291
[133]:319
[134]:275
[135]:233
[136]:199
[137]:181
[138]:142
[139]:125
[140]:114
[141]:85
[142]:72
[143]:58
[144]:53
[145]:57
[146]:34
[147]:28
[148]:24
[149]:16
[150]:14
[151]:8
[152]:6
[153]:7
[154]:5
[156]:2
[157]:1
[159]:1
[160]:2
[161]:3
[163]:2
[165]:1
[166]:2
[167]:2
[168]:2
[170]:2
[172]:1
[173]:3
[174]:2
[177]:1
[179]:1

t0_min: 1.08 us, round:1998
t0_max: 36.33 us, round:33927
t0_jitter: 35.25 us

t1_min: 2.67 us, round:2027
t1_max: 70.46 us, round:33927
t1_jitter: 67.79 us

t2_min: 97.29 us, round:6326
t2_max: 179.25 us, round:33927
t2_jitter: 81.96 us

PMU diff samples: 234977
AVG DIFF LL_CACHE_RD: 99.26
AVG DIFF LL_CACHE_MISS_RD: 42.80
AVG DIFF L2D_CACHE_REFILL: 42.91
AVG DIFF L2D_CACHE_INVAL: 0.00
[cur diff] DIFF LL_CACHE_RD: 6, DIFF LL_CACHE_MISS_RD: 6, MISS_RATE: 100.00%
[cur diff] DIFF L2D_CACHE_REFILL: 2
[cur diff] DIFF L2D_CACHE_INVAL: 0
[max diff] DIFF LL_CACHE_RD: 152, DIFF LL_CACHE_MISS_RD: 123, MISS_RATE: 80.92%
[max diff] DIFF L2D_CACHE_REFILL: 123
[max diff] DIFF L2D_CACHE_INVAL: 0

===========================================================
taskpendcnt:237020
t0:2583 ns
t1:5041 ns
t2:100250 ns
benchmark: Franka-derived Cartesian-impedance kernel, input trace:8, timer period:1.000 ms
controller source: franka_ros2 jazzy@73a1501d, updates:237042, SVD sweeps:5
pose error:[0.010000 0.015000 0.010000 -0.000000 0.049979 -0.000000]
tau[0:6]:[1.228026 0.081850 0.819520 0.875435 0.745706 -0.833381 0.398995]
kernel exec min/avg/max: 94.50 / 97.40 / 123.08 us, samples:237052
pressure status:1, copy rounds total/window:1005/10, 4.41 rounds/s
pressure logical copy:10050.00 MiB total, approx 44.12 MiB/s, checksum:1338349977600
pressure report window:2.266577 s
t0_region>
[1]:44648
[2]:82479
[3]:68921
[4]:18331
[5]:3914
[6]:2770
[7]:3721
[8]:4662
[9]:2958
[10]:1338
[11]:932
[12]:673
[13]:581
[14]:415
[15]:273
[16]:194
[17]:111
[18]:83
[19]:28
[20]:13
[21]:5
[22]:3
[24]:1
[25]:7
[26]:1
[27]:2
[28]:2
[30]:2
[31]:2
[32]:1
[33]:2
[35]:1
[36]:1

t1_region>
[2]:1504
[3]:15692
[4]:18826
[5]:17531
[6]:32146
[7]:45253
[8]:45026
[9]:24936
[10]:10036
[11]:3327
[12]:1577
[13]:1296
[14]:1255
[15]:1370
[16]:2130
[17]:3358
[18]:2798
[19]:1439
[20]:788
[21]:651
[22]:641
[23]:616
[24]:592
[25]:512
[26]:474
[27]:483
[28]:429
[29]:357
[30]:326
[31]:329
[32]:284
[33]:230
[34]:218
[35]:173
[36]:160
[37]:106
[38]:72
[39]:39
[40]:30
[41]:19
[42]:18
[43]:8
[44]:8
[45]:6
[46]:7
[47]:3
[48]:2
[49]:2
[53]:1
[54]:1
[55]:1
[56]:1
[58]:2
[59]:3
[61]:2
[64]:3
[65]:2
[68]:3
[69]:2
[70]:1

t2_region>
[97]:332
[98]:5634
[99]:6566
[100]:13172
[101]:16446
[102]:20038
[103]:26706
[104]:33566
[105]:38299
[106]:25925
[107]:11315
[108]:6137
[109]:5282
[110]:4162
[111]:2442
[112]:1532
[113]:1447
[114]:2114
[115]:2580
[116]:2119
[117]:1221
[118]:902
[119]:934
[120]:782
[121]:661
[122]:571
[123]:537
[124]:517
[125]:490
[126]:436
[127]:407
[128]:419
[129]:386
[130]:352
[131]:355
[132]:291
[133]:319
[134]:275
[135]:233
[136]:199
[137]:181
[138]:142
[139]:125
[140]:114
[141]:85
[142]:72
[143]:58
[144]:53
[145]:57
[146]:34
[147]:28
[148]:24
[149]:16
[150]:14
[151]:8
[152]:6
[153]:7
[154]:5
[156]:2
[157]:1
[159]:1
[160]:2
[161]:3
[163]:2
[165]:1
[166]:2
[167]:2
[168]:2
[170]:2
[172]:1
[173]:3
[174]:2
[177]:1
[179]:1

t0_min: 1.08 us, round:1998
t0_max: 36.33 us, round:33927
t0_jitter: 35.25 us

t1_min: 2.67 us, round:2027
t1_max: 70.46 us, round:33927
t1_jitter: 67.79 us

t2_min: 97.29 us, round:6326
t2_max: 179.25 us, round:33927
t2_jitter: 81.96 us

PMU diff samples: 237244
AVG DIFF LL_CACHE_RD: 99.27
AVG DIFF LL_CACHE_MISS_RD: 42.79
AVG DIFF L2D_CACHE_REFILL: 42.90
AVG DIFF L2D_CACHE_INVAL: 0.00
[cur diff] DIFF LL_CACHE_RD: 8, DIFF LL_CACHE_MISS_RD: 5, MISS_RATE: 62.50%
[cur diff] DIFF L2D_CACHE_REFILL: 2
[cur diff] DIFF L2D_CACHE_INVAL: 0
[max diff] DIFF LL_CACHE_RD: 152, DIFF LL_CACHE_MISS_RD: 123, MISS_RATE: 80.92%
[max diff] DIFF L2D_CACHE_REFILL: 123
[max diff] DIFF L2D_CACHE_INVAL: 0

===========================================================
taskpendcnt:239286
t0:2625 ns
t1:4500 ns
t2:101166 ns
benchmark: Franka-derived Cartesian-impedance kernel, input trace:8, timer period:1.000 ms
controller source: franka_ros2 jazzy@73a1501d, updates:239308, SVD sweeps:5
pose error:[0.010000 0.015000 0.010000 -0.000000 0.049979 -0.000000]
tau[0:6]:[-0.567483 -0.552304 -0.482512 -0.231067 -0.297494 -0.656094 -0.085004]
kernel exec min/avg/max: 94.50 / 97.40 / 123.08 us, samples:239318
pressure status:1, copy rounds total/window:1015/10, 4.41 rounds/s
pressure logical copy:10150.00 MiB total, approx 44.12 MiB/s, checksum:1351666892800
pressure report window:2.266515 s
t0_region>
[1]:45026
[2]:83364
[3]:69650
[4]:18497
[5]:3941
[6]:2781
[7]:3734
[8]:4702
[9]:2976
[10]:1338
[11]:932
[12]:673
[13]:581
[14]:415
[15]:273
[16]:194
[17]:111
[18]:83
[19]:28
[20]:13
[21]:5
[22]:3
[24]:1
[25]:7
[26]:1
[27]:2
[28]:2
[30]:2
[31]:2
[32]:1
[33]:2
[35]:1
[36]:1

t1_region>
[2]:1515
[3]:15797
[4]:18990
[5]:17715
[6]:32517
[7]:45740
[8]:45459
[9]:25223
[10]:10129
[11]:3355
[12]:1595
[13]:1300
[14]:1258
[15]:1376
[16]:2142
[17]:3383
[18]:2829
[19]:1443
[20]:788
[21]:651
[22]:641
[23]:616
[24]:592
[25]:512
[26]:474
[27]:483
[28]:429
[29]:357
[30]:326
[31]:329
[32]:284
[33]:230
[34]:218
[35]:173
[36]:160
[37]:106
[38]:72
[39]:39
[40]:30
[41]:19
[42]:18
[43]:8
[44]:8
[45]:6
[46]:7
[47]:3
[48]:2
[49]:2
[53]:1
[54]:1
[55]:1
[56]:1
[58]:2
[59]:3
[61]:2
[64]:3
[65]:2
[68]:3
[69]:2
[70]:1

t2_region>
[97]:332
[98]:5650
[99]:6611
[100]:13292
[101]:16604
[102]:20253
[103]:26998
[104]:33909
[105]:38718
[106]:26207
[107]:11430
[108]:6208
[109]:5329
[110]:4197
[111]:2464
[112]:1540
[113]:1453
[114]:2131
[115]:2603
[116]:2140
[117]:1224
[118]:904
[119]:938
[120]:782
[121]:662
[122]:571
[123]:537
[124]:517
[125]:490
[126]:436
[127]:407
[128]:419
[129]:386
[130]:352
[131]:355
[132]:291
[133]:319
[134]:275
[135]:233
[136]:199
[137]:181
[138]:142
[139]:125
[140]:114
[141]:85
[142]:72
[143]:58
[144]:53
[145]:57
[146]:34
[147]:28
[148]:24
[149]:16
[150]:14
[151]:8
[152]:6
[153]:7
[154]:5
[156]:2
[157]:1
[159]:1
[160]:2
[161]:3
[163]:2
[165]:1
[166]:2
[167]:2
[168]:2
[170]:2
[172]:1
[173]:3
[174]:2
[177]:1
[179]:1

t0_min: 1.08 us, round:1998
t0_max: 36.33 us, round:33927
t0_jitter: 35.25 us

t1_min: 2.67 us, round:2027
t1_max: 70.46 us, round:33927
t1_jitter: 67.79 us

t2_min: 97.29 us, round:6326
t2_max: 179.25 us, round:33927
t2_jitter: 81.96 us

PMU diff samples: 239510
AVG DIFF LL_CACHE_RD: 99.26
AVG DIFF LL_CACHE_MISS_RD: 42.78
AVG DIFF L2D_CACHE_REFILL: 42.90
AVG DIFF L2D_CACHE_INVAL: 0.00
[cur diff] DIFF LL_CACHE_RD: 5, DIFF LL_CACHE_MISS_RD: 2, MISS_RATE: 40.00%
[cur diff] DIFF L2D_CACHE_REFILL: 1
[cur diff] DIFF L2D_CACHE_INVAL: 0
[max diff] DIFF LL_CACHE_RD: 152, DIFF LL_CACHE_MISS_RD: 123, MISS_RATE: 80.92%
[max diff] DIFF L2D_CACHE_REFILL: 123
[max diff] DIFF L2D_CACHE_INVAL: 0

===========================================================
taskpendcnt:241553
t0:1916 ns
t1:5541 ns
t2:100750 ns
benchmark: Franka-derived Cartesian-impedance kernel, input trace:8, timer period:1.000 ms
controller source: franka_ros2 jazzy@73a1501d, updates:241575, SVD sweeps:5
pose error:[0.010000 0.015000 0.010000 -0.000000 0.049979 -0.000000]
tau[0:6]:[-1.839419 -0.921560 -1.193198 -1.195971 -0.861243 0.113634 -0.461388]
kernel exec min/avg/max: 94.50 / 97.40 / 123.08 us, samples:241585
pressure status:1, copy rounds total/window:1024/9, 3.97 rounds/s
pressure logical copy:10240.00 MiB total, approx 39.70 MiB/s, checksum:1363652116480
pressure report window:2.266918 s
t0_region>
[1]:45391
[2]:84284
[3]:70328
[4]:18696
[5]:3953
[6]:2790
[7]:3757
[8]:4741
[9]:2991
[10]:1344
[11]:932
[12]:673
[13]:581
[14]:415
[15]:273
[16]:194
[17]:111
[18]:83
[19]:28
[20]:13
[21]:5
[22]:3
[24]:1
[25]:7
[26]:1
[27]:2
[28]:2
[30]:2
[31]:2
[32]:1
[33]:2
[35]:1
[36]:1

t1_region>
[2]:1532
[3]:15902
[4]:19136
[5]:17899
[6]:32870
[7]:46220
[8]:45914
[9]:25516
[10]:10237
[11]:3372
[12]:1607
[13]:1305
[14]:1263
[15]:1380
[16]:2159
[17]:3419
[18]:2849
[19]:1452
[20]:789
[21]:651
[22]:641
[23]:616
[24]:592
[25]:512
[26]:474
[27]:483
[28]:429
[29]:357
[30]:326
[31]:329
[32]:284
[33]:230
[34]:218
[35]:173
[36]:160
[37]:106
[38]:72
[39]:39
[40]:30
[41]:19
[42]:18
[43]:8
[44]:8
[45]:6
[46]:7
[47]:3
[48]:2
[49]:2
[53]:1
[54]:1
[55]:1
[56]:1
[58]:2
[59]:3
[61]:2
[64]:3
[65]:2
[68]:3
[69]:2
[70]:1

t2_region>
[97]:332
[98]:5676
[99]:6657
[100]:13386
[101]:16774
[102]:20463
[103]:27297
[104]:34299
[105]:39105
[106]:26479
[107]:11526
[108]:6259
[109]:5389
[110]:4244
[111]:2484
[112]:1550
[113]:1463
[114]:2148
[115]:2624
[116]:2157
[117]:1230
[118]:909
[119]:944
[120]:786
[121]:666
[122]:571
[123]:537
[124]:517
[125]:490
[126]:436
[127]:407
[128]:419
[129]:386
[130]:352
[131]:355
[132]:291
[133]:319
[134]:275
[135]:233
[136]:199
[137]:181
[138]:142
[139]:125
[140]:114
[141]:85
[142]:72
[143]:58
[144]:53
[145]:57
[146]:34
[147]:28
[148]:24
[149]:16
[150]:14
[151]:8
[152]:6
[153]:7
[154]:5
[156]:2
[157]:1
[159]:1
[160]:2
[161]:3
[163]:2
[165]:1
[166]:2
[167]:2
[168]:2
[170]:2
[172]:1
[173]:3
[174]:2
[177]:1
[179]:1

t0_min: 1.08 us, round:1998
t0_max: 36.33 us, round:33927
t0_jitter: 35.25 us

t1_min: 2.67 us, round:2027
t1_max: 70.46 us, round:33927
t1_jitter: 67.79 us

t2_min: 97.29 us, round:6326
t2_max: 179.25 us, round:33927
t2_jitter: 81.96 us

PMU diff samples: 241777
AVG DIFF LL_CACHE_RD: 99.26
AVG DIFF LL_CACHE_MISS_RD: 42.78
AVG DIFF L2D_CACHE_REFILL: 42.90
AVG DIFF L2D_CACHE_INVAL: 0.00
[cur diff] DIFF LL_CACHE_RD: 9, DIFF LL_CACHE_MISS_RD: 7, MISS_RATE: 77.78%
[cur diff] DIFF L2D_CACHE_REFILL: 1
[cur diff] DIFF L2D_CACHE_INVAL: 0
[max diff] DIFF LL_CACHE_RD: 152, DIFF LL_CACHE_MISS_RD: 123, MISS_RATE: 80.92%
[max diff] DIFF L2D_CACHE_REFILL: 123
[max diff] DIFF L2D_CACHE_INVAL: 0

===========================================================
taskpendcnt:243820
t0:2666 ns
t1:5125 ns
t2:103250 ns
benchmark: Franka-derived Cartesian-impedance kernel, input trace:8, timer period:1.000 ms
controller source: franka_ros2 jazzy@73a1501d, updates:243842, SVD sweeps:5
pose error:[0.010000 0.015000 0.010000 -0.000000 0.049979 -0.000000]
tau[0:6]:[1.228026 0.081850 0.819520 0.875435 0.745706 -0.833381 0.398995]
kernel exec min/avg/max: 94.50 / 97.39 / 123.08 us, samples:243852
pressure status:1, copy rounds total/window:1034/10, 4.41 rounds/s
pressure logical copy:10340.00 MiB total, approx 44.12 MiB/s, checksum:1376969031680
pressure report window:2.266566 s
t0_region>
[1]:45767
[2]:85184
[3]:71025
[4]:18888
[5]:3967
[6]:2794
[7]:3785
[8]:4784
[9]:3004
[10]:1344
[11]:932
[12]:673
[13]:581
[14]:415
[15]:273
[16]:194
[17]:111
[18]:83
[19]:28
[20]:13
[21]:5
[22]:3
[24]:1
[25]:7
[26]:1
[27]:2
[28]:2
[30]:2
[31]:2
[32]:1
[33]:2
[35]:1
[36]:1

t1_region>
[2]:1549
[3]:15999
[4]:19300
[5]:18088
[6]:33229
[7]:46697
[8]:46394
[9]:25790
[10]:10324
[11]:3404
[12]:1609
[13]:1307
[14]:1265
[15]:1385
[16]:2181
[17]:3454
[18]:2868
[19]:1456
[20]:789
[21]:651
[22]:641
[23]:616
[24]:592
[25]:512
[26]:474
[27]:483
[28]:429
[29]:357
[30]:326
[31]:329
[32]:284
[33]:230
[34]:218
[35]:173
[36]:160
[37]:106
[38]:72
[39]:39
[40]:30
[41]:19
[42]:18
[43]:8
[44]:8
[45]:6
[46]:7
[47]:3
[48]:2
[49]:2
[53]:1
[54]:1
[55]:1
[56]:1
[58]:2
[59]:3
[61]:2
[64]:3
[65]:2
[68]:3
[69]:2
[70]:1

t2_region>
[97]:332
[98]:5695
[99]:6699
[100]:13489
[101]:16940
[102]:20683
[103]:27603
[104]:34660
[105]:39517
[106]:26745
[107]:11633
[108]:6317
[109]:5439
[110]:4284
[111]:2506
[112]:1559
[113]:1475
[114]:2167
[115]:2654
[116]:2166
[117]:1235
[118]:911
[119]:949
[120]:787
[121]:667
[122]:571
[123]:537
[124]:517
[125]:490
[126]:436
[127]:407
[128]:419
[129]:386
[130]:352
[131]:355
[132]:291
[133]:319
[134]:275
[135]:233
[136]:199
[137]:181
[138]:142
[139]:125
[140]:114
[141]:85
[142]:72
[143]:58
[144]:53
[145]:57
[146]:34
[147]:28
[148]:24
[149]:16
[150]:14
[151]:8
[152]:6
[153]:7
[154]:5
[156]:2
[157]:1
[159]:1
[160]:2
[161]:3
[163]:2
[165]:1
[166]:2
[167]:2
[168]:2
[170]:2
[172]:1
[173]:3
[174]:2
[177]:1
[179]:1

t0_min: 1.08 us, round:1998
t0_max: 36.33 us, round:33927
t0_jitter: 35.25 us

t1_min: 2.67 us, round:2027
t1_max: 70.46 us, round:33927
t1_jitter: 67.79 us

t2_min: 97.29 us, round:6326
t2_max: 179.25 us, round:33927
t2_jitter: 81.96 us

PMU diff samples: 244044
AVG DIFF LL_CACHE_RD: 99.26
AVG DIFF LL_CACHE_MISS_RD: 42.77
AVG DIFF L2D_CACHE_REFILL: 42.89
AVG DIFF L2D_CACHE_INVAL: 0.00
[cur diff] DIFF LL_CACHE_RD: 16, DIFF LL_CACHE_MISS_RD: 13, MISS_RATE: 81.25%
[cur diff] DIFF L2D_CACHE_REFILL: 3
[cur diff] DIFF L2D_CACHE_INVAL: 0
[max diff] DIFF LL_CACHE_RD: 152, DIFF LL_CACHE_MISS_RD: 123, MISS_RATE: 80.92%
[max diff] DIFF L2D_CACHE_REFILL: 123
[max diff] DIFF L2D_CACHE_INVAL: 0

===========================================================
taskpendcnt:246087
t0:2541 ns
t1:5291 ns
t2:102250 ns
benchmark: Franka-derived Cartesian-impedance kernel, input trace:8, timer period:1.000 ms
controller source: franka_ros2 jazzy@73a1501d, updates:246109, SVD sweeps:5
pose error:[0.010000 0.015000 0.010000 -0.000000 0.049979 -0.000000]
tau[0:6]:[-2.781770 -1.613002 -1.930139 -1.581803 -1.382951 -0.390599 -0.663394]
kernel exec min/avg/max: 94.50 / 97.39 / 123.08 us, samples:246119
pressure status:1, copy rounds total/window:1043/9, 3.97 rounds/s
pressure logical copy:10430.00 MiB total, approx 39.69 MiB/s, checksum:1388954255360
pressure report window:2.267509 s
t0_region>
[1]:46130
[2]:86064
[3]:71789
[4]:19044
[5]:3992
[6]:2801
[7]:3800
[8]:4822
[9]:3022
[10]:1345
[11]:932
[12]:673
[13]:581
[14]:415
[15]:273
[16]:194
[17]:111
[18]:83
[19]:28
[20]:13
[21]:5
[22]:3
[24]:1
[25]:7
[26]:1
[27]:2
[28]:2
[30]:2
[31]:2
[32]:1
[33]:2
[35]:1
[36]:1

t1_region>
[2]:1565
[3]:16103
[4]:19449
[5]:18278
[6]:33558
[7]:47194
[8]:46895
[9]:26065
[10]:10411
[11]:3426
[12]:1616
[13]:1316
[14]:1270
[15]:1391
[16]:2191
[17]:3483
[18]:2892
[19]:1462
[20]:789
[21]:651
[22]:641
[23]:616
[24]:592
[25]:512
[26]:474
[27]:483
[28]:429
[29]:357
[30]:326
[31]:329
[32]:284
[33]:230
[34]:218
[35]:173
[36]:160
[37]:106
[38]:72
[39]:39
[40]:30
[41]:19
[42]:18
[43]:8
[44]:8
[45]:6
[46]:7
[47]:3
[48]:2
[49]:2
[53]:1
[54]:1
[55]:1
[56]:1
[58]:2
[59]:3
[61]:2
[64]:3
[65]:2
[68]:3
[69]:2
[70]:1

t2_region>
[97]:332
[98]:5702
[99]:6745
[100]:13601
[101]:17102
[102]:20893
[103]:27874
[104]:35033
[105]:39957
[106]:27039
[107]:11751
[108]:6375
[109]:5491
[110]:4314
[111]:2519
[112]:1567
[113]:1481
[114]:2179
[115]:2679
[116]:2187
[117]:1240
[118]:911
[119]:951
[120]:790
[121]:667
[122]:572
[123]:537
[124]:517
[125]:490
[126]:436
[127]:407
[128]:419
[129]:386
[130]:352
[131]:355
[132]:291
[133]:319
[134]:275
[135]:233
[136]:199
[137]:181
[138]:142
[139]:125
[140]:114
[141]:85
[142]:72
[143]:58
[144]:53
[145]:57
[146]:34
[147]:28
[148]:24
[149]:16
[150]:14
[151]:8
[152]:6
[153]:7
[154]:5
[156]:2
[157]:1
[159]:1
[160]:2
[161]:3
[163]:2
[165]:1
[166]:2
[167]:2
[168]:2
[170]:2
[172]:1
[173]:3
[174]:2
[177]:1
[179]:1

t0_min: 1.08 us, round:1998
t0_max: 36.33 us, round:33927
t0_jitter: 35.25 us

t1_min: 2.67 us, round:2027
t1_max: 70.46 us, round:33927
t1_jitter: 67.79 us

t2_min: 97.29 us, round:6326
t2_max: 179.25 us, round:33927
t2_jitter: 81.96 us

PMU diff samples: 246311
AVG DIFF LL_CACHE_RD: 99.25
AVG DIFF LL_CACHE_MISS_RD: 42.76
AVG DIFF L2D_CACHE_REFILL: 42.88
AVG DIFF L2D_CACHE_INVAL: 0.00
[cur diff] DIFF LL_CACHE_RD: 8, DIFF LL_CACHE_MISS_RD: 8, MISS_RATE: 100.00%
[cur diff] DIFF L2D_CACHE_REFILL: 3
[cur diff] DIFF L2D_CACHE_INVAL: 0
[max diff] DIFF LL_CACHE_RD: 152, DIFF LL_CACHE_MISS_RD: 123, MISS_RATE: 80.92%
[max diff] DIFF L2D_CACHE_REFILL: 123
[max diff] DIFF L2D_CACHE_INVAL: 0

===========================================================
taskpendcnt:248354
t0:2125 ns
t1:5458 ns
t2:102125 ns
benchmark: Franka-derived Cartesian-impedance kernel, input trace:8, timer period:1.000 ms
controller source: franka_ros2 jazzy@73a1501d, updates:248376, SVD sweeps:5
pose error:[0.010000 0.015000 0.010000 -0.000000 0.049979 -0.000000]
tau[0:6]:[-0.274004 -0.324180 0.001577 -0.231466 0.050986 -0.328952 0.010844]
kernel exec min/avg/max: 94.50 / 97.39 / 123.08 us, samples:248386
pressure status:1, copy rounds total/window:1053/10, 4.41 rounds/s
pressure logical copy:10530.00 MiB total, approx 44.12 MiB/s, checksum:1402271170560
pressure report window:2.266744 s
t0_region>
[1]:46488
[2]:86937
[3]:72537
[4]:19211
[5]:4017
[6]:2815
[7]:3821
[8]:4857
[9]:3047
[10]:1346
[11]:932
[12]:673
[13]:581
[14]:415
[15]:273
[16]:194
[17]:111
[18]:83
[19]:28
[20]:13
[21]:5
[22]:3
[24]:1
[25]:7
[26]:1
[27]:2
[28]:2
[30]:2
[31]:2
[32]:1
[33]:2
[35]:1
[36]:1

t1_region>
[2]:1578
[3]:16204
[4]:19604
[5]:18463
[6]:33879
[7]:47671
[8]:47384
[9]:26338
[10]:10520
[11]:3457
[12]:1626
[13]:1327
[14]:1275
[15]:1397
[16]:2203
[17]:3516
[18]:2920
[19]:1470
[20]:789
[21]:651
[22]:641
[23]:616
[24]:592
[25]:512
[26]:474
[27]:483
[28]:429
[29]:357
[30]:326
[31]:329
[32]:284
[33]:230
[34]:218
[35]:173
[36]:160
[37]:106
[38]:72
[39]:39
[40]:30
[41]:19
[42]:18
[43]:8
[44]:8
[45]:6
[46]:7
[47]:3
[48]:2
[49]:2
[53]:1
[54]:1
[55]:1
[56]:1
[58]:2
[59]:3
[61]:2
[64]:3
[65]:2
[68]:3
[69]:2
[70]:1

t2_region>
[97]:332
[98]:5708
[99]:6788
[100]:13721
[101]:17267
[102]:21115
[103]:28151
[104]:35378
[105]:40396
[106]:27308
[107]:11860
[108]:6441
[109]:5526
[110]:4357
[111]:2542
[112]:1580
[113]:1489
[114]:2195
[115]:2698
[116]:2214
[117]:1244
[118]:916
[119]:959
[120]:792
[121]:670
[122]:572
[123]:537
[124]:517
[125]:490
[126]:436
[127]:407
[128]:419
[129]:386
[130]:352
[131]:355
[132]:291
[133]:319
[134]:275
[135]:233
[136]:199
[137]:181
[138]:142
[139]:125
[140]:114
[141]:85
[142]:72
[143]:58
[144]:53
[145]:57
[146]:34
[147]:28
[148]:24
[149]:16
[150]:14
[151]:8
[152]:6
[153]:7
[154]:5
[156]:2
[157]:1
[159]:1
[160]:2
[161]:3
[163]:2
[165]:1
[166]:2
[167]:2
[168]:2
[170]:2
[172]:1
[173]:3
[174]:2
[177]:1
[179]:1

t0_min: 1.08 us, round:1998
t0_max: 36.33 us, round:33927
t0_jitter: 35.25 us

t1_min: 2.67 us, round:2027
t1_max: 70.46 us, round:33927
t1_jitter: 67.79 us

t2_min: 97.29 us, round:6326
t2_max: 179.25 us, round:33927
t2_jitter: 81.96 us

PMU diff samples: 248578
AVG DIFF LL_CACHE_RD: 99.25
AVG DIFF LL_CACHE_MISS_RD: 42.76
AVG DIFF L2D_CACHE_REFILL: 42.88
AVG DIFF L2D_CACHE_INVAL: 0.00
[cur diff] DIFF LL_CACHE_RD: 4, DIFF LL_CACHE_MISS_RD: 4, MISS_RATE: 100.00%
[cur diff] DIFF L2D_CACHE_REFILL: 3
[cur diff] DIFF L2D_CACHE_INVAL: 0
[max diff] DIFF LL_CACHE_RD: 152, DIFF LL_CACHE_MISS_RD: 123, MISS_RATE: 80.92%
[max diff] DIFF L2D_CACHE_REFILL: 123
[max diff] DIFF L2D_CACHE_INVAL: 0

===========================================================
taskpendcnt:250621
t0:2583 ns
t1:4166 ns
t2:102875 ns
benchmark: Franka-derived Cartesian-impedance kernel, input trace:8, timer period:1.000 ms
controller source: franka_ros2 jazzy@73a1501d, updates:250643, SVD sweeps:5
pose error:[0.010000 0.015000 0.010000 -0.000000 0.049979 -0.000000]
tau[0:6]:[1.376914 -0.104433 0.790225 0.843903 0.642107 -0.956178 0.423547]
kernel exec min/avg/max: 94.50 / 97.39 / 123.08 us, samples:250653
pressure status:1, copy rounds total/window:1063/10, 4.41 rounds/s
pressure logical copy:10630.00 MiB total, approx 44.11 MiB/s, checksum:1415588085760
pressure report window:2.266831 s
t0_region>
[1]:46877
[2]:87854
[3]:73236
[4]:19373
[5]:4032
[6]:2824
[7]:3842
[8]:4892
[9]:3066
[10]:1347
[11]:932
[12]:673
[13]:581
[14]:415
[15]:273
[16]:194
[17]:111
[18]:83
[19]:28
[20]:13
[21]:5
[22]:3
[24]:1
[25]:7
[26]:1
[27]:2
[28]:2
[30]:2
[31]:2
[32]:1
[33]:2
[35]:1
[36]:1

t1_region>
[2]:1592
[3]:16299
[4]:19756
[5]:18684
[6]:34254
[7]:48147
[8]:47869
[9]:26584
[10]:10609
[11]:3481
[12]:1632
[13]:1327
[14]:1278
[15]:1404
[16]:2226
[17]:3542
[18]:2943
[19]:1473
[20]:789
[21]:651
[22]:641
[23]:616
[24]:592
[25]:512
[26]:474
[27]:483
[28]:429
[29]:357
[30]:326
[31]:329
[32]:284
[33]:230
[34]:218
[35]:173
[36]:160
[37]:106
[38]:72
[39]:39
[40]:30
[41]:19
[42]:18
[43]:8
[44]:8
[45]:6
[46]:7
[47]:3
[48]:2
[49]:2
[53]:1
[54]:1
[55]:1
[56]:1
[58]:2
[59]:3
[61]:2
[64]:3
[65]:2
[68]:3
[69]:2
[70]:1

t2_region>
[97]:332
[98]:5712
[99]:6823
[100]:13826
[101]:17442
[102]:21355
[103]:28480
[104]:35750
[105]:40807
[106]:27569
[107]:11963
[108]:6492
[109]:5575
[110]:4386
[111]:2554
[112]:1589
[113]:1496
[114]:2217
[115]:2720
[116]:2228
[117]:1252
[118]:920
[119]:961
[120]:793
[121]:671
[122]:572
[123]:537
[124]:517
[125]:490
[126]:436
[127]:407
[128]:419
[129]:386
[130]:352
[131]:355
[132]:291
[133]:319
[134]:275
[135]:233
[136]:199
[137]:181
[138]:142
[139]:125
[140]:114
[141]:85
[142]:72
[143]:58
[144]:53
[145]:57
[146]:34
[147]:28
[148]:24
[149]:16
[150]:14
[151]:8
[152]:6
[153]:7
[154]:5
[156]:2
[157]:1
[159]:1
[160]:2
[161]:3
[163]:2
[165]:1
[166]:2
[167]:2
[168]:2
[170]:2
[172]:1
[173]:3
[174]:2
[177]:1
[179]:1

t0_min: 1.08 us, round:1998
t0_max: 36.33 us, round:33927
t0_jitter: 35.25 us

t1_min: 2.67 us, round:2027
t1_max: 70.46 us, round:33927
t1_jitter: 67.79 us

t2_min: 97.29 us, round:6326
t2_max: 179.25 us, round:33927
t2_jitter: 81.96 us

PMU diff samples: 250845
AVG DIFF LL_CACHE_RD: 99.24
AVG DIFF LL_CACHE_MISS_RD: 42.75
AVG DIFF L2D_CACHE_REFILL: 42.87
AVG DIFF L2D_CACHE_INVAL: 0.00
[cur diff] DIFF LL_CACHE_RD: 13, DIFF LL_CACHE_MISS_RD: 11, MISS_RATE: 84.62%
[cur diff] DIFF L2D_CACHE_REFILL: 0
[cur diff] DIFF L2D_CACHE_INVAL: 0
[max diff] DIFF LL_CACHE_RD: 152, DIFF LL_CACHE_MISS_RD: 123, MISS_RATE: 80.92%
[max diff] DIFF L2D_CACHE_REFILL: 123
[max diff] DIFF L2D_CACHE_INVAL: 0

===========================================================
taskpendcnt:252888
t0:3041 ns
t1:4333 ns
t2:103041 ns
benchmark: Franka-derived Cartesian-impedance kernel, input trace:8, timer period:1.000 ms
controller source: franka_ros2 jazzy@73a1501d, updates:252910, SVD sweeps:5
pose error:[0.010000 0.015000 0.010000 -0.000000 0.049979 -0.000000]
tau[0:6]:[-2.379368 -1.292411 -1.655224 -1.570015 -1.185234 -0.066588 -0.610247]
kernel exec min/avg/max: 94.50 / 97.39 / 123.08 us, samples:252920
pressure status:1, copy rounds total/window:1072/9, 3.97 rounds/s
pressure logical copy:10720.00 MiB total, approx 39.69 MiB/s, checksum:1427573309440
pressure report window:2.267428 s
t0_region>
[1]:47213
[2]:88774
[3]:73948
[4]:19561
[5]:4059
[6]:2834
[7]:3863
[8]:4925
[9]:3084
[10]:1349
[11]:933
[12]:673
[13]:581
[14]:415
[15]:273
[16]:194
[17]:111
[18]:83
[19]:28
[20]:13
[21]:5
[22]:3
[24]:1
[25]:7
[26]:1
[27]:2
[28]:2
[30]:2
[31]:2
[32]:1
[33]:2
[35]:1
[36]:1

t1_region>
[2]:1609
[3]:16396
[4]:19904
[5]:18858
[6]:34603
[7]:48659
[8]:48362
[9]:26845
[10]:10698
[11]:3506
[12]:1645
[13]:1335
[14]:1283
[15]:1408
[16]:2240
[17]:3570
[18]:2965
[19]:1481
[20]:790
[21]:651
[22]:641
[23]:616
[24]:592
[25]:512
[26]:474
[27]:483
[28]:429
[29]:357
[30]:326
[31]:329
[32]:284
[33]:230
[34]:218
[35]:173
[36]:160
[37]:106
[38]:72
[39]:39
[40]:30
[41]:19
[42]:18
[43]:8
[44]:8
[45]:6
[46]:7
[47]:3
[48]:2
[49]:2
[53]:1
[54]:1
[55]:1
[56]:1
[58]:2
[59]:3
[61]:2
[64]:3
[65]:2
[68]:3
[69]:2
[70]:1

t2_region>
[97]:332
[98]:5719
[99]:6863
[100]:13909
[101]:17601
[102]:21581
[103]:28791
[104]:36123
[105]:41238
[106]:27847
[107]:12086
[108]:6559
[109]:5621
[110]:4413
[111]:2565
[112]:1598
[113]:1505
[114]:2231
[115]:2739
[116]:2246
[117]:1260
[118]:922
[119]:964
[120]:794
[121]:672
[122]:574
[123]:537
[124]:517
[125]:490
[126]:436
[127]:407
[128]:419
[129]:386
[130]:352
[131]:355
[132]:291
[133]:319
[134]:275
[135]:233
[136]:199
[137]:181
[138]:142
[139]:125
[140]:114
[141]:85
[142]:72
[143]:58
[144]:53
[145]:57
[146]:34
[147]:28
[148]:24
[149]:16
[150]:14
[151]:8
[152]:6
[153]:7
[154]:5
[156]:2
[157]:1
[159]:1
[160]:2
[161]:3
[163]:2
[165]:1
[166]:2
[167]:2
[168]:2
[170]:2
[172]:1
[173]:3
[174]:2
[177]:1
[179]:1

t0_min: 1.08 us, round:1998
t0_max: 36.33 us, round:33927
t0_jitter: 35.25 us

t1_min: 2.67 us, round:2027
t1_max: 70.46 us, round:33927
t1_jitter: 67.79 us

t2_min: 97.29 us, round:6326
t2_max: 179.25 us, round:33927
t2_jitter: 81.96 us

PMU diff samples: 253112
AVG DIFF LL_CACHE_RD: 99.24
AVG DIFF LL_CACHE_MISS_RD: 42.75
AVG DIFF L2D_CACHE_REFILL: 42.87
AVG DIFF L2D_CACHE_INVAL: 0.00
[cur diff] DIFF LL_CACHE_RD: 6, DIFF LL_CACHE_MISS_RD: 5, MISS_RATE: 83.33%
[cur diff] DIFF L2D_CACHE_REFILL: 2
[cur diff] DIFF L2D_CACHE_INVAL: 0
[max diff] DIFF LL_CACHE_RD: 152, DIFF LL_CACHE_MISS_RD: 123, MISS_RATE: 80.92%
[max diff] DIFF L2D_CACHE_REFILL: 123
[max diff] DIFF L2D_CACHE_INVAL: 0

===========================================================
taskpendcnt:255155
t0:2625 ns
t1:5375 ns
t2:102916 ns
benchmark: Franka-derived Cartesian-impedance kernel, input trace:8, timer period:1.000 ms
controller source: franka_ros2 jazzy@73a1501d, updates:255177, SVD sweeps:5
pose error:[0.010000 0.015000 0.010000 -0.000000 0.049979 -0.000000]
tau[0:6]:[0.839771 0.130674 0.617691 0.624912 0.653099 -0.592692 0.265887]
kernel exec min/avg/max: 94.50 / 97.39 / 123.08 us, samples:255187
pressure status:1, copy rounds total/window:1082/10, 4.41 rounds/s
pressure logical copy:10820.00 MiB total, approx 44.12 MiB/s, checksum:1440890224640
pressure report window:2.266490 s
t0_region>
[1]:47575
[2]:89697
[3]:74688
[4]:19703
[5]:4071
[6]:2840
[7]:3885
[8]:4962
[9]:3102
[10]:1353
[11]:933
[12]:673
[13]:581
[14]:415
[15]:273
[16]:194
[17]:111
[18]:83
[19]:28
[20]:13
[21]:5
[22]:3
[24]:1
[25]:7
[26]:1
[27]:2
[28]:2
[30]:2
[31]:2
[32]:1
[33]:2
[35]:1
[36]:1

t1_region>
[2]:1620
[3]:16489
[4]:20068
[5]:19038
[6]:34954
[7]:49185
[8]:48857
[9]:27080
[10]:10794
[11]:3526
[12]:1649
[13]:1339
[14]:1286
[15]:1413
[16]:2255
[17]:3598
[18]:2990
[19]:1491
[20]:791
[21]:651
[22]:641
[23]:616
[24]:592
[25]:512
[26]:474
[27]:483
[28]:429
[29]:357
[30]:326
[31]:329
[32]:284
[33]:230
[34]:218
[35]:173
[36]:160
[37]:106
[38]:72
[39]:39
[40]:30
[41]:19
[42]:18
[43]:8
[44]:8
[45]:6
[46]:7
[47]:3
[48]:2
[49]:2
[53]:1
[54]:1
[55]:1
[56]:1
[58]:2
[59]:3
[61]:2
[64]:3
[65]:2
[68]:3
[69]:2
[70]:1

t2_region>
[97]:332
[98]:5725
[99]:6892
[100]:14000
[101]:17762
[102]:21839
[103]:29109
[104]:36504
[105]:41660
[106]:28130
[107]:12178
[108]:6608
[109]:5657
[110]:4448
[111]:2580
[112]:1605
[113]:1514
[114]:2247
[115]:2761
[116]:2265
[117]:1269
[118]:925
[119]:967
[120]:797
[121]:672
[122]:574
[123]:537
[124]:517
[125]:490
[126]:436
[127]:407
[128]:419
[129]:386
[130]:352
[131]:355
[132]:291
[133]:319
[134]:275
[135]:233
[136]:199
[137]:181
[138]:142
[139]:125
[140]:114
[141]:85
[142]:72
[143]:58
[144]:53
[145]:57
[146]:34
[147]:28
[148]:24
[149]:16
[150]:14
[151]:8
[152]:6
[153]:7
[154]:5
[156]:2
[157]:1
[159]:1
[160]:2
[161]:3
[163]:2
[165]:1
[166]:2
[167]:2
[168]:2
[170]:2
[172]:1
[173]:3
[174]:2
[177]:1
[179]:1

t0_min: 1.08 us, round:1998
t0_max: 36.33 us, round:33927
t0_jitter: 35.25 us

t1_min: 2.67 us, round:2027
t1_max: 70.46 us, round:33927
t1_jitter: 67.79 us

t2_min: 97.29 us, round:6326
t2_max: 179.25 us, round:33927
t2_jitter: 81.96 us

PMU diff samples: 255379
AVG DIFF LL_CACHE_RD: 99.24
AVG DIFF LL_CACHE_MISS_RD: 42.74
AVG DIFF L2D_CACHE_REFILL: 42.86
AVG DIFF L2D_CACHE_INVAL: 0.00
[cur diff] DIFF LL_CACHE_RD: 20, DIFF LL_CACHE_MISS_RD: 11, MISS_RATE: 55.00%
[cur diff] DIFF L2D_CACHE_REFILL: 1
[cur diff] DIFF L2D_CACHE_INVAL: 0
[max diff] DIFF LL_CACHE_RD: 152, DIFF LL_CACHE_MISS_RD: 123, MISS_RATE: 80.92%
[max diff] DIFF L2D_CACHE_REFILL: 123
[max diff] DIFF L2D_CACHE_INVAL: 0

===========================================================
taskpendcnt:257422
t0:2208 ns
t1:6125 ns
t2:102791 ns
benchmark: Franka-derived Cartesian-impedance kernel, input trace:8, timer period:1.000 ms
controller source: franka_ros2 jazzy@73a1501d, updates:257444, SVD sweeps:5
pose error:[0.010000 0.015000 0.010000 -0.000000 0.049979 -0.000000]
tau[0:6]:[-0.567483 -0.552304 -0.482512 -0.231067 -0.297494 -0.656094 -0.085004]
kernel exec min/avg/max: 94.50 / 97.38 / 123.08 us, samples:257454
pressure status:1, copy rounds total/window:1092/10, 4.41 rounds/s
pressure logical copy:10920.00 MiB total, approx 44.10 MiB/s, checksum:1454207139840
pressure report window:2.267513 s
t0_region>
[1]:47949
[2]:90644
[3]:75389
[4]:19841
[5]:4083
[6]:2849
[7]:3905
[8]:5005
[9]:3122
[10]:1357
[11]:933
[12]:673
[13]:581
[14]:415
[15]:273
[16]:194
[17]:111
[18]:83
[19]:28
[20]:13
[21]:5
[22]:3
[24]:1
[25]:7
[26]:1
[27]:2
[28]:2
[30]:2
[31]:2
[32]:1
[33]:2
[35]:1
[36]:1

t1_region>
[2]:1630
[3]:16582
[4]:20225
[5]:19237
[6]:35324
[7]:49671
[8]:49361
[9]:27341
[10]:10862
[11]:3541
[12]:1654
[13]:1341
[14]:1290
[15]:1419
[16]:2273
[17]:3629
[18]:3018
[19]:1498
[20]:792
[21]:652
[22]:642
[23]:616
[24]:592
[25]:512
[26]:474
[27]:483
[28]:429
[29]:357
[30]:326
[31]:329
[32]:284
[33]:230
[34]:218
[35]:173
[36]:160
[37]:106
[38]:72
[39]:39
[40]:30
[41]:19
[42]:18
[43]:8
[44]:8
[45]:6
[46]:7
[47]:3
[48]:2
[49]:2
[53]:1
[54]:1
[55]:1
[56]:1
[58]:2
[59]:3
[61]:2
[64]:3
[65]:2
[68]:3
[69]:2
[70]:1

t2_region>
[97]:332
[98]:5733
[99]:6928
[100]:14073
[101]:17906
[102]:22134
[103]:29412
[104]:36911
[105]:42075
[106]:28403
[107]:12277
[108]:6652
[109]:5691
[110]:4475
[111]:2593
[112]:1609
[113]:1525
[114]:2270
[115]:2779
[116]:2288
[117]:1277
[118]:929
[119]:970
[120]:799
[121]:673
[122]:574
[123]:537
[124]:517
[125]:490
[126]:436
[127]:407
[128]:419
[129]:386
[130]:352
[131]:355
[132]:291
[133]:319
[134]:275
[135]:233
[136]:199
[137]:181
[138]:142
[139]:125
[140]:114
[141]:85
[142]:72
[143]:58
[144]:53
[145]:57
[146]:34
[147]:28
[148]:24
[149]:16
[150]:14
[151]:8
[152]:6
[153]:7
[154]:5
[156]:2
[157]:1
[159]:1
[160]:2
[161]:3
[163]:2
[165]:1
[166]:2
[167]:2
[168]:2
[170]:2
[172]:1
[173]:3
[174]:2
[177]:1
[179]:1

t0_min: 1.08 us, round:1998
t0_max: 36.33 us, round:33927
t0_jitter: 35.25 us

t1_min: 2.67 us, round:2027
t1_max: 70.46 us, round:33927
t1_jitter: 67.79 us

t2_min: 97.29 us, round:6326
t2_max: 179.25 us, round:33927
t2_jitter: 81.96 us

PMU diff samples: 257646
AVG DIFF LL_CACHE_RD: 99.23
AVG DIFF LL_CACHE_MISS_RD: 42.74
AVG DIFF L2D_CACHE_REFILL: 42.86
AVG DIFF L2D_CACHE_INVAL: 0.00
[cur diff] DIFF LL_CACHE_RD: 5, DIFF LL_CACHE_MISS_RD: 3, MISS_RATE: 60.00%
[cur diff] DIFF L2D_CACHE_REFILL: 1
[cur diff] DIFF L2D_CACHE_INVAL: 0
[max diff] DIFF LL_CACHE_RD: 152, DIFF LL_CACHE_MISS_RD: 123, MISS_RATE: 80.92%
[max diff] DIFF L2D_CACHE_REFILL: 123
[max diff] DIFF L2D_CACHE_INVAL: 0

===========================================================
taskpendcnt:259689
t0:2375 ns
t1:5125 ns
t2:103250 ns
benchmark: Franka-derived Cartesian-impedance kernel, input trace:8, timer period:1.000 ms
controller source: franka_ros2 jazzy@73a1501d, updates:259711, SVD sweeps:5
pose error:[0.010000 0.015000 0.010000 -0.000000 0.049979 -0.000000]
tau[0:6]:[-1.839419 -0.921560 -1.193198 -1.195971 -0.861243 0.113634 -0.461388]
kernel exec min/avg/max: 94.50 / 97.38 / 123.08 us, samples:259721
pressure status:1, copy rounds total/window:1101/9, 3.97 rounds/s
pressure logical copy:11010.00 MiB total, approx 39.70 MiB/s, checksum:1466192363520
pressure report window:2.266913 s
t0_region>
[1]:48283
[2]:91537
[3]:76153
[4]:20006
[5]:4113
[6]:2859
[7]:3926
[8]:5044
[9]:3132
[10]:1357
[11]:933
[12]:673
[13]:581
[14]:415
[15]:273
[16]:194
[17]:111
[18]:83
[19]:28
[20]:13
[21]:5
[22]:3
[24]:1
[25]:7
[26]:1
[27]:2
[28]:2
[30]:2
[31]:2
[32]:1
[33]:2
[35]:1
[36]:1

t1_region>
[2]:1643
[3]:16668
[4]:20384
[5]:19430
[6]:35654
[7]:50163
[8]:49887
[9]:27597
[10]:10950
[11]:3566
[12]:1663
[13]:1354
[14]:1293
[15]:1424
[16]:2288
[17]:3660
[18]:3039
[19]:1501
[20]:792
[21]:652
[22]:642
[23]:616
[24]:592
[25]:512
[26]:474
[27]:483
[28]:429
[29]:357
[30]:326
[31]:329
[32]:284
[33]:230
[34]:218
[35]:173
[36]:160
[37]:106
[38]:72
[39]:39
[40]:30
[41]:19
[42]:18
[43]:8
[44]:8
[45]:6
[46]:7
[47]:3
[48]:2
[49]:2
[53]:1
[54]:1
[55]:1
[56]:1
[58]:2
[59]:3
[61]:2
[64]:3
[65]:2
[68]:3
[69]:2
[70]:1

t2_region>
[97]:332
[98]:5739
[99]:6962
[100]:14161
[101]:18044
[102]:22345
[103]:29738
[104]:37289
[105]:42524
[106]:28712
[107]:12384
[108]:6693
[109]:5727
[110]:4506
[111]:2622
[112]:1618
[113]:1532
[114]:2288
[115]:2800
[116]:2301
[117]:1283
[118]:932
[119]:970
[120]:803
[121]:674
[122]:575
[123]:537
[124]:517
[125]:490
[126]:436
[127]:407
[128]:419
[129]:386
[130]:352
[131]:355
[132]:291
[133]:319
[134]:275
[135]:233
[136]:199
[137]:181
[138]:142
[139]:125
[140]:114
[141]:85
[142]:72
[143]:58
[144]:53
[145]:57
[146]:34
[147]:28
[148]:24
[149]:16
[150]:14
[151]:8
[152]:6
[153]:7
[154]:5
[156]:2
[157]:1
[159]:1
[160]:2
[161]:3
[163]:2
[165]:1
[166]:2
[167]:2
[168]:2
[170]:2
[172]:1
[173]:3
[174]:2
[177]:1
[179]:1

t0_min: 1.08 us, round:1998
t0_max: 36.33 us, round:33927
t0_jitter: 35.25 us

t1_min: 2.67 us, round:2027
t1_max: 70.46 us, round:33927
t1_jitter: 67.79 us

t2_min: 97.29 us, round:6326
t2_max: 179.25 us, round:33927
t2_jitter: 81.96 us

PMU diff samples: 259913
AVG DIFF LL_CACHE_RD: 99.23
AVG DIFF LL_CACHE_MISS_RD: 42.74
AVG DIFF L2D_CACHE_REFILL: 42.85
AVG DIFF L2D_CACHE_INVAL: 0.00
[cur diff] DIFF LL_CACHE_RD: 6, DIFF LL_CACHE_MISS_RD: 5, MISS_RATE: 83.33%
[cur diff] DIFF L2D_CACHE_REFILL: 2
[cur diff] DIFF L2D_CACHE_INVAL: 0
[max diff] DIFF LL_CACHE_RD: 152, DIFF LL_CACHE_MISS_RD: 123, MISS_RATE: 80.92%
[max diff] DIFF L2D_CACHE_REFILL: 123
[max diff] DIFF L2D_CACHE_INVAL: 0

===========================================================
taskpendcnt:261956
t0:1666 ns
t1:4125 ns
t2:101666 ns
benchmark: Franka-derived Cartesian-impedance kernel, input trace:8, timer period:1.000 ms
controller source: franka_ros2 jazzy@73a1501d, updates:261978, SVD sweeps:5
pose error:[0.010000 0.015000 0.010000 -0.000000 0.049979 -0.000000]
tau[0:6]:[1.228026 0.081850 0.819520 0.875435 0.745706 -0.833381 0.398995]
kernel exec min/avg/max: 94.50 / 97.38 / 123.08 us, samples:261988
pressure status:1, copy rounds total/window:1111/10, 4.41 rounds/s
pressure logical copy:11110.00 MiB total, approx 44.12 MiB/s, checksum:1479509278720
pressure report window:2.266423 s
t0_region>
[1]:48653
[2]:92511
[3]:76847
[4]:20138
[5]:4124
[6]:2865
[7]:3949
[8]:5084
[9]:3147
[10]:1359
[11]:933
[12]:673
[13]:581
[14]:415
[15]:273
[16]:194
[17]:111
[18]:83
[19]:28
[20]:13
[21]:5
[22]:3
[24]:1
[25]:7
[26]:1
[27]:2
[28]:2
[30]:2
[31]:2
[32]:1
[33]:2
[35]:1
[36]:1

t1_region>
[2]:1654
[3]:16765
[4]:20543
[5]:19619
[6]:36003
[7]:50700
[8]:50377
[9]:27844
[10]:11030
[11]:3582
[12]:1665
[13]:1355
[14]:1296
[15]:1430
[16]:2309
[17]:3687
[18]:3062
[19]:1507
[20]:793
[21]:652
[22]:642
[23]:616
[24]:592
[25]:512
[26]:474
[27]:483
[28]:429
[29]:357
[30]:326
[31]:329
[32]:284
[33]:230
[34]:218
[35]:173
[36]:160
[37]:106
[38]:72
[39]:39
[40]:30
[41]:19
[42]:18
[43]:8
[44]:8
[45]:6
[46]:7
[47]:3
[48]:2
[49]:2
[53]:1
[54]:1
[55]:1
[56]:1
[58]:2
[59]:3
[61]:2
[64]:3
[65]:2
[68]:3
[69]:2
[70]:1

t2_region>
[97]:332
[98]:5758
[99]:6994
[100]:14235
[101]:18206
[102]:22608
[103]:30063
[104]:37671
[105]:42956
[106]:28997
[107]:12487
[108]:6726
[109]:5762
[110]:4526
[111]:2637
[112]:1622
[113]:1545
[114]:2306
[115]:2821
[116]:2319
[117]:1288
[118]:935
[119]:973
[120]:804
[121]:676
[122]:575
[123]:537
[124]:517
[125]:490
[126]:436
[127]:407
[128]:419
[129]:386
[130]:352
[131]:355
[132]:291
[133]:319
[134]:275
[135]:233
[136]:199
[137]:181
[138]:142
[139]:125
[140]:114
[141]:85
[142]:72
[143]:58
[144]:53
[145]:57
[146]:34
[147]:28
[148]:24
[149]:16
[150]:14
[151]:8
[152]:6
[153]:7
[154]:5
[156]:2
[157]:1
[159]:1
[160]:2
[161]:3
[163]:2
[165]:1
[166]:2
[167]:2
[168]:2
[170]:2
[172]:1
[173]:3
[174]:2
[177]:1
[179]:1

t0_min: 1.08 us, round:1998
t0_max: 36.33 us, round:33927
t0_jitter: 35.25 us

t1_min: 2.67 us, round:2027
t1_max: 70.46 us, round:33927
t1_jitter: 67.79 us

t2_min: 97.29 us, round:6326
t2_max: 179.25 us, round:33927
t2_jitter: 81.96 us

PMU diff samples: 262180
AVG DIFF LL_CACHE_RD: 99.22
AVG DIFF LL_CACHE_MISS_RD: 42.73
AVG DIFF L2D_CACHE_REFILL: 42.85
AVG DIFF L2D_CACHE_INVAL: 0.00
[cur diff] DIFF LL_CACHE_RD: 13, DIFF LL_CACHE_MISS_RD: 7, MISS_RATE: 53.85%
[cur diff] DIFF L2D_CACHE_REFILL: 1
[cur diff] DIFF L2D_CACHE_INVAL: 0
[max diff] DIFF LL_CACHE_RD: 152, DIFF LL_CACHE_MISS_RD: 123, MISS_RATE: 80.92%
[max diff] DIFF L2D_CACHE_REFILL: 123
[max diff] DIFF L2D_CACHE_INVAL: 0

===========================================================
taskpendcnt:264222
t0:1541 ns
t1:3708 ns
t2:100375 ns
benchmark: Franka-derived Cartesian-impedance kernel, input trace:8, timer period:1.000 ms
controller source: franka_ros2 jazzy@73a1501d, updates:264245, SVD sweeps:5
pose error:[0.010000 0.015000 0.010000 -0.000000 0.049979 -0.000000]
tau[0:6]:[-2.781770 -1.613002 -1.930139 -1.581803 -1.382951 -0.390599 -0.663394]
kernel exec min/avg/max: 94.50 / 97.38 / 123.08 us, samples:264255
pressure status:1, copy rounds total/window:1120/9, 3.97 rounds/s
pressure logical copy:11200.00 MiB total, approx 39.69 MiB/s, checksum:1491494502400
pressure report window:2.267433 s
t0_region>
[1]:48981
[2]:93473
[3]:77530
[4]:20316
[5]:4145
[6]:2871
[7]:3977
[8]:5125
[9]:3164
[10]:1362
[11]:933
[12]:673
[13]:581
[14]:415
[15]:273
[16]:194
[17]:111
[18]:83
[19]:28
[20]:13
[21]:5
[22]:3
[24]:1
[25]:7
[26]:1
[27]:2
[28]:2
[30]:2
[31]:2
[32]:1
[33]:2
[35]:1
[36]:1

t1_region>
[2]:1664
[3]:16867
[4]:20695
[5]:19789
[6]:36376
[7]:51223
[8]:50848
[9]:28081
[10]:11135
[11]:3600
[12]:1674
[13]:1357
[14]:1300
[15]:1438
[16]:2329
[17]:3714
[18]:3088
[19]:1516
[20]:794
[21]:652
[22]:642
[23]:616
[24]:592
[25]:512
[26]:474
[27]:483
[28]:429
[29]:357
[30]:326
[31]:329
[32]:284
[33]:230
[34]:218
[35]:173
[36]:160
[37]:106
[38]:72
[39]:39
[40]:30
[41]:19
[42]:18
[43]:8
[44]:8
[45]:6
[46]:7
[47]:3
[48]:2
[49]:2
[53]:1
[54]:1
[55]:1
[56]:1
[58]:2
[59]:3
[61]:2
[64]:3
[65]:2
[68]:3
[69]:2
[70]:1

t2_region>
[97]:332
[98]:5773
[99]:7034
[100]:14335
[101]:18341
[102]:22857
[103]:30396
[104]:38015
[105]:43394
[106]:29259
[107]:12606
[108]:6778
[109]:5801
[110]:4550
[111]:2656
[112]:1629
[113]:1552
[114]:2329
[115]:2847
[116]:2334
[117]:1298
[118]:937
[119]:976
[120]:806
[121]:677
[122]:577
[123]:537
[124]:517
[125]:490
[126]:436
[127]:407
[128]:419
[129]:386
[130]:352
[131]:355
[132]:291
[133]:319
[134]:275
[135]:233
[136]:199
[137]:181
[138]:142
[139]:125
[140]:114
[141]:85
[142]:72
[143]:58
[144]:53
[145]:57
[146]:34
[147]:28
[148]:24
[149]:16
[150]:14
[151]:8
[152]:6
[153]:7
[154]:5
[156]:2
[157]:1
[159]:1
[160]:2
[161]:3
[163]:2
[165]:1
[166]:2
[167]:2
[168]:2
[170]:2
[172]:1
[173]:3
[174]:2
[177]:1
[179]:1

t0_min: 1.08 us, round:1998
t0_max: 36.33 us, round:33927
t0_jitter: 35.25 us

t1_min: 2.67 us, round:2027
t1_max: 70.46 us, round:33927
t1_jitter: 67.79 us

t2_min: 97.29 us, round:6326
t2_max: 179.25 us, round:33927
t2_jitter: 81.96 us

PMU diff samples: 264447
AVG DIFF LL_CACHE_RD: 99.21
AVG DIFF LL_CACHE_MISS_RD: 42.72
AVG DIFF L2D_CACHE_REFILL: 42.84
AVG DIFF L2D_CACHE_INVAL: 0.00
[cur diff] DIFF LL_CACHE_RD: 22, DIFF LL_CACHE_MISS_RD: 12, MISS_RATE: 54.55%
[cur diff] DIFF L2D_CACHE_REFILL: 4
[cur diff] DIFF L2D_CACHE_INVAL: 0
[max diff] DIFF LL_CACHE_RD: 152, DIFF LL_CACHE_MISS_RD: 123, MISS_RATE: 80.92%
[max diff] DIFF L2D_CACHE_REFILL: 123
[max diff] DIFF L2D_CACHE_INVAL: 0

===========================================================
taskpendcnt:266489
t0:1416 ns
t1:5625 ns
t2:101416 ns
benchmark: Franka-derived Cartesian-impedance kernel, input trace:8, timer period:1.000 ms
controller source: franka_ros2 jazzy@73a1501d, updates:266512, SVD sweeps:5
pose error:[0.010000 0.015000 0.010000 -0.000000 0.049979 -0.000000]
tau[0:6]:[-0.274004 -0.324180 0.001577 -0.231466 0.050986 -0.328952 0.010844]
kernel exec min/avg/max: 94.50 / 97.38 / 123.08 us, samples:266522
pressure status:1, copy rounds total/window:1130/10, 4.41 rounds/s
pressure logical copy:11300.00 MiB total, approx 44.12 MiB/s, checksum:1504811417600
pressure report window:2.266716 s
t0_region>
[1]:49328
[2]:94302
[3]:78304
[4]:20513
[5]:4180
[6]:2875
[7]:3995
[8]:5168
[9]:3181
[10]:1365
[11]:933
[12]:673
[13]:581
[14]:415
[15]:273
[16]:194
[17]:111
[18]:83
[19]:28
[20]:13
[21]:5
[22]:3
[24]:1
[25]:7
[26]:1
[27]:2
[28]:2
[30]:2
[31]:2
[32]:1
[33]:2
[35]:1
[36]:1

t1_region>
[2]:1675
[3]:16964
[4]:20852
[5]:19958
[6]:36677
[7]:51722
[8]:51367
[9]:28356
[10]:11246
[11]:3630
[12]:1682
[13]:1363
[14]:1301
[15]:1442
[16]:2346
[17]:3747
[18]:3112
[19]:1522
[20]:794
[21]:652
[22]:642
[23]:616
[24]:592
[25]:512
[26]:474
[27]:483
[28]:429
[29]:357
[30]:326
[31]:329
[32]:284
[33]:230
[34]:218
[35]:173
[36]:160
[37]:106
[38]:72
[39]:39
[40]:30
[41]:19
[42]:18
[43]:8
[44]:8
[45]:6
[46]:7
[47]:3
[48]:2
[49]:2
[53]:1
[54]:1
[55]:1
[56]:1
[58]:2
[59]:3
[61]:2
[64]:3
[65]:2
[68]:3
[69]:2
[70]:1

t2_region>
[97]:332
[98]:5783
[99]:7069
[100]:14430
[101]:18483
[102]:23074
[103]:30662
[104]:38365
[105]:43845
[106]:29567
[107]:12749
[108]:6837
[109]:5845
[110]:4591
[111]:2673
[112]:1634
[113]:1555
[114]:2349
[115]:2882
[116]:2347
[117]:1302
[118]:939
[119]:979
[120]:808
[121]:678
[122]:577
[123]:537
[124]:517
[125]:490
[126]:436
[127]:407
[128]:419
[129]:386
[130]:352
[131]:355
[132]:291
[133]:319
[134]:275
[135]:233
[136]:199
[137]:181
[138]:142
[139]:125
[140]:114
[141]:85
[142]:72
[143]:58
[144]:53
[145]:57
[146]:34
[147]:28
[148]:24
[149]:16
[150]:14
[151]:8
[152]:6
[153]:7
[154]:5
[156]:2
[157]:1
[159]:1
[160]:2
[161]:3
[163]:2
[165]:1
[166]:2
[167]:2
[168]:2
[170]:2
[172]:1
[173]:3
[174]:2
[177]:1
[179]:1

t0_min: 1.08 us, round:1998
t0_max: 36.33 us, round:33927
t0_jitter: 35.25 us

t1_min: 2.67 us, round:2027
t1_max: 70.46 us, round:33927
t1_jitter: 67.79 us

t2_min: 97.29 us, round:6326
t2_max: 179.25 us, round:33927
t2_jitter: 81.96 us

PMU diff samples: 266714
AVG DIFF LL_CACHE_RD: 99.22
AVG DIFF LL_CACHE_MISS_RD: 42.73
AVG DIFF L2D_CACHE_REFILL: 42.84
AVG DIFF L2D_CACHE_INVAL: 0.00
[cur diff] DIFF LL_CACHE_RD: 13, DIFF LL_CACHE_MISS_RD: 8, MISS_RATE: 61.54%
[cur diff] DIFF L2D_CACHE_REFILL: 4
[cur diff] DIFF L2D_CACHE_INVAL: 0
[max diff] DIFF LL_CACHE_RD: 152, DIFF LL_CACHE_MISS_RD: 123, MISS_RATE: 80.92%
[max diff] DIFF L2D_CACHE_REFILL: 123
[max diff] DIFF L2D_CACHE_INVAL: 0

===========================================================
taskpendcnt:268756
t0:1875 ns
t1:4625 ns
t2:101875 ns
benchmark: Franka-derived Cartesian-impedance kernel, input trace:8, timer period:1.000 ms
controller source: franka_ros2 jazzy@73a1501d, updates:268779, SVD sweeps:5
pose error:[0.010000 0.015000 0.010000 -0.000000 0.049979 -0.000000]
tau[0:6]:[1.376914 -0.104433 0.790225 0.843903 0.642107 -0.956178 0.423547]
kernel exec min/avg/max: 94.50 / 97.38 / 123.08 us, samples:268788
pressure status:1, copy rounds total/window:1140/10, 4.41 rounds/s
pressure logical copy:11400.00 MiB total, approx 44.12 MiB/s, checksum:1518128332800
pressure report window:2.266658 s
t0_region>
[1]:49670
[2]:95171
[3]:79072
[4]:20704
[5]:4191
[6]:2883
[7]:4016
[8]:5208
[9]:3196
[10]:1367
[11]:933
[12]:673
[13]:581
[14]:415
[15]:273
[16]:194
[17]:111
[18]:83
[19]:28
[20]:13
[21]:5
[22]:3
[24]:1
[25]:7
[26]:1
[27]:2
[28]:2
[30]:2
[31]:2
[32]:1
[33]:2
[35]:1
[36]:1

t1_region>
[2]:1687
[3]:17074
[4]:20987
[5]:20107
[6]:37016
[7]:52229
[8]:51838
[9]:28659
[10]:11373
[11]:3650
[12]:1688
[13]:1365
[14]:1303
[15]:1446
[16]:2361
[17]:3785
[18]:3132
[19]:1527
[20]:794
[21]:652
[22]:643
[23]:616
[24]:592
[25]:512
[26]:474
[27]:483
[28]:429
[29]:357
[30]:326
[31]:329
[32]:284
[33]:230
[34]:218
[35]:173
[36]:160
[37]:106
[38]:72
[39]:39
[40]:30
[41]:19
[42]:18
[43]:8
[44]:8
[45]:6
[46]:7
[47]:3
[48]:2
[49]:2
[53]:1
[54]:1
[55]:1
[56]:1
[58]:2
[59]:3
[61]:2
[64]:3
[65]:2
[68]:3
[69]:2
[70]:1

t2_region>
[97]:332
[98]:5793
[99]:7104
[100]:14523
[101]:18628
[102]:23281
[103]:30944
[104]:38719
[105]:44272
[106]:29895
[107]:12903
[108]:6886
[109]:5888
[110]:4624
[111]:2690
[112]:1640
[113]:1563
[114]:2366
[115]:2913
[116]:2364
[117]:1307
[118]:943
[119]:980
[120]:808
[121]:678
[122]:577
[123]:537
[124]:517
[125]:490
[126]:436
[127]:407
[128]:419
[129]:386
[130]:352
[131]:355
[132]:291
[133]:319
[134]:275
[135]:233
[136]:199
[137]:181
[138]:142
[139]:125
[140]:114
[141]:85
[142]:72
[143]:58
[144]:53
[145]:57
[146]:34
[147]:28
[148]:24
[149]:16
[150]:14
[151]:8
[152]:6
[153]:7
[154]:5
[156]:2
[157]:1
[159]:1
[160]:2
[161]:3
[163]:2
[165]:1
[166]:2
[167]:2
[168]:2
[170]:2
[172]:1
[173]:3
[174]:2
[177]:1
[179]:1

t0_min: 1.08 us, round:1998
t0_max: 36.33 us, round:33927
t0_jitter: 35.25 us

t1_min: 2.67 us, round:2027
t1_max: 70.46 us, round:33927
t1_jitter: 67.79 us

t2_min: 97.29 us, round:6326
t2_max: 179.25 us, round:33927
t2_jitter: 81.96 us

PMU diff samples: 268981
AVG DIFF LL_CACHE_RD: 99.22
AVG DIFF LL_CACHE_MISS_RD: 42.73
AVG DIFF L2D_CACHE_REFILL: 42.84
AVG DIFF L2D_CACHE_INVAL: 0.00
[cur diff] DIFF LL_CACHE_RD: 6, DIFF LL_CACHE_MISS_RD: 4, MISS_RATE: 66.67%
[cur diff] DIFF L2D_CACHE_REFILL: 2
[cur diff] DIFF L2D_CACHE_INVAL: 0
[max diff] DIFF LL_CACHE_RD: 152, DIFF LL_CACHE_MISS_RD: 123, MISS_RATE: 80.92%
[max diff] DIFF L2D_CACHE_REFILL: 123
[max diff] DIFF L2D_CACHE_INVAL: 0

===========================================================
taskpendcnt:271023
t0:1750 ns
t1:4791 ns
t2:100291 ns
benchmark: Franka-derived Cartesian-impedance kernel, input trace:8, timer period:1.000 ms
controller source: franka_ros2 jazzy@73a1501d, updates:271046, SVD sweeps:5
pose error:[0.010000 0.015000 0.010000 -0.000000 0.049979 -0.000000]
tau[0:6]:[-2.379368 -1.292411 -1.655224 -1.570015 -1.185234 -0.066588 -0.610247]
kernel exec min/avg/max: 94.50 / 97.38 / 123.08 us, samples:271056
pressure status:1, copy rounds total/window:1149/9, 3.97 rounds/s
pressure logical copy:11490.00 MiB total, approx 39.69 MiB/s, checksum:1530113556480
pressure report window:2.267379 s
t0_region>
[1]:50038
[2]:96001
[3]:79837
[4]:20891
[5]:4214
[6]:2884
[7]:4040
[8]:5258
[9]:3211
[10]:1371
[11]:933
[12]:673
[13]:581
[14]:415
[15]:273
[16]:194
[17]:111
[18]:83
[19]:28
[20]:13
[21]:5
[22]:3
[24]:1
[25]:7
[26]:1
[27]:2
[28]:2
[30]:2
[31]:2
[32]:1
[33]:2
[35]:1
[36]:1

t1_region>
[2]:1695
[3]:17205
[4]:21137
[5]:20242
[6]:37332
[7]:52713
[8]:52355
[9]:28935
[10]:11484
[11]:3684
[12]:1695
[13]:1369
[14]:1308
[15]:1452
[16]:2373
[17]:3819
[18]:3164
[19]:1532
[20]:795
[21]:652
[22]:643
[23]:616
[24]:592
[25]:512
[26]:474
[27]:483
[28]:429
[29]:357
[30]:326
[31]:329
[32]:284
[33]:230
[34]:218
[35]:173
[36]:160
[37]:106
[38]:72
[39]:39
[40]:30
[41]:19
[42]:18
[43]:8
[44]:8
[45]:6
[46]:7
[47]:3
[48]:2
[49]:2
[53]:1
[54]:1
[55]:1
[56]:1
[58]:2
[59]:3
[61]:2
[64]:3
[65]:2
[68]:3
[69]:2
[70]:1

t2_region>
[97]:332
[98]:5814
[99]:7149
[100]:14650
[101]:18757
[102]:23472
[103]:31217
[104]:39080
[105]:44696
[106]:30192
[107]:13033
[108]:6950
[109]:5944
[110]:4652
[111]:2712
[112]:1651
[113]:1566
[114]:2379
[115]:2940
[116]:2378
[117]:1322
[118]:947
[119]:987
[120]:811
[121]:680
[122]:577
[123]:537
[124]:517
[125]:490
[126]:436
[127]:407
[128]:419
[129]:386
[130]:352
[131]:355
[132]:291
[133]:319
[134]:275
[135]:233
[136]:199
[137]:181
[138]:142
[139]:125
[140]:114
[141]:85
[142]:72
[143]:58
[144]:53
[145]:57
[146]:34
[147]:28
[148]:24
[149]:16
[150]:14
[151]:8
[152]:6
[153]:7
[154]:5
[156]:2
[157]:1
[159]:1
[160]:2
[161]:3
[163]:2
[165]:1
[166]:2
[167]:2
[168]:2
[170]:2
[172]:1
[173]:3
[174]:2
[177]:1
[179]:1

t0_min: 1.08 us, round:1998
t0_max: 36.33 us, round:33927
t0_jitter: 35.25 us

t1_min: 2.67 us, round:2027
t1_max: 70.46 us, round:33927
t1_jitter: 67.79 us

t2_min: 97.29 us, round:6326
t2_max: 179.25 us, round:33927
t2_jitter: 81.96 us

PMU diff samples: 271248
AVG DIFF LL_CACHE_RD: 99.21
AVG DIFF LL_CACHE_MISS_RD: 42.73
AVG DIFF L2D_CACHE_REFILL: 42.85
AVG DIFF L2D_CACHE_INVAL: 0.00
[cur diff] DIFF LL_CACHE_RD: 10, DIFF LL_CACHE_MISS_RD: 5, MISS_RATE: 50.00%
[cur diff] DIFF L2D_CACHE_REFILL: 1
[cur diff] DIFF L2D_CACHE_INVAL: 0
[max diff] DIFF LL_CACHE_RD: 152, DIFF LL_CACHE_MISS_RD: 123, MISS_RATE: 80.92%
[max diff] DIFF L2D_CACHE_REFILL: 123
[max diff] DIFF L2D_CACHE_INVAL: 0

===========================================================
taskpendcnt:273290
t0:2208 ns
t1:5541 ns
t2:101333 ns
benchmark: Franka-derived Cartesian-impedance kernel, input trace:8, timer period:1.000 ms
controller source: franka_ros2 jazzy@73a1501d, updates:273313, SVD sweeps:5
pose error:[0.010000 0.015000 0.010000 -0.000000 0.049979 -0.000000]
tau[0:6]:[0.839771 0.130674 0.617691 0.624912 0.653099 -0.592692 0.265887]
kernel exec min/avg/max: 94.50 / 97.38 / 123.08 us, samples:273322
pressure status:1, copy rounds total/window:1159/10, 4.41 rounds/s
pressure logical copy:11590.00 MiB total, approx 44.12 MiB/s, checksum:1543430471680
pressure report window:2.266434 s
t0_region>
[1]:50407
[2]:96807
[3]:80625
[4]:21081
[5]:4235
[6]:2896
[7]:4056
[8]:5290
[9]:3240
[10]:1374
[11]:933
[12]:673
[13]:581
[14]:415
[15]:273
[16]:194
[17]:111
[18]:83
[19]:28
[20]:13
[21]:5
[22]:3
[24]:1
[25]:7
[26]:1
[27]:2
[28]:2
[30]:2
[31]:2
[32]:1
[33]:2
[35]:1
[36]:1

t1_region>
[2]:1705
[3]:17331
[4]:21278
[5]:20395
[6]:37652
[7]:53173
[8]:52847
[9]:29251
[10]:11600
[11]:3712
[12]:1704
[13]:1370
[14]:1313
[15]:1461
[16]:2384
[17]:3840
[18]:3196
[19]:1546
[20]:796
[21]:652
[22]:643
[23]:616
[24]:592
[25]:512
[26]:474
[27]:483
[28]:429
[29]:357
[30]:326
[31]:329
[32]:284
[33]:230
[34]:218
[35]:173
[36]:160
[37]:106
[38]:72
[39]:39
[40]:30
[41]:19
[42]:18
[43]:8
[44]:8
[45]:6
[46]:7
[47]:3
[48]:2
[49]:2
[53]:1
[54]:1
[55]:1
[56]:1
[58]:2
[59]:3
[61]:2
[64]:3
[65]:2
[68]:3
[69]:2
[70]:1

t2_region>
[97]:332
[98]:5832
[99]:7200
[100]:14766
[101]:18909
[102]:23650
[103]:31479
[104]:39461
[105]:45094
[106]:30485
[107]:13164
[108]:7012
[109]:6008
[110]:4698
[111]:2732
[112]:1662
[113]:1570
[114]:2391
[115]:2959
[116]:2399
[117]:1331
[118]:951
[119]:995
[120]:816
[121]:681
[122]:578
[123]:537
[124]:517
[125]:490
[126]:436
[127]:407
[128]:419
[129]:386
[130]:352
[131]:355
[132]:291
[133]:319
[134]:275
[135]:233
[136]:199
[137]:181
[138]:142
[139]:125
[140]:114
[141]:85
[142]:72
[143]:58
[144]:53
[145]:57
[146]:34
[147]:28
[148]:24
[149]:16
[150]:14
[151]:8
[152]:6
[153]:7
[154]:5
[156]:2
[157]:1
[159]:1
[160]:2
[161]:3
[163]:2
[165]:1
[166]:2
[167]:2
[168]:2
[170]:2
[172]:1
[173]:3
[174]:2
[177]:1
[179]:1

t0_min: 1.08 us, round:1998
t0_max: 36.33 us, round:33927
t0_jitter: 35.25 us

t1_min: 2.67 us, round:2027
t1_max: 70.46 us, round:33927
t1_jitter: 67.79 us

t2_min: 97.29 us, round:6326
t2_max: 179.25 us, round:33927
t2_jitter: 81.96 us

PMU diff samples: 273514
AVG DIFF LL_CACHE_RD: 99.22
AVG DIFF LL_CACHE_MISS_RD: 42.73
AVG DIFF L2D_CACHE_REFILL: 42.85
AVG DIFF L2D_CACHE_INVAL: 0.00
[cur diff] DIFF LL_CACHE_RD: 8, DIFF LL_CACHE_MISS_RD: 5, MISS_RATE: 62.50%
[cur diff] DIFF L2D_CACHE_REFILL: 2
[cur diff] DIFF L2D_CACHE_INVAL: 0
[max diff] DIFF LL_CACHE_RD: 152, DIFF LL_CACHE_MISS_RD: 123, MISS_RATE: 80.92%
[max diff] DIFF L2D_CACHE_REFILL: 123
[max diff] DIFF L2D_CACHE_INVAL: 0

===========================================================
taskpendcnt:275556
t0:1666 ns
t1:5000 ns
t2:100791 ns
benchmark: Franka-derived Cartesian-impedance kernel, input trace:8, timer period:1.000 ms
controller source: franka_ros2 jazzy@73a1501d, updates:275579, SVD sweeps:5
pose error:[0.010000 0.015000 0.010000 -0.000000 0.049979 -0.000000]
tau[0:6]:[1.376914 -0.104433 0.790225 0.843903 0.642107 -0.956178 0.423547]
kernel exec min/avg/max: 94.50 / 97.38 / 123.08 us, samples:275588
pressure status:1, copy rounds total/window:1169/10, 4.41 rounds/s
pressure logical copy:11690.00 MiB total, approx 44.13 MiB/s, checksum:1556747386880
pressure report window:2.266028 s
t0_region>
[1]:50775
[2]:97702
[3]:81313
[4]:21276
[5]:4266
[6]:2903
[7]:4079
[8]:5327
[9]:3260
[10]:1377
[11]:933
[12]:673
[13]:581
[14]:415
[15]:273
[16]:194
[17]:111
[18]:83
[19]:28
[20]:13
[21]:5
[22]:3
[24]:1
[25]:7
[26]:1
[27]:2
[28]:2
[30]:2
[31]:2
[32]:1
[33]:2
[35]:1
[36]:1

t1_region>
[2]:1721
[3]:17447
[4]:21424
[5]:20565
[6]:38008
[7]:53645
[8]:53336
[9]:29508
[10]:11709
[11]:3740
[12]:1716
[13]:1372
[14]:1319
[15]:1468
[16]:2398
[17]:3874
[18]:3220
[19]:1553
[20]:796
[21]:653
[22]:643
[23]:617
[24]:592
[25]:512
[26]:474
[27]:483
[28]:429
[29]:357
[30]:326
[31]:329
[32]:284
[33]:230
[34]:218
[35]:173
[36]:160
[37]:106
[38]:72
[39]:39
[40]:30
[41]:19
[42]:18
[43]:8
[44]:8
[45]:6
[46]:7
[47]:3
[48]:2
[49]:2
[53]:1
[54]:1
[55]:1
[56]:1
[58]:2
[59]:3
[61]:2
[64]:3
[65]:2
[68]:3
[69]:2
[70]:1

t2_region>
[97]:332
[98]:5858
[99]:7241
[100]:14882
[101]:19064
[102]:23867
[103]:31785
[104]:39829
[105]:45496
[106]:30735
[107]:13263
[108]:7083
[109]:6072
[110]:4736
[111]:2749
[112]:1669
[113]:1582
[114]:2407
[115]:2982
[116]:2416
[117]:1346
[118]:952
[119]:997
[120]:818
[121]:682
[122]:578
[123]:537
[124]:517
[125]:490
[126]:436
[127]:407
[128]:419
[129]:386
[130]:352
[131]:355
[132]:291
[133]:319
[134]:275
[135]:233
[136]:199
[137]:181
[138]:142
[139]:125
[140]:114
[141]:85
[142]:72
[143]:58
[144]:53
[145]:57
[146]:34
[147]:28
[148]:24
[149]:16
[150]:14
[151]:8
[152]:6
[153]:7
[154]:5
[156]:2
[157]:1
[159]:1
[160]:2
[161]:3
[163]:2
[165]:1
[166]:2
[167]:2
[168]:2
[170]:2
[172]:1
[173]:3
[174]:2
[177]:1
[179]:1

t0_min: 1.08 us, round:1998
t0_max: 36.33 us, round:33927
t0_jitter: 35.25 us

t1_min: 2.67 us, round:2027
t1_max: 70.46 us, round:33927
t1_jitter: 67.79 us

t2_min: 97.29 us, round:6326
t2_max: 179.25 us, round:33927
t2_jitter: 81.96 us

PMU diff samples: 275780
AVG DIFF LL_CACHE_RD: 99.21
AVG DIFF LL_CACHE_MISS_RD: 42.73
AVG DIFF L2D_CACHE_REFILL: 42.85
AVG DIFF L2D_CACHE_INVAL: 0.00
[cur diff] DIFF LL_CACHE_RD: 7, DIFF LL_CACHE_MISS_RD: 5, MISS_RATE: 71.43%
[cur diff] DIFF L2D_CACHE_REFILL: 3
[cur diff] DIFF L2D_CACHE_INVAL: 0
[max diff] DIFF LL_CACHE_RD: 152, DIFF LL_CACHE_MISS_RD: 123, MISS_RATE: 80.92%
[max diff] DIFF L2D_CACHE_REFILL: 123
[max diff] DIFF L2D_CACHE_INVAL: 0

===========================================================
taskpendcnt:277823
t0:3166 ns
t1:4000 ns
t2:100958 ns
benchmark: Franka-derived Cartesian-impedance kernel, input trace:8, timer period:1.000 ms
controller source: franka_ros2 jazzy@73a1501d, updates:277846, SVD sweeps:5
pose error:[0.010000 0.015000 0.010000 -0.000000 0.049979 -0.000000]
tau[0:6]:[-2.781770 -1.613002 -1.930139 -1.581803 -1.382951 -0.390599 -0.663394]
kernel exec min/avg/max: 94.50 / 97.37 / 123.08 us, samples:277856
pressure status:1, copy rounds total/window:1178/9, 3.97 rounds/s
pressure logical copy:11780.00 MiB total, approx 39.69 MiB/s, checksum:1568732610560
pressure report window:2.267395 s
t0_region>
[1]:51128
[2]:98562
[3]:82048
[4]:21466
[5]:4302
[6]:2920
[7]:4097
[8]:5358
[9]:3285
[10]:1380
[11]:933
[12]:673
[13]:581
[14]:415
[15]:273
[16]:194
[17]:111
[18]:83
[19]:28
[20]:13
[21]:5
[22]:3
[24]:1
[25]:7
[26]:1
[27]:2
[28]:2
[30]:2
[31]:2
[32]:1
[33]:2
[35]:1
[36]:1

t1_region>
[2]:1733
[3]:17567
[4]:21562
[5]:20742
[6]:38331
[7]:54084
[8]:53828
[9]:29782
[10]:11827
[11]:3786
[12]:1740
[13]:1379
[14]:1331
[15]:1477
[16]:2415
[17]:3899
[18]:3241
[19]:1565
[20]:797
[21]:653
[22]:643
[23]:617
[24]:592
[25]:512
[26]:474
[27]:483
[28]:429
[29]:357
[30]:326
[31]:329
[32]:284
[33]:230
[34]:218
[35]:173
[36]:160
[37]:106
[38]:72
[39]:39
[40]:30
[41]:19
[42]:18
[43]:8
[44]:8
[45]:6
[46]:7
[47]:3
[48]:2
[49]:2
[53]:1
[54]:1
[55]:1
[56]:1
[58]:2
[59]:3
[61]:2
[64]:3
[65]:2
[68]:3
[69]:2
[70]:1

t2_region>
[97]:332
[98]:5874
[99]:7292
[100]:14997
[101]:19221
[102]:24078
[103]:32029
[104]:40156
[105]:45902
[106]:31049
[107]:13397
[108]:7144
[109]:6122
[110]:4785
[111]:2779
[112]:1686
[113]:1595
[114]:2423
[115]:3002
[116]:2433
[117]:1356
[118]:955
[119]:1000
[120]:819
[121]:684
[122]:578
[123]:537
[124]:517
[125]:490
[126]:436
[127]:407
[128]:419
[129]:386
[130]:352
[131]:355
[132]:291
[133]:319
[134]:275
[135]:233
[136]:199
[137]:181
[138]:142
[139]:125
[140]:114
[141]:85
[142]:72
[143]:58
[144]:53
[145]:57
[146]:34
[147]:28
[148]:24
[149]:16
[150]:14
[151]:8
[152]:6
[153]:7
[154]:5
[156]:2
[157]:1
[159]:1
[160]:2
[161]:3
[163]:2
[165]:1
[166]:2
[167]:2
[168]:2
[170]:2
[172]:1
[173]:3
[174]:2
[177]:1
[179]:1

t0_min: 1.08 us, round:1998
t0_max: 36.33 us, round:33927
t0_jitter: 35.25 us

t1_min: 2.67 us, round:2027
t1_max: 70.46 us, round:33927
t1_jitter: 67.79 us

t2_min: 97.29 us, round:6326
t2_max: 179.25 us, round:33927
t2_jitter: 81.96 us

PMU diff samples: 278048
AVG DIFF LL_CACHE_RD: 99.21
AVG DIFF LL_CACHE_MISS_RD: 42.73
AVG DIFF L2D_CACHE_REFILL: 42.85
AVG DIFF L2D_CACHE_INVAL: 0.00
[cur diff] DIFF LL_CACHE_RD: 8, DIFF LL_CACHE_MISS_RD: 6, MISS_RATE: 75.00%
[cur diff] DIFF L2D_CACHE_REFILL: 2
[cur diff] DIFF L2D_CACHE_INVAL: 0
[max diff] DIFF LL_CACHE_RD: 152, DIFF LL_CACHE_MISS_RD: 123, MISS_RATE: 80.92%
[max diff] DIFF L2D_CACHE_REFILL: 123
[max diff] DIFF L2D_CACHE_INVAL: 0

===========================================================
taskpendcnt:280090
t0:3333 ns
t1:6958 ns
t2:99375 ns
benchmark: Franka-derived Cartesian-impedance kernel, input trace:8, timer period:1.000 ms
controller source: franka_ros2 jazzy@73a1501d, updates:280113, SVD sweeps:5
pose error:[0.010000 0.015000 0.010000 -0.000000 0.049979 -0.000000]
tau[0:6]:[-0.274004 -0.324180 0.001577 -0.231466 0.050986 -0.328952 0.010844]
kernel exec min/avg/max: 94.50 / 97.37 / 123.08 us, samples:280122
pressure status:1, copy rounds total/window:1188/10, 4.41 rounds/s
pressure logical copy:11880.00 MiB total, approx 44.12 MiB/s, checksum:1582049525760
pressure report window:2.266618 s
t0_region>
[1]:51496
[2]:99442
[3]:82797
[4]:21638
[5]:4318
[6]:2929
[7]:4111
[8]:5391
[9]:3304
[10]:1386
[11]:933
[12]:673
[13]:581
[14]:415
[15]:273
[16]:194
[17]:111
[18]:83
[19]:28
[20]:13
[21]:5
[22]:3
[24]:1
[25]:7
[26]:1
[27]:2
[28]:2
[30]:2
[31]:2
[32]:1
[33]:2
[35]:1
[36]:1

t1_region>
[2]:1748
[3]:17689
[4]:21688
[5]:20907
[6]:38674
[7]:54592
[8]:54339
[9]:30056
[10]:11920
[11]:3802
[12]:1747
[13]:1383
[14]:1334
[15]:1483
[16]:2429
[17]:3925
[18]:3263
[19]:1573
[20]:800
[21]:653
[22]:643
[23]:617
[24]:592
[25]:512
[26]:474
[27]:483
[28]:429
[29]:357
[30]:326
[31]:329
[32]:284
[33]:230
[34]:218
[35]:173
[36]:160
[37]:106
[38]:72
[39]:39
[40]:30
[41]:19
[42]:18
[43]:8
[44]:8
[45]:6
[46]:7
[47]:3
[48]:2
[49]:2
[53]:1
[54]:1
[55]:1
[56]:1
[58]:2
[59]:3
[61]:2
[64]:3
[65]:2
[68]:3
[69]:2
[70]:1

t2_region>
[97]:332
[98]:5893
[99]:7345
[100]:15115
[101]:19348
[102]:24281
[103]:32307
[104]:40531
[105]:46334
[106]:31345
[107]:13527
[108]:7212
[109]:6164
[110]:4816
[111]:2792
[112]:1690
[113]:1599
[114]:2438
[115]:3021
[116]:2451
[117]:1365
[118]:961
[119]:1005
[120]:820
[121]:685
[122]:578
[123]:537
[124]:517
[125]:490
[126]:436
[127]:407
[128]:419
[129]:386
[130]:352
[131]:355
[132]:291
[133]:319
[134]:275
[135]:233
[136]:199
[137]:181
[138]:142
[139]:125
[140]:114
[141]:85
[142]:72
[143]:58
[144]:53
[145]:57
[146]:34
[147]:28
[148]:24
[149]:16
[150]:14
[151]:8
[152]:6
[153]:7
[154]:5
[156]:2
[157]:1
[159]:1
[160]:2
[161]:3
[163]:2
[165]:1
[166]:2
[167]:2
[168]:2
[170]:2
[172]:1
[173]:3
[174]:2
[177]:1
[179]:1

t0_min: 1.08 us, round:1998
t0_max: 36.33 us, round:33927
t0_jitter: 35.25 us

t1_min: 2.67 us, round:2027
t1_max: 70.46 us, round:33927
t1_jitter: 67.79 us

t2_min: 97.29 us, round:6326
t2_max: 179.25 us, round:33927
t2_jitter: 81.96 us

PMU diff samples: 280314
AVG DIFF LL_CACHE_RD: 99.21
AVG DIFF LL_CACHE_MISS_RD: 42.73
AVG DIFF L2D_CACHE_REFILL: 42.85
AVG DIFF L2D_CACHE_INVAL: 0.00
[cur diff] DIFF LL_CACHE_RD: 6, DIFF LL_CACHE_MISS_RD: 4, MISS_RATE: 66.67%
[cur diff] DIFF L2D_CACHE_REFILL: 3
[cur diff] DIFF L2D_CACHE_INVAL: 0
[max diff] DIFF LL_CACHE_RD: 152, DIFF LL_CACHE_MISS_RD: 123, MISS_RATE: 80.92%
[max diff] DIFF L2D_CACHE_REFILL: 123
[max diff] DIFF L2D_CACHE_INVAL: 0

===========================================================
taskpendcnt:282357
t0:3500 ns
t1:5083 ns
t2:102041 ns
benchmark: Franka-derived Cartesian-impedance kernel, input trace:8, timer period:1.000 ms
controller source: franka_ros2 jazzy@73a1501d, updates:282380, SVD sweeps:5
pose error:[0.010000 0.015000 0.010000 -0.000000 0.049979 -0.000000]
tau[0:6]:[1.376914 -0.104433 0.790225 0.843903 0.642107 -0.956178 0.423547]
kernel exec min/avg/max: 94.50 / 97.37 / 123.08 us, samples:282389
pressure status:1, copy rounds total/window:1197/9, 3.97 rounds/s
pressure logical copy:11970.00 MiB total, approx 39.70 MiB/s, checksum:1594034749440
pressure report window:2.266840 s
t0_region>
[1]:51869
[2]:100353
[3]:83518
[4]:21785
[5]:4335
[6]:2941
[7]:4137
[8]:5429
[9]:3323
[10]:1388
[11]:933
[12]:673
[13]:581
[14]:415
[15]:273
[16]:194
[17]:111
[18]:83
[19]:28
[20]:13
[21]:5
[22]:3
[24]:1
[25]:7
[26]:1
[27]:2
[28]:2
[30]:2
[31]:2
[32]:1
[33]:2
[35]:1
[36]:1

t1_region>
[2]:1754
[3]:17824
[4]:21818
[5]:21074
[6]:39036
[7]:55131
[8]:54818
[9]:30283
[10]:12008
[11]:3830
[12]:1750
[13]:1389
[14]:1339
[15]:1492
[16]:2449
[17]:3953
[18]:3289
[19]:1582
[20]:800
[21]:653
[22]:643
[23]:617
[24]:592
[25]:512
[26]:474
[27]:483
[28]:429
[29]:357
[30]:326
[31]:329
[32]:284
[33]:230
[34]:218
[35]:173
[36]:160
[37]:106
[38]:72
[39]:39
[40]:30
[41]:19
[42]:18
[43]:8
[44]:8
[45]:6
[46]:7
[47]:3
[48]:2
[49]:2
[53]:1
[54]:1
[55]:1
[56]:1
[58]:2
[59]:3
[61]:2
[64]:3
[65]:2
[68]:3
[69]:2
[70]:1

t2_region>
[97]:332
[98]:5909
[99]:7400
[100]:15226
[101]:19505
[102]:24464
[103]:32622
[104]:40945
[105]:46750
[106]:31594
[107]:13628
[108]:7270
[109]:6208
[110]:4841
[111]:2811
[112]:1701
[113]:1609
[114]:2458
[115]:3046
[116]:2464
[117]:1372
[118]:967
[119]:1011
[120]:821
[121]:689
[122]:578
[123]:537
[124]:517
[125]:490
[126]:436
[127]:407
[128]:419
[129]:386
[130]:352
[131]:355
[132]:291
[133]:319
[134]:275
[135]:233
[136]:199
[137]:181
[138]:142
[139]:125
[140]:114
[141]:85
[142]:72
[143]:58
[144]:53
[145]:57
[146]:34
[147]:28
[148]:24
[149]:16
[150]:14
[151]:8
[152]:6
[153]:7
[154]:5
[156]:2
[157]:1
[159]:1
[160]:2
[161]:3
[163]:2
[165]:1
[166]:2
[167]:2
[168]:2
[170]:2
[172]:1
[173]:3
[174]:2
[177]:1
[179]:1

t0_min: 1.08 us, round:1998
t0_max: 36.33 us, round:33927
t0_jitter: 35.25 us

t1_min: 2.67 us, round:2027
t1_max: 70.46 us, round:33927
t1_jitter: 67.79 us

t2_min: 97.29 us, round:6326
t2_max: 179.25 us, round:33927
t2_jitter: 81.96 us

PMU diff samples: 282581
AVG DIFF LL_CACHE_RD: 99.20
AVG DIFF LL_CACHE_MISS_RD: 42.73
AVG DIFF L2D_CACHE_REFILL: 42.84
AVG DIFF L2D_CACHE_INVAL: 0.00
[cur diff] DIFF LL_CACHE_RD: 4, DIFF LL_CACHE_MISS_RD: 2, MISS_RATE: 50.00%
[cur diff] DIFF L2D_CACHE_REFILL: 4
[cur diff] DIFF L2D_CACHE_INVAL: 0
[max diff] DIFF LL_CACHE_RD: 152, DIFF LL_CACHE_MISS_RD: 123, MISS_RATE: 80.92%
[max diff] DIFF L2D_CACHE_REFILL: 123
[max diff] DIFF L2D_CACHE_INVAL: 0

===========================================================
taskpendcnt:284624
t0:3666 ns
t1:4666 ns
t2:101916 ns
benchmark: Franka-derived Cartesian-impedance kernel, input trace:8, timer period:1.000 ms
controller source: franka_ros2 jazzy@73a1501d, updates:284647, SVD sweeps:5
pose error:[0.010000 0.015000 0.010000 -0.000000 0.049979 -0.000000]
tau[0:6]:[-2.379368 -1.292411 -1.655224 -1.570015 -1.185234 -0.066588 -0.610247]
kernel exec min/avg/max: 94.50 / 97.37 / 123.08 us, samples:284656
pressure status:1, copy rounds total/window:1207/10, 4.41 rounds/s
pressure logical copy:12070.00 MiB total, approx 44.10 MiB/s, checksum:1607351664640
pressure report window:2.267414 s
t0_region>
[1]:52245
[2]:101187
[3]:84302
[4]:21949
[5]:4353
[6]:2952
[7]:4157
[8]:5472
[9]:3338
[10]:1391
[11]:933
[12]:673
[13]:581
[14]:415
[15]:273
[16]:194
[17]:111
[18]:83
[19]:28
[20]:13
[21]:5
[22]:3
[24]:1
[25]:7
[26]:1
[27]:2
[28]:2
[30]:2
[31]:2
[32]:1
[33]:2
[35]:1
[36]:1

t1_region>
[2]:1765
[3]:17938
[4]:21973
[5]:21234
[6]:39361
[7]:55625
[8]:55293
[9]:30575
[10]:12128
[11]:3851
[12]:1753
[13]:1398
[14]:1345
[15]:1498
[16]:2464
[17]:3984
[18]:3314
[19]:1588
[20]:800
[21]:653
[22]:643
[23]:617
[24]:592
[25]:512
[26]:474
[27]:483
[28]:429
[29]:357
[30]:326
[31]:329
[32]:284
[33]:230
[34]:218
[35]:173
[36]:160
[37]:106
[38]:72
[39]:39
[40]:30
[41]:19
[42]:18
[43]:8
[44]:8
[45]:6
[46]:7
[47]:3
[48]:2
[49]:2
[53]:1
[54]:1
[55]:1
[56]:1
[58]:2
[59]:3
[61]:2
[64]:3
[65]:2
[68]:3
[69]:2
[70]:1

t2_region>
[97]:332
[98]:5936
[99]:7434
[100]:15330
[101]:19677
[102]:24669
[103]:32893
[104]:41287
[105]:47156
[106]:31902
[107]:13747
[108]:7328
[109]:6263
[110]:4893
[111]:2829
[112]:1711
[113]:1619
[114]:2472
[115]:3068
[116]:2481
[117]:1378
[118]:972
[119]:1013
[120]:826
[121]:692
[122]:580
[123]:537
[124]:517
[125]:490
[126]:436
[127]:407
[128]:419
[129]:386
[130]:352
[131]:355
[132]:291
[133]:319
[134]:275
[135]:233
[136]:199
[137]:181
[138]:142
[139]:125
[140]:114
[141]:85
[142]:72
[143]:58
[144]:53
[145]:57
[146]:34
[147]:28
[148]:24
[149]:16
[150]:14
[151]:8
[152]:6
[153]:7
[154]:5
[156]:2
[157]:1
[159]:1
[160]:2
[161]:3
[163]:2
[165]:1
[166]:2
[167]:2
[168]:2
[170]:2
[172]:1
[173]:3
[174]:2
[177]:1
[179]:1

t0_min: 1.08 us, round:1998
t0_max: 36.33 us, round:33927
t0_jitter: 35.25 us

t1_min: 2.67 us, round:2027
t1_max: 70.46 us, round:33927
t1_jitter: 67.79 us

t2_min: 97.29 us, round:6326
t2_max: 179.25 us, round:33927
t2_jitter: 81.96 us

PMU diff samples: 284849
AVG DIFF LL_CACHE_RD: 99.21
AVG DIFF LL_CACHE_MISS_RD: 42.73
AVG DIFF L2D_CACHE_REFILL: 42.85
AVG DIFF L2D_CACHE_INVAL: 0.00
[cur diff] DIFF LL_CACHE_RD: 5, DIFF LL_CACHE_MISS_RD: 5, MISS_RATE: 100.00%
[cur diff] DIFF L2D_CACHE_REFILL: 0
[cur diff] DIFF L2D_CACHE_INVAL: 0
[max diff] DIFF LL_CACHE_RD: 152, DIFF LL_CACHE_MISS_RD: 123, MISS_RATE: 80.92%
[max diff] DIFF L2D_CACHE_REFILL: 123
[max diff] DIFF L2D_CACHE_INVAL: 0

===========================================================
taskpendcnt:286891
t0:3250 ns
t1:5708 ns
t2:100333 ns
benchmark: Franka-derived Cartesian-impedance kernel, input trace:8, timer period:1.000 ms
controller source: franka_ros2 jazzy@73a1501d, updates:286914, SVD sweeps:5
pose error:[0.010000 0.015000 0.010000 -0.000000 0.049979 -0.000000]
tau[0:6]:[0.839771 0.130674 0.617691 0.624912 0.653099 -0.592692 0.265887]
kernel exec min/avg/max: 94.50 / 97.37 / 123.08 us, samples:286923
pressure status:1, copy rounds total/window:1217/10, 4.41 rounds/s
pressure logical copy:12170.00 MiB total, approx 44.12 MiB/s, checksum:1620668579840
pressure report window:2.266440 s
t0_region>
[1]:52623
[2]:102033
[3]:85022
[4]:22156
[5]:4383
[6]:2962
[7]:4179
[8]:5504
[9]:3357
[10]:1392
[11]:934
[12]:673
[13]:581
[14]:415
[15]:273
[16]:194
[17]:111
[18]:83
[19]:28
[20]:13
[21]:5
[22]:3
[24]:1
[25]:7
[26]:1
[27]:2
[28]:2
[30]:2
[31]:2
[32]:1
[33]:2
[35]:1
[36]:1

t1_region>
[2]:1778
[3]:18052
[4]:22132
[5]:21410
[6]:39686
[7]:56110
[8]:55751
[9]:30859
[10]:12243
[11]:3897
[12]:1756
[13]:1402
[14]:1348
[15]:1509
[16]:2474
[17]:4013
[18]:3329
[19]:1600
[20]:803
[21]:653
[22]:644
[23]:617
[24]:592
[25]:512
[26]:474
[27]:483
[28]:429
[29]:357
[30]:326
[31]:329
[32]:284
[33]:230
[34]:218
[35]:173
[36]:160
[37]:106
[38]:72
[39]:39
[40]:30
[41]:19
[42]:18
[43]:8
[44]:8
[45]:6
[46]:7
[47]:3
[48]:2
[49]:2
[53]:1
[54]:1
[55]:1
[56]:1
[58]:2
[59]:3
[61]:2
[64]:3
[65]:2
[68]:3
[69]:2
[70]:1

t2_region>
[97]:332
[98]:5952
[99]:7486
[100]:15433
[101]:19861
[102]:24870
[103]:33153
[104]:41630
[105]:47575
[106]:32186
[107]:13879
[108]:7394
[109]:6312
[110]:4933
[111]:2853
[112]:1724
[113]:1629
[114]:2487
[115]:3090
[116]:2497
[117]:1385
[118]:979
[119]:1015
[120]:827
[121]:693
[122]:580
[123]:537
[124]:517
[125]:490
[126]:436
[127]:407
[128]:419
[129]:386
[130]:352
[131]:355
[132]:291
[133]:319
[134]:275
[135]:233
[136]:199
[137]:181
[138]:142
[139]:125
[140]:114
[141]:85
[142]:72
[143]:58
[144]:53
[145]:57
[146]:34
[147]:28
[148]:24
[149]:16
[150]:14
[151]:8
[152]:6
[153]:7
[154]:5
[156]:2
[157]:1
[159]:1
[160]:2
[161]:3
[163]:2
[165]:1
[166]:2
[167]:2
[168]:2
[170]:2
[172]:1
[173]:3
[174]:2
[177]:1
[179]:1

t0_min: 1.08 us, round:1998
t0_max: 36.33 us, round:33927
t0_jitter: 35.25 us

t1_min: 2.67 us, round:2027
t1_max: 70.46 us, round:33927
t1_jitter: 67.79 us

t2_min: 97.29 us, round:6326
t2_max: 179.25 us, round:33927
t2_jitter: 81.96 us

PMU diff samples: 287115
AVG DIFF LL_CACHE_RD: 99.20
AVG DIFF LL_CACHE_MISS_RD: 42.73
AVG DIFF L2D_CACHE_REFILL: 42.85
AVG DIFF L2D_CACHE_INVAL: 0.00
[cur diff] DIFF LL_CACHE_RD: 7, DIFF LL_CACHE_MISS_RD: 6, MISS_RATE: 85.71%
[cur diff] DIFF L2D_CACHE_REFILL: 1
[cur diff] DIFF L2D_CACHE_INVAL: 0
[max diff] DIFF LL_CACHE_RD: 152, DIFF LL_CACHE_MISS_RD: 123, MISS_RATE: 80.92%
[max diff] DIFF L2D_CACHE_REFILL: 123
[max diff] DIFF L2D_CACHE_INVAL: 0

===========================================================
taskpendcnt:289158
t0:2541 ns
t1:5000 ns
t2:102541 ns
benchmark: Franka-derived Cartesian-impedance kernel, input trace:8, timer period:1.000 ms
controller source: franka_ros2 jazzy@73a1501d, updates:289181, SVD sweeps:5
pose error:[0.010000 0.015000 0.010000 -0.000000 0.049979 -0.000000]
tau[0:6]:[-0.567483 -0.552304 -0.482512 -0.231067 -0.297494 -0.656094 -0.085004]
kernel exec min/avg/max: 94.50 / 97.37 / 123.08 us, samples:289190
pressure status:1, copy rounds total/window:1226/9, 3.97 rounds/s
pressure logical copy:12260.00 MiB total, approx 39.69 MiB/s, checksum:1632653803520
pressure report window:2.267475 s
t0_region>
[1]:52968
[2]:102887
[3]:85790
[4]:22349
[5]:4406
[6]:2971
[7]:4198
[8]:5545
[9]:3371
[10]:1394
[11]:934
[12]:673
[13]:581
[14]:415
[15]:273
[16]:194
[17]:111
[18]:83
[19]:28
[20]:13
[21]:5
[22]:3
[24]:1
[25]:7
[26]:1
[27]:2
[28]:2
[30]:2
[31]:2
[32]:1
[33]:2
[35]:1
[36]:1

t1_region>
[2]:1791
[3]:18161
[4]:22279
[5]:21583
[6]:40028
[7]:56563
[8]:56252
[9]:31163
[10]:12340
[11]:3926
[12]:1766
[13]:1411
[14]:1350
[15]:1514
[16]:2488
[17]:4036
[18]:3358
[19]:1607
[20]:804
[21]:653
[22]:644
[23]:617
[24]:592
[25]:512
[26]:474
[27]:483
[28]:429
[29]:357
[30]:326
[31]:329
[32]:284
[33]:230
[34]:218
[35]:173
[36]:160
[37]:106
[38]:72
[39]:39
[40]:30
[41]:19
[42]:18
[43]:8
[44]:8
[45]:6
[46]:7
[47]:3
[48]:2
[49]:2
[53]:1
[54]:1
[55]:1
[56]:1
[58]:2
[59]:3
[61]:2
[64]:3
[65]:2
[68]:3
[69]:2
[70]:1

t2_region>
[97]:332
[98]:5974
[99]:7533
[100]:15541
[101]:20012
[102]:25072
[103]:33425
[104]:41983
[105]:47992
[106]:32474
[107]:14027
[108]:7450
[109]:6365
[110]:4983
[111]:2872
[112]:1729
[113]:1635
[114]:2501
[115]:3110
[116]:2519
[117]:1392
[118]:981
[119]:1019
[120]:829
[121]:693
[122]:580
[123]:537
[124]:517
[125]:490
[126]:436
[127]:407
[128]:419
[129]:386
[130]:352
[131]:355
[132]:291
[133]:319
[134]:275
[135]:233
[136]:199
[137]:181
[138]:142
[139]:125
[140]:114
[141]:85
[142]:72
[143]:58
[144]:53
[145]:57
[146]:34
[147]:28
[148]:24
[149]:16
[150]:14
[151]:8
[152]:6
[153]:7
[154]:5
[156]:2
[157]:1
[159]:1
[160]:2
[161]:3
[163]:2
[165]:1
[166]:2
[167]:2
[168]:2
[170]:2
[172]:1
[173]:3
[174]:2
[177]:1
[179]:1

t0_min: 1.08 us, round:1998
t0_max: 36.33 us, round:33927
t0_jitter: 35.25 us

t1_min: 2.67 us, round:2027
t1_max: 70.46 us, round:33927
t1_jitter: 67.79 us

t2_min: 97.29 us, round:6326
t2_max: 179.25 us, round:33927
t2_jitter: 81.96 us

PMU diff samples: 289383
AVG DIFF LL_CACHE_RD: 99.19
AVG DIFF LL_CACHE_MISS_RD: 42.72
AVG DIFF L2D_CACHE_REFILL: 42.84
AVG DIFF L2D_CACHE_INVAL: 0.00
[cur diff] DIFF LL_CACHE_RD: 12, DIFF LL_CACHE_MISS_RD: 8, MISS_RATE: 66.67%
[cur diff] DIFF L2D_CACHE_REFILL: 2
[cur diff] DIFF L2D_CACHE_INVAL: 0
[max diff] DIFF LL_CACHE_RD: 152, DIFF LL_CACHE_MISS_RD: 123, MISS_RATE: 80.92%
[max diff] DIFF L2D_CACHE_REFILL: 123
[max diff] DIFF L2D_CACHE_INVAL: 0

===========================================================
taskpendcnt:291425
t0:3583 ns
t1:4583 ns
t2:101833 ns
benchmark: Franka-derived Cartesian-impedance kernel, input trace:8, timer period:1.000 ms
controller source: franka_ros2 jazzy@73a1501d, updates:291448, SVD sweeps:5
pose error:[0.010000 0.015000 0.010000 -0.000000 0.049979 -0.000000]
tau[0:6]:[-1.839419 -0.921560 -1.193198 -1.195971 -0.861243 0.113634 -0.461388]
kernel exec min/avg/max: 94.50 / 97.37 / 123.08 us, samples:291457
pressure status:1, copy rounds total/window:1236/10, 4.41 rounds/s
pressure logical copy:12360.00 MiB total, approx 44.11 MiB/s, checksum:1645970718720
pressure report window:2.266904 s
t0_region>
[1]:53324
[2]:103820
[3]:86501
[4]:22494
[5]:4431
[6]:2983
[7]:4216
[8]:5580
[9]:3401
[10]:1396
[11]:934
[12]:673
[13]:581
[14]:415
[15]:273
[16]:194
[17]:111
[18]:83
[19]:28
[20]:13
[21]:5
[22]:3
[24]:1
[25]:7
[26]:1
[27]:2
[28]:2
[30]:2
[31]:2
[32]:1
[33]:2
[35]:1
[36]:1

t1_region>
[2]:1801
[3]:18273
[4]:22419
[5]:21771
[6]:40384
[7]:57031
[8]:56775
[9]:31422
[10]:12418
[11]:3947
[12]:1778
[13]:1416
[14]:1354
[15]:1519
[16]:2505
[17]:4060
[18]:3392
[19]:1617
[20]:805
[21]:653
[22]:644
[23]:617
[24]:592
[25]:512
[26]:474
[27]:483
[28]:429
[29]:357
[30]:326
[31]:329
[32]:284
[33]:230
[34]:218
[35]:173
[36]:160
[37]:106
[38]:72
[39]:39
[40]:30
[41]:19
[42]:18
[43]:8
[44]:8
[45]:6
[46]:7
[47]:3
[48]:2
[49]:2
[53]:1
[54]:1
[55]:1
[56]:1
[58]:2
[59]:3
[61]:2
[64]:3
[65]:2
[68]:3
[69]:2
[70]:1

t2_region>
[97]:332
[98]:5996
[99]:7574
[100]:15645
[101]:20174
[102]:25279
[103]:33697
[104]:42337
[105]:48444
[106]:32774
[107]:14132
[108]:7520
[109]:6401
[110]:5014
[111]:2884
[112]:1735
[113]:1641
[114]:2517
[115]:3135
[116]:2534
[117]:1406
[118]:985
[119]:1026
[120]:833
[121]:694
[122]:581
[123]:537
[124]:517
[125]:490
[126]:436
[127]:407
[128]:419
[129]:386
[130]:352
[131]:355
[132]:291
[133]:319
[134]:275
[135]:233
[136]:199
[137]:181
[138]:142
[139]:125
[140]:114
[141]:85
[142]:72
[143]:58
[144]:53
[145]:57
[146]:34
[147]:28
[148]:24
[149]:16
[150]:14
[151]:8
[152]:6
[153]:7
[154]:5
[156]:2
[157]:1
[159]:1
[160]:2
[161]:3
[163]:2
[165]:1
[166]:2
[167]:2
[168]:2
[170]:2
[172]:1
[173]:3
[174]:2
[177]:1
[179]:1

t0_min: 1.08 us, round:1998
t0_max: 36.33 us, round:33927
t0_jitter: 35.25 us

t1_min: 2.67 us, round:2027
t1_max: 70.46 us, round:33927
t1_jitter: 67.79 us

t2_min: 97.29 us, round:6326
t2_max: 179.25 us, round:33927
t2_jitter: 81.96 us

PMU diff samples: 291650
AVG DIFF LL_CACHE_RD: 99.19
AVG DIFF LL_CACHE_MISS_RD: 42.72
AVG DIFF L2D_CACHE_REFILL: 42.84
AVG DIFF L2D_CACHE_INVAL: 0.00
[cur diff] DIFF LL_CACHE_RD: 7, DIFF LL_CACHE_MISS_RD: 5, MISS_RATE: 71.43%
[cur diff] DIFF L2D_CACHE_REFILL: 1
[cur diff] DIFF L2D_CACHE_INVAL: 0
[max diff] DIFF LL_CACHE_RD: 152, DIFF LL_CACHE_MISS_RD: 123, MISS_RATE: 80.92%
[max diff] DIFF L2D_CACHE_REFILL: 123
[max diff] DIFF L2D_CACHE_INVAL: 0

===========================================================
taskpendcnt:293692
t0:2583 ns
t1:4750 ns
t2:101708 ns
benchmark: Franka-derived Cartesian-impedance kernel, input trace:8, timer period:1.000 ms
controller source: franka_ros2 jazzy@73a1501d, updates:293714, SVD sweeps:5
pose error:[0.010000 0.015000 0.010000 -0.000000 0.049979 -0.000000]
tau[0:6]:[1.228026 0.081850 0.819520 0.875435 0.745706 -0.833381 0.398995]
kernel exec min/avg/max: 94.50 / 97.37 / 123.08 us, samples:293724
pressure status:1, copy rounds total/window:1246/10, 4.41 rounds/s
pressure logical copy:12460.00 MiB total, approx 44.12 MiB/s, checksum:1659287633920
pressure report window:2.266487 s
t0_region>
[1]:53704
[2]:104726
[3]:87209
[4]:22669
[5]:4444
[6]:2994
[7]:4246
[8]:5604
[9]:3418
[10]:1398
[11]:934
[12]:673
[13]:581
[14]:415
[15]:273
[16]:194
[17]:111
[18]:83
[19]:28
[20]:13
[21]:5
[22]:3
[24]:1
[25]:7
[26]:1
[27]:2
[28]:2
[30]:2
[31]:2
[32]:1
[33]:2
[35]:1
[36]:1

t1_region>
[2]:1818
[3]:18384
[4]:22565
[5]:21969
[6]:40753
[7]:57536
[8]:57222
[9]:31682
[10]:12521
[11]:3964
[12]:1781
[13]:1424
[14]:1357
[15]:1523
[16]:2528
[17]:4086
[18]:3414
[19]:1622
[20]:805
[21]:653
[22]:644
[23]:617
[24]:592
[25]:512
[26]:474
[27]:483
[28]:429
[29]:357
[30]:326
[31]:329
[32]:284
[33]:230
[34]:218
[35]:173
[36]:160
[37]:106
[38]:72
[39]:39
[40]:30
[41]:19
[42]:18
[43]:8
[44]:8
[45]:6
[46]:7
[47]:3
[48]:2
[49]:2
[53]:1
[54]:1
[55]:1
[56]:1
[58]:2
[59]:3
[61]:2
[64]:3
[65]:2
[68]:3
[69]:2
[70]:1

t2_region>
[97]:332
[98]:6015
[99]:7621
[100]:15742
[101]:20355
[102]:25523
[103]:33982
[104]:42724
[105]:48850
[106]:33027
[107]:14217
[108]:7574
[109]:6459
[110]:5060
[111]:2906
[112]:1740
[113]:1652
[114]:2533
[115]:3147
[116]:2549
[117]:1415
[118]:989
[119]:1032
[120]:837
[121]:696
[122]:581
[123]:537
[124]:517
[125]:490
[126]:436
[127]:407
[128]:419
[129]:386
[130]:352
[131]:355
[132]:291
[133]:319
[134]:275
[135]:233
[136]:199
[137]:181
[138]:142
[139]:125
[140]:114
[141]:85
[142]:72
[143]:58
[144]:53
[145]:57
[146]:34
[147]:28
[148]:24
[149]:16
[150]:14
[151]:8
[152]:6
[153]:7
[154]:5
[156]:2
[157]:1
[159]:1
[160]:2
[161]:3
[163]:2
[165]:1
[166]:2
[167]:2
[168]:2
[170]:2
[172]:1
[173]:3
[174]:2
[177]:1
[179]:1

t0_min: 1.08 us, round:1998
t0_max: 36.33 us, round:33927
t0_jitter: 35.25 us

t1_min: 2.67 us, round:2027
t1_max: 70.46 us, round:33927
t1_jitter: 67.79 us

t2_min: 97.29 us, round:6326
t2_max: 179.25 us, round:33927
t2_jitter: 81.96 us

PMU diff samples: 293916
AVG DIFF LL_CACHE_RD: 99.18
AVG DIFF LL_CACHE_MISS_RD: 42.71
AVG DIFF L2D_CACHE_REFILL: 42.83
AVG DIFF L2D_CACHE_INVAL: 0.00
[cur diff] DIFF LL_CACHE_RD: 5, DIFF LL_CACHE_MISS_RD: 4, MISS_RATE: 80.00%
[cur diff] DIFF L2D_CACHE_REFILL: 3
[cur diff] DIFF L2D_CACHE_INVAL: 0
[max diff] DIFF LL_CACHE_RD: 152, DIFF LL_CACHE_MISS_RD: 123, MISS_RATE: 80.92%
[max diff] DIFF L2D_CACHE_REFILL: 123
[max diff] DIFF L2D_CACHE_INVAL: 0

===========================================================
taskpendcnt:295959
t0:3041 ns
t1:4333 ns
t2:101583 ns
benchmark: Franka-derived Cartesian-impedance kernel, input trace:8, timer period:1.000 ms
controller source: franka_ros2 jazzy@73a1501d, updates:295981, SVD sweeps:5
pose error:[0.010000 0.015000 0.010000 -0.000000 0.049979 -0.000000]
tau[0:6]:[-2.781770 -1.613002 -1.930139 -1.581803 -1.382951 -0.390599 -0.663394]
kernel exec min/avg/max: 94.50 / 97.37 / 123.08 us, samples:295991
pressure status:1, copy rounds total/window:1255/9, 3.97 rounds/s
pressure logical copy:12550.00 MiB total, approx 39.69 MiB/s, checksum:1671272857600
pressure report window:2.267522 s
t0_region>
[1]:54085
[2]:105573
[3]:87940
[4]:22864
[5]:4462
[6]:3009
[7]:4261
[8]:5638
[9]:3444
[10]:1404
[11]:934
[12]:673
[13]:581
[14]:415
[15]:273
[16]:194
[17]:111
[18]:83
[19]:28
[20]:13
[21]:5
[22]:3
[24]:1
[25]:7
[26]:1
[27]:2
[28]:2
[30]:2
[31]:2
[32]:1
[33]:2
[35]:1
[36]:1

t1_region>
[2]:1831
[3]:18497
[4]:22718
[5]:22165
[6]:41081
[7]:58005
[8]:57701
[9]:31951
[10]:12629
[11]:3994
[12]:1790
[13]:1427
[14]:1364
[15]:1532
[16]:2542
[17]:4121
[18]:3432
[19]:1636
[20]:805
[21]:653
[22]:644
[23]:617
[24]:592
[25]:512
[26]:474
[27]:483
[28]:429
[29]:357
[30]:326
[31]:329
[32]:284
[33]:230
[34]:218
[35]:173
[36]:160
[37]:106
[38]:72
[39]:39
[40]:30
[41]:19
[42]:18
[43]:8
[44]:8
[45]:6
[46]:7
[47]:3
[48]:2
[49]:2
[53]:1
[54]:1
[55]:1
[56]:1
[58]:2
[59]:3
[61]:2
[64]:3
[65]:2
[68]:3
[69]:2
[70]:1

t2_region>
[97]:332
[98]:6033
[99]:7665
[100]:15852
[101]:20539
[102]:25735
[103]:34272
[104]:43062
[105]:49259
[106]:33293
[107]:14329
[108]:7625
[109]:6529
[110]:5103
[111]:2925
[112]:1751
[113]:1663
[114]:2551
[115]:3166
[116]:2566
[117]:1431
[118]:990
[119]:1035
[120]:839
[121]:698
[122]:581
[123]:537
[124]:517
[125]:490
[126]:436
[127]:407
[128]:419
[129]:386
[130]:352
[131]:355
[132]:291
[133]:319
[134]:275
[135]:233
[136]:199
[137]:181
[138]:142
[139]:125
[140]:114
[141]:85
[142]:72
[143]:58
[144]:53
[145]:57
[146]:34
[147]:28
[148]:24
[149]:16
[150]:14
[151]:8
[152]:6
[153]:7
[154]:5
[156]:2
[157]:1
[159]:1
[160]:2
[161]:3
[163]:2
[165]:1
[166]:2
[167]:2
[168]:2
[170]:2
[172]:1
[173]:3
[174]:2
[177]:1
[179]:1

t0_min: 1.08 us, round:1998
t0_max: 36.33 us, round:33927
t0_jitter: 35.25 us

t1_min: 2.67 us, round:2027
t1_max: 70.46 us, round:33927
t1_jitter: 67.79 us

t2_min: 97.29 us, round:6326
t2_max: 179.25 us, round:33927
t2_jitter: 81.96 us

PMU diff samples: 296184
AVG DIFF LL_CACHE_RD: 99.18
AVG DIFF LL_CACHE_MISS_RD: 42.71
AVG DIFF L2D_CACHE_REFILL: 42.83
AVG DIFF L2D_CACHE_INVAL: 0.00
[cur diff] DIFF LL_CACHE_RD: 4, DIFF LL_CACHE_MISS_RD: 4, MISS_RATE: 100.00%
[cur diff] DIFF L2D_CACHE_REFILL: 2
[cur diff] DIFF L2D_CACHE_INVAL: 0
[max diff] DIFF LL_CACHE_RD: 152, DIFF LL_CACHE_MISS_RD: 123, MISS_RATE: 80.92%
[max diff] DIFF L2D_CACHE_REFILL: 123
[max diff] DIFF L2D_CACHE_INVAL: 0

===========================================================
taskpendcnt:298226
t0:2916 ns
t1:5958 ns
t2:101458 ns
benchmark: Franka-derived Cartesian-impedance kernel, input trace:8, timer period:1.000 ms
controller source: franka_ros2 jazzy@73a1501d, updates:298248, SVD sweeps:5
pose error:[0.010000 0.015000 0.010000 -0.000000 0.049979 -0.000000]
tau[0:6]:[-0.274004 -0.324180 0.001577 -0.231466 0.050986 -0.328952 0.010844]
kernel exec min/avg/max: 94.50 / 97.37 / 123.08 us, samples:298258
pressure status:1, copy rounds total/window:1265/10, 4.41 rounds/s
pressure logical copy:12650.00 MiB total, approx 44.12 MiB/s, checksum:1684589772800
pressure report window:2.266716 s
t0_region>
[1]:54472
[2]:106386
[3]:88703
[4]:23061
[5]:4488
[6]:3025
[7]:4277
[8]:5668
[9]:3462
[10]:1404
[11]:934
[12]:673
[13]:581
[14]:415
[15]:273
[16]:194
[17]:111
[18]:83
[19]:28
[20]:13
[21]:5
[22]:3
[24]:1
[25]:7
[26]:1
[27]:2
[28]:2
[30]:2
[31]:2
[32]:1
[33]:2
[35]:1
[36]:1

t1_region>
[2]:1846
[3]:18606
[4]:22863
[5]:22353
[6]:41444
[7]:58461
[8]:58178
[9]:32214
[10]:12748
[11]:4034
[12]:1796
[13]:1433
[14]:1375
[15]:1538
[16]:2552
[17]:4146
[18]:3456
[19]:1640
[20]:805
[21]:653
[22]:644
[23]:617
[24]:592
[25]:512
[26]:474
[27]:483
[28]:429
[29]:357
[30]:326
[31]:329
[32]:284
[33]:230
[34]:218
[35]:173
[36]:160
[37]:106
[38]:72
[39]:39
[40]:30
[41]:19
[42]:18
[43]:8
[44]:8
[45]:6
[46]:7
[47]:3
[48]:2
[49]:2
[53]:1
[54]:1
[55]:1
[56]:1
[58]:2
[59]:3
[61]:2
[64]:3
[65]:2
[68]:3
[69]:2
[70]:1

t2_region>
[97]:332
[98]:6050
[99]:7719
[100]:15959
[101]:20703
[102]:25946
[103]:34545
[104]:43437
[105]:49657
[106]:33559
[107]:14470
[108]:7693
[109]:6572
[110]:5135
[111]:2949
[112]:1769
[113]:1677
[114]:2566
[115]:3184
[116]:2584
[117]:1433
[118]:990
[119]:1039
[120]:839
[121]:703
[122]:581
[123]:537
[124]:517
[125]:490
[126]:436
[127]:407
[128]:419
[129]:386
[130]:352
[131]:355
[132]:291
[133]:319
[134]:275
[135]:233
[136]:199
[137]:181
[138]:142
[139]:125
[140]:114
[141]:85
[142]:72
[143]:58
[144]:53
[145]:57
[146]:34
[147]:28
[148]:24
[149]:16
[150]:14
[151]:8
[152]:6
[153]:7
[154]:5
[156]:2
[157]:1
[159]:1
[160]:2
[161]:3
[163]:2
[165]:1
[166]:2
[167]:2
[168]:2
[170]:2
[172]:1
[173]:3
[174]:2
[177]:1
[179]:1

t0_min: 1.08 us, round:1998
t0_max: 36.33 us, round:33927
t0_jitter: 35.25 us

t1_min: 2.67 us, round:2027
t1_max: 70.46 us, round:33927
t1_jitter: 67.79 us

t2_min: 97.29 us, round:6326
t2_max: 179.25 us, round:33927
t2_jitter: 81.96 us

PMU diff samples: 298450
AVG DIFF LL_CACHE_RD: 99.18
AVG DIFF LL_CACHE_MISS_RD: 42.71
AVG DIFF L2D_CACHE_REFILL: 42.83
AVG DIFF L2D_CACHE_INVAL: 0.00
[cur diff] DIFF LL_CACHE_RD: 4, DIFF LL_CACHE_MISS_RD: 2, MISS_RATE: 50.00%
[cur diff] DIFF L2D_CACHE_REFILL: 6
[cur diff] DIFF L2D_CACHE_INVAL: 0
[max diff] DIFF LL_CACHE_RD: 152, DIFF LL_CACHE_MISS_RD: 123, MISS_RATE: 80.92%
[max diff] DIFF L2D_CACHE_REFILL: 123
[max diff] DIFF L2D_CACHE_INVAL: 0

===========================================================
taskpendcnt:300493
t0:2791 ns
t1:4666 ns
t2:100750 ns
benchmark: Franka-derived Cartesian-impedance kernel, input trace:8, timer period:1.000 ms
controller source: franka_ros2 jazzy@73a1501d, updates:300515, SVD sweeps:5
pose error:[0.010000 0.015000 0.010000 -0.000000 0.049979 -0.000000]
tau[0:6]:[1.376914 -0.104433 0.790225 0.843903 0.642107 -0.956178 0.423547]
kernel exec min/avg/max: 94.50 / 97.36 / 123.08 us, samples:300525
pressure status:1, copy rounds total/window:1275/10, 4.41 rounds/s
pressure logical copy:12750.00 MiB total, approx 44.12 MiB/s, checksum:1697906688000
pressure report window:2.266799 s
t0_region>
[1]:54863
[2]:107236
[3]:89447
[4]:23222
[5]:4513
[6]:3031
[7]:4307
[8]:5712
[9]:3475
[10]:1407
[11]:934
[12]:673
[13]:581
[14]:415
[15]:273
[16]:194
[17]:111
[18]:83
[19]:28
[20]:13
[21]:5
[22]:3
[24]:1
[25]:7
[26]:1
[27]:2
[28]:2
[30]:2
[31]:2
[32]:1
[33]:2
[35]:1
[36]:1

t1_region>
[2]:1856
[3]:18717
[4]:23015
[5]:22538
[6]:41780
[7]:58949
[8]:58651
[9]:32505
[10]:12839
[11]:4058
[12]:1805
[13]:1433
[14]:1378
[15]:1546
[16]:2568
[17]:4181
[18]:3484
[19]:1646
[20]:806
[21]:653
[22]:644
[23]:617
[24]:592
[25]:512
[26]:474
[27]:483
[28]:429
[29]:357
[30]:326
[31]:329
[32]:284
[33]:230
[34]:218
[35]:173
[36]:160
[37]:106
[38]:72
[39]:39
[40]:30
[41]:19
[42]:18
[43]:8
[44]:8
[45]:6
[46]:7
[47]:3
[48]:2
[49]:2
[53]:1
[54]:1
[55]:1
[56]:1
[58]:2
[59]:3
[61]:2
[64]:3
[65]:2
[68]:3
[69]:2
[70]:1

t2_region>
[97]:332
[98]:6066
[99]:7773
[100]:16073
[101]:20858
[102]:26169
[103]:34822
[104]:43783
[105]:50073
[106]:33857
[107]:14575
[108]:7747
[109]:6624
[110]:5173
[111]:2968
[112]:1775
[113]:1687
[114]:2591
[115]:3204
[116]:2597
[117]:1443
[118]:996
[119]:1040
[120]:846
[121]:704
[122]:582
[123]:537
[124]:517
[125]:490
[126]:436
[127]:407
[128]:419
[129]:386
[130]:352
[131]:355
[132]:291
[133]:319
[134]:275
[135]:233
[136]:199
[137]:181
[138]:142
[139]:125
[140]:114
[141]:85
[142]:72
[143]:58
[144]:53
[145]:57
[146]:34
[147]:28
[148]:24
[149]:16
[150]:14
[151]:8
[152]:6
[153]:7
[154]:5
[156]:2
[157]:1
[159]:1
[160]:2
[161]:3
[163]:2
[165]:1
[166]:2
[167]:2
[168]:2
[170]:2
[172]:1
[173]:3
[174]:2
[177]:1
[179]:1

t0_min: 1.08 us, round:1998
t0_max: 36.33 us, round:33927
t0_jitter: 35.25 us

t1_min: 2.67 us, round:2027
t1_max: 70.46 us, round:33927
t1_jitter: 67.79 us

t2_min: 97.29 us, round:6326
t2_max: 179.25 us, round:33927
t2_jitter: 81.96 us

PMU diff samples: 300717
AVG DIFF LL_CACHE_RD: 99.17
AVG DIFF LL_CACHE_MISS_RD: 42.71
AVG DIFF L2D_CACHE_REFILL: 42.82
AVG DIFF L2D_CACHE_INVAL: 0.00
[cur diff] DIFF LL_CACHE_RD: 8, DIFF LL_CACHE_MISS_RD: 6, MISS_RATE: 75.00%
[cur diff] DIFF L2D_CACHE_REFILL: 0
[cur diff] DIFF L2D_CACHE_INVAL: 0
[max diff] DIFF LL_CACHE_RD: 152, DIFF LL_CACHE_MISS_RD: 123, MISS_RATE: 80.92%
[max diff] DIFF L2D_CACHE_REFILL: 123
[max diff] DIFF L2D_CACHE_INVAL: 0

===========================================================
taskpendcnt:302760
t0:3541 ns
t1:5125 ns
t2:101208 ns
benchmark: Franka-derived Cartesian-impedance kernel, input trace:8, timer period:1.000 ms
controller source: franka_ros2 jazzy@73a1501d, updates:302782, SVD sweeps:5
pose error:[0.010000 0.015000 0.010000 -0.000000 0.049979 -0.000000]
tau[0:6]:[-2.379368 -1.292411 -1.655224 -1.570015 -1.185234 -0.066588 -0.610247]
kernel exec min/avg/max: 94.50 / 97.36 / 123.08 us, samples:302792
pressure status:1, copy rounds total/window:1284/9, 3.97 rounds/s
pressure logical copy:12840.00 MiB total, approx 39.69 MiB/s, checksum:1709891911680
pressure report window:2.267416 s
t0_region>
[1]:55218
[2]:108102
[3]:90197
[4]:23395
[5]:4540
[6]:3040
[7]:4337
[8]:5744
[9]:3492
[10]:1410
[11]:934
[12]:673
[13]:581
[14]:415
[15]:273
[16]:194
[17]:111
[18]:83
[19]:28
[20]:14
[21]:5
[22]:3
[24]:1
[25]:7
[26]:1
[27]:2
[28]:2
[30]:2
[31]:2
[32]:1
[33]:2
[35]:2
[36]:2
[47]:1
[54]:1

t1_region>
[2]:1872
[3]:18814
[4]:23180
[5]:22694
[6]:42143
[7]:59439
[8]:59117
[9]:32764
[10]:12952
[11]:4091
[12]:1815
[13]:1437
[14]:1378
[15]:1556
[16]:2589
[17]:4210
[18]:3505
[19]:1652
[20]:806
[21]:654
[22]:647
[23]:617
[24]:592
[25]:512
[26]:474
[27]:483
[28]:429
[29]:357
[30]:326
[31]:329
[32]:284
[33]:230
[34]:218
[35]:173
[36]:160
[37]:106
[38]:72
[39]:39
[40]:30
[41]:19
[42]:18
[43]:8
[44]:8
[45]:6
[46]:7
[47]:3
[48]:2
[49]:2
[53]:1
[54]:1
[55]:1
[56]:1
[58]:3
[59]:3
[61]:2
[64]:3
[65]:2
[68]:3
[69]:3
[70]:1
[72]:2
[74]:1

t2_region>
[97]:332
[98]:6082
[99]:7825
[100]:16179
[101]:21017
[102]:26364
[103]:35136
[104]:44128
[105]:50467
[106]:34136
[107]:14700
[108]:7813
[109]:6666
[110]:5206
[111]:3005
[112]:1785
[113]:1700
[114]:2617
[115]:3227
[116]:2608
[117]:1450
[118]:996
[119]:1046
[120]:850
[121]:706
[122]:582
[123]:537
[124]:517
[125]:490
[126]:436
[127]:407
[128]:419
[129]:386
[130]:352
[131]:355
[132]:291
[133]:319
[134]:275
[135]:233
[136]:199
[137]:181
[138]:142
[139]:125
[140]:114
[141]:85
[142]:72
[143]:58
[144]:53
[145]:57
[146]:34
[147]:28
[148]:24
[149]:16
[150]:14
[151]:8
[152]:6
[153]:7
[154]:5
[156]:2
[157]:1
[159]:1
[160]:2
[161]:3
[163]:2
[165]:1
[166]:2
[167]:2
[168]:2
[170]:2
[172]:2
[173]:3
[174]:2
[175]:1
[177]:1
[179]:1
[180]:1
[182]:1
[186]:1

t0_min: 1.08 us, round:1998
t0_max: 54.29 us, round:302719
t0_jitter: 53.21 us

t1_min: 2.67 us, round:2027
t1_max: 74.13 us, round:302719
t1_jitter: 71.46 us

t2_min: 97.29 us, round:6326
t2_max: 186.38 us, round:302721
t2_jitter: 89.08 us

PMU diff samples: 302991
AVG DIFF LL_CACHE_RD: 99.17
AVG DIFF LL_CACHE_MISS_RD: 42.72
AVG DIFF L2D_CACHE_REFILL: 42.84
AVG DIFF L2D_CACHE_INVAL: 0.00
[cur diff] DIFF LL_CACHE_RD: 6, DIFF LL_CACHE_MISS_RD: 5, MISS_RATE: 83.33%
[cur diff] DIFF L2D_CACHE_REFILL: 1
[cur diff] DIFF L2D_CACHE_INVAL: 0
[max diff] DIFF LL_CACHE_RD: 175, DIFF LL_CACHE_MISS_RD: 135, MISS_RATE: 77.14%
[max diff] DIFF L2D_CACHE_REFILL: 135
[max diff] DIFF L2D_CACHE_INVAL: 0

===========================================================
taskpendcnt:305033
t0:2416 ns
t1:4583 ns
t2:101833 ns
benchmark: Franka-derived Cartesian-impedance kernel, input trace:8, timer period:1.000 ms
controller source: franka_ros2 jazzy@73a1501d, updates:305055, SVD sweeps:5
pose error:[0.010000 0.015000 0.010000 -0.000000 0.049979 -0.000000]
tau[0:6]:[-1.839419 -0.921560 -1.193198 -1.195971 -0.861243 0.113634 -0.461388]
kernel exec min/avg/max: 94.50 / 97.36 / 123.08 us, samples:305065
pressure status:1, copy rounds total/window:1294/10, 4.40 rounds/s
pressure logical copy:12940.00 MiB total, approx 44.00 MiB/s, checksum:1723208826880
pressure report window:2.272898 s
t0_region>
[1]:55576
[2]:109002
[3]:90916
[4]:23575
[5]:4565
[6]:3058
[7]:4361
[8]:5781
[9]:3501
[10]:1413
[11]:934
[12]:673
[13]:581
[14]:415
[15]:273
[16]:194
[17]:111
[18]:83
[19]:28
[20]:14
[21]:5
[22]:3
[24]:1
[25]:7
[26]:1
[27]:2
[28]:2
[30]:2
[31]:2
[32]:1
[33]:2
[35]:2
[36]:2
[47]:1
[54]:1

t1_region>
[2]:1883
[3]:18925
[4]:23335
[5]:22900
[6]:42452
[7]:59945
[8]:59582
[9]:33028
[10]:13061
[11]:4117
[12]:1828
[13]:1448
[14]:1385
[15]:1568
[16]:2609
[17]:4238
[18]:3522
[19]:1654
[20]:806
[21]:654
[22]:647
[23]:617
[24]:593
[25]:512
[26]:474
[27]:483
[28]:429
[29]:357
[30]:326
[31]:329
[32]:284
[33]:230
[34]:218
[35]:173
[36]:160
[37]:106
[38]:72
[39]:39
[40]:30
[41]:19
[42]:18
[43]:8
[44]:8
[45]:6
[46]:7
[47]:3
[48]:2
[49]:2
[53]:1
[54]:1
[55]:1
[56]:1
[58]:3
[59]:3
[61]:2
[64]:3
[65]:2
[68]:3
[69]:3
[70]:1
[72]:2
[74]:1

t2_region>
[97]:332
[98]:6092
[99]:7874
[100]:16300
[101]:21171
[102]:26575
[103]:35418
[104]:44495
[105]:50868
[106]:34426
[107]:14825
[108]:7888
[109]:6702
[110]:5235
[111]:3024
[112]:1798
[113]:1720
[114]:2636
[115]:3249
[116]:2623
[117]:1456
[118]:1001
[119]:1049
[120]:850
[121]:706
[122]:584
[123]:537
[124]:517
[125]:490
[126]:436
[127]:407
[128]:419
[129]:386
[130]:352
[131]:355
[132]:291
[133]:319
[134]:275
[135]:233
[136]:199
[137]:181
[138]:142
[139]:125
[140]:114
[141]:85
[142]:72
[143]:58
[144]:53
[145]:57
[146]:34
[147]:28
[148]:24
[149]:16
[150]:14
[151]:8
[152]:6
[153]:7
[154]:5
[156]:2
[157]:1
[159]:1
[160]:2
[161]:3
[163]:2
[165]:1
[166]:2
[167]:2
[168]:2
[170]:2
[172]:2
[173]:3
[174]:2
[175]:1
[177]:1
[179]:1
[180]:1
[182]:1
[186]:1

t0_min: 1.08 us, round:1998
t0_max: 54.29 us, round:302719
t0_jitter: 53.21 us

t1_min: 2.67 us, round:2027
t1_max: 74.13 us, round:302719
t1_jitter: 71.46 us

t2_min: 97.29 us, round:6326
t2_max: 186.38 us, round:302721
t2_jitter: 89.08 us

PMU diff samples: 305264
AVG DIFF LL_CACHE_RD: 99.16
AVG DIFF LL_CACHE_MISS_RD: 42.73
AVG DIFF L2D_CACHE_REFILL: 42.84
AVG DIFF L2D_CACHE_INVAL: 0.00
[cur diff] DIFF LL_CACHE_RD: 5, DIFF LL_CACHE_MISS_RD: 4, MISS_RATE: 80.00%
[cur diff] DIFF L2D_CACHE_REFILL: 2
[cur diff] DIFF L2D_CACHE_INVAL: 0
[max diff] DIFF LL_CACHE_RD: 175, DIFF LL_CACHE_MISS_RD: 135, MISS_RATE: 77.14%
[max diff] DIFF L2D_CACHE_REFILL: 135
[max diff] DIFF L2D_CACHE_INVAL: 0

===========================================================
taskpendcnt:307306
t0:3041 ns
t1:6083 ns
t2:102458 ns
benchmark: Franka-derived Cartesian-impedance kernel, input trace:8, timer period:1.000 ms
controller source: franka_ros2 jazzy@73a1501d, updates:307328, SVD sweeps:5
pose error:[0.010000 0.015000 0.010000 -0.000000 0.049979 -0.000000]
tau[0:6]:[-0.274004 -0.324180 0.001577 -0.231466 0.050986 -0.328952 0.010844]
kernel exec min/avg/max: 94.50 / 97.36 / 123.08 us, samples:307338
pressure status:1, copy rounds total/window:1303/9, 3.96 rounds/s
pressure logical copy:13030.00 MiB total, approx 39.60 MiB/s, checksum:1735194050560
pressure report window:2.272826 s
t0_region>
[1]:55941
[2]:109882
[3]:91695
[4]:23718
[5]:4588
[6]:3065
[7]:4388
[8]:5808
[9]:3522
[10]:1414
[11]:934
[12]:673
[13]:581
[14]:415
[15]:273
[16]:194
[17]:111
[18]:83
[19]:28
[20]:14
[21]:5
[22]:3
[24]:1
[25]:7
[26]:1
[27]:2
[28]:2
[30]:2
[31]:2
[32]:1
[33]:2
[35]:2
[36]:2
[47]:1
[54]:1

t1_region>
[2]:1901
[3]:19028
[4]:23481
[5]:23066
[6]:42822
[7]:60406
[8]:60092
[9]:33306
[10]:13155
[11]:4142
[12]:1837
[13]:1456
[14]:1390
[15]:1575
[16]:2636
[17]:4261
[18]:3537
[19]:1660
[20]:807
[21]:654
[22]:647
[23]:617
[24]:593
[25]:512
[26]:474
[27]:484
[28]:429
[29]:357
[30]:326
[31]:329
[32]:284
[33]:230
[34]:218
[35]:173
[36]:160
[37]:106
[38]:72
[39]:39
[40]:30
[41]:19
[42]:18
[43]:8
[44]:8
[45]:6
[46]:7
[47]:3
[48]:2
[49]:2
[53]:1
[54]:1
[55]:1
[56]:1
[58]:3
[59]:3
[61]:2
[64]:3
[65]:2
[68]:3
[69]:3
[70]:1
[72]:2
[74]:1

t2_region>
[97]:332
[98]:6100
[99]:7914
[100]:16406
[101]:21329
[102]:26772
[103]:35698
[104]:44860
[105]:51287
[106]:34756
[107]:14957
[108]:7948
[109]:6745
[110]:5263
[111]:3045
[112]:1804
[113]:1729
[114]:2657
[115]:3267
[116]:2638
[117]:1462
[118]:1004
[119]:1050
[120]:855
[121]:706
[122]:584
[123]:537
[124]:517
[125]:490
[126]:436
[127]:408
[128]:419
[129]:386
[130]:352
[131]:355
[132]:291
[133]:319
[134]:275
[135]:233
[136]:199
[137]:181
[138]:142
[139]:125
[140]:114
[141]:85
[142]:72
[143]:58
[144]:53
[145]:57
[146]:34
[147]:28
[148]:24
[149]:16
[150]:14
[151]:8
[152]:6
[153]:7
[154]:5
[156]:2
[157]:1
[159]:1
[160]:2
[161]:3
[163]:2
[165]:1
[166]:2
[167]:2
[168]:2
[170]:2
[172]:2
[173]:3
[174]:2
[175]:1
[177]:1
[179]:1
[180]:1
[182]:1
[186]:1

t0_min: 1.08 us, round:1998
t0_max: 54.29 us, round:302719
t0_jitter: 53.21 us

t1_min: 2.67 us, round:2027
t1_max: 74.13 us, round:302719
t1_jitter: 71.46 us

t2_min: 97.29 us, round:6326
t2_max: 186.38 us, round:302721
t2_jitter: 89.08 us

PMU diff samples: 307536
AVG DIFF LL_CACHE_RD: 99.16
AVG DIFF LL_CACHE_MISS_RD: 42.74
AVG DIFF L2D_CACHE_REFILL: 42.86
AVG DIFF L2D_CACHE_INVAL: 0.00
[cur diff] DIFF LL_CACHE_RD: 2, DIFF LL_CACHE_MISS_RD: 2, MISS_RATE: 100.00%
[cur diff] DIFF L2D_CACHE_REFILL: 1
[cur diff] DIFF L2D_CACHE_INVAL: 0
[max diff] DIFF LL_CACHE_RD: 175, DIFF LL_CACHE_MISS_RD: 135, MISS_RATE: 77.14%
[max diff] DIFF L2D_CACHE_REFILL: 135
[max diff] DIFF L2D_CACHE_INVAL: 0

===========================================================
taskpendcnt:309579
t0:2791 ns
t1:5833 ns
t2:101333 ns
benchmark: Franka-derived Cartesian-impedance kernel, input trace:8, timer period:1.000 ms
controller source: franka_ros2 jazzy@73a1501d, updates:309601, SVD sweeps:5
pose error:[0.010000 0.015000 0.010000 -0.000000 0.049979 -0.000000]
tau[0:6]:[0.839771 0.130674 0.617691 0.624912 0.653099 -0.592692 0.265887]
kernel exec min/avg/max: 94.50 / 97.36 / 123.08 us, samples:309611
pressure status:1, copy rounds total/window:1313/10, 4.40 rounds/s
pressure logical copy:13130.00 MiB total, approx 44.00 MiB/s, checksum:1748510965760
pressure report window:2.272752 s
t0_region>
[1]:56310
[2]:110750
[3]:92430
[4]:23901
[5]:4613
[6]:3075
[7]:4412
[8]:5845
[9]:3540
[10]:1418
[11]:934
[12]:673
[13]:581
[14]:415
[15]:273
[16]:194
[17]:111
[18]:83
[19]:28
[20]:14
[21]:5
[22]:3
[24]:1
[25]:7
[26]:1
[27]:2
[28]:2
[30]:2
[31]:2
[32]:1
[33]:2
[35]:2
[36]:2
[47]:1
[54]:1

t1_region>
[2]:1917
[3]:19128
[4]:23640
[5]:23253
[6]:43187
[7]:60858
[8]:60572
[9]:33576
[10]:13258
[11]:4175
[12]:1847
[13]:1465
[14]:1392
[15]:1579
[16]:2649
[17]:4301
[18]:3560
[19]:1665
[20]:809
[21]:654
[22]:647
[23]:617
[24]:593
[25]:512
[26]:474
[27]:484
[28]:429
[29]:357
[30]:326
[31]:329
[32]:284
[33]:230
[34]:218
[35]:173
[36]:160
[37]:106
[38]:72
[39]:39
[40]:30
[41]:19
[42]:18
[43]:8
[44]:8
[45]:6
[46]:7
[47]:3
[48]:2
[49]:2
[53]:1
[54]:1
[55]:1
[56]:1
[58]:3
[59]:3
[61]:2
[64]:3
[65]:2
[68]:3
[69]:3
[70]:1
[72]:2
[74]:1

t2_region>
[97]:332
[98]:6122
[99]:7959
[100]:16506
[101]:21496
[102]:27009
[103]:35975
[104]:45200
[105]:51706
[106]:35022
[107]:15056
[108]:8014
[109]:6817
[110]:5315
[111]:3059
[112]:1811
[113]:1737
[114]:2671
[115]:3295
[116]:2648
[117]:1468
[118]:1015
[119]:1055
[120]:858
[121]:707
[122]:586
[123]:537
[124]:517
[125]:490
[126]:436
[127]:408
[128]:419
[129]:386
[130]:352
[131]:355
[132]:291
[133]:319
[134]:275
[135]:233
[136]:199
[137]:181
[138]:142
[139]:125
[140]:114
[141]:85
[142]:72
[143]:58
[144]:53
[145]:57
[146]:34
[147]:28
[148]:24
[149]:16
[150]:14
[151]:8
[152]:6
[153]:7
[154]:5
[156]:2
[157]:1
[159]:1
[160]:2
[161]:3
[163]:2
[165]:1
[166]:2
[167]:2
[168]:2
[170]:2
[172]:2
[173]:3
[174]:2
[175]:1
[177]:1
[179]:1
[180]:1
[182]:1
[186]:1

t0_min: 1.08 us, round:1998
t0_max: 54.29 us, round:302719
t0_jitter: 53.21 us

t1_min: 2.67 us, round:2027
t1_max: 74.13 us, round:302719
t1_jitter: 71.46 us

t2_min: 97.29 us, round:6326
t2_max: 186.38 us, round:302721
t2_jitter: 89.08 us

PMU diff samples: 309809
AVG DIFF LL_CACHE_RD: 99.16
AVG DIFF LL_CACHE_MISS_RD: 42.74
AVG DIFF L2D_CACHE_REFILL: 42.86
AVG DIFF L2D_CACHE_INVAL: 0.00
[cur diff] DIFF LL_CACHE_RD: 5, DIFF LL_CACHE_MISS_RD: 4, MISS_RATE: 80.00%
[cur diff] DIFF L2D_CACHE_REFILL: 5
[cur diff] DIFF L2D_CACHE_INVAL: 0
[max diff] DIFF LL_CACHE_RD: 175, DIFF LL_CACHE_MISS_RD: 135, MISS_RATE: 77.14%
[max diff] DIFF L2D_CACHE_REFILL: 135
[max diff] DIFF L2D_CACHE_INVAL: 0

===========================================================
taskpendcnt:311852
t0:1666 ns
t1:4708 ns
t2:102833 ns
benchmark: Franka-derived Cartesian-impedance kernel, input trace:8, timer period:1.000 ms
controller source: franka_ros2 jazzy@73a1501d, updates:311874, SVD sweeps:5
pose error:[0.010000 0.015000 0.010000 -0.000000 0.049979 -0.000000]
tau[0:6]:[1.228026 0.081850 0.819520 0.875435 0.745706 -0.833381 0.398995]
kernel exec min/avg/max: 94.50 / 97.36 / 123.08 us, samples:311884
pressure status:1, copy rounds total/window:1323/10, 4.40 rounds/s
pressure logical copy:13230.00 MiB total, approx 43.99 MiB/s, checksum:1761827880960
pressure report window:2.272999 s
t0_region>
[1]:56714
[2]:111607
[3]:93154
[4]:24084
[5]:4639
[6]:3087
[7]:4431
[8]:5880
[9]:3551
[10]:1420
[11]:934
[12]:673
[13]:581
[14]:415
[15]:273
[16]:194
[17]:111
[18]:83
[19]:28
[20]:14
[21]:5
[22]:3
[24]:1
[25]:7
[26]:1
[27]:2
[28]:2
[30]:2
[31]:2
[32]:1
[33]:2
[35]:2
[36]:2
[47]:1
[54]:1

t1_region>
[2]:1930
[3]:19239
[4]:23803
[5]:23447
[6]:43519
[7]:61331
[8]:61057
[9]:33846
[10]:13361
[11]:4215
[12]:1849
[13]:1474
[14]:1403
[15]:1584
[16]:2662
[17]:4331
[18]:3576
[19]:1669
[20]:809
[21]:654
[22]:647
[23]:617
[24]:593
[25]:512
[26]:474
[27]:484
[28]:429
[29]:357
[30]:326
[31]:329
[32]:284
[33]:230
[34]:218
[35]:173
[36]:160
[37]:106
[38]:72
[39]:39
[40]:30
[41]:19
[42]:18
[43]:8
[44]:8
[45]:6
[46]:7
[47]:3
[48]:2
[49]:2
[53]:1
[54]:1
[55]:1
[56]:1
[58]:3
[59]:3
[61]:2
[64]:3
[65]:2
[68]:3
[69]:3
[70]:1
[72]:2
[74]:1

t2_region>
[97]:332
[98]:6141
[99]:8009
[100]:16619
[101]:21671
[102]:27244
[103]:36238
[104]:45569
[105]:52136
[106]:35272
[107]:15165
[108]:8085
[109]:6864
[110]:5352
[111]:3081
[112]:1824
[113]:1744
[114]:2693
[115]:3310
[116]:2660
[117]:1475
[118]:1016
[119]:1059
[120]:860
[121]:708
[122]:586
[123]:537
[124]:517
[125]:490
[126]:436
[127]:408
[128]:419
[129]:386
[130]:352
[131]:355
[132]:291
[133]:319
[134]:275
[135]:233
[136]:199
[137]:181
[138]:142
[139]:125
[140]:114
[141]:85
[142]:72
[143]:58
[144]:53
[145]:57
[146]:34
[147]:28
[148]:24
[149]:16
[150]:14
[151]:8
[152]:6
[153]:7
[154]:5
[156]:2
[157]:1
[159]:1
[160]:2
[161]:3
[163]:2
[165]:1
[166]:2
[167]:2
[168]:2
[170]:2
[172]:2
[173]:3
[174]:2
[175]:1
[177]:1
[179]:1
[180]:1
[182]:1
[186]:1

t0_min: 1.08 us, round:1998
t0_max: 54.29 us, round:302719
t0_jitter: 53.21 us

t1_min: 2.67 us, round:2027
t1_max: 74.13 us, round:302719
t1_jitter: 71.46 us

t2_min: 97.29 us, round:6326
t2_max: 186.38 us, round:302721
t2_jitter: 89.08 us

PMU diff samples: 312082
AVG DIFF LL_CACHE_RD: 99.15
AVG DIFF LL_CACHE_MISS_RD: 42.73
AVG DIFF L2D_CACHE_REFILL: 42.85
AVG DIFF L2D_CACHE_INVAL: 0.00
[cur diff] DIFF LL_CACHE_RD: 10, DIFF LL_CACHE_MISS_RD: 6, MISS_RATE: 60.00%
[cur diff] DIFF L2D_CACHE_REFILL: 1
[cur diff] DIFF L2D_CACHE_INVAL: 0
[max diff] DIFF LL_CACHE_RD: 175, DIFF LL_CACHE_MISS_RD: 135, MISS_RATE: 77.14%
[max diff] DIFF L2D_CACHE_REFILL: 135
[max diff] DIFF L2D_CACHE_INVAL: 0

===========================================================
taskpendcnt:314125
t0:2583 ns
t1:5333 ns
t2:102875 ns
benchmark: Franka-derived Cartesian-impedance kernel, input trace:8, timer period:1.000 ms
controller source: franka_ros2 jazzy@73a1501d, updates:314147, SVD sweeps:5
pose error:[0.010000 0.015000 0.010000 -0.000000 0.049979 -0.000000]
tau[0:6]:[1.376914 -0.104433 0.790225 0.843903 0.642107 -0.956178 0.423547]
kernel exec min/avg/max: 94.50 / 97.36 / 123.08 us, samples:314157
pressure status:1, copy rounds total/window:1332/9, 3.96 rounds/s
pressure logical copy:13320.00 MiB total, approx 39.59 MiB/s, checksum:1773813104640
pressure report window:2.273079 s
t0_region>
[1]:57070
[2]:112525
[3]:93900
[4]:24224
[5]:4657
[6]:3098
[7]:4454
[8]:5911
[9]:3575
[10]:1427
[11]:934
[12]:673
[13]:581
[14]:415
[15]:273
[16]:194
[17]:111
[18]:83
[19]:28
[20]:14
[21]:5
[22]:3
[24]:1
[25]:7
[26]:1
[27]:2
[28]:2
[30]:2
[31]:2
[32]:1
[33]:2
[35]:2
[36]:2
[47]:1
[54]:1

t1_region>
[2]:1943
[3]:19340
[4]:23960
[5]:23618
[6]:43866
[7]:61879
[8]:61575
[9]:34074
[10]:13429
[11]:4229
[12]:1858
[13]:1475
[14]:1410
[15]:1592
[16]:2675
[17]:4366
[18]:3599
[19]:1677
[20]:811
[21]:654
[22]:647
[23]:617
[24]:593
[25]:512
[26]:474
[27]:484
[28]:429
[29]:357
[30]:326
[31]:329
[32]:284
[33]:230
[34]:218
[35]:173
[36]:160
[37]:106
[38]:72
[39]:39
[40]:30
[41]:19
[42]:18
[43]:8
[44]:8
[45]:6
[46]:7
[47]:3
[48]:2
[49]:2
[53]:1
[54]:1
[55]:1
[56]:1
[58]:3
[59]:3
[61]:2
[64]:3
[65]:2
[68]:3
[69]:3
[70]:1
[72]:2
[74]:1

t2_region>
[97]:332
[98]:6166
[99]:8045
[100]:16747
[101]:21820
[102]:27450
[103]:36534
[104]:45968
[105]:52587
[106]:35542
[107]:15239
[108]:8136
[109]:6905
[110]:5389
[111]:3093
[112]:1832
[113]:1756
[114]:2708
[115]:3333
[116]:2674
[117]:1484
[118]:1020
[119]:1068
[120]:863
[121]:710
[122]:586
[123]:537
[124]:517
[125]:490
[126]:436
[127]:408
[128]:419
[129]:386
[130]:352
[131]:355
[132]:291
[133]:319
[134]:275
[135]:233
[136]:199
[137]:181
[138]:142
[139]:125
[140]:114
[141]:85
[142]:72
[143]:58
[144]:53
[145]:57
[146]:34
[147]:28
[148]:24
[149]:16
[150]:14
[151]:8
[152]:6
[153]:7
[154]:5
[156]:2
[157]:1
[159]:1
[160]:2
[161]:3
[163]:2
[165]:1
[166]:2
[167]:2
[168]:2
[170]:2
[172]:2
[173]:3
[174]:2
[175]:1
[177]:1
[179]:1
[180]:1
[182]:1
[186]:1

t0_min: 1.08 us, round:1998
t0_max: 54.29 us, round:302719
t0_jitter: 53.21 us

t1_min: 2.67 us, round:2027
t1_max: 74.13 us, round:302719
t1_jitter: 71.46 us

t2_min: 97.29 us, round:6326
t2_max: 186.38 us, round:302721
t2_jitter: 89.08 us

PMU diff samples: 314355
AVG DIFF LL_CACHE_RD: 99.14
AVG DIFF LL_CACHE_MISS_RD: 42.73
AVG DIFF L2D_CACHE_REFILL: 42.85
AVG DIFF L2D_CACHE_INVAL: 0.00
[cur diff] DIFF LL_CACHE_RD: 7, DIFF LL_CACHE_MISS_RD: 6, MISS_RATE: 85.71%
[cur diff] DIFF L2D_CACHE_REFILL: 1
[cur diff] DIFF L2D_CACHE_INVAL: 0
[max diff] DIFF LL_CACHE_RD: 175, DIFF LL_CACHE_MISS_RD: 135, MISS_RATE: 77.14%
[max diff] DIFF L2D_CACHE_REFILL: 135
[max diff] DIFF L2D_CACHE_INVAL: 0

===========================================================
taskpendcnt:316398
t0:2041 ns
t1:5666 ns
t2:102916 ns
benchmark: Franka-derived Cartesian-impedance kernel, input trace:8, timer period:1.000 ms
controller source: franka_ros2 jazzy@73a1501d, updates:316420, SVD sweeps:5
pose error:[0.010000 0.015000 0.010000 -0.000000 0.049979 -0.000000]
tau[0:6]:[-0.567483 -0.552304 -0.482512 -0.231067 -0.297494 -0.656094 -0.085004]
kernel exec min/avg/max: 94.50 / 97.36 / 123.08 us, samples:316430
pressure status:1, copy rounds total/window:1342/10, 4.40 rounds/s
pressure logical copy:13420.00 MiB total, approx 43.99 MiB/s, checksum:1787130019840
pressure report window:2.273442 s
t0_region>
[1]:57464
[2]:113421
[3]:94608
[4]:24399
[5]:4677
[6]:3106
[7]:4476
[8]:5945
[9]:3591
[10]:1427
[11]:934
[12]:673
[13]:581
[14]:415
[15]:273
[16]:194
[17]:111
[18]:83
[19]:28
[20]:14
[21]:5
[22]:3
[24]:1
[25]:7
[26]:1
[27]:2
[28]:2
[30]:2
[31]:2
[32]:1
[33]:2
[35]:2
[36]:2
[47]:1
[54]:1

t1_region>
[2]:1955
[3]:19453
[4]:24121
[5]:23818
[6]:44230
[7]:62359
[8]:62032
[9]:34336
[10]:13529
[11]:4261
[12]:1868
[13]:1480
[14]:1414
[15]:1597
[16]:2688
[17]:4396
[18]:3620
[19]:1681
[20]:812
[21]:656
[22]:647
[23]:617
[24]:593
[25]:512
[26]:474
[27]:484
[28]:429
[29]:357
[30]:326
[31]:329
[32]:284
[33]:230
[34]:218
[35]:173
[36]:160
[37]:106
[38]:72
[39]:39
[40]:30
[41]:19
[42]:18
[43]:8
[44]:8
[45]:6
[46]:7
[47]:3
[48]:2
[49]:2
[53]:1
[54]:1
[55]:1
[56]:1
[58]:3
[59]:3
[61]:2
[64]:3
[65]:2
[68]:3
[69]:3
[70]:1
[72]:2
[74]:1

t2_region>
[97]:332
[98]:6186
[99]:8087
[100]:16870
[101]:21996
[102]:27677
[103]:36837
[104]:46313
[105]:53015
[106]:35787
[107]:15326
[108]:8185
[109]:6971
[110]:5438
[111]:3117
[112]:1840
[113]:1767
[114]:2730
[115]:3358
[116]:2690
[117]:1489
[118]:1021
[119]:1069
[120]:863
[121]:710
[122]:586
[123]:537
[124]:517
[125]:490
[126]:436
[127]:408
[128]:419
[129]:386
[130]:352
[131]:355
[132]:291
[133]:319
[134]:275
[135]:233
[136]:199
[137]:181
[138]:142
[139]:125
[140]:114
[141]:85
[142]:72
[143]:58
[144]:53
[145]:57
[146]:34
[147]:28
[148]:24
[149]:16
[150]:14
[151]:8
[152]:6
[153]:7
[154]:5
[156]:2
[157]:1
[159]:1
[160]:2
[161]:3
[163]:2
[165]:1
[166]:2
[167]:2
[168]:2
[170]:2
[172]:2
[173]:3
[174]:2
[175]:1
[177]:1
[179]:1
[180]:1
[182]:1
[186]:1

t0_min: 1.08 us, round:1998
t0_max: 54.29 us, round:302719
t0_jitter: 53.21 us

t1_min: 2.67 us, round:2027
t1_max: 74.13 us, round:302719
t1_jitter: 71.46 us

t2_min: 97.29 us, round:6326
t2_max: 186.38 us, round:302721
t2_jitter: 89.08 us

PMU diff samples: 316629
AVG DIFF LL_CACHE_RD: 99.14
AVG DIFF LL_CACHE_MISS_RD: 42.72
AVG DIFF L2D_CACHE_REFILL: 42.84
AVG DIFF L2D_CACHE_INVAL: 0.00
[cur diff] DIFF LL_CACHE_RD: 5, DIFF LL_CACHE_MISS_RD: 3, MISS_RATE: 60.00%
[cur diff] DIFF L2D_CACHE_REFILL: 2
[cur diff] DIFF L2D_CACHE_INVAL: 0
[max diff] DIFF LL_CACHE_RD: 175, DIFF LL_CACHE_MISS_RD: 135, MISS_RATE: 77.14%
[max diff] DIFF L2D_CACHE_REFILL: 135
[max diff] DIFF L2D_CACHE_INVAL: 0

===========================================================
taskpendcnt:318671
t0:2083 ns
t1:5416 ns
t2:100916 ns
benchmark: Franka-derived Cartesian-impedance kernel, input trace:8, timer period:1.000 ms
controller source: franka_ros2 jazzy@73a1501d, updates:318693, SVD sweeps:5
pose error:[0.010000 0.015000 0.010000 -0.000000 0.049979 -0.000000]
tau[0:6]:[-2.781770 -1.613002 -1.930139 -1.581803 -1.382951 -0.390599 -0.663394]
kernel exec min/avg/max: 94.50 / 97.36 / 123.08 us, samples:318703
pressure status:1, copy rounds total/window:1352/10, 4.40 rounds/s
pressure logical copy:13520.00 MiB total, approx 43.99 MiB/s, checksum:1800446935040
pressure report window:2.273015 s
t0_region>
[1]:57822
[2]:114348
[3]:95327
[4]:24545
[5]:4709
[6]:3112
[7]:4497
[8]:5987
[9]:3612
[10]:1429
[11]:934
[12]:673
[13]:581
[14]:415
[15]:273
[16]:194
[17]:111
[18]:83
[19]:28
[20]:14
[21]:5
[22]:3
[24]:1
[25]:7
[26]:1
[27]:2
[28]:2
[30]:2
[31]:2
[32]:1
[33]:2
[35]:2
[36]:2
[47]:1
[54]:1

t1_region>
[2]:1973
[3]:19552
[4]:24281
[5]:24004
[6]:44575
[7]:62890
[8]:62520
[9]:34560
[10]:13611
[11]:4295
[12]:1877
[13]:1483
[14]:1417
[15]:1602
[16]:2702
[17]:4429
[18]:3646
[19]:1688
[20]:815
[21]:657
[22]:648
[23]:617
[24]:593
[25]:512
[26]:474
[27]:484
[28]:429
[29]:357
[30]:326
[31]:329
[32]:284
[33]:230
[34]:218
[35]:173
[36]:160
[37]:106
[38]:72
[39]:39
[40]:30
[41]:19
[42]:18
[43]:8
[44]:8
[45]:6
[46]:7
[47]:3
[48]:2
[49]:2
[53]:1
[54]:1
[55]:1
[56]:1
[58]:3
[59]:3
[61]:2
[64]:3
[65]:2
[68]:3
[69]:3
[70]:1
[72]:2
[74]:1

t2_region>
[97]:332
[98]:6210
[99]:8125
[100]:16966
[101]:22169
[102]:27885
[103]:37133
[104]:46721
[105]:53433
[106]:36069
[107]:15419
[108]:8235
[109]:7012
[110]:5462
[111]:3141
[112]:1848
[113]:1774
[114]:2746
[115]:3385
[116]:2712
[117]:1495
[118]:1026
[119]:1073
[120]:865
[121]:712
[122]:586
[123]:537
[124]:517
[125]:490
[126]:436
[127]:408
[128]:419
[129]:386
[130]:352
[131]:355
[132]:291
[133]:319
[134]:275
[135]:233
[136]:199
[137]:181
[138]:142
[139]:125
[140]:114
[141]:85
[142]:72
[143]:58
[144]:53
[145]:57
[146]:34
[147]:28
[148]:24
[149]:16
[150]:14
[151]:8
[152]:6
[153]:7
[154]:5
[156]:2
[157]:1
[159]:1
[160]:2
[161]:3
[163]:2
[165]:1
[166]:2
[167]:2
[168]:2
[170]:2
[172]:2
[173]:3
[174]:2
[175]:1
[177]:1
[179]:1
[180]:1
[182]:1
[186]:1

t0_min: 1.08 us, round:1998
t0_max: 54.29 us, round:302719
t0_jitter: 53.21 us

t1_min: 2.67 us, round:2027
t1_max: 74.13 us, round:302719
t1_jitter: 71.46 us

t2_min: 97.29 us, round:6326
t2_max: 186.38 us, round:302721
t2_jitter: 89.08 us

PMU diff samples: 318902
AVG DIFF LL_CACHE_RD: 99.14
AVG DIFF LL_CACHE_MISS_RD: 42.72
AVG DIFF L2D_CACHE_REFILL: 42.84
AVG DIFF L2D_CACHE_INVAL: 0.00
[cur diff] DIFF LL_CACHE_RD: 5, DIFF LL_CACHE_MISS_RD: 3, MISS_RATE: 60.00%
[cur diff] DIFF L2D_CACHE_REFILL: 2
[cur diff] DIFF L2D_CACHE_INVAL: 0
[max diff] DIFF LL_CACHE_RD: 175, DIFF LL_CACHE_MISS_RD: 135, MISS_RATE: 77.14%
[max diff] DIFF L2D_CACHE_REFILL: 135
[max diff] DIFF L2D_CACHE_INVAL: 0

===========================================================
taskpendcnt:320944
t0:3000 ns
t1:4000 ns
t2:101833 ns
benchmark: Franka-derived Cartesian-impedance kernel, input trace:8, timer period:1.000 ms
controller source: franka_ros2 jazzy@73a1501d, updates:320966, SVD sweeps:5
pose error:[0.010000 0.015000 0.010000 -0.000000 0.049979 -0.000000]
tau[0:6]:[-2.379368 -1.292411 -1.655224 -1.570015 -1.185234 -0.066588 -0.610247]
kernel exec min/avg/max: 94.50 / 97.36 / 123.08 us, samples:320976
pressure status:1, copy rounds total/window:1361/9, 3.96 rounds/s
pressure logical copy:13610.00 MiB total, approx 39.59 MiB/s, checksum:1812432158720
pressure report window:2.273015 s
t0_region>
[1]:58204
[2]:115223
[3]:96055
[4]:24716
[5]:4730
[6]:3120
[7]:4514
[8]:6031
[9]:3631
[10]:1435
[11]:934
[12]:673
[13]:581
[14]:415
[15]:273
[16]:194
[17]:111
[18]:83
[19]:28
[20]:14
[21]:5
[22]:3
[24]:1
[25]:7
[26]:1
[27]:2
[28]:2
[30]:2
[31]:2
[32]:1
[33]:2
[35]:2
[36]:2
[47]:1
[54]:1

t1_region>
[2]:1986
[3]:19653
[4]:24447
[5]:24199
[6]:44923
[7]:63383
[8]:62982
[9]:34837
[10]:13696
[11]:4320
[12]:1887
[13]:1486
[14]:1421
[15]:1613
[16]:2711
[17]:4457
[18]:3673
[19]:1701
[20]:816
[21]:657
[22]:648
[23]:618
[24]:593
[25]:512
[26]:474
[27]:484
[28]:429
[29]:357
[30]:326
[31]:329
[32]:284
[33]:230
[34]:218
[35]:173
[36]:160
[37]:106
[38]:72
[39]:39
[40]:30
[41]:19
[42]:18
[43]:8
[44]:8
[45]:6
[46]:7
[47]:3
[48]:2
[49]:2
[53]:1
[54]:1
[55]:1
[56]:1
[58]:3
[59]:3
[61]:2
[64]:3
[65]:2
[68]:3
[69]:3
[70]:1
[72]:2
[74]:1

t2_region>
[97]:332
[98]:6234
[99]:8162
[100]:17081
[101]:22358
[102]:28113
[103]:37420
[104]:47063
[105]:53835
[106]:36335
[107]:15510
[108]:8303
[109]:7081
[110]:5493
[111]:3158
[112]:1861
[113]:1788
[114]:2761
[115]:3404
[116]:2736
[117]:1503
[118]:1029
[119]:1076
[120]:869
[121]:715
[122]:586
[123]:537
[124]:517
[125]:490
[126]:436
[127]:408
[128]:419
[129]:386
[130]:352
[131]:355
[132]:291
[133]:319
[134]:275
[135]:233
[136]:199
[137]:181
[138]:142
[139]:125
[140]:114
[141]:85
[142]:72
[143]:58
[144]:53
[145]:57
[146]:34
[147]:28
[148]:24
[149]:16
[150]:14
[151]:8
[152]:6
[153]:7
[154]:5
[156]:2
[157]:1
[159]:1
[160]:2
[161]:3
[163]:2
[165]:1
[166]:2
[167]:2
[168]:2
[170]:2
[172]:2
[173]:3
[174]:2
[175]:1
[177]:1
[179]:1
[180]:1
[182]:1
[186]:1

t0_min: 1.08 us, round:1998
t0_max: 54.29 us, round:302719
t0_jitter: 53.21 us

t1_min: 2.67 us, round:2027
t1_max: 74.13 us, round:302719
t1_jitter: 71.46 us

t2_min: 97.29 us, round:6326
t2_max: 186.38 us, round:302721
t2_jitter: 89.08 us

PMU diff samples: 321175
AVG DIFF LL_CACHE_RD: 99.13
AVG DIFF LL_CACHE_MISS_RD: 42.71
AVG DIFF L2D_CACHE_REFILL: 42.83
AVG DIFF L2D_CACHE_INVAL: 0.00
[cur diff] DIFF LL_CACHE_RD: 8, DIFF LL_CACHE_MISS_RD: 7, MISS_RATE: 87.50%
[cur diff] DIFF L2D_CACHE_REFILL: 1
[cur diff] DIFF L2D_CACHE_INVAL: 0
[max diff] DIFF LL_CACHE_RD: 175, DIFF LL_CACHE_MISS_RD: 135, MISS_RATE: 77.14%
[max diff] DIFF L2D_CACHE_REFILL: 135
[max diff] DIFF L2D_CACHE_INVAL: 0

===========================================================
taskpendcnt:323217
t0:2750 ns
t1:4333 ns
t2:102750 ns
benchmark: Franka-derived Cartesian-impedance kernel, input trace:8, timer period:1.000 ms
controller source: franka_ros2 jazzy@73a1501d, updates:323239, SVD sweeps:5
pose error:[0.010000 0.015000 0.010000 -0.000000 0.049979 -0.000000]
tau[0:6]:[-1.839419 -0.921560 -1.193198 -1.195971 -0.861243 0.113634 -0.461388]
kernel exec min/avg/max: 94.50 / 97.36 / 123.08 us, samples:323249
pressure status:1, copy rounds total/window:1371/10, 4.40 rounds/s
pressure logical copy:13710.00 MiB total, approx 44.00 MiB/s, checksum:1825749073920
pressure report window:2.272918 s
t0_region>
[1]:58557
[2]:116162
[3]:96749
[4]:24898
[5]:4757
[6]:3136
[7]:4531
[8]:6056
[9]:3647
[10]:1439
[11]:934
[12]:673
[13]:581
[14]:415
[15]:273
[16]:194
[17]:111
[18]:83
[19]:28
[20]:14
[21]:5
[22]:3
[24]:1
[25]:7
[26]:1
[27]:2
[28]:2
[30]:2
[31]:2
[32]:1
[33]:2
[35]:2
[36]:2
[47]:1
[54]:1

t1_region>
[2]:2000
[3]:19751
[4]:24605
[5]:24387
[6]:45305
[7]:63900
[8]:63448
[9]:35068
[10]:13796
[11]:4347
[12]:1894
[13]:1495
[14]:1429
[15]:1621
[16]:2724
[17]:4473
[18]:3699
[19]:1706
[20]:817
[21]:657
[22]:648
[23]:618
[24]:593
[25]:512
[26]:474
[27]:484
[28]:429
[29]:357
[30]:326
[31]:329
[32]:284
[33]:230
[34]:218
[35]:173
[36]:160
[37]:106
[38]:72
[39]:39
[40]:30
[41]:19
[42]:18
[43]:8
[44]:8
[45]:6
[46]:7
[47]:3
[48]:2
[49]:2
[53]:1
[54]:1
[55]:1
[56]:1
[58]:3
[59]:3
[61]:2
[64]:3
[65]:2
[68]:3
[69]:3
[70]:1
[72]:2
[74]:1

t2_region>
[97]:332
[98]:6254
[99]:8211
[100]:17184
[101]:22510
[102]:28344
[103]:37717
[104]:47462
[105]:54266
[106]:36578
[107]:15612
[108]:8366
[109]:7122
[110]:5527
[111]:3184
[112]:1874
[113]:1798
[114]:2773
[115]:3422
[116]:2751
[117]:1508
[118]:1032
[119]:1078
[120]:872
[121]:715
[122]:587
[123]:537
[124]:517
[125]:490
[126]:436
[127]:408
[128]:419
[129]:386
[130]:352
[131]:355
[132]:291
[133]:319
[134]:275
[135]:233
[136]:199
[137]:181
[138]:142
[139]:125
[140]:114
[141]:85
[142]:72
[143]:58
[144]:53
[145]:57
[146]:34
[147]:28
[148]:24
[149]:16
[150]:14
[151]:8
[152]:6
[153]:7
[154]:5
[156]:2
[157]:1
[159]:1
[160]:2
[161]:3
[163]:2
[165]:1
[166]:2
[167]:2
[168]:2
[170]:2
[172]:2
[173]:3
[174]:2
[175]:1
[177]:1
[179]:1
[180]:1
[182]:1
[186]:1

t0_min: 1.08 us, round:1998
t0_max: 54.29 us, round:302719
t0_jitter: 53.21 us

t1_min: 2.67 us, round:2027
t1_max: 74.13 us, round:302719
t1_jitter: 71.46 us

t2_min: 97.29 us, round:6326
t2_max: 186.38 us, round:302721
t2_jitter: 89.08 us

PMU diff samples: 323448
AVG DIFF LL_CACHE_RD: 99.13
AVG DIFF LL_CACHE_MISS_RD: 42.70
AVG DIFF L2D_CACHE_REFILL: 42.82
AVG DIFF L2D_CACHE_INVAL: 0.00
[cur diff] DIFF LL_CACHE_RD: 6, DIFF LL_CACHE_MISS_RD: 6, MISS_RATE: 100.00%
[cur diff] DIFF L2D_CACHE_REFILL: 3
[cur diff] DIFF L2D_CACHE_INVAL: 0
[max diff] DIFF LL_CACHE_RD: 175, DIFF LL_CACHE_MISS_RD: 135, MISS_RATE: 77.14%
[max diff] DIFF L2D_CACHE_REFILL: 135
[max diff] DIFF L2D_CACHE_INVAL: 0

===========================================================
taskpendcnt:325490
t0:2791 ns
t1:5541 ns
t2:102791 ns
benchmark: Franka-derived Cartesian-impedance kernel, input trace:8, timer period:1.000 ms
controller source: franka_ros2 jazzy@73a1501d, updates:325512, SVD sweeps:5
pose error:[0.010000 0.015000 0.010000 -0.000000 0.049979 -0.000000]
tau[0:6]:[-0.274004 -0.324180 0.001577 -0.231466 0.050986 -0.328952 0.010844]
kernel exec min/avg/max: 94.50 / 97.36 / 123.08 us, samples:325522
pressure status:1, copy rounds total/window:1380/9, 3.96 rounds/s
pressure logical copy:13800.00 MiB total, approx 39.60 MiB/s, checksum:1837734297600
pressure report window:2.272805 s
t0_region>
[1]:58926
[2]:117058
[3]:97493
[4]:25049
[5]:4776
[6]:3143
[7]:4557
[8]:6096
[9]:3668
[10]:1440
[11]:934
[12]:673
[13]:581
[14]:415
[15]:273
[16]:194
[17]:111
[18]:83
[19]:28
[20]:14
[21]:5
[22]:3
[24]:1
[25]:7
[26]:1
[27]:2
[28]:2
[30]:2
[31]:2
[32]:1
[33]:2
[35]:2
[36]:2
[47]:1
[54]:1

t1_region>
[2]:2015
[3]:19857
[4]:24748
[5]:24596
[6]:45654
[7]:64411
[8]:63931
[9]:35282
[10]:13896
[11]:4382
[12]:1901
[13]:1498
[14]:1434
[15]:1630
[16]:2740
[17]:4508
[18]:3725
[19]:1712
[20]:817
[21]:657
[22]:648
[23]:618
[24]:593
[25]:512
[26]:474
[27]:484
[28]:429
[29]:357
[30]:326
[31]:329
[32]:284
[33]:230
[34]:218
[35]:173
[36]:160
[37]:106
[38]:72
[39]:39
[40]:30
[41]:19
[42]:18
[43]:8
[44]:8
[45]:6
[46]:7
[47]:3
[48]:2
[49]:2
[53]:1
[54]:1
[55]:1
[56]:1
[58]:3
[59]:3
[61]:2
[64]:3
[65]:2
[68]:3
[69]:3
[70]:1
[72]:2
[74]:1

t2_region>
[97]:332
[98]:6274
[99]:8265
[100]:17280
[101]:22688
[102]:28575
[103]:37976
[104]:47867
[105]:54677
[106]:36826
[107]:15722
[108]:8423
[109]:7158
[110]:5569
[111]:3207
[112]:1882
[113]:1805
[114]:2793
[115]:3450
[116]:2766
[117]:1516
[118]:1036
[119]:1082
[120]:877
[121]:718
[122]:587
[123]:537
[124]:517
[125]:490
[126]:436
[127]:408
[128]:419
[129]:386
[130]:352
[131]:355
[132]:291
[133]:319
[134]:275
[135]:233
[136]:199
[137]:181
[138]:142
[139]:125
[140]:114
[141]:85
[142]:72
[143]:58
[144]:53
[145]:57
[146]:34
[147]:28
[148]:24
[149]:16
[150]:14
[151]:8
[152]:6
[153]:7
[154]:5
[156]:2
[157]:1
[159]:1
[160]:2
[161]:3
[163]:2
[165]:1
[166]:2
[167]:2
[168]:2
[170]:2
[172]:2
[173]:3
[174]:2
[175]:1
[177]:1
[179]:1
[180]:1
[182]:1
[186]:1

t0_min: 1.08 us, round:1998
t0_max: 54.29 us, round:302719
t0_jitter: 53.21 us

t1_min: 2.67 us, round:2027
t1_max: 74.13 us, round:302719
t1_jitter: 71.46 us

t2_min: 97.29 us, round:6326
t2_max: 186.38 us, round:302721
t2_jitter: 89.08 us

PMU diff samples: 325720
AVG DIFF LL_CACHE_RD: 99.12
AVG DIFF LL_CACHE_MISS_RD: 42.70
AVG DIFF L2D_CACHE_REFILL: 42.82
AVG DIFF L2D_CACHE_INVAL: 0.00
[cur diff] DIFF LL_CACHE_RD: 16, DIFF LL_CACHE_MISS_RD: 9, MISS_RATE: 56.25%
[cur diff] DIFF L2D_CACHE_REFILL: 2
[cur diff] DIFF L2D_CACHE_INVAL: 0
[max diff] DIFF LL_CACHE_RD: 175, DIFF LL_CACHE_MISS_RD: 135, MISS_RATE: 77.14%
[max diff] DIFF L2D_CACHE_REFILL: 135
[max diff] DIFF L2D_CACHE_INVAL: 0

===========================================================
taskpendcnt:327763
t0:2541 ns
t1:3833 ns
t2:101375 ns
benchmark: Franka-derived Cartesian-impedance kernel, input trace:8, timer period:1.000 ms
controller source: franka_ros2 jazzy@73a1501d, updates:327785, SVD sweeps:5
pose error:[0.010000 0.015000 0.010000 -0.000000 0.049979 -0.000000]
tau[0:6]:[0.839771 0.130674 0.617691 0.624912 0.653099 -0.592692 0.265887]
kernel exec min/avg/max: 94.50 / 97.35 / 123.08 us, samples:327795
pressure status:1, copy rounds total/window:1390/10, 4.40 rounds/s
pressure logical copy:13900.00 MiB total, approx 44.00 MiB/s, checksum:1851051212800
pressure report window:2.272762 s
t0_region>
[1]:59311
[2]:117976
[3]:98148
[4]:25246
[5]:4798
[6]:3150
[7]:4580
[8]:6135
[9]:3693
[10]:1442
[11]:934
[12]:673
[13]:581
[14]:415
[15]:273
[16]:194
[17]:111
[18]:83
[19]:28
[20]:14
[21]:5
[22]:3
[24]:1
[25]:7
[26]:1
[27]:2
[28]:2
[30]:2
[31]:2
[32]:1
[33]:2
[35]:2
[36]:2
[47]:1
[54]:1

t1_region>
[2]:2027
[3]:19976
[4]:24897
[5]:24798
[6]:46006
[7]:64915
[8]:64378
[9]:35538
[10]:13989
[11]:4412
[12]:1913
[13]:1499
[14]:1437
[15]:1638
[16]:2754
[17]:4542
[18]:3751
[19]:1723
[20]:817
[21]:657
[22]:648
[23]:618
[24]:593
[25]:512
[26]:474
[27]:484
[28]:429
[29]:357
[30]:326
[31]:329
[32]:284
[33]:230
[34]:218
[35]:173
[36]:160
[37]:106
[38]:72
[39]:39
[40]:30
[41]:19
[42]:18
[43]:8
[44]:8
[45]:6
[46]:7
[47]:3
[48]:2
[49]:2
[53]:1
[54]:1
[55]:1
[56]:1
[58]:3
[59]:3
[61]:2
[64]:3
[65]:2
[68]:3
[69]:3
[70]:1
[72]:2
[74]:1

t2_region>
[97]:332
[98]:6292
[99]:8315
[100]:17399
[101]:22848
[102]:28808
[103]:38255
[104]:48237
[105]:55105
[106]:37064
[107]:15803
[108]:8482
[109]:7223
[110]:5620
[111]:3224
[112]:1897
[113]:1810
[114]:2807
[115]:3484
[116]:2783
[117]:1528
[118]:1036
[119]:1087
[120]:877
[121]:719
[122]:589
[123]:537
[124]:517
[125]:490
[126]:436
[127]:408
[128]:419
[129]:386
[130]:352
[131]:355
[132]:291
[133]:319
[134]:275
[135]:233
[136]:199
[137]:181
[138]:142
[139]:125
[140]:114
[141]:85
[142]:72
[143]:58
[144]:53
[145]:57
[146]:34
[147]:28
[148]:24
[149]:16
[150]:14
[151]:8
[152]:6
[153]:7
[154]:5
[156]:2
[157]:1
[159]:1
[160]:2
[161]:3
[163]:2
[165]:1
[166]:2
[167]:2
[168]:2
[170]:2
[172]:2
[173]:3
[174]:2
[175]:1
[177]:1
[179]:1
[180]:1
[182]:1
[186]:1

t0_min: 1.08 us, round:1998
t0_max: 54.29 us, round:302719
t0_jitter: 53.21 us

t1_min: 2.67 us, round:2027
t1_max: 74.13 us, round:302719
t1_jitter: 71.46 us

t2_min: 97.29 us, round:6326
t2_max: 186.38 us, round:302721
t2_jitter: 89.08 us

PMU diff samples: 327993
AVG DIFF LL_CACHE_RD: 99.12
AVG DIFF LL_CACHE_MISS_RD: 42.70
AVG DIFF L2D_CACHE_REFILL: 42.82
AVG DIFF L2D_CACHE_INVAL: 0.00
[cur diff] DIFF LL_CACHE_RD: 3, DIFF LL_CACHE_MISS_RD: 2, MISS_RATE: 66.67%
[cur diff] DIFF L2D_CACHE_REFILL: 4
[cur diff] DIFF L2D_CACHE_INVAL: 0
[max diff] DIFF LL_CACHE_RD: 175, DIFF LL_CACHE_MISS_RD: 135, MISS_RATE: 77.14%
[max diff] DIFF L2D_CACHE_REFILL: 135
[max diff] DIFF L2D_CACHE_INVAL: 0

===========================================================
taskpendcnt:330036
t0:2291 ns
t1:5041 ns
t2:102291 ns
benchmark: Franka-derived Cartesian-impedance kernel, input trace:8, timer period:1.000 ms
controller source: franka_ros2 jazzy@73a1501d, updates:330058, SVD sweeps:5
pose error:[0.010000 0.015000 0.010000 -0.000000 0.049979 -0.000000]
tau[0:6]:[1.228026 0.081850 0.819520 0.875435 0.745706 -0.833381 0.398995]
kernel exec min/avg/max: 94.50 / 97.35 / 123.08 us, samples:330068
pressure status:1, copy rounds total/window:1400/10, 4.40 rounds/s
pressure logical copy:14000.00 MiB total, approx 44.00 MiB/s, checksum:1864368128000
pressure report window:2.272971 s
t0_region>
[1]:59664
[2]:118923
[3]:98849
[4]:25418
[5]:4820
[6]:3164
[7]:4598
[8]:6166
[9]:3707
[10]:1442
[11]:934
[12]:673
[13]:581
[14]:415
[15]:273
[16]:194
[17]:111
[18]:83
[19]:28
[20]:14
[21]:5
[22]:3
[24]:1
[25]:7
[26]:1
[27]:2
[28]:2
[30]:2
[31]:2
[32]:1
[33]:2
[35]:2
[36]:2
[47]:1
[54]:1

t1_region>
[2]:2044
[3]:20076
[4]:25060
[5]:24979
[6]:46373
[7]:65433
[8]:64833
[9]:35802
[10]:14084
[11]:4434
[12]:1920
[13]:1510
[14]:1444
[15]:1644
[16]:2769
[17]:4565
[18]:3769
[19]:1727
[20]:817
[21]:657
[22]:648
[23]:618
[24]:593
[25]:512
[26]:474
[27]:484
[28]:429
[29]:357
[30]:326
[31]:329
[32]:284
[33]:230
[34]:218
[35]:173
[36]:160
[37]:106
[38]:72
[39]:39
[40]:30
[41]:19
[42]:18
[43]:8
[44]:8
[45]:6
[46]:7
[47]:3
[48]:2
[49]:2
[53]:1
[54]:1
[55]:1
[56]:1
[58]:3
[59]:3
[61]:2
[64]:3
[65]:2
[68]:3
[69]:3
[70]:1
[72]:2
[74]:1

t2_region>
[97]:332
[98]:6311
[99]:8365
[100]:17504
[101]:22998
[102]:29024
[103]:38556
[104]:48621
[105]:55533
[106]:37325
[107]:15929
[108]:8533
[109]:7273
[110]:5658
[111]:3241
[112]:1910
[113]:1814
[114]:2822
[115]:3501
[116]:2798
[117]:1532
[118]:1038
[119]:1088
[120]:881
[121]:720
[122]:589
[123]:537
[124]:517
[125]:490
[126]:436
[127]:408
[128]:419
[129]:386
[130]:352
[131]:355
[132]:291
[133]:319
[134]:275
[135]:233
[136]:199
[137]:181
[138]:142
[139]:125
[140]:114
[141]:85
[142]:72
[143]:58
[144]:53
[145]:57
[146]:34
[147]:28
[148]:24
[149]:16
[150]:14
[151]:8
[152]:6
[153]:7
[154]:5
[156]:2
[157]:1
[159]:1
[160]:2
[161]:3
[163]:2
[165]:1
[166]:2
[167]:2
[168]:2
[170]:2
[172]:2
[173]:3
[174]:2
[175]:1
[177]:1
[179]:1
[180]:1
[182]:1
[186]:1

t0_min: 1.08 us, round:1998
t0_max: 54.29 us, round:302719
t0_jitter: 53.21 us

t1_min: 2.67 us, round:2027
t1_max: 74.13 us, round:302719
t1_jitter: 71.46 us

t2_min: 97.29 us, round:6326
t2_max: 186.38 us, round:302721
t2_jitter: 89.08 us

PMU diff samples: 330266
AVG DIFF LL_CACHE_RD: 99.11
AVG DIFF LL_CACHE_MISS_RD: 42.69
AVG DIFF L2D_CACHE_REFILL: 42.81
AVG DIFF L2D_CACHE_INVAL: 0.00
[cur diff] DIFF LL_CACHE_RD: 9, DIFF LL_CACHE_MISS_RD: 8, MISS_RATE: 88.89%
[cur diff] DIFF L2D_CACHE_REFILL: 1
[cur diff] DIFF L2D_CACHE_INVAL: 0
[max diff] DIFF LL_CACHE_RD: 175, DIFF LL_CACHE_MISS_RD: 135, MISS_RATE: 77.14%
[max diff] DIFF L2D_CACHE_REFILL: 135
[max diff] DIFF L2D_CACHE_INVAL: 0

===========================================================
taskpendcnt:332309
t0:2041 ns
t1:4500 ns
t2:100875 ns
benchmark: Franka-derived Cartesian-impedance kernel, input trace:8, timer period:1.000 ms
controller source: franka_ros2 jazzy@73a1501d, updates:332331, SVD sweeps:5
pose error:[0.010000 0.015000 0.010000 -0.000000 0.049979 -0.000000]
tau[0:6]:[1.376914 -0.104433 0.790225 0.843903 0.642107 -0.956178 0.423547]
kernel exec min/avg/max: 94.50 / 97.35 / 123.08 us, samples:332341
pressure status:1, copy rounds total/window:1409/9, 3.96 rounds/s
pressure logical copy:14090.00 MiB total, approx 39.59 MiB/s, checksum:1876353351680
pressure report window:2.273082 s
t0_region>
[1]:60069
[2]:119845
[3]:99507
[4]:25592
[5]:4841
[6]:3170
[7]:4627
[8]:6204
[9]:3723
[10]:1446
[11]:934
[12]:673
[13]:581
[14]:415
[15]:273
[16]:194
[17]:111
[18]:83
[19]:28
[20]:14
[21]:5
[22]:3
[24]:1
[25]:7
[26]:1
[27]:2
[28]:2
[30]:2
[31]:2
[32]:1
[33]:2
[35]:2
[36]:2
[47]:1
[54]:1

t1_region>
[2]:2056
[3]:20200
[4]:25204
[5]:25167
[6]:46746
[7]:65947
[8]:65279
[9]:36055
[10]:14171
[11]:4455
[12]:1929
[13]:1516
[14]:1451
[15]:1648
[16]:2790
[17]:4601
[18]:3792
[19]:1732
[20]:817
[21]:657
[22]:648
[23]:618
[24]:593
[25]:512
[26]:474
[27]:484
[28]:429
[29]:357
[30]:326
[31]:329
[32]:284
[33]:230
[34]:218
[35]:173
[36]:160
[37]:106
[38]:72
[39]:39
[40]:30
[41]:19
[42]:18
[43]:8
[44]:8
[45]:6
[46]:7
[47]:3
[48]:2
[49]:2
[53]:1
[54]:1
[55]:1
[56]:1
[58]:3
[59]:3
[61]:2
[64]:3
[65]:2
[68]:3
[69]:3
[70]:1
[72]:2
[74]:1

t2_region>
[97]:332
[98]:6328
[99]:8409
[100]:17614
[101]:23168
[102]:29254
[103]:38871
[104]:49004
[105]:55933
[106]:37558
[107]:16035
[108]:8590
[109]:7329
[110]:5698
[111]:3260
[112]:1917
[113]:1819
[114]:2842
[115]:3522
[116]:2811
[117]:1544
[118]:1042
[119]:1095
[120]:884
[121]:722
[122]:589
[123]:537
[124]:517
[125]:490
[126]:436
[127]:408
[128]:419
[129]:386
[130]:352
[131]:355
[132]:291
[133]:319
[134]:275
[135]:233
[136]:199
[137]:181
[138]:142
[139]:125
[140]:114
[141]:85
[142]:72
[143]:58
[144]:53
[145]:57
[146]:34
[147]:28
[148]:24
[149]:16
[150]:14
[151]:8
[152]:6
[153]:7
[154]:5
[156]:2
[157]:1
[159]:1
[160]:2
[161]:3
[163]:2
[165]:1
[166]:2
[167]:2
[168]:2
[170]:2
[172]:2
[173]:3
[174]:2
[175]:1
[177]:1
[179]:1
[180]:1
[182]:1
[186]:1

t0_min: 1.08 us, round:1998
t0_max: 54.29 us, round:302719
t0_jitter: 53.21 us

t1_min: 2.67 us, round:2027
t1_max: 74.13 us, round:302719
t1_jitter: 71.46 us

t2_min: 97.29 us, round:6326
t2_max: 186.38 us, round:302721
t2_jitter: 89.08 us

PMU diff samples: 332539
AVG DIFF LL_CACHE_RD: 99.11
AVG DIFF LL_CACHE_MISS_RD: 42.69
AVG DIFF L2D_CACHE_REFILL: 42.81
AVG DIFF L2D_CACHE_INVAL: 0.00
[cur diff] DIFF LL_CACHE_RD: 15, DIFF LL_CACHE_MISS_RD: 11, MISS_RATE: 73.33%
[cur diff] DIFF L2D_CACHE_REFILL: 1
[cur diff] DIFF L2D_CACHE_INVAL: 0
[max diff] DIFF LL_CACHE_RD: 175, DIFF LL_CACHE_MISS_RD: 135, MISS_RATE: 77.14%
[max diff] DIFF L2D_CACHE_REFILL: 135
[max diff] DIFF L2D_CACHE_INVAL: 0

===========================================================
taskpendcnt:334582
t0:4125 ns
t1:5125 ns
t2:101208 ns
benchmark: Franka-derived Cartesian-impedance kernel, input trace:8, timer period:1.000 ms
controller source: franka_ros2 jazzy@73a1501d, updates:334604, SVD sweeps:5
pose error:[0.010000 0.015000 0.010000 -0.000000 0.049979 -0.000000]
tau[0:6]:[-0.567483 -0.552304 -0.482512 -0.231067 -0.297494 -0.656094 -0.085004]
kernel exec min/avg/max: 94.50 / 97.35 / 123.08 us, samples:334614
pressure status:1, copy rounds total/window:1419/10, 4.40 rounds/s
pressure logical copy:14190.00 MiB total, approx 43.99 MiB/s, checksum:1889670266880
pressure report window:2.273447 s
t0_region>
[1]:60455
[2]:120719
[3]:100214
[4]:25790
[5]:4863
[6]:3178
[7]:4657
[8]:6239
[9]:3736
[10]:1447
[11]:934
[12]:673
[13]:581
[14]:415
[15]:273
[16]:194
[17]:111
[18]:83
[19]:28
[20]:14
[21]:5
[22]:3
[24]:1
[25]:7
[26]:1
[27]:2
[28]:2
[30]:2
[31]:2
[32]:1
[33]:2
[35]:2
[36]:2
[47]:1
[54]:1

t1_region>
[2]:2071
[3]:20311
[4]:25366
[5]:25335
[6]:47111
[7]:66485
[8]:65718
[9]:36293
[10]:14275
[11]:4487
[12]:1944
[13]:1517
[14]:1452
[15]:1656
[16]:2810
[17]:4641
[18]:3806
[19]:1735
[20]:817
[21]:657
[22]:648
[23]:618
[24]:593
[25]:512
[26]:474
[27]:484
[28]:429
[29]:357
[30]:326
[31]:329
[32]:284
[33]:230
[34]:218
[35]:173
[36]:160
[37]:106
[38]:72
[39]:39
[40]:30
[41]:19
[42]:18
[43]:8
[44]:8
[45]:6
[46]:7
[47]:3
[48]:2
[49]:2
[53]:1
[54]:1
[55]:1
[56]:1
[58]:3
[59]:3
[61]:2
[64]:3
[65]:2
[68]:3
[69]:3
[70]:1
[72]:2
[74]:1

t2_region>
[97]:332
[98]:6350
[99]:8458
[100]:17722
[101]:23334
[102]:29470
[103]:39190
[104]:49396
[105]:56309
[106]:37799
[107]:16146
[108]:8642
[109]:7388
[110]:5742
[111]:3281
[112]:1929
[113]:1828
[114]:2872
[115]:3547
[116]:2823
[117]:1545
[118]:1045
[119]:1098
[120]:885
[121]:723
[122]:589
[123]:537
[124]:517
[125]:490
[126]:436
[127]:408
[128]:419
[129]:386
[130]:352
[131]:355
[132]:291
[133]:319
[134]:275
[135]:233
[136]:199
[137]:181
[138]:142
[139]:125
[140]:114
[141]:85
[142]:72
[143]:58
[144]:53
[145]:57
[146]:34
[147]:28
[148]:24
[149]:16
[150]:14
[151]:8
[152]:6
[153]:7
[154]:5
[156]:2
[157]:1
[159]:1
[160]:2
[161]:3
[163]:2
[165]:1
[166]:2
[167]:2
[168]:2
[170]:2
[172]:2
[173]:3
[174]:2
[175]:1
[177]:1
[179]:1
[180]:1
[182]:1
[186]:1

t0_min: 1.08 us, round:1998
t0_max: 54.29 us, round:302719
t0_jitter: 53.21 us

t1_min: 2.67 us, round:2027
t1_max: 74.13 us, round:302719
t1_jitter: 71.46 us

t2_min: 97.29 us, round:6326
t2_max: 186.38 us, round:302721
t2_jitter: 89.08 us

PMU diff samples: 334813
AVG DIFF LL_CACHE_RD: 99.11
AVG DIFF LL_CACHE_MISS_RD: 42.68
AVG DIFF L2D_CACHE_REFILL: 42.80
AVG DIFF L2D_CACHE_INVAL: 0.00
[cur diff] DIFF LL_CACHE_RD: 8, DIFF LL_CACHE_MISS_RD: 8, MISS_RATE: 100.00%
[cur diff] DIFF L2D_CACHE_REFILL: 3
[cur diff] DIFF L2D_CACHE_INVAL: 0
[max diff] DIFF LL_CACHE_RD: 175, DIFF LL_CACHE_MISS_RD: 135, MISS_RATE: 77.14%
[max diff] DIFF L2D_CACHE_REFILL: 135
[max diff] DIFF L2D_CACHE_INVAL: 0

===========================================================
taskpendcnt:336856
t0:2250 ns
t1:5291 ns
t2:101958 ns
benchmark: Franka-derived Cartesian-impedance kernel, input trace:8, timer period:1.000 ms
controller source: franka_ros2 jazzy@73a1501d, updates:336878, SVD sweeps:5
pose error:[0.010000 0.015000 0.010000 -0.000000 0.049979 -0.000000]
tau[0:6]:[-2.379368 -1.292411 -1.655224 -1.570015 -1.185234 -0.066588 -0.610247]
kernel exec min/avg/max: 94.50 / 97.35 / 123.08 us, samples:336888
pressure status:1, copy rounds total/window:1429/10, 4.40 rounds/s
pressure logical copy:14290.00 MiB total, approx 43.98 MiB/s, checksum:1902987182080
pressure report window:2.273995 s
t0_region>
[1]:60824
[2]:121633
[3]:100926
[4]:25966
[5]:4883
[6]:3185
[7]:4683
[8]:6268
[9]:3754
[10]:1451
[11]:934
[12]:673
[13]:581
[14]:415
[15]:273
[16]:194
[17]:111
[18]:83
[19]:28
[20]:14
[21]:5
[22]:3
[24]:1
[25]:7
[26]:1
[27]:2
[28]:2
[30]:2
[31]:2
[32]:1
[33]:2
[35]:2
[36]:2
[47]:1
[54]:1

t1_region>
[2]:2080
[3]:20434
[4]:25521
[5]:25505
[6]:47475
[7]:67039
[8]:66205
[9]:36517
[10]:14344
[11]:4505
[12]:1954
[13]:1524
[14]:1453
[15]:1662
[16]:2824
[17]:4674
[18]:3827
[19]:1741
[20]:820
[21]:657
[22]:648
[23]:618
[24]:593
[25]:512
[26]:474
[27]:484
[28]:429
[29]:357
[30]:326
[31]:329
[32]:284
[33]:230
[34]:218
[35]:173
[36]:160
[37]:106
[38]:72
[39]:39
[40]:30
[41]:19
[42]:18
[43]:8
[44]:8
[45]:6
[46]:7
[47]:3
[48]:2
[49]:2
[53]:1
[54]:1
[55]:1
[56]:1
[58]:3
[59]:3
[61]:2
[64]:3
[65]:2
[68]:3
[69]:3
[70]:1
[72]:2
[74]:1

t2_region>
[97]:332
[98]:6361
[99]:8519
[100]:17832
[101]:23494
[102]:29684
[103]:39484
[104]:49812
[105]:56730
[106]:38080
[107]:16236
[108]:8677
[109]:7423
[110]:5778
[111]:3305
[112]:1933
[113]:1833
[114]:2893
[115]:3572
[116]:2840
[117]:1551
[118]:1050
[119]:1100
[120]:886
[121]:723
[122]:589
[123]:537
[124]:517
[125]:490
[126]:436
[127]:408
[128]:419
[129]:386
[130]:352
[131]:355
[132]:291
[133]:319
[134]:275
[135]:233
[136]:199
[137]:181
[138]:142
[139]:125
[140]:114
[141]:85
[142]:72
[143]:58
[144]:53
[145]:57
[146]:34
[147]:28
[148]:24
[149]:16
[150]:14
[151]:8
[152]:6
[153]:7
[154]:5
[156]:2
[157]:1
[159]:1
[160]:2
[161]:3
[163]:2
[165]:1
[166]:2
[167]:2
[168]:2
[170]:2
[172]:2
[173]:3
[174]:2
[175]:1
[177]:1
[179]:1
[180]:1
[182]:1
[186]:1

t0_min: 1.08 us, round:1998
t0_max: 54.29 us, round:302719
t0_jitter: 53.21 us

t1_min: 2.67 us, round:2027
t1_max: 74.13 us, round:302719
t1_jitter: 71.46 us

t2_min: 97.29 us, round:6326
t2_max: 186.38 us, round:302721
t2_jitter: 89.08 us

PMU diff samples: 337087
AVG DIFF LL_CACHE_RD: 99.10
AVG DIFF LL_CACHE_MISS_RD: 42.67
AVG DIFF L2D_CACHE_REFILL: 42.79
AVG DIFF L2D_CACHE_INVAL: 0.00
[cur diff] DIFF LL_CACHE_RD: 12, DIFF LL_CACHE_MISS_RD: 8, MISS_RATE: 66.67%
[cur diff] DIFF L2D_CACHE_REFILL: 3
[cur diff] DIFF L2D_CACHE_INVAL: 0
[max diff] DIFF LL_CACHE_RD: 175, DIFF LL_CACHE_MISS_RD: 135, MISS_RATE: 77.14%
[max diff] DIFF L2D_CACHE_REFILL: 135
[max diff] DIFF L2D_CACHE_INVAL: 0

===========================================================
taskpendcnt:339130
t0:2708 ns
t1:5166 ns
t2:100666 ns
benchmark: Franka-derived Cartesian-impedance kernel, input trace:8, timer period:1.000 ms
controller source: franka_ros2 jazzy@73a1501d, updates:339152, SVD sweeps:5
pose error:[0.010000 0.015000 0.010000 -0.000000 0.049979 -0.000000]
tau[0:6]:[-0.274004 -0.324180 0.001577 -0.231466 0.050986 -0.328952 0.010844]
kernel exec min/avg/max: 94.50 / 97.35 / 123.08 us, samples:339162
pressure status:1, copy rounds total/window:1438/9, 3.96 rounds/s
pressure logical copy:14380.00 MiB total, approx 39.58 MiB/s, checksum:1914972405760
pressure report window:2.273772 s
t0_region>
[1]:61189
[2]:122546
[3]:101639
[4]:26133
[5]:4909
[6]:3196
[7]:4705
[8]:6305
[9]:3770
[10]:1454
[11]:934
[12]:673
[13]:581
[14]:415
[15]:273
[16]:194
[17]:111
[18]:83
[19]:28
[20]:14
[21]:5
[22]:3
[24]:1
[25]:7
[26]:1
[27]:2
[28]:2
[30]:2
[31]:2
[32]:1
[33]:2
[35]:2
[36]:2
[47]:1
[54]:1

t1_region>
[2]:2099
[3]:20541
[4]:25681
[5]:25691
[6]:47801
[7]:67554
[8]:66672
[9]:36764
[10]:14451
[11]:4535
[12]:1966
[13]:1536
[14]:1458
[15]:1665
[16]:2840
[17]:4706
[18]:3845
[19]:1752
[20]:820
[21]:657
[22]:648
[23]:618
[24]:593
[25]:512
[26]:474
[27]:484
[28]:429
[29]:357
[30]:326
[31]:329
[32]:284
[33]:230
[34]:218
[35]:173
[36]:160
[37]:106
[38]:72
[39]:39
[40]:30
[41]:19
[42]:18
[43]:8
[44]:8
[45]:6
[46]:7
[47]:3
[48]:2
[49]:2
[53]:1
[54]:1
[55]:1
[56]:1
[58]:3
[59]:3
[61]:2
[64]:3
[65]:2
[68]:3
[69]:3
[70]:1
[72]:2
[74]:1

t2_region>
[97]:332
[98]:6383
[99]:8564
[100]:17944
[101]:23650
[102]:29910
[103]:39763
[104]:50186
[105]:57155
[106]:38313
[107]:16350
[108]:8739
[109]:7480
[110]:5828
[111]:3329
[112]:1946
[113]:1841
[114]:2913
[115]:3591
[116]:2854
[117]:1560
[118]:1052
[119]:1106
[120]:890
[121]:723
[122]:590
[123]:537
[124]:517
[125]:490
[126]:436
[127]:408
[128]:419
[129]:386
[130]:352
[131]:355
[132]:291
[133]:319
[134]:275
[135]:233
[136]:199
[137]:181
[138]:142
[139]:125
[140]:114
[141]:85
[142]:72
[143]:58
[144]:53
[145]:57
[146]:34
[147]:28
[148]:24
[149]:16
[150]:14
[151]:8
[152]:6
[153]:7
[154]:5
[156]:2
[157]:1
[159]:1
[160]:2
[161]:3
[163]:2
[165]:1
[166]:2
[167]:2
[168]:2
[170]:2
[172]:2
[173]:3
[174]:2
[175]:1
[177]:1
[179]:1
[180]:1
[182]:1
[186]:1

t0_min: 1.08 us, round:1998
t0_max: 54.29 us, round:302719
t0_jitter: 53.21 us

t1_min: 2.67 us, round:2027
t1_max: 74.13 us, round:302719
t1_jitter: 71.46 us

t2_min: 97.29 us, round:6326
t2_max: 186.38 us, round:302721
t2_jitter: 89.08 us

PMU diff samples: 339361
AVG DIFF LL_CACHE_RD: 99.10
AVG DIFF LL_CACHE_MISS_RD: 42.67
AVG DIFF L2D_CACHE_REFILL: 42.79
AVG DIFF L2D_CACHE_INVAL: 0.00
[cur diff] DIFF LL_CACHE_RD: 8, DIFF LL_CACHE_MISS_RD: 5, MISS_RATE: 62.50%
[cur diff] DIFF L2D_CACHE_REFILL: 2
[cur diff] DIFF L2D_CACHE_INVAL: 0
[max diff] DIFF LL_CACHE_RD: 175, DIFF LL_CACHE_MISS_RD: 135, MISS_RATE: 77.14%
[max diff] DIFF L2D_CACHE_REFILL: 135
[max diff] DIFF L2D_CACHE_INVAL: 0

===========================================================
taskpendcnt:341403
t0:3333 ns
t1:5208 ns
t2:103333 ns
benchmark: Franka-derived Cartesian-impedance kernel, input trace:8, timer period:1.000 ms
controller source: franka_ros2 jazzy@73a1501d, updates:341425, SVD sweeps:5
pose error:[0.010000 0.015000 0.010000 -0.000000 0.049979 -0.000000]
tau[0:6]:[0.839771 0.130674 0.617691 0.624912 0.653099 -0.592692 0.265887]
kernel exec min/avg/max: 94.50 / 97.35 / 123.08 us, samples:341435
pressure status:1, copy rounds total/window:1448/10, 4.40 rounds/s
pressure logical copy:14480.00 MiB total, approx 44.00 MiB/s, checksum:1928289320960
pressure report window:2.272741 s
t0_region>
[1]:61590
[2]:123395
[3]:102391
[4]:26306
[5]:4927
[6]:3210
[7]:4724
[8]:6335
[9]:3785
[10]:1455
[11]:934
[12]:673
[13]:581
[14]:415
[15]:273
[16]:194
[17]:111
[18]:83
[19]:28
[20]:14
[21]:5
[22]:3
[24]:1
[25]:7
[26]:1
[27]:2
[28]:2
[30]:2
[31]:2
[32]:1
[33]:2
[35]:2
[36]:2
[47]:1
[54]:1

t1_region>
[2]:2108
[3]:20657
[4]:25830
[5]:25876
[6]:48154
[7]:68075
[8]:67145
[9]:37043
[10]:14526
[11]:4553
[12]:1979
[13]:1544
[14]:1464
[15]:1672
[16]:2859
[17]:4727
[18]:3863
[19]:1755
[20]:820
[21]:657
[22]:648
[23]:618
[24]:593
[25]:512
[26]:474
[27]:484
[28]:429
[29]:357
[30]:326
[31]:329
[32]:284
[33]:230
[34]:218
[35]:173
[36]:160
[37]:106
[38]:72
[39]:39
[40]:30
[41]:19
[42]:18
[43]:8
[44]:8
[45]:6
[46]:7
[47]:3
[48]:2
[49]:2
[53]:1
[54]:1
[55]:1
[56]:1
[58]:3
[59]:3
[61]:2
[64]:3
[65]:2
[68]:3
[69]:3
[70]:1
[72]:2
[74]:1

t2_region>
[97]:332
[98]:6404
[99]:8606
[100]:18061
[101]:23808
[102]:30122
[103]:40048
[104]:50564
[105]:57576
[106]:38604
[107]:16460
[108]:8792
[109]:7529
[110]:5867
[111]:3345
[112]:1957
[113]:1850
[114]:2931
[115]:3610
[116]:2866
[117]:1562
[118]:1056
[119]:1107
[120]:893
[121]:723
[122]:591
[123]:537
[124]:517
[125]:490
[126]:436
[127]:408
[128]:419
[129]:386
[130]:352
[131]:355
[132]:291
[133]:319
[134]:275
[135]:233
[136]:199
[137]:181
[138]:142
[139]:125
[140]:114
[141]:85
[142]:72
[143]:58
[144]:53
[145]:57
[146]:34
[147]:28
[148]:24
[149]:16
[150]:14
[151]:8
[152]:6
[153]:7
[154]:5
[156]:2
[157]:1
[159]:1
[160]:2
[161]:3
[163]:2
[165]:1
[166]:2
[167]:2
[168]:2
[170]:2
[172]:2
[173]:3
[174]:2
[175]:1
[177]:1
[179]:1
[180]:1
[182]:1
[186]:1

t0_min: 1.08 us, round:1998
t0_max: 54.29 us, round:302719
t0_jitter: 53.21 us

t1_min: 2.67 us, round:2027
t1_max: 74.13 us, round:302719
t1_jitter: 71.46 us

t2_min: 97.29 us, round:6326
t2_max: 186.38 us, round:302721
t2_jitter: 89.08 us

PMU diff samples: 341633
AVG DIFF LL_CACHE_RD: 99.10
AVG DIFF LL_CACHE_MISS_RD: 42.66
AVG DIFF L2D_CACHE_REFILL: 42.78
AVG DIFF L2D_CACHE_INVAL: 0.00
[cur diff] DIFF LL_CACHE_RD: 5, DIFF LL_CACHE_MISS_RD: 3, MISS_RATE: 60.00%
[cur diff] DIFF L2D_CACHE_REFILL: 2
[cur diff] DIFF L2D_CACHE_INVAL: 0
[max diff] DIFF LL_CACHE_RD: 175, DIFF LL_CACHE_MISS_RD: 135, MISS_RATE: 77.14%
[max diff] DIFF L2D_CACHE_REFILL: 135
[max diff] DIFF L2D_CACHE_INVAL: 0

===========================================================
taskpendcnt:343676
t0:2208 ns
t1:4958 ns
t2:101333 ns
benchmark: Franka-derived Cartesian-impedance kernel, input trace:8, timer period:1.000 ms
controller source: franka_ros2 jazzy@73a1501d, updates:343698, SVD sweeps:5
pose error:[0.010000 0.015000 0.010000 -0.000000 0.049979 -0.000000]
tau[0:6]:[1.228026 0.081850 0.819520 0.875435 0.745706 -0.833381 0.398995]
kernel exec min/avg/max: 94.50 / 97.35 / 123.08 us, samples:343708
pressure status:1, copy rounds total/window:1457/9, 3.96 rounds/s
pressure logical copy:14570.00 MiB total, approx 39.60 MiB/s, checksum:1940274544640
pressure report window:2.272982 s
t0_region>
[1]:61985
[2]:124256
[3]:103104
[4]:26497
[5]:4947
[6]:3221
[7]:4748
[8]:6375
[9]:3802
[10]:1457
[11]:934
[12]:673
[13]:581
[14]:415
[15]:273
[16]:194
[17]:111
[18]:83
[19]:28
[20]:14
[21]:5
[22]:3
[24]:1
[25]:7
[26]:1
[27]:2
[28]:2
[30]:2
[31]:2
[32]:1
[33]:2
[35]:2
[36]:2
[47]:1
[54]:1

t1_region>
[2]:2121
[3]:20777
[4]:25981
[5]:26067
[6]:48527
[7]:68546
[8]:67619
[9]:37288
[10]:14626
[11]:4590
[12]:1982
[13]:1545
[14]:1467
[15]:1681
[16]:2885
[17]:4751
[18]:3887
[19]:1761
[20]:822
[21]:657
[22]:648
[23]:618
[24]:593
[25]:512
[26]:474
[27]:484
[28]:429
[29]:357
[30]:326
[31]:329
[32]:284
[33]:230
[34]:218
[35]:173
[36]:160
[37]:106
[38]:72
[39]:39
[40]:30
[41]:19
[42]:18
[43]:8
[44]:8
[45]:6
[46]:7
[47]:3
[48]:2
[49]:2
[53]:1
[54]:1
[55]:1
[56]:1
[58]:3
[59]:3
[61]:2
[64]:3
[65]:2
[68]:3
[69]:3
[70]:1
[72]:2
[74]:1

t2_region>
[97]:332
[98]:6424
[99]:8654
[100]:18176
[101]:23973
[102]:30351
[103]:40330
[104]:50958
[105]:57953
[106]:38886
[107]:16573
[108]:8845
[109]:7572
[110]:5905
[111]:3366
[112]:1961
[113]:1859
[114]:2955
[115]:3627
[116]:2879
[117]:1570
[118]:1059
[119]:1113
[120]:900
[121]:724
[122]:592
[123]:537
[124]:517
[125]:490
[126]:436
[127]:408
[128]:419
[129]:386
[130]:352
[131]:355
[132]:291
[133]:319
[134]:275
[135]:233
[136]:199
[137]:181
[138]:142
[139]:125
[140]:114
[141]:85
[142]:72
[143]:58
[144]:53
[145]:57
[146]:34
[147]:28
[148]:24
[149]:16
[150]:14
[151]:8
[152]:6
[153]:7
[154]:5
[156]:2
[157]:1
[159]:1
[160]:2
[161]:3
[163]:2
[165]:1
[166]:2
[167]:2
[168]:2
[170]:2
[172]:2
[173]:3
[174]:2
[175]:1
[177]:1
[179]:1
[180]:1
[182]:1
[186]:1

t0_min: 1.08 us, round:1998
t0_max: 54.29 us, round:302719
t0_jitter: 53.21 us

t1_min: 2.67 us, round:2027
t1_max: 74.13 us, round:302719
t1_jitter: 71.46 us

t2_min: 97.29 us, round:6326
t2_max: 186.38 us, round:302721
t2_jitter: 89.08 us

PMU diff samples: 343906
AVG DIFF LL_CACHE_RD: 99.08
AVG DIFF LL_CACHE_MISS_RD: 42.66
AVG DIFF L2D_CACHE_REFILL: 42.78
AVG DIFF L2D_CACHE_INVAL: 0.00
[cur diff] DIFF LL_CACHE_RD: 13, DIFF LL_CACHE_MISS_RD: 10, MISS_RATE: 76.92%
[cur diff] DIFF L2D_CACHE_REFILL: 2
[cur diff] DIFF L2D_CACHE_INVAL: 0
[max diff] DIFF LL_CACHE_RD: 175, DIFF LL_CACHE_MISS_RD: 135, MISS_RATE: 77.14%
[max diff] DIFF L2D_CACHE_REFILL: 135
[max diff] DIFF L2D_CACHE_INVAL: 0

===========================================================
taskpendcnt:345949
t0:2833 ns
t1:5875 ns
t2:100500 ns
benchmark: Franka-derived Cartesian-impedance kernel, input trace:8, timer period:1.000 ms
controller source: franka_ros2 jazzy@73a1501d, updates:345971, SVD sweeps:5
pose error:[0.010000 0.015000 0.010000 -0.000000 0.049979 -0.000000]
tau[0:6]:[1.376914 -0.104433 0.790225 0.843903 0.642107 -0.956178 0.423547]
kernel exec min/avg/max: 94.50 / 97.35 / 123.08 us, samples:345981
pressure status:1, copy rounds total/window:1467/10, 4.40 rounds/s
pressure logical copy:14670.00 MiB total, approx 43.99 MiB/s, checksum:1953591459840
pressure report window:2.273109 s
t0_region>
[1]:62365
[2]:125149
[3]:103826
[4]:26665
[5]:4966
[6]:3229
[7]:4780
[8]:6410
[9]:3816
[10]:1459
[11]:934
[12]:673
[13]:581
[14]:415
[15]:273
[16]:194
[17]:111
[18]:83
[19]:28
[20]:14
[21]:5
[22]:3
[24]:1
[25]:7
[26]:1
[27]:2
[28]:2
[30]:2
[31]:2
[32]:1
[33]:2
[35]:2
[36]:2
[47]:1
[54]:1

t1_region>
[2]:2133
[3]:20893
[4]:26135
[5]:26253
[6]:48890
[7]:69063
[8]:68066
[9]:37557
[10]:14707
[11]:4616
[12]:1992
[13]:1550
[14]:1472
[15]:1690
[16]:2899
[17]:4781
[18]:3909
[19]:1766
[20]:825
[21]:657
[22]:648
[23]:618
[24]:593
[25]:512
[26]:474
[27]:484
[28]:429
[29]:357
[30]:326
[31]:329
[32]:284
[33]:230
[34]:218
[35]:173
[36]:160
[37]:106
[38]:72
[39]:39
[40]:30
[41]:19
[42]:18
[43]:8
[44]:8
[45]:6
[46]:7
[47]:3
[48]:2
[49]:2
[53]:1
[54]:1
[55]:1
[56]:1
[58]:3
[59]:3
[61]:2
[64]:3
[65]:2
[68]:3
[69]:3
[70]:1
[72]:2
[74]:1

t2_region>
[97]:332
[98]:6446
[99]:8699
[100]:18291
[101]:24130
[102]:30574
[103]:40636
[104]:51348
[105]:58355
[106]:39121
[107]:16664
[108]:8921
[109]:7623
[110]:5942
[111]:3395
[112]:1974
[113]:1871
[114]:2971
[115]:3650
[116]:2900
[117]:1579
[118]:1060
[119]:1113
[120]:900
[121]:724
[122]:592
[123]:537
[124]:517
[125]:490
[126]:436
[127]:408
[128]:419
[129]:386
[130]:352
[131]:355
[132]:291
[133]:319
[134]:275
[135]:233
[136]:199
[137]:181
[138]:142
[139]:125
[140]:114
[141]:85
[142]:72
[143]:58
[144]:53
[145]:57
[146]:34
[147]:28
[148]:24
[149]:16
[150]:14
[151]:8
[152]:6
[153]:7
[154]:5
[156]:2
[157]:1
[159]:1
[160]:2
[161]:3
[163]:2
[165]:1
[166]:2
[167]:2
[168]:2
[170]:2
[172]:2
[173]:3
[174]:2
[175]:1
[177]:1
[179]:1
[180]:1
[182]:1
[186]:1

t0_min: 1.08 us, round:1998
t0_max: 54.29 us, round:302719
t0_jitter: 53.21 us

t1_min: 2.67 us, round:2027
t1_max: 74.13 us, round:302719
t1_jitter: 71.46 us

t2_min: 97.29 us, round:6326
t2_max: 186.38 us, round:302721
t2_jitter: 89.08 us

PMU diff samples: 346179
AVG DIFF LL_CACHE_RD: 99.09
AVG DIFF LL_CACHE_MISS_RD: 42.65
AVG DIFF L2D_CACHE_REFILL: 42.77
AVG DIFF L2D_CACHE_INVAL: 0.00
[cur diff] DIFF LL_CACHE_RD: 4, DIFF LL_CACHE_MISS_RD: 3, MISS_RATE: 75.00%
[cur diff] DIFF L2D_CACHE_REFILL: 2
[cur diff] DIFF L2D_CACHE_INVAL: 0
[max diff] DIFF LL_CACHE_RD: 175, DIFF LL_CACHE_MISS_RD: 135, MISS_RATE: 77.14%
[max diff] DIFF L2D_CACHE_REFILL: 135
[max diff] DIFF L2D_CACHE_INVAL: 0

===========================================================
taskpendcnt:348222
t0:2875 ns
t1:5333 ns
t2:102583 ns
benchmark: Franka-derived Cartesian-impedance kernel, input trace:8, timer period:1.000 ms
controller source: franka_ros2 jazzy@73a1501d, updates:348244, SVD sweeps:5
pose error:[0.010000 0.015000 0.010000 -0.000000 0.049979 -0.000000]
tau[0:6]:[-0.567483 -0.552304 -0.482512 -0.231067 -0.297494 -0.656094 -0.085004]
kernel exec min/avg/max: 94.50 / 97.35 / 123.08 us, samples:348254
pressure status:1, copy rounds total/window:1477/10, 4.40 rounds/s
pressure logical copy:14770.00 MiB total, approx 43.99 MiB/s, checksum:1966908375040
pressure report window:2.273389 s
t0_region>
[1]:62746
[2]:126047
[3]:104556
[4]:26831
[5]:4983
[6]:3238
[7]:4802
[8]:6439
[9]:3836
[10]:1460
[11]:934
[12]:673
[13]:581
[14]:415
[15]:273
[16]:194
[17]:111
[18]:83
[19]:28
[20]:14
[21]:5
[22]:3
[24]:1
[25]:7
[26]:1
[27]:2
[28]:2
[30]:2
[31]:2
[32]:1
[33]:2
[35]:2
[36]:2
[47]:1
[54]:1

t1_region>
[2]:2149
[3]:21005
[4]:26293
[5]:26441
[6]:49234
[7]:69596
[8]:68540
[9]:37805
[10]:14789
[11]:4639
[12]:2000
[13]:1556
[14]:1479
[15]:1699
[16]:2911
[17]:4803
[18]:3930
[19]:1776
[20]:825
[21]:657
[22]:648
[23]:618
[24]:593
[25]:512
[26]:474
[27]:484
[28]:429
[29]:357
[30]:326
[31]:329
[32]:284
[33]:230
[34]:218
[35]:173
[36]:160
[37]:106
[38]:72
[39]:39
[40]:30
[41]:19
[42]:18
[43]:8
[44]:8
[45]:6
[46]:7
[47]:3
[48]:2
[49]:2
[53]:1
[54]:1
[55]:1
[56]:1
[58]:3
[59]:3
[61]:2
[64]:3
[65]:2
[68]:3
[69]:3
[70]:1
[72]:2
[74]:1

t2_region>
[97]:332
[98]:6469
[99]:8743
[100]:18403
[101]:24302
[102]:30795
[103]:40928
[104]:51745
[105]:58772
[106]:39378
[107]:16760
[108]:8979
[109]:7667
[110]:5977
[111]:3414
[112]:1984
[113]:1883
[114]:2985
[115]:3671
[116]:2916
[117]:1585
[118]:1061
[119]:1116
[120]:904
[121]:724
[122]:592
[123]:537
[124]:517
[125]:490
[126]:436
[127]:408
[128]:419
[129]:386
[130]:352
[131]:355
[132]:291
[133]:319
[134]:275
[135]:233
[136]:199
[137]:181
[138]:142
[139]:125
[140]:114
[141]:85
[142]:72
[143]:58
[144]:53
[145]:57
[146]:34
[147]:28
[148]:24
[149]:16
[150]:14
[151]:8
[152]:6
[153]:7
[154]:5
[156]:2
[157]:1
[159]:1
[160]:2
[161]:3
[163]:2
[165]:1
[166]:2
[167]:2
[168]:2
[170]:2
[172]:2
[173]:3
[174]:2
[175]:1
[177]:1
[179]:1
[180]:1
[182]:1
[186]:1

t0_min: 1.08 us, round:1998
t0_max: 54.29 us, round:302719
t0_jitter: 53.21 us

t1_min: 2.67 us, round:2027
t1_max: 74.13 us, round:302719
t1_jitter: 71.46 us

t2_min: 97.29 us, round:6326
t2_max: 186.38 us, round:302721
t2_jitter: 89.08 us

PMU diff samples: 348453
AVG DIFF LL_CACHE_RD: 99.09
AVG DIFF LL_CACHE_MISS_RD: 42.64
AVG DIFF L2D_CACHE_REFILL: 42.76
AVG DIFF L2D_CACHE_INVAL: 0.00
[cur diff] DIFF LL_CACHE_RD: 12, DIFF LL_CACHE_MISS_RD: 11, MISS_RATE: 91.67%
[cur diff] DIFF L2D_CACHE_REFILL: 2
[cur diff] DIFF L2D_CACHE_INVAL: 0
[max diff] DIFF LL_CACHE_RD: 175, DIFF LL_CACHE_MISS_RD: 135, MISS_RATE: 77.14%
[max diff] DIFF L2D_CACHE_REFILL: 135
[max diff] DIFF L2D_CACHE_INVAL: 0

===========================================================
taskpendcnt:350496
t0:2750 ns
t1:5208 ns
t2:103333 ns
benchmark: Franka-derived Cartesian-impedance kernel, input trace:8, timer period:1.000 ms
controller source: franka_ros2 jazzy@73a1501d, updates:350518, SVD sweeps:5
pose error:[0.010000 0.015000 0.010000 -0.000000 0.049979 -0.000000]
tau[0:6]:[-2.379368 -1.292411 -1.655224 -1.570015 -1.185234 -0.066588 -0.610247]
kernel exec min/avg/max: 94.50 / 97.35 / 123.08 us, samples:350528
pressure status:1, copy rounds total/window:1486/9, 3.96 rounds/s
pressure logical copy:14860.00 MiB total, approx 39.58 MiB/s, checksum:1978893598720
pressure report window:2.273986 s
t0_region>
[1]:63122
[2]:126938
[3]:105300
[4]:26981
[5]:4999
[6]:3249
[7]:4827
[8]:6478
[9]:3856
[10]:1461
[11]:934
[12]:673
[13]:581
[14]:415
[15]:273
[16]:194
[17]:111
[18]:83
[19]:28
[20]:14
[21]:5
[22]:3
[24]:1
[25]:7
[26]:1
[27]:2
[28]:2
[30]:2
[31]:2
[32]:1
[33]:2
[35]:2
[36]:2
[47]:1
[54]:1

t1_region>
[2]:2160
[3]:21122
[4]:26441
[5]:26639
[6]:49599
[7]:70086
[8]:69042
[9]:38043
[10]:14872
[11]:4657
[12]:2006
[13]:1557
[14]:1483
[15]:1708
[16]:2931
[17]:4832
[18]:3952
[19]:1785
[20]:826
[21]:658
[22]:650
[23]:618
[24]:593
[25]:512
[26]:474
[27]:484
[28]:429
[29]:357
[30]:326
[31]:329
[32]:284
[33]:230
[34]:218
[35]:173
[36]:160
[37]:106
[38]:72
[39]:39
[40]:30
[41]:19
[42]:18
[43]:8
[44]:8
[45]:6
[46]:7
[47]:3
[48]:2
[49]:2
[53]:1
[54]:1
[55]:1
[56]:1
[58]:3
[59]:3
[61]:2
[64]:3
[65]:2
[68]:3
[69]:3
[70]:1
[72]:2
[74]:1

t2_region>
[97]:332
[98]:6492
[99]:8793
[100]:18515
[101]:24458
[102]:31027
[103]:41195
[104]:52115
[105]:59202
[106]:39636
[107]:16893
[108]:9033
[109]:7719
[110]:6001
[111]:3428
[112]:1990
[113]:1899
[114]:2993
[115]:3695
[116]:2935
[117]:1595
[118]:1069
[119]:1119
[120]:907
[121]:725
[122]:592
[123]:537
[124]:517
[125]:490
[126]:436
[127]:408
[128]:419
[129]:386
[130]:352
[131]:355
[132]:291
[133]:319
[134]:275
[135]:233
[136]:199
[137]:181
[138]:142
[139]:125
[140]:114
[141]:85
[142]:72
[143]:58
[144]:53
[145]:57
[146]:34
[147]:28
[148]:24
[149]:16
[150]:14
[151]:8
[152]:6
[153]:7
[154]:5
[156]:2
[157]:1
[159]:1
[160]:2
[161]:3
[163]:2
[165]:1
[166]:2
[167]:2
[168]:2
[170]:2
[172]:2
[173]:3
[174]:2
[175]:1
[177]:1
[179]:1
[180]:1
[182]:1
[186]:1

t0_min: 1.08 us, round:1998
t0_max: 54.29 us, round:302719
t0_jitter: 53.21 us

t1_min: 2.67 us, round:2027
t1_max: 74.13 us, round:302719
t1_jitter: 71.46 us

t2_min: 97.29 us, round:6326
t2_max: 186.38 us, round:302721
t2_jitter: 89.08 us

PMU diff samples: 350727
AVG DIFF LL_CACHE_RD: 99.08
AVG DIFF LL_CACHE_MISS_RD: 42.64
AVG DIFF L2D_CACHE_REFILL: 42.76
AVG DIFF L2D_CACHE_INVAL: 0.00
[cur diff] DIFF LL_CACHE_RD: 2, DIFF LL_CACHE_MISS_RD: 2, MISS_RATE: 100.00%
[cur diff] DIFF L2D_CACHE_REFILL: 3
[cur diff] DIFF L2D_CACHE_INVAL: 0
[max diff] DIFF LL_CACHE_RD: 175, DIFF LL_CACHE_MISS_RD: 135, MISS_RATE: 77.14%
[max diff] DIFF L2D_CACHE_REFILL: 135
[max diff] DIFF L2D_CACHE_INVAL: 0

===========================================================
taskpendcnt:352769
t0:2791 ns
t1:4666 ns
t2:101625 ns
benchmark: Franka-derived Cartesian-impedance kernel, input trace:8, timer period:1.000 ms
controller source: franka_ros2 jazzy@73a1501d, updates:352791, SVD sweeps:5
pose error:[0.010000 0.015000 0.010000 -0.000000 0.049979 -0.000000]
tau[0:6]:[-1.839419 -0.921560 -1.193198 -1.195971 -0.861243 0.113634 -0.461388]
kernel exec min/avg/max: 94.50 / 97.35 / 123.08 us, samples:352801
pressure status:1, copy rounds total/window:1496/10, 4.40 rounds/s
pressure logical copy:14960.00 MiB total, approx 44.00 MiB/s, checksum:1992210513920
pressure report window:2.272953 s
t0_region>
[1]:63487
[2]:127820
[3]:106040
[4]:27157
[5]:5019
[6]:3256
[7]:4854
[8]:6516
[9]:3872
[10]:1464
[11]:934
[12]:673
[13]:581
[14]:415
[15]:273
[16]:194
[17]:111
[18]:83
[19]:28
[20]:14
[21]:5
[22]:3
[24]:1
[25]:7
[26]:1
[27]:2
[28]:2
[30]:2
[31]:2
[32]:1
[33]:2
[35]:2
[36]:2
[47]:1
[54]:1

t1_region>
[2]:2174
[3]:21229
[4]:26589
[5]:26842
[6]:49943
[7]:70580
[8]:69546
[9]:38283
[10]:14966
[11]:4678
[12]:2015
[13]:1562
[14]:1484
[15]:1712
[16]:2952
[17]:4864
[18]:3976
[19]:1791
[20]:827
[21]:658
[22]:650
[23]:618
[24]:593
[25]:512
[26]:474
[27]:484
[28]:429
[29]:357
[30]:326
[31]:329
[32]:284
[33]:230
[34]:218
[35]:173
[36]:160
[37]:106
[38]:72
[39]:39
[40]:30
[41]:19
[42]:18
[43]:8
[44]:8
[45]:6
[46]:7
[47]:3
[48]:2
[49]:2
[53]:1
[54]:1
[55]:1
[56]:1
[58]:3
[59]:3
[61]:2
[64]:3
[65]:2
[68]:3
[69]:3
[70]:1
[72]:2
[74]:1

t2_region>
[97]:332
[98]:6516
[99]:8835
[100]:18623
[101]:24640
[102]:31256
[103]:41461
[104]:52490
[105]:59612
[106]:39891
[107]:16996
[108]:9093
[109]:7796
[110]:6037
[111]:3444
[112]:1993
[113]:1904
[114]:3014
[115]:3728
[116]:2957
[117]:1599
[118]:1070
[119]:1119
[120]:908
[121]:725
[122]:592
[123]:537
[124]:517
[125]:490
[126]:436
[127]:408
[128]:419
[129]:386
[130]:352
[131]:355
[132]:291
[133]:319
[134]:275
[135]:233
[136]:199
[137]:181
[138]:142
[139]:125
[140]:114
[141]:85
[142]:72
[143]:58
[144]:53
[145]:57
[146]:34
[147]:28
[148]:24
[149]:16
[150]:14
[151]:8
[152]:6
[153]:7
[154]:5
[156]:2
[157]:1
[159]:1
[160]:2
[161]:3
[163]:2
[165]:1
[166]:2
[167]:2
[168]:2
[170]:2
[172]:2
[173]:3
[174]:2
[175]:1
[177]:1
[179]:1
[180]:1
[182]:1
[186]:1

t0_min: 1.08 us, round:1998
t0_max: 54.29 us, round:302719
t0_jitter: 53.21 us

t1_min: 2.67 us, round:2027
t1_max: 74.13 us, round:302719
t1_jitter: 71.46 us

t2_min: 97.29 us, round:6326
t2_max: 186.38 us, round:302721
t2_jitter: 89.08 us

PMU diff samples: 353000
AVG DIFF LL_CACHE_RD: 99.09
AVG DIFF LL_CACHE_MISS_RD: 42.64
AVG DIFF L2D_CACHE_REFILL: 42.76
AVG DIFF L2D_CACHE_INVAL: 0.00
[cur diff] DIFF LL_CACHE_RD: 7, DIFF LL_CACHE_MISS_RD: 5, MISS_RATE: 71.43%
[cur diff] DIFF L2D_CACHE_REFILL: 1
[cur diff] DIFF L2D_CACHE_INVAL: 0
[max diff] DIFF LL_CACHE_RD: 175, DIFF LL_CACHE_MISS_RD: 135, MISS_RATE: 77.14%
[max diff] DIFF L2D_CACHE_REFILL: 135
[max diff] DIFF L2D_CACHE_INVAL: 0

===========================================================
taskpendcnt:355042
t0:2250 ns
t1:4708 ns
t2:101666 ns
benchmark: Franka-derived Cartesian-impedance kernel, input trace:8, timer period:1.000 ms
controller source: franka_ros2 jazzy@73a1501d, updates:355064, SVD sweeps:5
pose error:[0.010000 0.015000 0.010000 -0.000000 0.049979 -0.000000]
tau[0:6]:[-0.274004 -0.324180 0.001577 -0.231466 0.050986 -0.328952 0.010844]
kernel exec min/avg/max: 94.50 / 97.34 / 123.08 us, samples:355074
pressure status:1, copy rounds total/window:1506/10, 4.40 rounds/s
pressure logical copy:15060.00 MiB total, approx 44.00 MiB/s, checksum:2005527429120
pressure report window:2.272823 s
t0_region>
[1]:63824
[2]:128690
[3]:106826
[4]:27328
[5]:5056
[6]:3265
[7]:4872
[8]:6542
[9]:3888
[10]:1467
[11]:934
[12]:673
[13]:581
[14]:415
[15]:273
[16]:194
[17]:111
[18]:83
[19]:28
[20]:14
[21]:5
[22]:3
[24]:1
[25]:7
[26]:1
[27]:2
[28]:2
[30]:2
[31]:2
[32]:1
[33]:2
[35]:2
[36]:2
[47]:1
[54]:1

t1_region>
[2]:2187
[3]:21344
[4]:26730
[5]:27015
[6]:50287
[7]:71103
[8]:70033
[9]:38536
[10]:15059
[11]:4714
[12]:2031
[13]:1567
[14]:1487
[15]:1717
[16]:2968
[17]:4886
[18]:3994
[19]:1798
[20]:828
[21]:658
[22]:651
[23]:618
[24]:593
[25]:512
[26]:474
[27]:484
[28]:429
[29]:357
[30]:326
[31]:329
[32]:284
[33]:230
[34]:218
[35]:173
[36]:160
[37]:106
[38]:72
[39]:39
[40]:30
[41]:19
[42]:18
[43]:8
[44]:8
[45]:6
[46]:7
[47]:3
[48]:2
[49]:2
[53]:1
[54]:1
[55]:1
[56]:1
[58]:3
[59]:3
[61]:2
[64]:3
[65]:2
[68]:3
[69]:3
[70]:1
[72]:2
[74]:1

t2_region>
[97]:332
[98]:6536
[99]:8876
[100]:18738
[101]:24801
[102]:31453
[103]:41741
[104]:52878
[105]:60004
[106]:40207
[107]:17122
[108]:9147
[109]:7826
[110]:6082
[111]:3473
[112]:2002
[113]:1912
[114]:3035
[115]:3744
[116]:2972
[117]:1609
[118]:1070
[119]:1120
[120]:908
[121]:725
[122]:592
[123]:537
[124]:517
[125]:490
[126]:436
[127]:408
[128]:419
[129]:386
[130]:352
[131]:355
[132]:291
[133]:319
[134]:275
[135]:233
[136]:199
[137]:181
[138]:142
[139]:125
[140]:114
[141]:85
[142]:72
[143]:58
[144]:53
[145]:57
[146]:34
[147]:28
[148]:24
[149]:16
[150]:14
[151]:8
[152]:6
[153]:7
[154]:5
[156]:2
[157]:1
[159]:1
[160]:2
[161]:3
[163]:2
[165]:1
[166]:2
[167]:2
[168]:2
[170]:2
[172]:2
[173]:3
[174]:2
[175]:1
[177]:1
[179]:1
[180]:1
[182]:1
[186]:1

t0_min: 1.08 us, round:1998
t0_max: 54.29 us, round:302719
t0_jitter: 53.21 us

t1_min: 2.67 us, round:2027
t1_max: 74.13 us, round:302719
t1_jitter: 71.46 us

t2_min: 97.29 us, round:6326
t2_max: 186.38 us, round:302721
t2_jitter: 89.08 us

PMU diff samples: 355273
AVG DIFF LL_CACHE_RD: 99.08
AVG DIFF LL_CACHE_MISS_RD: 42.63
AVG DIFF L2D_CACHE_REFILL: 42.75
AVG DIFF L2D_CACHE_INVAL: 0.00
[cur diff] DIFF LL_CACHE_RD: 6, DIFF LL_CACHE_MISS_RD: 5, MISS_RATE: 83.33%
[cur diff] DIFF L2D_CACHE_REFILL: 2
[cur diff] DIFF L2D_CACHE_INVAL: 0
[max diff] DIFF LL_CACHE_RD: 175, DIFF LL_CACHE_MISS_RD: 135, MISS_RATE: 77.14%
[max diff] DIFF L2D_CACHE_REFILL: 135
[max diff] DIFF L2D_CACHE_INVAL: 0

===========================================================
taskpendcnt:357315
t0:2291 ns
t1:5041 ns
t2:102291 ns
benchmark: Franka-derived Cartesian-impedance kernel, input trace:8, timer period:1.000 ms
controller source: franka_ros2 jazzy@73a1501d, updates:357337, SVD sweeps:5
pose error:[0.010000 0.015000 0.010000 -0.000000 0.049979 -0.000000]
tau[0:6]:[0.839771 0.130674 0.617691 0.624912 0.653099 -0.592692 0.265887]
kernel exec min/avg/max: 94.50 / 97.34 / 123.08 us, samples:357347
pressure status:1, copy rounds total/window:1515/9, 3.96 rounds/s
pressure logical copy:15150.00 MiB total, approx 39.60 MiB/s, checksum:2017512652800
pressure report window:2.272719 s
t0_region>
[1]:64192
[2]:129561
[3]:107575
[4]:27502
[5]:5074
[6]:3279
[7]:4886
[8]:6586
[9]:3906
[10]:1469
[11]:934
[12]:673
[13]:581
[14]:415
[15]:273
[16]:194
[17]:111
[18]:83
[19]:28
[20]:14
[21]:5
[22]:3
[24]:1
[25]:7
[26]:1
[27]:2
[28]:2
[30]:2
[31]:2
[32]:1
[33]:2
[35]:2
[36]:2
[47]:1
[54]:1

t1_region>
[2]:2202
[3]:21458
[4]:26871
[5]:27204
[6]:50645
[7]:71623
[8]:70501
[9]:38787
[10]:15157
[11]:4730
[12]:2037
[13]:1573
[14]:1494
[15]:1725
[16]:2983
[17]:4914
[18]:4023
[19]:1803
[20]:828
[21]:658
[22]:651
[23]:618
[24]:593
[25]:512
[26]:474
[27]:484
[28]:429
[29]:357
[30]:326
[31]:329
[32]:284
[33]:230
[34]:218
[35]:173
[36]:160
[37]:106
[38]:72
[39]:39
[40]:30
[41]:19
[42]:18
[43]:8
[44]:8
[45]:6
[46]:7
[47]:3
[48]:2
[49]:2
[53]:1
[54]:1
[55]:1
[56]:1
[58]:3
[59]:3
[61]:2
[64]:3
[65]:2
[68]:3
[69]:3
[70]:1
[72]:2
[74]:1

t2_region>
[97]:332
[98]:6558
[99]:8918
[100]:18859
[101]:24964
[102]:31644
[103]:42048
[104]:53289
[105]:60399
[106]:40465
[107]:17215
[108]:9207
[109]:7868
[110]:6136
[111]:3493
[112]:2008
[113]:1919
[114]:3051
[115]:3769
[116]:2987
[117]:1614
[118]:1076
[119]:1127
[120]:911
[121]:726
[122]:592
[123]:537
[124]:517
[125]:490
[126]:436
[127]:408
[128]:419
[129]:386
[130]:352
[131]:355
[132]:291
[133]:319
[134]:275
[135]:233
[136]:199
[137]:181
[138]:142
[139]:125
[140]:114
[141]:85
[142]:72
[143]:58
[144]:53
[145]:57
[146]:34
[147]:28
[148]:24
[149]:16
[150]:14
[151]:8
[152]:6
[153]:7
[154]:5
[156]:2
[157]:1
[159]:1
[160]:2
[161]:3
[163]:2
[165]:1
[166]:2
[167]:2
[168]:2
[170]:2
[172]:2
[173]:3
[174]:2
[175]:1
[177]:1
[179]:1
[180]:1
[182]:1
[186]:1

t0_min: 1.08 us, round:1998
t0_max: 54.29 us, round:302719
t0_jitter: 53.21 us

t1_min: 2.67 us, round:2027
t1_max: 74.13 us, round:302719
t1_jitter: 71.46 us

t2_min: 97.29 us, round:6326
t2_max: 186.38 us, round:302721
t2_jitter: 89.08 us

PMU diff samples: 357545
AVG DIFF LL_CACHE_RD: 99.08
AVG DIFF LL_CACHE_MISS_RD: 42.63
AVG DIFF L2D_CACHE_REFILL: 42.75
AVG DIFF L2D_CACHE_INVAL: 0.00
[cur diff] DIFF LL_CACHE_RD: 9, DIFF LL_CACHE_MISS_RD: 6, MISS_RATE: 66.67%
[cur diff] DIFF L2D_CACHE_REFILL: 1
[cur diff] DIFF L2D_CACHE_INVAL: 0
[max diff] DIFF LL_CACHE_RD: 175, DIFF LL_CACHE_MISS_RD: 135, MISS_RATE: 77.14%
[max diff] DIFF L2D_CACHE_REFILL: 135
[max diff] DIFF L2D_CACHE_INVAL: 0

===========================================================
taskpendcnt:359588
t0:2333 ns
t1:4791 ns
t2:102625 ns
benchmark: Franka-derived Cartesian-impedance kernel, input trace:8, timer period:1.000 ms
controller source: franka_ros2 jazzy@73a1501d, updates:359610, SVD sweeps:5
pose error:[0.010000 0.015000 0.010000 -0.000000 0.049979 -0.000000]
tau[0:6]:[1.228026 0.081850 0.819520 0.875435 0.745706 -0.833381 0.398995]
kernel exec min/avg/max: 94.50 / 97.34 / 123.08 us, samples:359620
pressure status:1, copy rounds total/window:1525/10, 4.40 rounds/s
pressure logical copy:15250.00 MiB total, approx 43.99 MiB/s, checksum:2030829568000
pressure report window:2.272997 s
t0_region>
[1]:64586
[2]:130421
[3]:108314
[4]:27671
[5]:5101
[6]:3285
[7]:4917
[8]:6614
[9]:3921
[10]:1473
[11]:934
[12]:673
[13]:581
[14]:415
[15]:273
[16]:194
[17]:111
[18]:83
[19]:28
[20]:14
[21]:5
[22]:3
[24]:1
[25]:7
[26]:1
[27]:2
[28]:2
[30]:2
[31]:2
[32]:1
[33]:2
[35]:2
[36]:2
[47]:1
[54]:1

t1_region>
[2]:2215
[3]:21567
[4]:27038
[5]:27392
[6]:50974
[7]:72082
[8]:71014
[9]:39051
[10]:15258
[11]:4765
[12]:2047
[13]:1575
[14]:1495
[15]:1733
[16]:3011
[17]:4937
[18]:4037
[19]:1809
[20]:831
[21]:658
[22]:651
[23]:618
[24]:593
[25]:512
[26]:474
[27]:484
[28]:429
[29]:357
[30]:326
[31]:329
[32]:284
[33]:230
[34]:218
[35]:173
[36]:160
[37]:106
[38]:72
[39]:39
[40]:30
[41]:19
[42]:18
[43]:8
[44]:8
[45]:6
[46]:7
[47]:3
[48]:2
[49]:2
[53]:1
[54]:1
[55]:1
[56]:1
[58]:3
[59]:3
[61]:2
[64]:3
[65]:2
[68]:3
[69]:3
[70]:1
[72]:2
[74]:1

t2_region>
[97]:332
[98]:6576
[99]:8963
[100]:18979
[101]:25142
[102]:31861
[103]:42322
[104]:53621
[105]:60836
[106]:40763
[107]:17295
[108]:9271
[109]:7925
[110]:6177
[111]:3515
[112]:2015
[113]:1934
[114]:3075
[115]:3784
[116]:3004
[117]:1615
[118]:1080
[119]:1132
[120]:914
[121]:726
[122]:592
[123]:537
[124]:517
[125]:490
[126]:436
[127]:408
[128]:419
[129]:386
[130]:352
[131]:355
[132]:291
[133]:319
[134]:275
[135]:233
[136]:199
[137]:181
[138]:142
[139]:125
[140]:114
[141]:85
[142]:72
[143]:58
[144]:53
[145]:57
[146]:34
[147]:28
[148]:24
[149]:16
[150]:14
[151]:8
[152]:6
[153]:7
[154]:5
[156]:2
[157]:1
[159]:1
[160]:2
[161]:3
[163]:2
[165]:1
[166]:2
[167]:2
[168]:2
[170]:2
[172]:2
[173]:3
[174]:2
[175]:1
[177]:1
[179]:1
[180]:1
[182]:1
[186]:1

t0_min: 1.08 us, round:1998
t0_max: 54.29 us, round:302719
t0_jitter: 53.21 us

t1_min: 2.67 us, round:2027
t1_max: 74.13 us, round:302719
t1_jitter: 71.46 us

t2_min: 97.29 us, round:6326
t2_max: 186.38 us, round:302721
t2_jitter: 89.08 us

PMU diff samples: 359818
AVG DIFF LL_CACHE_RD: 99.08
AVG DIFF LL_CACHE_MISS_RD: 42.62
AVG DIFF L2D_CACHE_REFILL: 42.74
AVG DIFF L2D_CACHE_INVAL: 0.00
[cur diff] DIFF LL_CACHE_RD: 5, DIFF LL_CACHE_MISS_RD: 4, MISS_RATE: 80.00%
[cur diff] DIFF L2D_CACHE_REFILL: 1
[cur diff] DIFF L2D_CACHE_INVAL: 0
[max diff] DIFF LL_CACHE_RD: 175, DIFF LL_CACHE_MISS_RD: 135, MISS_RATE: 77.14%
[max diff] DIFF L2D_CACHE_REFILL: 135
[max diff] DIFF L2D_CACHE_INVAL: 0

===========================================================
taskpendcnt:361861
t0:2958 ns
t1:5416 ns
t2:101500 ns
benchmark: Franka-derived Cartesian-impedance kernel, input trace:8, timer period:1.000 ms
controller source: franka_ros2 jazzy@73a1501d, updates:361883, SVD sweeps:5
pose error:[0.010000 0.015000 0.010000 -0.000000 0.049979 -0.000000]
tau[0:6]:[1.376914 -0.104433 0.790225 0.843903 0.642107 -0.956178 0.423547]
kernel exec min/avg/max: 94.50 / 97.34 / 123.08 us, samples:361893
pressure status:1, copy rounds total/window:1535/10, 4.40 rounds/s
pressure logical copy:15350.00 MiB total, approx 43.99 MiB/s, checksum:2044146483200
pressure report window:2.273097 s
t0_region>
[1]:64964
[2]:131366
[3]:108995
[4]:27827
[5]:5118
[6]:3294
[7]:4932
[8]:6657
[9]:3948
[10]:1476
[11]:934
[12]:673
[13]:581
[14]:415
[15]:273
[16]:194
[17]:111
[18]:83
[19]:28
[20]:14
[21]:5
[22]:3
[24]:1
[25]:7
[26]:1
[27]:2
[28]:2
[30]:2
[31]:2
[32]:1
[33]:2
[35]:2
[36]:2
[47]:1
[54]:1

t1_region>
[2]:2230
[3]:21680
[4]:27187
[5]:27577
[6]:51356
[7]:72629
[8]:71477
[9]:39267
[10]:15332
[11]:4787
[12]:2052
[13]:1579
[14]:1502
[15]:1736
[16]:3021
[17]:4967
[18]:4071
[19]:1818
[20]:832
[21]:663
[22]:651
[23]:618
[24]:593
[25]:512
[26]:474
[27]:484
[28]:429
[29]:357
[30]:326
[31]:329
[32]:284
[33]:230
[34]:218
[35]:173
[36]:160
[37]:106
[38]:72
[39]:39
[40]:30
[41]:19
[42]:18
[43]:8
[44]:8
[45]:6
[46]:7
[47]:3
[48]:2
[49]:2
[53]:1
[54]:1
[55]:1
[56]:1
[58]:3
[59]:3
[61]:2
[64]:3
[65]:2
[68]:3
[69]:3
[70]:1
[72]:2
[74]:1

t2_region>
[97]:332
[98]:6594
[99]:9005
[100]:19097
[101]:25311
[102]:32074
[103]:42621
[104]:54027
[105]:61255
[106]:41024
[107]:17389
[108]:9319
[109]:7967
[110]:6205
[111]:3528
[112]:2023
[113]:1939
[114]:3089
[115]:3807
[116]:3032
[117]:1623
[118]:1083
[119]:1140
[120]:917
[121]:728
[122]:593
[123]:537
[124]:517
[125]:490
[126]:436
[127]:408
[128]:419
[129]:386
[130]:352
[131]:355
[132]:291
[133]:319
[134]:275
[135]:233
[136]:199
[137]:181
[138]:142
[139]:125
[140]:114
[141]:85
[142]:72
[143]:58
[144]:53
[145]:57
[146]:34
[147]:28
[148]:24
[149]:16
[150]:14
[151]:8
[152]:6
[153]:7
[154]:5
[156]:2
[157]:1
[159]:1
[160]:2
[161]:3
[163]:2
[165]:1
[166]:2
[167]:2
[168]:2
[170]:2
[172]:2
[173]:3
[174]:2
[175]:1
[177]:1
[179]:1
[180]:1
[182]:1
[186]:1

t0_min: 1.08 us, round:1998
t0_max: 54.29 us, round:302719
t0_jitter: 53.21 us

t1_min: 2.67 us, round:2027
t1_max: 74.13 us, round:302719
t1_jitter: 71.46 us

t2_min: 97.29 us, round:6326
t2_max: 186.38 us, round:302721
t2_jitter: 89.08 us

PMU diff samples: 362091
AVG DIFF LL_CACHE_RD: 99.07
AVG DIFF LL_CACHE_MISS_RD: 42.62
AVG DIFF L2D_CACHE_REFILL: 42.74
AVG DIFF L2D_CACHE_INVAL: 0.00
[cur diff] DIFF LL_CACHE_RD: 3, DIFF LL_CACHE_MISS_RD: 3, MISS_RATE: 100.00%
[cur diff] DIFF L2D_CACHE_REFILL: 1
[cur diff] DIFF L2D_CACHE_INVAL: 0
[max diff] DIFF LL_CACHE_RD: 175, DIFF LL_CACHE_MISS_RD: 135, MISS_RATE: 77.14%
[max diff] DIFF L2D_CACHE_REFILL: 135
[max diff] DIFF L2D_CACHE_INVAL: 0

===========================================================
taskpendcnt:364134
t0:2416 ns
t1:4583 ns
t2:101541 ns
benchmark: Franka-derived Cartesian-impedance kernel, input trace:8, timer period:1.000 ms
controller source: franka_ros2 jazzy@73a1501d, updates:364156, SVD sweeps:5
pose error:[0.010000 0.015000 0.010000 -0.000000 0.049979 -0.000000]
tau[0:6]:[-0.567483 -0.552304 -0.482512 -0.231067 -0.297494 -0.656094 -0.085004]
kernel exec min/avg/max: 94.50 / 97.34 / 123.08 us, samples:364166
pressure status:1, copy rounds total/window:1544/9, 3.96 rounds/s
pressure logical copy:15440.00 MiB total, approx 39.59 MiB/s, checksum:2056131706880
pressure report window:2.273423 s
t0_region>
[1]:65322
[2]:132281
[3]:109709
[4]:27995
[5]:5144
[6]:3304
[7]:4946
[8]:6704
[9]:3967
[10]:1478
[11]:934
[12]:673
[13]:581
[14]:415
[15]:273
[16]:194
[17]:111
[18]:83
[19]:28
[20]:14
[21]:5
[22]:3
[24]:1
[25]:7
[26]:1
[27]:2
[28]:2
[30]:2
[31]:2
[32]:1
[33]:2
[35]:2
[36]:2
[47]:1
[54]:1

t1_region>
[2]:2244
[3]:21795
[4]:27333
[5]:27742
[6]:51723
[7]:73087
[8]:71956
[9]:39561
[10]:15424
[11]:4822
[12]:2062
[13]:1585
[14]:1508
[15]:1743
[16]:3037
[17]:4997
[18]:4097
[19]:1825
[20]:832
[21]:663
[22]:651
[23]:618
[24]:593
[25]:512
[26]:474
[27]:484
[28]:429
[29]:357
[30]:326
[31]:329
[32]:284
[33]:230
[34]:218
[35]:173
[36]:160
[37]:106
[38]:72
[39]:39
[40]:30
[41]:19
[42]:18
[43]:8
[44]:8
[45]:6
[46]:7
[47]:3
[48]:2
[49]:2
[53]:1
[54]:1
[55]:1
[56]:1
[58]:3
[59]:3
[61]:2
[64]:3
[65]:2
[68]:3
[69]:3
[70]:1
[72]:2
[74]:1

t2_region>
[97]:332
[98]:6619
[99]:9053
[100]:19196
[101]:25478
[102]:32286
[103]:42899
[104]:54377
[105]:61669
[106]:41308
[107]:17491
[108]:9371
[109]:8029
[110]:6263
[111]:3553
[112]:2032
[113]:1951
[114]:3102
[115]:3829
[116]:3048
[117]:1630
[118]:1087
[119]:1149
[120]:921
[121]:729
[122]:593
[123]:537
[124]:517
[125]:490
[126]:436
[127]:408
[128]:419
[129]:386
[130]:352
[131]:355
[132]:291
[133]:319
[134]:275
[135]:233
[136]:199
[137]:181
[138]:142
[139]:125
[140]:114
[141]:85
[142]:72
[143]:58
[144]:53
[145]:57
[146]:34
[147]:28
[148]:24
[149]:16
[150]:14
[151]:8
[152]:6
[153]:7
[154]:5
[156]:2
[157]:1
[159]:1
[160]:2
[161]:3
[163]:2
[165]:1
[166]:2
[167]:2
[168]:2
[170]:2
[172]:2
[173]:3
[174]:2
[175]:1
[177]:1
[179]:1
[180]:1
[182]:1
[186]:1

t0_min: 1.08 us, round:1998
t0_max: 54.29 us, round:302719
t0_jitter: 53.21 us

t1_min: 2.67 us, round:2027
t1_max: 74.13 us, round:302719
t1_jitter: 71.46 us

t2_min: 97.29 us, round:6326
t2_max: 186.38 us, round:302721
t2_jitter: 89.08 us

PMU diff samples: 364365
AVG DIFF LL_CACHE_RD: 99.08
AVG DIFF LL_CACHE_MISS_RD: 42.62
AVG DIFF L2D_CACHE_REFILL: 42.74
AVG DIFF L2D_CACHE_INVAL: 0.00
[cur diff] DIFF LL_CACHE_RD: 7, DIFF LL_CACHE_MISS_RD: 7, MISS_RATE: 100.00%
[cur diff] DIFF L2D_CACHE_REFILL: 2
[cur diff] DIFF L2D_CACHE_INVAL: 0
[max diff] DIFF LL_CACHE_RD: 175, DIFF LL_CACHE_MISS_RD: 135, MISS_RATE: 77.14%
[max diff] DIFF L2D_CACHE_REFILL: 135
[max diff] DIFF L2D_CACHE_INVAL: 0

===========================================================
taskpendcnt:366407
t0:2750 ns
t1:5500 ns
t2:101583 ns
benchmark: Franka-derived Cartesian-impedance kernel, input trace:8, timer period:1.000 ms
controller source: franka_ros2 jazzy@73a1501d, updates:366429, SVD sweeps:5
pose error:[0.010000 0.015000 0.010000 -0.000000 0.049979 -0.000000]
tau[0:6]:[-2.781770 -1.613002 -1.930139 -1.581803 -1.382951 -0.390599 -0.663394]
kernel exec min/avg/max: 94.50 / 97.34 / 123.08 us, samples:366439
pressure status:1, copy rounds total/window:1554/10, 4.40 rounds/s
pressure logical copy:15540.00 MiB total, approx 43.99 MiB/s, checksum:2069448622080
pressure report window:2.272994 s
t0_region>
[1]:65680
[2]:133220
[3]:110427
[4]:28154
[5]:5156
[6]:3316
[7]:4970
[8]:6737
[9]:3984
[10]:1479
[11]:934
[12]:673
[13]:581
[14]:415
[15]:273
[16]:194
[17]:111
[18]:83
[19]:28
[20]:14
[21]:5
[22]:3
[24]:1
[25]:7
[26]:1
[27]:2
[28]:2
[30]:2
[31]:2
[32]:1
[33]:2
[35]:2
[36]:2
[47]:1
[54]:1

t1_region>
[2]:2259
[3]:21902
[4]:27497
[5]:27934
[6]:52087
[7]:73600
[8]:72438
[9]:39798
[10]:15505
[11]:4846
[12]:2066
[13]:1591
[14]:1510
[15]:1752
[16]:3057
[17]:5018
[18]:4122
[19]:1831
[20]:833
[21]:663
[22]:651
[23]:618
[24]:593
[25]:512
[26]:474
[27]:484
[28]:429
[29]:357
[30]:326
[31]:329
[32]:284
[33]:230
[34]:218
[35]:173
[36]:160
[37]:106
[38]:72
[39]:39
[40]:30
[41]:19
[42]:18
[43]:8
[44]:8
[45]:6
[46]:7
[47]:3
[48]:2
[49]:2
[53]:1
[54]:1
[55]:1
[56]:1
[58]:3
[59]:3
[61]:2
[64]:3
[65]:2
[68]:3
[69]:3
[70]:1
[72]:2
[74]:1

t2_region>
[97]:332
[98]:6633
[99]:9103
[100]:19325
[101]:25645
[102]:32508
[103]:43178
[104]:54783
[105]:62106
[106]:41535
[107]:17576
[108]:9431
[109]:8088
[110]:6292
[111]:3574
[112]:2042
[113]:1960
[114]:3116
[115]:3856
[116]:3062
[117]:1635
[118]:1091
[119]:1153
[120]:922
[121]:730
[122]:593
[123]:537
[124]:517
[125]:490
[126]:436
[127]:408
[128]:419
[129]:386
[130]:352
[131]:355
[132]:291
[133]:319
[134]:275
[135]:233
[136]:199
[137]:181
[138]:142
[139]:125
[140]:114
[141]:85
[142]:72
[143]:58
[144]:53
[145]:57
[146]:34
[147]:28
[148]:24
[149]:16
[150]:14
[151]:8
[152]:6
[153]:7
[154]:5
[156]:2
[157]:1
[159]:1
[160]:2
[161]:3
[163]:2
[165]:1
[166]:2
[167]:2
[168]:2
[170]:2
[172]:2
[173]:3
[174]:2
[175]:1
[177]:1
[179]:1
[180]:1
[182]:1
[186]:1

t0_min: 1.08 us, round:1998
t0_max: 54.29 us, round:302719
t0_jitter: 53.21 us

t1_min: 2.67 us, round:2027
t1_max: 74.13 us, round:302719
t1_jitter: 71.46 us

t2_min: 97.29 us, round:6326
t2_max: 186.38 us, round:302721
t2_jitter: 89.08 us

PMU diff samples: 366638
AVG DIFF LL_CACHE_RD: 99.08
AVG DIFF LL_CACHE_MISS_RD: 42.61
AVG DIFF L2D_CACHE_REFILL: 42.74
AVG DIFF L2D_CACHE_INVAL: 0.00
[cur diff] DIFF LL_CACHE_RD: 11, DIFF LL_CACHE_MISS_RD: 10, MISS_RATE: 90.91%
[cur diff] DIFF L2D_CACHE_REFILL: 1
[cur diff] DIFF L2D_CACHE_INVAL: 0
[max diff] DIFF LL_CACHE_RD: 175, DIFF LL_CACHE_MISS_RD: 135, MISS_RATE: 77.14%
[max diff] DIFF L2D_CACHE_REFILL: 135
[max diff] DIFF L2D_CACHE_INVAL: 0

===========================================================
taskpendcnt:368681
t0:2041 ns
t1:4208 ns
t2:101458 ns
benchmark: Franka-derived Cartesian-impedance kernel, input trace:8, timer period:1.000 ms
controller source: franka_ros2 jazzy@73a1501d, updates:368703, SVD sweeps:5
pose error:[0.010000 0.015000 0.010000 -0.000000 0.049979 -0.000000]
tau[0:6]:[-1.839419 -0.921560 -1.193198 -1.195971 -0.861243 0.113634 -0.461388]
kernel exec min/avg/max: 94.50 / 97.34 / 123.08 us, samples:368713
pressure status:1, copy rounds total/window:1563/9, 3.96 rounds/s
pressure logical copy:15630.00 MiB total, approx 39.58 MiB/s, checksum:2081433845760
pressure report window:2.273929 s
t0_region>
[1]:66034
[2]:134117
[3]:111154
[4]:28328
[5]:5179
[6]:3325
[7]:4999
[8]:6777
[9]:4003
[10]:1480
[11]:934
[12]:673
[13]:581
[14]:415
[15]:273
[16]:194
[17]:111
[18]:83
[19]:28
[20]:14
[21]:5
[22]:3
[24]:1
[25]:7
[26]:1
[27]:2
[28]:2
[30]:2
[31]:2
[32]:1
[33]:2
[35]:2
[36]:2
[47]:1
[54]:1

t1_region>
[2]:2275
[3]:22004
[4]:27649
[5]:28115
[6]:52435
[7]:74109
[8]:72927
[9]:40023
[10]:15604
[11]:4888
[12]:2075
[13]:1596
[14]:1517
[15]:1759
[16]:3077
[17]:5041
[18]:4155
[19]:1837
[20]:833
[21]:664
[22]:651
[23]:618
[24]:593
[25]:512
[26]:474
[27]:484
[28]:429
[29]:357
[30]:326
[31]:329
[32]:284
[33]:230
[34]:218
[35]:173
[36]:160
[37]:106
[38]:72
[39]:39
[40]:30
[41]:19
[42]:18
[43]:8
[44]:8
[45]:6
[46]:7
[47]:3
[48]:2
[49]:2
[53]:1
[54]:1
[55]:1
[56]:1
[58]:3
[59]:3
[61]:2
[64]:3
[65]:2
[68]:3
[69]:3
[70]:1
[72]:2
[74]:1

t2_region>
[97]:332
[98]:6655
[99]:9147
[100]:19426
[101]:25807
[102]:32731
[103]:43458
[104]:55163
[105]:62526
[106]:41783
[107]:17689
[108]:9498
[109]:8133
[110]:6325
[111]:3602
[112]:2060
[113]:1971
[114]:3128
[115]:3877
[116]:3087
[117]:1643
[118]:1093
[119]:1162
[120]:922
[121]:731
[122]:593
[123]:537
[124]:517
[125]:490
[126]:436
[127]:408
[128]:419
[129]:386
[130]:352
[131]:355
[132]:291
[133]:319
[134]:275
[135]:233
[136]:199
[137]:181
[138]:142
[139]:125
[140]:114
[141]:85
[142]:72
[143]:58
[144]:53
[145]:57
[146]:34
[147]:28
[148]:24
[149]:16
[150]:14
[151]:8
[152]:6
[153]:7
[154]:5
[156]:2
[157]:1
[159]:1
[160]:2
[161]:3
[163]:2
[165]:1
[166]:2
[167]:2
[168]:2
[170]:2
[172]:2
[173]:3
[174]:2
[175]:1
[177]:1
[179]:1
[180]:1
[182]:1
[186]:1

t0_min: 1.08 us, round:1998
t0_max: 54.29 us, round:302719
t0_jitter: 53.21 us

t1_min: 2.67 us, round:2027
t1_max: 74.13 us, round:302719
t1_jitter: 71.46 us

t2_min: 97.29 us, round:6326
t2_max: 186.38 us, round:302721
t2_jitter: 89.08 us

PMU diff samples: 368912
AVG DIFF LL_CACHE_RD: 99.07
AVG DIFF LL_CACHE_MISS_RD: 42.61
AVG DIFF L2D_CACHE_REFILL: 42.74
AVG DIFF L2D_CACHE_INVAL: 0.00
[cur diff] DIFF LL_CACHE_RD: 6, DIFF LL_CACHE_MISS_RD: 4, MISS_RATE: 66.67%
[cur diff] DIFF L2D_CACHE_REFILL: 6
[cur diff] DIFF L2D_CACHE_INVAL: 0
[max diff] DIFF LL_CACHE_RD: 175, DIFF LL_CACHE_MISS_RD: 135, MISS_RATE: 77.14%
[max diff] DIFF L2D_CACHE_REFILL: 135
[max diff] DIFF L2D_CACHE_INVAL: 0

===========================================================
taskpendcnt:370954
t0:2666 ns
t1:4250 ns
t2:101500 ns
benchmark: Franka-derived Cartesian-impedance kernel, input trace:8, timer period:1.000 ms
controller source: franka_ros2 jazzy@73a1501d, updates:370976, SVD sweeps:5
pose error:[0.010000 0.015000 0.010000 -0.000000 0.049979 -0.000000]
tau[0:6]:[-0.274004 -0.324180 0.001577 -0.231466 0.050986 -0.328952 0.010844]
kernel exec min/avg/max: 94.50 / 97.34 / 123.08 us, samples:370986
pressure status:1, copy rounds total/window:1573/10, 4.40 rounds/s
pressure logical copy:15730.00 MiB total, approx 44.00 MiB/s, checksum:2094750760960
pressure report window:2.272848 s
t0_region>
[1]:66422
[2]:134987
[3]:111862
[4]:28525
[5]:5198
[6]:3333
[7]:5022
[8]:6811
[9]:4027
[10]:1481
[11]:935
[12]:673
[13]:581
[14]:415
[15]:273
[16]:194
[17]:111
[18]:83
[19]:28
[20]:14
[21]:5
[22]:3
[24]:1
[25]:7
[26]:1
[27]:2
[28]:2
[30]:2
[31]:2
[32]:1
[33]:2
[35]:2
[36]:2
[47]:1
[54]:1

t1_region>
[2]:2284
[3]:22108
[4]:27818
[5]:28324
[6]:52766
[7]:74575
[8]:73395
[9]:40305
[10]:15715
[11]:4909
[12]:2083
[13]:1597
[14]:1521
[15]:1768
[16]:3094
[17]:5071
[18]:4177
[19]:1844
[20]:835
[21]:664
[22]:653
[23]:618
[24]:593
[25]:512
[26]:474
[27]:484
[28]:429
[29]:357
[30]:326
[31]:329
[32]:284
[33]:230
[34]:218
[35]:173
[36]:160
[37]:106
[38]:72
[39]:39
[40]:30
[41]:19
[42]:18
[43]:8
[44]:8
[45]:6
[46]:7
[47]:3
[48]:2
[49]:2
[53]:1
[54]:1
[55]:1
[56]:1
[58]:3
[59]:3
[61]:2
[64]:3
[65]:2
[68]:3
[69]:3
[70]:1
[72]:2
[74]:1

t2_region>
[97]:332
[98]:6670
[99]:9197
[100]:19523
[101]:26009
[102]:32948
[103]:43736
[104]:55497
[105]:62929
[106]:42058
[107]:17813
[108]:9553
[109]:8193
[110]:6370
[111]:3621
[112]:2072
[113]:1983
[114]:3147
[115]:3901
[116]:3110
[117]:1648
[118]:1095
[119]:1164
[120]:923
[121]:731
[122]:593
[123]:537
[124]:517
[125]:490
[126]:436
[127]:408
[128]:419
[129]:386
[130]:352
[131]:355
[132]:291
[133]:319
[134]:275
[135]:233
[136]:199
[137]:181
[138]:142
[139]:125
[140]:114
[141]:85
[142]:72
[143]:58
[144]:53
[145]:57
[146]:34
[147]:28
[148]:24
[149]:16
[150]:14
[151]:8
[152]:6
[153]:7
[154]:5
[156]:2
[157]:1
[159]:1
[160]:2
[161]:3
[163]:2
[165]:1
[166]:2
[167]:2
[168]:2
[170]:2
[172]:2
[173]:3
[174]:2
[175]:1
[177]:1
[179]:1
[180]:1
[182]:1
[186]:1

t0_min: 1.08 us, round:1998
t0_max: 54.29 us, round:302719
t0_jitter: 53.21 us

t1_min: 2.67 us, round:2027
t1_max: 74.13 us, round:302719
t1_jitter: 71.46 us

t2_min: 97.29 us, round:6326
t2_max: 186.38 us, round:302721
t2_jitter: 89.08 us

PMU diff samples: 371185
AVG DIFF LL_CACHE_RD: 99.07
AVG DIFF LL_CACHE_MISS_RD: 42.61
AVG DIFF L2D_CACHE_REFILL: 42.73
AVG DIFF L2D_CACHE_INVAL: 0.00
[cur diff] DIFF LL_CACHE_RD: 5, DIFF LL_CACHE_MISS_RD: 3, MISS_RATE: 60.00%
[cur diff] DIFF L2D_CACHE_REFILL: 0
[cur diff] DIFF L2D_CACHE_INVAL: 0
[max diff] DIFF LL_CACHE_RD: 175, DIFF LL_CACHE_MISS_RD: 135, MISS_RATE: 77.14%
[max diff] DIFF L2D_CACHE_REFILL: 135
[max diff] DIFF L2D_CACHE_INVAL: 0

===========================================================
taskpendcnt:373227
t0:2708 ns
t1:6333 ns
t2:101541 ns
benchmark: Franka-derived Cartesian-impedance kernel, input trace:8, timer period:1.000 ms
controller source: franka_ros2 jazzy@73a1501d, updates:373249, SVD sweeps:5
pose error:[0.010000 0.015000 0.010000 -0.000000 0.049979 -0.000000]
tau[0:6]:[0.839771 0.130674 0.617691 0.624912 0.653099 -0.592692 0.265887]
kernel exec min/avg/max: 94.50 / 97.34 / 123.08 us, samples:373259
pressure status:1, copy rounds total/window:1583/10, 4.40 rounds/s
pressure logical copy:15830.00 MiB total, approx 44.00 MiB/s, checksum:2108067676160
pressure report window:2.272740 s
t0_region>
[1]:66765
[2]:135870
[3]:112632
[4]:28696
[5]:5232
[6]:3335
[7]:5036
[8]:6848
[9]:4045
[10]:1482
[11]:935
[12]:673
[13]:581
[14]:415
[15]:273
[16]:194
[17]:111
[18]:83
[19]:28
[20]:14
[21]:5
[22]:3
[24]:1
[25]:7
[26]:1
[27]:2
[28]:2
[30]:2
[31]:2
[32]:1
[33]:2
[35]:2
[36]:2
[47]:1
[54]:1

t1_region>
[2]:2302
[3]:22219
[4]:27960
[5]:28511
[6]:53106
[7]:75099
[8]:73890
[9]:40562
[10]:15799
[11]:4934
[12]:2093
[13]:1602
[14]:1525
[15]:1770
[16]:3103
[17]:5099
[18]:4196
[19]:1854
[20]:835
[21]:664
[22]:655
[23]:618
[24]:593
[25]:512
[26]:474
[27]:484
[28]:429
[29]:357
[30]:326
[31]:329
[32]:284
[33]:230
[34]:218
[35]:173
[36]:160
[37]:106
[38]:72
[39]:39
[40]:30
[41]:19
[42]:18
[43]:8
[44]:8
[45]:6
[46]:7
[47]:3
[48]:2
[49]:2
[53]:1
[54]:1
[55]:1
[56]:1
[58]:3
[59]:3
[61]:2
[64]:3
[65]:2
[68]:3
[69]:3
[70]:1
[72]:2
[74]:1

t2_region>
[97]:332
[98]:6692
[99]:9243
[100]:19636
[101]:26170
[102]:33145
[103]:44021
[104]:55907
[105]:63334
[106]:42345
[107]:17944
[108]:9604
[109]:8244
[110]:6392
[111]:3635
[112]:2078
[113]:1988
[114]:3164
[115]:3922
[116]:3129
[117]:1651
[118]:1097
[119]:1166
[120]:925
[121]:731
[122]:593
[123]:537
[124]:517
[125]:490
[126]:436
[127]:408
[128]:419
[129]:386
[130]:352
[131]:355
[132]:291
[133]:319
[134]:275
[135]:233
[136]:199
[137]:181
[138]:142
[139]:125
[140]:114
[141]:85
[142]:72
[143]:58
[144]:53
[145]:57
[146]:34
[147]:28
[148]:24
[149]:16
[150]:14
[151]:8
[152]:6
[153]:7
[154]:5
[156]:2
[157]:1
[159]:1
[160]:2
[161]:3
[163]:2
[165]:1
[166]:2
[167]:2
[168]:2
[170]:2
[172]:2
[173]:3
[174]:2
[175]:1
[177]:1
[179]:1
[180]:1
[182]:1
[186]:1

t0_min: 1.08 us, round:1998
t0_max: 54.29 us, round:302719
t0_jitter: 53.21 us

t1_min: 2.67 us, round:2027
t1_max: 74.13 us, round:302719
t1_jitter: 71.46 us

t2_min: 97.29 us, round:6326
t2_max: 186.38 us, round:302721
t2_jitter: 89.08 us

PMU diff samples: 373457
AVG DIFF LL_CACHE_RD: 99.07
AVG DIFF LL_CACHE_MISS_RD: 42.61
AVG DIFF L2D_CACHE_REFILL: 42.73
AVG DIFF L2D_CACHE_INVAL: 0.00
[cur diff] DIFF LL_CACHE_RD: 4, DIFF LL_CACHE_MISS_RD: 4, MISS_RATE: 100.00%
[cur diff] DIFF L2D_CACHE_REFILL: 3
[cur diff] DIFF L2D_CACHE_INVAL: 0
[max diff] DIFF LL_CACHE_RD: 175, DIFF LL_CACHE_MISS_RD: 135, MISS_RATE: 77.14%
[max diff] DIFF L2D_CACHE_REFILL: 135
[max diff] DIFF L2D_CACHE_INVAL: 0

===========================================================
taskpendcnt:375500
t0:2458 ns
t1:4625 ns
t2:101291 ns
benchmark: Franka-derived Cartesian-impedance kernel, input trace:8, timer period:1.000 ms
controller source: franka_ros2 jazzy@73a1501d, updates:375522, SVD sweeps:5
pose error:[0.010000 0.015000 0.010000 -0.000000 0.049979 -0.000000]
tau[0:6]:[1.228026 0.081850 0.819520 0.875435 0.745706 -0.833381 0.398995]
kernel exec min/avg/max: 94.50 / 97.34 / 123.08 us, samples:375532
pressure status:1, copy rounds total/window:1592/9, 3.96 rounds/s
pressure logical copy:15920.00 MiB total, approx 39.59 MiB/s, checksum:2120052899840
pressure report window:2.273025 s
t0_region>
[1]:67131
[2]:136755
[3]:113343
[4]:28894
[5]:5255
[6]:3345
[7]:5058
[8]:6883
[9]:4066
[10]:1484
[11]:935
[12]:673
[13]:581
[14]:415
[15]:273
[16]:194
[17]:111
[18]:83
[19]:28
[20]:14
[21]:5
[22]:3
[24]:1
[25]:7
[26]:1
[27]:2
[28]:2
[30]:2
[31]:2
[32]:1
[33]:2
[35]:2
[36]:2
[47]:1
[54]:1

t1_region>
[2]:2315
[3]:22344
[4]:28106
[5]:28695
[6]:53449
[7]:75596
[8]:74367
[9]:40816
[10]:15898
[11]:4966
[12]:2101
[13]:1608
[14]:1526
[15]:1778
[16]:3118
[17]:5123
[18]:4230
[19]:1860
[20]:835
[21]:664
[22]:656
[23]:618
[24]:593
[25]:512
[26]:474
[27]:484
[28]:429
[29]:357
[30]:326
[31]:329
[32]:284
[33]:230
[34]:218
[35]:173
[36]:160
[37]:106
[38]:72
[39]:39
[40]:30
[41]:19
[42]:18
[43]:8
[44]:8
[45]:6
[46]:7
[47]:3
[48]:2
[49]:2
[53]:1
[54]:1
[55]:1
[56]:1
[58]:3
[59]:3
[61]:2
[64]:3
[65]:2
[68]:3
[69]:3
[70]:1
[72]:2
[74]:1

t2_region>
[97]:332
[98]:6711
[99]:9285
[100]:19760
[101]:26329
[102]:33348
[103]:44337
[104]:56263
[105]:63736
[106]:42617
[107]:18029
[108]:9660
[109]:8297
[110]:6455
[111]:3657
[112]:2090
[113]:1998
[114]:3183
[115]:3947
[116]:3149
[117]:1655
[118]:1100
[119]:1171
[120]:926
[121]:732
[122]:594
[123]:537
[124]:517
[125]:490
[126]:436
[127]:408
[128]:419
[129]:386
[130]:352
[131]:355
[132]:291
[133]:319
[134]:275
[135]:233
[136]:199
[137]:181
[138]:142
[139]:125
[140]:114
[141]:85
[142]:72
[143]:58
[144]:53
[145]:57
[146]:34
[147]:28
[148]:24
[149]:16
[150]:14
[151]:8
[152]:6
[153]:7
[154]:5
[156]:2
[157]:1
[159]:1
[160]:2
[161]:3
[163]:2
[165]:1
[166]:2
[167]:2
[168]:2
[170]:2
[172]:2
[173]:3
[174]:2
[175]:1
[177]:1
[179]:1
[180]:1
[182]:1
[186]:1

t0_min: 1.08 us, round:1998
t0_max: 54.29 us, round:302719
t0_jitter: 53.21 us

t1_min: 2.67 us, round:2027
t1_max: 74.13 us, round:302719
t1_jitter: 71.46 us

t2_min: 97.29 us, round:6326
t2_max: 186.38 us, round:302721
t2_jitter: 89.08 us

PMU diff samples: 375730
AVG DIFF LL_CACHE_RD: 99.07
AVG DIFF LL_CACHE_MISS_RD: 42.60
AVG DIFF L2D_CACHE_REFILL: 42.73
AVG DIFF L2D_CACHE_INVAL: 0.00
[cur diff] DIFF LL_CACHE_RD: 5, DIFF LL_CACHE_MISS_RD: 4, MISS_RATE: 80.00%
[cur diff] DIFF L2D_CACHE_REFILL: 2
[cur diff] DIFF L2D_CACHE_INVAL: 0
[max diff] DIFF LL_CACHE_RD: 175, DIFF LL_CACHE_MISS_RD: 135, MISS_RATE: 77.14%
[max diff] DIFF L2D_CACHE_REFILL: 135
[max diff] DIFF L2D_CACHE_INVAL: 0

===========================================================
taskpendcnt:377773
t0:2208 ns
t1:4666 ns
t2:101625 ns
benchmark: Franka-derived Cartesian-impedance kernel, input trace:8, timer period:1.000 ms
controller source: franka_ros2 jazzy@73a1501d, updates:377795, SVD sweeps:5
pose error:[0.010000 0.015000 0.010000 -0.000000 0.049979 -0.000000]
tau[0:6]:[1.376914 -0.104433 0.790225 0.843903 0.642107 -0.956178 0.423547]
kernel exec min/avg/max: 94.50 / 97.34 / 123.08 us, samples:377805
pressure status:1, copy rounds total/window:1602/10, 4.40 rounds/s
pressure logical copy:16020.00 MiB total, approx 43.99 MiB/s, checksum:2133369815040
pressure report window:2.273051 s
t0_region>
[1]:67525
[2]:137602
[3]:114064
[4]:29103
[5]:5276
[6]:3358
[7]:5080
[8]:6916
[9]:4077
[10]:1486
[11]:935
[12]:673
[13]:581
[14]:415
[15]:273
[16]:194
[17]:111
[18]:83
[19]:28
[20]:14
[21]:5
[22]:3
[24]:1
[25]:7
[26]:1
[27]:2
[28]:2
[30]:2
[31]:2
[32]:1
[33]:2
[35]:2
[36]:2
[47]:1
[54]:1

t1_region>
[2]:2328
[3]:22458
[4]:28268
[5]:28887
[6]:53782
[7]:76077
[8]:74847
[9]:41077
[10]:16008
[11]:4998
[12]:2109
[13]:1616
[14]:1532
[15]:1786
[16]:3136
[17]:5148
[18]:4249
[19]:1863
[20]:836
[21]:664
[22]:656
[23]:618
[24]:593
[25]:512
[26]:474
[27]:484
[28]:429
[29]:357
[30]:326
[31]:329
[32]:284
[33]:230
[34]:218
[35]:173
[36]:160
[37]:106
[38]:72
[39]:39
[40]:30
[41]:19
[42]:18
[43]:8
[44]:8
[45]:6
[46]:7
[47]:3
[48]:2
[49]:2
[53]:1
[54]:1
[55]:1
[56]:1
[58]:3
[59]:3
[61]:2
[64]:3
[65]:2
[68]:3
[69]:3
[70]:1
[72]:2
[74]:1

t2_region>
[97]:332
[98]:6732
[99]:9333
[100]:19883
[101]:26511
[102]:33545
[103]:44605
[104]:56636
[105]:64126
[106]:42910
[107]:18151
[108]:9712
[109]:8349
[110]:6500
[111]:3679
[112]:2104
[113]:2009
[114]:3196
[115]:3971
[116]:3156
[117]:1662
[118]:1104
[119]:1174
[120]:927
[121]:734
[122]:594
[123]:537
[124]:517
[125]:490
[126]:436
[127]:408
[128]:419
[129]:386
[130]:352
[131]:355
[132]:291
[133]:319
[134]:275
[135]:233
[136]:199
[137]:181
[138]:142
[139]:125
[140]:114
[141]:85
[142]:72
[143]:58
[144]:53
[145]:57
[146]:34
[147]:28
[148]:24
[149]:16
[150]:14
[151]:8
[152]:6
[153]:7
[154]:5
[156]:2
[157]:1
[159]:1
[160]:2
[161]:3
[163]:2
[165]:1
[166]:2
[167]:2
[168]:2
[170]:2
[172]:2
[173]:3
[174]:2
[175]:1
[177]:1
[179]:1
[180]:1
[182]:1
[186]:1

t0_min: 1.08 us, round:1998
t0_max: 54.29 us, round:302719
t0_jitter: 53.21 us

t1_min: 2.67 us, round:2027
t1_max: 74.13 us, round:302719
t1_jitter: 71.46 us

t2_min: 97.29 us, round:6326
t2_max: 186.38 us, round:302721
t2_jitter: 89.08 us

PMU diff samples: 378003
AVG DIFF LL_CACHE_RD: 99.07
AVG DIFF LL_CACHE_MISS_RD: 42.60
AVG DIFF L2D_CACHE_REFILL: 42.72
AVG DIFF L2D_CACHE_INVAL: 0.00
[cur diff] DIFF LL_CACHE_RD: 5, DIFF LL_CACHE_MISS_RD: 4, MISS_RATE: 80.00%
[cur diff] DIFF L2D_CACHE_REFILL: 1
[cur diff] DIFF L2D_CACHE_INVAL: 0
[max diff] DIFF LL_CACHE_RD: 175, DIFF LL_CACHE_MISS_RD: 135, MISS_RATE: 77.14%
[max diff] DIFF L2D_CACHE_REFILL: 135
[max diff] DIFF L2D_CACHE_INVAL: 0

===========================================================
taskpendcnt:380046
t0:2250 ns
t1:4708 ns
t2:101666 ns
benchmark: Franka-derived Cartesian-impedance kernel, input trace:8, timer period:1.000 ms
controller source: franka_ros2 jazzy@73a1501d, updates:380068, SVD sweeps:5
pose error:[0.010000 0.015000 0.010000 -0.000000 0.049979 -0.000000]
tau[0:6]:[-0.567483 -0.552304 -0.482512 -0.231067 -0.297494 -0.656094 -0.085004]
kernel exec min/avg/max: 94.50 / 97.34 / 123.08 us, samples:380078
pressure status:1, copy rounds total/window:1612/10, 4.40 rounds/s
pressure logical copy:16120.00 MiB total, approx 43.99 MiB/s, checksum:2146686730240
pressure report window:2.273422 s
t0_region>
[1]:67903
[2]:138539
[3]:114767
[4]:29251
[5]:5296
[6]:3364
[7]:5103
[8]:6954
[9]:4098
[10]:1486
[11]:935
[12]:673
[13]:581
[14]:415
[15]:273
[16]:194
[17]:111
[18]:83
[19]:28
[20]:14
[21]:5
[22]:3
[24]:1
[25]:7
[26]:1
[27]:2
[28]:2
[30]:2
[31]:2
[32]:1
[33]:2
[35]:2
[36]:2
[47]:1
[54]:1

t1_region>
[2]:2340
[3]:22573
[4]:28419
[5]:29088
[6]:54131
[7]:76632
[8]:75311
[9]:41301
[10]:16093
[11]:5017
[12]:2117
[13]:1619
[14]:1533
[15]:1795
[16]:3153
[17]:5175
[18]:4274
[19]:1868
[20]:838
[21]:666
[22]:656
[23]:618
[24]:593
[25]:512
[26]:474
[27]:484
[28]:429
[29]:357
[30]:326
[31]:329
[32]:284
[33]:230
[34]:218
[35]:173
[36]:160
[37]:106
[38]:72
[39]:39
[40]:30
[41]:19
[42]:18
[43]:8
[44]:8
[45]:6
[46]:7
[47]:3
[48]:2
[49]:2
[53]:1
[54]:1
[55]:1
[56]:1
[58]:3
[59]:3
[61]:2
[64]:3
[65]:2
[68]:3
[69]:3
[70]:1
[72]:2
[74]:1

t2_region>
[97]:332
[98]:6750
[99]:9383
[100]:19999
[101]:26676
[102]:33754
[103]:44891
[104]:57026
[105]:64568
[106]:43171
[107]:18269
[108]:9764
[109]:8381
[110]:6532
[111]:3689
[112]:2107
[113]:2024
[114]:3211
[115]:3996
[116]:3173
[117]:1668
[118]:1109
[119]:1176
[120]:929
[121]:735
[122]:594
[123]:537
[124]:517
[125]:490
[126]:436
[127]:408
[128]:419
[129]:386
[130]:352
[131]:355
[132]:291
[133]:319
[134]:275
[135]:233
[136]:199
[137]:181
[138]:142
[139]:125
[140]:114
[141]:85
[142]:72
[143]:58
[144]:53
[145]:57
[146]:34
[147]:28
[148]:24
[149]:16
[150]:14
[151]:8
[152]:6
[153]:7
[154]:5
[156]:2
[157]:1
[159]:1
[160]:2
[161]:3
[163]:2
[165]:1
[166]:2
[167]:2
[168]:2
[170]:2
[172]:2
[173]:3
[174]:2
[175]:1
[177]:1
[179]:1
[180]:1
[182]:1
[186]:1

t0_min: 1.08 us, round:1998
t0_max: 54.29 us, round:302719
t0_jitter: 53.21 us

t1_min: 2.67 us, round:2027
t1_max: 74.13 us, round:302719
t1_jitter: 71.46 us

t2_min: 97.29 us, round:6326
t2_max: 186.38 us, round:302721
t2_jitter: 89.08 us

PMU diff samples: 380277
AVG DIFF LL_CACHE_RD: 99.06
AVG DIFF LL_CACHE_MISS_RD: 42.60
AVG DIFF L2D_CACHE_REFILL: 42.72
AVG DIFF L2D_CACHE_INVAL: 0.00
[cur diff] DIFF LL_CACHE_RD: 16, DIFF LL_CACHE_MISS_RD: 13, MISS_RATE: 81.25%
[cur diff] DIFF L2D_CACHE_REFILL: 2
[cur diff] DIFF L2D_CACHE_INVAL: 0
[max diff] DIFF LL_CACHE_RD: 175, DIFF LL_CACHE_MISS_RD: 135, MISS_RATE: 77.14%
[max diff] DIFF L2D_CACHE_REFILL: 135
[max diff] DIFF L2D_CACHE_INVAL: 0

===========================================================
taskpendcnt:382320
t0:3000 ns
t1:5166 ns
t2:102125 ns
benchmark: Franka-derived Cartesian-impedance kernel, input trace:8, timer period:1.000 ms
controller source: franka_ros2 jazzy@73a1501d, updates:382342, SVD sweeps:5
pose error:[0.010000 0.015000 0.010000 -0.000000 0.049979 -0.000000]
tau[0:6]:[-2.379368 -1.292411 -1.655224 -1.570015 -1.185234 -0.066588 -0.610247]
kernel exec min/avg/max: 94.50 / 97.34 / 123.08 us, samples:382352
pressure status:1, copy rounds total/window:1621/9, 3.96 rounds/s
pressure logical copy:16210.00 MiB total, approx 39.58 MiB/s, checksum:2158671953920
pressure report window:2.274019 s
t0_region>
[1]:68278
[2]:139444
[3]:115443
[4]:29450
[5]:5325
[6]:3372
[7]:5126
[8]:6990
[9]:4117
[10]:1490
[11]:935
[12]:673
[13]:581
[14]:415
[15]:273
[16]:194
[17]:111
[18]:83
[19]:28
[20]:14
[21]:5
[22]:3
[24]:1
[25]:7
[26]:1
[27]:2
[28]:2
[30]:2
[31]:2
[32]:1
[33]:2
[35]:2
[36]:2
[47]:1
[54]:1

t1_region>
[2]:2347
[3]:22687
[4]:28572
[5]:29265
[6]:54466
[7]:77138
[8]:75787
[9]:41594
[10]:16176
[11]:5047
[12]:2122
[13]:1622
[14]:1540
[15]:1797
[16]:3173
[17]:5207
[18]:4294
[19]:1878
[20]:839
[21]:666
[22]:656
[23]:618
[24]:593
[25]:512
[26]:474
[27]:484
[28]:429
[29]:357
[30]:326
[31]:329
[32]:284
[33]:230
[34]:218
[35]:173
[36]:160
[37]:106
[38]:72
[39]:39
[40]:30
[41]:19
[42]:18
[43]:8
[44]:8
[45]:6
[46]:7
[47]:3
[48]:2
[49]:2
[53]:1
[54]:1
[55]:1
[56]:1
[58]:3
[59]:3
[61]:2
[64]:3
[65]:2
[68]:3
[69]:3
[70]:1
[72]:2
[74]:1

t2_region>
[97]:332
[98]:6763
[99]:9437
[100]:20109
[101]:26852
[102]:33948
[103]:45172
[104]:57398
[105]:65007
[106]:43432
[107]:18361
[108]:9821
[109]:8452
[110]:6576
[111]:3706
[112]:2116
[113]:2030
[114]:3228
[115]:4013
[116]:3195
[117]:1675
[118]:1115
[119]:1182
[120]:931
[121]:736
[122]:595
[123]:537
[124]:517
[125]:490
[126]:436
[127]:408
[128]:419
[129]:386
[130]:352
[131]:355
[132]:291
[133]:319
[134]:275
[135]:233
[136]:199
[137]:181
[138]:142
[139]:125
[140]:114
[141]:85
[142]:72
[143]:58
[144]:53
[145]:57
[146]:34
[147]:28
[148]:24
[149]:16
[150]:14
[151]:8
[152]:6
[153]:7
[154]:5
[156]:2
[157]:1
[159]:1
[160]:2
[161]:3
[163]:2
[165]:1
[166]:2
[167]:2
[168]:2
[170]:2
[172]:2
[173]:3
[174]:2
[175]:1
[177]:1
[179]:1
[180]:1
[182]:1
[186]:1

t0_min: 1.08 us, round:1998
t0_max: 54.29 us, round:302719
t0_jitter: 53.21 us

t1_min: 2.67 us, round:2027
t1_max: 74.13 us, round:302719
t1_jitter: 71.46 us

t2_min: 97.29 us, round:6326
t2_max: 186.38 us, round:302721
t2_jitter: 89.08 us

PMU diff samples: 382551
AVG DIFF LL_CACHE_RD: 99.06
AVG DIFF LL_CACHE_MISS_RD: 42.60
AVG DIFF L2D_CACHE_REFILL: 42.72
AVG DIFF L2D_CACHE_INVAL: 0.00
[cur diff] DIFF LL_CACHE_RD: 6, DIFF LL_CACHE_MISS_RD: 4, MISS_RATE: 66.67%
[cur diff] DIFF L2D_CACHE_REFILL: 3
[cur diff] DIFF L2D_CACHE_INVAL: 0
[max diff] DIFF LL_CACHE_RD: 175, DIFF LL_CACHE_MISS_RD: 135, MISS_RATE: 77.14%
[max diff] DIFF L2D_CACHE_REFILL: 135
[max diff] DIFF L2D_CACHE_INVAL: 0

===========================================================
taskpendcnt:384593
t0:3333 ns
t1:5208 ns
t2:102166 ns
benchmark: Franka-derived Cartesian-impedance kernel, input trace:8, timer period:1.000 ms
controller source: franka_ros2 jazzy@73a1501d, updates:384615, SVD sweeps:5
pose error:[0.010000 0.015000 0.010000 -0.000000 0.049979 -0.000000]
tau[0:6]:[-1.839419 -0.921560 -1.193198 -1.195971 -0.861243 0.113634 -0.461388]
kernel exec min/avg/max: 94.50 / 97.34 / 123.08 us, samples:384625
pressure status:1, copy rounds total/window:1631/10, 4.40 rounds/s
pressure logical copy:16310.00 MiB total, approx 44.00 MiB/s, checksum:2171988869120
pressure report window:2.272915 s
t0_region>
[1]:68632
[2]:140334
[3]:116187
[4]:29638
[5]:5345
[6]:3383
[7]:5144
[8]:7021
[9]:4133
[10]:1491
[11]:935
[12]:673
[13]:581
[14]:415
[15]:273
[16]:194
[17]:111
[18]:83
[19]:28
[20]:14
[21]:5
[22]:3
[24]:1
[25]:7
[26]:1
[27]:2
[28]:2
[30]:2
[31]:2
[32]:1
[33]:2
[35]:2
[36]:2
[47]:1
[54]:1

t1_region>
[2]:2359
[3]:22801
[4]:28729
[5]:29422
[6]:54796
[7]:77651
[8]:76307
[9]:41855
[10]:16271
[11]:5073
[12]:2129
[13]:1630
[14]:1545
[15]:1803
[16]:3185
[17]:5230
[18]:4314
[19]:1884
[20]:840
[21]:666
[22]:656
[23]:618
[24]:593
[25]:512
[26]:474
[27]:484
[28]:429
[29]:357
[30]:326
[31]:329
[32]:284
[33]:230
[34]:218
[35]:173
[36]:160
[37]:106
[38]:72
[39]:39
[40]:30
[41]:19
[42]:18
[43]:8
[44]:8
[45]:6
[46]:7
[47]:3
[48]:2
[49]:2
[53]:1
[54]:1
[55]:1
[56]:1
[58]:3
[59]:3
[61]:2
[64]:3
[65]:2
[68]:3
[69]:3
[70]:1
[72]:2
[74]:1

t2_region>
[97]:332
[98]:6788
[99]:9481
[100]:20207
[101]:27018
[102]:34149
[103]:45454
[104]:57782
[105]:65442
[106]:43719
[107]:18473
[108]:9870
[109]:8495
[110]:6619
[111]:3731
[112]:2127
[113]:2034
[114]:3243
[115]:4032
[116]:3210
[117]:1680
[118]:1118
[119]:1186
[120]:932
[121]:737
[122]:596
[123]:537
[124]:517
[125]:490
[126]:436
[127]:408
[128]:419
[129]:386
[130]:352
[131]:355
[132]:291
[133]:319
[134]:275
[135]:233
[136]:199
[137]:181
[138]:142
[139]:125
[140]:114
[141]:85
[142]:72
[143]:58
[144]:53
[145]:57
[146]:34
[147]:28
[148]:24
[149]:16
[150]:14
[151]:8
[152]:6
[153]:7
[154]:5
[156]:2
[157]:1
[159]:1
[160]:2
[161]:3
[163]:2
[165]:1
[166]:2
[167]:2
[168]:2
[170]:2
[172]:2
[173]:3
[174]:2
[175]:1
[177]:1
[179]:1
[180]:1
[182]:1
[186]:1

t0_min: 1.08 us, round:1998
t0_max: 54.29 us, round:302719
t0_jitter: 53.21 us

t1_min: 2.67 us, round:2027
t1_max: 74.13 us, round:302719
t1_jitter: 71.46 us

t2_min: 97.29 us, round:6326
t2_max: 186.38 us, round:302721
t2_jitter: 89.08 us

PMU diff samples: 384824
AVG DIFF LL_CACHE_RD: 99.06
AVG DIFF LL_CACHE_MISS_RD: 42.59
AVG DIFF L2D_CACHE_REFILL: 42.71
AVG DIFF L2D_CACHE_INVAL: 0.00
[cur diff] DIFF LL_CACHE_RD: 8, DIFF LL_CACHE_MISS_RD: 7, MISS_RATE: 87.50%
[cur diff] DIFF L2D_CACHE_REFILL: 1
[cur diff] DIFF L2D_CACHE_INVAL: 0
[max diff] DIFF LL_CACHE_RD: 175, DIFF LL_CACHE_MISS_RD: 135, MISS_RATE: 77.14%
[max diff] DIFF L2D_CACHE_REFILL: 135
[max diff] DIFF L2D_CACHE_INVAL: 0

===========================================================
taskpendcnt:386866
t0:2791 ns
t1:5541 ns
t2:101625 ns
benchmark: Franka-derived Cartesian-impedance kernel, input trace:8, timer period:1.000 ms
controller source: franka_ros2 jazzy@73a1501d, updates:386888, SVD sweeps:5
pose error:[0.010000 0.015000 0.010000 -0.000000 0.049979 -0.000000]
tau[0:6]:[-0.274004 -0.324180 0.001577 -0.231466 0.050986 -0.328952 0.010844]
kernel exec min/avg/max: 94.50 / 97.34 / 123.08 us, samples:386898
pressure status:1, copy rounds total/window:1640/9, 3.96 rounds/s
pressure logical copy:16400.00 MiB total, approx 39.60 MiB/s, checksum:2183974092800
pressure report window:2.272818 s
t0_region>
[1]:69003
[2]:141253
[3]:116902
[4]:29796
[5]:5359
[6]:3393
[7]:5167
[8]:7057
[9]:4158
[10]:1493
[11]:935
[12]:673
[13]:581
[14]:415
[15]:273
[16]:194
[17]:111
[18]:83
[19]:28
[20]:14
[21]:5
[22]:3
[24]:1
[25]:7
[26]:1
[27]:2
[28]:2
[30]:2
[31]:2
[32]:1
[33]:2
[35]:2
[36]:2
[47]:1
[54]:1

t1_region>
[2]:2372
[3]:22907
[4]:28877
[5]:29629
[6]:55196
[7]:78149
[8]:76751
[9]:42089
[10]:16358
[11]:5103
[12]:2136
[13]:1633
[14]:1547
[15]:1815
[16]:3196
[17]:5267
[18]:4341
[19]:1889
[20]:841
[21]:666
[22]:656
[23]:618
[24]:593
[25]:512
[26]:474
[27]:484
[28]:429
[29]:357
[30]:326
[31]:329
[32]:284
[33]:230
[34]:218
[35]:173
[36]:160
[37]:106
[38]:72
[39]:39
[40]:30
[41]:19
[42]:18
[43]:8
[44]:8
[45]:6
[46]:7
[47]:3
[48]:2
[49]:2
[53]:1
[54]:1
[55]:1
[56]:1
[58]:3
[59]:3
[61]:2
[64]:3
[65]:2
[68]:3
[69]:3
[70]:1
[72]:2
[74]:1

t2_region>
[97]:332
[98]:6809
[99]:9529
[100]:20303
[101]:27192
[102]:34383
[103]:45788
[104]:58173
[105]:65827
[106]:43951
[107]:18572
[108]:9937
[109]:8546
[110]:6650
[111]:3743
[112]:2134
[113]:2043
[114]:3257
[115]:4055
[116]:3229
[117]:1687
[118]:1126
[119]:1193
[120]:936
[121]:737
[122]:596
[123]:537
[124]:517
[125]:490
[126]:436
[127]:408
[128]:419
[129]:386
[130]:352
[131]:355
[132]:291
[133]:319
[134]:275
[135]:233
[136]:199
[137]:181
[138]:142
[139]:125
[140]:114
[141]:85
[142]:72
[143]:58
[144]:53
[145]:57
[146]:34
[147]:28
[148]:24
[149]:16
[150]:14
[151]:8
[152]:6
[153]:7
[154]:5
[156]:2
[157]:1
[159]:1
[160]:2
[161]:3
[163]:2
[165]:1
[166]:2
[167]:2
[168]:2
[170]:2
[172]:2
[173]:3
[174]:2
[175]:1
[177]:1
[179]:1
[180]:1
[182]:1
[186]:1

t0_min: 1.08 us, round:1998
t0_max: 54.29 us, round:302719
t0_jitter: 53.21 us

t1_min: 2.67 us, round:2027
t1_max: 74.13 us, round:302719
t1_jitter: 71.46 us

t2_min: 97.29 us, round:6326
t2_max: 186.38 us, round:302721
t2_jitter: 89.08 us

PMU diff samples: 387097
AVG DIFF LL_CACHE_RD: 99.06
AVG DIFF LL_CACHE_MISS_RD: 42.59
AVG DIFF L2D_CACHE_REFILL: 42.71
AVG DIFF L2D_CACHE_INVAL: 0.00
[cur diff] DIFF LL_CACHE_RD: 5, DIFF LL_CACHE_MISS_RD: 5, MISS_RATE: 100.00%
[cur diff] DIFF L2D_CACHE_REFILL: 2
[cur diff] DIFF L2D_CACHE_INVAL: 0
[max diff] DIFF LL_CACHE_RD: 175, DIFF LL_CACHE_MISS_RD: 135, MISS_RATE: 77.14%
[max diff] DIFF L2D_CACHE_REFILL: 135
[max diff] DIFF L2D_CACHE_INVAL: 0

===========================================================
taskpendcnt:389139
t0:3416 ns
t1:5291 ns
t2:101375 ns
benchmark: Franka-derived Cartesian-impedance kernel, input trace:8, timer period:1.000 ms
controller source: franka_ros2 jazzy@73a1501d, updates:389161, SVD sweeps:5
pose error:[0.010000 0.015000 0.010000 -0.000000 0.049979 -0.000000]
tau[0:6]:[0.839771 0.130674 0.617691 0.624912 0.653099 -0.592692 0.265887]
kernel exec min/avg/max: 94.50 / 97.33 / 123.08 us, samples:389171
pressure status:1, copy rounds total/window:1650/10, 4.40 rounds/s
pressure logical copy:16500.00 MiB total, approx 44.00 MiB/s, checksum:2197291008000
pressure report window:2.272768 s
t0_region>
[1]:69378
[2]:142078
[3]:117654
[4]:30000
[5]:5378
[6]:3403
[7]:5196
[8]:7095
[9]:4177
[10]:1494
[11]:935
[12]:673
[13]:581
[14]:415
[15]:273
[16]:194
[17]:111
[18]:83
[19]:28
[20]:14
[21]:5
[22]:3
[24]:1
[25]:7
[26]:1
[27]:2
[28]:2
[30]:2
[31]:2
[32]:1
[33]:2
[35]:2
[36]:2
[47]:1
[54]:1

t1_region>
[2]:2378
[3]:23007
[4]:29065
[5]:29820
[6]:55552
[7]:78622
[8]:77217
[9]:42331
[10]:16475
[11]:5135
[12]:2142
[13]:1635
[14]:1549
[15]:1829
[16]:3214
[17]:5294
[18]:4364
[19]:1898
[20]:842
[21]:666
[22]:657
[23]:618
[24]:593
[25]:512
[26]:474
[27]:484
[28]:429
[29]:357
[30]:326
[31]:329
[32]:284
[33]:230
[34]:218
[35]:173
[36]:160
[37]:106
[38]:72
[39]:39
[40]:30
[41]:19
[42]:18
[43]:8
[44]:8
[45]:6
[46]:7
[47]:3
[48]:2
[49]:2
[53]:1
[54]:1
[55]:1
[56]:1
[58]:3
[59]:3
[61]:2
[64]:3
[65]:2
[68]:3
[69]:3
[70]:1
[72]:2
[74]:1

t2_region>
[97]:332
[98]:6828
[99]:9570
[100]:20418
[101]:27386
[102]:34581
[103]:46061
[104]:58539
[105]:66253
[106]:44212
[107]:18663
[108]:10007
[109]:8597
[110]:6701
[111]:3764
[112]:2138
[113]:2055
[114]:3281
[115]:4078
[116]:3241
[117]:1697
[118]:1128
[119]:1201
[120]:937
[121]:737
[122]:596
[123]:537
[124]:517
[125]:490
[126]:436
[127]:408
[128]:419
[129]:386
[130]:352
[131]:355
[132]:291
[133]:319
[134]:275
[135]:233
[136]:199
[137]:181
[138]:142
[139]:125
[140]:114
[141]:85
[142]:72
[143]:58
[144]:53
[145]:57
[146]:34
[147]:28
[148]:24
[149]:16
[150]:14
[151]:8
[152]:6
[153]:7
[154]:5
[156]:2
[157]:1
[159]:1
[160]:2
[161]:3
[163]:2
[165]:1
[166]:2
[167]:2
[168]:2
[170]:2
[172]:2
[173]:3
[174]:2
[175]:1
[177]:1
[179]:1
[180]:1
[182]:1
[186]:1

t0_min: 1.08 us, round:1998
t0_max: 54.29 us, round:302719
t0_jitter: 53.21 us

t1_min: 2.67 us, round:2027
t1_max: 74.13 us, round:302719
t1_jitter: 71.46 us

t2_min: 97.29 us, round:6326
t2_max: 186.38 us, round:302721
t2_jitter: 89.08 us

PMU diff samples: 389369
AVG DIFF LL_CACHE_RD: 99.06
AVG DIFF LL_CACHE_MISS_RD: 42.58
AVG DIFF L2D_CACHE_REFILL: 42.71
AVG DIFF L2D_CACHE_INVAL: 0.00
[cur diff] DIFF LL_CACHE_RD: 4, DIFF LL_CACHE_MISS_RD: 4, MISS_RATE: 100.00%
[cur diff] DIFF L2D_CACHE_REFILL: 1
[cur diff] DIFF L2D_CACHE_INVAL: 0
[max diff] DIFF LL_CACHE_RD: 175, DIFF LL_CACHE_MISS_RD: 135, MISS_RATE: 77.14%
[max diff] DIFF L2D_CACHE_REFILL: 135
[max diff] DIFF L2D_CACHE_INVAL: 0

===========================================================
taskpendcnt:391412
t0:2875 ns
t1:6208 ns
t2:102291 ns
benchmark: Franka-derived Cartesian-impedance kernel, input trace:8, timer period:1.000 ms
controller source: franka_ros2 jazzy@73a1501d, updates:391434, SVD sweeps:5
pose error:[0.010000 0.015000 0.010000 -0.000000 0.049979 -0.000000]
tau[0:6]:[1.228026 0.081850 0.819520 0.875435 0.745706 -0.833381 0.398995]
kernel exec min/avg/max: 94.50 / 97.33 / 123.08 us, samples:391444
pressure status:1, copy rounds total/window:1660/10, 4.40 rounds/s
pressure logical copy:16600.00 MiB total, approx 43.99 MiB/s, checksum:2210607923200
pressure report window:2.273000 s
t0_region>
[1]:69744
[2]:142932
[3]:118430
[4]:30186
[5]:5398
[6]:3411
[7]:5215
[8]:7127
[9]:4189
[10]:1495
[11]:935
[12]:673
[13]:581
[14]:415
[15]:273
[16]:194
[17]:111
[18]:83
[19]:28
[20]:14
[21]:5
[22]:3
[24]:1
[25]:7
[26]:1
[27]:2
[28]:2
[30]:2
[31]:2
[32]:1
[33]:2
[35]:2
[36]:2
[47]:1
[54]:1

t1_region>
[2]:2394
[3]:23119
[4]:29221
[5]:30013
[6]:55881
[7]:79125
[8]:77706
[9]:42584
[10]:16578
[11]:5160
[12]:2153
[13]:1645
[14]:1554
[15]:1834
[16]:3227
[17]:5320
[18]:4381
[19]:1902
[20]:844
[21]:666
[22]:657
[23]:618
[24]:593
[25]:512
[26]:474
[27]:484
[28]:429
[29]:357
[30]:326
[31]:329
[32]:284
[33]:230
[34]:218
[35]:173
[36]:160
[37]:106
[38]:72
[39]:39
[40]:30
[41]:19
[42]:18
[43]:8
[44]:8
[45]:6
[46]:7
[47]:3
[48]:2
[49]:2
[53]:1
[54]:1
[55]:1
[56]:1
[58]:3
[59]:3
[61]:2
[64]:3
[65]:2
[68]:3
[69]:3
[70]:1
[72]:2
[74]:1

t2_region>
[97]:332
[98]:6847
[99]:9616
[100]:20521
[101]:27561
[102]:34821
[103]:46328
[104]:58918
[105]:66629
[106]:44512
[107]:18791
[108]:10062
[109]:8644
[110]:6744
[111]:3784
[112]:2144
[113]:2064
[114]:3296
[115]:4094
[116]:3260
[117]:1702
[118]:1130
[119]:1203
[120]:937
[121]:737
[122]:596
[123]:537
[124]:517
[125]:490
[126]:436
[127]:408
[128]:419
[129]:386
[130]:352
[131]:355
[132]:291
[133]:319
[134]:275
[135]:233
[136]:199
[137]:181
[138]:142
[139]:125
[140]:114
[141]:85
[142]:72
[143]:58
[144]:53
[145]:57
[146]:34
[147]:28
[148]:24
[149]:16
[150]:14
[151]:8
[152]:6
[153]:7
[154]:5
[156]:2
[157]:1
[159]:1
[160]:2
[161]:3
[163]:2
[165]:1
[166]:2
[167]:2
[168]:2
[170]:2
[172]:2
[173]:3
[174]:2
[175]:1
[177]:1
[179]:1
[180]:1
[182]:1
[186]:1

t0_min: 1.08 us, round:1998
t0_max: 54.29 us, round:302719
t0_jitter: 53.21 us

t1_min: 2.67 us, round:2027
t1_max: 74.13 us, round:302719
t1_jitter: 71.46 us

t2_min: 97.29 us, round:6326
t2_max: 186.38 us, round:302721
t2_jitter: 89.08 us

PMU diff samples: 391642
AVG DIFF LL_CACHE_RD: 99.05
AVG DIFF LL_CACHE_MISS_RD: 42.58
AVG DIFF L2D_CACHE_REFILL: 42.70
AVG DIFF L2D_CACHE_INVAL: 0.00
[cur diff] DIFF LL_CACHE_RD: 7, DIFF LL_CACHE_MISS_RD: 7, MISS_RATE: 100.00%
[cur diff] DIFF L2D_CACHE_REFILL: 2
[cur diff] DIFF L2D_CACHE_INVAL: 0
[max diff] DIFF LL_CACHE_RD: 175, DIFF LL_CACHE_MISS_RD: 135, MISS_RATE: 77.14%
[max diff] DIFF L2D_CACHE_REFILL: 135
[max diff] DIFF L2D_CACHE_INVAL: 0

===========================================================
taskpendcnt:393685
t0:2916 ns
t1:5958 ns
t2:102333 ns
benchmark: Franka-derived Cartesian-impedance kernel, input trace:8, timer period:1.000 ms
controller source: franka_ros2 jazzy@73a1501d, updates:393707, SVD sweeps:5
pose error:[0.010000 0.015000 0.010000 -0.000000 0.049979 -0.000000]
tau[0:6]:[1.376914 -0.104433 0.790225 0.843903 0.642107 -0.956178 0.423547]
kernel exec min/avg/max: 94.50 / 97.33 / 123.08 us, samples:393717
pressure status:1, copy rounds total/window:1669/9, 3.96 rounds/s
pressure logical copy:16690.00 MiB total, approx 39.59 MiB/s, checksum:2222593146880
pressure report window:2.273067 s
t0_region>
[1]:70137
[2]:143811
[3]:119139
[4]:30363
[5]:5421
[6]:3417
[7]:5242
[8]:7164
[9]:4208
[10]:1497
[11]:935
[12]:673
[13]:581
[14]:415
[15]:273
[16]:194
[17]:111
[18]:83
[19]:28
[20]:14
[21]:5
[22]:3
[24]:1
[25]:7
[26]:1
[27]:2
[28]:2
[30]:2
[31]:2
[32]:1
[33]:2
[35]:2
[36]:2
[47]:1
[54]:1

t1_region>
[2]:2404
[3]:23232
[4]:29369
[5]:30210
[6]:56224
[7]:79644
[8]:78184
[9]:42824
[10]:16668
[11]:5190
[12]:2161
[13]:1653
[14]:1557
[15]:1836
[16]:3247
[17]:5353
[18]:4401
[19]:1913
[20]:844
[21]:666
[22]:657
[23]:618
[24]:593
[25]:512
[26]:474
[27]:484
[28]:429
[29]:357
[30]:326
[31]:329
[32]:284
[33]:230
[34]:218
[35]:173
[36]:160
[37]:106
[38]:72
[39]:39
[40]:30
[41]:19
[42]:18
[43]:8
[44]:8
[45]:6
[46]:7
[47]:3
[48]:2
[49]:2
[53]:1
[54]:1
[55]:1
[56]:1
[58]:3
[59]:3
[61]:2
[64]:3
[65]:2
[68]:3
[69]:3
[70]:1
[72]:2
[74]:1

t2_region>
[97]:332
[98]:6868
[99]:9660
[100]:20619
[101]:27743
[102]:35039
[103]:46614
[104]:59296
[105]:67055
[106]:44775
[107]:18874
[108]:10106
[109]:8695
[110]:6796
[111]:3815
[112]:2152
[113]:2077
[114]:3310
[115]:4121
[116]:3274
[117]:1706
[118]:1133
[119]:1208
[120]:940
[121]:742
[122]:596
[123]:538
[124]:517
[125]:490
[126]:436
[127]:408
[128]:419
[129]:386
[130]:352
[131]:355
[132]:291
[133]:319
[134]:275
[135]:233
[136]:199
[137]:181
[138]:142
[139]:125
[140]:114
[141]:85
[142]:72
[143]:58
[144]:53
[145]:57
[146]:34
[147]:28
[148]:24
[149]:16
[150]:14
[151]:8
[152]:6
[153]:7
[154]:5
[156]:2
[157]:1
[159]:1
[160]:2
[161]:3
[163]:2
[165]:1
[166]:2
[167]:2
[168]:2
[170]:2
[172]:2
[173]:3
[174]:2
[175]:1
[177]:1
[179]:1
[180]:1
[182]:1
[186]:1

t0_min: 1.08 us, round:1998
t0_max: 54.29 us, round:302719
t0_jitter: 53.21 us

t1_min: 2.67 us, round:2027
t1_max: 74.13 us, round:302719
t1_jitter: 71.46 us

t2_min: 97.29 us, round:6326
t2_max: 186.38 us, round:302721
t2_jitter: 89.08 us

PMU diff samples: 393915
AVG DIFF LL_CACHE_RD: 99.05
AVG DIFF LL_CACHE_MISS_RD: 42.57
AVG DIFF L2D_CACHE_REFILL: 42.70
AVG DIFF L2D_CACHE_INVAL: 0.00
[cur diff] DIFF LL_CACHE_RD: 6, DIFF LL_CACHE_MISS_RD: 5, MISS_RATE: 83.33%
[cur diff] DIFF L2D_CACHE_REFILL: 3
[cur diff] DIFF L2D_CACHE_INVAL: 0
[max diff] DIFF LL_CACHE_RD: 175, DIFF LL_CACHE_MISS_RD: 135, MISS_RATE: 77.14%
[max diff] DIFF L2D_CACHE_REFILL: 135
[max diff] DIFF L2D_CACHE_INVAL: 0

===========================================================
taskpendcnt:395958
t0:3541 ns
t1:5416 ns
t2:101500 ns
benchmark: Franka-derived Cartesian-impedance kernel, input trace:8, timer period:1.000 ms
controller source: franka_ros2 jazzy@73a1501d, updates:395980, SVD sweeps:5
pose error:[0.010000 0.015000 0.010000 -0.000000 0.049979 -0.000000]
tau[0:6]:[-0.567483 -0.552304 -0.482512 -0.231067 -0.297494 -0.656094 -0.085004]
kernel exec min/avg/max: 94.50 / 97.33 / 123.08 us, samples:395990
pressure status:1, copy rounds total/window:1679/10, 4.40 rounds/s
pressure logical copy:16790.00 MiB total, approx 43.99 MiB/s, checksum:2235910062080
pressure report window:2.273414 s
t0_region>
[1]:70518
[2]:144628
[3]:119926
[4]:30544
[5]:5440
[6]:3433
[7]:5269
[8]:7194
[9]:4223
[10]:1498
[11]:935
[12]:673
[13]:581
[14]:415
[15]:273
[16]:194
[17]:111
[18]:83
[19]:28
[20]:14
[21]:5
[22]:3
[24]:1
[25]:7
[26]:1
[27]:2
[28]:2
[30]:2
[31]:2
[32]:1
[33]:2
[35]:2
[36]:2
[47]:1
[54]:1

t1_region>
[2]:2418
[3]:23343
[4]:29525
[5]:30403
[6]:56581
[7]:80100
[8]:78637
[9]:43101
[10]:16789
[11]:5231
[12]:2167
[13]:1654
[14]:1566
[15]:1841
[16]:3272
[17]:5382
[18]:4414
[19]:1920
[20]:844
[21]:666
[22]:657
[23]:618
[24]:593
[25]:512
[26]:474
[27]:484
[28]:429
[29]:357
[30]:326
[31]:329
[32]:284
[33]:230
[34]:218
[35]:173
[36]:160
[37]:106
[38]:72
[39]:39
[40]:30
[41]:19
[42]:18
[43]:8
[44]:8
[45]:6
[46]:7
[47]:3
[48]:2
[49]:2
[53]:1
[54]:1
[55]:1
[56]:1
[58]:3
[59]:3
[61]:2
[64]:3
[65]:2
[68]:3
[69]:3
[70]:1
[72]:2
[74]:1

t2_region>
[97]:332
[98]:6891
[99]:9704
[100]:20738
[101]:27913
[102]:35243
[103]:46894
[104]:59640
[105]:67447
[106]:45067
[107]:18996
[108]:10166
[109]:8751
[110]:6842
[111]:3835
[112]:2172
[113]:2088
[114]:3332
[115]:4141
[116]:3288
[117]:1713
[118]:1136
[119]:1211
[120]:940
[121]:743
[122]:596
[123]:538
[124]:517
[125]:490
[126]:436
[127]:408
[128]:419
[129]:386
[130]:352
[131]:355
[132]:291
[133]:319
[134]:275
[135]:233
[136]:199
[137]:181
[138]:142
[139]:125
[140]:114
[141]:85
[142]:72
[143]:58
[144]:53
[145]:57
[146]:34
[147]:28
[148]:24
[149]:16
[150]:14
[151]:8
[152]:6
[153]:7
[154]:5
[156]:2
[157]:1
[159]:1
[160]:2
[161]:3
[163]:2
[165]:1
[166]:2
[167]:2
[168]:2
[170]:2
[172]:2
[173]:3
[174]:2
[175]:1
[177]:1
[179]:1
[180]:1
[182]:1
[186]:1

t0_min: 1.08 us, round:1998
t0_max: 54.29 us, round:302719
t0_jitter: 53.21 us

t1_min: 2.67 us, round:2027
t1_max: 74.13 us, round:302719
t1_jitter: 71.46 us

t2_min: 97.29 us, round:6326
t2_max: 186.38 us, round:302721
t2_jitter: 89.08 us

PMU diff samples: 396189
AVG DIFF LL_CACHE_RD: 99.05
AVG DIFF LL_CACHE_MISS_RD: 42.57
AVG DIFF L2D_CACHE_REFILL: 42.69
AVG DIFF L2D_CACHE_INVAL: 0.00
[cur diff] DIFF LL_CACHE_RD: 11, DIFF LL_CACHE_MISS_RD: 7, MISS_RATE: 63.64%
[cur diff] DIFF L2D_CACHE_REFILL: 2
[cur diff] DIFF L2D_CACHE_INVAL: 0
[max diff] DIFF LL_CACHE_RD: 175, DIFF LL_CACHE_MISS_RD: 135, MISS_RATE: 77.14%
[max diff] DIFF L2D_CACHE_REFILL: 135
[max diff] DIFF L2D_CACHE_INVAL: 0

===========================================================
taskpendcnt:398232
t0:2250 ns
t1:4416 ns
t2:101083 ns
benchmark: Franka-derived Cartesian-impedance kernel, input trace:8, timer period:1.000 ms
controller source: franka_ros2 jazzy@73a1501d, updates:398254, SVD sweeps:5
pose error:[0.010000 0.015000 0.010000 -0.000000 0.049979 -0.000000]
tau[0:6]:[-2.379368 -1.292411 -1.655224 -1.570015 -1.185234 -0.066588 -0.610247]
kernel exec min/avg/max: 94.50 / 97.33 / 123.08 us, samples:398264
pressure status:1, copy rounds total/window:1689/10, 4.40 rounds/s
pressure logical copy:16890.00 MiB total, approx 43.98 MiB/s, checksum:2249226977280
pressure report window:2.273990 s
t0_region>
[1]:70871
[2]:145535
[3]:120685
[4]:30695
[5]:5459
[6]:3439
[7]:5291
[8]:7234
[9]:4240
[10]:1498
[11]:935
[12]:673
[13]:581
[14]:415
[15]:273
[16]:194
[17]:111
[18]:83
[19]:28
[20]:14
[21]:5
[22]:3
[24]:1
[25]:7
[26]:1
[27]:2
[28]:2
[30]:2
[31]:2
[32]:1
[33]:2
[35]:2
[36]:2
[47]:1
[54]:1

t1_region>
[2]:2430
[3]:23462
[4]:29671
[5]:30584
[6]:56943
[7]:80642
[8]:79126
[9]:43325
[10]:16873
[11]:5249
[12]:2174
[13]:1657
[14]:1574
[15]:1846
[16]:3283
[17]:5412
[18]:4439
[19]:1926
[20]:845
[21]:667
[22]:657
[23]:618
[24]:593
[25]:512
[26]:474
[27]:484
[28]:429
[29]:357
[30]:326
[31]:329
[32]:284
[33]:230
[34]:218
[35]:173
[36]:160
[37]:106
[38]:72
[39]:39
[40]:30
[41]:19
[42]:18
[43]:8
[44]:8
[45]:6
[46]:7
[47]:3
[48]:2
[49]:2
[53]:1
[54]:1
[55]:1
[56]:1
[58]:3
[59]:3
[61]:2
[64]:3
[65]:2
[68]:3
[69]:3
[70]:1
[72]:2
[74]:1

t2_region>
[97]:332
[98]:6905
[99]:9758
[100]:20839
[101]:28079
[102]:35448
[103]:47174
[104]:60052
[105]:67905
[106]:45310
[107]:19103
[108]:10228
[109]:8794
[110]:6872
[111]:3849
[112]:2177
[113]:2095
[114]:3345
[115]:4167
[116]:3311
[117]:1721
[118]:1137
[119]:1213
[120]:940
[121]:743
[122]:596
[123]:538
[124]:517
[125]:490
[126]:436
[127]:408
[128]:419
[129]:386
[130]:352
[131]:355
[132]:291
[133]:319
[134]:275
[135]:233
[136]:199
[137]:181
[138]:142
[139]:125
[140]:114
[141]:85
[142]:72
[143]:58
[144]:53
[145]:57
[146]:34
[147]:28
[148]:24
[149]:16
[150]:14
[151]:8
[152]:6
[153]:7
[154]:5
[156]:2
[157]:1
[159]:1
[160]:2
[161]:3
[163]:2
[165]:1
[166]:2
[167]:2
[168]:2
[170]:2
[172]:2
[173]:3
[174]:2
[175]:1
[177]:1
[179]:1
[180]:1
[182]:1
[186]:1

t0_min: 1.08 us, round:1998
t0_max: 54.29 us, round:302719
t0_jitter: 53.21 us

t1_min: 2.67 us, round:2027
t1_max: 74.13 us, round:302719
t1_jitter: 71.46 us

t2_min: 97.29 us, round:6326
t2_max: 186.38 us, round:302721
t2_jitter: 89.08 us

PMU diff samples: 398463
AVG DIFF LL_CACHE_RD: 99.05
AVG DIFF LL_CACHE_MISS_RD: 42.56
AVG DIFF L2D_CACHE_REFILL: 42.69
AVG DIFF L2D_CACHE_INVAL: 0.00
[cur diff] DIFF LL_CACHE_RD: 14, DIFF LL_CACHE_MISS_RD: 9, MISS_RATE: 64.29%
[cur diff] DIFF L2D_CACHE_REFILL: 1
[cur diff] DIFF L2D_CACHE_INVAL: 0
[max diff] DIFF LL_CACHE_RD: 175, DIFF LL_CACHE_MISS_RD: 135, MISS_RATE: 77.14%
[max diff] DIFF L2D_CACHE_REFILL: 135
[max diff] DIFF L2D_CACHE_INVAL: 0

===========================================================
taskpendcnt:400506
t0:3583 ns
t1:5458 ns
t2:101250 ns
benchmark: Franka-derived Cartesian-impedance kernel, input trace:8, timer period:1.000 ms
controller source: franka_ros2 jazzy@73a1501d, updates:400528, SVD sweeps:5
pose error:[0.010000 0.015000 0.010000 -0.000000 0.049979 -0.000000]
tau[0:6]:[-0.274004 -0.324180 0.001577 -0.231466 0.050986 -0.328952 0.010844]
kernel exec min/avg/max: 94.50 / 97.33 / 123.08 us, samples:400538
pressure status:1, copy rounds total/window:1698/9, 3.96 rounds/s
pressure logical copy:16980.00 MiB total, approx 39.58 MiB/s, checksum:2261212200960
pressure report window:2.273808 s
t0_region>
[1]:71256
[2]:146398
[3]:121373
[4]:30916
[5]:5482
[6]:3448
[7]:5322
[8]:7267
[9]:4258
[10]:1501
[11]:935
[12]:673
[13]:581
[14]:415
[15]:273
[16]:194
[17]:111
[18]:83
[19]:28
[20]:14
[21]:5
[22]:3
[24]:1
[25]:7
[26]:1
[27]:2
[28]:2
[30]:2
[31]:2
[32]:1
[33]:2
[35]:2
[36]:2
[47]:1
[54]:1

t1_region>
[2]:2446
[3]:23575
[4]:29831
[5]:30797
[6]:57264
[7]:81077
[8]:79573
[9]:43598
[10]:17009
[11]:5294
[12]:2187
[13]:1664
[14]:1578
[15]:1857
[16]:3300
[17]:5446
[18]:4463
[19]:1929
[20]:846
[21]:667
[22]:658
[23]:618
[24]:593
[25]:512
[26]:474
[27]:484
[28]:429
[29]:357
[30]:326
[31]:329
[32]:284
[33]:230
[34]:218
[35]:173
[36]:160
[37]:106
[38]:72
[39]:39
[40]:30
[41]:19
[42]:18
[43]:8
[44]:8
[45]:6
[46]:7
[47]:3
[48]:2
[49]:2
[53]:1
[54]:1
[55]:1
[56]:1
[58]:3
[59]:3
[61]:2
[64]:3
[65]:2
[68]:3
[69]:3
[70]:1
[72]:2
[74]:1

t2_region>
[97]:332
[98]:6928
[99]:9807
[100]:20956
[101]:28267
[102]:35673
[103]:47437
[104]:60375
[105]:68291
[106]:45567
[107]:19236
[108]:10287
[109]:8861
[110]:6924
[111]:3878
[112]:2187
[113]:2108
[114]:3368
[115]:4195
[116]:3326
[117]:1726
[118]:1140
[119]:1217
[120]:942
[121]:743
[122]:596
[123]:538
[124]:517
[125]:490
[126]:436
[127]:408
[128]:419
[129]:386
[130]:352
[131]:355
[132]:291
[133]:319
[134]:275
[135]:233
[136]:199
[137]:181
[138]:142
[139]:125
[140]:114
[141]:85
[142]:72
[143]:58
[144]:53
[145]:57
[146]:34
[147]:28
[148]:24
[149]:16
[150]:14
[151]:8
[152]:6
[153]:7
[154]:5
[156]:2
[157]:1
[159]:1
[160]:2
[161]:3
[163]:2
[165]:1
[166]:2
[167]:2
[168]:2
[170]:2
[172]:2
[173]:3
[174]:2
[175]:1
[177]:1
[179]:1
[180]:1
[182]:1
[186]:1

t0_min: 1.08 us, round:1998
t0_max: 54.29 us, round:302719
t0_jitter: 53.21 us

t1_min: 2.67 us, round:2027
t1_max: 74.13 us, round:302719
t1_jitter: 71.46 us

t2_min: 97.29 us, round:6326
t2_max: 186.38 us, round:302721
t2_jitter: 89.08 us

PMU diff samples: 400737
AVG DIFF LL_CACHE_RD: 99.05
AVG DIFF LL_CACHE_MISS_RD: 42.56
AVG DIFF L2D_CACHE_REFILL: 42.69
AVG DIFF L2D_CACHE_INVAL: 0.00
[cur diff] DIFF LL_CACHE_RD: 6, DIFF LL_CACHE_MISS_RD: 3, MISS_RATE: 50.00%
[cur diff] DIFF L2D_CACHE_REFILL: 1
[cur diff] DIFF L2D_CACHE_INVAL: 0
[max diff] DIFF LL_CACHE_RD: 175, DIFF LL_CACHE_MISS_RD: 135, MISS_RATE: 77.14%
[max diff] DIFF L2D_CACHE_REFILL: 135
[max diff] DIFF L2D_CACHE_INVAL: 0

===========================================================
taskpendcnt:402779
t0:2458 ns
t1:5791 ns
t2:101875 ns
benchmark: Franka-derived Cartesian-impedance kernel, input trace:8, timer period:1.000 ms
controller source: franka_ros2 jazzy@73a1501d, updates:402801, SVD sweeps:5
pose error:[0.010000 0.015000 0.010000 -0.000000 0.049979 -0.000000]
tau[0:6]:[0.839771 0.130674 0.617691 0.624912 0.653099 -0.592692 0.265887]
kernel exec min/avg/max: 94.50 / 97.33 / 123.08 us, samples:402811
pressure status:1, copy rounds total/window:1708/10, 4.40 rounds/s
pressure logical copy:17080.00 MiB total, approx 44.00 MiB/s, checksum:2274529116160
pressure report window:2.272705 s
t0_region>
[1]:71620
[2]:147304
[3]:122099
[4]:31088
[5]:5508
[6]:3459
[7]:5337
[8]:7302
[9]:4273
[10]:1503
[11]:935
[12]:673
[13]:581
[14]:415
[15]:273
[16]:194
[17]:111
[18]:83
[19]:28
[20]:14
[21]:5
[22]:3
[24]:1
[25]:7
[26]:1
[27]:2
[28]:2
[30]:2
[31]:2
[32]:1
[33]:2
[35]:2
[36]:2
[47]:1
[54]:1

t1_region>
[2]:2464
[3]:23684
[4]:29981
[5]:30993
[6]:57628
[7]:81558
[8]:80077
[9]:43833
[10]:17111
[11]:5310
[12]:2199
[13]:1671
[14]:1585
[15]:1863
[16]:3312
[17]:5469
[18]:4485
[19]:1936
[20]:846
[21]:667
[22]:658
[23]:618
[24]:593
[25]:512
[26]:474
[27]:484
[28]:429
[29]:357
[30]:326
[31]:329
[32]:284
[33]:230
[34]:218
[35]:173
[36]:160
[37]:106
[38]:72
[39]:39
[40]:30
[41]:19
[42]:18
[43]:8
[44]:8
[45]:6
[46]:7
[47]:3
[48]:2
[49]:2
[53]:1
[54]:1
[55]:1
[56]:1
[58]:3
[59]:3
[61]:2
[64]:3
[65]:2
[68]:3
[69]:3
[70]:1
[72]:2
[74]:1

t2_region>
[97]:332
[98]:6957
[99]:9855
[100]:21059
[101]:28437
[102]:35898
[103]:47712
[104]:60750
[105]:68724
[106]:45833
[107]:19346
[108]:10343
[109]:8904
[110]:6962
[111]:3897
[112]:2202
[113]:2117
[114]:3380
[115]:4213
[116]:3337
[117]:1735
[118]:1143
[119]:1218
[120]:946
[121]:744
[122]:596
[123]:538
[124]:517
[125]:490
[126]:436
[127]:408
[128]:419
[129]:386
[130]:352
[131]:355
[132]:291
[133]:319
[134]:275
[135]:233
[136]:199
[137]:181
[138]:142
[139]:125
[140]:114
[141]:85
[142]:72
[143]:58
[144]:53
[145]:57
[146]:34
[147]:28
[148]:24
[149]:16
[150]:14
[151]:8
[152]:6
[153]:7
[154]:5
[156]:2
[157]:1
[159]:1
[160]:2
[161]:3
[163]:2
[165]:1
[166]:2
[167]:2
[168]:2
[170]:2
[172]:2
[173]:3
[174]:2
[175]:1
[177]:1
[179]:1
[180]:1
[182]:1
[186]:1

t0_min: 1.08 us, round:1998
t0_max: 54.29 us, round:302719
t0_jitter: 53.21 us

t1_min: 2.67 us, round:2027
t1_max: 74.13 us, round:302719
t1_jitter: 71.46 us

t2_min: 97.29 us, round:6326
t2_max: 186.38 us, round:302721
t2_jitter: 89.08 us

PMU diff samples: 403009
AVG DIFF LL_CACHE_RD: 99.05
AVG DIFF LL_CACHE_MISS_RD: 42.56
AVG DIFF L2D_CACHE_REFILL: 42.68
AVG DIFF L2D_CACHE_INVAL: 0.00
[cur diff] DIFF LL_CACHE_RD: 11, DIFF LL_CACHE_MISS_RD: 8, MISS_RATE: 72.73%
[cur diff] DIFF L2D_CACHE_REFILL: 0
[cur diff] DIFF L2D_CACHE_INVAL: 0
[max diff] DIFF LL_CACHE_RD: 175, DIFF LL_CACHE_MISS_RD: 135, MISS_RATE: 77.14%
[max diff] DIFF L2D_CACHE_REFILL: 135
[max diff] DIFF L2D_CACHE_INVAL: 0

===========================================================
taskpendcnt:405052
t0:2500 ns
t1:4375 ns
t2:101916 ns
benchmark: Franka-derived Cartesian-impedance kernel, input trace:8, timer period:1.000 ms
controller source: franka_ros2 jazzy@73a1501d, updates:405074, SVD sweeps:5
pose error:[0.010000 0.015000 0.010000 -0.000000 0.049979 -0.000000]
tau[0:6]:[1.228026 0.081850 0.819520 0.875435 0.745706 -0.833381 0.398995]
kernel exec min/avg/max: 94.50 / 97.33 / 123.08 us, samples:405084
pressure status:1, copy rounds total/window:1717/9, 3.96 rounds/s
pressure logical copy:17170.00 MiB total, approx 39.60 MiB/s, checksum:2286514339840
pressure report window:2.272977 s
t0_region>
[1]:71993
[2]:148225
[3]:122808
[4]:31245
[5]:5525
[6]:3469
[7]:5362
[8]:7347
[9]:4289
[10]:1504
[11]:935
[12]:673
[13]:581
[14]:415
[15]:273
[16]:194
[17]:111
[18]:83
[19]:28
[20]:14
[21]:5
[22]:3
[24]:1
[25]:7
[26]:1
[27]:2
[28]:2
[30]:2
[31]:2
[32]:1
[33]:2
[35]:2
[36]:2
[47]:1
[54]:1

t1_region>
[2]:2483
[3]:23789
[4]:30145
[5]:31174
[6]:58028
[7]:82051
[8]:80555
[9]:44053
[10]:17195
[11]:5336
[12]:2205
[13]:1673
[14]:1587
[15]:1875
[16]:3327
[17]:5502
[18]:4509
[19]:1946
[20]:846
[21]:667
[22]:658
[23]:618
[24]:593
[25]:512
[26]:474
[27]:484
[28]:429
[29]:357
[30]:326
[31]:329
[32]:284
[33]:230
[34]:218
[35]:173
[36]:160
[37]:106
[38]:72
[39]:39
[40]:30
[41]:19
[42]:18
[43]:8
[44]:8
[45]:6
[46]:7
[47]:3
[48]:2
[49]:2
[53]:1
[54]:1
[55]:1
[56]:1
[58]:3
[59]:3
[61]:2
[64]:3
[65]:2
[68]:3
[69]:3
[70]:1
[72]:2
[74]:1

t2_region>
[97]:332
[98]:6977
[99]:9903
[100]:21168
[101]:28617
[102]:36135
[103]:48027
[104]:61122
[105]:69121
[106]:46090
[107]:19438
[108]:10399
[109]:8952
[110]:6993
[111]:3909
[112]:2207
[113]:2129
[114]:3395
[115]:4235
[116]:3356
[117]:1743
[118]:1148
[119]:1221
[120]:953
[121]:746
[122]:596
[123]:538
[124]:517
[125]:490
[126]:436
[127]:408
[128]:419
[129]:386
[130]:352
[131]:355
[132]:291
[133]:319
[134]:275
[135]:233
[136]:199
[137]:181
[138]:142
[139]:125
[140]:114
[141]:85
[142]:72
[143]:58
[144]:53
[145]:57
[146]:34
[147]:28
[148]:24
[149]:16
[150]:14
[151]:8
[152]:6
[153]:7
[154]:5
[156]:2
[157]:1
[159]:1
[160]:2
[161]:3
[163]:2
[165]:1
[166]:2
[167]:2
[168]:2
[170]:2
[172]:2
[173]:3
[174]:2
[175]:1
[177]:1
[179]:1
[180]:1
[182]:1
[186]:1

t0_min: 1.08 us, round:1998
t0_max: 54.29 us, round:302719
t0_jitter: 53.21 us

t1_min: 2.67 us, round:2027
t1_max: 74.13 us, round:302719
t1_jitter: 71.46 us

t2_min: 97.29 us, round:6326
t2_max: 186.38 us, round:302721
t2_jitter: 89.08 us

PMU diff samples: 405282
AVG DIFF LL_CACHE_RD: 99.04
AVG DIFF LL_CACHE_MISS_RD: 42.55
AVG DIFF L2D_CACHE_REFILL: 42.68
AVG DIFF L2D_CACHE_INVAL: 0.00
[cur diff] DIFF LL_CACHE_RD: 12, DIFF LL_CACHE_MISS_RD: 11, MISS_RATE: 91.67%
[cur diff] DIFF L2D_CACHE_REFILL: 3
[cur diff] DIFF L2D_CACHE_INVAL: 0
[max diff] DIFF LL_CACHE_RD: 175, DIFF LL_CACHE_MISS_RD: 135, MISS_RATE: 77.14%
[max diff] DIFF L2D_CACHE_REFILL: 135
[max diff] DIFF L2D_CACHE_INVAL: 0

===========================================================
taskpendcnt:407325
t0:4000 ns
t1:5875 ns
t2:101375 ns
benchmark: Franka-derived Cartesian-impedance kernel, input trace:8, timer period:1.000 ms
controller source: franka_ros2 jazzy@73a1501d, updates:407347, SVD sweeps:5
pose error:[0.010000 0.015000 0.010000 -0.000000 0.049979 -0.000000]
tau[0:6]:[1.376914 -0.104433 0.790225 0.843903 0.642107 -0.956178 0.423547]
kernel exec min/avg/max: 94.50 / 97.33 / 123.08 us, samples:407357
pressure status:1, copy rounds total/window:1727/10, 4.40 rounds/s
pressure logical copy:17270.00 MiB total, approx 43.99 MiB/s, checksum:2299831255040
pressure report window:2.273115 s
t0_region>
[1]:72394
[2]:149060
[3]:123518
[4]:31457
[5]:5544
[6]:3480
[7]:5382
[8]:7394
[9]:4307
[10]:1504
[11]:935
[12]:673
[13]:581
[14]:415
[15]:273
[16]:194
[17]:111
[18]:83
[19]:28
[20]:14
[21]:5
[22]:3
[24]:1
[25]:7
[26]:1
[27]:2
[28]:2
[30]:2
[31]:2
[32]:1
[33]:2
[35]:2
[36]:2
[47]:1
[54]:1

t1_region>
[2]:2497
[3]:23895
[4]:30300
[5]:31389
[6]:58388
[7]:82471
[8]:81013
[9]:44336
[10]:17321
[11]:5365
[12]:2213
[13]:1678
[14]:1590
[15]:1884
[16]:3345
[17]:5536
[18]:4536
[19]:1949
[20]:846
[21]:667
[22]:658
[23]:618
[24]:593
[25]:512
[26]:474
[27]:484
[28]:429
[29]:357
[30]:326
[31]:329
[32]:284
[33]:230
[34]:218
[35]:173
[36]:160
[37]:106
[38]:72
[39]:39
[40]:30
[41]:19
[42]:18
[43]:8
[44]:8
[45]:6
[46]:7
[47]:3
[48]:2
[49]:2
[53]:1
[54]:1
[55]:1
[56]:1
[58]:3
[59]:3
[61]:2
[64]:3
[65]:2
[68]:3
[69]:3
[70]:1
[72]:2
[74]:1

t2_region>
[97]:332
[98]:6993
[99]:9947
[100]:21285
[101]:28801
[102]:36356
[103]:48326
[104]:61435
[105]:69495
[106]:46383
[107]:19559
[108]:10444
[109]:9016
[110]:7050
[111]:3939
[112]:2214
[113]:2138
[114]:3415
[115]:4262
[116]:3374
[117]:1747
[118]:1152
[119]:1223
[120]:956
[121]:747
[122]:596
[123]:538
[124]:517
[125]:490
[126]:436
[127]:408
[128]:419
[129]:386
[130]:352
[131]:355
[132]:291
[133]:319
[134]:275
[135]:233
[136]:199
[137]:181
[138]:142
[139]:125
[140]:114
[141]:85
[142]:72
[143]:58
[144]:53
[145]:57
[146]:34
[147]:28
[148]:24
[149]:16
[150]:14
[151]:8
[152]:6
[153]:7
[154]:5
[156]:2
[157]:1
[159]:1
[160]:2
[161]:3
[163]:2
[165]:1
[166]:2
[167]:2
[168]:2
[170]:2
[172]:2
[173]:3
[174]:2
[175]:1
[177]:1
[179]:1
[180]:1
[182]:1
[186]:1

t0_min: 1.08 us, round:1998
t0_max: 54.29 us, round:302719
t0_jitter: 53.21 us

t1_min: 2.67 us, round:2027
t1_max: 74.13 us, round:302719
t1_jitter: 71.46 us

t2_min: 97.29 us, round:6326
t2_max: 186.38 us, round:302721
t2_jitter: 89.08 us

PMU diff samples: 407556
AVG DIFF LL_CACHE_RD: 99.04
AVG DIFF LL_CACHE_MISS_RD: 42.55
AVG DIFF L2D_CACHE_REFILL: 42.68
AVG DIFF L2D_CACHE_INVAL: 0.00
[cur diff] DIFF LL_CACHE_RD: 6, DIFF LL_CACHE_MISS_RD: 5, MISS_RATE: 83.33%
[cur diff] DIFF L2D_CACHE_REFILL: 2
[cur diff] DIFF L2D_CACHE_INVAL: 0
[max diff] DIFF LL_CACHE_RD: 175, DIFF LL_CACHE_MISS_RD: 135, MISS_RATE: 77.14%
[max diff] DIFF L2D_CACHE_REFILL: 135
[max diff] DIFF L2D_CACHE_INVAL: 0

===========================================================
taskpendcnt:409598
t0:2291 ns
t1:5625 ns
t2:101708 ns
benchmark: Franka-derived Cartesian-impedance kernel, input trace:8, timer period:1.000 ms
controller source: franka_ros2 jazzy@73a1501d, updates:409620, SVD sweeps:5
pose error:[0.010000 0.015000 0.010000 -0.000000 0.049979 -0.000000]
tau[0:6]:[-0.567483 -0.552304 -0.482512 -0.231067 -0.297494 -0.656094 -0.085004]
kernel exec min/avg/max: 94.50 / 97.33 / 123.08 us, samples:409630
pressure status:1, copy rounds total/window:1737/10, 4.40 rounds/s
pressure logical copy:17370.00 MiB total, approx 43.99 MiB/s, checksum:2313148170240
pressure report window:2.273413 s
t0_region>
[1]:72749
[2]:149963
[3]:124251
[4]:31643
[5]:5569
[6]:3487
[7]:5403
[8]:7422
[9]:4321
[10]:1506
[11]:935
[12]:673
[13]:581
[14]:415
[15]:273
[16]:194
[17]:111
[18]:83
[19]:28
[20]:14
[21]:5
[22]:3
[24]:1
[25]:7
[26]:1
[27]:2
[28]:2
[30]:2
[31]:2
[32]:1
[33]:2
[35]:2
[36]:2
[47]:1
[54]:1

t1_region>
[2]:2511
[3]:24007
[4]:30449
[5]:31554
[6]:58736
[7]:82976
[8]:81512
[9]:44603
[10]:17408
[11]:5404
[12]:2226
[13]:1682
[14]:1597
[15]:1887
[16]:3354
[17]:5561
[18]:4557
[19]:1955
[20]:847
[21]:667
[22]:658
[23]:618
[24]:593
[25]:512
[26]:474
[27]:484
[28]:429
[29]:357
[30]:326
[31]:329
[32]:284
[33]:230
[34]:218
[35]:173
[36]:160
[37]:106
[38]:72
[39]:39
[40]:30
[41]:19
[42]:18
[43]:8
[44]:8
[45]:6
[46]:7
[47]:3
[48]:2
[49]:2
[53]:1
[54]:1
[55]:1
[56]:1
[58]:3
[59]:3
[61]:2
[64]:3
[65]:2
[68]:3
[69]:3
[70]:1
[72]:2
[74]:1

t2_region>
[97]:332
[98]:7010
[99]:9997
[100]:21399
[101]:28964
[102]:36539
[103]:48616
[104]:61801
[105]:69924
[106]:46670
[107]:19699
[108]:10506
[109]:9058
[110]:7082
[111]:3960
[112]:2227
[113]:2143
[114]:3425
[115]:4284
[116]:3387
[117]:1753
[118]:1154
[119]:1226
[120]:958
[121]:747
[122]:597
[123]:539
[124]:517
[125]:490
[126]:436
[127]:408
[128]:419
[129]:386
[130]:352
[131]:355
[132]:291
[133]:319
[134]:275
[135]:233
[136]:199
[137]:181
[138]:142
[139]:125
[140]:114
[141]:85
[142]:72
[143]:58
[144]:53
[145]:57
[146]:34
[147]:28
[148]:24
[149]:16
[150]:14
[151]:8
[152]:6
[153]:7
[154]:5
[156]:2
[157]:1
[159]:1
[160]:2
[161]:3
[163]:2
[165]:1
[166]:2
[167]:2
[168]:2
[170]:2
[172]:2
[173]:3
[174]:2
[175]:1
[177]:1
[179]:1
[180]:1
[182]:1
[186]:1

t0_min: 1.08 us, round:1998
t0_max: 54.29 us, round:302719
t0_jitter: 53.21 us

t1_min: 2.67 us, round:2027
t1_max: 74.13 us, round:302719
t1_jitter: 71.46 us

t2_min: 97.29 us, round:6326
t2_max: 186.38 us, round:302721
t2_jitter: 89.08 us

PMU diff samples: 409829
AVG DIFF LL_CACHE_RD: 99.04
AVG DIFF LL_CACHE_MISS_RD: 42.55
AVG DIFF L2D_CACHE_REFILL: 42.67
AVG DIFF L2D_CACHE_INVAL: 0.00
[cur diff] DIFF LL_CACHE_RD: 17, DIFF LL_CACHE_MISS_RD: 11, MISS_RATE: 64.71%
[cur diff] DIFF L2D_CACHE_REFILL: 2
[cur diff] DIFF L2D_CACHE_INVAL: 0
[max diff] DIFF LL_CACHE_RD: 175, DIFF LL_CACHE_MISS_RD: 135, MISS_RATE: 77.14%
[max diff] DIFF L2D_CACHE_REFILL: 135
[max diff] DIFF L2D_CACHE_INVAL: 0

===========================================================
taskpendcnt:411872
t0:2458 ns
t1:4625 ns
t2:102458 ns
benchmark: Franka-derived Cartesian-impedance kernel, input trace:8, timer period:1.000 ms
controller source: franka_ros2 jazzy@73a1501d, updates:411894, SVD sweeps:5
pose error:[0.010000 0.015000 0.010000 -0.000000 0.049979 -0.000000]
tau[0:6]:[-2.379368 -1.292411 -1.655224 -1.570015 -1.185234 -0.066588 -0.610247]
kernel exec min/avg/max: 94.50 / 97.33 / 123.08 us, samples:411904
pressure status:1, copy rounds total/window:1746/9, 3.96 rounds/s
pressure logical copy:17460.00 MiB total, approx 39.58 MiB/s, checksum:2325133393920
pressure report window:2.274003 s
t0_region>
[1]:73117
[2]:150875
[3]:124955
[4]:31829
[5]:5580
[6]:3495
[7]:5421
[8]:7465
[9]:4338
[10]:1511
[11]:935
[12]:673
[13]:581
[14]:415
[15]:273
[16]:194
[17]:111
[18]:83
[19]:28
[20]:14
[21]:5
[22]:3
[24]:1
[25]:7
[26]:1
[27]:2
[28]:2
[30]:2
[31]:2
[32]:1
[33]:2
[35]:2
[36]:2
[47]:1
[54]:1

t1_region>
[2]:2524
[3]:24129
[4]:30595
[5]:31738
[6]:59093
[7]:83478
[8]:81979
[9]:44862
[10]:17508
[11]:5424
[12]:2233
[13]:1687
[14]:1603
[15]:1892
[16]:3366
[17]:5596
[18]:4582
[19]:1963
[20]:848
[21]:667
[22]:658
[23]:618
[24]:593
[25]:512
[26]:474
[27]:484
[28]:429
[29]:357
[30]:326
[31]:329
[32]:284
[33]:230
[34]:218
[35]:173
[36]:160
[37]:106
[38]:72
[39]:39
[40]:30
[41]:19
[42]:18
[43]:8
[44]:8
[45]:6
[46]:7
[47]:3
[48]:2
[49]:2
[53]:1
[54]:1
[55]:1
[56]:1
[58]:3
[59]:3
[61]:2
[64]:3
[65]:2
[68]:3
[69]:3
[70]:1
[72]:2
[74]:1

t2_region>
[97]:332
[98]:7033
[99]:10044
[100]:21511
[101]:29128
[102]:36754
[103]:48918
[104]:62188
[105]:70313
[106]:46931
[107]:19808
[108]:10563
[109]:9122
[110]:7120
[111]:3973
[112]:2233
[113]:2147
[114]:3446
[115]:4302
[116]:3407
[117]:1759
[118]:1157
[119]:1232
[120]:963
[121]:750
[122]:597
[123]:539
[124]:517
[125]:490
[126]:436
[127]:408
[128]:419
[129]:386
[130]:352
[131]:355
[132]:291
[133]:319
[134]:275
[135]:233
[136]:199
[137]:181
[138]:142
[139]:125
[140]:114
[141]:85
[142]:72
[143]:58
[144]:53
[145]:57
[146]:34
[147]:28
[148]:24
[149]:16
[150]:14
[151]:8
[152]:6
[153]:7
[154]:5
[156]:2
[157]:1
[159]:1
[160]:2
[161]:3
[163]:2
[165]:1
[166]:2
[167]:2
[168]:2
[170]:2
[172]:2
[173]:3
[174]:2
[175]:1
[177]:1
[179]:1
[180]:1
[182]:1
[186]:1

t0_min: 1.08 us, round:1998
t0_max: 54.29 us, round:302719
t0_jitter: 53.21 us

t1_min: 2.67 us, round:2027
t1_max: 74.13 us, round:302719
t1_jitter: 71.46 us

t2_min: 97.29 us, round:6326
t2_max: 186.38 us, round:302721
t2_jitter: 89.08 us

PMU diff samples: 412103
AVG DIFF LL_CACHE_RD: 99.04
AVG DIFF LL_CACHE_MISS_RD: 42.55
AVG DIFF L2D_CACHE_REFILL: 42.67
AVG DIFF L2D_CACHE_INVAL: 0.00
[cur diff] DIFF LL_CACHE_RD: 12, DIFF LL_CACHE_MISS_RD: 9, MISS_RATE: 75.00%
[cur diff] DIFF L2D_CACHE_REFILL: 2
[cur diff] DIFF L2D_CACHE_INVAL: 0
[max diff] DIFF LL_CACHE_RD: 175, DIFF LL_CACHE_MISS_RD: 135, MISS_RATE: 77.14%
[max diff] DIFF L2D_CACHE_REFILL: 135
[max diff] DIFF L2D_CACHE_INVAL: 0

===========================================================
taskpendcnt:414146
t0:4083 ns
t1:5666 ns
t2:100875 ns
benchmark: Franka-derived Cartesian-impedance kernel, input trace:8, timer period:1.000 ms
controller source: franka_ros2 jazzy@73a1501d, updates:414168, SVD sweeps:5
pose error:[0.010000 0.015000 0.010000 -0.000000 0.049979 -0.000000]
tau[0:6]:[-0.274004 -0.324180 0.001577 -0.231466 0.050986 -0.328952 0.010844]
kernel exec min/avg/max: 94.50 / 97.33 / 123.08 us, samples:414178
pressure status:1, copy rounds total/window:1756/10, 4.40 rounds/s
pressure logical copy:17560.00 MiB total, approx 43.98 MiB/s, checksum:2338450309120
pressure report window:2.273761 s
t0_region>
[1]:73498
[2]:151701
[3]:125688
[4]:32046
[5]:5605
[6]:3504
[7]:5448
[8]:7500
[9]:4358
[10]:1512
[11]:935
[12]:673
[13]:581
[14]:415
[15]:273
[16]:194
[17]:111
[18]:83
[19]:28
[20]:14
[21]:5
[22]:3
[24]:1
[25]:7
[26]:1
[27]:2
[28]:2
[30]:2
[31]:2
[32]:1
[33]:2
[35]:2
[36]:2
[47]:1
[54]:1

t1_region>
[2]:2539
[3]:24245
[4]:30743
[5]:31923
[6]:59436
[7]:83934
[8]:82484
[9]:45133
[10]:17603
[11]:5460
[12]:2238
[13]:1690
[14]:1607
[15]:1903
[16]:3385
[17]:5629
[18]:4602
[19]:1971
[20]:848
[21]:667
[22]:658
[23]:618
[24]:593
[25]:512
[26]:474
[27]:484
[28]:429
[29]:357
[30]:326
[31]:329
[32]:284
[33]:230
[34]:218
[35]:173
[36]:160
[37]:106
[38]:72
[39]:39
[40]:30
[41]:19
[42]:18
[43]:8
[44]:8
[45]:6
[46]:7
[47]:3
[48]:2
[49]:2
[53]:1
[54]:1
[55]:1
[56]:1
[58]:3
[59]:3
[61]:2
[64]:3
[65]:2
[68]:3
[69]:3
[70]:1
[72]:2
[74]:1

t2_region>
[97]:332
[98]:7052
[99]:10092
[100]:21620
[101]:29309
[102]:36964
[103]:49184
[104]:62562
[105]:70746
[106]:47188
[107]:19914
[108]:10603
[109]:9175
[110]:7163
[111]:4002
[112]:2252
[113]:2159
[114]:3469
[115]:4320
[116]:3428
[117]:1763
[118]:1161
[119]:1234
[120]:965
[121]:752
[122]:597
[123]:539
[124]:517
[125]:490
[126]:436
[127]:408
[128]:419
[129]:386
[130]:352
[131]:355
[132]:291
[133]:319
[134]:275
[135]:233
[136]:199
[137]:181
[138]:142
[139]:125
[140]:114
[141]:85
[142]:72
[143]:58
[144]:53
[145]:57
[146]:34
[147]:28
[148]:24
[149]:16
[150]:14
[151]:8
[152]:6
[153]:7
[154]:5
[156]:2
[157]:1
[159]:1
[160]:2
[161]:3
[163]:2
[165]:1
[166]:2
[167]:2
[168]:2
[170]:2
[172]:2
[173]:3
[174]:2
[175]:1
[177]:1
[179]:1
[180]:1
[182]:1
[186]:1

t0_min: 1.08 us, round:1998
t0_max: 54.29 us, round:302719
t0_jitter: 53.21 us

t1_min: 2.67 us, round:2027
t1_max: 74.13 us, round:302719
t1_jitter: 71.46 us

t2_min: 97.29 us, round:6326
t2_max: 186.38 us, round:302721
t2_jitter: 89.08 us

PMU diff samples: 414377
AVG DIFF LL_CACHE_RD: 99.04
AVG DIFF LL_CACHE_MISS_RD: 42.55
AVG DIFF L2D_CACHE_REFILL: 42.67
AVG DIFF L2D_CACHE_INVAL: 0.00
[cur diff] DIFF LL_CACHE_RD: 5, DIFF LL_CACHE_MISS_RD: 3, MISS_RATE: 60.00%
[cur diff] DIFF L2D_CACHE_REFILL: 2
[cur diff] DIFF L2D_CACHE_INVAL: 0
[max diff] DIFF LL_CACHE_RD: 175, DIFF LL_CACHE_MISS_RD: 135, MISS_RATE: 77.14%
[max diff] DIFF L2D_CACHE_REFILL: 135
[max diff] DIFF L2D_CACHE_INVAL: 0

===========================================================
taskpendcnt:416419
t0:2666 ns
t1:4833 ns
t2:101791 ns
benchmark: Franka-derived Cartesian-impedance kernel, input trace:8, timer period:1.000 ms
controller source: franka_ros2 jazzy@73a1501d, updates:416441, SVD sweeps:5
pose error:[0.010000 0.015000 0.010000 -0.000000 0.049979 -0.000000]
tau[0:6]:[0.839771 0.130674 0.617691 0.624912 0.653099 -0.592692 0.265887]
kernel exec min/avg/max: 94.50 / 97.33 / 123.08 us, samples:416451
pressure status:1, copy rounds total/window:1766/10, 4.40 rounds/s
pressure logical copy:17660.00 MiB total, approx 44.00 MiB/s, checksum:2351767224320
pressure report window:2.272727 s
t0_region>
[1]:73872
[2]:152539
[3]:126482
[4]:32210
[5]:5627
[6]:3514
[7]:5465
[8]:7532
[9]:4380
[10]:1512
[11]:935
[12]:673
[13]:581
[14]:415
[15]:273
[16]:194
[17]:111
[18]:83
[19]:28
[20]:14
[21]:5
[22]:3
[24]:1
[25]:7
[26]:1
[27]:2
[28]:2
[30]:2
[31]:2
[32]:1
[33]:2
[35]:2
[36]:2
[47]:1
[54]:1

t1_region>
[2]:2552
[3]:24349
[4]:30908
[5]:32089
[6]:59770
[7]:84433
[8]:82977
[9]:45412
[10]:17713
[11]:5478
[12]:2245
[13]:1694
[14]:1610
[15]:1909
[16]:3392
[17]:5658
[18]:4629
[19]:1976
[20]:849
[21]:669
[22]:659
[23]:618
[24]:593
[25]:512
[26]:474
[27]:484
[28]:429
[29]:357
[30]:326
[31]:329
[32]:284
[33]:230
[34]:218
[35]:173
[36]:160
[37]:106
[38]:72
[39]:39
[40]:30
[41]:19
[42]:18
[43]:8
[44]:8
[45]:6
[46]:7
[47]:3
[48]:2
[49]:2
[53]:1
[54]:1
[55]:1
[56]:1
[58]:3
[59]:3
[61]:2
[64]:3
[65]:2
[68]:3
[69]:3
[70]:1
[72]:2
[74]:1

t2_region>
[97]:332
[98]:7070
[99]:10144
[100]:21734
[101]:29466
[102]:37162
[103]:49467
[104]:62948
[105]:71152
[106]:47493
[107]:20043
[108]:10656
[109]:9211
[110]:7203
[111]:4015
[112]:2255
[113]:2166
[114]:3483
[115]:4343
[116]:3452
[117]:1767
[118]:1163
[119]:1236
[120]:968
[121]:752
[122]:598
[123]:539
[124]:517
[125]:490
[126]:436
[127]:408
[128]:419
[129]:386
[130]:352
[131]:355
[132]:291
[133]:319
[134]:275
[135]:233
[136]:199
[137]:181
[138]:142
[139]:125
[140]:114
[141]:85
[142]:72
[143]:58
[144]:53
[145]:57
[146]:34
[147]:28
[148]:24
[149]:16
[150]:14
[151]:8
[152]:6
[153]:7
[154]:5
[156]:2
[157]:1
[159]:1
[160]:2
[161]:3
[163]:2
[165]:1
[166]:2
[167]:2
[168]:2
[170]:2
[172]:2
[173]:3
[174]:2
[175]:1
[177]:1
[179]:1
[180]:1
[182]:1
[186]:1

t0_min: 1.08 us, round:1998
t0_max: 54.29 us, round:302719
t0_jitter: 53.21 us

t1_min: 2.67 us, round:2027
t1_max: 74.13 us, round:302719
t1_jitter: 71.46 us

t2_min: 97.29 us, round:6326
t2_max: 186.38 us, round:302721
t2_jitter: 89.08 us

PMU diff samples: 416650
AVG DIFF LL_CACHE_RD: 99.03
AVG DIFF LL_CACHE_MISS_RD: 42.55
AVG DIFF L2D_CACHE_REFILL: 42.67
AVG DIFF L2D_CACHE_INVAL: 0.00
[cur diff] DIFF LL_CACHE_RD: 4, DIFF LL_CACHE_MISS_RD: 4, MISS_RATE: 100.00%
[cur diff] DIFF L2D_CACHE_REFILL: 3
[cur diff] DIFF L2D_CACHE_INVAL: 0
[max diff] DIFF LL_CACHE_RD: 175, DIFF LL_CACHE_MISS_RD: 135, MISS_RATE: 77.14%
[max diff] DIFF L2D_CACHE_REFILL: 135
[max diff] DIFF L2D_CACHE_INVAL: 0

===========================================================
taskpendcnt:418692
t0:2125 ns
t1:6041 ns
t2:102416 ns
benchmark: Franka-derived Cartesian-impedance kernel, input trace:8, timer period:1.000 ms
controller source: franka_ros2 jazzy@73a1501d, updates:418714, SVD sweeps:5
pose error:[0.010000 0.015000 0.010000 -0.000000 0.049979 -0.000000]
tau[0:6]:[1.228026 0.081850 0.819520 0.875435 0.745706 -0.833381 0.398995]
kernel exec min/avg/max: 94.50 / 97.33 / 123.08 us, samples:418724
pressure status:1, copy rounds total/window:1775/9, 3.96 rounds/s
pressure logical copy:17750.00 MiB total, approx 39.59 MiB/s, checksum:2363752448000
pressure report window:2.273051 s
t0_region>
[1]:74255
[2]:153410
[3]:127205
[4]:32401
[5]:5640
[6]:3521
[7]:5492
[8]:7570
[9]:4398
[10]:1514
[11]:935
[12]:673
[13]:581
[14]:415
[15]:273
[16]:194
[17]:111
[18]:83
[19]:28
[20]:14
[21]:5
[22]:3
[24]:1
[25]:7
[26]:1
[27]:2
[28]:2
[30]:2
[31]:2
[32]:1
[33]:2
[35]:2
[36]:2
[47]:1
[54]:1

t1_region>
[2]:2567
[3]:24462
[4]:31068
[5]:32271
[6]:60082
[7]:85000
[8]:83420
[9]:45667
[10]:17815
[11]:5501
[12]:2250
[13]:1699
[14]:1612
[15]:1914
[16]:3412
[17]:5688
[18]:4652
[19]:1985
[20]:849
[21]:671
[22]:659
[23]:618
[24]:593
[25]:512
[26]:474
[27]:484
[28]:429
[29]:357
[30]:326
[31]:329
[32]:284
[33]:230
[34]:218
[35]:173
[36]:160
[37]:106
[38]:72
[39]:39
[40]:30
[41]:19
[42]:18
[43]:8
[44]:8
[45]:6
[46]:7
[47]:3
[48]:2
[49]:2
[53]:1
[54]:1
[55]:1
[56]:1
[58]:3
[59]:3
[61]:2
[64]:3
[65]:2
[68]:3
[69]:3
[70]:1
[72]:2
[74]:1

t2_region>
[97]:332
[98]:7085
[99]:10194
[100]:21861
[101]:29633
[102]:37347
[103]:49748
[104]:63343
[105]:71565
[106]:47754
[107]:20135
[108]:10718
[109]:9270
[110]:7257
[111]:4032
[112]:2261
[113]:2180
[114]:3503
[115]:4366
[116]:3469
[117]:1776
[118]:1166
[119]:1237
[120]:969
[121]:752
[122]:598
[123]:539
[124]:517
[125]:490
[126]:436
[127]:408
[128]:419
[129]:386
[130]:352
[131]:355
[132]:291
[133]:319
[134]:275
[135]:233
[136]:199
[137]:181
[138]:142
[139]:125
[140]:114
[141]:85
[142]:72
[143]:58
[144]:53
[145]:57
[146]:34
[147]:28
[148]:24
[149]:16
[150]:14
[151]:8
[152]:6
[153]:7
[154]:5
[156]:2
[157]:1
[159]:1
[160]:2
[161]:3
[163]:2
[165]:1
[166]:2
[167]:2
[168]:2
[170]:2
[172]:2
[173]:3
[174]:2
[175]:1
[177]:1
[179]:1
[180]:1
[182]:1
[186]:1

t0_min: 1.08 us, round:1998
t0_max: 54.29 us, round:302719
t0_jitter: 53.21 us

t1_min: 2.67 us, round:2027
t1_max: 74.13 us, round:302719
t1_jitter: 71.46 us

t2_min: 97.29 us, round:6326
t2_max: 186.38 us, round:302721
t2_jitter: 89.08 us

PMU diff samples: 418923
AVG DIFF LL_CACHE_RD: 99.03
AVG DIFF LL_CACHE_MISS_RD: 42.54
AVG DIFF L2D_CACHE_REFILL: 42.67
AVG DIFF L2D_CACHE_INVAL: 0.00
[cur diff] DIFF LL_CACHE_RD: 10, DIFF LL_CACHE_MISS_RD: 9, MISS_RATE: 90.00%
[cur diff] DIFF L2D_CACHE_REFILL: 3
[cur diff] DIFF L2D_CACHE_INVAL: 0
[max diff] DIFF LL_CACHE_RD: 175, DIFF LL_CACHE_MISS_RD: 135, MISS_RATE: 77.14%
[max diff] DIFF L2D_CACHE_REFILL: 135
[max diff] DIFF L2D_CACHE_INVAL: 0

===========================================================
taskpendcnt:420965
t0:2458 ns
t1:4916 ns
t2:101291 ns
benchmark: Franka-derived Cartesian-impedance kernel, input trace:8, timer period:1.000 ms
controller source: franka_ros2 jazzy@73a1501d, updates:420987, SVD sweeps:5
pose error:[0.010000 0.015000 0.010000 -0.000000 0.049979 -0.000000]
tau[0:6]:[1.376914 -0.104433 0.790225 0.843903 0.642107 -0.956178 0.423547]
kernel exec min/avg/max: 94.50 / 97.33 / 123.08 us, samples:420997
pressure status:1, copy rounds total/window:1785/10, 4.40 rounds/s
pressure logical copy:17850.00 MiB total, approx 43.99 MiB/s, checksum:2377069363200
pressure report window:2.273092 s
t0_region>
[1]:74621
[2]:154285
[3]:127964
[4]:32582
[5]:5656
[6]:3532
[7]:5508
[8]:7597
[9]:4418
[10]:1517
[11]:935
[12]:673
[13]:581
[14]:415
[15]:273
[16]:194
[17]:111
[18]:83
[19]:28
[20]:14
[21]:5
[22]:3
[24]:1
[25]:7
[26]:1
[27]:2
[28]:2
[30]:2
[31]:2
[32]:1
[33]:2
[35]:2
[36]:2
[47]:1
[54]:1

t1_region>
[2]:2582
[3]:24570
[4]:31221
[5]:32461
[6]:60404
[7]:85499
[8]:83920
[9]:45936
[10]:17918
[11]:5526
[12]:2257
[13]:1706
[14]:1619
[15]:1915
[16]:3426
[17]:5710
[18]:4671
[19]:1994
[20]:850
[21]:672
[22]:660
[23]:618
[24]:593
[25]:512
[26]:474
[27]:484
[28]:429
[29]:357
[30]:326
[31]:329
[32]:284
[33]:230
[34]:218
[35]:173
[36]:160
[37]:106
[38]:72
[39]:39
[40]:30
[41]:19
[42]:18
[43]:8
[44]:8
[45]:6
[46]:7
[47]:3
[48]:2
[49]:2
[53]:1
[54]:1
[55]:1
[56]:1
[58]:3
[59]:3
[61]:2
[64]:3
[65]:2
[68]:3
[69]:3
[70]:1
[72]:2
[74]:1

t2_region>
[97]:332
[98]:7103
[99]:10238
[100]:21975
[101]:29794
[102]:37543
[103]:50027
[104]:63707
[105]:71986
[106]:48060
[107]:20262
[108]:10781
[109]:9333
[110]:7282
[111]:4048
[112]:2269
[113]:2187
[114]:3513
[115]:4386
[116]:3487
[117]:1784
[118]:1167
[119]:1239
[120]:971
[121]:753
[122]:598
[123]:539
[124]:517
[125]:490
[126]:436
[127]:408
[128]:419
[129]:386
[130]:352
[131]:355
[132]:291
[133]:319
[134]:275
[135]:233
[136]:199
[137]:181
[138]:142
[139]:125
[140]:114
[141]:85
[142]:72
[143]:58
[144]:53
[145]:57
[146]:34
[147]:28
[148]:24
[149]:16
[150]:14
[151]:8
[152]:6
[153]:7
[154]:5
[156]:2
[157]:1
[159]:1
[160]:2
[161]:3
[163]:2
[165]:1
[166]:2
[167]:2
[168]:2
[170]:2
[172]:2
[173]:3
[174]:2
[175]:1
[177]:1
[179]:1
[180]:1
[182]:1
[186]:1

t0_min: 1.08 us, round:1998
t0_max: 54.29 us, round:302719
t0_jitter: 53.21 us

t1_min: 2.67 us, round:2027
t1_max: 74.13 us, round:302719
t1_jitter: 71.46 us

t2_min: 97.29 us, round:6326
t2_max: 186.38 us, round:302721
t2_jitter: 89.08 us

PMU diff samples: 421196
AVG DIFF LL_CACHE_RD: 99.03
AVG DIFF LL_CACHE_MISS_RD: 42.54
AVG DIFF L2D_CACHE_REFILL: 42.66
AVG DIFF L2D_CACHE_INVAL: 0.00
[cur diff] DIFF LL_CACHE_RD: 3, DIFF LL_CACHE_MISS_RD: 3, MISS_RATE: 100.00%
[cur diff] DIFF L2D_CACHE_REFILL: 2
[cur diff] DIFF L2D_CACHE_INVAL: 0
[max diff] DIFF LL_CACHE_RD: 175, DIFF LL_CACHE_MISS_RD: 135, MISS_RATE: 77.14%
[max diff] DIFF L2D_CACHE_REFILL: 135
[max diff] DIFF L2D_CACHE_INVAL: 0

===========================================================
taskpendcnt:423238
t0:2791 ns
t1:5541 ns
t2:101041 ns
benchmark: Franka-derived Cartesian-impedance kernel, input trace:8, timer period:1.000 ms
controller source: franka_ros2 jazzy@73a1501d, updates:423260, SVD sweeps:5
pose error:[0.010000 0.015000 0.010000 -0.000000 0.049979 -0.000000]
tau[0:6]:[-0.567483 -0.552304 -0.482512 -0.231067 -0.297494 -0.656094 -0.085004]
kernel exec min/avg/max: 94.50 / 97.33 / 123.08 us, samples:423270
pressure status:1, copy rounds total/window:1794/9, 3.96 rounds/s
pressure logical copy:17940.00 MiB total, approx 39.59 MiB/s, checksum:2389054586880
pressure report window:2.273416 s
t0_region>
[1]:75012
[2]:155177
[3]:128655
[4]:32768
[5]:5673
[6]:3546
[7]:5534
[8]:7638
[9]:4431
[10]:1519
[11]:935
[12]:673
[13]:581
[14]:415
[15]:273
[16]:194
[17]:111
[18]:83
[19]:28
[20]:14
[21]:5
[22]:3
[24]:1
[25]:7
[26]:1
[27]:2
[28]:2
[30]:2
[31]:2
[32]:1
[33]:2
[35]:2
[36]:2
[47]:1
[54]:1

t1_region>
[2]:2597
[3]:24690
[4]:31374
[5]:32634
[6]:60785
[7]:85982
[8]:84327
[9]:46216
[10]:18047
[11]:5550
[12]:2268
[13]:1714
[14]:1623
[15]:1918
[16]:3447
[17]:5742
[18]:4695
[19]:2000
[20]:850
[21]:672
[22]:660
[23]:618
[24]:593
[25]:512
[26]:474
[27]:484
[28]:429
[29]:357
[30]:326
[31]:329
[32]:284
[33]:230
[34]:218
[35]:173
[36]:160
[37]:106
[38]:72
[39]:39
[40]:30
[41]:19
[42]:18
[43]:8
[44]:8
[45]:6
[46]:7
[47]:3
[48]:2
[49]:2
[53]:1
[54]:1
[55]:1
[56]:1
[58]:3
[59]:3
[61]:2
[64]:3
[65]:2
[68]:3
[69]:3
[70]:1
[72]:2
[74]:1

t2_region>
[97]:332
[98]:7126
[99]:10277
[100]:22092
[101]:29964
[102]:37778
[103]:50350
[104]:64056
[105]:72358
[106]:48305
[107]:20383
[108]:10833
[109]:9390
[110]:7334
[111]:4071
[112]:2277
[113]:2191
[114]:3533
[115]:4406
[116]:3508
[117]:1790
[118]:1169
[119]:1244
[120]:978
[121]:755
[122]:598
[123]:539
[124]:517
[125]:490
[126]:436
[127]:408
[128]:419
[129]:386
[130]:352
[131]:355
[132]:291
[133]:319
[134]:275
[135]:233
[136]:199
[137]:181
[138]:142
[139]:125
[140]:114
[141]:85
[142]:72
[143]:58
[144]:53
[145]:57
[146]:34
[147]:28
[148]:24
[149]:16
[150]:14
[151]:8
[152]:6
[153]:7
[154]:5
[156]:2
[157]:1
[159]:1
[160]:2
[161]:3
[163]:2
[165]:1
[166]:2
[167]:2
[168]:2
[170]:2
[172]:2
[173]:3
[174]:2
[175]:1
[177]:1
[179]:1
[180]:1
[182]:1
[186]:1

t0_min: 1.08 us, round:1998
t0_max: 54.29 us, round:302719
t0_jitter: 53.21 us

t1_min: 2.67 us, round:2027
t1_max: 74.13 us, round:302719
t1_jitter: 71.46 us

t2_min: 97.29 us, round:6326
t2_max: 186.38 us, round:302721
t2_jitter: 89.08 us

PMU diff samples: 423469
AVG DIFF LL_CACHE_RD: 99.03
AVG DIFF LL_CACHE_MISS_RD: 42.54
AVG DIFF L2D_CACHE_REFILL: 42.66
AVG DIFF L2D_CACHE_INVAL: 0.00
[cur diff] DIFF LL_CACHE_RD: 15, DIFF LL_CACHE_MISS_RD: 12, MISS_RATE: 80.00%
[cur diff] DIFF L2D_CACHE_REFILL: 1
[cur diff] DIFF L2D_CACHE_INVAL: 0
[max diff] DIFF LL_CACHE_RD: 175, DIFF LL_CACHE_MISS_RD: 135, MISS_RATE: 77.14%
[max diff] DIFF L2D_CACHE_REFILL: 135
[max diff] DIFF L2D_CACHE_INVAL: 0

===========================================================
taskpendcnt:425512
t0:2666 ns
t1:3666 ns
t2:100625 ns
benchmark: Franka-derived Cartesian-impedance kernel, input trace:8, timer period:1.000 ms
controller source: franka_ros2 jazzy@73a1501d, updates:425534, SVD sweeps:5
pose error:[0.010000 0.015000 0.010000 -0.000000 0.049979 -0.000000]
tau[0:6]:[-2.379368 -1.292411 -1.655224 -1.570015 -1.185234 -0.066588 -0.610247]
kernel exec min/avg/max: 94.50 / 97.33 / 123.08 us, samples:425544
pressure status:1, copy rounds total/window:1804/10, 4.40 rounds/s
pressure logical copy:18040.00 MiB total, approx 43.97 MiB/s, checksum:2402371502080
pressure report window:2.274031 s
t0_region>
[1]:75383
[2]:156041
[3]:129397
[4]:32953
[5]:5693
[6]:3559
[7]:5556
[8]:7677
[9]:4448
[10]:1520
[11]:935
[12]:673
[13]:581
[14]:415
[15]:273
[16]:194
[17]:111
[18]:83
[19]:28
[20]:14
[21]:5
[22]:3
[24]:1
[25]:7
[26]:1
[27]:2
[28]:2
[30]:2
[31]:2
[32]:1
[33]:2
[35]:2
[36]:2
[47]:1
[54]:1

t1_region>
[2]:2613
[3]:24807
[4]:31519
[5]:32821
[6]:61160
[7]:86439
[8]:84821
[9]:46489
[10]:18136
[11]:5569
[12]:2274
[13]:1723
[14]:1628
[15]:1925
[16]:3459
[17]:5774
[18]:4716
[19]:2009
[20]:851
[21]:672
[22]:660
[23]:618
[24]:593
[25]:512
[26]:474
[27]:484
[28]:429
[29]:357
[30]:326
[31]:329
[32]:284
[33]:230
[34]:218
[35]:173
[36]:160
[37]:106
[38]:72
[39]:39
[40]:30
[41]:19
[42]:18
[43]:8
[44]:8
[45]:6
[46]:7
[47]:3
[48]:2
[49]:2
[53]:1
[54]:1
[55]:1
[56]:1
[58]:3
[59]:3
[61]:2
[64]:3
[65]:2
[68]:3
[69]:3
[70]:1
[72]:2
[74]:1

t2_region>
[97]:332
[98]:7149
[99]:10323
[100]:22206
[101]:30129
[102]:37995
[103]:50636
[104]:64436
[105]:72761
[106]:48580
[107]:20501
[108]:10873
[109]:9442
[110]:7376
[111]:4095
[112]:2285
[113]:2203
[114]:3542
[115]:4434
[116]:3525
[117]:1793
[118]:1173
[119]:1244
[120]:983
[121]:757
[122]:598
[123]:539
[124]:517
[125]:490
[126]:436
[127]:408
[128]:419
[129]:386
[130]:352
[131]:355
[132]:291
[133]:319
[134]:275
[135]:233
[136]:199
[137]:181
[138]:142
[139]:125
[140]:114
[141]:85
[142]:72
[143]:58
[144]:53
[145]:57
[146]:34
[147]:28
[148]:24
[149]:16
[150]:14
[151]:8
[152]:6
[153]:7
[154]:5
[156]:2
[157]:1
[159]:1
[160]:2
[161]:3
[163]:2
[165]:1
[166]:2
[167]:2
[168]:2
[170]:2
[172]:2
[173]:3
[174]:2
[175]:1
[177]:1
[179]:1
[180]:1
[182]:1
[186]:1

t0_min: 1.08 us, round:1998
t0_max: 54.29 us, round:302719
t0_jitter: 53.21 us

t1_min: 2.67 us, round:2027
t1_max: 74.13 us, round:302719
t1_jitter: 71.46 us

t2_min: 97.29 us, round:6326
t2_max: 186.38 us, round:302721
t2_jitter: 89.08 us

PMU diff samples: 425743
AVG DIFF LL_CACHE_RD: 99.03
AVG DIFF LL_CACHE_MISS_RD: 42.54
AVG DIFF L2D_CACHE_REFILL: 42.66
AVG DIFF L2D_CACHE_INVAL: 0.00
[cur diff] DIFF LL_CACHE_RD: 5, DIFF LL_CACHE_MISS_RD: 5, MISS_RATE: 100.00%
[cur diff] DIFF L2D_CACHE_REFILL: 3
[cur diff] DIFF L2D_CACHE_INVAL: 0
[max diff] DIFF LL_CACHE_RD: 175, DIFF LL_CACHE_MISS_RD: 135, MISS_RATE: 77.14%
[max diff] DIFF L2D_CACHE_REFILL: 135
[max diff] DIFF L2D_CACHE_INVAL: 0

===========================================================
taskpendcnt:427786
t0:2250 ns
t1:6166 ns
t2:100791 ns
benchmark: Franka-derived Cartesian-impedance kernel, input trace:8, timer period:1.000 ms
controller source: franka_ros2 jazzy@73a1501d, updates:427808, SVD sweeps:5
pose error:[0.010000 0.015000 0.010000 -0.000000 0.049979 -0.000000]
tau[0:6]:[-0.274004 -0.324180 0.001577 -0.231466 0.050986 -0.328952 0.010844]
kernel exec min/avg/max: 94.50 / 97.32 / 123.08 us, samples:427818
pressure status:1, copy rounds total/window:1814/10, 4.40 rounds/s
pressure logical copy:18140.00 MiB total, approx 43.98 MiB/s, checksum:2415688417280
pressure report window:2.273703 s
t0_region>
[1]:75745
[2]:156972
[3]:130097
[4]:33133
[5]:5706
[6]:3567
[7]:5570
[8]:7717
[9]:4470
[10]:1524
[11]:935
[12]:673
[13]:581
[14]:415
[15]:273
[16]:194
[17]:111
[18]:83
[19]:28
[20]:14
[21]:5
[22]:3
[24]:1
[25]:7
[26]:1
[27]:2
[28]:2
[30]:2
[31]:2
[32]:1
[33]:2
[35]:2
[36]:2
[47]:1
[54]:1

t1_region>
[2]:2623
[3]:24934
[4]:31670
[5]:33005
[6]:61546
[7]:86924
[8]:85272
[9]:46745
[10]:18235
[11]:5596
[12]:2285
[13]:1725
[14]:1629
[15]:1929
[16]:3471
[17]:5803
[18]:4743
[19]:2017
[20]:853
[21]:672
[22]:660
[23]:619
[24]:593
[25]:512
[26]:474
[27]:484
[28]:429
[29]:357
[30]:326
[31]:329
[32]:284
[33]:230
[34]:218
[35]:173
[36]:160
[37]:106
[38]:72
[39]:39
[40]:30
[41]:19
[42]:18
[43]:8
[44]:8
[45]:6
[46]:7
[47]:3
[48]:2
[49]:2
[53]:1
[54]:1
[55]:1
[56]:1
[58]:3
[59]:3
[61]:2
[64]:3
[65]:2
[68]:3
[69]:3
[70]:1
[72]:2
[74]:1

t2_region>
[97]:332
[98]:7164
[99]:10369
[100]:22335
[101]:30295
[102]:38222
[103]:50932
[104]:64820
[105]:73129
[106]:48863
[107]:20620
[108]:10926
[109]:9485
[110]:7417
[111]:4108
[112]:2295
[113]:2207
[114]:3557
[115]:4452
[116]:3544
[117]:1800
[118]:1177
[119]:1251
[120]:989
[121]:759
[122]:598
[123]:539
[124]:517
[125]:490
[126]:436
[127]:408
[128]:419
[129]:386
[130]:352
[131]:355
[132]:291
[133]:319
[134]:275
[135]:233
[136]:199
[137]:181
[138]:142
[139]:125
[140]:114
[141]:85
[142]:72
[143]:58
[144]:53
[145]:57
[146]:34
[147]:28
[148]:24
[149]:16
[150]:14
[151]:8
[152]:6
[153]:7
[154]:5
[156]:2
[157]:1
[159]:1
[160]:2
[161]:3
[163]:2
[165]:1
[166]:2
[167]:2
[168]:2
[170]:2
[172]:2
[173]:3
[174]:2
[175]:1
[177]:1
[179]:1
[180]:1
[182]:1
[186]:1

t0_min: 1.08 us, round:1998
t0_max: 54.29 us, round:302719
t0_jitter: 53.21 us

t1_min: 2.67 us, round:2027
t1_max: 74.13 us, round:302719
t1_jitter: 71.46 us

t2_min: 97.29 us, round:6326
t2_max: 186.38 us, round:302721
t2_jitter: 89.08 us

PMU diff samples: 428017
AVG DIFF LL_CACHE_RD: 99.02
AVG DIFF LL_CACHE_MISS_RD: 42.53
AVG DIFF L2D_CACHE_REFILL: 42.65
AVG DIFF L2D_CACHE_INVAL: 0.00
[cur diff] DIFF LL_CACHE_RD: 7, DIFF LL_CACHE_MISS_RD: 7, MISS_RATE: 100.00%
[cur diff] DIFF L2D_CACHE_REFILL: 4
[cur diff] DIFF L2D_CACHE_INVAL: 0
[max diff] DIFF LL_CACHE_RD: 175, DIFF LL_CACHE_MISS_RD: 135, MISS_RATE: 77.14%
[max diff] DIFF L2D_CACHE_REFILL: 135
[max diff] DIFF L2D_CACHE_INVAL: 0

===========================================================
taskpendcnt:430059
t0:2583 ns
t1:4166 ns
t2:101416 ns
benchmark: Franka-derived Cartesian-impedance kernel, input trace:8, timer period:1.000 ms
controller source: franka_ros2 jazzy@73a1501d, updates:430081, SVD sweeps:5
pose error:[0.010000 0.015000 0.010000 -0.000000 0.049979 -0.000000]
tau[0:6]:[0.839771 0.130674 0.617691 0.624912 0.653099 -0.592692 0.265887]
kernel exec min/avg/max: 94.50 / 97.32 / 123.08 us, samples:430091
pressure status:1, copy rounds total/window:1823/9, 3.96 rounds/s
pressure logical copy:18230.00 MiB total, approx 39.60 MiB/s, checksum:2427673640960
pressure report window:2.272772 s
t0_region>
[1]:76113
[2]:157835
[3]:130840
[4]:33313
[5]:5733
[6]:3574
[7]:5589
[8]:7766
[9]:4486
[10]:1525
[11]:935
[12]:673
[13]:581
[14]:415
[15]:273
[16]:194
[17]:111
[18]:83
[19]:28
[20]:14
[21]:5
[22]:3
[24]:1
[25]:7
[26]:1
[27]:2
[28]:2
[30]:2
[31]:2
[32]:1
[33]:2
[35]:2
[36]:2
[47]:1
[54]:1

t1_region>
[2]:2639
[3]:25050
[4]:31821
[5]:33180
[6]:61873
[7]:87400
[8]:85761
[9]:47017
[10]:18341
[11]:5635
[12]:2295
[13]:1728
[14]:1634
[15]:1935
[16]:3481
[17]:5843
[18]:4770
[19]:2021
[20]:853
[21]:673
[22]:660
[23]:619
[24]:593
[25]:512
[26]:474
[27]:484
[28]:429
[29]:357
[30]:326
[31]:329
[32]:284
[33]:230
[34]:218
[35]:173
[36]:160
[37]:106
[38]:72
[39]:39
[40]:30
[41]:19
[42]:18
[43]:8
[44]:8
[45]:6
[46]:7
[47]:3
[48]:2
[49]:2
[53]:1
[54]:1
[55]:1
[56]:1
[58]:3
[59]:3
[61]:2
[64]:3
[65]:2
[68]:3
[69]:3
[70]:1
[72]:2
[74]:1

t2_region>
[97]:332
[98]:7181
[99]:10430
[100]:22448
[101]:30448
[102]:38438
[103]:51198
[104]:65193
[105]:73549
[106]:49120
[107]:20725
[108]:10989
[109]:9553
[110]:7456
[111]:4133
[112]:2303
[113]:2218
[114]:3576
[115]:4477
[116]:3561
[117]:1805
[118]:1181
[119]:1257
[120]:991
[121]:759
[122]:598
[123]:539
[124]:517
[125]:490
[126]:436
[127]:408
[128]:419
[129]:386
[130]:352
[131]:355
[132]:291
[133]:319
[134]:275
[135]:233
[136]:199
[137]:181
[138]:142
[139]:125
[140]:114
[141]:85
[142]:72
[143]:58
[144]:53
[145]:57
[146]:34
[147]:28
[148]:24
[149]:16
[150]:14
[151]:8
[152]:6
[153]:7
[154]:5
[156]:2
[157]:1
[159]:1
[160]:2
[161]:3
[163]:2
[165]:1
[166]:2
[167]:2
[168]:2
[170]:2
[172]:2
[173]:3
[174]:2
[175]:1
[177]:1
[179]:1
[180]:1
[182]:1
[186]:1

t0_min: 1.08 us, round:1998
t0_max: 54.29 us, round:302719
t0_jitter: 53.21 us

t1_min: 2.67 us, round:2027
t1_max: 74.13 us, round:302719
t1_jitter: 71.46 us

t2_min: 97.29 us, round:6326
t2_max: 186.38 us, round:302721
t2_jitter: 89.08 us

PMU diff samples: 430290
AVG DIFF LL_CACHE_RD: 99.02
AVG DIFF LL_CACHE_MISS_RD: 42.53
AVG DIFF L2D_CACHE_REFILL: 42.65
AVG DIFF L2D_CACHE_INVAL: 0.00
[cur diff] DIFF LL_CACHE_RD: 7, DIFF LL_CACHE_MISS_RD: 5, MISS_RATE: 71.43%
[cur diff] DIFF L2D_CACHE_REFILL: 1
[cur diff] DIFF L2D_CACHE_INVAL: 0
[max diff] DIFF LL_CACHE_RD: 175, DIFF LL_CACHE_MISS_RD: 135, MISS_RATE: 77.14%
[max diff] DIFF L2D_CACHE_REFILL: 135
[max diff] DIFF L2D_CACHE_INVAL: 0

===========================================================
taskpendcnt:432332
t0:2916 ns
t1:6250 ns
t2:102041 ns
benchmark: Franka-derived Cartesian-impedance kernel, input trace:8, timer period:1.000 ms
controller source: franka_ros2 jazzy@73a1501d, updates:432354, SVD sweeps:5
pose error:[0.010000 0.015000 0.010000 -0.000000 0.049979 -0.000000]
tau[0:6]:[1.228026 0.081850 0.819520 0.875435 0.745706 -0.833381 0.398995]
kernel exec min/avg/max: 94.50 / 97.32 / 123.08 us, samples:432364
pressure status:1, copy rounds total/window:1833/10, 4.40 rounds/s
pressure logical copy:18330.00 MiB total, approx 43.99 MiB/s, checksum:2440990556160
pressure report window:2.273007 s
t0_region>
[1]:76481
[2]:158669
[3]:131620
[4]:33496
[5]:5758
[6]:3582
[7]:5613
[8]:7801
[9]:4500
[10]:1527
[11]:935
[12]:673
[13]:581
[14]:415
[15]:273
[16]:194
[17]:111
[18]:83
[19]:28
[20]:14
[21]:5
[22]:3
[24]:1
[25]:7
[26]:1
[27]:2
[28]:2
[30]:2
[31]:2
[32]:1
[33]:2
[35]:2
[36]:2
[47]:1
[54]:1

t1_region>
[2]:2652
[3]:25160
[4]:31983
[5]:33365
[6]:62196
[7]:87921
[8]:86235
[9]:47280
[10]:18434
[11]:5663
[12]:2308
[13]:1736
[14]:1637
[15]:1942
[16]:3495
[17]:5871
[18]:4790
[19]:2028
[20]:854
[21]:673
[22]:660
[23]:619
[24]:593
[25]:512
[26]:474
[27]:484
[28]:429
[29]:357
[30]:326
[31]:329
[32]:284
[33]:230
[34]:218
[35]:173
[36]:160
[37]:106
[38]:72
[39]:39
[40]:30
[41]:19
[42]:18
[43]:8
[44]:8
[45]:6
[46]:7
[47]:3
[48]:2
[49]:2
[53]:1
[54]:1
[55]:1
[56]:1
[58]:3
[59]:3
[61]:2
[64]:3
[65]:2
[68]:3
[69]:3
[70]:1
[72]:2
[74]:1

t2_region>
[97]:332
[98]:7196
[99]:10474
[100]:22558
[101]:30618
[102]:38652
[103]:51457
[104]:65582
[105]:73960
[106]:49398
[107]:20867
[108]:11050
[109]:9599
[110]:7487
[111]:4155
[112]:2308
[113]:2224
[114]:3591
[115]:4500
[116]:3577
[117]:1812
[118]:1182
[119]:1259
[120]:993
[121]:761
[122]:599
[123]:539
[124]:517
[125]:490
[126]:436
[127]:408
[128]:419
[129]:386
[130]:352
[131]:355
[132]:291
[133]:319
[134]:275
[135]:233
[136]:199
[137]:181
[138]:142
[139]:125
[140]:114
[141]:85
[142]:72
[143]:58
[144]:53
[145]:57
[146]:34
[147]:28
[148]:24
[149]:16
[150]:14
[151]:8
[152]:6
[153]:7
[154]:5
[156]:2
[157]:1
[159]:1
[160]:2
[161]:3
[163]:2
[165]:1
[166]:2
[167]:2
[168]:2
[170]:2
[172]:2
[173]:3
[174]:2
[175]:1
[177]:1
[179]:1
[180]:1
[182]:1
[186]:1

t0_min: 1.08 us, round:1998
t0_max: 54.29 us, round:302719
t0_jitter: 53.21 us

t1_min: 2.67 us, round:2027
t1_max: 74.13 us, round:302719
t1_jitter: 71.46 us

t2_min: 97.29 us, round:6326
t2_max: 186.38 us, round:302721
t2_jitter: 89.08 us

PMU diff samples: 432563
AVG DIFF LL_CACHE_RD: 99.02
AVG DIFF LL_CACHE_MISS_RD: 42.53
AVG DIFF L2D_CACHE_REFILL: 42.65
AVG DIFF L2D_CACHE_INVAL: 0.00
[cur diff] DIFF LL_CACHE_RD: 8, DIFF LL_CACHE_MISS_RD: 6, MISS_RATE: 75.00%
[cur diff] DIFF L2D_CACHE_REFILL: 2
[cur diff] DIFF L2D_CACHE_INVAL: 0
[max diff] DIFF LL_CACHE_RD: 175, DIFF LL_CACHE_MISS_RD: 135, MISS_RATE: 77.14%
[max diff] DIFF L2D_CACHE_REFILL: 135
[max diff] DIFF L2D_CACHE_INVAL: 0

===========================================================
taskpendcnt:434605
t0:2666 ns
t1:4250 ns
t2:102375 ns
benchmark: Franka-derived Cartesian-impedance kernel, input trace:8, timer period:1.000 ms
controller source: franka_ros2 jazzy@73a1501d, updates:434627, SVD sweeps:5
pose error:[0.010000 0.015000 0.010000 -0.000000 0.049979 -0.000000]
tau[0:6]:[1.376914 -0.104433 0.790225 0.843903 0.642107 -0.956178 0.423547]
kernel exec min/avg/max: 94.50 / 97.32 / 123.08 us, samples:434637
pressure status:1, copy rounds total/window:1843/10, 4.40 rounds/s
pressure logical copy:18430.00 MiB total, approx 43.99 MiB/s, checksum:2454307471360
pressure report window:2.273032 s
t0_region>
[1]:76853
[2]:159589
[3]:132321
[4]:33675
[5]:5771
[6]:3593
[7]:5635
[8]:7831
[9]:4523
[10]:1528
[11]:935
[12]:673
[13]:581
[14]:415
[15]:273
[16]:194
[17]:111
[18]:83
[19]:28
[20]:14
[21]:5
[22]:3
[24]:1
[25]:7
[26]:1
[27]:2
[28]:2
[30]:2
[31]:2
[32]:1
[33]:2
[35]:2
[36]:2
[47]:1
[54]:1

t1_region>
[2]:2669
[3]:25280
[4]:32129
[5]:33543
[6]:62579
[7]:88477
[8]:86679
[9]:47486
[10]:18529
[11]:5693
[12]:2313
[13]:1743
[14]:1639
[15]:1949
[16]:3514
[17]:5892
[18]:4822
[19]:2031
[20]:856
[21]:673
[22]:660
[23]:619
[24]:593
[25]:512
[26]:474
[27]:484
[28]:429
[29]:357
[30]:326
[31]:329
[32]:284
[33]:230
[34]:218
[35]:173
[36]:160
[37]:106
[38]:72
[39]:39
[40]:30
[41]:19
[42]:18
[43]:8
[44]:8
[45]:6
[46]:7
[47]:3
[48]:2
[49]:2
[53]:1
[54]:1
[55]:1
[56]:1
[58]:3
[59]:3
[61]:2
[64]:3
[65]:2
[68]:3
[69]:3
[70]:1
[72]:2
[74]:1

t2_region>
[97]:332
[98]:7222
[99]:10519
[100]:22659
[101]:30788
[102]:38871
[103]:51770
[104]:66017
[105]:74344
[106]:49643
[107]:20962
[108]:11098
[109]:9636
[110]:7521
[111]:4176
[112]:2321
[113]:2238
[114]:3604
[115]:4521
[116]:3594
[117]:1818
[118]:1184
[119]:1265
[120]:1000
[121]:761
[122]:600
[123]:539
[124]:517
[125]:490
[126]:436
[127]:408
[128]:419
[129]:386
[130]:352
[131]:355
[132]:291
[133]:319
[134]:275
[135]:233
[136]:199
[137]:181
[138]:142
[139]:125
[140]:114
[141]:85
[142]:72
[143]:58
[144]:53
[145]:57
[146]:34
[147]:28
[148]:24
[149]:16
[150]:14
[151]:8
[152]:6
[153]:7
[154]:5
[156]:2
[157]:1
[159]:1
[160]:2
[161]:3
[163]:2
[165]:1
[166]:2
[167]:2
[168]:2
[170]:2
[172]:2
[173]:3
[174]:2
[175]:1
[177]:1
[179]:1
[180]:1
[182]:1
[186]:1

t0_min: 1.08 us, round:1998
t0_max: 54.29 us, round:302719
t0_jitter: 53.21 us

t1_min: 2.67 us, round:2027
t1_max: 74.13 us, round:302719
t1_jitter: 71.46 us

t2_min: 97.29 us, round:6326
t2_max: 186.38 us, round:302721
t2_jitter: 89.08 us

PMU diff samples: 434836
AVG DIFF LL_CACHE_RD: 99.01
AVG DIFF LL_CACHE_MISS_RD: 42.53
AVG DIFF L2D_CACHE_REFILL: 42.65
AVG DIFF L2D_CACHE_INVAL: 0.00
[cur diff] DIFF LL_CACHE_RD: 4, DIFF LL_CACHE_MISS_RD: 4, MISS_RATE: 100.00%
[cur diff] DIFF L2D_CACHE_REFILL: 5
[cur diff] DIFF L2D_CACHE_INVAL: 0
[max diff] DIFF LL_CACHE_RD: 175, DIFF LL_CACHE_MISS_RD: 135, MISS_RATE: 77.14%
[max diff] DIFF L2D_CACHE_REFILL: 135
[max diff] DIFF L2D_CACHE_INVAL: 0

===========================================================
taskpendcnt:436878
t0:3583 ns
t1:4875 ns
t2:100958 ns
benchmark: Franka-derived Cartesian-impedance kernel, input trace:8, timer period:1.000 ms
controller source: franka_ros2 jazzy@73a1501d, updates:436900, SVD sweeps:5
pose error:[0.010000 0.015000 0.010000 -0.000000 0.049979 -0.000000]
tau[0:6]:[-0.567483 -0.552304 -0.482512 -0.231067 -0.297494 -0.656094 -0.085004]
kernel exec min/avg/max: 94.50 / 97.32 / 123.08 us, samples:436910
pressure status:1, copy rounds total/window:1852/9, 3.96 rounds/s
pressure logical copy:18520.00 MiB total, approx 39.59 MiB/s, checksum:2466292695040
pressure report window:2.273457 s
t0_region>
[1]:77212
[2]:160455
[3]:133053
[4]:33879
[5]:5791
[6]:3602
[7]:5658
[8]:7867
[9]:4547
[10]:1529
[11]:935
[12]:673
[13]:581
[14]:415
[15]:273
[16]:194
[17]:111
[18]:83
[19]:28
[20]:14
[21]:5
[22]:3
[24]:1
[25]:7
[26]:1
[27]:2
[28]:2
[30]:2
[31]:2
[32]:1
[33]:2
[35]:2
[36]:2
[47]:1
[54]:1

t1_region>
[2]:2681
[3]:25394
[4]:32286
[5]:33726
[6]:62939
[7]:88938
[8]:87154
[9]:47757
[10]:18637
[11]:5719
[12]:2322
[13]:1748
[14]:1642
[15]:1955
[16]:3534
[17]:5924
[18]:4846
[19]:2037
[20]:857
[21]:674
[22]:660
[23]:619
[24]:593
[25]:512
[26]:474
[27]:484
[28]:429
[29]:357
[30]:326
[31]:329
[32]:284
[33]:230
[34]:218
[35]:173
[36]:160
[37]:106
[38]:72
[39]:39
[40]:30
[41]:19
[42]:18
[43]:8
[44]:8
[45]:6
[46]:7
[47]:3
[48]:2
[49]:2
[53]:1
[54]:1
[55]:1
[56]:1
[58]:3
[59]:3
[61]:2
[64]:3
[65]:2
[68]:3
[69]:3
[70]:1
[72]:2
[74]:1

t2_region>
[97]:332
[98]:7239
[99]:10569
[100]:22773
[101]:30975
[102]:39073
[103]:52093
[104]:66384
[105]:74700
[106]:49906
[107]:21076
[108]:11159
[109]:9692
[110]:7559
[111]:4207
[112]:2327
[113]:2245
[114]:3633
[115]:4545
[116]:3611
[117]:1826
[118]:1185
[119]:1268
[120]:1000
[121]:761
[122]:600
[123]:539
[124]:517
[125]:490
[126]:436
[127]:408
[128]:419
[129]:386
[130]:352
[131]:355
[132]:291
[133]:319
[134]:275
[135]:233
[136]:199
[137]:181
[138]:142
[139]:125
[140]:114
[141]:85
[142]:72
[143]:58
[144]:53
[145]:57
[146]:34
[147]:28
[148]:24
[149]:16
[150]:14
[151]:8
[152]:6
[153]:7
[154]:5
[156]:2
[157]:1
[159]:1
[160]:2
[161]:3
[163]:2
[165]:1
[166]:2
[167]:2
[168]:2
[170]:2
[172]:2
[173]:3
[174]:2
[175]:1
[177]:1
[179]:1
[180]:1
[182]:1
[186]:1

t0_min: 1.08 us, round:1998
t0_max: 54.29 us, round:302719
t0_jitter: 53.21 us

t1_min: 2.67 us, round:2027
t1_max: 74.13 us, round:302719
t1_jitter: 71.46 us

t2_min: 97.29 us, round:6326
t2_max: 186.38 us, round:302721
t2_jitter: 89.08 us

PMU diff samples: 437109
AVG DIFF LL_CACHE_RD: 99.01
AVG DIFF LL_CACHE_MISS_RD: 42.52
AVG DIFF L2D_CACHE_REFILL: 42.64
AVG DIFF L2D_CACHE_INVAL: 0.00
[cur diff] DIFF LL_CACHE_RD: 3, DIFF LL_CACHE_MISS_RD: 3, MISS_RATE: 100.00%
[cur diff] DIFF L2D_CACHE_REFILL: 1
[cur diff] DIFF L2D_CACHE_INVAL: 0
[max diff] DIFF LL_CACHE_RD: 175, DIFF LL_CACHE_MISS_RD: 135, MISS_RATE: 77.14%
[max diff] DIFF L2D_CACHE_REFILL: 135
[max diff] DIFF L2D_CACHE_INVAL: 0

===========================================================
taskpendcnt:439152
t0:3166 ns
t1:4166 ns
t2:102291 ns
benchmark: Franka-derived Cartesian-impedance kernel, input trace:8, timer period:1.000 ms
controller source: franka_ros2 jazzy@73a1501d, updates:439174, SVD sweeps:5
pose error:[0.010000 0.015000 0.010000 -0.000000 0.049979 -0.000000]
tau[0:6]:[-2.379368 -1.292411 -1.655224 -1.570015 -1.185234 -0.066588 -0.610247]
kernel exec min/avg/max: 94.50 / 97.32 / 123.08 us, samples:439184
pressure status:1, copy rounds total/window:1862/10, 4.40 rounds/s
pressure logical copy:18620.00 MiB total, approx 43.98 MiB/s, checksum:2479609610240
pressure report window:2.273968 s
t0_region>
[1]:77597
[2]:161287
[3]:133835
[4]:34059
[5]:5805
[6]:3619
[7]:5676
[8]:7899
[9]:4561
[10]:1530
[11]:935
[12]:673
[13]:581
[14]:415
[15]:273
[16]:194
[17]:111
[18]:83
[19]:28
[20]:14
[21]:5
[22]:3
[24]:1
[25]:7
[26]:1
[27]:2
[28]:2
[30]:2
[31]:2
[32]:1
[33]:2
[35]:2
[36]:2
[47]:1
[54]:1

t1_region>
[2]:2694
[3]:25506
[4]:32454
[5]:33915
[6]:63256
[7]:89436
[8]:87660
[9]:48014
[10]:18732
[11]:5748
[12]:2326
[13]:1756
[14]:1648
[15]:1963
[16]:3551
[17]:5946
[18]:4865
[19]:2043
[20]:857
[21]:674
[22]:660
[23]:619
[24]:593
[25]:512
[26]:474
[27]:484
[28]:429
[29]:357
[30]:326
[31]:329
[32]:284
[33]:230
[34]:218
[35]:173
[36]:160
[37]:106
[38]:72
[39]:39
[40]:30
[41]:19
[42]:18
[43]:8
[44]:8
[45]:6
[46]:7
[47]:3
[48]:2
[49]:2
[53]:1
[54]:1
[55]:1
[56]:1
[58]:3
[59]:3
[61]:2
[64]:3
[65]:2
[68]:3
[69]:3
[70]:1
[72]:2
[74]:1

t2_region>
[97]:332
[98]:7262
[99]:10618
[100]:22895
[101]:31147
[102]:39278
[103]:52360
[104]:66759
[105]:75075
[106]:50238
[107]:21186
[108]:11214
[109]:9747
[110]:7589
[111]:4226
[112]:2338
[113]:2256
[114]:3650
[115]:4559
[116]:3627
[117]:1831
[118]:1188
[119]:1272
[120]:1003
[121]:761
[122]:600
[123]:539
[124]:517
[125]:490
[126]:436
[127]:408
[128]:419
[129]:386
[130]:352
[131]:355
[132]:291
[133]:319
[134]:275
[135]:233
[136]:199
[137]:181
[138]:142
[139]:125
[140]:114
[141]:85
[142]:72
[143]:58
[144]:53
[145]:57
[146]:34
[147]:28
[148]:24
[149]:16
[150]:14
[151]:8
[152]:6
[153]:7
[154]:5
[156]:2
[157]:1
[159]:1
[160]:2
[161]:3
[163]:2
[165]:1
[166]:2
[167]:2
[168]:2
[170]:2
[172]:2
[173]:3
[174]:2
[175]:1
[177]:1
[179]:1
[180]:1
[182]:1
[186]:1

t0_min: 1.08 us, round:1998
t0_max: 54.29 us, round:302719
t0_jitter: 53.21 us

t1_min: 2.67 us, round:2027
t1_max: 74.13 us, round:302719
t1_jitter: 71.46 us

t2_min: 97.29 us, round:6326
t2_max: 186.38 us, round:302721
t2_jitter: 89.08 us

PMU diff samples: 439383
AVG DIFF LL_CACHE_RD: 99.00
AVG DIFF LL_CACHE_MISS_RD: 42.52
AVG DIFF L2D_CACHE_REFILL: 42.64
AVG DIFF L2D_CACHE_INVAL: 0.00
[cur diff] DIFF LL_CACHE_RD: 5, DIFF LL_CACHE_MISS_RD: 5, MISS_RATE: 100.00%
[cur diff] DIFF L2D_CACHE_REFILL: 2
[cur diff] DIFF L2D_CACHE_INVAL: 0
[max diff] DIFF LL_CACHE_RD: 175, DIFF LL_CACHE_MISS_RD: 135, MISS_RATE: 77.14%
[max diff] DIFF L2D_CACHE_REFILL: 135
[max diff] DIFF L2D_CACHE_INVAL: 0

===========================================================
taskpendcnt:441426
t0:3041 ns
t1:4041 ns
t2:100708 ns
benchmark: Franka-derived Cartesian-impedance kernel, input trace:8, timer period:1.000 ms
controller source: franka_ros2 jazzy@73a1501d, updates:441448, SVD sweeps:5
pose error:[0.010000 0.015000 0.010000 -0.000000 0.049979 -0.000000]
tau[0:6]:[-0.274004 -0.324180 0.001577 -0.231466 0.050986 -0.328952 0.010844]
kernel exec min/avg/max: 94.50 / 97.32 / 123.08 us, samples:441458
pressure status:1, copy rounds total/window:1872/10, 4.40 rounds/s
pressure logical copy:18720.00 MiB total, approx 43.98 MiB/s, checksum:2492926525440
pressure report window:2.273720 s
t0_region>
[1]:77983
[2]:162178
[3]:134553
[4]:34219
[5]:5826
[6]:3628
[7]:5696
[8]:7943
[9]:4581
[10]:1533
[11]:935
[12]:673
[13]:581
[14]:415
[15]:273
[16]:194
[17]:111
[18]:83
[19]:28
[20]:14
[21]:5
[22]:3
[24]:1
[25]:7
[26]:1
[27]:2
[28]:2
[30]:2
[31]:2
[32]:1
[33]:2
[35]:2
[36]:2
[47]:1
[54]:1

t1_region>
[2]:2704
[3]:25626
[4]:32607
[5]:34094
[6]:63652
[7]:89948
[8]:88113
[9]:48238
[10]:18827
[11]:5772
[12]:2333
[13]:1760
[14]:1651
[15]:1979
[16]:3563
[17]:5978
[18]:4889
[19]:2052
[20]:857
[21]:674
[22]:660
[23]:619
[24]:593
[25]:512
[26]:474
[27]:484
[28]:429
[29]:357
[30]:326
[31]:329
[32]:284
[33]:230
[34]:218
[35]:173
[36]:160
[37]:106
[38]:72
[39]:39
[40]:30
[41]:19
[42]:18
[43]:8
[44]:8
[45]:6
[46]:7
[47]:3
[48]:2
[49]:2
[53]:1
[54]:1
[55]:1
[56]:1
[58]:3
[59]:3
[61]:2
[64]:3
[65]:2
[68]:3
[69]:3
[70]:1
[72]:2
[74]:1

t2_region>
[97]:332
[98]:7276
[99]:10675
[100]:22999
[101]:31328
[102]:39484
[103]:52674
[104]:67144
[105]:75485
[106]:50499
[107]:21288
[108]:11267
[109]:9787
[110]:7618
[111]:4247
[112]:2343
[113]:2269
[114]:3667
[115]:4582
[116]:3641
[117]:1839
[118]:1193
[119]:1277
[120]:1007
[121]:763
[122]:601
[123]:539
[124]:517
[125]:490
[126]:436
[127]:408
[128]:419
[129]:386
[130]:352
[131]:355
[132]:291
[133]:319
[134]:275
[135]:233
[136]:199
[137]:181
[138]:142
[139]:125
[140]:114
[141]:85
[142]:72
[143]:58
[144]:53
[145]:57
[146]:34
[147]:28
[148]:24
[149]:16
[150]:14
[151]:8
[152]:6
[153]:7
[154]:5
[156]:2
[157]:1
[159]:1
[160]:2
[161]:3
[163]:2
[165]:1
[166]:2
[167]:2
[168]:2
[170]:2
[172]:2
[173]:3
[174]:2
[175]:1
[177]:1
[179]:1
[180]:1
[182]:1
[186]:1

t0_min: 1.08 us, round:1998
t0_max: 54.29 us, round:302719
t0_jitter: 53.21 us

t1_min: 2.67 us, round:2027
t1_max: 74.13 us, round:302719
t1_jitter: 71.46 us

t2_min: 97.29 us, round:6326
t2_max: 186.38 us, round:302721
t2_jitter: 89.08 us

PMU diff samples: 441657
AVG DIFF LL_CACHE_RD: 99.00
AVG DIFF LL_CACHE_MISS_RD: 42.52
AVG DIFF L2D_CACHE_REFILL: 42.64
AVG DIFF L2D_CACHE_INVAL: 0.00
[cur diff] DIFF LL_CACHE_RD: 18, DIFF LL_CACHE_MISS_RD: 13, MISS_RATE: 72.22%
[cur diff] DIFF L2D_CACHE_REFILL: 3
[cur diff] DIFF L2D_CACHE_INVAL: 0
[max diff] DIFF LL_CACHE_RD: 175, DIFF LL_CACHE_MISS_RD: 135, MISS_RATE: 77.14%
[max diff] DIFF L2D_CACHE_REFILL: 135
[max diff] DIFF L2D_CACHE_INVAL: 0

===========================================================
taskpendcnt:443700
t0:3791 ns
t1:5666 ns
t2:101166 ns
benchmark: Franka-derived Cartesian-impedance kernel, input trace:8, timer period:1.000 ms
controller source: franka_ros2 jazzy@73a1501d, updates:443722, SVD sweeps:5
pose error:[0.010000 0.015000 0.010000 -0.000000 0.049979 -0.000000]
tau[0:6]:[1.228026 0.081850 0.819520 0.875435 0.745706 -0.833381 0.398995]
kernel exec min/avg/max: 94.50 / 97.32 / 123.08 us, samples:443732
pressure status:1, copy rounds total/window:1881/9, 3.96 rounds/s
pressure logical copy:18810.00 MiB total, approx 39.58 MiB/s, checksum:2504911749120
pressure report window:2.273770 s
t0_region>
[1]:78395
[2]:163046
[3]:135227
[4]:34423
[5]:5856
[6]:3634
[7]:5727
[8]:7972
[9]:4597
[10]:1538
[11]:935
[12]:673
[13]:581
[14]:415
[15]:273
[16]:194
[17]:111
[18]:83
[19]:28
[20]:14
[21]:5
[22]:3
[24]:1
[25]:7
[26]:1
[27]:2
[28]:2
[30]:2
[31]:2
[32]:1
[33]:2
[35]:2
[36]:2
[47]:1
[54]:1

t1_region>
[2]:2720
[3]:25730
[4]:32781
[5]:34289
[6]:63975
[7]:90419
[8]:88594
[9]:48504
[10]:18929
[11]:5809
[12]:2345
[13]:1764
[14]:1656
[15]:1983
[16]:3586
[17]:6007
[18]:4906
[19]:2063
[20]:857
[21]:674
[22]:660
[23]:619
[24]:593
[25]:512
[26]:474
[27]:484
[28]:429
[29]:357
[30]:326
[31]:329
[32]:284
[33]:230
[34]:218
[35]:173
[36]:160
[37]:106
[38]:72
[39]:39
[40]:30
[41]:19
[42]:18
[43]:8
[44]:8
[45]:6
[46]:7
[47]:3
[48]:2
[49]:2
[53]:1
[54]:1
[55]:1
[56]:1
[58]:3
[59]:3
[61]:2
[64]:3
[65]:2
[68]:3
[69]:3
[70]:1
[72]:2
[74]:1

t2_region>
[97]:332
[98]:7297
[99]:10723
[100]:23120
[101]:31512
[102]:39693
[103]:52954
[104]:67472
[105]:75894
[106]:50759
[107]:21402
[108]:11346
[109]:9848
[110]:7660
[111]:4272
[112]:2352
[113]:2277
[114]:3690
[115]:4605
[116]:3657
[117]:1850
[118]:1194
[119]:1277
[120]:1008
[121]:763
[122]:602
[123]:539
[124]:517
[125]:490
[126]:436
[127]:408
[128]:419
[129]:386
[130]:352
[131]:355
[132]:291
[133]:319
[134]:275
[135]:233
[136]:199
[137]:181
[138]:142
[139]:125
[140]:114
[141]:85
[142]:72
[143]:58
[144]:53
[145]:57
[146]:34
[147]:28
[148]:24
[149]:16
[150]:14
[151]:8
[152]:6
[153]:7
[154]:5
[156]:2
[157]:1
[159]:1
[160]:2
[161]:3
[163]:2
[165]:1
[166]:2
[167]:2
[168]:2
[170]:2
[172]:2
[173]:3
[174]:2
[175]:1
[177]:1
[179]:1
[180]:1
[182]:1
[186]:1

t0_min: 1.08 us, round:1998
t0_max: 54.29 us, round:302719
t0_jitter: 53.21 us

t1_min: 2.67 us, round:2027
t1_max: 74.13 us, round:302719
t1_jitter: 71.46 us

t2_min: 97.29 us, round:6326
t2_max: 186.38 us, round:302721
t2_jitter: 89.08 us

PMU diff samples: 443931
AVG DIFF LL_CACHE_RD: 99.00
AVG DIFF LL_CACHE_MISS_RD: 42.51
AVG DIFF L2D_CACHE_REFILL: 42.64
AVG DIFF L2D_CACHE_INVAL: 0.00
[cur diff] DIFF LL_CACHE_RD: 11, DIFF LL_CACHE_MISS_RD: 7, MISS_RATE: 63.64%
[cur diff] DIFF L2D_CACHE_REFILL: 2
[cur diff] DIFF L2D_CACHE_INVAL: 0
[max diff] DIFF LL_CACHE_RD: 175, DIFF LL_CACHE_MISS_RD: 135, MISS_RATE: 77.14%
[max diff] DIFF L2D_CACHE_REFILL: 135
[max diff] DIFF L2D_CACHE_INVAL: 0

===========================================================
taskpendcnt:445973
t0:2375 ns
t1:5708 ns
t2:100625 ns
benchmark: Franka-derived Cartesian-impedance kernel, input trace:8, timer period:1.000 ms
controller source: franka_ros2 jazzy@73a1501d, updates:445995, SVD sweeps:5
pose error:[0.010000 0.015000 0.010000 -0.000000 0.049979 -0.000000]
tau[0:6]:[1.376914 -0.104433 0.790225 0.843903 0.642107 -0.956178 0.423547]
kernel exec min/avg/max: 94.50 / 97.32 / 123.08 us, samples:446005
pressure status:1, copy rounds total/window:1891/10, 4.40 rounds/s
pressure logical copy:18910.00 MiB total, approx 43.99 MiB/s, checksum:2518228664320
pressure report window:2.273065 s
t0_region>
[1]:78742
[2]:163980
[3]:135918
[4]:34617
[5]:5886
[6]:3648
[7]:5740
[8]:8006
[9]:4608
[10]:1542
[11]:935
[12]:673
[13]:581
[14]:415
[15]:273
[16]:194
[17]:111
[18]:83
[19]:28
[20]:14
[21]:5
[22]:3
[24]:1
[25]:7
[26]:1
[27]:2
[28]:2
[30]:2
[31]:2
[32]:1
[33]:2
[35]:2
[36]:2
[47]:1
[54]:1

t1_region>
[2]:2732
[3]:25834
[4]:32927
[5]:34464
[6]:64340
[7]:90946
[8]:89065
[9]:48743
[10]:19035
[11]:5843
[12]:2358
[13]:1772
[14]:1661
[15]:1988
[16]:3595
[17]:6036
[18]:4923
[19]:2070
[20]:857
[21]:674
[22]:660
[23]:619
[24]:593
[25]:512
[26]:474
[27]:484
[28]:429
[29]:357
[30]:326
[31]:329
[32]:284
[33]:230
[34]:218
[35]:173
[36]:160
[37]:106
[38]:72
[39]:39
[40]:30
[41]:19
[42]:18
[43]:8
[44]:8
[45]:6
[46]:7
[47]:3
[48]:2
[49]:2
[53]:1
[54]:1
[55]:1
[56]:1
[58]:3
[59]:3
[61]:2
[64]:3
[65]:2
[68]:3
[69]:3
[70]:1
[72]:2
[74]:1

t2_region>
[97]:332
[98]:7315
[99]:10767
[100]:23225
[101]:31655
[102]:39908
[103]:53258
[104]:67848
[105]:76295
[106]:51053
[107]:21528
[108]:11398
[109]:9885
[110]:7703
[111]:4304
[112]:2368
[113]:2282
[114]:3704
[115]:4628
[116]:3669
[117]:1854
[118]:1195
[119]:1280
[120]:1010
[121]:765
[122]:603
[123]:539
[124]:517
[125]:490
[126]:436
[127]:408
[128]:419
[129]:386
[130]:352
[131]:355
[132]:291
[133]:319
[134]:275
[135]:233
[136]:199
[137]:181
[138]:142
[139]:125
[140]:114
[141]:85
[142]:72
[143]:58
[144]:53
[145]:57
[146]:34
[147]:28
[148]:24
[149]:16
[150]:14
[151]:8
[152]:6
[153]:7
[154]:5
[156]:2
[157]:1
[159]:1
[160]:2
[161]:3
[163]:2
[165]:1
[166]:2
[167]:2
[168]:2
[170]:2
[172]:2
[173]:3
[174]:2
[175]:1
[177]:1
[179]:1
[180]:1
[182]:1
[186]:1

t0_min: 1.08 us, round:1998
t0_max: 54.29 us, round:302719
t0_jitter: 53.21 us

t1_min: 2.67 us, round:2027
t1_max: 74.13 us, round:302719
t1_jitter: 71.46 us

t2_min: 97.29 us, round:6326
t2_max: 186.38 us, round:302721
t2_jitter: 89.08 us

PMU diff samples: 446204
AVG DIFF LL_CACHE_RD: 99.00
AVG DIFF LL_CACHE_MISS_RD: 42.51
AVG DIFF L2D_CACHE_REFILL: 42.63
AVG DIFF L2D_CACHE_INVAL: 0.00
[cur diff] DIFF LL_CACHE_RD: 6, DIFF LL_CACHE_MISS_RD: 4, MISS_RATE: 66.67%
[cur diff] DIFF L2D_CACHE_REFILL: 1
[cur diff] DIFF L2D_CACHE_INVAL: 0
[max diff] DIFF LL_CACHE_RD: 175, DIFF LL_CACHE_MISS_RD: 135, MISS_RATE: 77.14%
[max diff] DIFF L2D_CACHE_REFILL: 135
[max diff] DIFF L2D_CACHE_INVAL: 0

===========================================================
taskpendcnt:448246
t0:2416 ns
t1:6041 ns
t2:102125 ns
benchmark: Franka-derived Cartesian-impedance kernel, input trace:8, timer period:1.000 ms
controller source: franka_ros2 jazzy@73a1501d, updates:448268, SVD sweeps:5
pose error:[0.010000 0.015000 0.010000 -0.000000 0.049979 -0.000000]
tau[0:6]:[-0.567483 -0.552304 -0.482512 -0.231067 -0.297494 -0.656094 -0.085004]
kernel exec min/avg/max: 94.50 / 97.32 / 123.08 us, samples:448278
pressure status:1, copy rounds total/window:1900/9, 3.96 rounds/s
pressure logical copy:19000.00 MiB total, approx 39.59 MiB/s, checksum:2530213888000
pressure report window:2.273425 s
t0_region>
[1]:79114
[2]:164884
[3]:136607
[4]:34813
[5]:5907
[6]:3663
[7]:5762
[8]:8041
[9]:4628
[10]:1542
[11]:935
[12]:673
[13]:581
[14]:415
[15]:273
[16]:194
[17]:111
[18]:83
[19]:28
[20]:14
[21]:5
[22]:3
[24]:1
[25]:7
[26]:1
[27]:2
[28]:2
[30]:2
[31]:2
[32]:1
[33]:2
[35]:2
[36]:2
[47]:1
[54]:1

t1_region>
[2]:2742
[3]:25952
[4]:33067
[5]:34673
[6]:64684
[7]:91494
[8]:89521
[9]:48977
[10]:19115
[11]:5873
[12]:2368
[13]:1776
[14]:1665
[15]:1998
[16]:3608
[17]:6069
[18]:4949
[19]:2075
[20]:858
[21]:674
[22]:660
[23]:619
[24]:593
[25]:512
[26]:474
[27]:484
[28]:429
[29]:357
[30]:326
[31]:329
[32]:284
[33]:230
[34]:218
[35]:173
[36]:160
[37]:106
[38]:72
[39]:39
[40]:30
[41]:19
[42]:18
[43]:8
[44]:8
[45]:6
[46]:7
[47]:3
[48]:2
[49]:2
[53]:1
[54]:1
[55]:1
[56]:1
[58]:3
[59]:3
[61]:2
[64]:3
[65]:2
[68]:3
[69]:3
[70]:1
[72]:2
[74]:1

t2_region>
[97]:332
[98]:7334
[99]:10814
[100]:23337
[101]:31822
[102]:40129
[103]:53555
[104]:68239
[105]:76693
[106]:51331
[107]:21617
[108]:11448
[109]:9924
[110]:7745
[111]:4326
[112]:2381
[113]:2291
[114]:3726
[115]:4649
[116]:3681
[117]:1860
[118]:1201
[119]:1289
[120]:1011
[121]:767
[122]:603
[123]:540
[124]:517
[125]:490
[126]:436
[127]:408
[128]:419
[129]:386
[130]:352
[131]:355
[132]:291
[133]:319
[134]:275
[135]:233
[136]:199
[137]:181
[138]:142
[139]:125
[140]:114
[141]:85
[142]:72
[143]:58
[144]:53
[145]:57
[146]:34
[147]:28
[148]:24
[149]:16
[150]:14
[151]:8
[152]:6
[153]:7
[154]:5
[156]:2
[157]:1
[159]:1
[160]:2
[161]:3
[163]:2
[165]:1
[166]:2
[167]:2
[168]:2
[170]:2
[172]:2
[173]:3
[174]:2
[175]:1
[177]:1
[179]:1
[180]:1
[182]:1
[186]:1

t0_min: 1.08 us, round:1998
t0_max: 54.29 us, round:302719
t0_jitter: 53.21 us

t1_min: 2.67 us, round:2027
t1_max: 74.13 us, round:302719
t1_jitter: 71.46 us

t2_min: 97.29 us, round:6326
t2_max: 186.38 us, round:302721
t2_jitter: 89.08 us

PMU diff samples: 448477
AVG DIFF LL_CACHE_RD: 98.99
AVG DIFF LL_CACHE_MISS_RD: 42.51
AVG DIFF L2D_CACHE_REFILL: 42.63
AVG DIFF L2D_CACHE_INVAL: 0.00
[cur diff] DIFF LL_CACHE_RD: 7, DIFF LL_CACHE_MISS_RD: 6, MISS_RATE: 85.71%
[cur diff] DIFF L2D_CACHE_REFILL: 3
[cur diff] DIFF L2D_CACHE_INVAL: 0
[max diff] DIFF LL_CACHE_RD: 175, DIFF LL_CACHE_MISS_RD: 135, MISS_RATE: 77.14%
[max diff] DIFF L2D_CACHE_REFILL: 135
[max diff] DIFF L2D_CACHE_INVAL: 0

===========================================================
taskpendcnt:450520
t0:2875 ns
t1:4166 ns
t2:101125 ns
benchmark: Franka-derived Cartesian-impedance kernel, input trace:8, timer period:1.000 ms
controller source: franka_ros2 jazzy@73a1501d, updates:450542, SVD sweeps:5
pose error:[0.010000 0.015000 0.010000 -0.000000 0.049979 -0.000000]
tau[0:6]:[-2.379368 -1.292411 -1.655224 -1.570015 -1.185234 -0.066588 -0.610247]
kernel exec min/avg/max: 94.50 / 97.32 / 123.08 us, samples:450552
pressure status:1, copy rounds total/window:1910/10, 4.40 rounds/s
pressure logical copy:19100.00 MiB total, approx 43.98 MiB/s, checksum:2543530803200
pressure report window:2.274014 s
t0_region>
[1]:79497
[2]:165745
[3]:137334
[4]:34998
[5]:5930
[6]:3667
[7]:5789
[8]:8076
[9]:4651
[10]:1548
[11]:935
[12]:673
[13]:581
[14]:415
[15]:273
[16]:194
[17]:111
[18]:83
[19]:28
[20]:14
[21]:5
[22]:3
[24]:1
[25]:7
[26]:1
[27]:2
[28]:2
[30]:2
[31]:2
[32]:1
[33]:2
[35]:2
[36]:2
[47]:1
[54]:1

t1_region>
[2]:2755
[3]:26067
[4]:33219
[5]:34872
[6]:65026
[7]:91946
[8]:89997
[9]:49257
[10]:19221
[11]:5903
[12]:2378
[13]:1779
[14]:1668
[15]:2008
[16]:3624
[17]:6097
[18]:4976
[19]:2085
[20]:859
[21]:674
[22]:661
[23]:619
[24]:593
[25]:512
[26]:474
[27]:484
[28]:429
[29]:357
[30]:326
[31]:329
[32]:284
[33]:230
[34]:218
[35]:173
[36]:160
[37]:106
[38]:72
[39]:39
[40]:30
[41]:19
[42]:18
[43]:8
[44]:8
[45]:6
[46]:7
[47]:3
[48]:2
[49]:2
[53]:1
[54]:1
[55]:1
[56]:1
[58]:3
[59]:3
[61]:2
[64]:3
[65]:2
[68]:3
[69]:3
[70]:1
[72]:2
[74]:1

t2_region>
[97]:332
[98]:7354
[99]:10855
[100]:23452
[101]:32003
[102]:40331
[103]:53845
[104]:68590
[105]:77070
[106]:51631
[107]:21728
[108]:11518
[109]:9974
[110]:7788
[111]:4349
[112]:2386
[113]:2307
[114]:3738
[115]:4675
[116]:3704
[117]:1869
[118]:1204
[119]:1293
[120]:1012
[121]:768
[122]:603
[123]:540
[124]:517
[125]:490
[126]:436
[127]:408
[128]:419
[129]:386
[130]:352
[131]:355
[132]:291
[133]:319
[134]:275
[135]:233
[136]:199
[137]:181
[138]:142
[139]:125
[140]:114
[141]:85
[142]:72
[143]:58
[144]:53
[145]:57
[146]:34
[147]:28
[148]:24
[149]:16
[150]:14
[151]:8
[152]:6
[153]:7
[154]:5
[156]:2
[157]:1
[159]:1
[160]:2
[161]:3
[163]:2
[165]:1
[166]:2
[167]:2
[168]:2
[170]:2
[172]:2
[173]:3
[174]:2
[175]:1
[177]:1
[179]:1
[180]:1
[182]:1
[186]:1

t0_min: 1.08 us, round:1998
t0_max: 54.29 us, round:302719
t0_jitter: 53.21 us

t1_min: 2.67 us, round:2027
t1_max: 74.13 us, round:302719
t1_jitter: 71.46 us

t2_min: 97.29 us, round:6326
t2_max: 186.38 us, round:302721
t2_jitter: 89.08 us

PMU diff samples: 450751
AVG DIFF LL_CACHE_RD: 99.00
AVG DIFF LL_CACHE_MISS_RD: 42.51
AVG DIFF L2D_CACHE_REFILL: 42.63
AVG DIFF L2D_CACHE_INVAL: 0.00
[cur diff] DIFF LL_CACHE_RD: 5, DIFF LL_CACHE_MISS_RD: 4, MISS_RATE: 80.00%
[cur diff] DIFF L2D_CACHE_REFILL: 0
[cur diff] DIFF L2D_CACHE_INVAL: 0
[max diff] DIFF LL_CACHE_RD: 175, DIFF LL_CACHE_MISS_RD: 135, MISS_RATE: 77.14%
[max diff] DIFF L2D_CACHE_REFILL: 135
[max diff] DIFF L2D_CACHE_INVAL: 0

===========================================================
taskpendcnt:452794
t0:2458 ns
t1:5208 ns
t2:101875 ns
benchmark: Franka-derived Cartesian-impedance kernel, input trace:8, timer period:1.000 ms
controller source: franka_ros2 jazzy@73a1501d, updates:452816, SVD sweeps:5
pose error:[0.010000 0.015000 0.010000 -0.000000 0.049979 -0.000000]
tau[0:6]:[-0.274004 -0.324180 0.001577 -0.231466 0.050986 -0.328952 0.010844]
kernel exec min/avg/max: 94.50 / 97.32 / 123.08 us, samples:452826
pressure status:1, copy rounds total/window:1920/10, 4.40 rounds/s
pressure logical copy:19200.00 MiB total, approx 43.98 MiB/s, checksum:2556847718400
pressure report window:2.273699 s
t0_region>
[1]:79842
[2]:166661
[3]:138058
[4]:35183
[5]:5957
[6]:3674
[7]:5813
[8]:8101
[9]:4669
[10]:1550
[11]:935
[12]:673
[13]:581
[14]:415
[15]:273
[16]:194
[17]:111
[18]:83
[19]:28
[20]:14
[21]:5
[22]:3
[24]:1
[25]:7
[26]:1
[27]:2
[28]:2
[30]:2
[31]:2
[32]:1
[33]:2
[35]:2
[36]:2
[47]:1
[54]:1

t1_region>
[2]:2767
[3]:26179
[4]:33379
[5]:35050
[6]:65369
[7]:92460
[8]:90488
[9]:49494
[10]:19325
[11]:5935
[12]:2390
[13]:1782
[14]:1674
[15]:2015
[16]:3636
[17]:6119
[18]:4998
[19]:2090
[20]:860
[21]:674
[22]:661
[23]:619
[24]:593
[25]:512
[26]:474
[27]:484
[28]:429
[29]:357
[30]:326
[31]:329
[32]:284
[33]:230
[34]:218
[35]:173
[36]:160
[37]:106
[38]:72
[39]:39
[40]:30
[41]:19
[42]:18
[43]:8
[44]:8
[45]:6
[46]:7
[47]:3
[48]:2
[49]:2
[53]:1
[54]:1
[55]:1
[56]:1
[58]:3
[59]:3
[61]:2
[64]:3
[65]:2
[68]:3
[69]:3
[70]:1
[72]:2
[74]:1

t2_region>
[97]:332
[98]:7374
[99]:10895
[100]:23558
[101]:32181
[102]:40525
[103]:54115
[104]:68964
[105]:77508
[106]:51900
[107]:21869
[108]:11590
[109]:10012
[110]:7827
[111]:4367
[112]:2392
[113]:2316
[114]:3750
[115]:4697
[116]:3718
[117]:1873
[118]:1206
[119]:1296
[120]:1014
[121]:768
[122]:605
[123]:540
[124]:517
[125]:490
[126]:436
[127]:408
[128]:419
[129]:386
[130]:352
[131]:355
[132]:291
[133]:319
[134]:275
[135]:233
[136]:199
[137]:181
[138]:142
[139]:125
[140]:114
[141]:85
[142]:72
[143]:58
[144]:53
[145]:57
[146]:34
[147]:28
[148]:24
[149]:16
[150]:14
[151]:8
[152]:6
[153]:7
[154]:5
[156]:2
[157]:1
[159]:1
[160]:2
[161]:3
[163]:2
[165]:1
[166]:2
[167]:2
[168]:2
[170]:2
[172]:2
[173]:3
[174]:2
[175]:1
[177]:1
[179]:1
[180]:1
[182]:1
[186]:1

t0_min: 1.08 us, round:1998
t0_max: 54.29 us, round:302719
t0_jitter: 53.21 us

t1_min: 2.67 us, round:2027
t1_max: 74.13 us, round:302719
t1_jitter: 71.46 us

t2_min: 97.29 us, round:6326
t2_max: 186.38 us, round:302721
t2_jitter: 89.08 us

PMU diff samples: 453025
AVG DIFF LL_CACHE_RD: 98.99
AVG DIFF LL_CACHE_MISS_RD: 42.50
AVG DIFF L2D_CACHE_REFILL: 42.63
AVG DIFF L2D_CACHE_INVAL: 0.00
[cur diff] DIFF LL_CACHE_RD: 12, DIFF LL_CACHE_MISS_RD: 11, MISS_RATE: 91.67%
[cur diff] DIFF L2D_CACHE_REFILL: 3
[cur diff] DIFF L2D_CACHE_INVAL: 0
[max diff] DIFF LL_CACHE_RD: 175, DIFF LL_CACHE_MISS_RD: 135, MISS_RATE: 77.14%
[max diff] DIFF L2D_CACHE_REFILL: 135
[max diff] DIFF L2D_CACHE_INVAL: 0

===========================================================
taskpendcnt:455068
t0:2625 ns
t1:5375 ns
t2:100583 ns
benchmark: Franka-derived Cartesian-impedance kernel, input trace:8, timer period:1.000 ms
controller source: franka_ros2 jazzy@73a1501d, updates:455090, SVD sweeps:5
pose error:[0.010000 0.015000 0.010000 -0.000000 0.049979 -0.000000]
tau[0:6]:[1.228026 0.081850 0.819520 0.875435 0.745706 -0.833381 0.398995]
kernel exec min/avg/max: 94.50 / 97.32 / 123.08 us, samples:455100
pressure status:1, copy rounds total/window:1929/9, 3.96 rounds/s
pressure logical copy:19290.00 MiB total, approx 39.58 MiB/s, checksum:2568832942080
pressure report window:2.273758 s
t0_region>
[1]:80232
[2]:167565
[3]:138761
[4]:35349
[5]:5974
[6]:3683
[7]:5825
[8]:8147
[9]:4692
[10]:1554
[11]:935
[12]:673
[13]:581
[14]:415
[15]:273
[16]:194
[17]:111
[18]:83
[19]:28
[20]:14
[21]:5
[22]:3
[24]:1
[25]:7
[26]:1
[27]:2
[28]:2
[30]:2
[31]:2
[32]:1
[33]:2
[35]:2
[36]:2
[47]:1
[54]:1

t1_region>
[2]:2779
[3]:26295
[4]:33529
[5]:35245
[6]:65735
[7]:92944
[8]:90975
[9]:49739
[10]:19412
[11]:5960
[12]:2397
[13]:1786
[14]:1679
[15]:2021
[16]:3652
[17]:6148
[18]:5029
[19]:2096
[20]:862
[21]:674
[22]:661
[23]:619
[24]:593
[25]:512
[26]:474
[27]:484
[28]:429
[29]:357
[30]:326
[31]:329
[32]:284
[33]:230
[34]:218
[35]:173
[36]:160
[37]:106
[38]:72
[39]:39
[40]:30
[41]:19
[42]:18
[43]:8
[44]:8
[45]:6
[46]:7
[47]:3
[48]:2
[49]:2
[53]:1
[54]:1
[55]:1
[56]:1
[58]:3
[59]:3
[61]:2
[64]:3
[65]:2
[68]:3
[69]:3
[70]:1
[72]:2
[74]:1

t2_region>
[97]:332
[98]:7389
[99]:10943
[100]:23675
[101]:32358
[102]:40764
[103]:54405
[104]:69325
[105]:77909
[106]:52166
[107]:21961
[108]:11649
[109]:10066
[110]:7857
[111]:4389
[112]:2404
[113]:2322
[114]:3767
[115]:4723
[116]:3732
[117]:1880
[118]:1210
[119]:1305
[120]:1019
[121]:770
[122]:605
[123]:540
[124]:517
[125]:490
[126]:436
[127]:408
[128]:419
[129]:386
[130]:352
[131]:355
[132]:291
[133]:319
[134]:275
[135]:233
[136]:199
[137]:181
[138]:142
[139]:125
[140]:114
[141]:85
[142]:72
[143]:58
[144]:53
[145]:57
[146]:34
[147]:28
[148]:24
[149]:16
[150]:14
[151]:8
[152]:6
[153]:7
[154]:5
[156]:2
[157]:1
[159]:1
[160]:2
[161]:3
[163]:2
[165]:1
[166]:2
[167]:2
[168]:2
[170]:2
[172]:2
[173]:3
[174]:2
[175]:1
[177]:1
[179]:1
[180]:1
[182]:1
[186]:1

t0_min: 1.08 us, round:1998
t0_max: 54.29 us, round:302719
t0_jitter: 53.21 us

t1_min: 2.67 us, round:2027
t1_max: 74.13 us, round:302719
t1_jitter: 71.46 us

t2_min: 97.29 us, round:6326
t2_max: 186.38 us, round:302721
t2_jitter: 89.08 us

PMU diff samples: 455299
AVG DIFF LL_CACHE_RD: 98.99
AVG DIFF LL_CACHE_MISS_RD: 42.50
AVG DIFF L2D_CACHE_REFILL: 42.62
AVG DIFF L2D_CACHE_INVAL: 0.00
[cur diff] DIFF LL_CACHE_RD: 9, DIFF LL_CACHE_MISS_RD: 5, MISS_RATE: 55.56%
[cur diff] DIFF L2D_CACHE_REFILL: 2
[cur diff] DIFF L2D_CACHE_INVAL: 0
[max diff] DIFF LL_CACHE_RD: 175, DIFF LL_CACHE_MISS_RD: 135, MISS_RATE: 77.14%
[max diff] DIFF L2D_CACHE_REFILL: 135
[max diff] DIFF L2D_CACHE_INVAL: 0

===========================================================
taskpendcnt:457341
t0:2083 ns
t1:4541 ns
t2:101208 ns
benchmark: Franka-derived Cartesian-impedance kernel, input trace:8, timer period:1.000 ms
controller source: franka_ros2 jazzy@73a1501d, updates:457363, SVD sweeps:5
pose error:[0.010000 0.015000 0.010000 -0.000000 0.049979 -0.000000]
tau[0:6]:[1.376914 -0.104433 0.790225 0.843903 0.642107 -0.956178 0.423547]
kernel exec min/avg/max: 94.50 / 97.32 / 123.08 us, samples:457373
pressure status:1, copy rounds total/window:1939/10, 4.40 rounds/s
pressure logical copy:19390.00 MiB total, approx 43.99 MiB/s, checksum:2582149857280
pressure report window:2.273102 s
t0_region>
[1]:80623
[2]:168452
[3]:139488
[4]:35510
[5]:5994
[6]:3695
[7]:5847
[8]:8178
[9]:4714
[10]:1555
[11]:935
[12]:673
[13]:581
[14]:415
[15]:273
[16]:194
[17]:111
[18]:83
[19]:28
[20]:14
[21]:5
[22]:3
[24]:1
[25]:7
[26]:1
[27]:2
[28]:2
[30]:2
[31]:2
[32]:1
[33]:2
[35]:2
[36]:2
[47]:1
[54]:1

t1_region>
[2]:2791
[3]:26408
[4]:33679
[5]:35446
[6]:66080
[7]:93455
[8]:91445
[9]:50000
[10]:19494
[11]:5997
[12]:2403
[13]:1787
[14]:1683
[15]:2026
[16]:3670
[17]:6173
[18]:5052
[19]:2106
[20]:862
[21]:674
[22]:661
[23]:619
[24]:593
[25]:512
[26]:474
[27]:484
[28]:429
[29]:357
[30]:326
[31]:329
[32]:284
[33]:230
[34]:218
[35]:173
[36]:160
[37]:106
[38]:72
[39]:39
[40]:30
[41]:19
[42]:18
[43]:8
[44]:8
[45]:6
[46]:7
[47]:3
[48]:2
[49]:2
[53]:1
[54]:1
[55]:1
[56]:1
[58]:3
[59]:3
[61]:2
[64]:3
[65]:2
[68]:3
[69]:3
[70]:1
[72]:2
[74]:1

t2_region>
[97]:332
[98]:7406
[99]:10992
[100]:23787
[101]:32536
[102]:40971
[103]:54694
[104]:69695
[105]:78328
[106]:52440
[107]:22063
[108]:11694
[109]:10128
[110]:7894
[111]:4406
[112]:2416
[113]:2334
[114]:3783
[115]:4740
[116]:3752
[117]:1890
[118]:1212
[119]:1308
[120]:1022
[121]:770
[122]:606
[123]:540
[124]:517
[125]:490
[126]:436
[127]:408
[128]:419
[129]:386
[130]:352
[131]:355
[132]:291
[133]:319
[134]:275
[135]:233
[136]:199
[137]:181
[138]:142
[139]:125
[140]:114
[141]:85
[142]:72
[143]:58
[144]:53
[145]:57
[146]:34
[147]:28
[148]:24
[149]:16
[150]:14
[151]:8
[152]:6
[153]:7
[154]:5
[156]:2
[157]:1
[159]:1
[160]:2
[161]:3
[163]:2
[165]:1
[166]:2
[167]:2
[168]:2
[170]:2
[172]:2
[173]:3
[174]:2
[175]:1
[177]:1
[179]:1
[180]:1
[182]:1
[186]:1

t0_min: 1.08 us, round:1998
t0_max: 54.29 us, round:302719
t0_jitter: 53.21 us

t1_min: 2.67 us, round:2027
t1_max: 74.13 us, round:302719
t1_jitter: 71.46 us

t2_min: 97.29 us, round:6326
t2_max: 186.38 us, round:302721
t2_jitter: 89.08 us

PMU diff samples: 457572
AVG DIFF LL_CACHE_RD: 98.99
AVG DIFF LL_CACHE_MISS_RD: 42.50
AVG DIFF L2D_CACHE_REFILL: 42.62
AVG DIFF L2D_CACHE_INVAL: 0.00
[cur diff] DIFF LL_CACHE_RD: 8, DIFF LL_CACHE_MISS_RD: 6, MISS_RATE: 75.00%
[cur diff] DIFF L2D_CACHE_REFILL: 3
[cur diff] DIFF L2D_CACHE_INVAL: 0
[max diff] DIFF LL_CACHE_RD: 175, DIFF LL_CACHE_MISS_RD: 135, MISS_RATE: 77.14%
[max diff] DIFF L2D_CACHE_REFILL: 135
[max diff] DIFF L2D_CACHE_INVAL: 0

===========================================================
taskpendcnt:459614
t0:3583 ns
t1:5166 ns
t2:101833 ns
benchmark: Franka-derived Cartesian-impedance kernel, input trace:8, timer period:1.000 ms
controller source: franka_ros2 jazzy@73a1501d, updates:459636, SVD sweeps:5
pose error:[0.010000 0.015000 0.010000 -0.000000 0.049979 -0.000000]
tau[0:6]:[-0.567483 -0.552304 -0.482512 -0.231067 -0.297494 -0.656094 -0.085004]
kernel exec min/avg/max: 94.50 / 97.32 / 123.08 us, samples:459646
pressure status:1, copy rounds total/window:1949/10, 4.40 rounds/s
pressure logical copy:19490.00 MiB total, approx 43.99 MiB/s, checksum:2595466772480
pressure report window:2.273455 s
t0_region>
[1]:80990
[2]:169340
[3]:140168
[4]:35714
[5]:6032
[6]:3706
[7]:5865
[8]:8223
[9]:4730
[10]:1561
[11]:935
[12]:673
[13]:581
[14]:415
[15]:273
[16]:194
[17]:111
[18]:83
[19]:28
[20]:14
[21]:5
[22]:3
[24]:1
[25]:7
[26]:1
[27]:2
[28]:2
[30]:2
[31]:2
[32]:1
[33]:2
[35]:2
[36]:2
[47]:1
[54]:1

t1_region>
[2]:2807
[3]:26526
[4]:33825
[5]:35626
[6]:66419
[7]:93959
[8]:91903
[9]:50238
[10]:19596
[11]:6044
[12]:2417
[13]:1798
[14]:1693
[15]:2032
[16]:3688
[17]:6207
[18]:5074
[19]:2117
[20]:862
[21]:674
[22]:661
[23]:619
[24]:593
[25]:512
[26]:474
[27]:484
[28]:429
[29]:357
[30]:326
[31]:329
[32]:284
[33]:230
[34]:218
[35]:173
[36]:160
[37]:106
[38]:72
[39]:39
[40]:30
[41]:19
[42]:18
[43]:8
[44]:8
[45]:6
[46]:7
[47]:3
[48]:2
[49]:2
[53]:1
[54]:1
[55]:1
[56]:1
[58]:3
[59]:3
[61]:2
[64]:3
[65]:2
[68]:3
[69]:3
[70]:1
[72]:2
[74]:1

t2_region>
[97]:332
[98]:7423
[99]:11040
[100]:23897
[101]:32706
[102]:41181
[103]:55005
[104]:70073
[105]:78697
[106]:52677
[107]:22182
[108]:11766
[109]:10180
[110]:7943
[111]:4433
[112]:2431
[113]:2340
[114]:3802
[115]:4765
[116]:3766
[117]:1900
[118]:1215
[119]:1314
[120]:1028
[121]:771
[122]:606
[123]:540
[124]:517
[125]:490
[126]:436
[127]:408
[128]:419
[129]:386
[130]:352
[131]:355
[132]:291
[133]:319
[134]:275
[135]:233
[136]:199
[137]:181
[138]:142
[139]:125
[140]:114
[141]:85
[142]:72
[143]:58
[144]:53
[145]:57
[146]:34
[147]:28
[148]:24
[149]:16
[150]:14
[151]:8
[152]:6
[153]:7
[154]:5
[156]:2
[157]:1
[159]:1
[160]:2
[161]:3
[163]:2
[165]:1
[166]:2
[167]:2
[168]:2
[170]:2
[172]:2
[173]:3
[174]:2
[175]:1
[177]:1
[179]:1
[180]:1
[182]:1
[186]:1

t0_min: 1.08 us, round:1998
t0_max: 54.29 us, round:302719
t0_jitter: 53.21 us

t1_min: 2.67 us, round:2027
t1_max: 74.13 us, round:302719
t1_jitter: 71.46 us

t2_min: 97.29 us, round:6326
t2_max: 186.38 us, round:302721
t2_jitter: 89.08 us

PMU diff samples: 459845
AVG DIFF LL_CACHE_RD: 98.99
AVG DIFF LL_CACHE_MISS_RD: 42.50
AVG DIFF L2D_CACHE_REFILL: 42.62
AVG DIFF L2D_CACHE_INVAL: 0.00
[cur diff] DIFF LL_CACHE_RD: 10, DIFF LL_CACHE_MISS_RD: 7, MISS_RATE: 70.00%
[cur diff] DIFF L2D_CACHE_REFILL: 4
[cur diff] DIFF L2D_CACHE_INVAL: 0
[max diff] DIFF LL_CACHE_RD: 175, DIFF LL_CACHE_MISS_RD: 135, MISS_RATE: 77.14%
[max diff] DIFF L2D_CACHE_REFILL: 135
[max diff] DIFF L2D_CACHE_INVAL: 0

===========================================================
taskpendcnt:461888
t0:3458 ns
t1:4166 ns
t2:101125 ns
benchmark: Franka-derived Cartesian-impedance kernel, input trace:8, timer period:1.000 ms
controller source: franka_ros2 jazzy@73a1501d, updates:461910, SVD sweeps:5
pose error:[0.010000 0.015000 0.010000 -0.000000 0.049979 -0.000000]
tau[0:6]:[-2.379368 -1.292411 -1.655224 -1.570015 -1.185234 -0.066588 -0.610247]
kernel exec min/avg/max: 94.50 / 97.32 / 123.08 us, samples:461920
pressure status:1, copy rounds total/window:1958/9, 3.96 rounds/s
pressure logical copy:19580.00 MiB total, approx 39.58 MiB/s, checksum:2607451996160
pressure report window:2.274004 s
t0_region>
[1]:81382
[2]:170212
[3]:140869
[4]:35899
[5]:6056
[6]:3721
[7]:5888
[8]:8265
[9]:4750
[10]:1561
[11]:935
[12]:673
[13]:581
[14]:415
[15]:273
[16]:194
[17]:111
[18]:83
[19]:28
[20]:14
[21]:5
[22]:3
[24]:1
[25]:7
[26]:1
[27]:2
[28]:2
[30]:2
[31]:2
[32]:1
[33]:2
[35]:2
[36]:2
[47]:1
[54]:1

t1_region>
[2]:2819
[3]:26640
[4]:33989
[5]:35810
[6]:66760
[7]:94458
[8]:92378
[9]:50481
[10]:19691
[11]:6078
[12]:2432
[13]:1799
[14]:1694
[15]:2042
[16]:3710
[17]:6241
[18]:5095
[19]:2123
[20]:863
[21]:674
[22]:661
[23]:620
[24]:593
[25]:512
[26]:474
[27]:484
[28]:429
[29]:357
[30]:326
[31]:329
[32]:284
[33]:230
[34]:218
[35]:173
[36]:160
[37]:106
[38]:72
[39]:39
[40]:30
[41]:19
[42]:18
[43]:8
[44]:8
[45]:6
[46]:7
[47]:3
[48]:2
[49]:2
[53]:1
[54]:1
[55]:1
[56]:1
[58]:3
[59]:3
[61]:2
[64]:3
[65]:2
[68]:3
[69]:3
[70]:1
[72]:2
[74]:1

t2_region>
[97]:332
[98]:7437
[99]:11085
[100]:24018
[101]:32889
[102]:41390
[103]:55268
[104]:70437
[105]:79131
[106]:52933
[107]:22288
[108]:11819
[109]:10225
[110]:7986
[111]:4454
[112]:2446
[113]:2361
[114]:3825
[115]:4792
[116]:3786
[117]:1906
[118]:1217
[119]:1315
[120]:1028
[121]:773
[122]:606
[123]:540
[124]:517
[125]:490
[126]:436
[127]:408
[128]:419
[129]:386
[130]:352
[131]:355
[132]:291
[133]:319
[134]:275
[135]:233
[136]:199
[137]:181
[138]:142
[139]:125
[140]:114
[141]:85
[142]:72
[143]:58
[144]:53
[145]:57
[146]:34
[147]:28
[148]:24
[149]:16
[150]:14
[151]:8
[152]:6
[153]:7
[154]:5
[156]:2
[157]:1
[159]:1
[160]:2
[161]:3
[163]:2
[165]:1
[166]:2
[167]:2
[168]:2
[170]:2
[172]:2
[173]:3
[174]:2
[175]:1
[177]:1
[179]:1
[180]:1
[182]:1
[186]:1

t0_min: 1.08 us, round:1998
t0_max: 54.29 us, round:302719
t0_jitter: 53.21 us

t1_min: 2.67 us, round:2027
t1_max: 74.13 us, round:302719
t1_jitter: 71.46 us

t2_min: 97.29 us, round:6326
t2_max: 186.38 us, round:302721
t2_jitter: 89.08 us

PMU diff samples: 462119
AVG DIFF LL_CACHE_RD: 98.99
AVG DIFF LL_CACHE_MISS_RD: 42.50
AVG DIFF L2D_CACHE_REFILL: 42.62
AVG DIFF L2D_CACHE_INVAL: 0.00
[cur diff] DIFF LL_CACHE_RD: 5, DIFF LL_CACHE_MISS_RD: 5, MISS_RATE: 100.00%
[cur diff] DIFF L2D_CACHE_REFILL: 1
[cur diff] DIFF L2D_CACHE_INVAL: 0
[max diff] DIFF LL_CACHE_RD: 175, DIFF LL_CACHE_MISS_RD: 135, MISS_RATE: 77.14%
[max diff] DIFF L2D_CACHE_REFILL: 135
[max diff] DIFF L2D_CACHE_INVAL: 0

===========================================================
taskpendcnt:464162
t0:3041 ns
t1:4625 ns
t2:100416 ns
benchmark: Franka-derived Cartesian-impedance kernel, input trace:8, timer period:1.000 ms
controller source: franka_ros2 jazzy@73a1501d, updates:464184, SVD sweeps:5
pose error:[0.010000 0.015000 0.010000 -0.000000 0.049979 -0.000000]
tau[0:6]:[-0.274004 -0.324180 0.001577 -0.231466 0.050986 -0.328952 0.010844]
kernel exec min/avg/max: 94.50 / 97.32 / 123.08 us, samples:464194
pressure status:1, copy rounds total/window:1968/10, 4.40 rounds/s
pressure logical copy:19680.00 MiB total, approx 43.98 MiB/s, checksum:2620768911360
pressure report window:2.273718 s
t0_region>
[1]:81744
[2]:171083
[3]:141605
[4]:36102
[5]:6077
[6]:3737
[7]:5904
[8]:8298
[9]:4763
[10]:1563
[11]:935
[12]:673
[13]:581
[14]:415
[15]:273
[16]:194
[17]:111
[18]:83
[19]:28
[20]:14
[21]:5
[22]:3
[24]:1
[25]:7
[26]:1
[27]:2
[28]:2
[30]:2
[31]:2
[32]:1
[33]:2
[35]:2
[36]:2
[47]:1
[54]:1

t1_region>
[2]:2831
[3]:26749
[4]:34153
[5]:35992
[6]:67078
[7]:94971
[8]:92892
[9]:50725
[10]:19787
[11]:6111
[12]:2438
[13]:1804
[14]:1703
[15]:2048
[16]:3724
[17]:6265
[18]:5116
[19]:2126
[20]:864
[21]:674
[22]:661
[23]:620
[24]:593
[25]:512
[26]:474
[27]:484
[28]:429
[29]:357
[30]:326
[31]:329
[32]:284
[33]:230
[34]:218
[35]:173
[36]:160
[37]:106
[38]:72
[39]:39
[40]:30
[41]:19
[42]:18
[43]:8
[44]:8
[45]:6
[46]:7
[47]:3
[48]:2
[49]:2
[53]:1
[54]:1
[55]:1
[56]:1
[58]:3
[59]:3
[61]:2
[64]:3
[65]:2
[68]:3
[69]:3
[70]:1
[72]:2
[74]:1

t2_region>
[97]:332
[98]:7456
[99]:11133
[100]:24131
[101]:33055
[102]:41562
[103]:55550
[104]:70844
[105]:79556
[106]:53221
[107]:22397
[108]:11880
[109]:10273
[110]:8023
[111]:4473
[112]:2459
[113]:2368
[114]:3840
[115]:4808
[116]:3803
[117]:1910
[118]:1218
[119]:1317
[120]:1032
[121]:774
[122]:606
[123]:540
[124]:517
[125]:490
[126]:436
[127]:408
[128]:419
[129]:386
[130]:352
[131]:355
[132]:291
[133]:319
[134]:275
[135]:233
[136]:199
[137]:181
[138]:142
[139]:125
[140]:114
[141]:85
[142]:72
[143]:58
[144]:53
[145]:57
[146]:34
[147]:28
[148]:24
[149]:16
[150]:14
[151]:8
[152]:6
[153]:7
[154]:5
[156]:2
[157]:1
[159]:1
[160]:2
[161]:3
[163]:2
[165]:1
[166]:2
[167]:2
[168]:2
[170]:2
[172]:2
[173]:3
[174]:2
[175]:1
[177]:1
[179]:1
[180]:1
[182]:1
[186]:1

t0_min: 1.08 us, round:1998
t0_max: 54.29 us, round:302719
t0_jitter: 53.21 us

t1_min: 2.67 us, round:2027
t1_max: 74.13 us, round:302719
t1_jitter: 71.46 us

t2_min: 97.29 us, round:6326
t2_max: 186.38 us, round:302721
t2_jitter: 89.08 us

PMU diff samples: 464393
AVG DIFF LL_CACHE_RD: 98.99
AVG DIFF LL_CACHE_MISS_RD: 42.50
AVG DIFF L2D_CACHE_REFILL: 42.62
AVG DIFF L2D_CACHE_INVAL: 0.00
[cur diff] DIFF LL_CACHE_RD: 14, DIFF LL_CACHE_MISS_RD: 12, MISS_RATE: 85.71%
[cur diff] DIFF L2D_CACHE_REFILL: 3
[cur diff] DIFF L2D_CACHE_INVAL: 0
[max diff] DIFF LL_CACHE_RD: 175, DIFF LL_CACHE_MISS_RD: 135, MISS_RATE: 77.14%
[max diff] DIFF L2D_CACHE_REFILL: 135
[max diff] DIFF L2D_CACHE_INVAL: 0

===========================================================
taskpendcnt:466436
t0:2333 ns
t1:4500 ns
t2:102041 ns
benchmark: Franka-derived Cartesian-impedance kernel, input trace:8, timer period:1.000 ms
controller source: franka_ros2 jazzy@73a1501d, updates:466458, SVD sweeps:5
pose error:[0.010000 0.015000 0.010000 -0.000000 0.049979 -0.000000]
tau[0:6]:[1.228026 0.081850 0.819520 0.875435 0.745706 -0.833381 0.398995]
kernel exec min/avg/max: 94.50 / 97.32 / 123.08 us, samples:466468
pressure status:1, copy rounds total/window:1977/9, 3.96 rounds/s
pressure logical copy:19770.00 MiB total, approx 39.58 MiB/s, checksum:2632754135040
pressure report window:2.273709 s
t0_region>
[1]:82135
[2]:171989
[3]:142314
[4]:36259
[5]:6094
[6]:3746
[7]:5936
[8]:8336
[9]:4774
[10]:1567
[11]:935
[12]:673
[13]:581
[14]:415
[15]:273
[16]:194
[17]:111
[18]:83
[19]:28
[20]:14
[21]:5
[22]:3
[24]:1
[25]:7
[26]:1
[27]:2
[28]:2
[30]:2
[31]:2
[32]:1
[33]:2
[35]:2
[36]:2
[47]:1
[54]:1

t1_region>
[2]:2847
[3]:26852
[4]:34332
[5]:36181
[6]:67447
[7]:95464
[8]:93400
[9]:50955
[10]:19849
[11]:6131
[12]:2445
[13]:1811
[14]:1703
[15]:2055
[16]:3744
[17]:6303
[18]:5137
[19]:2130
[20]:864
[21]:674
[22]:661
[23]:621
[24]:593
[25]:512
[26]:474
[27]:484
[28]:429
[29]:357
[30]:326
[31]:329
[32]:284
[33]:230
[34]:218
[35]:173
[36]:160
[37]:106
[38]:72
[39]:39
[40]:30
[41]:19
[42]:18
[43]:8
[44]:8
[45]:6
[46]:7
[47]:3
[48]:2
[49]:2
[53]:1
[54]:1
[55]:1
[56]:1
[58]:3
[59]:3
[61]:2
[64]:3
[65]:2
[68]:3
[69]:3
[70]:1
[72]:2
[74]:1

t2_region>
[97]:332
[98]:7474
[99]:11187
[100]:24248
[101]:33224
[102]:41773
[103]:55834
[104]:71233
[105]:79987
[106]:53480
[107]:22492
[108]:11942
[109]:10320
[110]:8048
[111]:4487
[112]:2464
[113]:2382
[114]:3859
[115]:4836
[116]:3818
[117]:1913
[118]:1223
[119]:1324
[120]:1033
[121]:775
[122]:606
[123]:540
[124]:517
[125]:490
[126]:436
[127]:408
[128]:419
[129]:386
[130]:352
[131]:355
[132]:291
[133]:319
[134]:275
[135]:233
[136]:199
[137]:181
[138]:142
[139]:125
[140]:114
[141]:85
[142]:72
[143]:58
[144]:53
[145]:57
[146]:34
[147]:28
[148]:24
[149]:16
[150]:14
[151]:8
[152]:6
[153]:7
[154]:5
[156]:2
[157]:1
[159]:1
[160]:2
[161]:3
[163]:2
[165]:1
[166]:2
[167]:2
[168]:2
[170]:2
[172]:2
[173]:3
[174]:2
[175]:1
[177]:1
[179]:1
[180]:1
[182]:1
[186]:1

t0_min: 1.08 us, round:1998
t0_max: 54.29 us, round:302719
t0_jitter: 53.21 us

t1_min: 2.67 us, round:2027
t1_max: 74.13 us, round:302719
t1_jitter: 71.46 us

t2_min: 97.29 us, round:6326
t2_max: 186.38 us, round:302721
t2_jitter: 89.08 us

PMU diff samples: 466667
AVG DIFF LL_CACHE_RD: 98.98
AVG DIFF LL_CACHE_MISS_RD: 42.49
AVG DIFF L2D_CACHE_REFILL: 42.61
AVG DIFF L2D_CACHE_INVAL: 0.00
[cur diff] DIFF LL_CACHE_RD: 10, DIFF LL_CACHE_MISS_RD: 5, MISS_RATE: 50.00%
[cur diff] DIFF L2D_CACHE_REFILL: 0
[cur diff] DIFF L2D_CACHE_INVAL: 0
[max diff] DIFF LL_CACHE_RD: 175, DIFF LL_CACHE_MISS_RD: 135, MISS_RATE: 77.14%
[max diff] DIFF L2D_CACHE_REFILL: 135
[max diff] DIFF L2D_CACHE_INVAL: 0

===========================================================
taskpendcnt:468709
t0:2375 ns
t1:5708 ns
t2:101208 ns
benchmark: Franka-derived Cartesian-impedance kernel, input trace:8, timer period:1.000 ms
controller source: franka_ros2 jazzy@73a1501d, updates:468731, SVD sweeps:5
pose error:[0.010000 0.015000 0.010000 -0.000000 0.049979 -0.000000]
tau[0:6]:[1.376914 -0.104433 0.790225 0.843903 0.642107 -0.956178 0.423547]
kernel exec min/avg/max: 94.50 / 97.32 / 123.08 us, samples:468741
pressure status:1, copy rounds total/window:1987/10, 4.40 rounds/s
pressure logical copy:19870.00 MiB total, approx 43.99 MiB/s, checksum:2646071050240
pressure report window:2.273076 s
t0_region>
[1]:82504
[2]:172888
[3]:143042
[4]:36426
[5]:6111
[6]:3755
[7]:5958
[8]:8374
[9]:4794
[10]:1571
[11]:935
[12]:673
[13]:581
[14]:415
[15]:273
[16]:194
[17]:111
[18]:83
[19]:28
[20]:14
[21]:5
[22]:3
[24]:1
[25]:7
[26]:1
[27]:2
[28]:2
[30]:2
[31]:2
[32]:1
[33]:2
[35]:2
[36]:2
[47]:1
[54]:1

t1_region>
[2]:2864
[3]:26956
[4]:34489
[5]:36373
[6]:67803
[7]:95963
[8]:93855
[9]:51213
[10]:19954
[11]:6158
[12]:2449
[13]:1820
[14]:1706
[15]:2059
[16]:3765
[17]:6329
[18]:5162
[19]:2139
[20]:866
[21]:674
[22]:661
[23]:621
[24]:593
[25]:512
[26]:474
[27]:484
[28]:429
[29]:357
[30]:326
[31]:329
[32]:284
[33]:230
[34]:218
[35]:173
[36]:160
[37]:106
[38]:72
[39]:39
[40]:30
[41]:19
[42]:18
[43]:8
[44]:8
[45]:6
[46]:7
[47]:3
[48]:2
[49]:2
[53]:1
[54]:1
[55]:1
[56]:1
[58]:3
[59]:3
[61]:2
[64]:3
[65]:2
[68]:3
[69]:3
[70]:1
[72]:2
[74]:1

t2_region>
[97]:332
[98]:7490
[99]:11230
[100]:24362
[101]:33401
[102]:41988
[103]:56125
[104]:71583
[105]:80374
[106]:53755
[107]:22611
[108]:12001
[109]:10383
[110]:8091
[111]:4514
[112]:2473
[113]:2391
[114]:3876
[115]:4860
[116]:3827
[117]:1919
[118]:1229
[119]:1330
[120]:1035
[121]:779
[122]:609
[123]:540
[124]:517
[125]:490
[126]:436
[127]:408
[128]:419
[129]:386
[130]:352
[131]:355
[132]:291
[133]:319
[134]:275
[135]:233
[136]:199
[137]:181
[138]:142
[139]:125
[140]:114
[141]:85
[142]:72
[143]:58
[144]:53
[145]:57
[146]:34
[147]:28
[148]:24
[149]:16
[150]:14
[151]:8
[152]:6
[153]:7
[154]:5
[156]:2
[157]:1
[159]:1
[160]:2
[161]:3
[163]:2
[165]:1
[166]:2
[167]:2
[168]:2
[170]:2
[172]:2
[173]:3
[174]:2
[175]:1
[177]:1
[179]:1
[180]:1
[182]:1
[186]:1

t0_min: 1.08 us, round:1998
t0_max: 54.29 us, round:302719
t0_jitter: 53.21 us

t1_min: 2.67 us, round:2027
t1_max: 74.13 us, round:302719
t1_jitter: 71.46 us

t2_min: 97.29 us, round:6326
t2_max: 186.38 us, round:302721
t2_jitter: 89.08 us

PMU diff samples: 468940
AVG DIFF LL_CACHE_RD: 98.98
AVG DIFF LL_CACHE_MISS_RD: 42.49
AVG DIFF L2D_CACHE_REFILL: 42.61
AVG DIFF L2D_CACHE_INVAL: 0.00
[cur diff] DIFF LL_CACHE_RD: 2, DIFF LL_CACHE_MISS_RD: 1, MISS_RATE: 50.00%
[cur diff] DIFF L2D_CACHE_REFILL: 3
[cur diff] DIFF L2D_CACHE_INVAL: 0
[max diff] DIFF LL_CACHE_RD: 175, DIFF LL_CACHE_MISS_RD: 135, MISS_RATE: 77.14%
[max diff] DIFF L2D_CACHE_REFILL: 135
[max diff] DIFF L2D_CACHE_INVAL: 0

===========================================================
taskpendcnt:470982
t0:2125 ns
t1:6333 ns
t2:101541 ns
benchmark: Franka-derived Cartesian-impedance kernel, input trace:8, timer period:1.000 ms
controller source: franka_ros2 jazzy@73a1501d, updates:471004, SVD sweeps:5
pose error:[0.010000 0.015000 0.010000 -0.000000 0.049979 -0.000000]
tau[0:6]:[-0.567483 -0.552304 -0.482512 -0.231067 -0.297494 -0.656094 -0.085004]
kernel exec min/avg/max: 94.50 / 97.32 / 123.08 us, samples:471014
pressure status:1, copy rounds total/window:1997/10, 4.40 rounds/s
pressure logical copy:19970.00 MiB total, approx 43.99 MiB/s, checksum:2659387965440
pressure report window:2.273439 s
t0_region>
[1]:82868
[2]:173831
[3]:143758
[4]:36577
[5]:6125
[6]:3764
[7]:5983
[8]:8408
[9]:4811
[10]:1572
[11]:935
[12]:673
[13]:581
[14]:415
[15]:273
[16]:194
[17]:111
[18]:83
[19]:28
[20]:14
[21]:5
[22]:3
[24]:1
[25]:7
[26]:1
[27]:2
[28]:2
[30]:2
[31]:2
[32]:1
[33]:2
[35]:2
[36]:2
[47]:1
[54]:1

t1_region>
[2]:2878
[3]:27061
[4]:34642
[5]:36545
[6]:68190
[7]:96491
[8]:94308
[9]:51471
[10]:20037
[11]:6179
[12]:2459
[13]:1825
[14]:1711
[15]:2074
[16]:3777
[17]:6356
[18]:5181
[19]:2146
[20]:866
[21]:674
[22]:661
[23]:621
[24]:593
[25]:512
[26]:474
[27]:484
[28]:429
[29]:357
[30]:326
[31]:329
[32]:284
[33]:230
[34]:218
[35]:173
[36]:160
[37]:106
[38]:72
[39]:39
[40]:30
[41]:19
[42]:18
[43]:8
[44]:8
[45]:6
[46]:7
[47]:3
[48]:2
[49]:2
[53]:1
[54]:1
[55]:1
[56]:1
[58]:3
[59]:3
[61]:2
[64]:3
[65]:2
[68]:3
[69]:3
[70]:1
[72]:2
[74]:1

t2_region>
[97]:332
[98]:7507
[99]:11272
[100]:24471
[101]:33571
[102]:42200
[103]:56453
[104]:71958
[105]:80788
[106]:53996
[107]:22715
[108]:12063
[109]:10435
[110]:8127
[111]:4530
[112]:2483
[113]:2409
[114]:3889
[115]:4884
[116]:3842
[117]:1925
[118]:1230
[119]:1333
[120]:1039
[121]:779
[122]:609
[123]:540
[124]:517
[125]:490
[126]:436
[127]:408
[128]:419
[129]:386
[130]:352
[131]:355
[132]:291
[133]:319
[134]:275
[135]:233
[136]:199
[137]:181
[138]:142
[139]:125
[140]:114
[141]:85
[142]:72
[143]:58
[144]:53
[145]:57
[146]:34
[147]:28
[148]:24
[149]:16
[150]:14
[151]:8
[152]:6
[153]:7
[154]:5
[156]:2
[157]:1
[159]:1
[160]:2
[161]:3
[163]:2
[165]:1
[166]:2
[167]:2
[168]:2
[170]:2
[172]:2
[173]:3
[174]:2
[175]:1
[177]:1
[179]:1
[180]:1
[182]:1
[186]:1

t0_min: 1.08 us, round:1998
t0_max: 54.29 us, round:302719
t0_jitter: 53.21 us

t1_min: 2.67 us, round:2027
t1_max: 74.13 us, round:302719
t1_jitter: 71.46 us

t2_min: 97.29 us, round:6326
t2_max: 186.38 us, round:302721
t2_jitter: 89.08 us

PMU diff samples: 471213
AVG DIFF LL_CACHE_RD: 98.98
AVG DIFF LL_CACHE_MISS_RD: 42.49
AVG DIFF L2D_CACHE_REFILL: 42.61
AVG DIFF L2D_CACHE_INVAL: 0.00
[cur diff] DIFF LL_CACHE_RD: 8, DIFF LL_CACHE_MISS_RD: 6, MISS_RATE: 75.00%
[cur diff] DIFF L2D_CACHE_REFILL: 4
[cur diff] DIFF L2D_CACHE_INVAL: 0
[max diff] DIFF LL_CACHE_RD: 175, DIFF LL_CACHE_MISS_RD: 135, MISS_RATE: 77.14%
[max diff] DIFF L2D_CACHE_REFILL: 135
[max diff] DIFF L2D_CACHE_INVAL: 0

===========================================================
taskpendcnt:473256
t0:2583 ns
t1:4750 ns
t2:102000 ns
benchmark: Franka-derived Cartesian-impedance kernel, input trace:8, timer period:1.000 ms
controller source: franka_ros2 jazzy@73a1501d, updates:473278, SVD sweeps:5
pose error:[0.010000 0.015000 0.010000 -0.000000 0.049979 -0.000000]
tau[0:6]:[-2.379368 -1.292411 -1.655224 -1.570015 -1.185234 -0.066588 -0.610247]
kernel exec min/avg/max: 94.50 / 97.32 / 123.08 us, samples:473288
pressure status:1, copy rounds total/window:2006/9, 3.96 rounds/s
pressure logical copy:20060.00 MiB total, approx 39.58 MiB/s, checksum:2671373189120
pressure report window:2.273995 s
t0_region>
[1]:83232
[2]:174712
[3]:144523
[4]:36733
[5]:6140
[6]:3774
[7]:6009
[8]:8441
[9]:4832
[10]:1574
[11]:935
[12]:673
[13]:581
[14]:415
[15]:273
[16]:194
[17]:111
[18]:83
[19]:28
[20]:14
[21]:5
[22]:3
[24]:1
[25]:7
[26]:1
[27]:2
[28]:2
[30]:2
[31]:2
[32]:1
[33]:2
[35]:2
[36]:2
[47]:1
[54]:1

t1_region>
[2]:2886
[3]:27177
[4]:34798
[5]:36723
[6]:68542
[7]:96963
[8]:94794
[9]:51766
[10]:20122
[11]:6201
[12]:2465
[13]:1832
[14]:1713
[15]:2082
[16]:3790
[17]:6388
[18]:5203
[19]:2158
[20]:868
[21]:674
[22]:661
[23]:621
[24]:593
[25]:512
[26]:474
[27]:484
[28]:429
[29]:357
[30]:326
[31]:329
[32]:284
[33]:230
[34]:218
[35]:173
[36]:160
[37]:106
[38]:72
[39]:39
[40]:30
[41]:19
[42]:18
[43]:8
[44]:8
[45]:6
[46]:7
[47]:3
[48]:2
[49]:2
[53]:1
[54]:1
[55]:1
[56]:1
[58]:3
[59]:3
[61]:2
[64]:3
[65]:2
[68]:3
[69]:3
[70]:1
[72]:2
[74]:1

t2_region>
[97]:332
[98]:7517
[99]:11318
[100]:24602
[101]:33720
[102]:42425
[103]:56714
[104]:72306
[105]:81226
[106]:54304
[107]:22828
[108]:12126
[109]:10481
[110]:8151
[111]:4543
[112]:2494
[113]:2417
[114]:3911
[115]:4906
[116]:3858
[117]:1933
[118]:1237
[119]:1334
[120]:1042
[121]:781
[122]:609
[123]:540
[124]:517
[125]:490
[126]:436
[127]:408
[128]:419
[129]:386
[130]:352
[131]:355
[132]:291
[133]:319
[134]:275
[135]:233
[136]:199
[137]:181
[138]:142
[139]:125
[140]:114
[141]:85
[142]:72
[143]:58
[144]:53
[145]:57
[146]:34
[147]:28
[148]:24
[149]:16
[150]:14
[151]:8
[152]:6
[153]:7
[154]:5
[156]:2
[157]:1
[159]:1
[160]:2
[161]:3
[163]:2
[165]:1
[166]:2
[167]:2
[168]:2
[170]:2
[172]:2
[173]:3
[174]:2
[175]:1
[177]:1
[179]:1
[180]:1
[182]:1
[186]:1

t0_min: 1.08 us, round:1998
t0_max: 54.29 us, round:302719
t0_jitter: 53.21 us

t1_min: 2.67 us, round:2027
t1_max: 74.13 us, round:302719
t1_jitter: 71.46 us

t2_min: 97.29 us, round:6326
t2_max: 186.38 us, round:302721
t2_jitter: 89.08 us

PMU diff samples: 473487
AVG DIFF LL_CACHE_RD: 98.98
AVG DIFF LL_CACHE_MISS_RD: 42.49
AVG DIFF L2D_CACHE_REFILL: 42.61
AVG DIFF L2D_CACHE_INVAL: 0.00
[cur diff] DIFF LL_CACHE_RD: 8, DIFF LL_CACHE_MISS_RD: 7, MISS_RATE: 87.50%
[cur diff] DIFF L2D_CACHE_REFILL: 3
[cur diff] DIFF L2D_CACHE_INVAL: 0
[max diff] DIFF LL_CACHE_RD: 175, DIFF LL_CACHE_MISS_RD: 135, MISS_RATE: 77.14%
[max diff] DIFF L2D_CACHE_REFILL: 135
[max diff] DIFF L2D_CACHE_INVAL: 0

===========================================================
taskpendcnt:475530
t0:3333 ns
t1:5500 ns
t2:102458 ns
benchmark: Franka-derived Cartesian-impedance kernel, input trace:8, timer period:1.000 ms
controller source: franka_ros2 jazzy@73a1501d, updates:475552, SVD sweeps:5
pose error:[0.010000 0.015000 0.010000 -0.000000 0.049979 -0.000000]
tau[0:6]:[-0.274004 -0.324180 0.001577 -0.231466 0.050986 -0.328952 0.010844]
kernel exec min/avg/max: 94.50 / 97.32 / 123.08 us, samples:475562
pressure status:1, copy rounds total/window:2016/10, 4.40 rounds/s
pressure logical copy:20160.00 MiB total, approx 43.98 MiB/s, checksum:2684690104320
pressure report window:2.273744 s
t0_region>
[1]:83616
[2]:175591
[3]:145248
[4]:36921
[5]:6162
[6]:3783
[7]:6024
[8]:8475
[9]:4849
[10]:1576
[11]:935
[12]:673
[13]:581
[14]:415
[15]:273
[16]:194
[17]:111
[18]:83
[19]:28
[20]:14
[21]:5
[22]:3
[24]:1
[25]:7
[26]:1
[27]:2
[28]:2
[30]:2
[31]:2
[32]:1
[33]:2
[35]:2
[36]:2
[47]:1
[54]:1

t1_region>
[2]:2897
[3]:27292
[4]:34949
[5]:36921
[6]:68881
[7]:97454
[8]:95267
[9]:52055
[10]:20204
[11]:6229
[12]:2474
[13]:1839
[14]:1716
[15]:2093
[16]:3802
[17]:6410
[18]:5230
[19]:2162
[20]:869
[21]:674
[22]:661
[23]:621
[24]:593
[25]:512
[26]:474
[27]:484
[28]:429
[29]:357
[30]:326
[31]:329
[32]:284
[33]:230
[34]:218
[35]:173
[36]:160
[37]:106
[38]:72
[39]:39
[40]:30
[41]:19
[42]:18
[43]:8
[44]:8
[45]:6
[46]:7
[47]:3
[48]:2
[49]:2
[53]:1
[54]:1
[55]:1
[56]:1
[58]:3
[59]:3
[61]:2
[64]:3
[65]:2
[68]:3
[69]:3
[70]:1
[72]:2
[74]:1

t2_region>
[97]:332
[98]:7527
[99]:11367
[100]:24722
[101]:33893
[102]:42633
[103]:56991
[104]:72672
[105]:81630
[106]:54582
[107]:22946
[108]:12188
[109]:10548
[110]:8189
[111]:4564
[112]:2502
[113]:2426
[114]:3926
[115]:4921
[116]:3881
[117]:1938
[118]:1240
[119]:1337
[120]:1043
[121]:781
[122]:609
[123]:540
[124]:517
[125]:490
[126]:436
[127]:408
[128]:419
[129]:386
[130]:352
[131]:355
[132]:291
[133]:319
[134]:275
[135]:233
[136]:199
[137]:181
[138]:142
[139]:125
[140]:114
[141]:85
[142]:72
[143]:58
[144]:53
[145]:57
[146]:34
[147]:28
[148]:24
[149]:16
[150]:14
[151]:8
[152]:6
[153]:7
[154]:5
[156]:2
[157]:1
[159]:1
[160]:2
[161]:3
[163]:2
[165]:1
[166]:2
[167]:2
[168]:2
[170]:2
[172]:2
[173]:3
[174]:2
[175]:1
[177]:1
[179]:1
[180]:1
[182]:1
[186]:1

t0_min: 1.08 us, round:1998
t0_max: 54.29 us, round:302719
t0_jitter: 53.21 us

t1_min: 2.67 us, round:2027
t1_max: 74.13 us, round:302719
t1_jitter: 71.46 us

t2_min: 97.29 us, round:6326
t2_max: 186.38 us, round:302721
t2_jitter: 89.08 us

PMU diff samples: 475761
AVG DIFF LL_CACHE_RD: 98.98
AVG DIFF LL_CACHE_MISS_RD: 42.48
AVG DIFF L2D_CACHE_REFILL: 42.61
AVG DIFF L2D_CACHE_INVAL: 0.00
[cur diff] DIFF LL_CACHE_RD: 16, DIFF LL_CACHE_MISS_RD: 9, MISS_RATE: 56.25%
[cur diff] DIFF L2D_CACHE_REFILL: 0
[cur diff] DIFF L2D_CACHE_INVAL: 0
[max diff] DIFF LL_CACHE_RD: 175, DIFF LL_CACHE_MISS_RD: 135, MISS_RATE: 77.14%
[max diff] DIFF L2D_CACHE_REFILL: 135
[max diff] DIFF L2D_CACHE_INVAL: 0

===========================================================
taskpendcnt:477804
t0:3208 ns
t1:4500 ns
t2:102333 ns
benchmark: Franka-derived Cartesian-impedance kernel, input trace:8, timer period:1.000 ms
controller source: franka_ros2 jazzy@73a1501d, updates:477826, SVD sweeps:5
pose error:[0.010000 0.015000 0.010000 -0.000000 0.049979 -0.000000]
tau[0:6]:[1.228026 0.081850 0.819520 0.875435 0.745706 -0.833381 0.398995]
kernel exec min/avg/max: 94.50 / 97.32 / 123.08 us, samples:477836
pressure status:1, copy rounds total/window:2026/10, 4.40 rounds/s
pressure logical copy:20260.00 MiB total, approx 43.98 MiB/s, checksum:2698007019520
pressure report window:2.273746 s
t0_region>
[1]:83989
[2]:176463
[3]:145991
[4]:37101
[5]:6179
[6]:3797
[7]:6046
[8]:8507
[9]:4868
[10]:1578
[11]:935
[12]:673
[13]:581
[14]:415
[15]:273
[16]:194
[17]:111
[18]:83
[19]:28
[20]:14
[21]:5
[22]:3
[24]:1
[25]:7
[26]:1
[27]:2
[28]:2
[30]:2
[31]:2
[32]:1
[33]:2
[35]:2
[36]:2
[47]:1
[54]:1

t1_region>
[2]:2909
[3]:27413
[4]:35088
[5]:37118
[6]:69230
[7]:97973
[8]:95756
[9]:52301
[10]:20278
[11]:6257
[12]:2481
[13]:1845
[14]:1723
[15]:2103
[16]:3814
[17]:6441
[18]:5253
[19]:2165
[20]:870
[21]:674
[22]:661
[23]:621
[24]:593
[25]:512
[26]:474
[27]:484
[28]:429
[29]:357
[30]:326
[31]:329
[32]:284
[33]:230
[34]:218
[35]:173
[36]:160
[37]:106
[38]:72
[39]:39
[40]:30
[41]:19
[42]:18
[43]:8
[44]:8
[45]:6
[46]:7
[47]:3
[48]:2
[49]:2
[53]:1
[54]:1
[55]:1
[56]:1
[58]:3
[59]:3
[61]:2
[64]:3
[65]:2
[68]:3
[69]:3
[70]:1
[72]:2
[74]:1

t2_region>
[97]:332
[98]:7547
[99]:11411
[100]:24811
[101]:34057
[102]:42865
[103]:57277
[104]:73075
[105]:82043
[106]:54845
[107]:23055
[108]:12240
[109]:10585
[110]:8238
[111]:4582
[112]:2517
[113]:2435
[114]:3947
[115]:4935
[116]:3900
[117]:1946
[118]:1242
[119]:1342
[120]:1044
[121]:781
[122]:609
[123]:540
[124]:517
[125]:490
[126]:436
[127]:408
[128]:419
[129]:386
[130]:352
[131]:355
[132]:291
[133]:319
[134]:275
[135]:233
[136]:199
[137]:181
[138]:142
[139]:125
[140]:114
[141]:85
[142]:72
[143]:58
[144]:53
[145]:57
[146]:34
[147]:28
[148]:24
[149]:16
[150]:14
[151]:8
[152]:6
[153]:7
[154]:5
[156]:2
[157]:1
[159]:1
[160]:2
[161]:3
[163]:2
[165]:1
[166]:2
[167]:2
[168]:2
[170]:2
[172]:2
[173]:3
[174]:2
[175]:1
[177]:1
[179]:1
[180]:1
[182]:1
[186]:1

t0_min: 1.08 us, round:1998
t0_max: 54.29 us, round:302719
t0_jitter: 53.21 us

t1_min: 2.67 us, round:2027
t1_max: 74.13 us, round:302719
t1_jitter: 71.46 us

t2_min: 97.29 us, round:6326
t2_max: 186.38 us, round:302721
t2_jitter: 89.08 us

PMU diff samples: 478035
AVG DIFF LL_CACHE_RD: 98.98
AVG DIFF LL_CACHE_MISS_RD: 42.48
AVG DIFF L2D_CACHE_REFILL: 42.60
AVG DIFF L2D_CACHE_INVAL: 0.00
[cur diff] DIFF LL_CACHE_RD: 12, DIFF LL_CACHE_MISS_RD: 9, MISS_RATE: 75.00%
[cur diff] DIFF L2D_CACHE_REFILL: 2
[cur diff] DIFF L2D_CACHE_INVAL: 0
[max diff] DIFF LL_CACHE_RD: 175, DIFF LL_CACHE_MISS_RD: 135, MISS_RATE: 77.14%
[max diff] DIFF L2D_CACHE_REFILL: 135
[max diff] DIFF L2D_CACHE_INVAL: 0

===========================================================
taskpendcnt:480077
t0:2958 ns
t1:4541 ns
t2:101500 ns
benchmark: Franka-derived Cartesian-impedance kernel, input trace:8, timer period:1.000 ms
controller source: franka_ros2 jazzy@73a1501d, updates:480099, SVD sweeps:5
pose error:[0.010000 0.015000 0.010000 -0.000000 0.049979 -0.000000]
tau[0:6]:[1.376914 -0.104433 0.790225 0.843903 0.642107 -0.956178 0.423547]
kernel exec min/avg/max: 94.50 / 97.32 / 123.08 us, samples:480109
pressure status:1, copy rounds total/window:2035/9, 3.96 rounds/s
pressure logical copy:20350.00 MiB total, approx 39.59 MiB/s, checksum:2709992243200
pressure report window:2.273072 s
t0_region>
[1]:84352
[2]:177369
[3]:146736
[4]:37253
[5]:6187
[6]:3807
[7]:6071
[8]:8548
[9]:4888
[10]:1580
[11]:935
[12]:673
[13]:581
[14]:415
[15]:273
[16]:194
[17]:111
[18]:83
[19]:28
[20]:14
[21]:5
[22]:3
[24]:1
[25]:7
[26]:1
[27]:2
[28]:2
[30]:2
[31]:2
[32]:1
[33]:2
[35]:2
[36]:2
[47]:1
[54]:1

t1_region>
[2]:2916
[3]:27520
[4]:35243
[5]:37310
[6]:69601
[7]:98498
[8]:96244
[9]:52534
[10]:20345
[11]:6278
[12]:2487
[13]:1849
[14]:1725
[15]:2112
[16]:3837
[17]:6471
[18]:5279
[19]:2171
[20]:870
[21]:674
[22]:661
[23]:621
[24]:593
[25]:512
[26]:474
[27]:484
[28]:429
[29]:357
[30]:326
[31]:329
[32]:284
[33]:230
[34]:218
[35]:173
[36]:160
[37]:106
[38]:72
[39]:39
[40]:30
[41]:19
[42]:18
[43]:8
[44]:8
[45]:6
[46]:7
[47]:3
[48]:2
[49]:2
[53]:1
[54]:1
[55]:1
[56]:1
[58]:3
[59]:3
[61]:2
[64]:3
[65]:2
[68]:3
[69]:3
[70]:1
[72]:2
[74]:1

t2_region>
[97]:332
[98]:7555
[99]:11459
[100]:24915
[101]:34227
[102]:43081
[103]:57580
[104]:73445
[105]:82475
[106]:55120
[107]:23158
[108]:12289
[109]:10623
[110]:8273
[111]:4602
[112]:2527
[113]:2443
[114]:3965
[115]:4960
[116]:3916
[117]:1955
[118]:1249
[119]:1346
[120]:1049
[121]:782
[122]:609
[123]:540
[124]:517
[125]:490
[126]:436
[127]:408
[128]:419
[129]:386
[130]:352
[131]:355
[132]:291
[133]:319
[134]:275
[135]:233
[136]:199
[137]:181
[138]:142
[139]:125
[140]:114
[141]:85
[142]:72
[143]:58
[144]:53
[145]:57
[146]:34
[147]:28
[148]:24
[149]:16
[150]:14
[151]:8
[152]:6
[153]:7
[154]:5
[156]:2
[157]:1
[159]:1
[160]:2
[161]:3
[163]:2
[165]:1
[166]:2
[167]:2
[168]:2
[170]:2
[172]:2
[173]:3
[174]:2
[175]:1
[177]:1
[179]:1
[180]:1
[182]:1
[186]:1

t0_min: 1.08 us, round:1998
t0_max: 54.29 us, round:302719
t0_jitter: 53.21 us

t1_min: 2.67 us, round:2027
t1_max: 74.13 us, round:302719
t1_jitter: 71.46 us

t2_min: 97.29 us, round:6326
t2_max: 186.38 us, round:302721
t2_jitter: 89.08 us

PMU diff samples: 480308
AVG DIFF LL_CACHE_RD: 98.98
AVG DIFF LL_CACHE_MISS_RD: 42.48
AVG DIFF L2D_CACHE_REFILL: 42.60
AVG DIFF L2D_CACHE_INVAL: 0.00
[cur diff] DIFF LL_CACHE_RD: 14, DIFF LL_CACHE_MISS_RD: 10, MISS_RATE: 71.43%
[cur diff] DIFF L2D_CACHE_REFILL: 3
[cur diff] DIFF L2D_CACHE_INVAL: 0
[max diff] DIFF LL_CACHE_RD: 175, DIFF LL_CACHE_MISS_RD: 135, MISS_RATE: 77.14%
[max diff] DIFF L2D_CACHE_REFILL: 135
[max diff] DIFF L2D_CACHE_INVAL: 0

===========================================================
taskpendcnt:482351
t0:2250 ns
t1:5000 ns
t2:102250 ns
benchmark: Franka-derived Cartesian-impedance kernel, input trace:8, timer period:1.000 ms
controller source: franka_ros2 jazzy@73a1501d, updates:482373, SVD sweeps:5
pose error:[0.010000 0.015000 0.010000 -0.000000 0.049979 -0.000000]
tau[0:6]:[-2.781770 -1.613002 -1.930139 -1.581803 -1.382951 -0.390599 -0.663394]
kernel exec min/avg/max: 94.50 / 97.32 / 123.08 us, samples:482383
pressure status:1, copy rounds total/window:2045/10, 4.40 rounds/s
pressure logical copy:20450.00 MiB total, approx 43.97 MiB/s, checksum:2723309158400
pressure report window:2.274443 s
t0_region>
[1]:84726
[2]:178289
[3]:147447
[4]:37410
[5]:6218
[6]:3814
[7]:6092
[8]:8583
[9]:4905
[10]:1582
[11]:935
[12]:673
[13]:581
[14]:415
[15]:273
[16]:194
[17]:111
[18]:83
[19]:28
[20]:14
[21]:5
[22]:3
[24]:1
[25]:7
[26]:1
[27]:2
[28]:2
[30]:2
[31]:2
[32]:1
[33]:2
[35]:2
[36]:2
[47]:1
[54]:1

t1_region>
[2]:2928
[3]:27630
[4]:35400
[5]:37483
[6]:69967
[7]:99025
[8]:96724
[9]:52775
[10]:20431
[11]:6310
[12]:2493
[13]:1852
[14]:1729
[15]:2118
[16]:3852
[17]:6500
[18]:5300
[19]:2177
[20]:871
[21]:674
[22]:661
[23]:622
[24]:593
[25]:512
[26]:474
[27]:484
[28]:429
[29]:357
[30]:326
[31]:329
[32]:284
[33]:230
[34]:218
[35]:173
[36]:160
[37]:106
[38]:72
[39]:39
[40]:30
[41]:19
[42]:18
[43]:8
[44]:8
[45]:6
[46]:7
[47]:3
[48]:2
[49]:2
[53]:1
[54]:1
[55]:1
[56]:1
[58]:3
[59]:3
[61]:2
[64]:3
[65]:2
[68]:3
[69]:3
[70]:1
[72]:2
[74]:1

t2_region>
[97]:332
[98]:7561
[99]:11505
[100]:25035
[101]:34390
[102]:43301
[103]:57870
[104]:73840
[105]:82874
[106]:55396
[107]:23271
[108]:12338
[109]:10671
[110]:8314
[111]:4624
[112]:2535
[113]:2453
[114]:3983
[115]:4981
[116]:3930
[117]:1960
[118]:1252
[119]:1350
[120]:1052
[121]:783
[122]:609
[123]:540
[124]:517
[125]:490
[126]:436
[127]:408
[128]:419
[129]:386
[130]:352
[131]:355
[132]:291
[133]:319
[134]:275
[135]:233
[136]:199
[137]:181
[138]:142
[139]:125
[140]:114
[141]:85
[142]:72
[143]:58
[144]:53
[145]:57
[146]:34
[147]:28
[148]:24
[149]:16
[150]:14
[151]:8
[152]:6
[153]:7
[154]:5
[156]:2
[157]:1
[159]:1
[160]:2
[161]:3
[163]:2
[165]:1
[166]:2
[167]:2
[168]:2
[170]:2
[172]:2
[173]:3
[174]:2
[175]:1
[177]:1
[179]:1
[180]:1
[182]:1
[186]:1

t0_min: 1.08 us, round:1998
t0_max: 54.29 us, round:302719
t0_jitter: 53.21 us

t1_min: 2.67 us, round:2027
t1_max: 74.13 us, round:302719
t1_jitter: 71.46 us

t2_min: 97.29 us, round:6326
t2_max: 186.38 us, round:302721
t2_jitter: 89.08 us

PMU diff samples: 482582
AVG DIFF LL_CACHE_RD: 98.98
AVG DIFF LL_CACHE_MISS_RD: 42.48
AVG DIFF L2D_CACHE_REFILL: 42.60
AVG DIFF L2D_CACHE_INVAL: 0.00
[cur diff] DIFF LL_CACHE_RD: 8, DIFF LL_CACHE_MISS_RD: 8, MISS_RATE: 100.00%
[cur diff] DIFF L2D_CACHE_REFILL: 1
[cur diff] DIFF L2D_CACHE_INVAL: 0
[max diff] DIFF LL_CACHE_RD: 175, DIFF LL_CACHE_MISS_RD: 135, MISS_RATE: 77.14%
[max diff] DIFF L2D_CACHE_REFILL: 135
[max diff] DIFF L2D_CACHE_INVAL: 0

===========================================================
taskpendcnt:484625
t0:3000 ns
t1:4291 ns
t2:102416 ns
benchmark: Franka-derived Cartesian-impedance kernel, input trace:8, timer period:1.000 ms
controller source: franka_ros2 jazzy@73a1501d, updates:484647, SVD sweeps:5
pose error:[0.010000 0.015000 0.010000 -0.000000 0.049979 -0.000000]
tau[0:6]:[-1.839419 -0.921560 -1.193198 -1.195971 -0.861243 0.113634 -0.461388]
kernel exec min/avg/max: 94.50 / 97.32 / 123.08 us, samples:484657
pressure status:1, copy rounds total/window:2054/9, 3.96 rounds/s
pressure logical copy:20540.00 MiB total, approx 39.58 MiB/s, checksum:2735294382080
pressure report window:2.273903 s
t0_region>
[1]:85102
[2]:179207
[3]:148139
[4]:37590
[5]:6243
[6]:3827
[7]:6106
[8]:8621
[9]:4922
[10]:1583
[11]:935
[12]:673
[13]:581
[14]:415
[15]:273
[16]:194
[17]:111
[18]:83
[19]:28
[20]:14
[21]:5
[22]:3
[24]:1
[25]:7
[26]:1
[27]:2
[28]:2
[30]:2
[31]:2
[32]:1
[33]:2
[35]:2
[36]:2
[47]:1
[54]:1

t1_region>
[2]:2941
[3]:27737
[4]:35551
[5]:37676
[6]:70338
[7]:99548
[8]:97188
[9]:52997
[10]:20529
[11]:6341
[12]:2507
[13]:1856
[14]:1737
[15]:2123
[16]:3870
[17]:6521
[18]:5327
[19]:2180
[20]:871
[21]:674
[22]:661
[23]:622
[24]:593
[25]:512
[26]:474
[27]:484
[28]:429
[29]:357
[30]:326
[31]:329
[32]:284
[33]:230
[34]:218
[35]:173
[36]:160
[37]:106
[38]:72
[39]:39
[40]:30
[41]:19
[42]:18
[43]:8
[44]:8
[45]:6
[46]:7
[47]:3
[48]:2
[49]:2
[53]:1
[54]:1
[55]:1
[56]:1
[58]:3
[59]:3
[61]:2
[64]:3
[65]:2
[68]:3
[69]:3
[70]:1
[72]:2
[74]:1

t2_region>
[97]:332
[98]:7563
[99]:11547
[100]:25139
[101]:34561
[102]:43524
[103]:58162
[104]:74235
[105]:83270
[106]:55689
[107]:23403
[108]:12389
[109]:10721
[110]:8336
[111]:4639
[112]:2547
[113]:2461
[114]:3994
[115]:5009
[116]:3945
[117]:1963
[118]:1254
[119]:1353
[120]:1055
[121]:783
[122]:609
[123]:540
[124]:517
[125]:490
[126]:436
[127]:408
[128]:419
[129]:386
[130]:352
[131]:355
[132]:291
[133]:319
[134]:275
[135]:233
[136]:199
[137]:181
[138]:142
[139]:125
[140]:114
[141]:85
[142]:72
[143]:58
[144]:53
[145]:57
[146]:34
[147]:28
[148]:24
[149]:16
[150]:14
[151]:8
[152]:6
[153]:7
[154]:5
[156]:2
[157]:1
[159]:1
[160]:2
[161]:3
[163]:2
[165]:1
[166]:2
[167]:2
[168]:2
[170]:2
[172]:2
[173]:3
[174]:2
[175]:1
[177]:1
[179]:1
[180]:1
[182]:1
[186]:1

t0_min: 1.08 us, round:1998
t0_max: 54.29 us, round:302719
t0_jitter: 53.21 us

t1_min: 2.67 us, round:2027
t1_max: 74.13 us, round:302719
t1_jitter: 71.46 us

t2_min: 97.29 us, round:6326
t2_max: 186.38 us, round:302721
t2_jitter: 89.08 us

PMU diff samples: 484856
AVG DIFF LL_CACHE_RD: 98.97
AVG DIFF LL_CACHE_MISS_RD: 42.47
AVG DIFF L2D_CACHE_REFILL: 42.60
AVG DIFF L2D_CACHE_INVAL: 0.00
[cur diff] DIFF LL_CACHE_RD: 9, DIFF LL_CACHE_MISS_RD: 7, MISS_RATE: 77.78%
[cur diff] DIFF L2D_CACHE_REFILL: 2
[cur diff] DIFF L2D_CACHE_INVAL: 0
[max diff] DIFF LL_CACHE_RD: 175, DIFF LL_CACHE_MISS_RD: 135, MISS_RATE: 77.14%
[max diff] DIFF L2D_CACHE_REFILL: 135
[max diff] DIFF L2D_CACHE_INVAL: 0

===========================================================
taskpendcnt:486899
t0:3166 ns
t1:3875 ns
t2:103166 ns
benchmark: Franka-derived Cartesian-impedance kernel, input trace:8, timer period:1.000 ms
controller source: franka_ros2 jazzy@73a1501d, updates:486921, SVD sweeps:5
pose error:[0.010000 0.015000 0.010000 -0.000000 0.049979 -0.000000]
tau[0:6]:[0.839771 0.130674 0.617691 0.624912 0.653099 -0.592692 0.265887]
kernel exec min/avg/max: 94.50 / 97.31 / 123.08 us, samples:486931
pressure status:1, copy rounds total/window:2064/10, 4.40 rounds/s
pressure logical copy:20640.00 MiB total, approx 43.98 MiB/s, checksum:2748611297280
pressure report window:2.273583 s
t0_region>
[1]:85474
[2]:180111
[3]:148860
[4]:37750
[5]:6263
[6]:3837
[7]:6132
[8]:8658
[9]:4943
[10]:1586
[11]:935
[12]:673
[13]:581
[14]:415
[15]:273
[16]:194
[17]:111
[18]:83
[19]:28
[20]:14
[21]:5
[22]:3
[24]:1
[25]:7
[26]:1
[27]:2
[28]:2
[30]:2
[31]:2
[32]:1
[33]:2
[35]:2
[36]:2
[47]:1
[54]:1

t1_region>
[2]:2954
[3]:27844
[4]:35704
[5]:37879
[6]:70684
[7]:100053
[8]:97642
[9]:53268
[10]:20619
[11]:6365
[12]:2517
[13]:1858
[14]:1745
[15]:2129
[16]:3886
[17]:6546
[18]:5358
[19]:2190
[20]:871
[21]:674
[22]:661
[23]:622
[24]:593
[25]:512
[26]:474
[27]:484
[28]:429
[29]:357
[30]:326
[31]:329
[32]:284
[33]:230
[34]:218
[35]:173
[36]:160
[37]:106
[38]:72
[39]:39
[40]:30
[41]:19
[42]:18
[43]:8
[44]:8
[45]:6
[46]:7
[47]:3
[48]:2
[49]:2
[53]:1
[54]:1
[55]:1
[56]:1
[58]:3
[59]:3
[61]:2
[64]:3
[65]:2
[68]:3
[69]:3
[70]:1
[72]:2
[74]:1

t2_region>
[97]:332
[98]:7568
[99]:11593
[100]:25245
[101]:34733
[102]:43741
[103]:58466
[104]:74628
[105]:83679
[106]:55973
[107]:23503
[108]:12428
[109]:10759
[110]:8375
[111]:4662
[112]:2557
[113]:2470
[114]:4006
[115]:5034
[116]:3965
[117]:1967
[118]:1262
[119]:1362
[120]:1056
[121]:784
[122]:610
[123]:540
[124]:517
[125]:490
[126]:436
[127]:408
[128]:419
[129]:386
[130]:352
[131]:355
[132]:291
[133]:319
[134]:275
[135]:233
[136]:199
[137]:181
[138]:142
[139]:125
[140]:114
[141]:85
[142]:72
[143]:58
[144]:53
[145]:57
[146]:34
[147]:28
[148]:24
[149]:16
[150]:14
[151]:8
[152]:6
[153]:7
[154]:5
[156]:2
[157]:1
[159]:1
[160]:2
[161]:3
[163]:2
[165]:1
[166]:2
[167]:2
[168]:2
[170]:2
[172]:2
[173]:3
[174]:2
[175]:1
[177]:1
[179]:1
[180]:1
[182]:1
[186]:1

t0_min: 1.08 us, round:1998
t0_max: 54.29 us, round:302719
t0_jitter: 53.21 us

t1_min: 2.67 us, round:2027
t1_max: 74.13 us, round:302719
t1_jitter: 71.46 us

t2_min: 97.29 us, round:6326
t2_max: 186.38 us, round:302721
t2_jitter: 89.08 us

PMU diff samples: 487130
AVG DIFF LL_CACHE_RD: 98.97
AVG DIFF LL_CACHE_MISS_RD: 42.47
AVG DIFF L2D_CACHE_REFILL: 42.60
AVG DIFF L2D_CACHE_INVAL: 0.00
[cur diff] DIFF LL_CACHE_RD: 11, DIFF LL_CACHE_MISS_RD: 7, MISS_RATE: 63.64%
[cur diff] DIFF L2D_CACHE_REFILL: 3
[cur diff] DIFF L2D_CACHE_INVAL: 0
[max diff] DIFF LL_CACHE_RD: 175, DIFF LL_CACHE_MISS_RD: 135, MISS_RATE: 77.14%
[max diff] DIFF L2D_CACHE_REFILL: 135
[max diff] DIFF L2D_CACHE_INVAL: 0

===========================================================
taskpendcnt:489173
t0:1291 ns
t1:4041 ns
t2:101875 ns
benchmark: Franka-derived Cartesian-impedance kernel, input trace:8, timer period:1.000 ms
controller source: franka_ros2 jazzy@73a1501d, updates:489195, SVD sweeps:5
pose error:[0.010000 0.015000 0.010000 -0.000000 0.049979 -0.000000]
tau[0:6]:[1.376914 -0.104433 0.790225 0.843903 0.642107 -0.956178 0.423547]
kernel exec min/avg/max: 94.50 / 97.31 / 123.08 us, samples:489205
pressure status:1, copy rounds total/window:2074/10, 4.40 rounds/s
pressure logical copy:20740.00 MiB total, approx 43.97 MiB/s, checksum:2761928212480
pressure report window:2.274071 s
t0_region>
[1]:85835
[2]:181017
[3]:149615
[4]:37898
[5]:6281
[6]:3844
[7]:6151
[8]:8695
[9]:4964
[10]:1587
[11]:935
[12]:673
[13]:581
[14]:415
[15]:273
[16]:194
[17]:111
[18]:83
[19]:28
[20]:14
[21]:5
[22]:3
[24]:1
[25]:7
[26]:1
[27]:2
[28]:2
[30]:2
[31]:2
[32]:1
[33]:2
[35]:2
[36]:2
[47]:1
[54]:1

t1_region>
[2]:2967
[3]:27943
[4]:35862
[5]:38063
[6]:71031
[7]:100564
[8]:98151
[9]:53521
[10]:20714
[11]:6382
[12]:2518
[13]:1864
[14]:1748
[15]:2133
[16]:3902
[17]:6576
[18]:5381
[19]:2196
[20]:871
[21]:674
[22]:661
[23]:622
[24]:593
[25]:512
[26]:474
[27]:484
[28]:429
[29]:357
[30]:326
[31]:329
[32]:284
[33]:230
[34]:218
[35]:173
[36]:160
[37]:106
[38]:72
[39]:39
[40]:30
[41]:19
[42]:18
[43]:8
[44]:8
[45]:6
[46]:7
[47]:3
[48]:2
[49]:2
[53]:1
[54]:1
[55]:1
[56]:1
[58]:3
[59]:3
[61]:2
[64]:3
[65]:2
[68]:3
[69]:3
[70]:1
[72]:2
[74]:1

t2_region>
[97]:332
[98]:7573
[99]:11639
[100]:25324
[101]:34876
[102]:43986
[103]:58811
[104]:74997
[105]:84136
[106]:56236
[107]:23600
[108]:12487
[109]:10793
[110]:8408
[111]:4675
[112]:2567
[113]:2476
[114]:4024
[115]:5056
[116]:3983
[117]:1972
[118]:1264
[119]:1365
[120]:1059
[121]:784
[122]:610
[123]:540
[124]:517
[125]:490
[126]:436
[127]:408
[128]:419
[129]:386
[130]:352
[131]:355
[132]:291
[133]:319
[134]:275
[135]:233
[136]:199
[137]:181
[138]:142
[139]:125
[140]:114
[141]:85
[142]:72
[143]:58
[144]:53
[145]:57
[146]:34
[147]:28
[148]:24
[149]:16
[150]:14
[151]:8
[152]:6
[153]:7
[154]:5
[156]:2
[157]:1
[159]:1
[160]:2
[161]:3
[163]:2
[165]:1
[166]:2
[167]:2
[168]:2
[170]:2
[172]:2
[173]:3
[174]:2
[175]:1
[177]:1
[179]:1
[180]:1
[182]:1
[186]:1

t0_min: 1.08 us, round:1998
t0_max: 54.29 us, round:302719
t0_jitter: 53.21 us

t1_min: 2.67 us, round:2027
t1_max: 74.13 us, round:302719
t1_jitter: 71.46 us

t2_min: 97.29 us, round:6326
t2_max: 186.38 us, round:302721
t2_jitter: 89.08 us

PMU diff samples: 489404
AVG DIFF LL_CACHE_RD: 98.97
AVG DIFF LL_CACHE_MISS_RD: 42.47
AVG DIFF L2D_CACHE_REFILL: 42.59
AVG DIFF L2D_CACHE_INVAL: 0.00
[cur diff] DIFF LL_CACHE_RD: 11, DIFF LL_CACHE_MISS_RD: 10, MISS_RATE: 90.91%
[cur diff] DIFF L2D_CACHE_REFILL: 0
[cur diff] DIFF L2D_CACHE_INVAL: 0
[max diff] DIFF LL_CACHE_RD: 175, DIFF LL_CACHE_MISS_RD: 135, MISS_RATE: 77.14%
[max diff] DIFF L2D_CACHE_REFILL: 135
[max diff] DIFF L2D_CACHE_INVAL: 0

===========================================================
taskpendcnt:491446
t0:1750 ns
t1:5375 ns
t2:100583 ns
benchmark: Franka-derived Cartesian-impedance kernel, input trace:8, timer period:1.000 ms
controller source: franka_ros2 jazzy@73a1501d, updates:491469, SVD sweeps:5
pose error:[0.010000 0.015000 0.010000 -0.000000 0.049979 -0.000000]
tau[0:6]:[-2.781770 -1.613002 -1.930139 -1.581803 -1.382951 -0.390599 -0.663394]
kernel exec min/avg/max: 94.50 / 97.31 / 123.08 us, samples:491479
pressure status:1, copy rounds total/window:2083/9, 3.96 rounds/s
pressure logical copy:20830.00 MiB total, approx 39.57 MiB/s, checksum:2773913436160
pressure report window:2.274278 s
t0_region>
[1]:86161
[2]:181948
[3]:150369
[4]:38046
[5]:6301
[6]:3854
[7]:6186
[8]:8726
[9]:4981
[10]:1589
[11]:935
[12]:673
[13]:581
[14]:415
[15]:273
[16]:194
[17]:111
[18]:83
[19]:28
[20]:14
[21]:5
[22]:3
[24]:1
[25]:7
[26]:1
[27]:2
[28]:2
[30]:2
[31]:2
[32]:1
[33]:2
[35]:2
[36]:2
[47]:1
[54]:1

t1_region>
[2]:2982
[3]:28034
[4]:36031
[5]:38246
[6]:71392
[7]:101084
[8]:98618
[9]:53766
[10]:20808
[11]:6407
[12]:2523
[13]:1866
[14]:1749
[15]:2144
[16]:3919
[17]:6606
[18]:5407
[19]:2205
[20]:871
[21]:675
[22]:661
[23]:623
[24]:593
[25]:512
[26]:474
[27]:484
[28]:429
[29]:357
[30]:326
[31]:329
[32]:284
[33]:230
[34]:218
[35]:173
[36]:160
[37]:106
[38]:72
[39]:39
[40]:30
[41]:19
[42]:18
[43]:8
[44]:8
[45]:6
[46]:7
[47]:3
[48]:2
[49]:2
[53]:1
[54]:1
[55]:1
[56]:1
[58]:3
[59]:3
[61]:2
[64]:3
[65]:2
[68]:3
[69]:3
[70]:1
[72]:2
[74]:1

t2_region>
[97]:332
[98]:7597
[99]:11683
[100]:25386
[101]:35031
[102]:44250
[103]:59131
[104]:75380
[105]:84557
[106]:56508
[107]:23708
[108]:12531
[109]:10833
[110]:8429
[111]:4690
[112]:2574
[113]:2494
[114]:4042
[115]:5082
[116]:4001
[117]:1980
[118]:1265
[119]:1367
[120]:1061
[121]:785
[122]:610
[123]:540
[124]:517
[125]:490
[126]:436
[127]:408
[128]:419
[129]:386
[130]:352
[131]:355
[132]:291
[133]:319
[134]:275
[135]:233
[136]:199
[137]:181
[138]:142
[139]:125
[140]:114
[141]:85
[142]:72
[143]:58
[144]:53
[145]:57
[146]:34
[147]:28
[148]:24
[149]:16
[150]:14
[151]:8
[152]:6
[153]:7
[154]:5
[156]:2
[157]:1
[159]:1
[160]:2
[161]:3
[163]:2
[165]:1
[166]:2
[167]:2
[168]:2
[170]:2
[172]:2
[173]:3
[174]:2
[175]:1
[177]:1
[179]:1
[180]:1
[182]:1
[186]:1

t0_min: 1.08 us, round:1998
t0_max: 54.29 us, round:302719
t0_jitter: 53.21 us

t1_min: 2.67 us, round:2027
t1_max: 74.13 us, round:302719
t1_jitter: 71.46 us

t2_min: 97.29 us, round:6326
t2_max: 186.38 us, round:302721
t2_jitter: 89.08 us

PMU diff samples: 491678
AVG DIFF LL_CACHE_RD: 98.97
AVG DIFF LL_CACHE_MISS_RD: 42.47
AVG DIFF L2D_CACHE_REFILL: 42.59
AVG DIFF L2D_CACHE_INVAL: 0.00
[cur diff] DIFF LL_CACHE_RD: 6, DIFF LL_CACHE_MISS_RD: 6, MISS_RATE: 100.00%
[cur diff] DIFF L2D_CACHE_REFILL: 2
[cur diff] DIFF L2D_CACHE_INVAL: 0
[max diff] DIFF LL_CACHE_RD: 175, DIFF LL_CACHE_MISS_RD: 135, MISS_RATE: 77.14%
[max diff] DIFF L2D_CACHE_REFILL: 135
[max diff] DIFF L2D_CACHE_INVAL: 0

===========================================================
taskpendcnt:493720
t0:1625 ns
t1:4083 ns
t2:101625 ns
benchmark: Franka-derived Cartesian-impedance kernel, input trace:8, timer period:1.000 ms
controller source: franka_ros2 jazzy@73a1501d, updates:493743, SVD sweeps:5
pose error:[0.010000 0.015000 0.010000 -0.000000 0.049979 -0.000000]
tau[0:6]:[-1.839419 -0.921560 -1.193198 -1.195971 -0.861243 0.113634 -0.461388]
kernel exec min/avg/max: 94.50 / 97.31 / 123.08 us, samples:493753
pressure status:1, copy rounds total/window:2093/10, 4.40 rounds/s
pressure logical copy:20930.00 MiB total, approx 43.98 MiB/s, checksum:2787230351360
pressure report window:2.273825 s
t0_region>
[1]:86495
[2]:182842
[3]:151153
[4]:38202
[5]:6322
[6]:3866
[7]:6206
[8]:8756
[9]:5002
[10]:1592
[11]:935
[12]:673
[13]:581
[14]:415
[15]:273
[16]:194
[17]:111
[18]:83
[19]:28
[20]:14
[21]:5
[22]:3
[24]:1
[25]:7
[26]:1
[27]:2
[28]:2
[30]:2
[31]:2
[32]:1
[33]:2
[35]:2
[36]:2
[47]:1
[54]:1

t1_region>
[2]:2997
[3]:28132
[4]:36186
[5]:38427
[6]:71723
[7]:101565
[8]:99153
[9]:54051
[10]:20884
[11]:6426
[12]:2535
[13]:1869
[14]:1752
[15]:2148
[16]:3939
[17]:6631
[18]:5427
[19]:2216
[20]:871
[21]:675
[22]:661
[23]:623
[24]:593
[25]:512
[26]:474
[27]:484
[28]:429
[29]:357
[30]:326
[31]:329
[32]:284
[33]:230
[34]:218
[35]:173
[36]:160
[37]:106
[38]:72
[39]:39
[40]:30
[41]:19
[42]:18
[43]:8
[44]:8
[45]:6
[46]:7
[47]:3
[48]:2
[49]:2
[53]:1
[54]:1
[55]:1
[56]:1
[58]:3
[59]:3
[61]:2
[64]:3
[65]:2
[68]:3
[69]:3
[70]:1
[72]:2
[74]:1

t2_region>
[97]:332
[98]:7614
[99]:11732
[100]:25468
[101]:35173
[102]:44485
[103]:59412
[104]:75750
[105]:85031
[106]:56810
[107]:23820
[108]:12582
[109]:10869
[110]:8458
[111]:4697
[112]:2580
[113]:2500
[114]:4061
[115]:5104
[116]:4014
[117]:1989
[118]:1267
[119]:1368
[120]:1066
[121]:787
[122]:610
[123]:540
[124]:517
[125]:490
[126]:436
[127]:408
[128]:419
[129]:386
[130]:352
[131]:355
[132]:291
[133]:319
[134]:275
[135]:233
[136]:199
[137]:181
[138]:142
[139]:125
[140]:114
[141]:85
[142]:72
[143]:58
[144]:53
[145]:57
[146]:34
[147]:28
[148]:24
[149]:16
[150]:14
[151]:8
[152]:6
[153]:7
[154]:5
[156]:2
[157]:1
[159]:1
[160]:2
[161]:3
[163]:2
[165]:1
[166]:2
[167]:2
[168]:2
[170]:2
[172]:2
[173]:3
[174]:2
[175]:1
[177]:1
[179]:1
[180]:1
[182]:1
[186]:1

t0_min: 1.08 us, round:1998
t0_max: 54.29 us, round:302719
t0_jitter: 53.21 us

t1_min: 2.67 us, round:2027
t1_max: 74.13 us, round:302719
t1_jitter: 71.46 us

t2_min: 97.29 us, round:6326
t2_max: 186.38 us, round:302721
t2_jitter: 89.08 us

PMU diff samples: 493952
AVG DIFF LL_CACHE_RD: 98.97
AVG DIFF LL_CACHE_MISS_RD: 42.47
AVG DIFF L2D_CACHE_REFILL: 42.59
AVG DIFF L2D_CACHE_INVAL: 0.00
[cur diff] DIFF LL_CACHE_RD: 16, DIFF LL_CACHE_MISS_RD: 8, MISS_RATE: 50.00%
[cur diff] DIFF L2D_CACHE_REFILL: 4
[cur diff] DIFF L2D_CACHE_INVAL: 0
[max diff] DIFF LL_CACHE_RD: 175, DIFF LL_CACHE_MISS_RD: 135, MISS_RATE: 77.14%
[max diff] DIFF L2D_CACHE_REFILL: 135
[max diff] DIFF L2D_CACHE_INVAL: 0

===========================================================
taskpendcnt:495994
t0:1791 ns
t1:5125 ns
t2:100625 ns
benchmark: Franka-derived Cartesian-impedance kernel, input trace:8, timer period:1.000 ms
controller source: franka_ros2 jazzy@73a1501d, updates:496017, SVD sweeps:5
pose error:[0.010000 0.015000 0.010000 -0.000000 0.049979 -0.000000]
tau[0:6]:[0.839771 0.130674 0.617691 0.624912 0.653099 -0.592692 0.265887]
kernel exec min/avg/max: 94.50 / 97.31 / 123.08 us, samples:496026
pressure status:1, copy rounds total/window:2103/10, 4.40 rounds/s
pressure logical copy:21030.00 MiB total, approx 43.99 MiB/s, checksum:2800547266560
pressure report window:2.273407 s
t0_region>
[1]:86847
[2]:183735
[3]:151906
[4]:38372
[5]:6333
[6]:3875
[7]:6230
[8]:8796
[9]:5020
[10]:1595
[11]:935
[12]:673
[13]:581
[14]:415
[15]:273
[16]:194
[17]:111
[18]:83
[19]:28
[20]:14
[21]:5
[22]:3
[24]:1
[25]:7
[26]:1
[27]:2
[28]:2
[30]:2
[31]:2
[32]:1
[33]:2
[35]:2
[36]:2
[47]:1
[54]:1

t1_region>
[2]:3008
[3]:28250
[4]:36326
[5]:38617
[6]:72054
[7]:102057
[8]:99639
[9]:54337
[10]:20983
[11]:6447
[12]:2541
[13]:1870
[14]:1758
[15]:2156
[16]:3950
[17]:6658
[18]:5462
[19]:2222
[20]:871
[21]:675
[22]:661
[23]:623
[24]:593
[25]:512
[26]:474
[27]:484
[28]:429
[29]:357
[30]:326
[31]:329
[32]:284
[33]:230
[34]:218
[35]:173
[36]:160
[37]:106
[38]:72
[39]:39
[40]:30
[41]:19
[42]:18
[43]:8
[44]:8
[45]:6
[46]:7
[47]:3
[48]:2
[49]:2
[53]:1
[54]:1
[55]:1
[56]:1
[58]:3
[59]:3
[61]:2
[64]:3
[65]:2
[68]:3
[69]:3
[70]:1
[72]:2
[74]:1

t2_region>
[97]:332
[98]:7628
[99]:11771
[100]:25561
[101]:35319
[102]:44715
[103]:59712
[104]:76131
[105]:85429
[106]:57118
[107]:23973
[108]:12634
[109]:10902
[110]:8484
[111]:4703
[112]:2587
[113]:2506
[114]:4074
[115]:5123
[116]:4036
[117]:2002
[118]:1269
[119]:1376
[120]:1069
[121]:788
[122]:610
[123]:540
[124]:517
[125]:490
[126]:436
[127]:408
[128]:419
[129]:386
[130]:352
[131]:355
[132]:291
[133]:319
[134]:275
[135]:233
[136]:199
[137]:181
[138]:142
[139]:125
[140]:114
[141]:85
[142]:72
[143]:58
[144]:53
[145]:57
[146]:34
[147]:28
[148]:24
[149]:16
[150]:14
[151]:8
[152]:6
[153]:7
[154]:5
[156]:2
[157]:1
[159]:1
[160]:2
[161]:3
[163]:2
[165]:1
[166]:2
[167]:2
[168]:2
[170]:2
[172]:2
[173]:3
[174]:2
[175]:1
[177]:1
[179]:1
[180]:1
[182]:1
[186]:1

t0_min: 1.08 us, round:1998
t0_max: 54.29 us, round:302719
t0_jitter: 53.21 us

t1_min: 2.67 us, round:2027
t1_max: 74.13 us, round:302719
t1_jitter: 71.46 us

t2_min: 97.29 us, round:6326
t2_max: 186.38 us, round:302721
t2_jitter: 89.08 us

PMU diff samples: 496225
AVG DIFF LL_CACHE_RD: 98.96
AVG DIFF LL_CACHE_MISS_RD: 42.47
AVG DIFF L2D_CACHE_REFILL: 42.59
AVG DIFF L2D_CACHE_INVAL: 0.00
[cur diff] DIFF LL_CACHE_RD: 6, DIFF LL_CACHE_MISS_RD: 4, MISS_RATE: 66.67%
[cur diff] DIFF L2D_CACHE_REFILL: 1
[cur diff] DIFF L2D_CACHE_INVAL: 0
[max diff] DIFF LL_CACHE_RD: 175, DIFF LL_CACHE_MISS_RD: 135, MISS_RATE: 77.14%
[max diff] DIFF L2D_CACHE_REFILL: 135
[max diff] DIFF L2D_CACHE_INVAL: 0

===========================================================
taskpendcnt:498267
t0:2125 ns
t1:3125 ns
t2:100958 ns
benchmark: Franka-derived Cartesian-impedance kernel, input trace:8, timer period:1.000 ms
controller source: franka_ros2 jazzy@73a1501d, updates:498290, SVD sweeps:5
pose error:[0.010000 0.015000 0.010000 -0.000000 0.049979 -0.000000]
tau[0:6]:[1.228026 0.081850 0.819520 0.875435 0.745706 -0.833381 0.398995]
kernel exec min/avg/max: 94.50 / 97.31 / 123.08 us, samples:498299
pressure status:1, copy rounds total/window:2112/9, 3.96 rounds/s
pressure logical copy:21120.00 MiB total, approx 39.60 MiB/s, checksum:2812532490240
pressure report window:2.272936 s
t0_region>
[1]:87223
[2]:184557
[3]:152679
[4]:38557
[5]:6354
[6]:3885
[7]:6255
[8]:8835
[9]:5041
[10]:1595
[11]:935
[12]:673
[13]:581
[14]:415
[15]:273
[16]:194
[17]:111
[18]:83
[19]:28
[20]:14
[21]:5
[22]:3
[24]:1
[25]:7
[26]:1
[27]:2
[28]:2
[30]:2
[31]:2
[32]:1
[33]:2
[35]:2
[36]:2
[47]:1
[54]:1

t1_region>
[2]:3019
[3]:28390
[4]:36470
[5]:38757
[6]:72358
[7]:102546
[8]:100152
[9]:54608
[10]:21112
[11]:6474
[12]:2546
[13]:1875
[14]:1763
[15]:2164
[16]:3969
[17]:6685
[18]:5490
[19]:2229
[20]:872
[21]:675
[22]:661
[23]:623
[24]:593
[25]:512
[26]:474
[27]:484
[28]:429
[29]:357
[30]:326
[31]:329
[32]:284
[33]:230
[34]:218
[35]:173
[36]:160
[37]:106
[38]:72
[39]:39
[40]:30
[41]:19
[42]:18
[43]:8
[44]:8
[45]:6
[46]:7
[47]:3
[48]:2
[49]:2
[53]:1
[54]:1
[55]:1
[56]:1
[58]:3
[59]:3
[61]:2
[64]:3
[65]:2
[68]:3
[69]:3
[70]:1
[72]:2
[74]:1

t2_region>
[97]:332
[98]:7651
[99]:11824
[100]:25673
[101]:35470
[102]:44895
[103]:59991
[104]:76489
[105]:85864
[106]:57401
[107]:24093
[108]:12693
[109]:10967
[110]:8526
[111]:4722
[112]:2590
[113]:2518
[114]:4088
[115]:5144
[116]:4057
[117]:2006
[118]:1272
[119]:1383
[120]:1072
[121]:792
[122]:612
[123]:540
[124]:517
[125]:490
[126]:436
[127]:408
[128]:419
[129]:386
[130]:352
[131]:355
[132]:291
[133]:319
[134]:275
[135]:233
[136]:199
[137]:181
[138]:142
[139]:125
[140]:114
[141]:85
[142]:72
[143]:58
[144]:53
[145]:57
[146]:34
[147]:28
[148]:24
[149]:16
[150]:14
[151]:8
[152]:6
[153]:7
[154]:5
[156]:2
[157]:1
[159]:1
[160]:2
[161]:3
[163]:2
[165]:1
[166]:2
[167]:2
[168]:2
[170]:2
[172]:2
[173]:3
[174]:2
[175]:1
[177]:1
[179]:1
[180]:1
[182]:1
[186]:1

t0_min: 1.08 us, round:1998
t0_max: 54.29 us, round:302719
t0_jitter: 53.21 us

t1_min: 2.67 us, round:2027
t1_max: 74.13 us, round:302719
t1_jitter: 71.46 us

t2_min: 97.29 us, round:6326
t2_max: 186.38 us, round:302721
t2_jitter: 89.08 us

PMU diff samples: 498498
AVG DIFF LL_CACHE_RD: 98.96
AVG DIFF LL_CACHE_MISS_RD: 42.47
AVG DIFF L2D_CACHE_REFILL: 42.59
AVG DIFF L2D_CACHE_INVAL: 0.00
[cur diff] DIFF LL_CACHE_RD: 5, DIFF LL_CACHE_MISS_RD: 5, MISS_RATE: 100.00%
[cur diff] DIFF L2D_CACHE_REFILL: 2
[cur diff] DIFF L2D_CACHE_INVAL: 0
[max diff] DIFF LL_CACHE_RD: 175, DIFF LL_CACHE_MISS_RD: 135, MISS_RATE: 77.14%
[max diff] DIFF L2D_CACHE_REFILL: 135
[max diff] DIFF L2D_CACHE_INVAL: 0

===========================================================
taskpendcnt:500540
t0:1291 ns
t1:5208 ns
t2:101000 ns
benchmark: Franka-derived Cartesian-impedance kernel, input trace:8, timer period:1.000 ms
controller source: franka_ros2 jazzy@73a1501d, updates:500563, SVD sweeps:5
pose error:[0.010000 0.015000 0.010000 -0.000000 0.049979 -0.000000]
tau[0:6]:[1.376914 -0.104433 0.790225 0.843903 0.642107 -0.956178 0.423547]
kernel exec min/avg/max: 94.50 / 97.31 / 123.08 us, samples:500572
pressure status:1, copy rounds total/window:2122/10, 4.40 rounds/s
pressure logical copy:21220.00 MiB total, approx 44.00 MiB/s, checksum:2825849405440
pressure report window:2.272983 s
t0_region>
[1]:87611
[2]:185354
[3]:153460
[4]:38753
[5]:6381
[6]:3896
[7]:6268
[8]:8871
[9]:5063
[10]:1598
[11]:935
[12]:673
[13]:581
[14]:415
[15]:273
[16]:194
[17]:111
[18]:83
[19]:28
[20]:14
[21]:5
[22]:3
[24]:1
[25]:7
[26]:1
[27]:2
[28]:2
[30]:2
[31]:2
[32]:1
[33]:2
[35]:2
[36]:2
[47]:1
[54]:1

t1_region>
[2]:3031
[3]:28533
[4]:36604
[5]:38938
[6]:72681
[7]:103031
[8]:100622
[9]:54896
[10]:21215
[11]:6502
[12]:2563
[13]:1887
[14]:1766
[15]:2168
[16]:3974
[17]:6715
[18]:5518
[19]:2235
[20]:873
[21]:675
[22]:661
[23]:623
[24]:593
[25]:512
[26]:474
[27]:484
[28]:429
[29]:357
[30]:326
[31]:329
[32]:284
[33]:230
[34]:218
[35]:173
[36]:160
[37]:106
[38]:72
[39]:39
[40]:30
[41]:19
[42]:18
[43]:8
[44]:8
[45]:6
[46]:7
[47]:3
[48]:2
[49]:2
[53]:1
[54]:1
[55]:1
[56]:1
[58]:3
[59]:3
[61]:2
[64]:3
[65]:2
[68]:3
[69]:3
[70]:1
[72]:2
[74]:1

t2_region>
[97]:332
[98]:7673
[99]:11875
[100]:25796
[101]:35632
[102]:45086
[103]:60269
[104]:76840
[105]:86274
[106]:57693
[107]:24206
[108]:12755
[109]:11031
[110]:8572
[111]:4742
[112]:2601
[113]:2523
[114]:4099
[115]:5165
[116]:4074
[117]:2011
[118]:1278
[119]:1388
[120]:1076
[121]:795
[122]:613
[123]:540
[124]:517
[125]:490
[126]:436
[127]:408
[128]:419
[129]:386
[130]:352
[131]:355
[132]:291
[133]:319
[134]:275
[135]:233
[136]:199
[137]:181
[138]:142
[139]:125
[140]:114
[141]:85
[142]:72
[143]:58
[144]:53
[145]:57
[146]:34
[147]:28
[148]:24
[149]:16
[150]:14
[151]:8
[152]:6
[153]:7
[154]:5
[156]:2
[157]:1
[159]:1
[160]:2
[161]:3
[163]:2
[165]:1
[166]:2
[167]:2
[168]:2
[170]:2
[172]:2
[173]:3
[174]:2
[175]:1
[177]:1
[179]:1
[180]:1
[182]:1
[186]:1

t0_min: 1.08 us, round:1998
t0_max: 54.29 us, round:302719
t0_jitter: 53.21 us

t1_min: 2.67 us, round:2027
t1_max: 74.13 us, round:302719
t1_jitter: 71.46 us

t2_min: 97.29 us, round:6326
t2_max: 186.38 us, round:302721
t2_jitter: 89.08 us

PMU diff samples: 500771
AVG DIFF LL_CACHE_RD: 98.96
AVG DIFF LL_CACHE_MISS_RD: 42.47
AVG DIFF L2D_CACHE_REFILL: 42.59
AVG DIFF L2D_CACHE_INVAL: 0.00
[cur diff] DIFF LL_CACHE_RD: 7, DIFF LL_CACHE_MISS_RD: 4, MISS_RATE: 57.14%
[cur diff] DIFF L2D_CACHE_REFILL: 3
[cur diff] DIFF L2D_CACHE_INVAL: 0
[max diff] DIFF LL_CACHE_RD: 175, DIFF LL_CACHE_MISS_RD: 135, MISS_RATE: 77.14%
[max diff] DIFF L2D_CACHE_REFILL: 135
[max diff] DIFF L2D_CACHE_INVAL: 0

===========================================================
taskpendcnt:502814
t0:1458 ns
t1:5083 ns
t2:101458 ns
benchmark: Franka-derived Cartesian-impedance kernel, input trace:8, timer period:1.000 ms
controller source: franka_ros2 jazzy@73a1501d, updates:502837, SVD sweeps:5
pose error:[0.010000 0.015000 0.010000 -0.000000 0.049979 -0.000000]
tau[0:6]:[-2.781770 -1.613002 -1.930139 -1.581803 -1.382951 -0.390599 -0.663394]
kernel exec min/avg/max: 94.50 / 97.31 / 123.08 us, samples:502847
pressure status:1, copy rounds total/window:2131/9, 3.96 rounds/s
pressure logical copy:21310.00 MiB total, approx 39.57 MiB/s, checksum:2837834629120
pressure report window:2.274497 s
t0_region>
[1]:87999
[2]:186157
[3]:154225
[4]:38955
[5]:6402
[6]:3908
[7]:6284
[8]:8911
[9]:5086
[10]:1601
[11]:936
[12]:673
[13]:581
[14]:415
[15]:273
[16]:194
[17]:111
[18]:83
[19]:28
[20]:14
[21]:5
[22]:3
[24]:1
[25]:7
[26]:1
[27]:2
[28]:2
[30]:2
[31]:2
[32]:1
[33]:2
[35]:2
[36]:2
[47]:1
[54]:1

t1_region>
[2]:3041
[3]:28668
[4]:36750
[5]:39119
[6]:73025
[7]:103486
[8]:101096
[9]:55180
[10]:21331
[11]:6530
[12]:2567
[13]:1889
[14]:1771
[15]:2177
[16]:3986
[17]:6753
[18]:5539
[19]:2244
[20]:874
[21]:675
[22]:661
[23]:623
[24]:593
[25]:512
[26]:474
[27]:484
[28]:429
[29]:357
[30]:326
[31]:329
[32]:284
[33]:230
[34]:218
[35]:173
[36]:160
[37]:106
[38]:72
[39]:39
[40]:30
[41]:19
[42]:18
[43]:8
[44]:8
[45]:6
[46]:7
[47]:3
[48]:2
[49]:2
[53]:1
[54]:1
[55]:1
[56]:1
[58]:3
[59]:3
[61]:2
[64]:3
[65]:2
[68]:3
[69]:3
[70]:1
[72]:2
[74]:1

t2_region>
[97]:332
[98]:7688
[99]:11927
[100]:25914
[101]:35787
[102]:45292
[103]:60570
[104]:77194
[105]:86677
[106]:57956
[107]:24344
[108]:12809
[109]:11078
[110]:8612
[111]:4772
[112]:2611
[113]:2529
[114]:4116
[115]:5195
[116]:4090
[117]:2019
[118]:1281
[119]:1391
[120]:1081
[121]:795
[122]:613
[123]:540
[124]:517
[125]:490
[126]:436
[127]:408
[128]:419
[129]:386
[130]:352
[131]:355
[132]:291
[133]:319
[134]:275
[135]:233
[136]:199
[137]:181
[138]:142
[139]:125
[140]:114
[141]:85
[142]:72
[143]:58
[144]:53
[145]:57
[146]:34
[147]:28
[148]:24
[149]:16
[150]:14
[151]:8
[152]:6
[153]:7
[154]:5
[156]:2
[157]:1
[159]:1
[160]:2
[161]:3
[163]:2
[165]:1
[166]:2
[167]:2
[168]:2
[170]:2
[172]:2
[173]:3
[174]:2
[175]:1
[177]:1
[179]:1
[180]:1
[182]:1
[186]:1

t0_min: 1.08 us, round:1998
t0_max: 54.29 us, round:302719
t0_jitter: 53.21 us

t1_min: 2.67 us, round:2027
t1_max: 74.13 us, round:302719
t1_jitter: 71.46 us

t2_min: 97.29 us, round:6326
t2_max: 186.38 us, round:302721
t2_jitter: 89.08 us

PMU diff samples: 503046
AVG DIFF LL_CACHE_RD: 98.96
AVG DIFF LL_CACHE_MISS_RD: 42.47
AVG DIFF L2D_CACHE_REFILL: 42.59
AVG DIFF L2D_CACHE_INVAL: 0.00
[cur diff] DIFF LL_CACHE_RD: 7, DIFF LL_CACHE_MISS_RD: 4, MISS_RATE: 57.14%
[cur diff] DIFF L2D_CACHE_REFILL: 2
[cur diff] DIFF L2D_CACHE_INVAL: 0
[max diff] DIFF LL_CACHE_RD: 175, DIFF LL_CACHE_MISS_RD: 135, MISS_RATE: 77.14%
[max diff] DIFF L2D_CACHE_REFILL: 135
[max diff] DIFF L2D_CACHE_INVAL: 0

===========================================================
taskpendcnt:505088
t0:1625 ns
t1:4083 ns
t2:100458 ns
benchmark: Franka-derived Cartesian-impedance kernel, input trace:8, timer period:1.000 ms
controller source: franka_ros2 jazzy@73a1501d, updates:505111, SVD sweeps:5
pose error:[0.010000 0.015000 0.010000 -0.000000 0.049979 -0.000000]
tau[0:6]:[-1.839419 -0.921560 -1.193198 -1.195971 -0.861243 0.113634 -0.461388]
kernel exec min/avg/max: 94.50 / 97.31 / 123.08 us, samples:505121
pressure status:1, copy rounds total/window:2141/10, 4.40 rounds/s
pressure logical copy:21410.00 MiB total, approx 43.98 MiB/s, checksum:2851151544320
pressure report window:2.273832 s
t0_region>
[1]:88358
[2]:186976
[3]:155027
[4]:39138
[5]:6428
[6]:3924
[7]:6301
[8]:8944
[9]:5103
[10]:1603
[11]:936
[12]:673
[13]:581
[14]:415
[15]:273
[16]:194
[17]:111
[18]:83
[19]:28
[20]:14
[21]:5
[22]:3
[24]:1
[25]:7
[26]:1
[27]:2
[28]:2
[30]:2
[31]:2
[32]:1
[33]:2
[35]:2
[36]:2
[47]:1
[54]:1

t1_region>
[2]:3057
[3]:28800
[4]:36885
[5]:39275
[6]:73321
[7]:103983
[8]:101630
[9]:55463
[10]:21430
[11]:6552
[12]:2583
[13]:1895
[14]:1777
[15]:2183
[16]:4004
[17]:6780
[18]:5557
[19]:2251
[20]:874
[21]:675
[22]:661
[23]:623
[24]:593
[25]:512
[26]:474
[27]:484
[28]:429
[29]:357
[30]:326
[31]:329
[32]:284
[33]:230
[34]:218
[35]:173
[36]:160
[37]:106
[38]:72
[39]:39
[40]:30
[41]:19
[42]:18
[43]:8
[44]:8
[45]:6
[46]:7
[47]:3
[48]:2
[49]:2
[53]:1
[54]:1
[55]:1
[56]:1
[58]:3
[59]:3
[61]:2
[64]:3
[65]:2
[68]:3
[69]:3
[70]:1
[72]:2
[74]:1

t2_region>
[97]:332
[98]:7714
[99]:11980
[100]:26030
[101]:35917
[102]:45458
[103]:60815
[104]:77577
[105]:87154
[106]:58271
[107]:24469
[108]:12862
[109]:11120
[110]:8650
[111]:4792
[112]:2617
[113]:2541
[114]:4134
[115]:5210
[116]:4112
[117]:2023
[118]:1285
[119]:1394
[120]:1082
[121]:795
[122]:613
[123]:540
[124]:517
[125]:490
[126]:436
[127]:408
[128]:419
[129]:386
[130]:352
[131]:355
[132]:291
[133]:319
[134]:275
[135]:233
[136]:199
[137]:181
[138]:142
[139]:125
[140]:114
[141]:85
[142]:72
[143]:58
[144]:53
[145]:57
[146]:34
[147]:28
[148]:24
[149]:16
[150]:14
[151]:8
[152]:6
[153]:7
[154]:5
[156]:2
[157]:1
[159]:1
[160]:2
[161]:3
[163]:2
[165]:1
[166]:2
[167]:2
[168]:2
[170]:2
[172]:2
[173]:3
[174]:2
[175]:1
[177]:1
[179]:1
[180]:1
[182]:1
[186]:1

t0_min: 1.08 us, round:1998
t0_max: 54.29 us, round:302719
t0_jitter: 53.21 us

t1_min: 2.67 us, round:2027
t1_max: 74.13 us, round:302719
t1_jitter: 71.46 us

t2_min: 97.29 us, round:6326
t2_max: 186.38 us, round:302721
t2_jitter: 89.08 us

PMU diff samples: 505320
AVG DIFF LL_CACHE_RD: 98.96
AVG DIFF LL_CACHE_MISS_RD: 42.47
AVG DIFF L2D_CACHE_REFILL: 42.59
AVG DIFF L2D_CACHE_INVAL: 0.00
[cur diff] DIFF LL_CACHE_RD: 10, DIFF LL_CACHE_MISS_RD: 8, MISS_RATE: 80.00%
[cur diff] DIFF L2D_CACHE_REFILL: 3
[cur diff] DIFF L2D_CACHE_INVAL: 0
[max diff] DIFF LL_CACHE_RD: 175, DIFF LL_CACHE_MISS_RD: 135, MISS_RATE: 77.14%
[max diff] DIFF L2D_CACHE_REFILL: 135
[max diff] DIFF L2D_CACHE_INVAL: 0

===========================================================
taskpendcnt:507362
t0:3125 ns
t1:5875 ns
t2:99458 ns
benchmark: Franka-derived Cartesian-impedance kernel, input trace:8, timer period:1.000 ms
controller source: franka_ros2 jazzy@73a1501d, updates:507385, SVD sweeps:5
pose error:[0.010000 0.015000 0.010000 -0.000000 0.049979 -0.000000]
tau[0:6]:[-0.274004 -0.324180 0.001577 -0.231466 0.050986 -0.328952 0.010844]
kernel exec min/avg/max: 94.50 / 97.31 / 123.08 us, samples:507394
pressure status:1, copy rounds total/window:2151/10, 4.40 rounds/s
pressure logical copy:21510.00 MiB total, approx 43.98 MiB/s, checksum:2864468459520
pressure report window:2.273662 s
t0_region>
[1]:88734
[2]:187840
[3]:155781
[4]:39311
[5]:6448
[6]:3931
[7]:6323
[8]:8980
[9]:5124
[10]:1604
[11]:936
[12]:673
[13]:581
[14]:415
[15]:273
[16]:194
[17]:111
[18]:83
[19]:28
[20]:14
[21]:5
[22]:3
[24]:1
[25]:7
[26]:1
[27]:2
[28]:2
[30]:2
[31]:2
[32]:1
[33]:2
[35]:2
[36]:2
[47]:1
[54]:1

t1_region>
[2]:3068
[3]:28933
[4]:37017
[5]:39444
[6]:73681
[7]:104457
[8]:102133
[9]:55714
[10]:21543
[11]:6586
[12]:2586
[13]:1902
[14]:1780
[15]:2187
[16]:4019
[17]:6814
[18]:5579
[19]:2257
[20]:874
[21]:675
[22]:661
[23]:623
[24]:593
[25]:512
[26]:474
[27]:484
[28]:429
[29]:357
[30]:326
[31]:329
[32]:284
[33]:230
[34]:218
[35]:173
[36]:160
[37]:106
[38]:72
[39]:39
[40]:30
[41]:19
[42]:18
[43]:8
[44]:8
[45]:6
[46]:7
[47]:3
[48]:2
[49]:2
[53]:1
[54]:1
[55]:1
[56]:1
[58]:3
[59]:3
[61]:2
[64]:3
[65]:2
[68]:3
[69]:3
[70]:1
[72]:2
[74]:1

t2_region>
[97]:332
[98]:7727
[99]:12032
[100]:26141
[101]:36074
[102]:45671
[103]:61101
[104]:77925
[105]:87574
[106]:58555
[107]:24612
[108]:12919
[109]:11166
[110]:8679
[111]:4814
[112]:2627
[113]:2549
[114]:4148
[115]:5232
[116]:4128
[117]:2029
[118]:1289
[119]:1403
[120]:1086
[121]:795
[122]:613
[123]:540
[124]:517
[125]:490
[126]:436
[127]:408
[128]:419
[129]:386
[130]:352
[131]:355
[132]:291
[133]:319
[134]:275
[135]:233
[136]:199
[137]:181
[138]:142
[139]:125
[140]:114
[141]:85
[142]:72
[143]:58
[144]:53
[145]:57
[146]:34
[147]:28
[148]:24
[149]:16
[150]:14
[151]:8
[152]:6
[153]:7
[154]:5
[156]:2
[157]:1
[159]:1
[160]:2
[161]:3
[163]:2
[165]:1
[166]:2
[167]:2
[168]:2
[170]:2
[172]:2
[173]:3
[174]:2
[175]:1
[177]:1
[179]:1
[180]:1
[182]:1
[186]:1

t0_min: 1.08 us, round:1998
t0_max: 54.29 us, round:302719
t0_jitter: 53.21 us

t1_min: 2.67 us, round:2027
t1_max: 74.13 us, round:302719
t1_jitter: 71.46 us

t2_min: 97.29 us, round:6326
t2_max: 186.38 us, round:302721
t2_jitter: 89.08 us

PMU diff samples: 507593
AVG DIFF LL_CACHE_RD: 98.96
AVG DIFF LL_CACHE_MISS_RD: 42.47
AVG DIFF L2D_CACHE_REFILL: 42.59
AVG DIFF L2D_CACHE_INVAL: 0.00
[cur diff] DIFF LL_CACHE_RD: 4, DIFF LL_CACHE_MISS_RD: 3, MISS_RATE: 75.00%
[cur diff] DIFF L2D_CACHE_REFILL: 3
[cur diff] DIFF L2D_CACHE_INVAL: 0
[max diff] DIFF LL_CACHE_RD: 175, DIFF LL_CACHE_MISS_RD: 135, MISS_RATE: 77.14%
[max diff] DIFF L2D_CACHE_REFILL: 135
[max diff] DIFF L2D_CACHE_INVAL: 0

===========================================================
taskpendcnt:509636
t0:3000 ns
t1:3541 ns
t2:101666 ns
benchmark: Franka-derived Cartesian-impedance kernel, input trace:8, timer period:1.000 ms
controller source: franka_ros2 jazzy@73a1501d, updates:509659, SVD sweeps:5
pose error:[0.010000 0.015000 0.010000 -0.000000 0.049979 -0.000000]
tau[0:6]:[1.228026 0.081850 0.819520 0.875435 0.745706 -0.833381 0.398995]
kernel exec min/avg/max: 94.50 / 97.31 / 123.08 us, samples:509668
pressure status:1, copy rounds total/window:2160/9, 3.96 rounds/s
pressure logical copy:21600.00 MiB total, approx 39.58 MiB/s, checksum:2876453683200
pressure report window:2.273861 s
t0_region>
[1]:89120
[2]:188627
[3]:156518
[4]:39551
[5]:6477
[6]:3940
[7]:6346
[8]:9014
[9]:5152
[10]:1605
[11]:936
[12]:673
[13]:581
[14]:415
[15]:273
[16]:194
[17]:111
[18]:83
[19]:28
[20]:14
[21]:5
[22]:3
[24]:1
[25]:7
[26]:1
[27]:2
[28]:2
[30]:2
[31]:2
[32]:1
[33]:2
[35]:2
[36]:2
[47]:1
[54]:1

t1_region>
[2]:3085
[3]:29058
[4]:37162
[5]:39612
[6]:74014
[7]:104929
[8]:102644
[9]:55963
[10]:21656
[11]:6621
[12]:2594
[13]:1904
[14]:1782
[15]:2195
[16]:4042
[17]:6841
[18]:5606
[19]:2263
[20]:875
[21]:676
[22]:661
[23]:623
[24]:593
[25]:512
[26]:474
[27]:484
[28]:429
[29]:357
[30]:326
[31]:329
[32]:284
[33]:230
[34]:218
[35]:173
[36]:160
[37]:106
[38]:72
[39]:39
[40]:30
[41]:19
[42]:18
[43]:8
[44]:8
[45]:6
[46]:7
[47]:3
[48]:2
[49]:2
[53]:1
[54]:1
[55]:1
[56]:1
[58]:3
[59]:3
[61]:2
[64]:3
[65]:2
[68]:3
[69]:3
[70]:1
[72]:2
[74]:1

t2_region>
[97]:332
[98]:7746
[99]:12075
[100]:26260
[101]:36244
[102]:45863
[103]:61386
[104]:78266
[105]:88000
[106]:58842
[107]:24715
[108]:12981
[109]:11215
[110]:8727
[111]:4835
[112]:2639
[113]:2558
[114]:4173
[115]:5253
[116]:4149
[117]:2035
[118]:1295
[119]:1406
[120]:1090
[121]:796
[122]:613
[123]:540
[124]:517
[125]:490
[126]:436
[127]:408
[128]:419
[129]:386
[130]:352
[131]:355
[132]:291
[133]:319
[134]:275
[135]:233
[136]:199
[137]:181
[138]:142
[139]:125
[140]:114
[141]:85
[142]:72
[143]:58
[144]:53
[145]:57
[146]:34
[147]:28
[148]:24
[149]:16
[150]:14
[151]:8
[152]:6
[153]:7
[154]:5
[156]:2
[157]:1
[159]:1
[160]:2
[161]:3
[163]:2
[165]:1
[166]:2
[167]:2
[168]:2
[170]:2
[172]:2
[173]:3
[174]:2
[175]:1
[177]:1
[179]:1
[180]:1
[182]:1
[186]:1

t0_min: 1.08 us, round:1998
t0_max: 54.29 us, round:302719
t0_jitter: 53.21 us

t1_min: 2.67 us, round:2027
t1_max: 74.13 us, round:302719
t1_jitter: 71.46 us

t2_min: 97.29 us, round:6326
t2_max: 186.38 us, round:302721
t2_jitter: 89.08 us

PMU diff samples: 509867
AVG DIFF LL_CACHE_RD: 98.96
AVG DIFF LL_CACHE_MISS_RD: 42.47
AVG DIFF L2D_CACHE_REFILL: 42.59
AVG DIFF L2D_CACHE_INVAL: 0.00
[cur diff] DIFF LL_CACHE_RD: 7, DIFF LL_CACHE_MISS_RD: 5, MISS_RATE: 71.43%
[cur diff] DIFF L2D_CACHE_REFILL: 3
[cur diff] DIFF L2D_CACHE_INVAL: 0
[max diff] DIFF LL_CACHE_RD: 175, DIFF LL_CACHE_MISS_RD: 135, MISS_RATE: 77.14%
[max diff] DIFF L2D_CACHE_REFILL: 135
[max diff] DIFF L2D_CACHE_INVAL: 0

===========================================================
taskpendcnt:511909
t0:4208 ns
t1:4625 ns
t2:99375 ns
benchmark: Franka-derived Cartesian-impedance kernel, input trace:8, timer period:1.000 ms
controller source: franka_ros2 jazzy@73a1501d, updates:511932, SVD sweeps:5
pose error:[0.010000 0.015000 0.010000 -0.000000 0.049979 -0.000000]
tau[0:6]:[1.376914 -0.104433 0.790225 0.843903 0.642107 -0.956178 0.423547]
kernel exec min/avg/max: 94.50 / 97.31 / 123.08 us, samples:511941
pressure status:1, copy rounds total/window:2170/10, 4.40 rounds/s
pressure logical copy:21700.00 MiB total, approx 44.00 MiB/s, checksum:2889770598400
pressure report window:2.272962 s
t0_region>
[1]:89499
[2]:189484
[3]:157286
[4]:39716
[5]:6497
[6]:3952
[7]:6366
[8]:9045
[9]:5171
[10]:1607
[11]:936
[12]:673
[13]:581
[14]:415
[15]:273
[16]:194
[17]:111
[18]:83
[19]:28
[20]:14
[21]:5
[22]:3
[24]:1
[25]:7
[26]:1
[27]:2
[28]:2
[30]:2
[31]:2
[32]:1
[33]:2
[35]:2
[36]:2
[47]:1
[54]:1

t1_region>
[2]:3101
[3]:29179
[4]:37313
[5]:39773
[6]:74336
[7]:105471
[8]:103119
[9]:56233
[10]:21750
[11]:6645
[12]:2609
[13]:1908
[14]:1787
[15]:2203
[16]:4053
[17]:6868
[18]:5626
[19]:2268
[20]:877
[21]:676
[22]:661
[23]:623
[24]:593
[25]:512
[26]:474
[27]:484
[28]:429
[29]:357
[30]:326
[31]:329
[32]:284
[33]:230
[34]:218
[35]:173
[36]:160
[37]:106
[38]:72
[39]:39
[40]:30
[41]:19
[42]:18
[43]:8
[44]:8
[45]:6
[46]:7
[47]:3
[48]:2
[49]:2
[53]:1
[54]:1
[55]:1
[56]:1
[58]:3
[59]:3
[61]:2
[64]:3
[65]:2
[68]:3
[69]:3
[70]:1
[72]:2
[74]:1

t2_region>
[97]:332
[98]:7764
[99]:12125
[100]:26373
[101]:36397
[102]:46065
[103]:61635
[104]:78664
[105]:88446
[106]:59138
[107]:24821
[108]:13027
[109]:11265
[110]:8769
[111]:4854
[112]:2650
[113]:2569
[114]:4186
[115]:5281
[116]:4160
[117]:2038
[118]:1297
[119]:1408
[120]:1092
[121]:799
[122]:613
[123]:540
[124]:517
[125]:490
[126]:436
[127]:408
[128]:419
[129]:386
[130]:352
[131]:355
[132]:291
[133]:319
[134]:275
[135]:233
[136]:199
[137]:181
[138]:142
[139]:125
[140]:114
[141]:85
[142]:72
[143]:58
[144]:53
[145]:57
[146]:34
[147]:28
[148]:24
[149]:16
[150]:14
[151]:8
[152]:6
[153]:7
[154]:5
[156]:2
[157]:1
[159]:1
[160]:2
[161]:3
[163]:2
[165]:1
[166]:2
[167]:2
[168]:2
[170]:2
[172]:2
[173]:3
[174]:2
[175]:1
[177]:1
[179]:1
[180]:1
[182]:1
[186]:1

t0_min: 1.08 us, round:1998
t0_max: 54.29 us, round:302719
t0_jitter: 53.21 us

t1_min: 2.67 us, round:2027
t1_max: 74.13 us, round:302719
t1_jitter: 71.46 us

t2_min: 97.29 us, round:6326
t2_max: 186.38 us, round:302721
t2_jitter: 89.08 us

PMU diff samples: 512140
AVG DIFF LL_CACHE_RD: 98.96
AVG DIFF LL_CACHE_MISS_RD: 42.47
AVG DIFF L2D_CACHE_REFILL: 42.59
AVG DIFF L2D_CACHE_INVAL: 0.00
[cur diff] DIFF LL_CACHE_RD: 9, DIFF LL_CACHE_MISS_RD: 7, MISS_RATE: 77.78%
[cur diff] DIFF L2D_CACHE_REFILL: 0
[cur diff] DIFF L2D_CACHE_INVAL: 0
[max diff] DIFF LL_CACHE_RD: 175, DIFF LL_CACHE_MISS_RD: 135, MISS_RATE: 77.14%
[max diff] DIFF L2D_CACHE_REFILL: 135
[max diff] DIFF L2D_CACHE_INVAL: 0

===========================================================
taskpendcnt:514182
t0:3375 ns
t1:5250 ns
t2:101625 ns
benchmark: Franka-derived Cartesian-impedance kernel, input trace:8, timer period:1.000 ms
controller source: franka_ros2 jazzy@73a1501d, updates:514205, SVD sweeps:5
pose error:[0.010000 0.015000 0.010000 -0.000000 0.049979 -0.000000]
tau[0:6]:[-0.567483 -0.552304 -0.482512 -0.231067 -0.297494 -0.656094 -0.085004]
kernel exec min/avg/max: 94.50 / 97.31 / 123.08 us, samples:514214
pressure status:1, copy rounds total/window:2180/10, 4.40 rounds/s
pressure logical copy:21800.00 MiB total, approx 43.99 MiB/s, checksum:2903087513600
pressure report window:2.273440 s
t0_region>
[1]:89868
[2]:190369
[3]:157999
[4]:39917
[5]:6519
[6]:3957
[7]:6384
[8]:9078
[9]:5194
[10]:1611
[11]:936
[12]:673
[13]:581
[14]:415
[15]:273
[16]:194
[17]:111
[18]:83
[19]:28
[20]:14
[21]:5
[22]:3
[24]:1
[25]:7
[26]:1
[27]:2
[28]:2
[30]:2
[31]:2
[32]:1
[33]:2
[35]:2
[36]:2
[47]:1
[54]:1

t1_region>
[2]:3115
[3]:29312
[4]:37442
[5]:39952
[6]:74692
[7]:105978
[8]:103576
[9]:56508
[10]:21846
[11]:6673
[12]:2622
[13]:1913
[14]:1789
[15]:2206
[16]:4068
[17]:6891
[18]:5652
[19]:2279
[20]:879
[21]:676
[22]:661
[23]:623
[24]:593
[25]:512
[26]:474
[27]:484
[28]:429
[29]:357
[30]:326
[31]:329
[32]:284
[33]:230
[34]:218
[35]:173
[36]:160
[37]:106
[38]:72
[39]:39
[40]:30
[41]:19
[42]:18
[43]:8
[44]:8
[45]:6
[46]:7
[47]:3
[48]:2
[49]:2
[53]:1
[54]:1
[55]:1
[56]:1
[58]:3
[59]:3
[61]:2
[64]:3
[65]:2
[68]:3
[69]:3
[70]:1
[72]:2
[74]:1

t2_region>
[97]:332
[98]:7789
[99]:12175
[100]:26478
[101]:36564
[102]:46253
[103]:61937
[104]:79034
[105]:88841
[106]:59427
[107]:24962
[108]:13084
[109]:11305
[110]:8810
[111]:4870
[112]:2655
[113]:2574
[114]:4201
[115]:5308
[116]:4177
[117]:2046
[118]:1299
[119]:1414
[120]:1094
[121]:799
[122]:613
[123]:540
[124]:517
[125]:490
[126]:436
[127]:408
[128]:419
[129]:386
[130]:352
[131]:355
[132]:291
[133]:319
[134]:275
[135]:233
[136]:199
[137]:181
[138]:142
[139]:125
[140]:114
[141]:85
[142]:72
[143]:58
[144]:53
[145]:57
[146]:34
[147]:28
[148]:24
[149]:16
[150]:14
[151]:8
[152]:6
[153]:7
[154]:5
[156]:2
[157]:1
[159]:1
[160]:2
[161]:3
[163]:2
[165]:1
[166]:2
[167]:2
[168]:2
[170]:2
[172]:2
[173]:3
[174]:2
[175]:1
[177]:1
[179]:1
[180]:1
[182]:1
[186]:1

t0_min: 1.08 us, round:1998
t0_max: 54.29 us, round:302719
t0_jitter: 53.21 us

t1_min: 2.67 us, round:2027
t1_max: 74.13 us, round:302719
t1_jitter: 71.46 us

t2_min: 97.29 us, round:6326
t2_max: 186.38 us, round:302721
t2_jitter: 89.08 us

PMU diff samples: 514414
AVG DIFF LL_CACHE_RD: 98.96
AVG DIFF LL_CACHE_MISS_RD: 42.47
AVG DIFF L2D_CACHE_REFILL: 42.59
AVG DIFF L2D_CACHE_INVAL: 0.00
[cur diff] DIFF LL_CACHE_RD: 4, DIFF LL_CACHE_MISS_RD: 0, MISS_RATE: 0.00%
[cur diff] DIFF L2D_CACHE_REFILL: 2
[cur diff] DIFF L2D_CACHE_INVAL: 0
[max diff] DIFF LL_CACHE_RD: 175, DIFF LL_CACHE_MISS_RD: 135, MISS_RATE: 77.14%
[max diff] DIFF L2D_CACHE_REFILL: 135
[max diff] DIFF L2D_CACHE_INVAL: 0

===========================================================
taskpendcnt:516456
t0:3250 ns
t1:3958 ns
t2:101791 ns
benchmark: Franka-derived Cartesian-impedance kernel, input trace:8, timer period:1.000 ms
controller source: franka_ros2 jazzy@73a1501d, updates:516479, SVD sweeps:5
pose error:[0.010000 0.015000 0.010000 -0.000000 0.049979 -0.000000]
tau[0:6]:[-2.379368 -1.292411 -1.655224 -1.570015 -1.185234 -0.066588 -0.610247]
kernel exec min/avg/max: 94.50 / 97.31 / 123.08 us, samples:516488
pressure status:1, copy rounds total/window:2189/9, 3.96 rounds/s
pressure logical copy:21890.00 MiB total, approx 39.58 MiB/s, checksum:2915072737280
pressure report window:2.273978 s
t0_region>
[1]:90225
[2]:191196
[3]:158790
[4]:40103
[5]:6539
[6]:3965
[7]:6396
[8]:9124
[9]:5219
[10]:1613
[11]:936
[12]:673
[13]:581
[14]:415
[15]:273
[16]:194
[17]:111
[18]:83
[19]:28
[20]:14
[21]:5
[22]:3
[24]:1
[25]:7
[26]:1
[27]:2
[28]:2
[30]:2
[31]:2
[32]:1
[33]:2
[35]:2
[36]:2
[47]:1
[54]:1

t1_region>
[2]:3124
[3]:29433
[4]:37592
[5]:40119
[6]:75030
[7]:106464
[8]:104050
[9]:56782
[10]:21969
[11]:6698
[12]:2630
[13]:1917
[14]:1794
[15]:2212
[16]:4081
[17]:6928
[18]:5676
[19]:2288
[20]:880
[21]:676
[22]:661
[23]:623
[24]:593
[25]:512
[26]:474
[27]:484
[28]:429
[29]:357
[30]:326
[31]:329
[32]:284
[33]:230
[34]:218
[35]:173
[36]:160
[37]:106
[38]:72
[39]:39
[40]:30
[41]:19
[42]:18
[43]:8
[44]:8
[45]:6
[46]:7
[47]:3
[48]:2
[49]:2
[53]:1
[54]:1
[55]:1
[56]:1
[58]:3
[59]:3
[61]:2
[64]:3
[65]:2
[68]:3
[69]:3
[70]:1
[72]:2
[74]:1

t2_region>
[97]:332
[98]:7807
[99]:12217
[100]:26592
[101]:36723
[102]:46450
[103]:62203
[104]:79395
[105]:89270
[106]:59713
[107]:25110
[108]:13142
[109]:11352
[110]:8842
[111]:4885
[112]:2666
[113]:2579
[114]:4219
[115]:5332
[116]:4198
[117]:2052
[118]:1301
[119]:1421
[120]:1098
[121]:802
[122]:614
[123]:540
[124]:517
[125]:490
[126]:436
[127]:408
[128]:419
[129]:386
[130]:352
[131]:355
[132]:291
[133]:319
[134]:275
[135]:233
[136]:199
[137]:181
[138]:142
[139]:125
[140]:114
[141]:85
[142]:72
[143]:58
[144]:53
[145]:57
[146]:34
[147]:28
[148]:24
[149]:16
[150]:14
[151]:8
[152]:6
[153]:7
[154]:5
[156]:2
[157]:1
[159]:1
[160]:2
[161]:3
[163]:2
[165]:1
[166]:2
[167]:2
[168]:2
[170]:2
[172]:2
[173]:3
[174]:2
[175]:1
[177]:1
[179]:1
[180]:1
[182]:1
[186]:1

t0_min: 1.08 us, round:1998
t0_max: 54.29 us, round:302719
t0_jitter: 53.21 us

t1_min: 2.67 us, round:2027
t1_max: 74.13 us, round:302719
t1_jitter: 71.46 us

t2_min: 97.29 us, round:6326
t2_max: 186.38 us, round:302721
t2_jitter: 89.08 us

PMU diff samples: 516688
AVG DIFF LL_CACHE_RD: 98.96
AVG DIFF LL_CACHE_MISS_RD: 42.47
AVG DIFF L2D_CACHE_REFILL: 42.59
AVG DIFF L2D_CACHE_INVAL: 0.00
[cur diff] DIFF LL_CACHE_RD: 4, DIFF LL_CACHE_MISS_RD: 0, MISS_RATE: 0.00%
[cur diff] DIFF L2D_CACHE_REFILL: 3
[cur diff] DIFF L2D_CACHE_INVAL: 0
[max diff] DIFF LL_CACHE_RD: 175, DIFF LL_CACHE_MISS_RD: 135, MISS_RATE: 77.14%
[max diff] DIFF L2D_CACHE_REFILL: 135
[max diff] DIFF L2D_CACHE_INVAL: 0

===========================================================
taskpendcnt:518730
t0:3416 ns
t1:5583 ns
t2:102250 ns
benchmark: Franka-derived Cartesian-impedance kernel, input trace:8, timer period:1.000 ms
controller source: franka_ros2 jazzy@73a1501d, updates:518753, SVD sweeps:5
pose error:[0.010000 0.015000 0.010000 -0.000000 0.049979 -0.000000]
tau[0:6]:[-0.274004 -0.324180 0.001577 -0.231466 0.050986 -0.328952 0.010844]
kernel exec min/avg/max: 94.50 / 97.31 / 123.08 us, samples:518762
pressure status:1, copy rounds total/window:2199/10, 4.40 rounds/s
pressure logical copy:21990.00 MiB total, approx 43.98 MiB/s, checksum:2928389652480
pressure report window:2.273711 s
t0_region>
[1]:90618
[2]:192062
[3]:159505
[4]:40295
[5]:6560
[6]:3972
[7]:6422
[8]:9158
[9]:5235
[10]:1616
[11]:936
[12]:673
[13]:581
[14]:415
[15]:273
[16]:194
[17]:111
[18]:83
[19]:28
[20]:14
[21]:5
[22]:3
[24]:1
[25]:7
[26]:1
[27]:2
[28]:2
[30]:2
[31]:2
[32]:1
[33]:2
[35]:2
[36]:2
[47]:1
[54]:1

t1_region>
[2]:3136
[3]:29538
[4]:37756
[5]:40308
[6]:75393
[7]:106938
[8]:104509
[9]:57055
[10]:22081
[11]:6725
[12]:2635
[13]:1919
[14]:1800
[15]:2220
[16]:4104
[17]:6954
[18]:5697
[19]:2291
[20]:881
[21]:676
[22]:661
[23]:624
[24]:593
[25]:512
[26]:474
[27]:484
[28]:429
[29]:357
[30]:326
[31]:329
[32]:284
[33]:230
[34]:218
[35]:173
[36]:160
[37]:106
[38]:72
[39]:39
[40]:30
[41]:19
[42]:18
[43]:8
[44]:8
[45]:6
[46]:7
[47]:3
[48]:2
[49]:2
[53]:1
[54]:1
[55]:1
[56]:1
[58]:3
[59]:3
[61]:2
[64]:3
[65]:2
[68]:3
[69]:3
[70]:1
[72]:2
[74]:1

t2_region>
[97]:332
[98]:7823
[99]:12266
[100]:26699
[101]:36901
[102]:46670
[103]:62502
[104]:79756
[105]:89612
[106]:59995
[107]:25253
[108]:13202
[109]:11407
[110]:8886
[111]:4911
[112]:2671
[113]:2597
[114]:4231
[115]:5357
[116]:4213
[117]:2057
[118]:1306
[119]:1425
[120]:1099
[121]:804
[122]:614
[123]:540
[124]:517
[125]:490
[126]:436
[127]:408
[128]:419
[129]:386
[130]:352
[131]:355
[132]:291
[133]:319
[134]:275
[135]:233
[136]:199
[137]:181
[138]:142
[139]:125
[140]:114
[141]:85
[142]:72
[143]:58
[144]:53
[145]:57
[146]:34
[147]:28
[148]:24
[149]:16
[150]:14
[151]:8
[152]:6
[153]:7
[154]:5
[156]:2
[157]:1
[159]:1
[160]:2
[161]:3
[163]:2
[165]:1
[166]:2
[167]:2
[168]:2
[170]:2
[172]:2
[173]:3
[174]:2
[175]:1
[177]:1
[179]:1
[180]:1
[182]:1
[186]:1

t0_min: 1.08 us, round:1998
t0_max: 54.29 us, round:302719
t0_jitter: 53.21 us

t1_min: 2.67 us, round:2027
t1_max: 74.13 us, round:302719
t1_jitter: 71.46 us

t2_min: 97.29 us, round:6326
t2_max: 186.38 us, round:302721
t2_jitter: 89.08 us

PMU diff samples: 518961
AVG DIFF LL_CACHE_RD: 98.96
AVG DIFF LL_CACHE_MISS_RD: 42.47
AVG DIFF L2D_CACHE_REFILL: 42.59
AVG DIFF L2D_CACHE_INVAL: 0.00
[cur diff] DIFF LL_CACHE_RD: 3, DIFF LL_CACHE_MISS_RD: 2, MISS_RATE: 66.67%
[cur diff] DIFF L2D_CACHE_REFILL: 6
[cur diff] DIFF L2D_CACHE_INVAL: 0
[max diff] DIFF LL_CACHE_RD: 175, DIFF LL_CACHE_MISS_RD: 135, MISS_RATE: 77.14%
[max diff] DIFF L2D_CACHE_REFILL: 135
[max diff] DIFF L2D_CACHE_INVAL: 0

===========================================================
taskpendcnt:521004
t0:3583 ns
t1:5750 ns
t2:101541 ns
benchmark: Franka-derived Cartesian-impedance kernel, input trace:8, timer period:1.000 ms
controller source: franka_ros2 jazzy@73a1501d, updates:521027, SVD sweeps:5
pose error:[0.010000 0.015000 0.010000 -0.000000 0.049979 -0.000000]
tau[0:6]:[1.228026 0.081850 0.819520 0.875435 0.745706 -0.833381 0.398995]
kernel exec min/avg/max: 94.50 / 97.31 / 123.08 us, samples:521036
pressure status:1, copy rounds total/window:2208/9, 3.96 rounds/s
pressure logical copy:22080.00 MiB total, approx 39.58 MiB/s, checksum:2940374876160
pressure report window:2.273737 s
t0_region>
[1]:90991
[2]:192889
[3]:160249
[4]:40503
[5]:6587
[6]:3990
[7]:6443
[8]:9195
[9]:5252
[10]:1618
[11]:936
[12]:673
[13]:581
[14]:415
[15]:273
[16]:194
[17]:111
[18]:83
[19]:28
[20]:14
[21]:5
[22]:3
[24]:1
[25]:7
[26]:1
[27]:2
[28]:2
[30]:2
[31]:2
[32]:1
[33]:2
[35]:2
[36]:2
[47]:1
[54]:1

t1_region>
[2]:3147
[3]:29669
[4]:37890
[5]:40473
[6]:75748
[7]:107400
[8]:104974
[9]:57339
[10]:22192
[11]:6759
[12]:2650
[13]:1929
[14]:1816
[15]:2229
[16]:4121
[17]:6979
[18]:5718
[19]:2297
[20]:883
[21]:676
[22]:661
[23]:624
[24]:593
[25]:512
[26]:474
[27]:484
[28]:429
[29]:357
[30]:326
[31]:329
[32]:284
[33]:230
[34]:218
[35]:173
[36]:160
[37]:106
[38]:72
[39]:39
[40]:30
[41]:19
[42]:18
[43]:8
[44]:8
[45]:6
[46]:7
[47]:3
[48]:2
[49]:2
[53]:1
[54]:1
[55]:1
[56]:1
[58]:3
[59]:3
[61]:2
[64]:3
[65]:2
[68]:3
[69]:3
[70]:1
[72]:2
[74]:1

t2_region>
[97]:332
[98]:7840
[99]:12318
[100]:26802
[101]:37066
[102]:46861
[103]:62774
[104]:80108
[105]:90045
[106]:60261
[107]:25388
[108]:13271
[109]:11464
[110]:8926
[111]:4935
[112]:2690
[113]:2605
[114]:4247
[115]:5379
[116]:4229
[117]:2063
[118]:1310
[119]:1428
[120]:1102
[121]:805
[122]:614
[123]:540
[124]:517
[125]:490
[126]:436
[127]:408
[128]:419
[129]:386
[130]:352
[131]:355
[132]:291
[133]:319
[134]:275
[135]:233
[136]:199
[137]:181
[138]:142
[139]:125
[140]:114
[141]:85
[142]:72
[143]:58
[144]:53
[145]:57
[146]:34
[147]:28
[148]:24
[149]:16
[150]:14
[151]:8
[152]:6
[153]:7
[154]:5
[156]:2
[157]:1
[159]:1
[160]:2
[161]:3
[163]:2
[165]:1
[166]:2
[167]:2
[168]:2
[170]:2
[172]:2
[173]:3
[174]:2
[175]:1
[177]:1
[179]:1
[180]:1
[182]:1
[186]:1

t0_min: 1.08 us, round:1998
t0_max: 54.29 us, round:302719
t0_jitter: 53.21 us

t1_min: 2.67 us, round:2027
t1_max: 74.13 us, round:302719
t1_jitter: 71.46 us

t2_min: 97.29 us, round:6326
t2_max: 186.38 us, round:302721
t2_jitter: 89.08 us

PMU diff samples: 521235
AVG DIFF LL_CACHE_RD: 98.95
AVG DIFF LL_CACHE_MISS_RD: 42.47
AVG DIFF L2D_CACHE_REFILL: 42.60
AVG DIFF L2D_CACHE_INVAL: 0.00
[cur diff] DIFF LL_CACHE_RD: 11, DIFF LL_CACHE_MISS_RD: 9, MISS_RATE: 81.82%
[cur diff] DIFF L2D_CACHE_REFILL: 3
[cur diff] DIFF L2D_CACHE_INVAL: 0
[max diff] DIFF LL_CACHE_RD: 175, DIFF LL_CACHE_MISS_RD: 135, MISS_RATE: 77.14%
[max diff] DIFF L2D_CACHE_REFILL: 135
[max diff] DIFF L2D_CACHE_INVAL: 0

===========================================================
taskpendcnt:523277
t0:3041 ns
t1:4625 ns
t2:102166 ns
benchmark: Franka-derived Cartesian-impedance kernel, input trace:8, timer period:1.000 ms
controller source: franka_ros2 jazzy@73a1501d, updates:523300, SVD sweeps:5
pose error:[0.010000 0.015000 0.010000 -0.000000 0.049979 -0.000000]
tau[0:6]:[1.376914 -0.104433 0.790225 0.843903 0.642107 -0.956178 0.423547]
kernel exec min/avg/max: 94.50 / 97.31 / 123.08 us, samples:523309
pressure status:1, copy rounds total/window:2218/10, 4.40 rounds/s
pressure logical copy:22180.00 MiB total, approx 43.99 MiB/s, checksum:2953691791360
pressure report window:2.273082 s
t0_region>
[1]:91355
[2]:193728
[3]:161038
[4]:40674
[5]:6601
[6]:4002
[7]:6463
[8]:9233
[9]:5279
[10]:1618
[11]:936
[12]:673
[13]:581
[14]:415
[15]:273
[16]:194
[17]:111
[18]:83
[19]:28
[20]:14
[21]:5
[22]:3
[24]:1
[25]:7
[26]:1
[27]:2
[28]:2
[30]:2
[31]:2
[32]:1
[33]:2
[35]:2
[36]:2
[47]:1
[54]:1

t1_region>
[2]:3157
[3]:29784
[4]:38048
[5]:40664
[6]:76065
[7]:107880
[8]:105481
[9]:57609
[10]:22291
[11]:6777
[12]:2655
[13]:1937
[14]:1818
[15]:2237
[16]:4139
[17]:7006
[18]:5744
[19]:2310
[20]:883
[21]:676
[22]:661
[23]:624
[24]:593
[25]:512
[26]:474
[27]:484
[28]:429
[29]:357
[30]:326
[31]:329
[32]:284
[33]:230
[34]:218
[35]:173
[36]:160
[37]:106
[38]:72
[39]:39
[40]:30
[41]:19
[42]:18
[43]:8
[44]:8
[45]:6
[46]:7
[47]:3
[48]:2
[49]:2
[53]:1
[54]:1
[55]:1
[56]:1
[58]:3
[59]:3
[61]:2
[64]:3
[65]:2
[68]:3
[69]:3
[70]:1
[72]:2
[74]:1

t2_region>
[97]:332
[98]:7862
[99]:12365
[100]:26900
[101]:37256
[102]:47051
[103]:63052
[104]:80450
[105]:90446
[106]:60589
[107]:25508
[108]:13335
[109]:11516
[110]:8953
[111]:4950
[112]:2697
[113]:2615
[114]:4262
[115]:5398
[116]:4251
[117]:2069
[118]:1317
[119]:1432
[120]:1108
[121]:808
[122]:614
[123]:540
[124]:517
[125]:490
[126]:436
[127]:408
[128]:419
[129]:386
[130]:352
[131]:355
[132]:291
[133]:319
[134]:275
[135]:233
[136]:199
[137]:181
[138]:142
[139]:125
[140]:114
[141]:85
[142]:72
[143]:58
[144]:53
[145]:57
[146]:34
[147]:28
[148]:24
[149]:16
[150]:14
[151]:8
[152]:6
[153]:7
[154]:5
[156]:2
[157]:1
[159]:1
[160]:2
[161]:3
[163]:2
[165]:1
[166]:2
[167]:2
[168]:2
[170]:2
[172]:2
[173]:3
[174]:2
[175]:1
[177]:1
[179]:1
[180]:1
[182]:1
[186]:1

t0_min: 1.08 us, round:1998
t0_max: 54.29 us, round:302719
t0_jitter: 53.21 us

t1_min: 2.67 us, round:2027
t1_max: 74.13 us, round:302719
t1_jitter: 71.46 us

t2_min: 97.29 us, round:6326
t2_max: 186.38 us, round:302721
t2_jitter: 89.08 us

PMU diff samples: 523508
AVG DIFF LL_CACHE_RD: 98.95
AVG DIFF LL_CACHE_MISS_RD: 42.47
AVG DIFF L2D_CACHE_REFILL: 42.60
AVG DIFF L2D_CACHE_INVAL: 0.00
[cur diff] DIFF LL_CACHE_RD: 4, DIFF LL_CACHE_MISS_RD: 2, MISS_RATE: 50.00%
[cur diff] DIFF L2D_CACHE_REFILL: 4
[cur diff] DIFF L2D_CACHE_INVAL: 0
[max diff] DIFF LL_CACHE_RD: 175, DIFF LL_CACHE_MISS_RD: 135, MISS_RATE: 77.14%
[max diff] DIFF L2D_CACHE_REFILL: 135
[max diff] DIFF L2D_CACHE_INVAL: 0

===========================================================
taskpendcnt:525551
t0:3500 ns
t1:4500 ns
t2:101458 ns
benchmark: Franka-derived Cartesian-impedance kernel, input trace:8, timer period:1.000 ms
controller source: franka_ros2 jazzy@73a1501d, updates:525574, SVD sweeps:5
pose error:[0.010000 0.015000 0.010000 -0.000000 0.049979 -0.000000]
tau[0:6]:[-2.781770 -1.613002 -1.930139 -1.581803 -1.382951 -0.390599 -0.663394]
kernel exec min/avg/max: 94.50 / 97.31 / 123.08 us, samples:525583
pressure status:1, copy rounds total/window:2228/10, 4.40 rounds/s
pressure logical copy:22280.00 MiB total, approx 43.97 MiB/s, checksum:2967008706560
pressure report window:2.274403 s
t0_region>
[1]:91713
[2]:194586
[3]:161809
[4]:40862
[5]:6620
[6]:4009
[7]:6480
[8]:9271
[9]:5296
[10]:1619
[11]:936
[12]:673
[13]:581
[14]:415
[15]:273
[16]:194
[17]:111
[18]:83
[19]:28
[20]:14
[21]:5
[22]:3
[24]:1
[25]:7
[26]:1
[27]:2
[28]:2
[30]:2
[31]:2
[32]:1
[33]:2
[35]:2
[36]:2
[47]:1
[54]:1

t1_region>
[2]:3166
[3]:29906
[4]:38205
[5]:40837
[6]:76404
[7]:108364
[8]:105975
[9]:57891
[10]:22384
[11]:6805
[12]:2664
[13]:1942
[14]:1821
[15]:2243
[16]:4150
[17]:7038
[18]:5764
[19]:2319
[20]:883
[21]:676
[22]:661
[23]:624
[24]:593
[25]:512
[26]:474
[27]:484
[28]:429
[29]:357
[30]:326
[31]:329
[32]:284
[33]:230
[34]:218
[35]:173
[36]:160
[37]:106
[38]:72
[39]:39
[40]:30
[41]:19
[42]:18
[43]:8
[44]:8
[45]:6
[46]:7
[47]:3
[48]:2
[49]:2
[53]:1
[54]:1
[55]:1
[56]:1
[58]:3
[59]:3
[61]:2
[64]:3
[65]:2
[68]:3
[69]:3
[70]:1
[72]:2
[74]:1

t2_region>
[97]:332
[98]:7876
[99]:12417
[100]:27014
[101]:37421
[102]:47239
[103]:63338
[104]:80813
[105]:90884
[106]:60849
[107]:25633
[108]:13390
[109]:11578
[110]:9002
[111]:4967
[112]:2706
[113]:2619
[114]:4278
[115]:5422
[116]:4266
[117]:2074
[118]:1319
[119]:1438
[120]:1110
[121]:810
[122]:614
[123]:541
[124]:517
[125]:490
[126]:436
[127]:408
[128]:419
[129]:386
[130]:352
[131]:355
[132]:291
[133]:319
[134]:275
[135]:233
[136]:199
[137]:181
[138]:142
[139]:125
[140]:114
[141]:85
[142]:72
[143]:58
[144]:53
[145]:57
[146]:34
[147]:28
[148]:24
[149]:16
[150]:14
[151]:8
[152]:6
[153]:7
[154]:5
[156]:2
[157]:1
[159]:1
[160]:2
[161]:3
[163]:2
[165]:1
[166]:2
[167]:2
[168]:2
[170]:2
[172]:2
[173]:3
[174]:2
[175]:1
[177]:1
[179]:1
[180]:1
[182]:1
[186]:1

t0_min: 1.08 us, round:1998
t0_max: 54.29 us, round:302719
t0_jitter: 53.21 us

t1_min: 2.67 us, round:2027
t1_max: 74.13 us, round:302719
t1_jitter: 71.46 us

t2_min: 97.29 us, round:6326
t2_max: 186.38 us, round:302721
t2_jitter: 89.08 us

PMU diff samples: 525783
AVG DIFF LL_CACHE_RD: 98.95
AVG DIFF LL_CACHE_MISS_RD: 42.47
AVG DIFF L2D_CACHE_REFILL: 42.59
AVG DIFF L2D_CACHE_INVAL: 0.00
[cur diff] DIFF LL_CACHE_RD: 8, DIFF LL_CACHE_MISS_RD: 6, MISS_RATE: 75.00%
[cur diff] DIFF L2D_CACHE_REFILL: 1
[cur diff] DIFF L2D_CACHE_INVAL: 0
[max diff] DIFF LL_CACHE_RD: 175, DIFF LL_CACHE_MISS_RD: 135, MISS_RATE: 77.14%
[max diff] DIFF L2D_CACHE_REFILL: 135
[max diff] DIFF L2D_CACHE_INVAL: 0

===========================================================
taskpendcnt:527825
t0:3375 ns
t1:4958 ns
t2:101916 ns
benchmark: Franka-derived Cartesian-impedance kernel, input trace:8, timer period:1.000 ms
controller source: franka_ros2 jazzy@73a1501d, updates:527847, SVD sweeps:5
pose error:[0.010000 0.015000 0.010000 -0.000000 0.049979 -0.000000]
tau[0:6]:[-1.839419 -0.921560 -1.193198 -1.195971 -0.861243 0.113634 -0.461388]
kernel exec min/avg/max: 94.50 / 97.31 / 123.08 us, samples:527857
pressure status:1, copy rounds total/window:2237/9, 3.96 rounds/s
pressure logical copy:22370.00 MiB total, approx 39.58 MiB/s, checksum:2978993930240
pressure report window:2.273882 s
t0_region>
[1]:92096
[2]:195455
[3]:162513
[4]:41053
[5]:6655
[6]:4020
[7]:6505
[8]:9302
[9]:5316
[10]:1623
[11]:936
[12]:673
[13]:581
[14]:415
[15]:273
[16]:194
[17]:111
[18]:83
[19]:28
[20]:14
[21]:5
[22]:3
[24]:1
[25]:7
[26]:1
[27]:2
[28]:2
[30]:2
[31]:2
[32]:1
[33]:2
[35]:2
[36]:2
[47]:1
[54]:1

t1_region>
[2]:3183
[3]:30017
[4]:38357
[5]:41033
[6]:76741
[7]:108830
[8]:106466
[9]:58154
[10]:22486
[11]:6836
[12]:2675
[13]:1949
[14]:1827
[15]:2251
[16]:4170
[17]:7062
[18]:5786
[19]:2328
[20]:884
[21]:676
[22]:661
[23]:624
[24]:593
[25]:512
[26]:474
[27]:484
[28]:429
[29]:357
[30]:326
[31]:329
[32]:284
[33]:230
[34]:218
[35]:173
[36]:160
[37]:106
[38]:72
[39]:39
[40]:30
[41]:19
[42]:18
[43]:8
[44]:8
[45]:6
[46]:7
[47]:3
[48]:2
[49]:2
[53]:1
[54]:1
[55]:1
[56]:1
[58]:3
[59]:3
[61]:2
[64]:3
[65]:2
[68]:3
[69]:3
[70]:1
[72]:2
[74]:1

t2_region>
[97]:332
[98]:7897
[99]:12459
[100]:27123
[101]:37577
[102]:47471
[103]:63615
[104]:81156
[105]:91292
[106]:61130
[107]:25769
[108]:13433
[109]:11638
[110]:9035
[111]:4997
[112]:2717
[113]:2636
[114]:4297
[115]:5444
[116]:4280
[117]:2084
[118]:1322
[119]:1441
[120]:1112
[121]:811
[122]:614
[123]:541
[124]:517
[125]:490
[126]:436
[127]:408
[128]:419
[129]:386
[130]:352
[131]:355
[132]:291
[133]:319
[134]:275
[135]:233
[136]:199
[137]:181
[138]:142
[139]:125
[140]:114
[141]:85
[142]:72
[143]:58
[144]:53
[145]:57
[146]:34
[147]:28
[148]:24
[149]:16
[150]:14
[151]:8
[152]:6
[153]:7
[154]:5
[156]:2
[157]:1
[159]:1
[160]:2
[161]:3
[163]:2
[165]:1
[166]:2
[167]:2
[168]:2
[170]:2
[172]:2
[173]:3
[174]:2
[175]:1
[177]:1
[179]:1
[180]:1
[182]:1
[186]:1

t0_min: 1.08 us, round:1998
t0_max: 54.29 us, round:302719
t0_jitter: 53.21 us

t1_min: 2.67 us, round:2027
t1_max: 74.13 us, round:302719
t1_jitter: 71.46 us

t2_min: 97.29 us, round:6326
t2_max: 186.38 us, round:302721
t2_jitter: 89.08 us

PMU diff samples: 528056
AVG DIFF LL_CACHE_RD: 98.95
AVG DIFF LL_CACHE_MISS_RD: 42.47
AVG DIFF L2D_CACHE_REFILL: 42.59
AVG DIFF L2D_CACHE_INVAL: 0.00
[cur diff] DIFF LL_CACHE_RD: 7, DIFF LL_CACHE_MISS_RD: 6, MISS_RATE: 85.71%
[cur diff] DIFF L2D_CACHE_REFILL: 1
[cur diff] DIFF L2D_CACHE_INVAL: 0
[max diff] DIFF LL_CACHE_RD: 175, DIFF LL_CACHE_MISS_RD: 135, MISS_RATE: 77.14%
[max diff] DIFF L2D_CACHE_REFILL: 135
[max diff] DIFF L2D_CACHE_INVAL: 0

===========================================================
taskpendcnt:530099
t0:4125 ns
t1:5125 ns
t2:102375 ns
benchmark: Franka-derived Cartesian-impedance kernel, input trace:8, timer period:1.000 ms
controller source: franka_ros2 jazzy@73a1501d, updates:530121, SVD sweeps:5
pose error:[0.010000 0.015000 0.010000 -0.000000 0.049979 -0.000000]
tau[0:6]:[0.839771 0.130674 0.617691 0.624912 0.653099 -0.592692 0.265887]
kernel exec min/avg/max: 94.50 / 97.31 / 123.08 us, samples:530131
pressure status:1, copy rounds total/window:2247/10, 4.40 rounds/s
pressure logical copy:22470.00 MiB total, approx 43.98 MiB/s, checksum:2992310845440
pressure report window:2.273561 s
t0_region>
[1]:92456
[2]:196348
[3]:163258
[4]:41229
[5]:6671
[6]:4033
[7]:6517
[8]:9341
[9]:5334
[10]:1625
[11]:936
[12]:673
[13]:581
[14]:415
[15]:273
[16]:194
[17]:111
[18]:83
[19]:28
[20]:14
[21]:5
[22]:3
[24]:1
[25]:7
[26]:1
[27]:2
[28]:2
[30]:2
[31]:2
[32]:1
[33]:2
[35]:2
[36]:2
[47]:1
[54]:1

t1_region>
[2]:3196
[3]:30129
[4]:38523
[5]:41211
[6]:77061
[7]:109365
[8]:106934
[9]:58417
[10]:22582
[11]:6860
[12]:2685
[13]:1953
[14]:1832
[15]:2257
[16]:4182
[17]:7090
[18]:5809
[19]:2334
[20]:887
[21]:677
[22]:661
[23]:624
[24]:593
[25]:512
[26]:474
[27]:484
[28]:429
[29]:357
[30]:326
[31]:329
[32]:284
[33]:230
[34]:218
[35]:173
[36]:160
[37]:106
[38]:72
[39]:39
[40]:30
[41]:19
[42]:18
[43]:8
[44]:8
[45]:6
[46]:7
[47]:3
[48]:2
[49]:2
[53]:1
[54]:1
[55]:1
[56]:1
[58]:3
[59]:3
[61]:2
[64]:3
[65]:2
[68]:3
[69]:3
[70]:1
[72]:2
[74]:1

t2_region>
[97]:332
[98]:7911
[99]:12508
[100]:27247
[101]:37742
[102]:47654
[103]:63859
[104]:81539
[105]:91717
[106]:61461
[107]:25891
[108]:13480
[109]:11683
[110]:9064
[111]:5017
[112]:2731
[113]:2642
[114]:4316
[115]:5461
[116]:4303
[117]:2089
[118]:1326
[119]:1445
[120]:1113
[121]:811
[122]:614
[123]:541
[124]:517
[125]:490
[126]:436
[127]:408
[128]:419
[129]:386
[130]:352
[131]:355
[132]:291
[133]:319
[134]:275
[135]:233
[136]:199
[137]:181
[138]:142
[139]:125
[140]:114
[141]:85
[142]:72
[143]:58
[144]:53
[145]:57
[146]:34
[147]:28
[148]:24
[149]:16
[150]:14
[151]:8
[152]:6
[153]:7
[154]:5
[156]:2
[157]:1
[159]:1
[160]:2
[161]:3
[163]:2
[165]:1
[166]:2
[167]:2
[168]:2
[170]:2
[172]:2
[173]:3
[174]:2
[175]:1
[177]:1
[179]:1
[180]:1
[182]:1
[186]:1

t0_min: 1.08 us, round:1998
t0_max: 54.29 us, round:302719
t0_jitter: 53.21 us

t1_min: 2.67 us, round:2027
t1_max: 74.13 us, round:302719
t1_jitter: 71.46 us

t2_min: 97.29 us, round:6326
t2_max: 186.38 us, round:302721
t2_jitter: 89.08 us

PMU diff samples: 530330
AVG DIFF LL_CACHE_RD: 98.95
AVG DIFF LL_CACHE_MISS_RD: 42.47
AVG DIFF L2D_CACHE_REFILL: 42.59
AVG DIFF L2D_CACHE_INVAL: 0.00
[cur diff] DIFF LL_CACHE_RD: 13, DIFF LL_CACHE_MISS_RD: 12, MISS_RATE: 92.31%
[cur diff] DIFF L2D_CACHE_REFILL: 2
[cur diff] DIFF L2D_CACHE_INVAL: 0
[max diff] DIFF LL_CACHE_RD: 175, DIFF LL_CACHE_MISS_RD: 135, MISS_RATE: 77.14%
[max diff] DIFF L2D_CACHE_REFILL: 135
[max diff] DIFF L2D_CACHE_INVAL: 0

===========================================================
taskpendcnt:532373
t0:2541 ns
t1:6458 ns
t2:102833 ns
benchmark: Franka-derived Cartesian-impedance kernel, input trace:8, timer period:1.000 ms
controller source: franka_ros2 jazzy@73a1501d, updates:532395, SVD sweeps:5
pose error:[0.010000 0.015000 0.010000 -0.000000 0.049979 -0.000000]
tau[0:6]:[1.376914 -0.104433 0.790225 0.843903 0.642107 -0.956178 0.423547]
kernel exec min/avg/max: 94.50 / 97.31 / 123.08 us, samples:532405
pressure status:1, copy rounds total/window:2257/10, 4.40 rounds/s
pressure logical copy:22570.00 MiB total, approx 43.97 MiB/s, checksum:3005627760640
pressure report window:2.274066 s
t0_region>
[1]:92838
[2]:197181
[3]:164019
[4]:41417
[5]:6691
[6]:4044
[7]:6540
[8]:9374
[9]:5356
[10]:1626
[11]:936
[12]:673
[13]:581
[14]:415
[15]:273
[16]:194
[17]:111
[18]:83
[19]:28
[20]:14
[21]:5
[22]:3
[24]:1
[25]:7
[26]:1
[27]:2
[28]:2
[30]:2
[31]:2
[32]:1
[33]:2
[35]:2
[36]:2
[47]:1
[54]:1

t1_region>
[2]:3209
[3]:30242
[4]:38678
[5]:41383
[6]:77452
[7]:109845
[8]:107390
[9]:58674
[10]:22689
[11]:6885
[12]:2694
[13]:1964
[14]:1837
[15]:2263
[16]:4195
[17]:7123
[18]:5828
[19]:2343
[20]:887
[21]:677
[22]:661
[23]:624
[24]:593
[25]:512
[26]:474
[27]:484
[28]:429
[29]:357
[30]:326
[31]:329
[32]:284
[33]:230
[34]:218
[35]:173
[36]:160
[37]:106
[38]:72
[39]:39
[40]:30
[41]:19
[42]:18
[43]:8
[44]:8
[45]:6
[46]:7
[47]:3
[48]:2
[49]:2
[53]:1
[54]:1
[55]:1
[56]:1
[58]:3
[59]:3
[61]:2
[64]:3
[65]:2
[68]:3
[69]:3
[70]:1
[72]:2
[74]:1

t2_region>
[97]:332
[98]:7931
[99]:12555
[100]:27364
[101]:37893
[102]:47883
[103]:64171
[104]:81904
[105]:92104
[106]:61716
[107]:26001
[108]:13536
[109]:11746
[110]:9103
[111]:5048
[112]:2742
[113]:2648
[114]:4329
[115]:5485
[116]:4315
[117]:2097
[118]:1330
[119]:1447
[120]:1122
[121]:814
[122]:614
[123]:541
[124]:517
[125]:490
[126]:436
[127]:408
[128]:419
[129]:386
[130]:352
[131]:355
[132]:291
[133]:319
[134]:275
[135]:233
[136]:199
[137]:181
[138]:142
[139]:125
[140]:114
[141]:85
[142]:72
[143]:58
[144]:53
[145]:57
[146]:34
[147]:28
[148]:24
[149]:16
[150]:14
[151]:8
[152]:6
[153]:7
[154]:5
[156]:2
[157]:1
[159]:1
[160]:2
[161]:3
[163]:2
[165]:1
[166]:2
[167]:2
[168]:2
[170]:2
[172]:2
[173]:3
[174]:2
[175]:1
[177]:1
[179]:1
[180]:1
[182]:1
[186]:1

t0_min: 1.08 us, round:1998
t0_max: 54.29 us, round:302719
t0_jitter: 53.21 us

t1_min: 2.67 us, round:2027
t1_max: 74.13 us, round:302719
t1_jitter: 71.46 us

t2_min: 97.29 us, round:6326
t2_max: 186.38 us, round:302721
t2_jitter: 89.08 us

PMU diff samples: 532604
AVG DIFF LL_CACHE_RD: 98.95
AVG DIFF LL_CACHE_MISS_RD: 42.47
AVG DIFF L2D_CACHE_REFILL: 42.59
AVG DIFF L2D_CACHE_INVAL: 0.00
[cur diff] DIFF LL_CACHE_RD: 10, DIFF LL_CACHE_MISS_RD: 6, MISS_RATE: 60.00%
[cur diff] DIFF L2D_CACHE_REFILL: 1
[cur diff] DIFF L2D_CACHE_INVAL: 0
[max diff] DIFF LL_CACHE_RD: 175, DIFF LL_CACHE_MISS_RD: 135, MISS_RATE: 77.14%
[max diff] DIFF L2D_CACHE_REFILL: 135
[max diff] DIFF L2D_CACHE_INVAL: 0

===========================================================
taskpendcnt:534647
t0:2708 ns
t1:5458 ns
t2:102416 ns
benchmark: Franka-derived Cartesian-impedance kernel, input trace:8, timer period:1.000 ms
controller source: franka_ros2 jazzy@73a1501d, updates:534670, SVD sweeps:5
pose error:[0.010000 0.015000 0.010000 -0.000000 0.049979 -0.000000]
tau[0:6]:[-2.781770 -1.613002 -1.930139 -1.581803 -1.382951 -0.390599 -0.663394]
kernel exec min/avg/max: 94.50 / 97.31 / 123.08 us, samples:534679
pressure status:1, copy rounds total/window:2266/9, 3.96 rounds/s
pressure logical copy:22660.00 MiB total, approx 39.57 MiB/s, checksum:3017612984320
pressure report window:2.274471 s
t0_region>
[1]:93209
[2]:198064
[3]:164754
[4]:41590
[5]:6711
[6]:4062
[7]:6561
[8]:9412
[9]:5370
[10]:1628
[11]:936
[12]:673
[13]:581
[14]:415
[15]:273
[16]:194
[17]:111
[18]:83
[19]:28
[20]:14
[21]:5
[22]:3
[24]:1
[25]:7
[26]:1
[27]:2
[28]:2
[30]:2
[31]:2
[32]:1
[33]:2
[35]:2
[36]:2
[47]:1
[54]:1

t1_region>
[2]:3222
[3]:30359
[4]:38831
[5]:41551
[6]:77785
[7]:110314
[8]:107924
[9]:58925
[10]:22797
[11]:6913
[12]:2701
[13]:1968
[14]:1848
[15]:2274
[16]:4208
[17]:7148
[18]:5851
[19]:2349
[20]:888
[21]:677
[22]:661
[23]:624
[24]:593
[25]:512
[26]:474
[27]:484
[28]:429
[29]:357
[30]:326
[31]:329
[32]:284
[33]:230
[34]:218
[35]:173
[36]:160
[37]:106
[38]:72
[39]:39
[40]:30
[41]:19
[42]:18
[43]:8
[44]:8
[45]:6
[46]:7
[47]:3
[48]:2
[49]:2
[53]:1
[54]:1
[55]:1
[56]:1
[58]:3
[59]:3
[61]:2
[64]:3
[65]:2
[68]:3
[69]:3
[70]:1
[72]:2
[74]:1

t2_region>
[97]:332
[98]:7947
[99]:12609
[100]:27466
[101]:38052
[102]:48085
[103]:64427
[104]:82271
[105]:92534
[106]:61999
[107]:26137
[108]:13605
[109]:11795
[110]:9141
[111]:5071
[112]:2756
[113]:2655
[114]:4340
[115]:5512
[116]:4330
[117]:2105
[118]:1334
[119]:1447
[120]:1127
[121]:814
[122]:614
[123]:541
[124]:517
[125]:490
[126]:436
[127]:408
[128]:419
[129]:386
[130]:352
[131]:355
[132]:291
[133]:319
[134]:275
[135]:233
[136]:199
[137]:181
[138]:142
[139]:125
[140]:114
[141]:85
[142]:72
[143]:58
[144]:53
[145]:57
[146]:34
[147]:28
[148]:24
[149]:16
[150]:14
[151]:8
[152]:6
[153]:7
[154]:5
[156]:2
[157]:1
[159]:1
[160]:2
[161]:3
[163]:2
[165]:1
[166]:2
[167]:2
[168]:2
[170]:2
[172]:2
[173]:3
[174]:2
[175]:1
[177]:1
[179]:1
[180]:1
[182]:1
[186]:1

t0_min: 1.08 us, round:1998
t0_max: 54.29 us, round:302719
t0_jitter: 53.21 us

t1_min: 2.67 us, round:2027
t1_max: 74.13 us, round:302719
t1_jitter: 71.46 us

t2_min: 97.29 us, round:6326
t2_max: 186.38 us, round:302721
t2_jitter: 89.08 us

PMU diff samples: 534878
AVG DIFF LL_CACHE_RD: 98.95
AVG DIFF LL_CACHE_MISS_RD: 42.47
AVG DIFF L2D_CACHE_REFILL: 42.59
AVG DIFF L2D_CACHE_INVAL: 0.00
[cur diff] DIFF LL_CACHE_RD: 10, DIFF LL_CACHE_MISS_RD: 8, MISS_RATE: 80.00%
[cur diff] DIFF L2D_CACHE_REFILL: 2
[cur diff] DIFF L2D_CACHE_INVAL: 0
[max diff] DIFF LL_CACHE_RD: 175, DIFF LL_CACHE_MISS_RD: 135, MISS_RATE: 77.14%
[max diff] DIFF L2D_CACHE_REFILL: 135
[max diff] DIFF L2D_CACHE_INVAL: 0

===========================================================
taskpendcnt:536921
t0:2875 ns
t1:5041 ns
t2:100250 ns
benchmark: Franka-derived Cartesian-impedance kernel, input trace:8, timer period:1.000 ms
controller source: franka_ros2 jazzy@73a1501d, updates:536943, SVD sweeps:5
pose error:[0.010000 0.015000 0.010000 -0.000000 0.049979 -0.000000]
tau[0:6]:[-1.839419 -0.921560 -1.193198 -1.195971 -0.861243 0.113634 -0.461388]
kernel exec min/avg/max: 94.50 / 97.31 / 123.08 us, samples:536953
pressure status:1, copy rounds total/window:2276/10, 4.40 rounds/s
pressure logical copy:22760.00 MiB total, approx 43.98 MiB/s, checksum:3030929899520
pressure report window:2.273880 s
t0_region>
[1]:93605
[2]:198926
[3]:165495
[4]:41764
[5]:6729
[6]:4070
[7]:6589
[8]:9442
[9]:5384
[10]:1632
[11]:936
[12]:673
[13]:581
[14]:415
[15]:273
[16]:194
[17]:111
[18]:83
[19]:28
[20]:14
[21]:5
[22]:3
[24]:1
[25]:7
[26]:1
[27]:2
[28]:2
[30]:2
[31]:2
[32]:1
[33]:2
[35]:2
[36]:2
[47]:1
[54]:1

t1_region>
[2]:3233
[3]:30488
[4]:38983
[5]:41725
[6]:78134
[7]:110817
[8]:108392
[9]:59206
[10]:22893
[11]:6933
[12]:2705
[13]:1970
[14]:1852
[15]:2279
[16]:4226
[17]:7175
[18]:5875
[19]:2356
[20]:888
[21]:677
[22]:661
[23]:624
[24]:593
[25]:512
[26]:474
[27]:484
[28]:429
[29]:357
[30]:326
[31]:329
[32]:284
[33]:230
[34]:218
[35]:173
[36]:160
[37]:106
[38]:72
[39]:39
[40]:30
[41]:19
[42]:18
[43]:8
[44]:8
[45]:6
[46]:7
[47]:3
[48]:2
[49]:2
[53]:1
[54]:1
[55]:1
[56]:1
[58]:3
[59]:3
[61]:2
[64]:3
[65]:2
[68]:3
[69]:3
[70]:1
[72]:2
[74]:1

t2_region>
[97]:332
[98]:7961
[99]:12661
[100]:27577
[101]:38222
[102]:48295
[103]:64706
[104]:82632
[105]:92955
[106]:62290
[107]:26245
[108]:13681
[109]:11845
[110]:9174
[111]:5082
[112]:2760
[113]:2661
[114]:4360
[115]:5529
[116]:4349
[117]:2109
[118]:1338
[119]:1455
[120]:1132
[121]:814
[122]:614
[123]:541
[124]:517
[125]:490
[126]:436
[127]:408
[128]:419
[129]:386
[130]:352
[131]:355
[132]:291
[133]:319
[134]:275
[135]:233
[136]:199
[137]:181
[138]:142
[139]:125
[140]:114
[141]:85
[142]:72
[143]:58
[144]:53
[145]:57
[146]:34
[147]:28
[148]:24
[149]:16
[150]:14
[151]:8
[152]:6
[153]:7
[154]:5
[156]:2
[157]:1
[159]:1
[160]:2
[161]:3
[163]:2
[165]:1
[166]:2
[167]:2
[168]:2
[170]:2
[172]:2
[173]:3
[174]:2
[175]:1
[177]:1
[179]:1
[180]:1
[182]:1
[186]:1

t0_min: 1.08 us, round:1998
t0_max: 54.29 us, round:302719
t0_jitter: 53.21 us

t1_min: 2.67 us, round:2027
t1_max: 74.13 us, round:302719
t1_jitter: 71.46 us

t2_min: 97.29 us, round:6326
t2_max: 186.38 us, round:302721
t2_jitter: 89.08 us

PMU diff samples: 537152
AVG DIFF LL_CACHE_RD: 98.95
AVG DIFF LL_CACHE_MISS_RD: 42.46
AVG DIFF L2D_CACHE_REFILL: 42.59
AVG DIFF L2D_CACHE_INVAL: 0.00
[cur diff] DIFF LL_CACHE_RD: 6, DIFF LL_CACHE_MISS_RD: 5, MISS_RATE: 83.33%
[cur diff] DIFF L2D_CACHE_REFILL: 0
[cur diff] DIFF L2D_CACHE_INVAL: 0
[max diff] DIFF LL_CACHE_RD: 175, DIFF LL_CACHE_MISS_RD: 135, MISS_RATE: 77.14%
[max diff] DIFF L2D_CACHE_REFILL: 135
[max diff] DIFF L2D_CACHE_INVAL: 0

===========================================================
taskpendcnt:539195
t0:2750 ns
t1:5208 ns
t2:101875 ns
benchmark: Franka-derived Cartesian-impedance kernel, input trace:8, timer period:1.000 ms
controller source: franka_ros2 jazzy@73a1501d, updates:539217, SVD sweeps:5
pose error:[0.010000 0.015000 0.010000 -0.000000 0.049979 -0.000000]
tau[0:6]:[0.839771 0.130674 0.617691 0.624912 0.653099 -0.592692 0.265887]
kernel exec min/avg/max: 94.50 / 97.31 / 123.08 us, samples:539227
pressure status:1, copy rounds total/window:2285/9, 3.96 rounds/s
pressure logical copy:22850.00 MiB total, approx 39.59 MiB/s, checksum:3042915123200
pressure report window:2.273578 s
t0_region>
[1]:94012
[2]:199795
[3]:166186
[4]:41960
[5]:6747
[6]:4083
[7]:6612
[8]:9480
[9]:5400
[10]:1633
[11]:936
[12]:673
[13]:581
[14]:415
[15]:273
[16]:194
[17]:111
[18]:83
[19]:28
[20]:14
[21]:5
[22]:3
[24]:1
[25]:7
[26]:1
[27]:2
[28]:2
[30]:2
[31]:2
[32]:1
[33]:2
[35]:2
[36]:2
[47]:1
[54]:1

t1_region>
[2]:3244
[3]:30616
[4]:39135
[5]:41916
[6]:78466
[7]:111307
[8]:108858
[9]:59451
[10]:23019
[11]:6964
[12]:2713
[13]:1972
[14]:1857
[15]:2290
[16]:4244
[17]:7206
[18]:5892
[19]:2365
[20]:888
[21]:677
[22]:662
[23]:624
[24]:593
[25]:512
[26]:474
[27]:484
[28]:429
[29]:357
[30]:326
[31]:329
[32]:284
[33]:230
[34]:218
[35]:173
[36]:160
[37]:106
[38]:72
[39]:39
[40]:30
[41]:19
[42]:18
[43]:8
[44]:8
[45]:6
[46]:7
[47]:3
[48]:2
[49]:2
[53]:1
[54]:1
[55]:1
[56]:1
[58]:3
[59]:3
[61]:2
[64]:3
[65]:2
[68]:3
[69]:3
[70]:1
[72]:2
[74]:1

t2_region>
[97]:332
[98]:7978
[99]:12707
[100]:27700
[101]:38389
[102]:48525
[103]:64959
[104]:83016
[105]:93386
[106]:62525
[107]:26337
[108]:13749
[109]:11896
[110]:9233
[111]:5105
[112]:2768
[113]:2677
[114]:4382
[115]:5553
[116]:4362
[117]:2120
[118]:1338
[119]:1455
[120]:1133
[121]:814
[122]:614
[123]:541
[124]:517
[125]:490
[126]:436
[127]:408
[128]:419
[129]:386
[130]:352
[131]:355
[132]:291
[133]:319
[134]:275
[135]:233
[136]:199
[137]:181
[138]:142
[139]:125
[140]:114
[141]:85
[142]:72
[143]:58
[144]:53
[145]:57
[146]:34
[147]:28
[148]:24
[149]:16
[150]:14
[151]:8
[152]:6
[153]:7
[154]:5
[156]:2
[157]:1
[159]:1
[160]:2
[161]:3
[163]:2
[165]:1
[166]:2
[167]:2
[168]:2
[170]:2
[172]:2
[173]:3
[174]:2
[175]:1
[177]:1
[179]:1
[180]:1
[182]:1
[186]:1

t0_min: 1.08 us, round:1998
t0_max: 54.29 us, round:302719
t0_jitter: 53.21 us

t1_min: 2.67 us, round:2027
t1_max: 74.13 us, round:302719
t1_jitter: 71.46 us

t2_min: 97.29 us, round:6326
t2_max: 186.38 us, round:302721
t2_jitter: 89.08 us

PMU diff samples: 539426
AVG DIFF LL_CACHE_RD: 98.94
AVG DIFF LL_CACHE_MISS_RD: 42.46
AVG DIFF L2D_CACHE_REFILL: 42.59
AVG DIFF L2D_CACHE_INVAL: 0.00
[cur diff] DIFF LL_CACHE_RD: 17, DIFF LL_CACHE_MISS_RD: 12, MISS_RATE: 70.59%
[cur diff] DIFF L2D_CACHE_REFILL: 2
[cur diff] DIFF L2D_CACHE_INVAL: 0
[max diff] DIFF LL_CACHE_RD: 175, DIFF LL_CACHE_MISS_RD: 135, MISS_RATE: 77.14%
[max diff] DIFF L2D_CACHE_REFILL: 135
[max diff] DIFF L2D_CACHE_INVAL: 0

===========================================================
taskpendcnt:541469
t0:3208 ns
t1:5375 ns
t2:100875 ns
benchmark: Franka-derived Cartesian-impedance kernel, input trace:8, timer period:1.000 ms
controller source: franka_ros2 jazzy@73a1501d, updates:541491, SVD sweeps:5
pose error:[0.010000 0.015000 0.010000 -0.000000 0.049979 -0.000000]
tau[0:6]:[1.376914 -0.104433 0.790225 0.843903 0.642107 -0.956178 0.423547]
kernel exec min/avg/max: 94.50 / 97.31 / 123.08 us, samples:541501
pressure status:1, copy rounds total/window:2295/10, 4.40 rounds/s
pressure logical copy:22950.00 MiB total, approx 43.97 MiB/s, checksum:3056232038400
pressure report window:2.274076 s
t0_region>
[1]:94393
[2]:200653
[3]:166919
[4]:42132
[5]:6788
[6]:4096
[7]:6633
[8]:9510
[9]:5420
[10]:1638
[11]:936
[12]:673
[13]:581
[14]:415
[15]:273
[16]:194
[17]:111
[18]:83
[19]:28
[20]:14
[21]:5
[22]:3
[24]:1
[25]:7
[26]:1
[27]:2
[28]:2
[30]:2
[31]:2
[32]:1
[33]:2
[35]:2
[36]:2
[47]:1
[54]:1

t1_region>
[2]:3252
[3]:30725
[4]:39292
[5]:42114
[6]:78823
[7]:111797
[8]:109311
[9]:59700
[10]:23122
[11]:7005
[12]:2726
[13]:1981
[14]:1865
[15]:2295
[16]:4260
[17]:7232
[18]:5912
[19]:2375
[20]:890
[21]:677
[22]:662
[23]:624
[24]:593
[25]:512
[26]:474
[27]:484
[28]:429
[29]:357
[30]:326
[31]:329
[32]:284
[33]:230
[34]:218
[35]:173
[36]:160
[37]:106
[38]:72
[39]:39
[40]:30
[41]:19
[42]:18
[43]:8
[44]:8
[45]:6
[46]:7
[47]:3
[48]:2
[49]:2
[53]:1
[54]:1
[55]:1
[56]:1
[58]:3
[59]:3
[61]:2
[64]:3
[65]:2
[68]:3
[69]:3
[70]:1
[72]:2
[74]:1

t2_region>
[97]:332
[98]:7992
[99]:12754
[100]:27811
[101]:38554
[102]:48735
[103]:65240
[104]:83366
[105]:93796
[106]:62807
[107]:26469
[108]:13798
[109]:11954
[110]:9270
[111]:5137
[112]:2785
[113]:2682
[114]:4396
[115]:5580
[116]:4376
[117]:2130
[118]:1341
[119]:1460
[120]:1135
[121]:814
[122]:614
[123]:541
[124]:517
[125]:490
[126]:436
[127]:408
[128]:419
[129]:386
[130]:352
[131]:355
[132]:291
[133]:319
[134]:275
[135]:233
[136]:199
[137]:181
[138]:142
[139]:125
[140]:114
[141]:85
[142]:72
[143]:58
[144]:53
[145]:57
[146]:34
[147]:28
[148]:24
[149]:16
[150]:14
[151]:8
[152]:6
[153]:7
[154]:5
[156]:2
[157]:1
[159]:1
[160]:2
[161]:3
[163]:2
[165]:1
[166]:2
[167]:2
[168]:2
[170]:2
[172]:2
[173]:3
[174]:2
[175]:1
[177]:1
[179]:1
[180]:1
[182]:1
[186]:1

t0_min: 1.08 us, round:1998
t0_max: 54.29 us, round:302719
t0_jitter: 53.21 us

t1_min: 2.67 us, round:2027
t1_max: 74.13 us, round:302719
t1_jitter: 71.46 us

t2_min: 97.29 us, round:6326
t2_max: 186.38 us, round:302721
t2_jitter: 89.08 us

PMU diff samples: 541700
AVG DIFF LL_CACHE_RD: 98.94
AVG DIFF LL_CACHE_MISS_RD: 42.46
AVG DIFF L2D_CACHE_REFILL: 42.59
AVG DIFF L2D_CACHE_INVAL: 0.00
[cur diff] DIFF LL_CACHE_RD: 5, DIFF LL_CACHE_MISS_RD: 5, MISS_RATE: 100.00%
[cur diff] DIFF L2D_CACHE_REFILL: 2
[cur diff] DIFF L2D_CACHE_INVAL: 0
[max diff] DIFF LL_CACHE_RD: 175, DIFF LL_CACHE_MISS_RD: 135, MISS_RATE: 77.14%
[max diff] DIFF L2D_CACHE_REFILL: 135
[max diff] DIFF L2D_CACHE_INVAL: 0

===========================================================
taskpendcnt:543743
t0:2500 ns
t1:4958 ns
t2:101041 ns
benchmark: Franka-derived Cartesian-impedance kernel, input trace:8, timer period:1.000 ms
controller source: franka_ros2 jazzy@73a1501d, updates:543765, SVD sweeps:5
pose error:[0.010000 0.015000 0.010000 -0.000000 0.049979 -0.000000]
tau[0:6]:[-2.781770 -1.613002 -1.930139 -1.581803 -1.382951 -0.390599 -0.663394]
kernel exec min/avg/max: 94.50 / 97.31 / 123.08 us, samples:543775
pressure status:1, copy rounds total/window:2305/10, 4.40 rounds/s
pressure logical copy:23050.00 MiB total, approx 43.97 MiB/s, checksum:3069548953600
pressure report window:2.274388 s
t0_region>
[1]:94787
[2]:201559
[3]:167607
[4]:42322
[5]:6804
[6]:4103
[7]:6655
[8]:9541
[9]:5440
[10]:1639
[11]:936
[12]:673
[13]:581
[14]:415
[15]:273
[16]:194
[17]:111
[18]:83
[19]:28
[20]:14
[21]:5
[22]:3
[24]:1
[25]:7
[26]:1
[27]:2
[28]:2
[30]:2
[31]:2
[32]:1
[33]:2
[35]:2
[36]:2
[47]:1
[54]:1

t1_region>
[2]:3263
[3]:30841
[4]:39439
[5]:42306
[6]:79171
[7]:112310
[8]:109777
[9]:59955
[10]:23233
[11]:7025
[12]:2734
[13]:1987
[14]:1870
[15]:2301
[16]:4274
[17]:7259
[18]:5932
[19]:2383
[20]:890
[21]:677
[22]:663
[23]:624
[24]:593
[25]:512
[26]:474
[27]:484
[28]:429
[29]:357
[30]:326
[31]:329
[32]:284
[33]:230
[34]:218
[35]:173
[36]:160
[37]:106
[38]:72
[39]:39
[40]:30
[41]:19
[42]:18
[43]:8
[44]:8
[45]:6
[46]:7
[47]:3
[48]:2
[49]:2
[53]:1
[54]:1
[55]:1
[56]:1
[58]:3
[59]:3
[61]:2
[64]:3
[65]:2
[68]:3
[69]:3
[70]:1
[72]:2
[74]:1

t2_region>
[97]:332
[98]:8011
[99]:12805
[100]:27920
[101]:38709
[102]:48956
[103]:65510
[104]:83739
[105]:94213
[106]:63110
[107]:26579
[108]:13847
[109]:12004
[110]:9306
[111]:5161
[112]:2791
[113]:2690
[114]:4413
[115]:5606
[116]:4388
[117]:2141
[118]:1342
[119]:1461
[120]:1139
[121]:814
[122]:614
[123]:541
[124]:517
[125]:490
[126]:436
[127]:408
[128]:419
[129]:386
[130]:352
[131]:355
[132]:291
[133]:319
[134]:275
[135]:233
[136]:199
[137]:181
[138]:142
[139]:125
[140]:114
[141]:85
[142]:72
[143]:58
[144]:53
[145]:57
[146]:34
[147]:28
[148]:24
[149]:16
[150]:14
[151]:8
[152]:6
[153]:7
[154]:5
[156]:2
[157]:1
[159]:1
[160]:2
[161]:3
[163]:2
[165]:1
[166]:2
[167]:2
[168]:2
[170]:2
[172]:2
[173]:3
[174]:2
[175]:1
[177]:1
[179]:1
[180]:1
[182]:1
[186]:1

t0_min: 1.08 us, round:1998
t0_max: 54.29 us, round:302719
t0_jitter: 53.21 us

t1_min: 2.67 us, round:2027
t1_max: 74.13 us, round:302719
t1_jitter: 71.46 us

t2_min: 97.29 us, round:6326
t2_max: 186.38 us, round:302721
t2_jitter: 89.08 us

PMU diff samples: 543974
AVG DIFF LL_CACHE_RD: 98.94
AVG DIFF LL_CACHE_MISS_RD: 42.46
AVG DIFF L2D_CACHE_REFILL: 42.58
AVG DIFF L2D_CACHE_INVAL: 0.00
[cur diff] DIFF LL_CACHE_RD: 8, DIFF LL_CACHE_MISS_RD: 8, MISS_RATE: 100.00%
[cur diff] DIFF L2D_CACHE_REFILL: 3
[cur diff] DIFF L2D_CACHE_INVAL: 0
[max diff] DIFF LL_CACHE_RD: 175, DIFF LL_CACHE_MISS_RD: 135, MISS_RATE: 77.14%
[max diff] DIFF L2D_CACHE_REFILL: 135
[max diff] DIFF L2D_CACHE_INVAL: 0

===========================================================
taskpendcnt:546017
t0:2958 ns
t1:5125 ns
t2:102083 ns
benchmark: Franka-derived Cartesian-impedance kernel, input trace:8, timer period:1.000 ms
controller source: franka_ros2 jazzy@73a1501d, updates:546039, SVD sweeps:5
pose error:[0.010000 0.015000 0.010000 -0.000000 0.049979 -0.000000]
tau[0:6]:[-1.839419 -0.921560 -1.193198 -1.195971 -0.861243 0.113634 -0.461388]
kernel exec min/avg/max: 94.50 / 97.31 / 123.08 us, samples:546049
pressure status:1, copy rounds total/window:2314/9, 3.96 rounds/s
pressure logical copy:23140.00 MiB total, approx 39.58 MiB/s, checksum:3081534177280
pressure report window:2.273886 s
t0_region>
[1]:95173
[2]:202426
[3]:168343
[4]:42486
[5]:6829
[6]:4118
[7]:6685
[8]:9572
[9]:5457
[10]:1641
[11]:936
[12]:673
[13]:581
[14]:415
[15]:273
[16]:194
[17]:111
[18]:83
[19]:28
[20]:14
[21]:5
[22]:3
[24]:1
[25]:7
[26]:1
[27]:2
[28]:2
[30]:2
[31]:2
[32]:1
[33]:2
[35]:2
[36]:2
[47]:1
[54]:1

t1_region>
[2]:3275
[3]:30949
[4]:39586
[5]:42515
[6]:79520
[7]:112813
[8]:110248
[9]:60202
[10]:23312
[11]:7061
[12]:2752
[13]:1991
[14]:1875
[15]:2306
[16]:4296
[17]:7291
[18]:5954
[19]:2387
[20]:890
[21]:677
[22]:663
[23]:624
[24]:593
[25]:512
[26]:474
[27]:484
[28]:429
[29]:357
[30]:326
[31]:329
[32]:284
[33]:230
[34]:218
[35]:173
[36]:160
[37]:106
[38]:72
[39]:39
[40]:30
[41]:19
[42]:18
[43]:8
[44]:8
[45]:6
[46]:7
[47]:3
[48]:2
[49]:2
[53]:1
[54]:1
[55]:1
[56]:1
[58]:3
[59]:3
[61]:2
[64]:3
[65]:2
[68]:3
[69]:3
[70]:1
[72]:2
[74]:1

t2_region>
[97]:332
[98]:8026
[99]:12865
[100]:28026
[101]:38871
[102]:49185
[103]:65808
[104]:84090
[105]:94627
[106]:63378
[107]:26669
[108]:13895
[109]:12067
[110]:9358
[111]:5184
[112]:2801
[113]:2696
[114]:4427
[115]:5633
[116]:4404
[117]:2146
[118]:1346
[119]:1466
[120]:1146
[121]:815
[122]:614
[123]:541
[124]:517
[125]:490
[126]:436
[127]:408
[128]:419
[129]:386
[130]:352
[131]:355
[132]:291
[133]:319
[134]:275
[135]:233
[136]:199
[137]:181
[138]:142
[139]:125
[140]:114
[141]:85
[142]:72
[143]:58
[144]:53
[145]:57
[146]:34
[147]:28
[148]:24
[149]:16
[150]:14
[151]:8
[152]:6
[153]:7
[154]:5
[156]:2
[157]:1
[159]:1
[160]:2
[161]:3
[163]:2
[165]:1
[166]:2
[167]:2
[168]:2
[170]:2
[172]:2
[173]:3
[174]:2
[175]:1
[177]:1
[179]:1
[180]:1
[182]:1
[186]:1

t0_min: 1.08 us, round:1998
t0_max: 54.29 us, round:302719
t0_jitter: 53.21 us

t1_min: 2.67 us, round:2027
t1_max: 74.13 us, round:302719
t1_jitter: 71.46 us

t2_min: 97.29 us, round:6326
t2_max: 186.38 us, round:302721
t2_jitter: 89.08 us

PMU diff samples: 546248
AVG DIFF LL_CACHE_RD: 98.94
AVG DIFF LL_CACHE_MISS_RD: 42.46
AVG DIFF L2D_CACHE_REFILL: 42.58
AVG DIFF L2D_CACHE_INVAL: 0.00
[cur diff] DIFF LL_CACHE_RD: 11, DIFF LL_CACHE_MISS_RD: 8, MISS_RATE: 72.73%
[cur diff] DIFF L2D_CACHE_REFILL: 1
[cur diff] DIFF L2D_CACHE_INVAL: 0
[max diff] DIFF LL_CACHE_RD: 175, DIFF LL_CACHE_MISS_RD: 135, MISS_RATE: 77.14%
[max diff] DIFF L2D_CACHE_REFILL: 135
[max diff] DIFF L2D_CACHE_INVAL: 0

===========================================================
taskpendcnt:548291
t0:4000 ns
t1:6166 ns
t2:101958 ns
benchmark: Franka-derived Cartesian-impedance kernel, input trace:8, timer period:1.000 ms
controller source: franka_ros2 jazzy@73a1501d, updates:548313, SVD sweeps:5
pose error:[0.010000 0.015000 0.010000 -0.000000 0.049979 -0.000000]
tau[0:6]:[0.839771 0.130674 0.617691 0.624912 0.653099 -0.592692 0.265887]
kernel exec min/avg/max: 94.50 / 97.31 / 123.08 us, samples:548323
pressure status:1, copy rounds total/window:2324/10, 4.40 rounds/s
pressure logical copy:23240.00 MiB total, approx 43.98 MiB/s, checksum:3094851092480
pressure report window:2.273589 s
t0_region>
[1]:95562
[2]:203264
[3]:169095
[4]:42682
[5]:6838
[6]:4131
[7]:6701
[8]:9616
[9]:5474
[10]:1641
[11]:936
[12]:673
[13]:581
[14]:415
[15]:273
[16]:194
[17]:111
[18]:83
[19]:28
[20]:14
[21]:5
[22]:3
[24]:1
[25]:7
[26]:1
[27]:2
[28]:2
[30]:2
[31]:2
[32]:1
[33]:2
[35]:2
[36]:2
[47]:1
[54]:1

t1_region>
[2]:3286
[3]:31068
[4]:39742
[5]:42707
[6]:79843
[7]:113274
[8]:110743
[9]:60501
[10]:23410
[11]:7081
[12]:2757
[13]:1994
[14]:1881
[15]:2314
[16]:4312
[17]:7322
[18]:5980
[19]:2392
[20]:890
[21]:677
[22]:663
[23]:624
[24]:593
[25]:512
[26]:474
[27]:484
[28]:429
[29]:357
[30]:326
[31]:329
[32]:284
[33]:230
[34]:218
[35]:173
[36]:160
[37]:106
[38]:72
[39]:39
[40]:30
[41]:19
[42]:18
[43]:8
[44]:8
[45]:6
[46]:7
[47]:3
[48]:2
[49]:2
[53]:1
[54]:1
[55]:1
[56]:1
[58]:3
[59]:3
[61]:2
[64]:3
[65]:2
[68]:3
[69]:3
[70]:1
[72]:2
[74]:1

t2_region>
[97]:332
[98]:8049
[99]:12904
[100]:28156
[101]:39026
[102]:49415
[103]:66076
[104]:84421
[105]:95040
[106]:63677
[107]:26776
[108]:13960
[109]:12120
[110]:9399
[111]:5209
[112]:2811
[113]:2705
[114]:4439
[115]:5665
[116]:4423
[117]:2148
[118]:1350
[119]:1471
[120]:1147
[121]:815
[122]:615
[123]:541
[124]:517
[125]:490
[126]:436
[127]:408
[128]:419
[129]:386
[130]:352
[131]:355
[132]:291
[133]:319
[134]:275
[135]:233
[136]:199
[137]:181
[138]:142
[139]:125
[140]:114
[141]:85
[142]:72
[143]:58
[144]:53
[145]:57
[146]:34
[147]:28
[148]:24
[149]:16
[150]:14
[151]:8
[152]:6
[153]:7
[154]:5
[156]:2
[157]:1
[159]:1
[160]:2
[161]:3
[163]:2
[165]:1
[166]:2
[167]:2
[168]:2
[170]:2
[172]:2
[173]:3
[174]:2
[175]:1
[177]:1
[179]:1
[180]:1
[182]:1
[186]:1

t0_min: 1.08 us, round:1998
t0_max: 54.29 us, round:302719
t0_jitter: 53.21 us

t1_min: 2.67 us, round:2027
t1_max: 74.13 us, round:302719
t1_jitter: 71.46 us

t2_min: 97.29 us, round:6326
t2_max: 186.38 us, round:302721
t2_jitter: 89.08 us

PMU diff samples: 548522
AVG DIFF LL_CACHE_RD: 98.94
AVG DIFF LL_CACHE_MISS_RD: 42.46
AVG DIFF L2D_CACHE_REFILL: 42.58
AVG DIFF L2D_CACHE_INVAL: 0.00
[cur diff] DIFF LL_CACHE_RD: 14, DIFF LL_CACHE_MISS_RD: 12, MISS_RATE: 85.71%
[cur diff] DIFF L2D_CACHE_REFILL: 3
[cur diff] DIFF L2D_CACHE_INVAL: 0
[max diff] DIFF LL_CACHE_RD: 175, DIFF LL_CACHE_MISS_RD: 135, MISS_RATE: 77.14%
[max diff] DIFF L2D_CACHE_REFILL: 135
[max diff] DIFF L2D_CACHE_INVAL: 0

===========================================================
taskpendcnt:550565
t0:2125 ns
t1:4583 ns
t2:100958 ns
benchmark: Franka-derived Cartesian-impedance kernel, input trace:8, timer period:1.000 ms
controller source: franka_ros2 jazzy@73a1501d, updates:550587, SVD sweeps:5
pose error:[0.010000 0.015000 0.010000 -0.000000 0.049979 -0.000000]
tau[0:6]:[1.376914 -0.104433 0.790225 0.843903 0.642107 -0.956178 0.423547]
kernel exec min/avg/max: 94.50 / 97.31 / 123.08 us, samples:550597
pressure status:1, copy rounds total/window:2334/10, 4.40 rounds/s
pressure logical copy:23340.00 MiB total, approx 43.97 MiB/s, checksum:3108168007680
pressure report window:2.274042 s
t0_region>
[1]:95937
[2]:204174
[3]:169821
[4]:42825
[5]:6874
[6]:4145
[7]:6725
[8]:9644
[9]:5491
[10]:1642
[11]:936
[12]:673
[13]:581
[14]:415
[15]:273
[16]:194
[17]:111
[18]:83
[19]:28
[20]:14
[21]:5
[22]:3
[24]:1
[25]:7
[26]:1
[27]:2
[28]:2
[30]:2
[31]:2
[32]:1
[33]:2
[35]:2
[36]:2
[47]:1
[54]:1

t1_region>
[2]:3301
[3]:31173
[4]:39887
[5]:42903
[6]:80200
[7]:113789
[8]:111238
[9]:60739
[10]:23475
[11]:7104
[12]:2774
[13]:2012
[14]:1891
[15]:2327
[16]:4326
[17]:7339
[18]:6005
[19]:2397
[20]:891
[21]:677
[22]:663
[23]:624
[24]:593
[25]:512
[26]:474
[27]:484
[28]:429
[29]:357
[30]:326
[31]:329
[32]:284
[33]:230
[34]:218
[35]:173
[36]:160
[37]:106
[38]:72
[39]:39
[40]:30
[41]:19
[42]:18
[43]:8
[44]:8
[45]:6
[46]:7
[47]:3
[48]:2
[49]:2
[53]:1
[54]:1
[55]:1
[56]:1
[58]:3
[59]:3
[61]:2
[64]:3
[65]:2
[68]:3
[69]:3
[70]:1
[72]:2
[74]:1

t2_region>
[97]:332
[98]:8071
[99]:12945
[100]:28262
[101]:39190
[102]:49627
[103]:66363
[104]:84815
[105]:95424
[106]:63968
[107]:26916
[108]:14011
[109]:12172
[110]:9414
[111]:5222
[112]:2819
[113]:2721
[114]:4456
[115]:5687
[116]:4443
[117]:2157
[118]:1353
[119]:1471
[120]:1152
[121]:816
[122]:615
[123]:541
[124]:517
[125]:490
[126]:436
[127]:408
[128]:419
[129]:386
[130]:352
[131]:355
[132]:291
[133]:319
[134]:275
[135]:233
[136]:199
[137]:181
[138]:142
[139]:125
[140]:114
[141]:85
[142]:72
[143]:58
[144]:53
[145]:57
[146]:34
[147]:28
[148]:24
[149]:16
[150]:14
[151]:8
[152]:6
[153]:7
[154]:5
[156]:2
[157]:1
[159]:1
[160]:2
[161]:3
[163]:2
[165]:1
[166]:2
[167]:2
[168]:2
[170]:2
[172]:2
[173]:3
[174]:2
[175]:1
[177]:1
[179]:1
[180]:1
[182]:1
[186]:1

t0_min: 1.08 us, round:1998
t0_max: 54.29 us, round:302719
t0_jitter: 53.21 us

t1_min: 2.67 us, round:2027
t1_max: 74.13 us, round:302719
t1_jitter: 71.46 us

t2_min: 97.29 us, round:6326
t2_max: 186.38 us, round:302721
t2_jitter: 89.08 us

PMU diff samples: 550796
AVG DIFF LL_CACHE_RD: 98.93
AVG DIFF LL_CACHE_MISS_RD: 42.45
AVG DIFF L2D_CACHE_REFILL: 42.58
AVG DIFF L2D_CACHE_INVAL: 0.00
[cur diff] DIFF LL_CACHE_RD: 8, DIFF LL_CACHE_MISS_RD: 8, MISS_RATE: 100.00%
[cur diff] DIFF L2D_CACHE_REFILL: 1
[cur diff] DIFF L2D_CACHE_INVAL: 0
[max diff] DIFF LL_CACHE_RD: 175, DIFF LL_CACHE_MISS_RD: 135, MISS_RATE: 77.14%
[max diff] DIFF L2D_CACHE_REFILL: 135
[max diff] DIFF L2D_CACHE_INVAL: 0

===========================================================
taskpendcnt:552839
t0:2291 ns
t1:5625 ns
t2:101125 ns
benchmark: Franka-derived Cartesian-impedance kernel, input trace:8, timer period:1.000 ms
controller source: franka_ros2 jazzy@73a1501d, updates:552861, SVD sweeps:5
pose error:[0.010000 0.015000 0.010000 -0.000000 0.049979 -0.000000]
tau[0:6]:[-2.781770 -1.613002 -1.930139 -1.581803 -1.382951 -0.390599 -0.663394]
kernel exec min/avg/max: 94.50 / 97.31 / 123.08 us, samples:552871
pressure status:1, copy rounds total/window:2343/9, 3.96 rounds/s
pressure logical copy:23430.00 MiB total, approx 39.57 MiB/s, checksum:3120153231360
pressure report window:2.274446 s
t0_region>
[1]:96295
[2]:205081
[3]:170545
[4]:42999
[5]:6895
[6]:4153
[7]:6743
[8]:9682
[9]:5512
[10]:1647
[11]:936
[12]:673
[13]:581
[14]:415
[15]:273
[16]:194
[17]:111
[18]:83
[19]:28
[20]:14
[21]:5
[22]:3
[24]:1
[25]:7
[26]:1
[27]:2
[28]:2
[30]:2
[31]:2
[32]:1
[33]:2
[35]:2
[36]:2
[47]:1
[54]:1

t1_region>
[2]:3315
[3]:31286
[4]:40035
[5]:43096
[6]:80537
[7]:114320
[8]:111710
[9]:60985
[10]:23566
[11]:7128
[12]:2785
[13]:2022
[14]:1894
[15]:2329
[16]:4334
[17]:7372
[18]:6032
[19]:2409
[20]:891
[21]:677
[22]:663
[23]:624
[24]:593
[25]:512
[26]:474
[27]:484
[28]:429
[29]:357
[30]:326
[31]:329
[32]:284
[33]:230
[34]:218
[35]:173
[36]:160
[37]:106
[38]:72
[39]:39
[40]:30
[41]:19
[42]:18
[43]:8
[44]:8
[45]:6
[46]:7
[47]:3
[48]:2
[49]:2
[53]:1
[54]:1
[55]:1
[56]:1
[58]:3
[59]:3
[61]:2
[64]:3
[65]:2
[68]:3
[69]:3
[70]:1
[72]:2
[74]:1

t2_region>
[97]:332
[98]:8092
[99]:12984
[100]:28372
[101]:39357
[102]:49832
[103]:66664
[104]:85220
[105]:95847
[106]:64193
[107]:27024
[108]:14069
[109]:12237
[110]:9461
[111]:5238
[112]:2821
[113]:2725
[114]:4469
[115]:5709
[116]:4463
[117]:2162
[118]:1357
[119]:1479
[120]:1157
[121]:817
[122]:616
[123]:541
[124]:517
[125]:490
[126]:436
[127]:408
[128]:419
[129]:386
[130]:352
[131]:355
[132]:291
[133]:319
[134]:275
[135]:233
[136]:199
[137]:181
[138]:142
[139]:125
[140]:114
[141]:85
[142]:72
[143]:58
[144]:53
[145]:57
[146]:34
[147]:28
[148]:24
[149]:16
[150]:14
[151]:8
[152]:6
[153]:7
[154]:5
[156]:2
[157]:1
[159]:1
[160]:2
[161]:3
[163]:2
[165]:1
[166]:2
[167]:2
[168]:2
[170]:2
[172]:2
[173]:3
[174]:2
[175]:1
[177]:1
[179]:1
[180]:1
[182]:1
[186]:1

t0_min: 1.08 us, round:1998
t0_max: 54.29 us, round:302719
t0_jitter: 53.21 us

t1_min: 2.67 us, round:2027
t1_max: 74.13 us, round:302719
t1_jitter: 71.46 us

t2_min: 97.29 us, round:6326
t2_max: 186.38 us, round:302721
t2_jitter: 89.08 us

PMU diff samples: 553070
AVG DIFF LL_CACHE_RD: 98.93
AVG DIFF LL_CACHE_MISS_RD: 42.45
AVG DIFF L2D_CACHE_REFILL: 42.58
AVG DIFF L2D_CACHE_INVAL: 0.00
[cur diff] DIFF LL_CACHE_RD: 10, DIFF LL_CACHE_MISS_RD: 6, MISS_RATE: 60.00%
[cur diff] DIFF L2D_CACHE_REFILL: 3
[cur diff] DIFF L2D_CACHE_INVAL: 0
[max diff] DIFF LL_CACHE_RD: 175, DIFF LL_CACHE_MISS_RD: 135, MISS_RATE: 77.14%
[max diff] DIFF L2D_CACHE_REFILL: 135
[max diff] DIFF L2D_CACHE_INVAL: 0

===========================================================
taskpendcnt:555113
t0:2166 ns
t1:5500 ns
t2:100416 ns
benchmark: Franka-derived Cartesian-impedance kernel, input trace:8, timer period:1.000 ms
controller source: franka_ros2 jazzy@73a1501d, updates:555135, SVD sweeps:5
pose error:[0.010000 0.015000 0.010000 -0.000000 0.049979 -0.000000]
tau[0:6]:[-1.839419 -0.921560 -1.193198 -1.195971 -0.861243 0.113634 -0.461388]
kernel exec min/avg/max: 94.50 / 97.31 / 123.08 us, samples:555145
pressure status:1, copy rounds total/window:2353/10, 4.40 rounds/s
pressure logical copy:23530.00 MiB total, approx 43.98 MiB/s, checksum:3133470146560
pressure report window:2.273907 s
t0_region>
[1]:96698
[2]:205942
[3]:171268
[4]:43185
[5]:6910
[6]:4166
[7]:6763
[8]:9715
[9]:5528
[10]:1652
[11]:936
[12]:673
[13]:581
[14]:415
[15]:273
[16]:194
[17]:111
[18]:83
[19]:28
[20]:14
[21]:5
[22]:3
[24]:1
[25]:7
[26]:1
[27]:2
[28]:2
[30]:2
[31]:2
[32]:1
[33]:2
[35]:2
[36]:2
[47]:1
[54]:1

t1_region>
[2]:3324
[3]:31395
[4]:40198
[5]:43309
[6]:80857
[7]:114847
[8]:112186
[9]:61237
[10]:23655
[11]:7152
[12]:2789
[13]:2023
[14]:1900
[15]:2334
[16]:4354
[17]:7398
[18]:6053
[19]:2417
[20]:892
[21]:677
[22]:663
[23]:624
[24]:593
[25]:512
[26]:474
[27]:484
[28]:429
[29]:357
[30]:326
[31]:329
[32]:284
[33]:230
[34]:218
[35]:173
[36]:160
[37]:106
[38]:72
[39]:39
[40]:30
[41]:19
[42]:18
[43]:8
[44]:8
[45]:6
[46]:7
[47]:3
[48]:2
[49]:2
[53]:1
[54]:1
[55]:1
[56]:1
[58]:3
[59]:3
[61]:2
[64]:3
[65]:2
[68]:3
[69]:3
[70]:1
[72]:2
[74]:1

t2_region>
[97]:332
[98]:8110
[99]:13033
[100]:28468
[101]:39564
[102]:50038
[103]:66952
[104]:85599
[105]:96285
[106]:64445
[107]:27108
[108]:14132
[109]:12284
[110]:9501
[111]:5255
[112]:2828
[113]:2739
[114]:4484
[115]:5732
[116]:4480
[117]:2167
[118]:1359
[119]:1482
[120]:1160
[121]:818
[122]:616
[123]:541
[124]:517
[125]:490
[126]:436
[127]:408
[128]:419
[129]:386
[130]:352
[131]:355
[132]:291
[133]:319
[134]:275
[135]:233
[136]:199
[137]:181
[138]:142
[139]:125
[140]:114
[141]:85
[142]:72
[143]:58
[144]:53
[145]:57
[146]:34
[147]:28
[148]:24
[149]:16
[150]:14
[151]:8
[152]:6
[153]:7
[154]:5
[156]:2
[157]:1
[159]:1
[160]:2
[161]:3
[163]:2
[165]:1
[166]:2
[167]:2
[168]:2
[170]:2
[172]:2
[173]:3
[174]:2
[175]:1
[177]:1
[179]:1
[180]:1
[182]:1
[186]:1

t0_min: 1.08 us, round:1998
t0_max: 54.29 us, round:302719
t0_jitter: 53.21 us

t1_min: 2.67 us, round:2027
t1_max: 74.13 us, round:302719
t1_jitter: 71.46 us

t2_min: 97.29 us, round:6326
t2_max: 186.38 us, round:302721
t2_jitter: 89.08 us

PMU diff samples: 555344
AVG DIFF LL_CACHE_RD: 98.93
AVG DIFF LL_CACHE_MISS_RD: 42.45
AVG DIFF L2D_CACHE_REFILL: 42.57
AVG DIFF L2D_CACHE_INVAL: 0.00
[cur diff] DIFF LL_CACHE_RD: 5, DIFF LL_CACHE_MISS_RD: 4, MISS_RATE: 80.00%
[cur diff] DIFF L2D_CACHE_REFILL: 1
[cur diff] DIFF L2D_CACHE_INVAL: 0
[max diff] DIFF LL_CACHE_RD: 175, DIFF LL_CACHE_MISS_RD: 135, MISS_RATE: 77.14%
[max diff] DIFF L2D_CACHE_REFILL: 135
[max diff] DIFF L2D_CACHE_INVAL: 0

===========================================================
taskpendcnt:557387
t0:1750 ns
t1:4791 ns
t2:102625 ns
benchmark: Franka-derived Cartesian-impedance kernel, input trace:8, timer period:1.000 ms
controller source: franka_ros2 jazzy@73a1501d, updates:557409, SVD sweeps:5
pose error:[0.010000 0.015000 0.010000 -0.000000 0.049979 -0.000000]
tau[0:6]:[0.839771 0.130674 0.617691 0.624912 0.653099 -0.592692 0.265887]
kernel exec min/avg/max: 94.50 / 97.31 / 123.08 us, samples:557419
pressure status:1, copy rounds total/window:2362/9, 3.96 rounds/s
pressure logical copy:23620.00 MiB total, approx 39.59 MiB/s, checksum:3145455370240
pressure report window:2.273569 s
t0_region>
[1]:97070
[2]:206855
[3]:172000
[4]:43333
[5]:6924
[6]:4175
[7]:6785
[8]:9753
[9]:5549
[10]:1656
[11]:936
[12]:673
[13]:581
[14]:415
[15]:273
[16]:194
[17]:111
[18]:83
[19]:28
[20]:14
[21]:5
[22]:3
[24]:1
[25]:7
[26]:1
[27]:2
[28]:2
[30]:2
[31]:2
[32]:1
[33]:2
[35]:2
[36]:2
[47]:1
[54]:1

t1_region>
[2]:3335
[3]:31508
[4]:40359
[5]:43507
[6]:81196
[7]:115355
[8]:112667
[9]:61482
[10]:23753
[11]:7168
[12]:2794
[13]:2025
[14]:1907
[15]:2339
[16]:4378
[17]:7429
[18]:6069
[19]:2424
[20]:895
[21]:679
[22]:664
[23]:624
[24]:593
[25]:512
[26]:474
[27]:484
[28]:429
[29]:357
[30]:326
[31]:329
[32]:284
[33]:230
[34]:218
[35]:173
[36]:160
[37]:106
[38]:72
[39]:39
[40]:30
[41]:19
[42]:18
[43]:8
[44]:8
[45]:6
[46]:7
[47]:3
[48]:2
[49]:2
[53]:1
[54]:1
[55]:1
[56]:1
[58]:3
[59]:3
[61]:2
[64]:3
[65]:2
[68]:3
[69]:3
[70]:1
[72]:2
[74]:1

t2_region>
[97]:332
[98]:8125
[99]:13084
[100]:28580
[101]:39743
[102]:50240
[103]:67241
[104]:85971
[105]:96688
[106]:64762
[107]:27215
[108]:14185
[109]:12311
[110]:9532
[111]:5269
[112]:2840
[113]:2749
[114]:4506
[115]:5751
[116]:4493
[117]:2174
[118]:1367
[119]:1490
[120]:1162
[121]:819
[122]:616
[123]:541
[124]:517
[125]:490
[126]:436
[127]:408
[128]:419
[129]:386
[130]:352
[131]:355
[132]:291
[133]:319
[134]:275
[135]:233
[136]:199
[137]:181
[138]:142
[139]:125
[140]:114
[141]:85
[142]:72
[143]:58
[144]:53
[145]:57
[146]:34
[147]:28
[148]:24
[149]:16
[150]:14
[151]:8
[152]:6
[153]:7
[154]:5
[156]:2
[157]:1
[159]:1
[160]:2
[161]:3
[163]:2
[165]:1
[166]:2
[167]:2
[168]:2
[170]:2
[172]:2
[173]:3
[174]:2
[175]:1
[177]:1
[179]:1
[180]:1
[182]:1
[186]:1

t0_min: 1.08 us, round:1998
t0_max: 54.29 us, round:302719
t0_jitter: 53.21 us

t1_min: 2.67 us, round:2027
t1_max: 74.13 us, round:302719
t1_jitter: 71.46 us

t2_min: 97.29 us, round:6326
t2_max: 186.38 us, round:302721
t2_jitter: 89.08 us

PMU diff samples: 557618
AVG DIFF LL_CACHE_RD: 98.92
AVG DIFF LL_CACHE_MISS_RD: 42.45
AVG DIFF L2D_CACHE_REFILL: 42.57
AVG DIFF L2D_CACHE_INVAL: 0.00
[cur diff] DIFF LL_CACHE_RD: 10, DIFF LL_CACHE_MISS_RD: 6, MISS_RATE: 60.00%
[cur diff] DIFF L2D_CACHE_REFILL: 4
[cur diff] DIFF L2D_CACHE_INVAL: 0
[max diff] DIFF LL_CACHE_RD: 175, DIFF LL_CACHE_MISS_RD: 135, MISS_RATE: 77.14%
[max diff] DIFF L2D_CACHE_REFILL: 135
[max diff] DIFF L2D_CACHE_INVAL: 0

===========================================================
taskpendcnt:559660
t0:2958 ns
t1:4250 ns
t2:101500 ns
benchmark: Franka-derived Cartesian-impedance kernel, input trace:8, timer period:1.000 ms
controller source: franka_ros2 jazzy@73a1501d, updates:559682, SVD sweeps:5
pose error:[0.010000 0.015000 0.010000 -0.000000 0.049979 -0.000000]
tau[0:6]:[1.228026 0.081850 0.819520 0.875435 0.745706 -0.833381 0.398995]
kernel exec min/avg/max: 94.50 / 97.31 / 123.08 us, samples:559692
pressure status:1, copy rounds total/window:2372/10, 4.40 rounds/s
pressure logical copy:23720.00 MiB total, approx 43.99 MiB/s, checksum:3158772285440
pressure report window:2.273048 s
t0_region>
[1]:97441
[2]:207691
[3]:172732
[4]:43551
[5]:6946
[6]:4182
[7]:6809
[8]:9790
[9]:5571
[10]:1660
[11]:936
[12]:673
[13]:581
[14]:415
[15]:273
[16]:194
[17]:111
[18]:83
[19]:28
[20]:14
[21]:5
[22]:3
[24]:1
[25]:7
[26]:1
[27]:2
[28]:2
[30]:2
[31]:2
[32]:1
[33]:2
[35]:2
[36]:2
[47]:1
[54]:1

t1_region>
[2]:3349
[3]:31622
[4]:40503
[5]:43729
[6]:81543
[7]:115748
[8]:113154
[9]:61792
[10]:23865
[11]:7193
[12]:2801
[13]:2029
[14]:1911
[15]:2346
[16]:4394
[17]:7458
[18]:6096
[19]:2430
[20]:899
[21]:679
[22]:665
[23]:624
[24]:593
[25]:512
[26]:474
[27]:484
[28]:429
[29]:357
[30]:326
[31]:329
[32]:284
[33]:230
[34]:218
[35]:173
[36]:160
[37]:106
[38]:72
[39]:39
[40]:30
[41]:19
[42]:18
[43]:8
[44]:8
[45]:6
[46]:7
[47]:3
[48]:2
[49]:2
[53]:1
[54]:1
[55]:1
[56]:1
[58]:3
[59]:3
[61]:2
[64]:3
[65]:2
[68]:3
[69]:3
[70]:1
[72]:2
[74]:1

t2_region>
[97]:332
[98]:8139
[99]:13136
[100]:28687
[101]:39925
[102]:50483
[103]:67519
[104]:86255
[105]:97045
[106]:65085
[107]:27356
[108]:14248
[109]:12375
[110]:9585
[111]:5286
[112]:2845
[113]:2757
[114]:4528
[115]:5775
[116]:4507
[117]:2188
[118]:1370
[119]:1494
[120]:1162
[121]:820
[122]:616
[123]:541
[124]:517
[125]:490
[126]:436
[127]:408
[128]:419
[129]:386
[130]:352
[131]:355
[132]:291
[133]:319
[134]:275
[135]:233
[136]:199
[137]:181
[138]:142
[139]:125
[140]:114
[141]:85
[142]:72
[143]:58
[144]:53
[145]:57
[146]:34
[147]:28
[148]:24
[149]:16
[150]:14
[151]:8
[152]:6
[153]:7
[154]:5
[156]:2
[157]:1
[159]:1
[160]:2
[161]:3
[163]:2
[165]:1
[166]:2
[167]:2
[168]:2
[170]:2
[172]:2
[173]:3
[174]:2
[175]:1
[177]:1
[179]:1
[180]:1
[182]:1
[186]:1

t0_min: 1.08 us, round:1998
t0_max: 54.29 us, round:302719
t0_jitter: 53.21 us

t1_min: 2.67 us, round:2027
t1_max: 74.13 us, round:302719
t1_jitter: 71.46 us

t2_min: 97.29 us, round:6326
t2_max: 186.38 us, round:302721
t2_jitter: 89.08 us

PMU diff samples: 559891
AVG DIFF LL_CACHE_RD: 98.93
AVG DIFF LL_CACHE_MISS_RD: 42.45
AVG DIFF L2D_CACHE_REFILL: 42.57
AVG DIFF L2D_CACHE_INVAL: 0.00
[cur diff] DIFF LL_CACHE_RD: 13, DIFF LL_CACHE_MISS_RD: 10, MISS_RATE: 76.92%
[cur diff] DIFF L2D_CACHE_REFILL: 1
[cur diff] DIFF L2D_CACHE_INVAL: 0
[max diff] DIFF LL_CACHE_RD: 175, DIFF LL_CACHE_MISS_RD: 135, MISS_RATE: 77.14%
[max diff] DIFF L2D_CACHE_REFILL: 135
[max diff] DIFF L2D_CACHE_INVAL: 0

===========================================================
taskpendcnt:561934
t0:2833 ns
t1:5291 ns
t2:102250 ns
benchmark: Franka-derived Cartesian-impedance kernel, input trace:8, timer period:1.000 ms
controller source: franka_ros2 jazzy@73a1501d, updates:561956, SVD sweeps:5
pose error:[0.010000 0.015000 0.010000 -0.000000 0.049979 -0.000000]
tau[0:6]:[-0.567483 -0.552304 -0.482512 -0.231067 -0.297494 -0.656094 -0.085004]
kernel exec min/avg/max: 94.50 / 97.31 / 123.08 us, samples:561966
pressure status:1, copy rounds total/window:2382/10, 4.40 rounds/s
pressure logical copy:23820.00 MiB total, approx 43.97 MiB/s, checksum:3172089200640
pressure report window:2.274500 s
t0_region>
[1]:97790
[2]:208601
[3]:173460
[4]:43733
[5]:6978
[6]:4191
[7]:6828
[8]:9823
[9]:5584
[10]:1660
[11]:936
[12]:673
[13]:581
[14]:415
[15]:273
[16]:194
[17]:111
[18]:83
[19]:28
[20]:14
[21]:5
[22]:3
[24]:1
[25]:7
[26]:1
[27]:2
[28]:2
[30]:2
[31]:2
[32]:1
[33]:2
[35]:2
[36]:2
[47]:1
[54]:1

t1_region>
[2]:3365
[3]:31730
[4]:40645
[5]:43903
[6]:81882
[7]:116299
[8]:113626
[9]:62026
[10]:23976
[11]:7224
[12]:2815
[13]:2040
[14]:1913
[15]:2349
[16]:4404
[17]:7490
[18]:6116
[19]:2433
[20]:899
[21]:679
[22]:665
[23]:625
[24]:593
[25]:512
[26]:474
[27]:484
[28]:429
[29]:357
[30]:326
[31]:329
[32]:284
[33]:230
[34]:218
[35]:173
[36]:160
[37]:106
[38]:72
[39]:39
[40]:30
[41]:19
[42]:18
[43]:8
[44]:8
[45]:6
[46]:7
[47]:3
[48]:2
[49]:2
[53]:1
[54]:1
[55]:1
[56]:1
[58]:3
[59]:3
[61]:2
[64]:3
[65]:2
[68]:3
[69]:3
[70]:1
[72]:2
[74]:1

t2_region>
[97]:332
[98]:8160
[99]:13184
[100]:28801
[101]:40079
[102]:50691
[103]:67781
[104]:86630
[105]:97491
[106]:65357
[107]:27475
[108]:14320
[109]:12425
[110]:9621
[111]:5301
[112]:2854
[113]:2763
[114]:4545
[115]:5800
[116]:4519
[117]:2192
[118]:1372
[119]:1495
[120]:1164
[121]:823
[122]:616
[123]:541
[124]:517
[125]:490
[126]:436
[127]:408
[128]:419
[129]:386
[130]:352
[131]:355
[132]:291
[133]:319
[134]:275
[135]:233
[136]:199
[137]:181
[138]:142
[139]:125
[140]:114
[141]:85
[142]:72
[143]:58
[144]:53
[145]:57
[146]:34
[147]:28
[148]:24
[149]:16
[150]:14
[151]:8
[152]:6
[153]:7
[154]:5
[156]:2
[157]:1
[159]:1
[160]:2
[161]:3
[163]:2
[165]:1
[166]:2
[167]:2
[168]:2
[170]:2
[172]:2
[173]:3
[174]:2
[175]:1
[177]:1
[179]:1
[180]:1
[182]:1
[186]:1

t0_min: 1.08 us, round:1998
t0_max: 54.29 us, round:302719
t0_jitter: 53.21 us

t1_min: 2.67 us, round:2027
t1_max: 74.13 us, round:302719
t1_jitter: 71.46 us

t2_min: 97.29 us, round:6326
t2_max: 186.38 us, round:302721
t2_jitter: 89.08 us

PMU diff samples: 562165
AVG DIFF LL_CACHE_RD: 98.93
AVG DIFF LL_CACHE_MISS_RD: 42.45
AVG DIFF L2D_CACHE_REFILL: 42.57
AVG DIFF L2D_CACHE_INVAL: 0.00
[cur diff] DIFF LL_CACHE_RD: 7, DIFF LL_CACHE_MISS_RD: 6, MISS_RATE: 85.71%
[cur diff] DIFF L2D_CACHE_REFILL: 4
[cur diff] DIFF L2D_CACHE_INVAL: 0
[max diff] DIFF LL_CACHE_RD: 175, DIFF LL_CACHE_MISS_RD: 135, MISS_RATE: 77.14%
[max diff] DIFF L2D_CACHE_REFILL: 135
[max diff] DIFF L2D_CACHE_INVAL: 0

===========================================================
taskpendcnt:564208
t0:1833 ns
t1:4875 ns
t2:101541 ns
benchmark: Franka-derived Cartesian-impedance kernel, input trace:8, timer period:1.000 ms
controller source: franka_ros2 jazzy@73a1501d, updates:564230, SVD sweeps:5
pose error:[0.010000 0.015000 0.010000 -0.000000 0.049979 -0.000000]
tau[0:6]:[-2.379368 -1.292411 -1.655224 -1.570015 -1.185234 -0.066588 -0.610247]
kernel exec min/avg/max: 94.50 / 97.31 / 123.08 us, samples:564240
pressure status:1, copy rounds total/window:2391/9, 3.96 rounds/s
pressure logical copy:23910.00 MiB total, approx 39.58 MiB/s, checksum:3184074424320
pressure report window:2.273983 s
t0_region>
[1]:98154
[2]:209516
[3]:174141
[4]:43930
[5]:6999
[6]:4199
[7]:6848
[8]:9865
[9]:5606
[10]:1662
[11]:937
[12]:673
[13]:581
[14]:415
[15]:273
[16]:194
[17]:111
[18]:83
[19]:28
[20]:14
[21]:5
[22]:3
[24]:1
[25]:7
[26]:1
[27]:2
[28]:2
[30]:2
[31]:2
[32]:1
[33]:2
[35]:2
[36]:2
[47]:1
[54]:1

t1_region>
[2]:3376
[3]:31852
[4]:40798
[5]:44104
[6]:82229
[7]:116796
[8]:114085
[9]:62281
[10]:24073
[11]:7252
[12]:2820
[13]:2045
[14]:1915
[15]:2356
[16]:4422
[17]:7521
[18]:6144
[19]:2440
[20]:901
[21]:679
[22]:665
[23]:625
[24]:593
[25]:512
[26]:474
[27]:484
[28]:429
[29]:357
[30]:326
[31]:329
[32]:284
[33]:230
[34]:218
[35]:173
[36]:160
[37]:106
[38]:72
[39]:39
[40]:30
[41]:19
[42]:18
[43]:8
[44]:8
[45]:6
[46]:7
[47]:3
[48]:2
[49]:2
[53]:1
[54]:1
[55]:1
[56]:1
[58]:3
[59]:3
[61]:2
[64]:3
[65]:2
[68]:3
[69]:3
[70]:1
[72]:2
[74]:1

t2_region>
[97]:332
[98]:8178
[99]:13233
[100]:28914
[101]:40249
[102]:50938
[103]:68059
[104]:87003
[105]:97875
[106]:65620
[107]:27590
[108]:14374
[109]:12487
[110]:9653
[111]:5321
[112]:2859
[113]:2774
[114]:4556
[115]:5827
[116]:4536
[117]:2200
[118]:1381
[119]:1498
[120]:1169
[121]:823
[122]:617
[123]:541
[124]:517
[125]:490
[126]:436
[127]:408
[128]:419
[129]:386
[130]:352
[131]:355
[132]:291
[133]:319
[134]:275
[135]:233
[136]:199
[137]:181
[138]:142
[139]:125
[140]:114
[141]:85
[142]:72
[143]:58
[144]:53
[145]:57
[146]:34
[147]:28
[148]:24
[149]:16
[150]:14
[151]:8
[152]:6
[153]:7
[154]:5
[156]:2
[157]:1
[159]:1
[160]:2
[161]:3
[163]:2
[165]:1
[166]:2
[167]:2
[168]:2
[170]:2
[172]:2
[173]:3
[174]:2
[175]:1
[177]:1
[179]:1
[180]:1
[182]:1
[186]:1

t0_min: 1.08 us, round:1998
t0_max: 54.29 us, round:302719
t0_jitter: 53.21 us

t1_min: 2.67 us, round:2027
t1_max: 74.13 us, round:302719
t1_jitter: 71.46 us

t2_min: 97.29 us, round:6326
t2_max: 186.38 us, round:302721
t2_jitter: 89.08 us

PMU diff samples: 564439
AVG DIFF LL_CACHE_RD: 98.92
AVG DIFF LL_CACHE_MISS_RD: 42.44
AVG DIFF L2D_CACHE_REFILL: 42.57
AVG DIFF L2D_CACHE_INVAL: 0.00
[cur diff] DIFF LL_CACHE_RD: 6, DIFF LL_CACHE_MISS_RD: 4, MISS_RATE: 66.67%
[cur diff] DIFF L2D_CACHE_REFILL: 4
[cur diff] DIFF L2D_CACHE_INVAL: 0
[max diff] DIFF LL_CACHE_RD: 175, DIFF LL_CACHE_MISS_RD: 135, MISS_RATE: 77.14%
[max diff] DIFF L2D_CACHE_REFILL: 135
[max diff] DIFF L2D_CACHE_INVAL: 0

===========================================================
taskpendcnt:566482
t0:3166 ns
t1:5333 ns
t2:101708 ns
benchmark: Franka-derived Cartesian-impedance kernel, input trace:8, timer period:1.000 ms
controller source: franka_ros2 jazzy@73a1501d, updates:566504, SVD sweeps:5
pose error:[0.010000 0.015000 0.010000 -0.000000 0.049979 -0.000000]
tau[0:6]:[-0.274004 -0.324180 0.001577 -0.231466 0.050986 -0.328952 0.010844]
kernel exec min/avg/max: 94.50 / 97.31 / 123.08 us, samples:566514
pressure status:1, copy rounds total/window:2401/10, 4.40 rounds/s
pressure logical copy:24010.00 MiB total, approx 43.98 MiB/s, checksum:3197391339520
pressure report window:2.273747 s
t0_region>
[1]:98534
[2]:210392
[3]:174860
[4]:44106
[5]:7026
[6]:4207
[7]:6873
[8]:9904
[9]:5626
[10]:1666
[11]:937
[12]:673
[13]:581
[14]:415
[15]:273
[16]:194
[17]:111
[18]:83
[19]:28
[20]:14
[21]:5
[22]:3
[24]:1
[25]:7
[26]:1
[27]:2
[28]:2
[30]:2
[31]:2
[32]:1
[33]:2
[35]:2
[36]:2
[47]:1
[54]:1

t1_region>
[2]:3388
[3]:31967
[4]:40954
[5]:44300
[6]:82561
[7]:117264
[8]:114577
[9]:62546
[10]:24172
[11]:7283
[12]:2830
[13]:2045
[14]:1920
[15]:2366
[16]:4437
[17]:7550
[18]:6171
[19]:2448
[20]:903
[21]:680
[22]:665
[23]:625
[24]:593
[25]:512
[26]:474
[27]:484
[28]:429
[29]:357
[30]:326
[31]:329
[32]:284
[33]:230
[34]:218
[35]:173
[36]:160
[37]:106
[38]:72
[39]:39
[40]:30
[41]:19
[42]:18
[43]:8
[44]:8
[45]:6
[46]:7
[47]:3
[48]:2
[49]:2
[53]:1
[54]:1
[55]:1
[56]:1
[58]:3
[59]:3
[61]:2
[64]:3
[65]:2
[68]:3
[69]:3
[70]:1
[72]:2
[74]:1

t2_region>
[97]:332
[98]:8199
[99]:13280
[100]:29021
[101]:40428
[102]:51163
[103]:68332
[104]:87331
[105]:98291
[106]:65899
[107]:27706
[108]:14430
[109]:12540
[110]:9700
[111]:5344
[112]:2872
[113]:2781
[114]:4577
[115]:5856
[116]:4551
[117]:2208
[118]:1387
[119]:1501
[120]:1170
[121]:824
[122]:617
[123]:541
[124]:517
[125]:490
[126]:436
[127]:408
[128]:419
[129]:386
[130]:352
[131]:355
[132]:291
[133]:319
[134]:275
[135]:233
[136]:199
[137]:181
[138]:142
[139]:125
[140]:114
[141]:85
[142]:72
[143]:58
[144]:53
[145]:57
[146]:34
[147]:28
[148]:24
[149]:16
[150]:14
[151]:8
[152]:6
[153]:7
[154]:5
[156]:2
[157]:1
[159]:1
[160]:2
[161]:3
[163]:2
[165]:1
[166]:2
[167]:2
[168]:2
[170]:2
[172]:2
[173]:3
[174]:2
[175]:1
[177]:1
[179]:1
[180]:1
[182]:1
[186]:1

t0_min: 1.08 us, round:1998
t0_max: 54.29 us, round:302719
t0_jitter: 53.21 us

t1_min: 2.67 us, round:2027
t1_max: 74.13 us, round:302719
t1_jitter: 71.46 us

t2_min: 97.29 us, round:6326
t2_max: 186.38 us, round:302721
t2_jitter: 89.08 us

PMU diff samples: 566713
AVG DIFF LL_CACHE_RD: 98.92
AVG DIFF LL_CACHE_MISS_RD: 42.44
AVG DIFF L2D_CACHE_REFILL: 42.57
AVG DIFF L2D_CACHE_INVAL: 0.00
[cur diff] DIFF LL_CACHE_RD: 3, DIFF LL_CACHE_MISS_RD: 2, MISS_RATE: 66.67%
[cur diff] DIFF L2D_CACHE_REFILL: 5
[cur diff] DIFF L2D_CACHE_INVAL: 0
[max diff] DIFF LL_CACHE_RD: 175, DIFF LL_CACHE_MISS_RD: 135, MISS_RATE: 77.14%
[max diff] DIFF L2D_CACHE_REFILL: 135
[max diff] DIFF L2D_CACHE_INVAL: 0

===========================================================
taskpendcnt:568756
t0:2458 ns
t1:5208 ns
t2:101583 ns
benchmark: Franka-derived Cartesian-impedance kernel, input trace:8, timer period:1.000 ms
controller source: franka_ros2 jazzy@73a1501d, updates:568778, SVD sweeps:5
pose error:[0.010000 0.015000 0.010000 -0.000000 0.049979 -0.000000]
tau[0:6]:[1.228026 0.081850 0.819520 0.875435 0.745706 -0.833381 0.398995]
kernel exec min/avg/max: 94.50 / 97.31 / 123.08 us, samples:568788
pressure status:1, copy rounds total/window:2411/10, 4.40 rounds/s
pressure logical copy:24110.00 MiB total, approx 43.98 MiB/s, checksum:3210708254720
pressure report window:2.273714 s
t0_region>
[1]:98933
[2]:211254
[3]:175615
[4]:44269
[5]:7044
[6]:4220
[7]:6894
[8]:9930
[9]:5641
[10]:1669
[11]:937
[12]:673
[13]:581
[14]:415
[15]:273
[16]:194
[17]:111
[18]:83
[19]:28
[20]:14
[21]:5
[22]:3
[24]:1
[25]:7
[26]:1
[27]:2
[28]:2
[30]:2
[31]:2
[32]:1
[33]:2
[35]:2
[36]:2
[47]:1
[54]:1

t1_region>
[2]:3403
[3]:32074
[4]:41119
[5]:44505
[6]:82906
[7]:117765
[8]:115006
[9]:62847
[10]:24260
[11]:7305
[12]:2842
[13]:2052
[14]:1927
[15]:2372
[16]:4453
[17]:7567
[18]:6193
[19]:2455
[20]:904
[21]:680
[22]:665
[23]:625
[24]:593
[25]:512
[26]:474
[27]:484
[28]:429
[29]:357
[30]:326
[31]:329
[32]:284
[33]:230
[34]:218
[35]:173
[36]:160
[37]:106
[38]:72
[39]:39
[40]:30
[41]:19
[42]:18
[43]:8
[44]:8
[45]:6
[46]:7
[47]:3
[48]:2
[49]:2
[53]:1
[54]:1
[55]:1
[56]:1
[58]:3
[59]:3
[61]:2
[64]:3
[65]:2
[68]:3
[69]:3
[70]:1
[72]:2
[74]:1

t2_region>
[97]:332
[98]:8217
[99]:13330
[100]:29134
[101]:40598
[102]:51383
[103]:68642
[104]:87667
[105]:98668
[106]:66183
[107]:27852
[108]:14496
[109]:12587
[110]:9741
[111]:5358
[112]:2883
[113]:2792
[114]:4587
[115]:5873
[116]:4568
[117]:2214
[118]:1392
[119]:1503
[120]:1171
[121]:824
[122]:618
[123]:541
[124]:517
[125]:490
[126]:436
[127]:408
[128]:419
[129]:386
[130]:352
[131]:355
[132]:291
[133]:319
[134]:275
[135]:233
[136]:199
[137]:181
[138]:142
[139]:125
[140]:114
[141]:85
[142]:72
[143]:58
[144]:53
[145]:57
[146]:34
[147]:28
[148]:24
[149]:16
[150]:14
[151]:8
[152]:6
[153]:7
[154]:5
[156]:2
[157]:1
[159]:1
[160]:2
[161]:3
[163]:2
[165]:1
[166]:2
[167]:2
[168]:2
[170]:2
[172]:2
[173]:3
[174]:2
[175]:1
[177]:1
[179]:1
[180]:1
[182]:1
[186]:1

t0_min: 1.08 us, round:1998
t0_max: 54.29 us, round:302719
t0_jitter: 53.21 us

t1_min: 2.67 us, round:2027
t1_max: 74.13 us, round:302719
t1_jitter: 71.46 us

t2_min: 97.29 us, round:6326
t2_max: 186.38 us, round:302721
t2_jitter: 89.08 us

PMU diff samples: 568987
AVG DIFF LL_CACHE_RD: 98.92
AVG DIFF LL_CACHE_MISS_RD: 42.44
AVG DIFF L2D_CACHE_REFILL: 42.57
AVG DIFF L2D_CACHE_INVAL: 0.00
[cur diff] DIFF LL_CACHE_RD: 10, DIFF LL_CACHE_MISS_RD: 9, MISS_RATE: 90.00%
[cur diff] DIFF L2D_CACHE_REFILL: 1
[cur diff] DIFF L2D_CACHE_INVAL: 0
[max diff] DIFF LL_CACHE_RD: 175, DIFF LL_CACHE_MISS_RD: 135, MISS_RATE: 77.14%
[max diff] DIFF L2D_CACHE_REFILL: 135
[max diff] DIFF L2D_CACHE_INVAL: 0

===========================================================
taskpendcnt:571030
t0:2625 ns
t1:4500 ns
t2:103500 ns
benchmark: Franka-derived Cartesian-impedance kernel, input trace:8, timer period:1.000 ms
controller source: franka_ros2 jazzy@73a1501d, updates:571052, SVD sweeps:5
pose error:[0.010000 0.015000 0.010000 -0.000000 0.049979 -0.000000]
tau[0:6]:[-0.567483 -0.552304 -0.482512 -0.231067 -0.297494 -0.656094 -0.085004]
kernel exec min/avg/max: 94.50 / 97.31 / 123.08 us, samples:571062
pressure status:1, copy rounds total/window:2420/9, 3.96 rounds/s
pressure logical copy:24200.00 MiB total, approx 39.57 MiB/s, checksum:3222693478400
pressure report window:2.274515 s
t0_region>
[1]:99292
[2]:212219
[3]:176309
[4]:44415
[5]:7056
[6]:4233
[7]:6912
[8]:9975
[9]:5660
[10]:1671
[11]:937
[12]:673
[13]:581
[14]:415
[15]:273
[16]:194
[17]:111
[18]:83
[19]:28
[20]:14
[21]:5
[22]:3
[24]:1
[25]:7
[26]:1
[27]:2
[28]:2
[30]:2
[31]:2
[32]:1
[33]:2
[35]:2
[36]:2
[47]:1
[54]:1

t1_region>
[2]:3417
[3]:32182
[4]:41273
[5]:44679
[6]:83299
[7]:118294
[8]:115460
[9]:63089
[10]:24338
[11]:7330
[12]:2845
[13]:2058
[14]:1932
[15]:2379
[16]:4473
[17]:7605
[18]:6213
[19]:2459
[20]:905
[21]:680
[22]:665
[23]:625
[24]:593
[25]:512
[26]:474
[27]:484
[28]:429
[29]:357
[30]:326
[31]:329
[32]:284
[33]:230
[34]:218
[35]:173
[36]:160
[37]:106
[38]:72
[39]:39
[40]:30
[41]:19
[42]:18
[43]:8
[44]:8
[45]:6
[46]:7
[47]:3
[48]:2
[49]:2
[53]:1
[54]:1
[55]:1
[56]:1
[58]:3
[59]:3
[61]:2
[64]:3
[65]:2
[68]:3
[69]:3
[70]:1
[72]:2
[74]:1

t2_region>
[97]:332
[98]:8229
[99]:13367
[100]:29247
[101]:40754
[102]:51623
[103]:68953
[104]:88044
[105]:99070
[106]:66461
[107]:27959
[108]:14554
[109]:12631
[110]:9766
[111]:5372
[112]:2893
[113]:2804
[114]:4600
[115]:5900
[116]:4584
[117]:2222
[118]:1400
[119]:1507
[120]:1173
[121]:824
[122]:619
[123]:541
[124]:517
[125]:490
[126]:436
[127]:408
[128]:419
[129]:386
[130]:352
[131]:355
[132]:291
[133]:319
[134]:275
[135]:233
[136]:199
[137]:181
[138]:142
[139]:125
[140]:114
[141]:85
[142]:72
[143]:58
[144]:53
[145]:57
[146]:34
[147]:28
[148]:24
[149]:16
[150]:14
[151]:8
[152]:6
[153]:7
[154]:5
[156]:2
[157]:1
[159]:1
[160]:2
[161]:3
[163]:2
[165]:1
[166]:2
[167]:2
[168]:2
[170]:2
[172]:2
[173]:3
[174]:2
[175]:1
[177]:1
[179]:1
[180]:1
[182]:1
[186]:1

t0_min: 1.08 us, round:1998
t0_max: 54.29 us, round:302719
t0_jitter: 53.21 us

t1_min: 2.67 us, round:2027
t1_max: 74.13 us, round:302719
t1_jitter: 71.46 us

t2_min: 97.29 us, round:6326
t2_max: 186.38 us, round:302721
t2_jitter: 89.08 us

PMU diff samples: 571261
AVG DIFF LL_CACHE_RD: 98.92
AVG DIFF LL_CACHE_MISS_RD: 42.45
AVG DIFF L2D_CACHE_REFILL: 42.57
AVG DIFF L2D_CACHE_INVAL: 0.00
[cur diff] DIFF LL_CACHE_RD: 7, DIFF LL_CACHE_MISS_RD: 5, MISS_RATE: 71.43%
[cur diff] DIFF L2D_CACHE_REFILL: 2
[cur diff] DIFF L2D_CACHE_INVAL: 0
[max diff] DIFF LL_CACHE_RD: 175, DIFF LL_CACHE_MISS_RD: 135, MISS_RATE: 77.14%
[max diff] DIFF L2D_CACHE_REFILL: 135
[max diff] DIFF L2D_CACHE_INVAL: 0

===========================================================
taskpendcnt:573304
t0:2500 ns
t1:3791 ns
t2:102500 ns
benchmark: Franka-derived Cartesian-impedance kernel, input trace:8, timer period:1.000 ms
controller source: franka_ros2 jazzy@73a1501d, updates:573326, SVD sweeps:5
pose error:[0.010000 0.015000 0.010000 -0.000000 0.049979 -0.000000]
tau[0:6]:[-2.379368 -1.292411 -1.655224 -1.570015 -1.185234 -0.066588 -0.610247]
kernel exec min/avg/max: 94.50 / 97.31 / 123.08 us, samples:573336
pressure status:1, copy rounds total/window:2430/10, 4.40 rounds/s
pressure logical copy:24300.00 MiB total, approx 43.98 MiB/s, checksum:3236010393600
pressure report window:2.274002 s
t0_region>
[1]:99682
[2]:213104
[3]:177042
[4]:44578
[5]:7079
[6]:4240
[7]:6936
[8]:10006
[9]:5678
[10]:1672
[11]:937
[12]:673
[13]:581
[14]:415
[15]:273
[16]:194
[17]:111
[18]:83
[19]:28
[20]:14
[21]:5
[22]:3
[24]:1
[25]:7
[26]:1
[27]:2
[28]:2
[30]:2
[31]:2
[32]:1
[33]:2
[35]:2
[36]:2
[47]:1
[54]:1

t1_region>
[2]:3429
[3]:32304
[4]:41423
[5]:44870
[6]:83675
[7]:118767
[8]:115934
[9]:63354
[10]:24427
[11]:7352
[12]:2854
[13]:2069
[14]:1935
[15]:2380
[16]:4494
[17]:7630
[18]:6240
[19]:2462
[20]:905
[21]:680
[22]:665
[23]:625
[24]:593
[25]:512
[26]:474
[27]:484
[28]:429
[29]:357
[30]:326
[31]:329
[32]:284
[33]:230
[34]:218
[35]:173
[36]:160
[37]:106
[38]:72
[39]:39
[40]:30
[41]:19
[42]:18
[43]:8
[44]:8
[45]:6
[46]:7
[47]:3
[48]:2
[49]:2
[53]:1
[54]:1
[55]:1
[56]:1
[58]:3
[59]:3
[61]:2
[64]:3
[65]:2
[68]:3
[69]:3
[70]:1
[72]:2
[74]:1

t2_region>
[97]:332
[98]:8233
[99]:13405
[100]:29374
[101]:40927
[102]:51849
[103]:69248
[104]:88380
[105]:99466
[106]:66764
[107]:28071
[108]:14623
[109]:12691
[110]:9798
[111]:5388
[112]:2899
[113]:2816
[114]:4625
[115]:5921
[116]:4603
[117]:2226
[118]:1400
[119]:1507
[120]:1173
[121]:824
[122]:619
[123]:541
[124]:517
[125]:490
[126]:436
[127]:408
[128]:419
[129]:386
[130]:352
[131]:355
[132]:291
[133]:319
[134]:275
[135]:233
[136]:199
[137]:181
[138]:142
[139]:125
[140]:114
[141]:85
[142]:72
[143]:58
[144]:53
[145]:57
[146]:34
[147]:28
[148]:24
[149]:16
[150]:14
[151]:8
[152]:6
[153]:7
[154]:5
[156]:2
[157]:1
[159]:1
[160]:2
[161]:3
[163]:2
[165]:1
[166]:2
[167]:2
[168]:2
[170]:2
[172]:2
[173]:3
[174]:2
[175]:1
[177]:1
[179]:1
[180]:1
[182]:1
[186]:1

t0_min: 1.08 us, round:1998
t0_max: 54.29 us, round:302719
t0_jitter: 53.21 us

t1_min: 2.67 us, round:2027
t1_max: 74.13 us, round:302719
t1_jitter: 71.46 us

t2_min: 97.29 us, round:6326
t2_max: 186.38 us, round:302721
t2_jitter: 89.08 us

PMU diff samples: 573535
AVG DIFF LL_CACHE_RD: 98.92
AVG DIFF LL_CACHE_MISS_RD: 42.44
AVG DIFF L2D_CACHE_REFILL: 42.57
AVG DIFF L2D_CACHE_INVAL: 0.00
[cur diff] DIFF LL_CACHE_RD: 11, DIFF LL_CACHE_MISS_RD: 8, MISS_RATE: 72.73%
[cur diff] DIFF L2D_CACHE_REFILL: 3
[cur diff] DIFF L2D_CACHE_INVAL: 0
[max diff] DIFF LL_CACHE_RD: 175, DIFF LL_CACHE_MISS_RD: 135, MISS_RATE: 77.14%
[max diff] DIFF L2D_CACHE_REFILL: 135
[max diff] DIFF L2D_CACHE_INVAL: 0

===========================================================
taskpendcnt:575578
t0:2958 ns
t1:5416 ns
t2:102666 ns
benchmark: Franka-derived Cartesian-impedance kernel, input trace:8, timer period:1.000 ms
controller source: franka_ros2 jazzy@73a1501d, updates:575600, SVD sweeps:5
pose error:[0.010000 0.015000 0.010000 -0.000000 0.049979 -0.000000]
tau[0:6]:[-0.274004 -0.324180 0.001577 -0.231466 0.050986 -0.328952 0.010844]
kernel exec min/avg/max: 94.50 / 97.31 / 123.08 us, samples:575610
pressure status:1, copy rounds total/window:2439/9, 3.96 rounds/s
pressure logical copy:24390.00 MiB total, approx 39.58 MiB/s, checksum:3247995617280
pressure report window:2.273733 s
t0_region>
[1]:100065
[2]:214030
[3]:177778
[4]:44703
[5]:7085
[6]:4252
[7]:6966
[8]:10040
[9]:5699
[10]:1672
[11]:937
[12]:673
[13]:582
[14]:415
[15]:273
[16]:194
[17]:111
[18]:83
[19]:28
[20]:14
[21]:5
[22]:3
[24]:1
[25]:7
[26]:1
[27]:2
[28]:2
[30]:2
[31]:2
[32]:1
[33]:2
[35]:2
[36]:2
[47]:1
[54]:1

t1_region>
[2]:3441
[3]:32424
[4]:41579
[5]:45082
[6]:84056
[7]:119298
[8]:116377
[9]:63577
[10]:24505
[11]:7367
[12]:2858
[13]:2072
[14]:1940
[15]:2394
[16]:4519
[17]:7653
[18]:6263
[19]:2465
[20]:906
[21]:680
[22]:666
[23]:625
[24]:593
[25]:512
[26]:474
[27]:484
[28]:429
[29]:357
[30]:327
[31]:329
[32]:284
[33]:230
[34]:218
[35]:173
[36]:160
[37]:106
[38]:72
[39]:39
[40]:30
[41]:19
[42]:18
[43]:8
[44]:8
[45]:6
[46]:7
[47]:3
[48]:2
[49]:2
[53]:1
[54]:1
[55]:1
[56]:1
[58]:3
[59]:3
[61]:2
[64]:3
[65]:2
[68]:3
[69]:3
[70]:1
[72]:2
[74]:1

t2_region>
[97]:332
[98]:8237
[99]:13448
[100]:29453
[101]:41103
[102]:52100
[103]:69576
[104]:88760
[105]:99883
[106]:67047
[107]:28194
[108]:14659
[109]:12715
[110]:9816
[111]:5401
[112]:2906
[113]:2831
[114]:4652
[115]:5940
[116]:4617
[117]:2232
[118]:1404
[119]:1509
[120]:1176
[121]:824
[122]:619
[123]:541
[124]:517
[125]:490
[126]:436
[127]:408
[128]:419
[129]:386
[130]:352
[131]:355
[132]:291
[133]:319
[134]:275
[135]:234
[136]:199
[137]:181
[138]:142
[139]:125
[140]:114
[141]:85
[142]:72
[143]:58
[144]:53
[145]:57
[146]:34
[147]:28
[148]:24
[149]:16
[150]:14
[151]:8
[152]:6
[153]:7
[154]:5
[156]:2
[157]:1
[159]:1
[160]:2
[161]:3
[163]:2
[165]:1
[166]:2
[167]:2
[168]:2
[170]:2
[172]:2
[173]:3
[174]:2
[175]:1
[177]:1
[179]:1
[180]:1
[182]:1
[186]:1

t0_min: 1.08 us, round:1998
t0_max: 54.29 us, round:302719
t0_jitter: 53.21 us

t1_min: 2.67 us, round:2027
t1_max: 74.13 us, round:302719
t1_jitter: 71.46 us

t2_min: 97.29 us, round:6326
t2_max: 186.38 us, round:302721
t2_jitter: 89.08 us

PMU diff samples: 575809
AVG DIFF LL_CACHE_RD: 98.91
AVG DIFF LL_CACHE_MISS_RD: 42.44
AVG DIFF L2D_CACHE_REFILL: 42.56
AVG DIFF L2D_CACHE_INVAL: 0.00
[cur diff] DIFF LL_CACHE_RD: 6, DIFF LL_CACHE_MISS_RD: 5, MISS_RATE: 83.33%
[cur diff] DIFF L2D_CACHE_REFILL: 1
[cur diff] DIFF L2D_CACHE_INVAL: 0
[max diff] DIFF LL_CACHE_RD: 175, DIFF LL_CACHE_MISS_RD: 135, MISS_RATE: 77.14%
[max diff] DIFF L2D_CACHE_REFILL: 135
[max diff] DIFF L2D_CACHE_INVAL: 0

===========================================================
taskpendcnt:577851
t0:1666 ns
t1:4125 ns
t2:101083 ns
benchmark: Franka-derived Cartesian-impedance kernel, input trace:8, timer period:1.000 ms
controller source: franka_ros2 jazzy@73a1501d, updates:577874, SVD sweeps:5
pose error:[0.010000 0.015000 0.010000 -0.000000 0.049979 -0.000000]
tau[0:6]:[1.228026 0.081850 0.819520 0.875435 0.745706 -0.833381 0.398995]
kernel exec min/avg/max: 94.50 / 97.31 / 123.08 us, samples:577884
pressure status:1, copy rounds total/window:2449/10, 4.40 rounds/s
pressure logical copy:24490.00 MiB total, approx 43.98 MiB/s, checksum:3261312532480
pressure report window:2.273574 s
t0_region>
[1]:100435
[2]:214964
[3]:178500
[4]:44846
[5]:7096
[6]:4264
[7]:6994
[8]:10074
[9]:5714
[10]:1676
[11]:937
[12]:673
[13]:582
[14]:415
[15]:273
[16]:194
[17]:111
[18]:83
[19]:28
[20]:14
[21]:5
[22]:3
[24]:1
[25]:7
[26]:1
[27]:2
[28]:2
[30]:2
[31]:2
[32]:1
[33]:2
[35]:2
[36]:2
[47]:1
[54]:1

t1_region>
[2]:3456
[3]:32529
[4]:41736
[5]:45260
[6]:84420
[7]:119820
[8]:116858
[9]:63825
[10]:24593
[11]:7381
[12]:2863
[13]:2077
[14]:1947
[15]:2405
[16]:4536
[17]:7688
[18]:6277
[19]:2471
[20]:908
[21]:680
[22]:666
[23]:625
[24]:593
[25]:512
[26]:474
[27]:484
[28]:429
[29]:357
[30]:327
[31]:329
[32]:284
[33]:230
[34]:218
[35]:173
[36]:160
[37]:106
[38]:72
[39]:39
[40]:30
[41]:19
[42]:18
[43]:8
[44]:8
[45]:6
[46]:7
[47]:3
[48]:2
[49]:2
[53]:1
[54]:1
[55]:1
[56]:1
[58]:3
[59]:3
[61]:2
[64]:3
[65]:2
[68]:3
[69]:3
[70]:1
[72]:2
[74]:1

t2_region>
[97]:332
[98]:8254
[99]:13493
[100]:29537
[101]:41250
[102]:52352
[103]:69864
[104]:89143
[105]:100332
[106]:67329
[107]:28316
[108]:14710
[109]:12740
[110]:9844
[111]:5412
[112]:2915
[113]:2843
[114]:4671
[115]:5964
[116]:4633
[117]:2236
[118]:1405
[119]:1511
[120]:1179
[121]:825
[122]:620
[123]:541
[124]:517
[125]:490
[126]:436
[127]:408
[128]:419
[129]:386
[130]:352
[131]:355
[132]:291
[133]:319
[134]:275
[135]:234
[136]:199
[137]:181
[138]:142
[139]:125
[140]:114
[141]:85
[142]:72
[143]:58
[144]:53
[145]:57
[146]:34
[147]:28
[148]:24
[149]:16
[150]:14
[151]:8
[152]:6
[153]:7
[154]:5
[156]:2
[157]:1
[159]:1
[160]:2
[161]:3
[163]:2
[165]:1
[166]:2
[167]:2
[168]:2
[170]:2
[172]:2
[173]:3
[174]:2
[175]:1
[177]:1
[179]:1
[180]:1
[182]:1
[186]:1

t0_min: 1.08 us, round:1998
t0_max: 54.29 us, round:302719
t0_jitter: 53.21 us

t1_min: 2.67 us, round:2027
t1_max: 74.13 us, round:302719
t1_jitter: 71.46 us

t2_min: 97.29 us, round:6326
t2_max: 186.38 us, round:302721
t2_jitter: 89.08 us

PMU diff samples: 578083
AVG DIFF LL_CACHE_RD: 98.91
AVG DIFF LL_CACHE_MISS_RD: 42.44
AVG DIFF L2D_CACHE_REFILL: 42.56
AVG DIFF L2D_CACHE_INVAL: 0.00
[cur diff] DIFF LL_CACHE_RD: 13, DIFF LL_CACHE_MISS_RD: 10, MISS_RATE: 76.92%
[cur diff] DIFF L2D_CACHE_REFILL: 0
[cur diff] DIFF L2D_CACHE_INVAL: 0
[max diff] DIFF LL_CACHE_RD: 175, DIFF LL_CACHE_MISS_RD: 135, MISS_RATE: 77.14%
[max diff] DIFF L2D_CACHE_REFILL: 135
[max diff] DIFF L2D_CACHE_INVAL: 0

===========================================================
taskpendcnt:580125
t0:1541 ns
t1:4000 ns
t2:102125 ns
benchmark: Franka-derived Cartesian-impedance kernel, input trace:8, timer period:1.000 ms
controller source: franka_ros2 jazzy@73a1501d, updates:580148, SVD sweeps:5
pose error:[0.010000 0.015000 0.010000 -0.000000 0.049979 -0.000000]
tau[0:6]:[-0.567483 -0.552304 -0.482512 -0.231067 -0.297494 -0.656094 -0.085004]
kernel exec min/avg/max: 94.50 / 97.31 / 123.08 us, samples:580158
pressure status:1, copy rounds total/window:2459/10, 4.40 rounds/s
pressure logical copy:24590.00 MiB total, approx 43.97 MiB/s, checksum:3274629447680
pressure report window:2.274352 s
t0_region>
[1]:100774
[2]:215880
[3]:179231
[4]:45033
[5]:7114
[6]:4274
[7]:7015
[8]:10109
[9]:5728
[10]:1678
[11]:937
[12]:673
[13]:582
[14]:415
[15]:273
[16]:194
[17]:111
[18]:84
[19]:28
[20]:14
[21]:5
[22]:3
[24]:1
[25]:7
[26]:1
[27]:2
[28]:2
[30]:2
[31]:2
[32]:1
[33]:2
[35]:2
[36]:2
[47]:1
[54]:1

t1_region>
[2]:3468
[3]:32633
[4]:41890
[5]:45448
[6]:84735
[7]:120306
[8]:117344
[9]:64126
[10]:24693
[11]:7411
[12]:2874
[13]:2083
[14]:1953
[15]:2412
[16]:4552
[17]:7713
[18]:6299
[19]:2475
[20]:908
[21]:680
[22]:666
[23]:625
[24]:593
[25]:512
[26]:474
[27]:484
[28]:429
[29]:357
[30]:327
[31]:329
[32]:284
[33]:230
[34]:218
[35]:173
[36]:160
[37]:106
[38]:72
[39]:39
[40]:30
[41]:19
[42]:18
[43]:8
[44]:8
[45]:6
[46]:7
[47]:4
[48]:2
[49]:2
[53]:1
[54]:1
[55]:1
[56]:1
[58]:3
[59]:3
[61]:2
[64]:3
[65]:2
[68]:3
[69]:3
[70]:1
[72]:2
[74]:1

t2_region>
[97]:332
[98]:8273
[99]:13542
[100]:29599
[101]:41399
[102]:52578
[103]:70136
[104]:89516
[105]:100782
[106]:67641
[107]:28450
[108]:14770
[109]:12769
[110]:9872
[111]:5430
[112]:2924
[113]:2860
[114]:4681
[115]:5987
[116]:4646
[117]:2245
[118]:1407
[119]:1515
[120]:1182
[121]:825
[122]:620
[123]:541
[124]:517
[125]:490
[126]:436
[127]:408
[128]:419
[129]:386
[130]:352
[131]:355
[132]:291
[133]:319
[134]:275
[135]:234
[136]:199
[137]:181
[138]:142
[139]:125
[140]:114
[141]:85
[142]:72
[143]:58
[144]:53
[145]:57
[146]:34
[147]:28
[148]:24
[149]:16
[150]:14
[151]:8
[152]:6
[153]:7
[154]:5
[156]:2
[157]:1
[158]:1
[159]:1
[160]:2
[161]:3
[163]:2
[165]:1
[166]:2
[167]:2
[168]:2
[170]:2
[172]:2
[173]:3
[174]:2
[175]:1
[177]:1
[179]:1
[180]:1
[182]:1
[186]:1

t0_min: 1.08 us, round:1998
t0_max: 54.29 us, round:302719
t0_jitter: 53.21 us

t1_min: 2.67 us, round:2027
t1_max: 74.13 us, round:302719
t1_jitter: 71.46 us

t2_min: 97.29 us, round:6326
t2_max: 186.38 us, round:302721
t2_jitter: 89.08 us

PMU diff samples: 580358
AVG DIFF LL_CACHE_RD: 98.91
AVG DIFF LL_CACHE_MISS_RD: 42.45
AVG DIFF L2D_CACHE_REFILL: 42.57
AVG DIFF L2D_CACHE_INVAL: 0.00
[cur diff] DIFF LL_CACHE_RD: 8, DIFF LL_CACHE_MISS_RD: 5, MISS_RATE: 62.50%
[cur diff] DIFF L2D_CACHE_REFILL: 6
[cur diff] DIFF L2D_CACHE_INVAL: 0
[max diff] DIFF LL_CACHE_RD: 175, DIFF LL_CACHE_MISS_RD: 135, MISS_RATE: 77.14%
[max diff] DIFF L2D_CACHE_REFILL: 135
[max diff] DIFF L2D_CACHE_INVAL: 0

===========================================================
taskpendcnt:582400
t0:1250 ns
t1:4291 ns
t2:101250 ns
benchmark: Franka-derived Cartesian-impedance kernel, input trace:8, timer period:1.000 ms
controller source: franka_ros2 jazzy@73a1501d, updates:582423, SVD sweeps:5
pose error:[0.010000 0.015000 0.010000 -0.000000 0.049979 -0.000000]
tau[0:6]:[-1.839419 -0.921560 -1.193198 -1.195971 -0.861243 0.113634 -0.461388]
kernel exec min/avg/max: 94.50 / 97.31 / 123.08 us, samples:582433
pressure status:1, copy rounds total/window:2468/9, 3.96 rounds/s
pressure logical copy:24680.00 MiB total, approx 39.56 MiB/s, checksum:3286614671360
pressure report window:2.274862 s
t0_region>
[1]:101168
[2]:216705
[3]:179986
[4]:45221
[5]:7132
[6]:4285
[7]:7042
[8]:10143
[9]:5747
[10]:1682
[11]:937
[12]:673
[13]:582
[14]:415
[15]:273
[16]:194
[17]:111
[18]:84
[19]:28
[20]:14
[21]:5
[22]:3
[24]:1
[25]:7
[26]:1
[27]:2
[28]:2
[30]:2
[31]:2
[32]:1
[33]:2
[35]:2
[36]:2
[47]:1
[54]:1

t1_region>
[2]:3481
[3]:32755
[4]:42040
[5]:45611
[6]:85064
[7]:120815
[8]:117840
[9]:64407
[10]:24781
[11]:7430
[12]:2880
[13]:2091
[14]:1958
[15]:2417
[16]:4573
[17]:7741
[18]:6319
[19]:2486
[20]:909
[21]:680
[22]:666
[23]:625
[24]:593
[25]:512
[26]:474
[27]:484
[28]:429
[29]:357
[30]:327
[31]:329
[32]:284
[33]:230
[34]:218
[35]:173
[36]:160
[37]:106
[38]:72
[39]:39
[40]:30
[41]:19
[42]:18
[43]:8
[44]:8
[45]:6
[46]:7
[47]:4
[48]:2
[49]:2
[53]:1
[54]:1
[55]:1
[56]:1
[58]:3
[59]:3
[61]:2
[64]:3
[65]:2
[68]:3
[69]:3
[70]:1
[72]:2
[74]:1

t2_region>
[97]:332
[98]:8284
[99]:13596
[100]:29708
[101]:41541
[102]:52787
[103]:70413
[104]:89919
[105]:101192
[106]:67904
[107]:28587
[108]:14842
[109]:12821
[110]:9897
[111]:5444
[112]:2930
[113]:2871
[114]:4704
[115]:6004
[116]:4660
[117]:2254
[118]:1411
[119]:1521
[120]:1185
[121]:828
[122]:621
[123]:541
[124]:517
[125]:490
[126]:436
[127]:408
[128]:419
[129]:386
[130]:352
[131]:355
[132]:291
[133]:319
[134]:275
[135]:234
[136]:199
[137]:181
[138]:142
[139]:125
[140]:114
[141]:85
[142]:72
[143]:58
[144]:53
[145]:57
[146]:34
[147]:28
[148]:24
[149]:16
[150]:14
[151]:8
[152]:6
[153]:7
[154]:5
[156]:2
[157]:1
[158]:1
[159]:1
[160]:2
[161]:3
[163]:2
[165]:1
[166]:2
[167]:2
[168]:2
[170]:2
[172]:2
[173]:3
[174]:2
[175]:1
[177]:1
[179]:1
[180]:1
[182]:1
[186]:1

t0_min: 1.08 us, round:1998
t0_max: 54.29 us, round:302719
t0_jitter: 53.21 us

t1_min: 2.67 us, round:2027
t1_max: 74.13 us, round:302719
t1_jitter: 71.46 us

t2_min: 97.29 us, round:6326
t2_max: 186.38 us, round:302721
t2_jitter: 89.08 us

PMU diff samples: 582633
AVG DIFF LL_CACHE_RD: 98.91
AVG DIFF LL_CACHE_MISS_RD: 42.45
AVG DIFF L2D_CACHE_REFILL: 42.57
AVG DIFF L2D_CACHE_INVAL: 0.00
[cur diff] DIFF LL_CACHE_RD: 11, DIFF LL_CACHE_MISS_RD: 9, MISS_RATE: 81.82%
[cur diff] DIFF L2D_CACHE_REFILL: 2
[cur diff] DIFF L2D_CACHE_INVAL: 0
[max diff] DIFF LL_CACHE_RD: 175, DIFF LL_CACHE_MISS_RD: 135, MISS_RATE: 77.14%
[max diff] DIFF L2D_CACHE_REFILL: 135
[max diff] DIFF L2D_CACHE_INVAL: 0

===========================================================
taskpendcnt:584675
t0:1541 ns
t1:5166 ns
t2:99791 ns
benchmark: Franka-derived Cartesian-impedance kernel, input trace:8, timer period:1.000 ms
controller source: franka_ros2 jazzy@73a1501d, updates:584698, SVD sweeps:5
pose error:[0.010000 0.015000 0.010000 -0.000000 0.049979 -0.000000]
tau[0:6]:[1.228026 0.081850 0.819520 0.875435 0.745706 -0.833381 0.398995]
kernel exec min/avg/max: 94.50 / 97.31 / 123.08 us, samples:584707
pressure status:1, copy rounds total/window:2478/10, 4.40 rounds/s
pressure logical copy:24780.00 MiB total, approx 43.97 MiB/s, checksum:3299931586560
pressure report window:2.274420 s
t0_region>
[1]:101540
[2]:217497
[3]:180813
[4]:45401
[5]:7142
[6]:4294
[7]:7068
[8]:10176
[9]:5769
[10]:1685
[11]:937
[12]:673
[13]:582
[14]:415
[15]:273
[16]:194
[17]:111
[18]:84
[19]:28
[20]:14
[21]:5
[22]:3
[24]:1
[25]:7
[26]:1
[27]:2
[28]:2
[30]:2
[31]:2
[32]:1
[33]:2
[35]:2
[36]:2
[47]:1
[54]:1

t1_region>
[2]:3495
[3]:32888
[4]:42192
[5]:45733
[6]:85379
[7]:121263
[8]:118386
[9]:64718
[10]:24901
[11]:7446
[12]:2883
[13]:2097
[14]:1960
[15]:2423
[16]:4590
[17]:7773
[18]:6339
[19]:2496
[20]:912
[21]:680
[22]:666
[23]:625
[24]:593
[25]:512
[26]:474
[27]:484
[28]:429
[29]:357
[30]:327
[31]:329
[32]:284
[33]:230
[34]:218
[35]:173
[36]:160
[37]:106
[38]:72
[39]:39
[40]:30
[41]:19
[42]:18
[43]:8
[44]:8
[45]:6
[46]:7
[47]:4
[48]:2
[49]:2
[53]:1
[54]:1
[55]:1
[56]:1
[58]:3
[59]:3
[61]:2
[64]:3
[65]:2
[68]:3
[69]:3
[70]:1
[72]:2
[74]:1

t2_region>
[97]:332
[98]:8307
[99]:13644
[100]:29843
[101]:41680
[102]:52944
[103]:70670
[104]:90248
[105]:101643
[106]:68216
[107]:28726
[108]:14911
[109]:12895
[110]:9932
[111]:5459
[112]:2934
[113]:2876
[114]:4726
[115]:6028
[116]:4677
[117]:2262
[118]:1418
[119]:1522
[120]:1187
[121]:829
[122]:622
[123]:541
[124]:517
[125]:490
[126]:436
[127]:408
[128]:419
[129]:386
[130]:352
[131]:355
[132]:291
[133]:319
[134]:275
[135]:234
[136]:199
[137]:181
[138]:142
[139]:125
[140]:114
[141]:85
[142]:72
[143]:58
[144]:53
[145]:57
[146]:34
[147]:28
[148]:24
[149]:16
[150]:14
[151]:8
[152]:6
[153]:7
[154]:5
[156]:2
[157]:1
[158]:1
[159]:1
[160]:2
[161]:3
[163]:2
[165]:1
[166]:2
[167]:2
[168]:2
[170]:2
[172]:2
[173]:3
[174]:2
[175]:1
[177]:1
[179]:1
[180]:1
[182]:1
[186]:1

t0_min: 1.08 us, round:1998
t0_max: 54.29 us, round:302719
t0_jitter: 53.21 us

t1_min: 2.67 us, round:2027
t1_max: 74.13 us, round:302719
t1_jitter: 71.46 us

t2_min: 97.29 us, round:6326
t2_max: 186.38 us, round:302721
t2_jitter: 89.08 us

PMU diff samples: 584907
AVG DIFF LL_CACHE_RD: 98.91
AVG DIFF LL_CACHE_MISS_RD: 42.45
AVG DIFF L2D_CACHE_REFILL: 42.58
AVG DIFF L2D_CACHE_INVAL: 0.00
[cur diff] DIFF LL_CACHE_RD: 6, DIFF LL_CACHE_MISS_RD: 6, MISS_RATE: 100.00%
[cur diff] DIFF L2D_CACHE_REFILL: 2
[cur diff] DIFF L2D_CACHE_INVAL: 0
[max diff] DIFF LL_CACHE_RD: 175, DIFF LL_CACHE_MISS_RD: 135, MISS_RATE: 77.14%
[max diff] DIFF L2D_CACHE_REFILL: 135
[max diff] DIFF L2D_CACHE_INVAL: 0

===========================================================
taskpendcnt:586949
t0:2000 ns
t1:4750 ns
t2:101125 ns
benchmark: Franka-derived Cartesian-impedance kernel, input trace:8, timer period:1.000 ms
controller source: franka_ros2 jazzy@73a1501d, updates:586972, SVD sweeps:5
pose error:[0.010000 0.015000 0.010000 -0.000000 0.049979 -0.000000]
tau[0:6]:[-0.567483 -0.552304 -0.482512 -0.231067 -0.297494 -0.656094 -0.085004]
kernel exec min/avg/max: 94.50 / 97.31 / 123.08 us, samples:586982
pressure status:1, copy rounds total/window:2488/10, 4.40 rounds/s
pressure logical copy:24880.00 MiB total, approx 43.96 MiB/s, checksum:3313248501760
pressure report window:2.274542 s
t0_region>
[1]:101937
[2]:218337
[3]:181539
[4]:45588
[5]:7181
[6]:4306
[7]:7083
[8]:10210
[9]:5793
[10]:1686
[11]:937
[12]:673
[13]:582
[14]:415
[15]:273
[16]:194
[17]:111
[18]:84
[19]:28
[20]:14
[21]:5
[22]:3
[24]:1
[25]:7
[26]:1
[27]:2
[28]:2
[30]:2
[31]:2
[32]:1
[33]:2
[35]:2
[36]:2
[47]:1
[54]:1

t1_region>
[2]:3505
[3]:33019
[4]:42345
[5]:45919
[6]:85711
[7]:121750
[8]:118860
[9]:64974
[10]:25017
[11]:7482
[12]:2886
[13]:2099
[14]:1964
[15]:2434
[16]:4601
[17]:7794
[18]:6368
[19]:2507
[20]:912
[21]:680
[22]:666
[23]:625
[24]:593
[25]:512
[26]:474
[27]:484
[28]:429
[29]:357
[30]:327
[31]:329
[32]:284
[33]:230
[34]:218
[35]:173
[36]:160
[37]:106
[38]:72
[39]:39
[40]:30
[41]:19
[42]:18
[43]:8
[44]:8
[45]:6
[46]:7
[47]:4
[48]:2
[49]:2
[53]:1
[54]:1
[55]:1
[56]:1
[58]:3
[59]:3
[61]:2
[64]:3
[65]:2
[68]:3
[69]:3
[70]:1
[72]:2
[74]:1

t2_region>
[97]:332
[98]:8319
[99]:13696
[100]:29980
[101]:41840
[102]:53138
[103]:70948
[104]:90636
[105]:102059
[106]:68466
[107]:28838
[108]:14973
[109]:12941
[110]:9975
[111]:5484
[112]:2951
[113]:2885
[114]:4736
[115]:6051
[116]:4697
[117]:2272
[118]:1421
[119]:1524
[120]:1191
[121]:830
[122]:622
[123]:541
[124]:517
[125]:490
[126]:436
[127]:408
[128]:419
[129]:386
[130]:352
[131]:355
[132]:291
[133]:319
[134]:275
[135]:234
[136]:199
[137]:181
[138]:142
[139]:125
[140]:114
[141]:85
[142]:72
[143]:58
[144]:53
[145]:57
[146]:34
[147]:28
[148]:24
[149]:16
[150]:14
[151]:8
[152]:6
[153]:7
[154]:5
[156]:2
[157]:1
[158]:1
[159]:1
[160]:2
[161]:3
[163]:2
[165]:1
[166]:2
[167]:2
[168]:2
[170]:2
[172]:2
[173]:3
[174]:2
[175]:1
[177]:1
[179]:1
[180]:1
[182]:1
[186]:1

t0_min: 1.08 us, round:1998
t0_max: 54.29 us, round:302719
t0_jitter: 53.21 us

t1_min: 2.67 us, round:2027
t1_max: 74.13 us, round:302719
t1_jitter: 71.46 us

t2_min: 97.29 us, round:6326
t2_max: 186.38 us, round:302721
t2_jitter: 89.08 us

PMU diff samples: 587182
AVG DIFF LL_CACHE_RD: 98.91
AVG DIFF LL_CACHE_MISS_RD: 42.45
AVG DIFF L2D_CACHE_REFILL: 42.58
AVG DIFF L2D_CACHE_INVAL: 0.00
[cur diff] DIFF LL_CACHE_RD: 12, DIFF LL_CACHE_MISS_RD: 12, MISS_RATE: 100.00%
[cur diff] DIFF L2D_CACHE_REFILL: 1
[cur diff] DIFF L2D_CACHE_INVAL: 0
[max diff] DIFF LL_CACHE_RD: 175, DIFF LL_CACHE_MISS_RD: 135, MISS_RATE: 77.14%
[max diff] DIFF L2D_CACHE_REFILL: 135
[max diff] DIFF L2D_CACHE_INVAL: 0

===========================================================
taskpendcnt:589224
t0:1708 ns
t1:5041 ns
t2:101125 ns
benchmark: Franka-derived Cartesian-impedance kernel, input trace:8, timer period:1.000 ms
controller source: franka_ros2 jazzy@73a1501d, updates:589247, SVD sweeps:5
pose error:[0.010000 0.015000 0.010000 -0.000000 0.049979 -0.000000]
tau[0:6]:[-1.839419 -0.921560 -1.193198 -1.195971 -0.861243 0.113634 -0.461388]
kernel exec min/avg/max: 94.50 / 97.31 / 123.08 us, samples:589257
pressure status:1, copy rounds total/window:2497/9, 3.96 rounds/s
pressure logical copy:24970.00 MiB total, approx 39.56 MiB/s, checksum:3325233725440
pressure report window:2.274831 s
t0_region>
[1]:102300
[2]:219172
[3]:182304
[4]:45790
[5]:7207
[6]:4314
[7]:7103
[8]:10249
[9]:5809
[10]:1687
[11]:937
[12]:673
[13]:582
[14]:415
[15]:273
[16]:194
[17]:111
[18]:84
[19]:28
[20]:14
[21]:5
[22]:3
[24]:1
[25]:7
[26]:1
[27]:2
[28]:2
[30]:2
[31]:2
[32]:1
[33]:2
[35]:2
[36]:2
[47]:1
[54]:1

t1_region>
[2]:3520
[3]:33144
[4]:42495
[5]:46070
[6]:86023
[7]:122240
[8]:119372
[9]:65242
[10]:25123
[11]:7524
[12]:2898
[13]:2108
[14]:1966
[15]:2441
[16]:4609
[17]:7829
[18]:6393
[19]:2512
[20]:912
[21]:680
[22]:666
[23]:625
[24]:593
[25]:512
[26]:474
[27]:484
[28]:429
[29]:357
[30]:327
[31]:329
[32]:284
[33]:230
[34]:218
[35]:173
[36]:160
[37]:106
[38]:72
[39]:39
[40]:30
[41]:19
[42]:18
[43]:8
[44]:8
[45]:6
[46]:7
[47]:4
[48]:2
[49]:2
[53]:1
[54]:1
[55]:1
[56]:1
[58]:3
[59]:3
[61]:2
[64]:3
[65]:2
[68]:3
[69]:3
[70]:1
[72]:2
[74]:1

t2_region>
[97]:332
[98]:8344
[99]:13748
[100]:30086
[101]:41979
[102]:53331
[103]:71201
[104]:90996
[105]:102463
[106]:68799
[107]:28978
[108]:15045
[109]:12998
[110]:10013
[111]:5494
[112]:2966
[113]:2892
[114]:4748
[115]:6078
[116]:4715
[117]:2277
[118]:1424
[119]:1528
[120]:1191
[121]:831
[122]:623
[123]:541
[124]:517
[125]:490
[126]:436
[127]:408
[128]:419
[129]:386
[130]:352
[131]:355
[132]:291
[133]:319
[134]:275
[135]:234
[136]:199
[137]:181
[138]:142
[139]:125
[140]:114
[141]:85
[142]:72
[143]:58
[144]:53
[145]:57
[146]:34
[147]:28
[148]:24
[149]:16
[150]:14
[151]:8
[152]:6
[153]:7
[154]:5
[156]:2
[157]:1
[158]:1
[159]:1
[160]:2
[161]:3
[163]:2
[165]:1
[166]:2
[167]:2
[168]:2
[170]:2
[172]:2
[173]:3
[174]:2
[175]:1
[177]:1
[179]:1
[180]:1
[182]:1
[186]:1

t0_min: 1.08 us, round:1998
t0_max: 54.29 us, round:302719
t0_jitter: 53.21 us

t1_min: 2.67 us, round:2027
t1_max: 74.13 us, round:302719
t1_jitter: 71.46 us

t2_min: 97.29 us, round:6326
t2_max: 186.38 us, round:302721
t2_jitter: 89.08 us

PMU diff samples: 589457
AVG DIFF LL_CACHE_RD: 98.91
AVG DIFF LL_CACHE_MISS_RD: 42.45
AVG DIFF L2D_CACHE_REFILL: 42.58
AVG DIFF L2D_CACHE_INVAL: 0.00
[cur diff] DIFF LL_CACHE_RD: 8, DIFF LL_CACHE_MISS_RD: 4, MISS_RATE: 50.00%
[cur diff] DIFF L2D_CACHE_REFILL: 4
[cur diff] DIFF L2D_CACHE_INVAL: 0
[max diff] DIFF LL_CACHE_RD: 175, DIFF LL_CACHE_MISS_RD: 135, MISS_RATE: 77.14%
[max diff] DIFF L2D_CACHE_REFILL: 135
[max diff] DIFF L2D_CACHE_INVAL: 0

===========================================================
taskpendcnt:591499
t0:3333 ns
t1:4166 ns
t2:101416 ns
benchmark: Franka-derived Cartesian-impedance kernel, input trace:8, timer period:1.000 ms
controller source: franka_ros2 jazzy@73a1501d, updates:591522, SVD sweeps:5
pose error:[0.010000 0.015000 0.010000 -0.000000 0.049979 -0.000000]
tau[0:6]:[0.839771 0.130674 0.617691 0.624912 0.653099 -0.592692 0.265887]
kernel exec min/avg/max: 94.50 / 97.31 / 123.08 us, samples:591531
pressure status:1, copy rounds total/window:2507/10, 4.40 rounds/s
pressure logical copy:25070.00 MiB total, approx 43.97 MiB/s, checksum:3338550640640
pressure report window:2.274520 s
t0_region>
[1]:102680
[2]:220035
[3]:183058
[4]:45965
[5]:7231
[6]:4317
[7]:7125
[8]:10284
[9]:5826
[10]:1689
[11]:937
[12]:673
[13]:582
[14]:415
[15]:273
[16]:194
[17]:111
[18]:84
[19]:28
[20]:14
[21]:5
[22]:3
[24]:1
[25]:7
[26]:1
[27]:2
[28]:2
[30]:2
[31]:2
[32]:1
[33]:2
[35]:2
[36]:2
[47]:1
[54]:1

t1_region>
[2]:3537
[3]:33264
[4]:42654
[5]:46237
[6]:86337
[7]:122743
[8]:119878
[9]:65530
[10]:25215
[11]:7540
[12]:2909
[13]:2109
[14]:1968
[15]:2447
[16]:4624
[17]:7853
[18]:6417
[19]:2517
[20]:916
[21]:680
[22]:666
[23]:626
[24]:593
[25]:512
[26]:474
[27]:484
[28]:429
[29]:357
[30]:327
[31]:329
[32]:284
[33]:230
[34]:218
[35]:173
[36]:160
[37]:106
[38]:72
[39]:39
[40]:30
[41]:19
[42]:18
[43]:8
[44]:8
[45]:6
[46]:7
[47]:4
[48]:2
[49]:2
[53]:1
[54]:1
[55]:1
[56]:1
[58]:3
[59]:3
[61]:2
[64]:3
[65]:2
[68]:3
[69]:3
[70]:1
[72]:2
[74]:1

t2_region>
[97]:332
[98]:8363
[99]:13798
[100]:30199
[101]:42135
[102]:53524
[103]:71466
[104]:91368
[105]:102889
[106]:69089
[107]:29138
[108]:15119
[109]:13036
[110]:10047
[111]:5498
[112]:2969
[113]:2900
[114]:4766
[115]:6101
[116]:4729
[117]:2285
[118]:1426
[119]:1531
[120]:1193
[121]:832
[122]:623
[123]:541
[124]:517
[125]:490
[126]:436
[127]:408
[128]:419
[129]:386
[130]:352
[131]:355
[132]:291
[133]:319
[134]:275
[135]:234
[136]:199
[137]:181
[138]:142
[139]:125
[140]:114
[141]:85
[142]:72
[143]:58
[144]:53
[145]:57
[146]:34
[147]:28
[148]:24
[149]:16
[150]:14
[151]:8
[152]:6
[153]:7
[154]:5
[156]:2
[157]:1
[158]:1
[159]:1
[160]:2
[161]:3
[163]:2
[165]:1
[166]:2
[167]:2
[168]:2
[170]:2
[172]:2
[173]:3
[174]:2
[175]:1
[177]:1
[179]:1
[180]:1
[182]:1
[186]:1

t0_min: 1.08 us, round:1998
t0_max: 54.29 us, round:302719
t0_jitter: 53.21 us

t1_min: 2.67 us, round:2027
t1_max: 74.13 us, round:302719
t1_jitter: 71.46 us

t2_min: 97.29 us, round:6326
t2_max: 186.38 us, round:302721
t2_jitter: 89.08 us

PMU diff samples: 591731
AVG DIFF LL_CACHE_RD: 98.91
AVG DIFF LL_CACHE_MISS_RD: 42.45
AVG DIFF L2D_CACHE_REFILL: 42.58
AVG DIFF L2D_CACHE_INVAL: 0.00
[cur diff] DIFF LL_CACHE_RD: 6, DIFF LL_CACHE_MISS_RD: 6, MISS_RATE: 100.00%
[cur diff] DIFF L2D_CACHE_REFILL: 2
[cur diff] DIFF L2D_CACHE_INVAL: 0
[max diff] DIFF LL_CACHE_RD: 175, DIFF LL_CACHE_MISS_RD: 135, MISS_RATE: 77.14%
[max diff] DIFF L2D_CACHE_REFILL: 135
[max diff] DIFF L2D_CACHE_INVAL: 0

===========================================================
taskpendcnt:593774
t0:3333 ns
t1:6375 ns
t2:101583 ns
benchmark: Franka-derived Cartesian-impedance kernel, input trace:8, timer period:1.000 ms
controller source: franka_ros2 jazzy@73a1501d, updates:593797, SVD sweeps:5
pose error:[0.010000 0.015000 0.010000 -0.000000 0.049979 -0.000000]
tau[0:6]:[-0.567483 -0.552304 -0.482512 -0.231067 -0.297494 -0.656094 -0.085004]
kernel exec min/avg/max: 94.50 / 97.31 / 123.08 us, samples:593807
pressure status:1, copy rounds total/window:2516/9, 3.96 rounds/s
pressure logical copy:25160.00 MiB total, approx 39.55 MiB/s, checksum:3350535864320
pressure report window:2.275470 s
t0_region>
[1]:103076
[2]:220952
[3]:183748
[4]:46125
[5]:7254
[6]:4327
[7]:7141
[8]:10326
[9]:5844
[10]:1692
[11]:937
[12]:673
[13]:582
[14]:415
[15]:273
[16]:194
[17]:111
[18]:84
[19]:28
[20]:14
[21]:5
[22]:3
[24]:1
[25]:7
[26]:1
[27]:2
[28]:2
[30]:2
[31]:2
[32]:1
[33]:2
[35]:2
[36]:2
[47]:1
[54]:1

t1_region>
[2]:3546
[3]:33407
[4]:42792
[5]:46411
[6]:86684
[7]:123259
[8]:120366
[9]:65783
[10]:25300
[11]:7563
[12]:2916
[13]:2115
[14]:1973
[15]:2451
[16]:4639
[17]:7880
[18]:6447
[19]:2524
[20]:916
[21]:680
[22]:666
[23]:626
[24]:593
[25]:512
[26]:474
[27]:484
[28]:429
[29]:357
[30]:327
[31]:329
[32]:284
[33]:230
[34]:218
[35]:173
[36]:160
[37]:106
[38]:72
[39]:39
[40]:30
[41]:19
[42]:18
[43]:8
[44]:8
[45]:6
[46]:7
[47]:4
[48]:2
[49]:2
[53]:1
[54]:1
[55]:1
[56]:1
[58]:3
[59]:3
[61]:2
[64]:3
[65]:2
[68]:3
[69]:3
[70]:1
[72]:2
[74]:1

t2_region>
[97]:332
[98]:8384
[99]:13843
[100]:30322
[101]:42286
[102]:53729
[103]:71772
[104]:91763
[105]:103284
[106]:69359
[107]:29231
[108]:15177
[109]:13110
[110]:10072
[111]:5519
[112]:2976
[113]:2910
[114]:4778
[115]:6123
[116]:4744
[117]:2292
[118]:1430
[119]:1537
[120]:1196
[121]:836
[122]:625
[123]:541
[124]:517
[125]:490
[126]:436
[127]:408
[128]:419
[129]:386
[130]:352
[131]:355
[132]:291
[133]:319
[134]:275
[135]:234
[136]:199
[137]:181
[138]:142
[139]:125
[140]:114
[141]:85
[142]:72
[143]:58
[144]:53
[145]:57
[146]:34
[147]:28
[148]:24
[149]:16
[150]:14
[151]:8
[152]:6
[153]:7
[154]:5
[156]:2
[157]:1
[158]:1
[159]:1
[160]:2
[161]:3
[163]:2
[165]:1
[166]:2
[167]:2
[168]:2
[170]:2
[172]:2
[173]:3
[174]:2
[175]:1
[177]:1
[179]:1
[180]:1
[182]:1
[186]:1

t0_min: 1.08 us, round:1998
t0_max: 54.29 us, round:302719
t0_jitter: 53.21 us

t1_min: 2.67 us, round:2027
t1_max: 74.13 us, round:302719
t1_jitter: 71.46 us

t2_min: 97.29 us, round:6326
t2_max: 186.38 us, round:302721
t2_jitter: 89.08 us

PMU diff samples: 594007
AVG DIFF LL_CACHE_RD: 98.90
AVG DIFF LL_CACHE_MISS_RD: 42.45
AVG DIFF L2D_CACHE_REFILL: 42.57
AVG DIFF L2D_CACHE_INVAL: 0.00
[cur diff] DIFF LL_CACHE_RD: 8, DIFF LL_CACHE_MISS_RD: 6, MISS_RATE: 75.00%
[cur diff] DIFF L2D_CACHE_REFILL: 4
[cur diff] DIFF L2D_CACHE_INVAL: 0
[max diff] DIFF LL_CACHE_RD: 175, DIFF LL_CACHE_MISS_RD: 135, MISS_RATE: 77.14%
[max diff] DIFF L2D_CACHE_REFILL: 135
[max diff] DIFF L2D_CACHE_INVAL: 0

===========================================================
taskpendcnt:596049
t0:3041 ns
t1:5500 ns
t2:101583 ns
benchmark: Franka-derived Cartesian-impedance kernel, input trace:8, timer period:1.000 ms
controller source: franka_ros2 jazzy@73a1501d, updates:596072, SVD sweeps:5
pose error:[0.010000 0.015000 0.010000 -0.000000 0.049979 -0.000000]
tau[0:6]:[-1.839419 -0.921560 -1.193198 -1.195971 -0.861243 0.113634 -0.461388]
kernel exec min/avg/max: 94.50 / 97.31 / 123.08 us, samples:596081
pressure status:1, copy rounds total/window:2526/10, 4.40 rounds/s
pressure logical copy:25260.00 MiB total, approx 43.96 MiB/s, checksum:3363852779520
pressure report window:2.274883 s
t0_region>
[1]:103433
[2]:221824
[3]:184489
[4]:46321
[5]:7272
[6]:4336
[7]:7164
[8]:10360
[9]:5869
[10]:1692
[11]:937
[12]:673
[13]:582
[14]:415
[15]:273
[16]:194
[17]:111
[18]:84
[19]:28
[20]:14
[21]:5
[22]:3
[24]:1
[25]:7
[26]:1
[27]:2
[28]:2
[30]:2
[31]:2
[32]:1
[33]:2
[35]:2
[36]:2
[47]:1
[54]:1

t1_region>
[2]:3556
[3]:33534
[4]:42927
[5]:46594
[6]:87048
[7]:123687
[8]:120870
[9]:66064
[10]:25411
[11]:7590
[12]:2926
[13]:2118
[14]:1976
[15]:2457
[16]:4660
[17]:7903
[18]:6477
[19]:2531
[20]:916
[21]:680
[22]:667
[23]:626
[24]:593
[25]:512
[26]:474
[27]:484
[28]:429
[29]:357
[30]:327
[31]:329
[32]:284
[33]:230
[34]:218
[35]:173
[36]:160
[37]:106
[38]:72
[39]:39
[40]:30
[41]:19
[42]:18
[43]:8
[44]:8
[45]:6
[46]:7
[47]:4
[48]:2
[49]:2
[53]:1
[54]:1
[55]:1
[56]:1
[58]:3
[59]:3
[61]:2
[64]:3
[65]:2
[68]:3
[69]:3
[70]:1
[72]:2
[74]:1

t2_region>
[97]:332
[98]:8395
[99]:13898
[100]:30435
[101]:42438
[102]:53975
[103]:72032
[104]:92110
[105]:103688
[106]:69649
[107]:29332
[108]:15252
[109]:13164
[110]:10115
[111]:5548
[112]:2985
[113]:2918
[114]:4796
[115]:6149
[116]:4757
[117]:2303
[118]:1434
[119]:1540
[120]:1199
[121]:837
[122]:625
[123]:541
[124]:517
[125]:490
[126]:436
[127]:408
[128]:419
[129]:386
[130]:352
[131]:355
[132]:291
[133]:319
[134]:275
[135]:234
[136]:199
[137]:181
[138]:142
[139]:125
[140]:114
[141]:85
[142]:72
[143]:58
[144]:53
[145]:57
[146]:34
[147]:28
[148]:24
[149]:16
[150]:14
[151]:8
[152]:6
[153]:7
[154]:5
[156]:2
[157]:1
[158]:1
[159]:1
[160]:2
[161]:3
[163]:2
[165]:1
[166]:2
[167]:2
[168]:2
[170]:2
[172]:2
[173]:3
[174]:2
[175]:1
[177]:1
[179]:1
[180]:1
[182]:1
[186]:1

t0_min: 1.08 us, round:1998
t0_max: 54.29 us, round:302719
t0_jitter: 53.21 us

t1_min: 2.67 us, round:2027
t1_max: 74.13 us, round:302719
t1_jitter: 71.46 us

t2_min: 97.29 us, round:6326
t2_max: 186.38 us, round:302721
t2_jitter: 89.08 us

PMU diff samples: 596282
AVG DIFF LL_CACHE_RD: 98.91
AVG DIFF LL_CACHE_MISS_RD: 42.45
AVG DIFF L2D_CACHE_REFILL: 42.57
AVG DIFF L2D_CACHE_INVAL: 0.00
[cur diff] DIFF LL_CACHE_RD: 8, DIFF LL_CACHE_MISS_RD: 6, MISS_RATE: 75.00%
[cur diff] DIFF L2D_CACHE_REFILL: 2
[cur diff] DIFF L2D_CACHE_INVAL: 0
[max diff] DIFF LL_CACHE_RD: 175, DIFF LL_CACHE_MISS_RD: 135, MISS_RATE: 77.14%
[max diff] DIFF L2D_CACHE_REFILL: 135
[max diff] DIFF L2D_CACHE_INVAL: 0

===========================================================
taskpendcnt:598324
t0:3625 ns
t1:4041 ns
t2:103041 ns
benchmark: Franka-derived Cartesian-impedance kernel, input trace:8, timer period:1.000 ms
controller source: franka_ros2 jazzy@73a1501d, updates:598347, SVD sweeps:5
pose error:[0.010000 0.015000 0.010000 -0.000000 0.049979 -0.000000]
tau[0:6]:[1.228026 0.081850 0.819520 0.875435 0.745706 -0.833381 0.398995]
kernel exec min/avg/max: 94.50 / 97.30 / 123.08 us, samples:598356
pressure status:1, copy rounds total/window:2536/10, 4.40 rounds/s
pressure logical copy:25360.00 MiB total, approx 43.97 MiB/s, checksum:3377169694720
pressure report window:2.274504 s
t0_region>
[1]:103818
[2]:222670
[3]:185203
[4]:46543
[5]:7297
[6]:4352
[7]:7179
[8]:10392
[9]:5886
[10]:1694
[11]:937
[12]:673
[13]:582
[14]:415
[15]:273
[16]:194
[17]:111
[18]:84
[19]:28
[20]:14
[21]:5
[22]:3
[24]:1
[25]:7
[26]:1
[27]:2
[28]:2
[30]:2
[31]:2
[32]:1
[33]:2
[35]:2
[36]:2
[47]:1
[54]:1

t1_region>
[2]:3567
[3]:33665
[4]:43073
[5]:46764
[6]:87387
[7]:124186
[8]:121334
[9]:66337
[10]:25527
[11]:7624
[12]:2932
[13]:2126
[14]:1982
[15]:2464
[16]:4669
[17]:7928
[18]:6503
[19]:2536
[20]:916
[21]:680
[22]:667
[23]:626
[24]:593
[25]:512
[26]:474
[27]:484
[28]:429
[29]:357
[30]:327
[31]:329
[32]:284
[33]:230
[34]:218
[35]:173
[36]:160
[37]:106
[38]:72
[39]:39
[40]:30
[41]:19
[42]:18
[43]:8
[44]:8
[45]:6
[46]:7
[47]:4
[48]:2
[49]:2
[53]:1
[54]:1
[55]:1
[56]:1
[58]:3
[59]:3
[61]:2
[64]:3
[65]:2
[68]:3
[69]:3
[70]:1
[72]:2
[74]:1

t2_region>
[97]:332
[98]:8414
[99]:13948
[100]:30557
[101]:42589
[102]:54192
[103]:72289
[104]:92455
[105]:104091
[106]:69937
[107]:29478
[108]:15320
[109]:13228
[110]:10156
[111]:5569
[112]:2994
[113]:2925
[114]:4813
[115]:6169
[116]:4773
[117]:2305
[118]:1437
[119]:1544
[120]:1200
[121]:839
[122]:626
[123]:541
[124]:517
[125]:490
[126]:436
[127]:408
[128]:419
[129]:386
[130]:352
[131]:355
[132]:291
[133]:319
[134]:275
[135]:234
[136]:199
[137]:181
[138]:142
[139]:125
[140]:114
[141]:85
[142]:72
[143]:58
[144]:53
[145]:57
[146]:34
[147]:28
[148]:24
[149]:16
[150]:14
[151]:8
[152]:6
[153]:7
[154]:5
[156]:2
[157]:1
[158]:1
[159]:1
[160]:2
[161]:3
[163]:2
[165]:1
[166]:2
[167]:2
[168]:2
[170]:2
[172]:2
[173]:3
[174]:2
[175]:1
[177]:1
[179]:1
[180]:1
[182]:1
[186]:1

t0_min: 1.08 us, round:1998
t0_max: 54.29 us, round:302719
t0_jitter: 53.21 us

t1_min: 2.67 us, round:2027
t1_max: 74.13 us, round:302719
t1_jitter: 71.46 us

t2_min: 97.29 us, round:6326
t2_max: 186.38 us, round:302721
t2_jitter: 89.08 us

PMU diff samples: 598556
AVG DIFF LL_CACHE_RD: 98.91
AVG DIFF LL_CACHE_MISS_RD: 42.45
AVG DIFF L2D_CACHE_REFILL: 42.57
AVG DIFF L2D_CACHE_INVAL: 0.00
[cur diff] DIFF LL_CACHE_RD: 7, DIFF LL_CACHE_MISS_RD: 7, MISS_RATE: 100.00%
[cur diff] DIFF L2D_CACHE_REFILL: 1
[cur diff] DIFF L2D_CACHE_INVAL: 0
[max diff] DIFF LL_CACHE_RD: 175, DIFF LL_CACHE_MISS_RD: 135, MISS_RATE: 77.14%
[max diff] DIFF L2D_CACHE_REFILL: 135
[max diff] DIFF L2D_CACHE_INVAL: 0

===========================================================
taskpendcnt:600000
t0:2416 ns
t1:7375 ns
t2:104208 ns
benchmark: Franka-derived Cartesian-impedance kernel, input trace:8, timer period:1.000 ms
controller source: franka_ros2 jazzy@73a1501d, updates:600010, SVD sweeps:5
pose error:[0.010000 0.015000 0.010000 -0.000000 0.049979 -0.000000]
tau[0:6]:[-2.781770 -1.613002 -1.930139 -1.581803 -1.382951 -0.390599 -0.663394]
kernel exec min/avg/max: 94.50 / 97.30 / 123.08 us, samples:600000
pressure status:1, copy rounds total/window:2546/10, 4.39 rounds/s
pressure logical copy:25460.00 MiB total, approx 43.93 MiB/s, checksum:3390486609920
pressure report window:2.276100 s
t0_region>
[1]:104088
[2]:223323
[3]:185700
[4]:46670
[5]:7309
[6]:4358
[7]:7195
[8]:10425
[9]:5891
[10]:1696
[11]:937
[12]:673
[13]:582
[14]:415
[15]:273
[16]:194
[17]:111
[18]:84
[19]:28
[20]:14
[21]:5
[22]:3
[24]:1
[25]:7
[26]:1
[27]:2
[28]:2
[30]:2
[31]:2
[32]:1
[33]:2
[35]:2
[36]:2
[47]:1
[54]:1

t1_region>
[2]:3573
[3]:33756
[4]:43162
[5]:46872
[6]:87681
[7]:124545
[8]:121635
[9]:66512
[10]:25600
[11]:7649
[12]:2937
[13]:2130
[14]:1984
[15]:2466
[16]:4684
[17]:7952
[18]:6516
[19]:2539
[20]:916
[21]:680
[22]:667
[23]:626
[24]:593
[25]:512
[26]:474
[27]:484
[28]:429
[29]:357
[30]:327
[31]:329
[32]:284
[33]:230
[34]:218
[35]:173
[36]:160
[37]:106
[38]:72
[39]:39
[40]:30
[41]:19
[42]:18
[43]:8
[44]:8
[45]:6
[46]:7
[47]:4
[48]:2
[49]:2
[53]:1
[54]:1
[55]:1
[56]:1
[58]:3
[59]:3
[61]:2
[64]:3
[65]:2
[68]:3
[69]:3
[70]:1
[72]:2
[74]:1

t2_region>
[97]:332
[98]:8418
[99]:13971
[100]:30617
[101]:42676
[102]:54328
[103]:72507
[104]:92740
[105]:104384
[106]:70114
[107]:29552
[108]:15362
[109]:13255
[110]:10178
[111]:5591
[112]:3002
[113]:2929
[114]:4830
[115]:6185
[116]:4782
[117]:2309
[118]:1439
[119]:1547
[120]:1202
[121]:839
[122]:626
[123]:541
[124]:517
[125]:490
[126]:436
[127]:408
[128]:419
[129]:386
[130]:352
[131]:355
[132]:291
[133]:319
[134]:275
[135]:234
[136]:199
[137]:181
[138]:142
[139]:125
[140]:114
[141]:85
[142]:72
[143]:58
[144]:53
[145]:57
[146]:34
[147]:28
[148]:24
[149]:16
[150]:14
[151]:8
[152]:6
[153]:7
[154]:5
[156]:2
[157]:1
[158]:1
[159]:1
[160]:2
[161]:3
[163]:2
[165]:1
[166]:2
[167]:2
[168]:2
[170]:2
[172]:2
[173]:3
[174]:2
[175]:1
[177]:1
[179]:1
[180]:1
[182]:1
[186]:1

t0_min: 1.08 us, round:1998
t0_max: 54.29 us, round:302719
t0_jitter: 53.21 us

t1_min: 2.67 us, round:2027
t1_max: 74.13 us, round:302719
t1_jitter: 71.46 us

t2_min: 97.29 us, round:6326
t2_max: 186.38 us, round:302721
t2_jitter: 89.08 us

PMU diff samples: 600000
AVG DIFF LL_CACHE_RD: 98.93
AVG DIFF LL_CACHE_MISS_RD: 42.46
AVG DIFF L2D_CACHE_REFILL: 42.58
AVG DIFF L2D_CACHE_INVAL: 0.00
[cur diff] DIFF LL_CACHE_RD: 62, DIFF LL_CACHE_MISS_RD: 31, MISS_RATE: 50.00%
[cur diff] DIFF L2D_CACHE_REFILL: 31
[cur diff] DIFF L2D_CACHE_INVAL: 0
[max diff] DIFF LL_CACHE_RD: 175, DIFF LL_CACHE_MISS_RD: 135, MISS_RATE: 77.14%
[max diff] DIFF L2D_CACHE_REFILL: 135
[max diff] DIFF L2D_CACHE_INVAL: 0

===========================================================
taskpendcnt:600000
t0:2416 ns
t1:7375 ns
t2:104208 ns
benchmark: Franka-derived Cartesian-impedance kernel, input trace:8, timer period:1.000 ms
controller source: franka_ros2 jazzy@73a1501d, updates:600010, SVD sweeps:5
pose error:[0.010000 0.015000 0.010000 -0.000000 0.049979 -0.000000]
tau[0:6]:[-2.781770 -1.613002 -1.930139 -1.581803 -1.382951 -0.390599 -0.663394]
kernel exec min/avg/max: 94.50 / 97.30 / 123.08 us, samples:600000
pressure status:1, copy rounds total/window:2557/11, 4.81 rounds/s
pressure logical copy:25570.00 MiB total, approx 48.12 MiB/s, checksum:3405135216640
pressure report window:2.285847 s
t0_region>
[1]:104088
[2]:223323
[3]:185700
[4]:46670
[5]:7309
[6]:4358
[7]:7195
[8]:10425
[9]:5891
[10]:1696
[11]:937
[12]:673
[13]:582
[14]:415
[15]:273
[16]:194
[17]:111
[18]:84
[19]:28
[20]:14
[21]:5
[22]:3
[24]:1
[25]:7
[26]:1
[27]:2
[28]:2
[30]:2
[31]:2
[32]:1
[33]:2
[35]:2
[36]:2
[47]:1
[54]:1

t1_region>
[2]:3573
[3]:33756
[4]:43162
[5]:46872
[6]:87681
[7]:124545
[8]:121635
[9]:66512
[10]:25600
[11]:7649
[12]:2937
[13]:2130
[14]:1984
[15]:2466
[16]:4684
[17]:7952
[18]:6516
[19]:2539
[20]:916
[21]:680
[22]:667
[23]:626
[24]:593
[25]:512
[26]:474
[27]:484
[28]:429
[29]:357
[30]:327
[31]:329
[32]:284
[33]:230
[34]:218
[35]:173
[36]:160
[37]:106
[38]:72
[39]:39
[40]:30
[41]:19
[42]:18
[43]:8
[44]:8
[45]:6
[46]:7
[47]:4
[48]:2
[49]:2
[53]:1
[54]:1
[55]:1
[56]:1
[58]:3
[59]:3
[61]:2
[64]:3
[65]:2
[68]:3
[69]:3
[70]:1
[72]:2
[74]:1

t2_region>
[97]:332
[98]:8418
[99]:13971
[100]:30617
[101]:42676
[102]:54328
[103]:72507
[104]:92740
[105]:104384
[106]:70114
[107]:29552
[108]:15362
[109]:13255
[110]:10178
[111]:5591
[112]:3002
[113]:2929
[114]:4830
[115]:6185
[116]:4782
[117]:2309
[118]:1439
[119]:1547
[120]:1202
[121]:839
[122]:626
[123]:541
[124]:517
[125]:490
[126]:436
[127]:408
[128]:419
[129]:386
[130]:352
[131]:355
[132]:291
[133]:319
[134]:275
[135]:234
[136]:199
[137]:181
[138]:142
[139]:125
[140]:114
[141]:85
[142]:72
[143]:58
[144]:53
[145]:57
[146]:34
[147]:28
[148]:24
[149]:16
[150]:14
[151]:8
[152]:6
[153]:7
[154]:5
[156]:2
[157]:1
[158]:1
[159]:1
[160]:2
[161]:3
[163]:2
[165]:1
[166]:2
[167]:2
[168]:2
[170]:2
[172]:2
[173]:3
[174]:2
[175]:1
[177]:1
[179]:1
[180]:1
[182]:1
[186]:1

t0_min: 1.08 us, round:1998
t0_max: 54.29 us, round:302719
t0_jitter: 53.21 us

t1_min: 2.67 us, round:2027
t1_max: 74.13 us, round:302719
t1_jitter: 71.46 us

t2_min: 97.29 us, round:6326
t2_max: 186.38 us, round:302721
t2_jitter: 89.08 us

PMU diff samples: 600000
AVG DIFF LL_CACHE_RD: 98.93
AVG DIFF LL_CACHE_MISS_RD: 42.46
AVG DIFF L2D_CACHE_REFILL: 42.58
AVG DIFF L2D_CACHE_INVAL: 0.00
[cur diff] DIFF LL_CACHE_RD: 62, DIFF LL_CACHE_MISS_RD: 31, MISS_RATE: 50.00%
[cur diff] DIFF L2D_CACHE_REFILL: 31
[cur diff] DIFF L2D_CACHE_INVAL: 0
[max diff] DIFF LL_CACHE_RD: 175, DIFF LL_CACHE_MISS_RD: 135, MISS_RATE: 77.14%
[max diff] DIFF L2D_CACHE_REFILL: 135
[max diff] DIFF L2D_CACHE_INVAL: 0
