Hello, QSemOS-RT 24.03-LTS @ v1.3.4-unknown git time-unknown git ID
OK3568-C @ Jul 18 2026 08:31:24
timer_rt_test_demo running ...
Starting timer_rt_test_demo...sleep 25s
open interrupt and realtime performance control
HRTIMER NOSTRESS TEST Demo
OsSysGetClock():24000000
task_cycles:10000 
=======begin========

cache_partitioning_task_stack done
pressurTaskEntry start 
src addr: 0x0x2b5a1000
dst addr: 0x0x2aba0000 
TEST_MEMSIZE: 0xa00000 

===========================================================
taskpendcnt:190
t0:4458 ns
t1:10000 ns
t2:106541 ns
benchmark: Franka-derived Cartesian-impedance kernel, input trace:8, timer period:10.000 ms
controller source: franka_ros2 jazzy@73a1501d, updates:201, SVD sweeps:5
pose error:[0.010000 0.015000 0.010000 -0.000000 0.049979 -0.000000]
tau[0:6]:[-2.781770 -1.613002 -1.930139 -1.581803 -1.382951 -0.390599 -0.663394]
kernel exec min/avg/max: 95.38 / 97.32 / 106.46 us, samples:193
pressure status:1, copy rounds total/window:10/10, 5.00 rounds/s
pressure logical copy:100.00 MiB total, approx 50.00 MiB/s, checksum:13316915200
pressure report window:2.000000 s
t0_region>
[1]:3
[2]:1
[3]:73
[4]:85
[5]:23
[6]:3
[7]:3
[8]:3
[9]:1

t1_region>
[3]:3
[4]:1
[7]:1
[8]:26
[9]:47
[10]:62
[11]:23
[12]:21
[13]:1
[14]:2
[15]:4
[16]:2
[17]:2
[18]:1

t2_region>
[98]:2
[99]:2
[100]:1
[104]:6
[105]:31
[106]:38
[107]:38
[108]:32
[109]:24
[110]:9
[111]:6
[112]:3
[113]:1
[121]:2
[124]:2

t0_min: 1.29 us, round:194
t0_max: 9.13 us, round:36
t0_jitter: 7.83 us

t1_min: 3.04 us, round:194
t1_max: 18.38 us, round:84
t1_jitter: 15.33 us

t2_min: 98.42 us, round:194
t2_max: 124.83 us, round:84
t2_jitter: 26.42 us

PMU diff samples: 200
AVG DIFF LL_CACHE_RD: 147.23
AVG DIFF LL_CACHE_MISS_RD: 102.94
AVG DIFF L2D_CACHE_REFILL: 103.31
AVG DIFF L2D_CACHE_INVAL: 0.00
[cur diff] DIFF LL_CACHE_RD: 171, DIFF LL_CACHE_MISS_RD: 0, MISS_RATE: 0.00%
[cur diff] DIFF L2D_CACHE_REFILL: 0
[cur diff] DIFF L2D_CACHE_INVAL: 0
[max diff] DIFF LL_CACHE_RD: 289, DIFF LL_CACHE_MISS_RD: 221, MISS_RATE: 76.47%
[max diff] DIFF L2D_CACHE_REFILL: 223
[max diff] DIFF L2D_CACHE_INVAL: 0

===========================================================
taskpendcnt:404
t0:4583 ns
t1:9833 ns
t2:106666 ns
benchmark: Franka-derived Cartesian-impedance kernel, input trace:8, timer period:10.000 ms
controller source: franka_ros2 jazzy@73a1501d, updates:416, SVD sweeps:5
pose error:[0.010000 0.015000 0.010000 -0.000000 0.049979 -0.000000]
tau[0:6]:[-0.567483 -0.552304 -0.482512 -0.231067 -0.297494 -0.656094 -0.085004]
kernel exec min/avg/max: 95.08 / 97.82 / 112.88 us, samples:408
pressure status:1, copy rounds total/window:21/11, 5.12 rounds/s
pressure logical copy:210.00 MiB total, approx 51.22 MiB/s, checksum:27965521920
pressure report window:2.147538 s
t0_region>
[1]:14
[2]:4
[3]:142
[4]:170
[5]:48
[6]:9
[7]:9
[8]:9
[9]:5

t1_region>
[3]:11
[4]:7
[7]:1
[8]:52
[9]:90
[10]:111
[11]:55
[12]:35
[13]:11
[14]:8
[15]:5
[16]:7
[17]:12
[18]:3
[19]:2
[20]:1

t2_region>
[98]:6
[99]:9
[100]:4
[104]:9
[105]:62
[106]:61
[107]:68
[108]:67
[109]:48
[110]:21
[111]:12
[112]:7
[113]:4
[114]:3
[115]:4
[116]:4
[117]:3
[118]:1
[120]:1
[121]:5
[122]:4
[124]:3
[125]:1
[126]:4
[127]:1

t0_min: 1.25 us, round:414
t0_max: 9.96 us, round:235
t0_jitter: 8.71 us

t1_min: 3.00 us, round:414
t1_max: 20.92 us, round:342
t1_jitter: 17.92 us

t2_min: 98.04 us, round:410
t2_max: 127.08 us, round:251
t2_jitter: 29.04 us

PMU diff samples: 416
AVG DIFF LL_CACHE_RD: 155.58
AVG DIFF LL_CACHE_MISS_RD: 108.98
AVG DIFF L2D_CACHE_REFILL: 109.40
AVG DIFF L2D_CACHE_INVAL: 0.00
[cur diff] DIFF LL_CACHE_RD: 48, DIFF LL_CACHE_MISS_RD: 1, MISS_RATE: 2.08%
[cur diff] DIFF L2D_CACHE_REFILL: 1
[cur diff] DIFF L2D_CACHE_INVAL: 0
[max diff] DIFF LL_CACHE_RD: 328, DIFF LL_CACHE_MISS_RD: 244, MISS_RATE: 74.39%
[max diff] DIFF L2D_CACHE_REFILL: 245
[max diff] DIFF L2D_CACHE_INVAL: 0

===========================================================
taskpendcnt:620
t0:17541 ns
t1:32125 ns
t2:116208 ns
benchmark: Franka-derived Cartesian-impedance kernel, input trace:8, timer period:10.000 ms
controller source: franka_ros2 jazzy@73a1501d, updates:632, SVD sweeps:5
pose error:[0.010000 0.015000 0.010000 -0.000000 0.049979 -0.000000]
tau[0:6]:[-0.567483 -0.552304 -0.482512 -0.231067 -0.297494 -0.656094 -0.085004]
kernel exec min/avg/max: 94.79 / 97.64 / 112.88 us, samples:623
pressure status:1, copy rounds total/window:32/11, 5.10 rounds/s
pressure logical copy:320.00 MiB total, approx 50.98 MiB/s, checksum:42614128640
pressure report window:2.157747 s
t0_region>
[1]:27
[2]:11
[3]:217
[4]:253
[5]:67
[6]:15
[7]:15
[8]:14
[9]:6
[17]:1

t1_region>
[3]:21
[4]:10
[5]:2
[7]:1
[8]:76
[9]:149
[10]:171
[11]:82
[12]:45
[13]:17
[14]:9
[15]:8
[16]:10
[17]:15
[18]:5
[19]:2
[20]:3
[32]:1

t2_region>
[98]:15
[99]:11
[100]:5
[101]:1
[102]:1
[104]:18
[105]:98
[106]:98
[107]:111
[108]:105
[109]:64
[110]:23
[111]:15
[112]:9
[113]:5
[114]:4
[115]:7
[116]:6
[117]:4
[118]:2
[120]:1
[121]:6
[122]:7
[124]:3
[125]:2
[126]:5
[127]:1
[132]:1

t0_min: 1.21 us, round:627
t0_max: 17.54 us, round:620
t0_jitter: 16.33 us

t1_min: 3.00 us, round:414
t1_max: 32.13 us, round:620
t1_jitter: 29.13 us

t2_min: 98.00 us, round:420
t2_max: 132.17 us, round:620
t2_jitter: 34.17 us

PMU diff samples: 632
AVG DIFF LL_CACHE_RD: 152.87
AVG DIFF LL_CACHE_MISS_RD: 107.79
AVG DIFF L2D_CACHE_REFILL: 108.22
AVG DIFF L2D_CACHE_INVAL: 0.00
[cur diff] DIFF LL_CACHE_RD: 33, DIFF LL_CACHE_MISS_RD: 0, MISS_RATE: 0.00%
[cur diff] DIFF L2D_CACHE_REFILL: 0
[cur diff] DIFF L2D_CACHE_INVAL: 0
[max diff] DIFF LL_CACHE_RD: 147, DIFF LL_CACHE_MISS_RD: 126, MISS_RATE: 85.71%
[max diff] DIFF L2D_CACHE_REFILL: 126
[max diff] DIFF L2D_CACHE_INVAL: 0

===========================================================
taskpendcnt:837
t0:4708 ns
t1:12291 ns
t2:110583 ns
benchmark: Franka-derived Cartesian-impedance kernel, input trace:8, timer period:10.000 ms
controller source: franka_ros2 jazzy@73a1501d, updates:848, SVD sweeps:5
pose error:[0.010000 0.015000 0.010000 -0.000000 0.049979 -0.000000]
tau[0:6]:[-0.567483 -0.552304 -0.482512 -0.231067 -0.297494 -0.656094 -0.085004]
kernel exec min/avg/max: 94.79 / 98.20 / 112.88 us, samples:840
pressure status:1, copy rounds total/window:42/10, 4.62 rounds/s
pressure logical copy:420.00 MiB total, approx 46.21 MiB/s, checksum:55931043840
pressure report window:2.164189 s
t0_region>
[1]:39
[2]:13
[3]:235
[4]:300
[5]:106
[6]:32
[7]:30
[8]:31
[9]:20
[10]:14
[11]:6
[12]:3
[13]:2
[14]:3
[16]:1
[17]:2
[18]:2
[19]:1
[20]:1
[21]:1

t1_region>
[3]:33
[4]:13
[5]:2
[7]:1
[8]:78
[9]:162
[10]:177
[11]:103
[12]:68
[13]:37
[14]:20
[15]:22
[16]:17
[17]:20
[18]:10
[19]:8
[20]:6
[21]:5
[22]:8
[23]:7
[24]:9
[25]:6
[26]:2
[27]:8
[28]:2
[29]:3
[30]:4
[31]:4
[32]:3
[33]:2
[37]:4

t2_region>
[98]:17
[99]:21
[100]:8
[101]:2
[102]:1
[104]:18
[105]:99
[106]:105
[107]:118
[108]:108
[109]:77
[110]:41
[111]:38
[112]:21
[113]:17
[114]:10
[115]:13
[116]:11
[117]:11
[118]:4
[119]:4
[120]:5
[121]:12
[122]:9
[123]:4
[124]:6
[125]:6
[126]:10
[127]:9
[128]:11
[129]:4
[130]:8
[131]:6
[132]:3
[133]:3
[134]:1
[135]:1
[136]:1
[137]:1
[138]:2

t0_min: 1.17 us, round:847
t0_max: 21.88 us, round:714
t0_jitter: 20.71 us

t1_min: 3.00 us, round:414
t1_max: 37.83 us, round:713
t1_jitter: 34.83 us

t2_min: 98.00 us, round:420
t2_max: 138.75 us, round:713
t2_jitter: 40.75 us

PMU diff samples: 851
AVG DIFF LL_CACHE_RD: 148.67
AVG DIFF LL_CACHE_MISS_RD: 104.58
AVG DIFF L2D_CACHE_REFILL: 104.93
AVG DIFF L2D_CACHE_INVAL: 0.00
[cur diff] DIFF LL_CACHE_RD: 40, DIFF LL_CACHE_MISS_RD: 1, MISS_RATE: 2.50%
[cur diff] DIFF L2D_CACHE_REFILL: 1
[cur diff] DIFF L2D_CACHE_INVAL: 0
[max diff] DIFF LL_CACHE_RD: 177, DIFF LL_CACHE_MISS_RD: 156, MISS_RATE: 88.14%
[max diff] DIFF L2D_CACHE_REFILL: 156
[max diff] DIFF L2D_CACHE_INVAL: 0

===========================================================
taskpendcnt:1056
t0:6041 ns
t1:15375 ns
t2:113083 ns
benchmark: Franka-derived Cartesian-impedance kernel, input trace:8, timer period:10.000 ms
controller source: franka_ros2 jazzy@73a1501d, updates:1067, SVD sweeps:5
pose error:[0.010000 0.015000 0.010000 -0.000000 0.049979 -0.000000]
tau[0:6]:[-1.839419 -0.921560 -1.193198 -1.195971 -0.861243 0.113634 -0.461388]
kernel exec min/avg/max: 94.79 / 98.30 / 112.88 us, samples:1059
pressure status:1, copy rounds total/window:53/11, 5.02 rounds/s
pressure logical copy:530.00 MiB total, approx 50.22 MiB/s, checksum:70579650560
pressure report window:2.190436 s
t0_region>
[1]:57
[2]:13
[3]:235
[4]:349
[5]:195
[6]:72
[7]:45
[8]:31
[9]:22
[10]:16
[11]:7
[12]:6
[13]:2
[14]:3
[16]:1
[17]:2
[18]:2
[19]:1
[20]:1
[21]:1

t1_region>
[3]:50
[4]:14
[5]:2
[7]:1
[8]:78
[9]:162
[10]:179
[11]:114
[12]:106
[13]:78
[14]:63
[15]:49
[16]:39
[17]:26
[18]:13
[19]:8
[20]:7
[21]:8
[22]:9
[23]:7
[24]:10
[25]:8
[26]:2
[27]:8
[28]:2
[29]:3
[30]:4
[31]:4
[32]:3
[33]:2
[37]:4

t2_region>
[98]:20
[99]:31
[100]:11
[101]:3
[102]:2
[104]:18
[105]:99
[106]:105
[107]:118
[108]:110
[109]:88
[110]:71
[111]:69
[112]:40
[113]:50
[114]:38
[115]:34
[116]:19
[117]:20
[118]:5
[119]:6
[120]:8
[121]:12
[122]:9
[123]:6
[124]:6
[125]:7
[126]:10
[127]:9
[128]:11
[129]:4
[130]:8
[131]:6
[132]:3
[133]:3
[134]:1
[135]:1
[136]:1
[137]:1
[138]:2

t0_min: 1.17 us, round:847
t0_max: 21.88 us, round:714
t0_jitter: 20.71 us

t1_min: 2.96 us, round:1068
t1_max: 37.83 us, round:713
t1_jitter: 34.88 us

t2_min: 98.00 us, round:420
t2_max: 138.75 us, round:713
t2_jitter: 40.75 us

PMU diff samples: 1071
AVG DIFF LL_CACHE_RD: 145.94
AVG DIFF LL_CACHE_MISS_RD: 102.33
AVG DIFF L2D_CACHE_REFILL: 102.60
AVG DIFF L2D_CACHE_INVAL: 0.00
[cur diff] DIFF LL_CACHE_RD: 38, DIFF LL_CACHE_MISS_RD: 0, MISS_RATE: 0.00%
[cur diff] DIFF L2D_CACHE_REFILL: 0
[cur diff] DIFF L2D_CACHE_INVAL: 0
[max diff] DIFF LL_CACHE_RD: 177, DIFF LL_CACHE_MISS_RD: 156, MISS_RATE: 88.14%
[max diff] DIFF L2D_CACHE_REFILL: 156
[max diff] DIFF L2D_CACHE_INVAL: 0

===========================================================
taskpendcnt:1275
t0:6500 ns
t1:15833 ns
t2:115875 ns
benchmark: Franka-derived Cartesian-impedance kernel, input trace:8, timer period:10.000 ms
controller source: franka_ros2 jazzy@73a1501d, updates:1286, SVD sweeps:5
pose error:[0.010000 0.015000 0.010000 -0.000000 0.049979 -0.000000]
tau[0:6]:[1.228026 0.081850 0.819520 0.875435 0.745706 -0.833381 0.398995]
kernel exec min/avg/max: 94.79 / 98.37 / 112.88 us, samples:1278
pressure status:1, copy rounds total/window:64/11, 5.02 rounds/s
pressure logical copy:640.00 MiB total, approx 50.21 MiB/s, checksum:85228257280
pressure report window:2.190707 s
t0_region>
[1]:75
[2]:13
[3]:239
[4]:396
[5]:277
[6]:115
[7]:62
[8]:31
[9]:23
[10]:17
[11]:10
[12]:8
[13]:3
[14]:3
[16]:1
[17]:2
[18]:2
[19]:1
[20]:1
[21]:1

t1_region>
[2]:1
[3]:66
[4]:15
[5]:2
[7]:1
[8]:78
[9]:162
[10]:180
[11]:126
[12]:144
[13]:114
[14]:104
[15]:89
[16]:57
[17]:32
[18]:14
[19]:8
[20]:8
[21]:8
[22]:14
[23]:8
[24]:11
[25]:8
[26]:2
[27]:8
[28]:2
[29]:3
[30]:4
[31]:4
[32]:3
[33]:2
[37]:4

t2_region>
[98]:22
[99]:43
[100]:15
[101]:3
[102]:2
[104]:18
[105]:99
[106]:105
[107]:118
[108]:112
[109]:99
[110]:102
[111]:98
[112]:57
[113]:73
[114]:70
[115]:65
[116]:33
[117]:23
[118]:6
[119]:6
[120]:9
[121]:15
[122]:11
[123]:6
[124]:6
[125]:8
[126]:10
[127]:9
[128]:11
[129]:4
[130]:8
[131]:6
[132]:3
[133]:3
[134]:1
[135]:1
[136]:1
[137]:1
[138]:2

t0_min: 1.17 us, round:847
t0_max: 21.88 us, round:714
t0_jitter: 20.71 us

t1_min: 2.96 us, round:1068
t1_max: 37.83 us, round:713
t1_jitter: 34.88 us

t2_min: 98.00 us, round:420
t2_max: 138.75 us, round:713
t2_jitter: 40.75 us

PMU diff samples: 1290
AVG DIFF LL_CACHE_RD: 144.25
AVG DIFF LL_CACHE_MISS_RD: 101.09
AVG DIFF L2D_CACHE_REFILL: 101.33
AVG DIFF L2D_CACHE_INVAL: 0.00
[cur diff] DIFF LL_CACHE_RD: 38, DIFF LL_CACHE_MISS_RD: 0, MISS_RATE: 0.00%
[cur diff] DIFF L2D_CACHE_REFILL: 1
[cur diff] DIFF L2D_CACHE_INVAL: 0
[max diff] DIFF LL_CACHE_RD: 177, DIFF LL_CACHE_MISS_RD: 156, MISS_RATE: 88.14%
[max diff] DIFF L2D_CACHE_REFILL: 156
[max diff] DIFF L2D_CACHE_INVAL: 0

===========================================================
taskpendcnt:1494
t0:5791 ns
t1:13083 ns
t2:110791 ns
benchmark: Franka-derived Cartesian-impedance kernel, input trace:8, timer period:10.000 ms
controller source: franka_ros2 jazzy@73a1501d, updates:1505, SVD sweeps:5
pose error:[0.010000 0.015000 0.010000 -0.000000 0.049979 -0.000000]
tau[0:6]:[-2.781770 -1.613002 -1.930139 -1.581803 -1.382951 -0.390599 -0.663394]
kernel exec min/avg/max: 94.79 / 98.40 / 112.88 us, samples:1497
pressure status:1, copy rounds total/window:74/10, 4.56 rounds/s
pressure logical copy:740.00 MiB total, approx 45.63 MiB/s, checksum:98545172480
pressure report window:2.191737 s
t0_region>
[1]:92
[2]:14
[3]:240
[4]:440
[5]:372
[6]:155
[7]:75
[8]:31
[9]:23
[10]:19
[11]:13
[12]:9
[13]:5
[14]:3
[16]:1
[17]:2
[18]:2
[19]:1
[20]:1
[21]:1

t1_region>
[2]:2
[3]:81
[4]:17
[5]:2
[7]:1
[8]:78
[9]:163
[10]:185
[11]:140
[12]:178
[13]:153
[14]:141
[15]:122
[16]:75
[17]:42
[18]:16
[19]:8
[20]:9
[21]:11
[22]:15
[23]:10
[24]:11
[25]:9
[26]:2
[27]:8
[28]:2
[29]:3
[30]:4
[31]:4
[32]:3
[33]:2
[37]:4

t2_region>
[98]:28
[99]:54
[100]:16
[101]:3
[102]:3
[104]:18
[105]:99
[106]:105
[107]:118
[108]:118
[109]:115
[110]:130
[111]:123
[112]:76
[113]:98
[114]:98
[115]:89
[116]:46
[117]:29
[118]:10
[119]:8
[120]:11
[121]:17
[122]:11
[123]:6
[124]:6
[125]:8
[126]:11
[127]:9
[128]:11
[129]:4
[130]:8
[131]:6
[132]:3
[133]:3
[134]:1
[135]:1
[136]:1
[137]:1
[138]:2

t0_min: 1.17 us, round:847
t0_max: 21.88 us, round:714
t0_jitter: 20.71 us

t1_min: 2.92 us, round:1498
t1_max: 37.83 us, round:713
t1_jitter: 34.92 us

t2_min: 98.00 us, round:420
t2_max: 138.75 us, round:713
t2_jitter: 40.75 us

PMU diff samples: 1509
AVG DIFF LL_CACHE_RD: 143.04
AVG DIFF LL_CACHE_MISS_RD: 100.39
AVG DIFF L2D_CACHE_REFILL: 100.60
AVG DIFF L2D_CACHE_INVAL: 0.00
[cur diff] DIFF LL_CACHE_RD: 44, DIFF LL_CACHE_MISS_RD: 0, MISS_RATE: 0.00%
[cur diff] DIFF L2D_CACHE_REFILL: 1
[cur diff] DIFF L2D_CACHE_INVAL: 0
[max diff] DIFF LL_CACHE_RD: 177, DIFF LL_CACHE_MISS_RD: 156, MISS_RATE: 88.14%
[max diff] DIFF L2D_CACHE_REFILL: 156
[max diff] DIFF L2D_CACHE_INVAL: 0

===========================================================
taskpendcnt:1713
t0:5375 ns
t1:13833 ns
t2:110166 ns
benchmark: Franka-derived Cartesian-impedance kernel, input trace:8, timer period:10.000 ms
controller source: franka_ros2 jazzy@73a1501d, updates:1724, SVD sweeps:5
pose error:[0.010000 0.015000 0.010000 -0.000000 0.049979 -0.000000]
tau[0:6]:[0.839771 0.130674 0.617691 0.624912 0.653099 -0.592692 0.265887]
kernel exec min/avg/max: 94.79 / 98.43 / 112.88 us, samples:1716
pressure status:1, copy rounds total/window:85/11, 5.02 rounds/s
pressure logical copy:850.00 MiB total, approx 50.19 MiB/s, checksum:113193779200
pressure report window:2.191752 s
t0_region>
[1]:111
[2]:14
[3]:245
[4]:494
[5]:446
[6]:204
[7]:85
[8]:32
[9]:24
[10]:22
[11]:15
[12]:11
[13]:5
[14]:3
[16]:1
[17]:2
[18]:2
[19]:1
[20]:1
[21]:1

t1_region>
[2]:2
[3]:97
[4]:19
[5]:2
[7]:1
[8]:78
[9]:163
[10]:186
[11]:164
[12]:211
[13]:183
[14]:178
[15]:162
[16]:90
[17]:49
[18]:21
[19]:8
[20]:10
[21]:13
[22]:18
[23]:12
[24]:12
[25]:9
[26]:2
[27]:8
[28]:2
[29]:3
[30]:4
[31]:4
[32]:3
[33]:2
[37]:4

t2_region>
[98]:34
[99]:63
[100]:17
[101]:5
[102]:3
[104]:18
[105]:99
[106]:105
[107]:118
[108]:119
[109]:129
[110]:156
[111]:150
[112]:97
[113]:133
[114]:127
[115]:110
[116]:54
[117]:35
[118]:15
[119]:10
[120]:13
[121]:20
[122]:12
[123]:6
[124]:6
[125]:8
[126]:11
[127]:9
[128]:11
[129]:4
[130]:8
[131]:6
[132]:3
[133]:3
[134]:1
[135]:1
[136]:1
[137]:1
[138]:2

t0_min: 1.13 us, round:1718
t0_max: 21.88 us, round:714
t0_jitter: 20.75 us

t1_min: 2.88 us, round:1725
t1_max: 37.83 us, round:713
t1_jitter: 34.96 us

t2_min: 98.00 us, round:420
t2_max: 138.75 us, round:713
t2_jitter: 40.75 us

PMU diff samples: 1728
AVG DIFF LL_CACHE_RD: 141.94
AVG DIFF LL_CACHE_MISS_RD: 99.71
AVG DIFF L2D_CACHE_REFILL: 99.90
AVG DIFF L2D_CACHE_INVAL: 0.00
[cur diff] DIFF LL_CACHE_RD: 37, DIFF LL_CACHE_MISS_RD: 0, MISS_RATE: 0.00%
[cur diff] DIFF L2D_CACHE_REFILL: 0
[cur diff] DIFF L2D_CACHE_INVAL: 0
[max diff] DIFF LL_CACHE_RD: 177, DIFF LL_CACHE_MISS_RD: 156, MISS_RATE: 88.14%
[max diff] DIFF L2D_CACHE_REFILL: 156
[max diff] DIFF L2D_CACHE_INVAL: 0

===========================================================
taskpendcnt:1932
t0:5916 ns
t1:14666 ns
t2:115000 ns
benchmark: Franka-derived Cartesian-impedance kernel, input trace:8, timer period:10.000 ms
controller source: franka_ros2 jazzy@73a1501d, updates:1944, SVD sweeps:5
pose error:[0.010000 0.015000 0.010000 -0.000000 0.049979 -0.000000]
tau[0:6]:[-0.567483 -0.552304 -0.482512 -0.231067 -0.297494 -0.656094 -0.085004]
kernel exec min/avg/max: 94.79 / 98.47 / 112.88 us, samples:1936
pressure status:1, copy rounds total/window:96/11, 5.01 rounds/s
pressure logical copy:960.00 MiB total, approx 50.14 MiB/s, checksum:127842385920
pressure report window:2.193706 s
t0_region>
[1]:127
[2]:16
[3]:247
[4]:550
[5]:532
[6]:239
[7]:96
[8]:35
[9]:25
[10]:24
[11]:17
[12]:14
[13]:5
[14]:3
[16]:1
[17]:2
[18]:2
[19]:1
[20]:1
[21]:1

t1_region>
[2]:4
[3]:112
[4]:20
[5]:3
[7]:1
[8]:78
[9]:163
[10]:189
[11]:185
[12]:245
[13]:219
[14]:215
[15]:189
[16]:114
[17]:55
[18]:26
[19]:9
[20]:11
[21]:16
[22]:19
[23]:14
[24]:12
[25]:9
[26]:2
[27]:8
[28]:2
[29]:3
[30]:4
[31]:4
[32]:3
[33]:2
[37]:4

t2_region>
[98]:41
[99]:71
[100]:19
[101]:5
[102]:3
[103]:1
[104]:18
[105]:99
[106]:105
[107]:118
[108]:120
[109]:145
[110]:187
[111]:181
[112]:110
[113]:157
[114]:155
[115]:131
[116]:69
[117]:43
[118]:20
[119]:14
[120]:15
[121]:21
[122]:12
[123]:6
[124]:6
[125]:9
[126]:11
[127]:9
[128]:11
[129]:4
[130]:8
[131]:6
[132]:3
[133]:3
[134]:1
[135]:1
[136]:1
[137]:1
[138]:2

t0_min: 1.13 us, round:1718
t0_max: 21.88 us, round:714
t0_jitter: 20.75 us

t1_min: 2.88 us, round:1725
t1_max: 37.83 us, round:713
t1_jitter: 34.96 us

t2_min: 98.00 us, round:420
t2_max: 138.75 us, round:713
t2_jitter: 40.75 us

PMU diff samples: 1948
AVG DIFF LL_CACHE_RD: 141.06
AVG DIFF LL_CACHE_MISS_RD: 99.13
AVG DIFF L2D_CACHE_REFILL: 99.30
AVG DIFF L2D_CACHE_INVAL: 0.00
[cur diff] DIFF LL_CACHE_RD: 35, DIFF LL_CACHE_MISS_RD: 0, MISS_RATE: 0.00%
[cur diff] DIFF L2D_CACHE_REFILL: 0
[cur diff] DIFF L2D_CACHE_INVAL: 0
[max diff] DIFF LL_CACHE_RD: 177, DIFF LL_CACHE_MISS_RD: 156, MISS_RATE: 88.14%
[max diff] DIFF L2D_CACHE_REFILL: 156
[max diff] DIFF L2D_CACHE_INVAL: 0

===========================================================
taskpendcnt:2152
t0:4916 ns
t1:12208 ns
t2:110791 ns
benchmark: Franka-derived Cartesian-impedance kernel, input trace:8, timer period:10.000 ms
controller source: franka_ros2 jazzy@73a1501d, updates:2163, SVD sweeps:5
pose error:[0.010000 0.015000 0.010000 -0.000000 0.049979 -0.000000]
tau[0:6]:[-1.839419 -0.921560 -1.193198 -1.195971 -0.861243 0.113634 -0.461388]
kernel exec min/avg/max: 94.79 / 98.48 / 112.88 us, samples:2155
pressure status:1, copy rounds total/window:106/10, 4.56 rounds/s
pressure logical copy:1060.00 MiB total, approx 45.58 MiB/s, checksum:141159301120
pressure report window:2.194121 s
t0_region>
[1]:145
[2]:16
[3]:251
[4]:607
[5]:607
[6]:284
[7]:105
[8]:39
[9]:25
[10]:24
[11]:21
[12]:16
[13]:6
[14]:3
[16]:1
[17]:2
[18]:2
[19]:1
[20]:1
[21]:1

t1_region>
[2]:7
[3]:125
[4]:22
[5]:3
[7]:1
[8]:78
[9]:163
[10]:194
[11]:202
[12]:286
[13]:261
[14]:254
[15]:211
[16]:128
[17]:66
[18]:28
[19]:10
[20]:11
[21]:19
[22]:22
[23]:14
[24]:13
[25]:9
[26]:2
[27]:8
[28]:2
[29]:3
[30]:4
[31]:4
[32]:3
[33]:2
[37]:4

t2_region>
[98]:49
[99]:76
[100]:23
[101]:7
[102]:3
[103]:1
[104]:18
[105]:99
[106]:105
[107]:118
[108]:124
[109]:164
[110]:216
[111]:213
[112]:130
[113]:183
[114]:178
[115]:145
[116]:82
[117]:52
[118]:26
[119]:16
[120]:16
[121]:22
[122]:13
[123]:6
[124]:7
[125]:9
[126]:11
[127]:9
[128]:11
[129]:4
[130]:8
[131]:6
[132]:3
[133]:3
[134]:1
[135]:1
[136]:1
[137]:1
[138]:2

t0_min: 1.13 us, round:1718
t0_max: 21.88 us, round:714
t0_jitter: 20.75 us

t1_min: 2.83 us, round:1952
t1_max: 37.83 us, round:713
t1_jitter: 35.00 us

t2_min: 98.00 us, round:420
t2_max: 138.75 us, round:713
t2_jitter: 40.75 us

PMU diff samples: 2167
AVG DIFF LL_CACHE_RD: 140.46
AVG DIFF LL_CACHE_MISS_RD: 98.72
AVG DIFF L2D_CACHE_REFILL: 98.88
AVG DIFF L2D_CACHE_INVAL: 0.00
[cur diff] DIFF LL_CACHE_RD: 46, DIFF LL_CACHE_MISS_RD: 0, MISS_RATE: 0.00%
[cur diff] DIFF L2D_CACHE_REFILL: 2
[cur diff] DIFF L2D_CACHE_INVAL: 0
[max diff] DIFF LL_CACHE_RD: 177, DIFF LL_CACHE_MISS_RD: 156, MISS_RATE: 88.14%
[max diff] DIFF L2D_CACHE_REFILL: 156
[max diff] DIFF L2D_CACHE_INVAL: 0

===========================================================
taskpendcnt:2371
t0:6541 ns
t1:11583 ns
t2:111625 ns
benchmark: Franka-derived Cartesian-impedance kernel, input trace:8, timer period:10.000 ms
controller source: franka_ros2 jazzy@73a1501d, updates:2383, SVD sweeps:5
pose error:[0.010000 0.015000 0.010000 -0.000000 0.049979 -0.000000]
tau[0:6]:[1.376914 -0.104433 0.790225 0.843903 0.642107 -0.956178 0.423547]
kernel exec min/avg/max: 94.79 / 98.50 / 112.88 us, samples:2375
pressure status:1, copy rounds total/window:117/11, 5.01 rounds/s
pressure logical copy:1170.00 MiB total, approx 50.14 MiB/s, checksum:155807907840
pressure report window:2.193889 s
t0_region>
[1]:163
[2]:17
[3]:253
[4]:659
[5]:692
[6]:331
[7]:110
[8]:39
[9]:26
[10]:25
[11]:25
[12]:19
[13]:7
[14]:3
[16]:1
[17]:2
[18]:2
[19]:1
[20]:1
[21]:1

t1_region>
[2]:8
[3]:141
[4]:23
[5]:3
[7]:1
[8]:78
[9]:163
[10]:196
[11]:220
[12]:324
[13]:303
[14]:286
[15]:239
[16]:154
[17]:71
[18]:28
[19]:10
[20]:12
[21]:19
[22]:25
[23]:19
[24]:14
[25]:9
[26]:2
[27]:8
[28]:2
[29]:3
[30]:4
[31]:4
[32]:3
[33]:2
[37]:4

t2_region>
[98]:56
[99]:85
[100]:25
[101]:7
[102]:3
[103]:1
[104]:18
[105]:99
[106]:105
[107]:118
[108]:126
[109]:179
[110]:254
[111]:229
[112]:147
[113]:214
[114]:207
[115]:170
[116]:95
[117]:57
[118]:26
[119]:17
[120]:17
[121]:24
[122]:17
[123]:7
[124]:7
[125]:9
[126]:12
[127]:9
[128]:11
[129]:4
[130]:8
[131]:6
[132]:3
[133]:3
[134]:1
[135]:1
[136]:1
[137]:1
[138]:2

t0_min: 1.13 us, round:1718
t0_max: 21.88 us, round:714
t0_jitter: 20.75 us

t1_min: 2.83 us, round:1952
t1_max: 37.83 us, round:713
t1_jitter: 35.00 us

t2_min: 98.00 us, round:420
t2_max: 138.75 us, round:713
t2_jitter: 40.75 us

PMU diff samples: 2387
AVG DIFF LL_CACHE_RD: 139.99
AVG DIFF LL_CACHE_MISS_RD: 98.38
AVG DIFF L2D_CACHE_REFILL: 98.52
AVG DIFF L2D_CACHE_INVAL: 0.00
[cur diff] DIFF LL_CACHE_RD: 53, DIFF LL_CACHE_MISS_RD: 0, MISS_RATE: 0.00%
[cur diff] DIFF L2D_CACHE_REFILL: 1
[cur diff] DIFF L2D_CACHE_INVAL: 0
[max diff] DIFF LL_CACHE_RD: 177, DIFF LL_CACHE_MISS_RD: 156, MISS_RATE: 88.14%
[max diff] DIFF L2D_CACHE_REFILL: 156
[max diff] DIFF L2D_CACHE_INVAL: 0

===========================================================
taskpendcnt:2591
t0:6500 ns
t1:14958 ns
t2:114708 ns
benchmark: Franka-derived Cartesian-impedance kernel, input trace:8, timer period:10.000 ms
controller source: franka_ros2 jazzy@73a1501d, updates:2602, SVD sweeps:5
pose error:[0.010000 0.015000 0.010000 -0.000000 0.049979 -0.000000]
tau[0:6]:[-2.379368 -1.292411 -1.655224 -1.570015 -1.185234 -0.066588 -0.610247]
kernel exec min/avg/max: 94.79 / 98.51 / 112.88 us, samples:2594
pressure status:1, copy rounds total/window:128/11, 5.01 rounds/s
pressure logical copy:1280.00 MiB total, approx 50.12 MiB/s, checksum:170456514560
pressure report window:2.194672 s
t0_region>
[1]:181
[2]:17
[3]:258
[4]:704
[5]:786
[6]:370
[7]:120
[8]:39
[9]:26
[10]:27
[11]:28
[12]:22
[13]:7
[14]:3
[16]:1
[17]:2
[18]:2
[19]:1
[20]:1
[21]:1

t1_region>
[2]:8
[3]:159
[4]:24
[5]:3
[7]:1
[8]:78
[9]:163
[10]:201
[11]:234
[12]:362
[13]:340
[14]:328
[15]:262
[16]:178
[17]:78
[18]:30
[19]:10
[20]:13
[21]:22
[22]:29
[23]:20
[24]:14
[25]:9
[26]:2
[27]:8
[28]:2
[29]:3
[30]:4
[31]:4
[32]:3
[33]:2
[37]:4

t2_region>
[98]:64
[99]:94
[100]:25
[101]:8
[102]:3
[103]:1
[104]:18
[105]:99
[106]:105
[107]:118
[108]:129
[109]:195
[110]:288
[111]:254
[112]:164
[113]:238
[114]:233
[115]:199
[116]:106
[117]:60
[118]:31
[119]:19
[120]:19
[121]:27
[122]:18
[123]:7
[124]:7
[125]:9
[126]:12
[127]:9
[128]:11
[129]:4
[130]:8
[131]:6
[132]:3
[133]:3
[134]:1
[135]:1
[136]:1
[137]:1
[138]:2

t0_min: 1.13 us, round:1718
t0_max: 21.88 us, round:714
t0_jitter: 20.75 us

t1_min: 2.83 us, round:1952
t1_max: 37.83 us, round:713
t1_jitter: 35.00 us

t2_min: 98.00 us, round:420
t2_max: 138.75 us, round:713
t2_jitter: 40.75 us

PMU diff samples: 2606
AVG DIFF LL_CACHE_RD: 139.61
AVG DIFF LL_CACHE_MISS_RD: 98.10
AVG DIFF L2D_CACHE_REFILL: 98.23
AVG DIFF L2D_CACHE_INVAL: 0.00
[cur diff] DIFF LL_CACHE_RD: 42, DIFF LL_CACHE_MISS_RD: 0, MISS_RATE: 0.00%
[cur diff] DIFF L2D_CACHE_REFILL: 0
[cur diff] DIFF L2D_CACHE_INVAL: 0
[max diff] DIFF LL_CACHE_RD: 177, DIFF LL_CACHE_MISS_RD: 156, MISS_RATE: 88.14%
[max diff] DIFF L2D_CACHE_REFILL: 156
[max diff] DIFF L2D_CACHE_INVAL: 0

===========================================================
taskpendcnt:2810
t0:5791 ns
t1:9375 ns
t2:107958 ns
benchmark: Franka-derived Cartesian-impedance kernel, input trace:8, timer period:10.000 ms
controller source: franka_ros2 jazzy@73a1501d, updates:2822, SVD sweeps:5
pose error:[0.010000 0.015000 0.010000 -0.000000 0.049979 -0.000000]
tau[0:6]:[1.228026 0.081850 0.819520 0.875435 0.745706 -0.833381 0.398995]
kernel exec min/avg/max: 94.79 / 98.52 / 112.88 us, samples:2813
pressure status:1, copy rounds total/window:138/10, 4.56 rounds/s
pressure logical copy:1380.00 MiB total, approx 45.57 MiB/s, checksum:183773429760
pressure report window:2.194634 s
t0_region>
[1]:199
[2]:18
[3]:261
[4]:759
[5]:861
[6]:416
[7]:131
[8]:40
[9]:27
[10]:33
[11]:31
[12]:22
[13]:7
[14]:3
[16]:1
[17]:2
[18]:2
[19]:1
[20]:1
[21]:1

t1_region>
[2]:8
[3]:176
[4]:24
[5]:4
[7]:1
[8]:78
[9]:164
[10]:202
[11]:247
[12]:408
[13]:373
[14]:367
[15]:293
[16]:199
[17]:82
[18]:31
[19]:11
[20]:16
[21]:25
[22]:30
[23]:23
[24]:14
[25]:9
[26]:2
[27]:8
[28]:2
[29]:3
[30]:4
[31]:4
[32]:3
[33]:2
[37]:4

t2_region>
[98]:69
[99]:105
[100]:27
[101]:8
[102]:3
[103]:2
[104]:18
[105]:99
[106]:105
[107]:119
[108]:131
[109]:206
[110]:329
[111]:280
[112]:176
[113]:262
[114]:265
[115]:228
[116]:114
[117]:63
[118]:33
[119]:23
[120]:21
[121]:28
[122]:19
[123]:8
[124]:7
[125]:10
[126]:12
[127]:9
[128]:11
[129]:4
[130]:8
[131]:6
[132]:3
[133]:3
[134]:1
[135]:1
[136]:1
[137]:1
[138]:2

t0_min: 1.13 us, round:1718
t0_max: 21.88 us, round:714
t0_jitter: 20.75 us

t1_min: 2.83 us, round:1952
t1_max: 37.83 us, round:713
t1_jitter: 35.00 us

t2_min: 98.00 us, round:420
t2_max: 138.75 us, round:713
t2_jitter: 40.75 us

PMU diff samples: 2825
AVG DIFF LL_CACHE_RD: 139.15
AVG DIFF LL_CACHE_MISS_RD: 97.78
AVG DIFF L2D_CACHE_REFILL: 97.90
AVG DIFF L2D_CACHE_INVAL: 0.00
[cur diff] DIFF LL_CACHE_RD: 27, DIFF LL_CACHE_MISS_RD: 0, MISS_RATE: 0.00%
[cur diff] DIFF L2D_CACHE_REFILL: 0
[cur diff] DIFF L2D_CACHE_INVAL: 0
[max diff] DIFF LL_CACHE_RD: 177, DIFF LL_CACHE_MISS_RD: 156, MISS_RATE: 88.14%
[max diff] DIFF L2D_CACHE_REFILL: 156
[max diff] DIFF L2D_CACHE_INVAL: 0

===========================================================
taskpendcnt:3030
t0:5750 ns
t1:13041 ns
t2:111041 ns
benchmark: Franka-derived Cartesian-impedance kernel, input trace:8, timer period:10.000 ms
controller source: franka_ros2 jazzy@73a1501d, updates:3041, SVD sweeps:5
pose error:[0.010000 0.015000 0.010000 -0.000000 0.049979 -0.000000]
tau[0:6]:[-2.781770 -1.613002 -1.930139 -1.581803 -1.382951 -0.390599 -0.663394]
kernel exec min/avg/max: 94.79 / 98.53 / 112.88 us, samples:3033
pressure status:1, copy rounds total/window:149/11, 5.01 rounds/s
pressure logical copy:1490.00 MiB total, approx 50.12 MiB/s, checksum:198422036480
pressure report window:2.194819 s
t0_region>
[1]:217
[2]:18
[3]:264
[4]:803
[5]:956
[6]:454
[7]:142
[8]:41
[9]:27
[10]:37
[11]:34
[12]:24
[13]:7
[14]:3
[16]:1
[17]:2
[18]:2
[19]:1
[20]:1
[21]:1

t1_region>
[2]:8
[3]:193
[4]:26
[5]:4
[7]:1
[8]:78
[9]:164
[10]:202
[11]:258
[12]:448
[13]:417
[14]:407
[15]:321
[16]:213
[17]:94
[18]:33
[19]:12
[20]:16
[21]:29
[22]:32
[23]:26
[24]:14
[25]:9
[26]:2
[27]:8
[28]:2
[29]:3
[30]:4
[31]:4
[32]:3
[33]:2
[37]:4

t2_region>
[98]:73
[99]:115
[100]:31
[101]:9
[102]:3
[103]:2
[104]:18
[105]:99
[106]:105
[107]:119
[108]:132
[109]:218
[110]:358
[111]:305
[112]:206
[113]:287
[114]:290
[115]:251
[116]:131
[117]:66
[118]:34
[119]:28
[120]:22
[121]:29
[122]:21
[123]:8
[124]:8
[125]:10
[126]:12
[127]:9
[128]:11
[129]:4
[130]:8
[131]:6
[132]:3
[133]:3
[134]:1
[135]:1
[136]:1
[137]:1
[138]:2

t0_min: 1.13 us, round:1718
t0_max: 21.88 us, round:714
t0_jitter: 20.75 us

t1_min: 2.83 us, round:1952
t1_max: 37.83 us, round:713
t1_jitter: 35.00 us

t2_min: 98.00 us, round:420
t2_max: 138.75 us, round:713
t2_jitter: 40.75 us

PMU diff samples: 3045
AVG DIFF LL_CACHE_RD: 138.82
AVG DIFF LL_CACHE_MISS_RD: 97.53
AVG DIFF L2D_CACHE_REFILL: 97.64
AVG DIFF L2D_CACHE_INVAL: 0.00
[cur diff] DIFF LL_CACHE_RD: 46, DIFF LL_CACHE_MISS_RD: 0, MISS_RATE: 0.00%
[cur diff] DIFF L2D_CACHE_REFILL: 1
[cur diff] DIFF L2D_CACHE_INVAL: 0
[max diff] DIFF LL_CACHE_RD: 177, DIFF LL_CACHE_MISS_RD: 156, MISS_RATE: 88.14%
[max diff] DIFF L2D_CACHE_REFILL: 156
[max diff] DIFF L2D_CACHE_INVAL: 0

===========================================================
taskpendcnt:3249
t0:5916 ns
t1:14666 ns
t2:113916 ns
benchmark: Franka-derived Cartesian-impedance kernel, input trace:8, timer period:10.000 ms
controller source: franka_ros2 jazzy@73a1501d, updates:3260, SVD sweeps:5
pose error:[0.010000 0.015000 0.010000 -0.000000 0.049979 -0.000000]
tau[0:6]:[0.839771 0.130674 0.617691 0.624912 0.653099 -0.592692 0.265887]
kernel exec min/avg/max: 94.79 / 98.54 / 112.88 us, samples:3252
pressure status:1, copy rounds total/window:160/11, 5.01 rounds/s
pressure logical copy:1600.00 MiB total, approx 50.12 MiB/s, checksum:213070643200
pressure report window:2.194638 s
t0_region>
[1]:235
[2]:19
[3]:271
[4]:855
[5]:1040
[6]:493
[7]:151
[8]:42
[9]:28
[10]:39
[11]:37
[12]:26
[13]:8
[14]:3
[16]:1
[17]:2
[18]:2
[19]:1
[20]:1
[21]:1

t1_region>
[2]:10
[3]:208
[4]:26
[5]:5
[7]:1
[8]:78
[9]:164
[10]:204
[11]:272
[12]:490
[13]:463
[14]:448
[15]:344
[16]:227
[17]:98
[18]:39
[19]:12
[20]:17
[21]:32
[22]:34
[23]:29
[24]:14
[25]:9
[26]:2
[27]:8
[28]:2
[29]:3
[30]:4
[31]:4
[32]:3
[33]:2
[37]:4

t2_region>
[98]:74
[99]:130
[100]:32
[101]:9
[102]:3
[103]:3
[104]:18
[105]:99
[106]:105
[107]:119
[108]:133
[109]:232
[110]:393
[111]:338
[112]:223
[113]:315
[114]:318
[115]:268
[116]:142
[117]:73
[118]:35
[119]:31
[120]:24
[121]:32
[122]:21
[123]:8
[124]:9
[125]:10
[126]:12
[127]:9
[128]:11
[129]:4
[130]:8
[131]:6
[132]:3
[133]:3
[134]:1
[135]:1
[136]:1
[137]:1
[138]:2

t0_min: 1.13 us, round:1718
t0_max: 21.88 us, round:714
t0_jitter: 20.75 us

t1_min: 2.83 us, round:1952
t1_max: 37.83 us, round:713
t1_jitter: 35.00 us

t2_min: 98.00 us, round:420
t2_max: 138.75 us, round:713
t2_jitter: 40.75 us

PMU diff samples: 3264
AVG DIFF LL_CACHE_RD: 138.57
AVG DIFF LL_CACHE_MISS_RD: 97.38
AVG DIFF L2D_CACHE_REFILL: 97.48
AVG DIFF L2D_CACHE_INVAL: 0.00
[cur diff] DIFF LL_CACHE_RD: 36, DIFF LL_CACHE_MISS_RD: 0, MISS_RATE: 0.00%
[cur diff] DIFF L2D_CACHE_REFILL: 0
[cur diff] DIFF L2D_CACHE_INVAL: 0
[max diff] DIFF LL_CACHE_RD: 177, DIFF LL_CACHE_MISS_RD: 156, MISS_RATE: 88.14%
[max diff] DIFF L2D_CACHE_REFILL: 156
[max diff] DIFF L2D_CACHE_INVAL: 0

===========================================================
taskpendcnt:3469
t0:5000 ns
t1:14916 ns
t2:112625 ns
benchmark: Franka-derived Cartesian-impedance kernel, input trace:8, timer period:10.000 ms
controller source: franka_ros2 jazzy@73a1501d, updates:3480, SVD sweeps:5
pose error:[0.010000 0.015000 0.010000 -0.000000 0.049979 -0.000000]
tau[0:6]:[-0.567483 -0.552304 -0.482512 -0.231067 -0.297494 -0.656094 -0.085004]
kernel exec min/avg/max: 94.79 / 98.54 / 112.88 us, samples:3472
pressure status:1, copy rounds total/window:170/10, 4.56 rounds/s
pressure logical copy:1700.00 MiB total, approx 45.56 MiB/s, checksum:226387558400
pressure report window:2.194731 s
t0_region>
[1]:252
[2]:20
[3]:275
[4]:897
[5]:1123
[6]:544
[7]:162
[8]:42
[9]:31
[10]:41
[11]:38
[12]:29
[13]:9
[14]:3
[16]:1
[17]:2
[18]:2
[19]:1
[20]:1
[21]:1

t1_region>
[2]:12
[3]:222
[4]:28
[5]:6
[7]:1
[8]:79
[9]:164
[10]:207
[11]:289
[12]:523
[13]:503
[14]:487
[15]:375
[16]:244
[17]:107
[18]:40
[19]:12
[20]:21
[21]:32
[22]:38
[23]:30
[24]:15
[25]:9
[26]:2
[27]:8
[28]:2
[29]:3
[30]:4
[31]:4
[32]:3
[33]:2
[37]:4

t2_region>
[98]:76
[99]:142
[100]:34
[101]:10
[102]:4
[103]:3
[104]:18
[105]:99
[106]:105
[107]:120
[108]:137
[109]:245
[110]:421
[111]:363
[112]:251
[113]:338
[114]:339
[115]:297
[116]:153
[117]:78
[118]:41
[119]:32
[120]:26
[121]:34
[122]:22
[123]:8
[124]:10
[125]:10
[126]:12
[127]:9
[128]:11
[129]:4
[130]:8
[131]:6
[132]:3
[133]:3
[134]:1
[135]:1
[136]:1
[137]:1
[138]:2

t0_min: 1.13 us, round:1718
t0_max: 21.88 us, round:714
t0_jitter: 20.75 us

t1_min: 2.83 us, round:1952
t1_max: 37.83 us, round:713
t1_jitter: 35.00 us

t2_min: 98.00 us, round:420
t2_max: 138.75 us, round:713
t2_jitter: 40.75 us

PMU diff samples: 3484
AVG DIFF LL_CACHE_RD: 138.39
AVG DIFF LL_CACHE_MISS_RD: 97.25
AVG DIFF L2D_CACHE_REFILL: 97.35
AVG DIFF L2D_CACHE_INVAL: 0.00
[cur diff] DIFF LL_CACHE_RD: 43, DIFF LL_CACHE_MISS_RD: 0, MISS_RATE: 0.00%
[cur diff] DIFF L2D_CACHE_REFILL: 0
[cur diff] DIFF L2D_CACHE_INVAL: 0
[max diff] DIFF LL_CACHE_RD: 177, DIFF LL_CACHE_MISS_RD: 156, MISS_RATE: 88.14%
[max diff] DIFF L2D_CACHE_REFILL: 156
[max diff] DIFF L2D_CACHE_INVAL: 0

===========================================================
taskpendcnt:3688
t0:6916 ns
t1:15958 ns
t2:110833 ns
benchmark: Franka-derived Cartesian-impedance kernel, input trace:8, timer period:10.000 ms
controller source: franka_ros2 jazzy@73a1501d, updates:3699, SVD sweeps:5
pose error:[0.010000 0.015000 0.010000 -0.000000 0.049979 -0.000000]
tau[0:6]:[-0.274004 -0.324180 0.001577 -0.231466 0.050986 -0.328952 0.010844]
kernel exec min/avg/max: 94.79 / 98.55 / 112.88 us, samples:3691
pressure status:1, copy rounds total/window:181/11, 5.01 rounds/s
pressure logical copy:1810.00 MiB total, approx 50.11 MiB/s, checksum:241036165120
pressure report window:2.194996 s
t0_region>
[1]:271
[2]:20
[3]:279
[4]:944
[5]:1203
[6]:586
[7]:177
[8]:44
[9]:35
[10]:42
[11]:40
[12]:30
[13]:11
[14]:4
[16]:1
[17]:2
[18]:2
[19]:1
[20]:1
[21]:1

t1_region>
[2]:12
[3]:239
[4]:29
[5]:6
[7]:1
[8]:79
[9]:164
[10]:209
[11]:307
[12]:554
[13]:544
[14]:520
[15]:409
[16]:263
[17]:117
[18]:43
[19]:13
[20]:22
[21]:33
[22]:41
[23]:31
[24]:18
[25]:9
[26]:2
[27]:8
[28]:2
[29]:3
[30]:4
[31]:4
[32]:3
[33]:2
[37]:4

t2_region>
[98]:82
[99]:153
[100]:35
[101]:10
[102]:5
[103]:3
[104]:18
[105]:99
[106]:105
[107]:120
[108]:140
[109]:261
[110]:445
[111]:390
[112]:272
[113]:358
[114]:371
[115]:325
[116]:164
[117]:87
[118]:43
[119]:33
[120]:29
[121]:34
[122]:23
[123]:10
[124]:10
[125]:11
[126]:12
[127]:9
[128]:11
[129]:4
[130]:8
[131]:6
[132]:3
[133]:3
[134]:1
[135]:1
[136]:1
[137]:1
[138]:2

t0_min: 1.13 us, round:1718
t0_max: 21.88 us, round:714
t0_jitter: 20.75 us

t1_min: 2.83 us, round:1952
t1_max: 37.83 us, round:713
t1_jitter: 35.00 us

t2_min: 98.00 us, round:420
t2_max: 138.75 us, round:713
t2_jitter: 40.75 us

PMU diff samples: 3703
AVG DIFF LL_CACHE_RD: 138.20
AVG DIFF LL_CACHE_MISS_RD: 97.18
AVG DIFF L2D_CACHE_REFILL: 97.28
AVG DIFF L2D_CACHE_INVAL: 0.00
[cur diff] DIFF LL_CACHE_RD: 40, DIFF LL_CACHE_MISS_RD: 4, MISS_RATE: 10.00%
[cur diff] DIFF L2D_CACHE_REFILL: 4
[cur diff] DIFF L2D_CACHE_INVAL: 0
[max diff] DIFF LL_CACHE_RD: 177, DIFF LL_CACHE_MISS_RD: 156, MISS_RATE: 88.14%
[max diff] DIFF L2D_CACHE_REFILL: 156
[max diff] DIFF L2D_CACHE_INVAL: 0

===========================================================
taskpendcnt:3908
t0:5708 ns
t1:14458 ns
t2:113041 ns
benchmark: Franka-derived Cartesian-impedance kernel, input trace:8, timer period:10.000 ms
controller source: franka_ros2 jazzy@73a1501d, updates:3919, SVD sweeps:5
pose error:[0.010000 0.015000 0.010000 -0.000000 0.049979 -0.000000]
tau[0:6]:[1.376914 -0.104433 0.790225 0.843903 0.642107 -0.956178 0.423547]
kernel exec min/avg/max: 94.79 / 98.55 / 112.88 us, samples:3911
pressure status:1, copy rounds total/window:192/11, 5.01 rounds/s
pressure logical copy:1920.00 MiB total, approx 50.11 MiB/s, checksum:255684771840
pressure report window:2.195029 s
t0_region>
[1]:289
[2]:20
[3]:282
[4]:1000
[5]:1288
[6]:627
[7]:181
[8]:45
[9]:36
[10]:44
[11]:45
[12]:31
[13]:13
[14]:4
[16]:1
[17]:2
[18]:2
[19]:1
[20]:1
[21]:1

t1_region>
[2]:13
[3]:255
[4]:31
[5]:6
[7]:1
[8]:79
[9]:164
[10]:211
[11]:331
[12]:586
[13]:589
[14]:555
[15]:439
[16]:278
[17]:122
[18]:46
[19]:13
[20]:23
[21]:37
[22]:42
[23]:33
[24]:19
[25]:9
[26]:2
[27]:8
[28]:2
[29]:3
[30]:5
[31]:4
[32]:3
[33]:2
[37]:4

t2_region>
[98]:87
[99]:162
[100]:39
[101]:10
[102]:5
[103]:3
[104]:18
[105]:99
[106]:105
[107]:120
[108]:146
[109]:274
[110]:476
[111]:419
[112]:302
[113]:379
[114]:390
[115]:347
[116]:179
[117]:91
[118]:44
[119]:36
[120]:31
[121]:35
[122]:24
[123]:10
[124]:11
[125]:11
[126]:13
[127]:9
[128]:11
[129]:4
[130]:8
[131]:6
[132]:4
[133]:3
[134]:1
[135]:1
[136]:1
[137]:1
[138]:2

t0_min: 1.13 us, round:1718
t0_max: 21.88 us, round:714
t0_jitter: 20.75 us

t1_min: 2.83 us, round:1952
t1_max: 37.83 us, round:713
t1_jitter: 35.00 us

t2_min: 98.00 us, round:420
t2_max: 138.75 us, round:713
t2_jitter: 40.75 us

PMU diff samples: 3923
AVG DIFF LL_CACHE_RD: 138.03
AVG DIFF LL_CACHE_MISS_RD: 97.09
AVG DIFF L2D_CACHE_REFILL: 97.18
AVG DIFF L2D_CACHE_INVAL: 0.00
[cur diff] DIFF LL_CACHE_RD: 44, DIFF LL_CACHE_MISS_RD: 0, MISS_RATE: 0.00%
[cur diff] DIFF L2D_CACHE_REFILL: 1
[cur diff] DIFF L2D_CACHE_INVAL: 0
[max diff] DIFF LL_CACHE_RD: 177, DIFF LL_CACHE_MISS_RD: 156, MISS_RATE: 88.14%
[max diff] DIFF L2D_CACHE_REFILL: 156
[max diff] DIFF L2D_CACHE_INVAL: 0

===========================================================
taskpendcnt:4127
t0:4416 ns
t1:10625 ns
t2:109791 ns
benchmark: Franka-derived Cartesian-impedance kernel, input trace:8, timer period:10.000 ms
controller source: franka_ros2 jazzy@73a1501d, updates:4139, SVD sweeps:5
pose error:[0.010000 0.015000 0.010000 -0.000000 0.049979 -0.000000]
tau[0:6]:[-1.839419 -0.921560 -1.193198 -1.195971 -0.861243 0.113634 -0.461388]
kernel exec min/avg/max: 94.79 / 98.64 / 112.88 us, samples:4131
pressure status:1, copy rounds total/window:202/10, 4.55 rounds/s
pressure logical copy:2020.00 MiB total, approx 45.52 MiB/s, checksum:269001687040
pressure report window:2.196799 s
t0_region>
[1]:307
[2]:21
[3]:292
[4]:1047
[5]:1317
[6]:655
[7]:207
[8]:59
[9]:49
[10]:59
[11]:48
[12]:34
[13]:16
[14]:6
[15]:1
[16]:3
[17]:4
[18]:2
[19]:1
[20]:2
[21]:1
[22]:1
[24]:1

t1_region>
[2]:14
[3]:272
[4]:31
[5]:7
[7]:1
[8]:79
[9]:173
[10]:224
[11]:346
[12]:602
[13]:604
[14]:575
[15]:449
[16]:290
[17]:128
[18]:52
[19]:23
[20]:31
[21]:41
[22]:52
[23]:40
[24]:29
[25]:12
[26]:7
[27]:11
[28]:4
[29]:8
[30]:7
[31]:4
[32]:5
[33]:5
[35]:2
[37]:4
[38]:2
[39]:1

t2_region>
[98]:91
[99]:177
[100]:39
[101]:10
[102]:5
[103]:4
[104]:18
[105]:99
[106]:106
[107]:127
[108]:152
[109]:287
[110]:484
[111]:434
[112]:313
[113]:389
[114]:406
[115]:356
[116]:184
[117]:99
[118]:48
[119]:43
[120]:39
[121]:43
[122]:28
[123]:17
[124]:21
[125]:14
[126]:20
[127]:15
[128]:16
[129]:6
[130]:15
[131]:9
[132]:7
[133]:5
[134]:1
[135]:2
[136]:1
[137]:1
[138]:3
[141]:2
[142]:1
[143]:1

t0_min: 1.13 us, round:1718
t0_max: 24.54 us, round:3952
t0_jitter: 23.42 us

t1_min: 2.83 us, round:1952
t1_max: 39.13 us, round:3952
t1_jitter: 36.29 us

t2_min: 98.00 us, round:420
t2_max: 143.54 us, round:4029
t2_jitter: 45.54 us

PMU diff samples: 4143
AVG DIFF LL_CACHE_RD: 137.90
AVG DIFF LL_CACHE_MISS_RD: 96.90
AVG DIFF L2D_CACHE_REFILL: 96.98
AVG DIFF L2D_CACHE_INVAL: 0.00
[cur diff] DIFF LL_CACHE_RD: 48, DIFF LL_CACHE_MISS_RD: 0, MISS_RATE: 0.00%
[cur diff] DIFF L2D_CACHE_REFILL: 0
[cur diff] DIFF L2D_CACHE_INVAL: 0
[max diff] DIFF LL_CACHE_RD: 154, DIFF LL_CACHE_MISS_RD: 123, MISS_RATE: 79.87%
[max diff] DIFF L2D_CACHE_REFILL: 123
[max diff] DIFF L2D_CACHE_INVAL: 0

===========================================================
taskpendcnt:4348
t0:4750 ns
t1:13500 ns
t2:112958 ns
benchmark: Franka-derived Cartesian-impedance kernel, input trace:8, timer period:10.000 ms
controller source: franka_ros2 jazzy@73a1501d, updates:4359, SVD sweeps:5
pose error:[0.010000 0.015000 0.010000 -0.000000 0.049979 -0.000000]
tau[0:6]:[1.376914 -0.104433 0.790225 0.843903 0.642107 -0.956178 0.423547]
kernel exec min/avg/max: 94.79 / 98.64 / 112.88 us, samples:4351
pressure status:1, copy rounds total/window:213/11, 5.00 rounds/s
pressure logical copy:2130.00 MiB total, approx 49.96 MiB/s, checksum:283650293760
pressure report window:2.201847 s
t0_region>
[1]:325
[2]:22
[3]:298
[4]:1096
[5]:1405
[6]:693
[7]:217
[8]:62
[9]:50
[10]:59
[11]:51
[12]:35
[13]:18
[14]:6
[15]:1
[16]:3
[17]:4
[18]:2
[19]:1
[20]:2
[21]:1
[22]:1
[24]:1

t1_region>
[2]:15
[3]:288
[4]:32
[5]:7
[7]:2
[8]:80
[9]:173
[10]:225
[11]:368
[12]:635
[13]:648
[14]:613
[15]:474
[16]:307
[17]:138
[18]:54
[19]:24
[20]:31
[21]:42
[22]:54
[23]:43
[24]:30
[25]:12
[26]:7
[27]:11
[28]:4
[29]:8
[30]:7
[31]:4
[32]:5
[33]:5
[35]:2
[37]:4
[38]:2
[39]:1

t2_region>
[98]:94
[99]:190
[100]:41
[101]:10
[102]:5
[103]:4
[104]:18
[105]:100
[106]:106
[107]:128
[108]:152
[109]:303
[110]:519
[111]:458
[112]:335
[113]:414
[114]:433
[115]:375
[116]:202
[117]:102
[118]:52
[119]:44
[120]:40
[121]:45
[122]:30
[123]:17
[124]:21
[125]:14
[126]:21
[127]:15
[128]:16
[129]:6
[130]:15
[131]:9
[132]:7
[133]:5
[134]:1
[135]:2
[136]:1
[137]:1
[138]:3
[141]:2
[142]:1
[143]:1

t0_min: 1.13 us, round:1718
t0_max: 24.54 us, round:3952
t0_jitter: 23.42 us

t1_min: 2.83 us, round:1952
t1_max: 39.13 us, round:3952
t1_jitter: 36.29 us

t2_min: 98.00 us, round:420
t2_max: 143.54 us, round:4029
t2_jitter: 45.54 us

PMU diff samples: 4364
AVG DIFF LL_CACHE_RD: 137.78
AVG DIFF LL_CACHE_MISS_RD: 96.79
AVG DIFF L2D_CACHE_REFILL: 96.88
AVG DIFF L2D_CACHE_INVAL: 0.00
[cur diff] DIFF LL_CACHE_RD: 36, DIFF LL_CACHE_MISS_RD: 0, MISS_RATE: 0.00%
[cur diff] DIFF L2D_CACHE_REFILL: 0
[cur diff] DIFF L2D_CACHE_INVAL: 0
[max diff] DIFF LL_CACHE_RD: 154, DIFF LL_CACHE_MISS_RD: 123, MISS_RATE: 79.87%
[max diff] DIFF L2D_CACHE_REFILL: 123
[max diff] DIFF L2D_CACHE_INVAL: 0

===========================================================
taskpendcnt:4568
t0:4125 ns
t1:11416 ns
t2:109416 ns
benchmark: Franka-derived Cartesian-impedance kernel, input trace:8, timer period:10.000 ms
controller source: franka_ros2 jazzy@73a1501d, updates:4579, SVD sweeps:5
pose error:[0.010000 0.015000 0.010000 -0.000000 0.049979 -0.000000]
tau[0:6]:[-1.839419 -0.921560 -1.193198 -1.195971 -0.861243 0.113634 -0.461388]
kernel exec min/avg/max: 94.79 / 98.64 / 112.88 us, samples:4571
pressure status:1, copy rounds total/window:223/10, 4.54 rounds/s
pressure logical copy:2230.00 MiB total, approx 45.40 MiB/s, checksum:296967208960
pressure report window:2.202615 s
t0_region>
[1]:344
[2]:22
[3]:299
[4]:1156
[5]:1480
[6]:737
[7]:227
[8]:63
[9]:51
[10]:61
[11]:55
[12]:36
[13]:20
[14]:6
[15]:1
[16]:3
[17]:4
[18]:2
[19]:1
[20]:2
[21]:1
[22]:1
[24]:1

t1_region>
[2]:16
[3]:305
[4]:33
[5]:7
[7]:2
[8]:80
[9]:173
[10]:226
[11]:386
[12]:678
[13]:683
[14]:649
[15]:509
[16]:325
[17]:142
[18]:55
[19]:25
[20]:32
[21]:43
[22]:56
[23]:47
[24]:31
[25]:12
[26]:7
[27]:11
[28]:4
[29]:8
[30]:7
[31]:4
[32]:5
[33]:5
[35]:2
[37]:4
[38]:2
[39]:1

t2_region>
[98]:100
[99]:201
[100]:43
[101]:10
[102]:5
[103]:4
[104]:18
[105]:100
[106]:106
[107]:128
[108]:152
[109]:318
[110]:556
[111]:483
[112]:353
[113]:441
[114]:460
[115]:401
[116]:213
[117]:106
[118]:54
[119]:45
[120]:43
[121]:47
[122]:32
[123]:17
[124]:21
[125]:14
[126]:21
[127]:16
[128]:16
[129]:6
[130]:15
[131]:9
[132]:7
[133]:5
[134]:1
[135]:2
[136]:1
[137]:1
[138]:3
[141]:2
[142]:1
[143]:1

t0_min: 1.13 us, round:1718
t0_max: 24.54 us, round:3952
t0_jitter: 23.42 us

t1_min: 2.83 us, round:1952
t1_max: 39.13 us, round:3952
t1_jitter: 36.29 us

t2_min: 98.00 us, round:420
t2_max: 143.54 us, round:4029
t2_jitter: 45.54 us

PMU diff samples: 4584
AVG DIFF LL_CACHE_RD: 137.55
AVG DIFF LL_CACHE_MISS_RD: 96.66
AVG DIFF L2D_CACHE_REFILL: 96.74
AVG DIFF L2D_CACHE_INVAL: 0.00
[cur diff] DIFF LL_CACHE_RD: 42, DIFF LL_CACHE_MISS_RD: 0, MISS_RATE: 0.00%
[cur diff] DIFF L2D_CACHE_REFILL: 1
[cur diff] DIFF L2D_CACHE_INVAL: 0
[max diff] DIFF LL_CACHE_RD: 154, DIFF LL_CACHE_MISS_RD: 123, MISS_RATE: 79.87%
[max diff] DIFF L2D_CACHE_REFILL: 123
[max diff] DIFF L2D_CACHE_INVAL: 0

===========================================================
taskpendcnt:4788
t0:3791 ns
t1:11083 ns
t2:109083 ns
benchmark: Franka-derived Cartesian-impedance kernel, input trace:8, timer period:10.000 ms
controller source: franka_ros2 jazzy@73a1501d, updates:4799, SVD sweeps:5
pose error:[0.010000 0.015000 0.010000 -0.000000 0.049979 -0.000000]
tau[0:6]:[-0.567483 -0.552304 -0.482512 -0.231067 -0.297494 -0.656094 -0.085004]
kernel exec min/avg/max: 94.79 / 98.64 / 112.88 us, samples:4791
pressure status:1, copy rounds total/window:234/11, 4.99 rounds/s
pressure logical copy:2340.00 MiB total, approx 49.92 MiB/s, checksum:311615815680
pressure report window:2.203352 s
t0_region>
[1]:364
[2]:22
[3]:304
[4]:1205
[5]:1559
[6]:784
[7]:240
[8]:63
[9]:51
[10]:64
[11]:58
[12]:37
[13]:21
[14]:6
[15]:1
[16]:3
[17]:4
[18]:2
[19]:1
[20]:2
[21]:1
[22]:1
[24]:1

t1_region>
[2]:18
[3]:321
[4]:34
[5]:8
[7]:2
[8]:80
[9]:173
[10]:227
[11]:403
[12]:712
[13]:725
[14]:689
[15]:534
[16]:351
[17]:148
[18]:57
[19]:25
[20]:33
[21]:45
[22]:60
[23]:48
[24]:31
[25]:12
[26]:7
[27]:11
[28]:4
[29]:8
[30]:7
[31]:4
[32]:5
[33]:5
[35]:2
[37]:4
[38]:2
[39]:1

t2_region>
[98]:103
[99]:211
[100]:46
[101]:13
[102]:5
[103]:4
[104]:18
[105]:100
[106]:106
[107]:128
[108]:153
[109]:331
[110]:590
[111]:509
[112]:370
[113]:463
[114]:492
[115]:428
[116]:226
[117]:113
[118]:56
[119]:47
[120]:45
[121]:49
[122]:32
[123]:18
[124]:21
[125]:14
[126]:21
[127]:16
[128]:16
[129]:6
[130]:15
[131]:9
[132]:7
[133]:5
[134]:1
[135]:2
[136]:1
[137]:1
[138]:3
[141]:2
[142]:1
[143]:1

t0_min: 1.13 us, round:1718
t0_max: 24.54 us, round:3952
t0_jitter: 23.42 us

t1_min: 2.83 us, round:1952
t1_max: 39.13 us, round:3952
t1_jitter: 36.29 us

t2_min: 98.00 us, round:420
t2_max: 143.54 us, round:4029
t2_jitter: 45.54 us

PMU diff samples: 4804
AVG DIFF LL_CACHE_RD: 137.39
AVG DIFF LL_CACHE_MISS_RD: 96.53
AVG DIFF L2D_CACHE_REFILL: 96.61
AVG DIFF L2D_CACHE_INVAL: 0.00
[cur diff] DIFF LL_CACHE_RD: 65, DIFF LL_CACHE_MISS_RD: 0, MISS_RATE: 0.00%
[cur diff] DIFF L2D_CACHE_REFILL: 0
[cur diff] DIFF L2D_CACHE_INVAL: 0
[max diff] DIFF LL_CACHE_RD: 154, DIFF LL_CACHE_MISS_RD: 123, MISS_RATE: 79.87%
[max diff] DIFF L2D_CACHE_REFILL: 123
[max diff] DIFF L2D_CACHE_INVAL: 0

===========================================================
taskpendcnt:5008
t0:5291 ns
t1:16375 ns
t2:117291 ns
benchmark: Franka-derived Cartesian-impedance kernel, input trace:8, timer period:10.000 ms
controller source: franka_ros2 jazzy@73a1501d, updates:5020, SVD sweeps:5
pose error:[0.010000 0.015000 0.010000 -0.000000 0.049979 -0.000000]
tau[0:6]:[-0.274004 -0.324180 0.001577 -0.231466 0.050986 -0.328952 0.010844]
kernel exec min/avg/max: 94.79 / 98.65 / 112.88 us, samples:5012
pressure status:1, copy rounds total/window:245/11, 4.99 rounds/s
pressure logical copy:2450.00 MiB total, approx 49.93 MiB/s, checksum:326264422400
pressure report window:2.202934 s
t0_region>
[1]:383
[2]:22
[3]:308
[4]:1249
[5]:1648
[6]:826
[7]:252
[8]:65
[9]:51
[10]:67
[11]:59
[12]:39
[13]:23
[14]:6
[15]:1
[16]:3
[17]:4
[18]:2
[19]:1
[20]:2
[21]:1
[22]:1
[24]:1

t1_region>
[2]:19
[3]:337
[4]:35
[5]:9
[7]:2
[8]:80
[9]:173
[10]:229
[11]:425
[12]:738
[13]:766
[14]:726
[15]:571
[16]:364
[17]:160
[18]:60
[19]:25
[20]:33
[21]:47
[22]:63
[23]:50
[24]:31
[25]:13
[26]:7
[27]:11
[28]:4
[29]:8
[30]:7
[31]:4
[32]:5
[33]:5
[35]:2
[37]:4
[38]:2
[39]:1

t2_region>
[98]:103
[99]:225
[100]:50
[101]:14
[102]:6
[103]:4
[104]:18
[105]:100
[106]:106
[107]:128
[108]:155
[109]:345
[110]:614
[111]:540
[112]:387
[113]:492
[114]:521
[115]:455
[116]:234
[117]:124
[118]:57
[119]:47
[120]:51
[121]:49
[122]:32
[123]:19
[124]:21
[125]:14
[126]:22
[127]:16
[128]:16
[129]:6
[130]:15
[131]:9
[132]:7
[133]:5
[134]:1
[135]:2
[136]:1
[137]:1
[138]:3
[141]:2
[142]:1
[143]:1

t0_min: 1.13 us, round:1718
t0_max: 24.54 us, round:3952
t0_jitter: 23.42 us

t1_min: 2.83 us, round:1952
t1_max: 39.13 us, round:3952
t1_jitter: 36.29 us

t2_min: 98.00 us, round:420
t2_max: 143.54 us, round:4029
t2_jitter: 45.54 us

PMU diff samples: 5024
AVG DIFF LL_CACHE_RD: 137.33
AVG DIFF LL_CACHE_MISS_RD: 96.46
AVG DIFF L2D_CACHE_REFILL: 96.54
AVG DIFF L2D_CACHE_INVAL: 0.00
[cur diff] DIFF LL_CACHE_RD: 45, DIFF LL_CACHE_MISS_RD: 0, MISS_RATE: 0.00%
[cur diff] DIFF L2D_CACHE_REFILL: 0
[cur diff] DIFF L2D_CACHE_INVAL: 0
[max diff] DIFF LL_CACHE_RD: 154, DIFF LL_CACHE_MISS_RD: 123, MISS_RATE: 79.87%
[max diff] DIFF L2D_CACHE_REFILL: 123
[max diff] DIFF L2D_CACHE_INVAL: 0

===========================================================
taskpendcnt:5229
t0:5833 ns
t1:14291 ns
t2:112000 ns
benchmark: Franka-derived Cartesian-impedance kernel, input trace:8, timer period:10.000 ms
controller source: franka_ros2 jazzy@73a1501d, updates:5240, SVD sweeps:5
pose error:[0.010000 0.015000 0.010000 -0.000000 0.049979 -0.000000]
tau[0:6]:[-0.567483 -0.552304 -0.482512 -0.231067 -0.297494 -0.656094 -0.085004]
kernel exec min/avg/max: 94.79 / 98.65 / 112.88 us, samples:5232
pressure status:1, copy rounds total/window:255/10, 4.54 rounds/s
pressure logical copy:2550.00 MiB total, approx 45.38 MiB/s, checksum:339581337600
pressure report window:2.203506 s
t0_region>
[1]:400
[2]:24
[3]:312
[4]:1305
[5]:1727
[6]:870
[7]:261
[8]:66
[9]:52
[10]:67
[11]:65
[12]:40
[13]:23
[14]:6
[15]:1
[16]:3
[17]:4
[18]:2
[19]:1
[20]:2
[21]:1
[22]:1
[24]:1

t1_region>
[2]:20
[3]:351
[4]:38
[5]:9
[6]:1
[7]:2
[8]:80
[9]:173
[10]:232
[11]:441
[12]:775
[13]:809
[14]:762
[15]:609
[16]:378
[17]:165
[18]:61
[19]:26
[20]:33
[21]:49
[22]:67
[23]:51
[24]:31
[25]:13
[26]:7
[27]:11
[28]:4
[29]:8
[30]:7
[31]:4
[32]:5
[33]:5
[35]:2
[37]:4
[38]:2
[39]:1

t2_region>
[98]:109
[99]:234
[100]:53
[101]:14
[102]:7
[103]:4
[104]:18
[105]:100
[106]:106
[107]:128
[108]:158
[109]:358
[110]:647
[111]:569
[112]:409
[113]:514
[114]:558
[115]:470
[116]:248
[117]:128
[118]:59
[119]:47
[120]:57
[121]:49
[122]:32
[123]:19
[124]:21
[125]:15
[126]:22
[127]:16
[128]:16
[129]:6
[130]:15
[131]:9
[132]:7
[133]:5
[134]:1
[135]:2
[136]:1
[137]:1
[138]:3
[141]:2
[142]:1
[143]:1

t0_min: 1.13 us, round:1718
t0_max: 24.54 us, round:3952
t0_jitter: 23.42 us

t1_min: 2.83 us, round:1952
t1_max: 39.13 us, round:3952
t1_jitter: 36.29 us

t2_min: 98.00 us, round:420
t2_max: 143.54 us, round:4029
t2_jitter: 45.54 us

PMU diff samples: 5245
AVG DIFF LL_CACHE_RD: 137.19
AVG DIFF LL_CACHE_MISS_RD: 96.36
AVG DIFF L2D_CACHE_REFILL: 96.43
AVG DIFF L2D_CACHE_INVAL: 0.00
[cur diff] DIFF LL_CACHE_RD: 46, DIFF LL_CACHE_MISS_RD: 0, MISS_RATE: 0.00%
[cur diff] DIFF L2D_CACHE_REFILL: 0
[cur diff] DIFF L2D_CACHE_INVAL: 0
[max diff] DIFF LL_CACHE_RD: 154, DIFF LL_CACHE_MISS_RD: 123, MISS_RATE: 79.87%
[max diff] DIFF L2D_CACHE_REFILL: 123
[max diff] DIFF L2D_CACHE_INVAL: 0

===========================================================
taskpendcnt:5449
t0:6375 ns
t1:14833 ns
t2:112250 ns
benchmark: Franka-derived Cartesian-impedance kernel, input trace:8, timer period:10.000 ms
controller source: franka_ros2 jazzy@73a1501d, updates:5460, SVD sweeps:5
pose error:[0.010000 0.015000 0.010000 -0.000000 0.049979 -0.000000]
tau[0:6]:[0.839771 0.130674 0.617691 0.624912 0.653099 -0.592692 0.265887]
kernel exec min/avg/max: 94.79 / 98.65 / 112.88 us, samples:5452
pressure status:1, copy rounds total/window:266/11, 4.99 rounds/s
pressure logical copy:2660.00 MiB total, approx 49.94 MiB/s, checksum:354229944320
pressure report window:2.202699 s
t0_region>
[1]:420
[2]:24
[3]:315
[4]:1343
[5]:1819
[6]:915
[7]:275
[8]:66
[9]:52
[10]:70
[11]:67
[12]:42
[13]:23
[14]:7
[15]:1
[16]:3
[17]:4
[18]:2
[19]:1
[20]:3
[21]:1
[22]:1
[24]:1

t1_region>
[2]:21
[3]:368
[4]:39
[5]:9
[6]:1
[7]:2
[8]:80
[9]:174
[10]:237
[11]:457
[12]:798
[13]:845
[14]:808
[15]:644
[16]:397
[17]:174
[18]:63
[19]:27
[20]:33
[21]:50
[22]:72
[23]:51
[24]:31
[25]:14
[26]:7
[27]:11
[28]:4
[29]:8
[30]:7
[31]:4
[32]:5
[33]:5
[34]:1
[35]:2
[37]:4
[38]:2
[39]:1

t2_region>
[98]:112
[99]:248
[100]:54
[101]:14
[102]:8
[103]:4
[104]:18
[105]:100
[106]:106
[107]:129
[108]:161
[109]:370
[110]:673
[111]:595
[112]:429
[113]:538
[114]:587
[115]:495
[116]:263
[117]:140
[118]:59
[119]:48
[120]:59
[121]:52
[122]:32
[123]:19
[124]:22
[125]:15
[126]:22
[127]:16
[128]:16
[129]:6
[130]:15
[131]:9
[132]:7
[133]:5
[134]:1
[135]:2
[136]:1
[137]:1
[138]:3
[140]:1
[141]:2
[142]:1
[143]:1

t0_min: 1.13 us, round:1718
t0_max: 24.54 us, round:3952
t0_jitter: 23.42 us

t1_min: 2.83 us, round:1952
t1_max: 39.13 us, round:3952
t1_jitter: 36.29 us

t2_min: 98.00 us, round:420
t2_max: 143.54 us, round:4029
t2_jitter: 45.54 us

PMU diff samples: 5465
AVG DIFF LL_CACHE_RD: 137.13
AVG DIFF LL_CACHE_MISS_RD: 96.32
AVG DIFF L2D_CACHE_REFILL: 96.40
AVG DIFF L2D_CACHE_INVAL: 0.00
[cur diff] DIFF LL_CACHE_RD: 32, DIFF LL_CACHE_MISS_RD: 0, MISS_RATE: 0.00%
[cur diff] DIFF L2D_CACHE_REFILL: 0
[cur diff] DIFF L2D_CACHE_INVAL: 0
[max diff] DIFF LL_CACHE_RD: 154, DIFF LL_CACHE_MISS_RD: 123, MISS_RATE: 79.87%
[max diff] DIFF L2D_CACHE_REFILL: 123
[max diff] DIFF L2D_CACHE_INVAL: 0

===========================================================
taskpendcnt:5669
t0:6125 ns
t1:13416 ns
t2:114041 ns
benchmark: Franka-derived Cartesian-impedance kernel, input trace:8, timer period:10.000 ms
controller source: franka_ros2 jazzy@73a1501d, updates:5681, SVD sweeps:5
pose error:[0.010000 0.015000 0.010000 -0.000000 0.049979 -0.000000]
tau[0:6]:[-2.781770 -1.613002 -1.930139 -1.581803 -1.382951 -0.390599 -0.663394]
kernel exec min/avg/max: 94.79 / 98.65 / 112.88 us, samples:5673
pressure status:1, copy rounds total/window:277/11, 4.99 rounds/s
pressure logical copy:2770.00 MiB total, approx 49.89 MiB/s, checksum:368878551040
pressure report window:2.204756 s
t0_region>
[1]:438
[2]:25
[3]:321
[4]:1394
[5]:1905
[6]:953
[7]:286
[8]:66
[9]:52
[10]:72
[11]:70
[12]:44
[13]:25
[14]:7
[15]:1
[16]:3
[17]:4
[18]:2
[19]:1
[20]:3
[21]:1
[22]:1
[24]:1

t1_region>
[2]:23
[3]:385
[4]:39
[5]:10
[6]:1
[7]:2
[8]:80
[9]:174
[10]:238
[11]:478
[12]:835
[13]:887
[14]:840
[15]:670
[16]:418
[17]:184
[18]:65
[19]:27
[20]:34
[21]:51
[22]:72
[23]:56
[24]:32
[25]:14
[26]:7
[27]:12
[28]:4
[29]:8
[30]:7
[31]:4
[32]:5
[33]:5
[34]:1
[35]:2
[37]:4
[38]:2
[39]:1

t2_region>
[98]:119
[99]:259
[100]:55
[101]:14
[102]:8
[103]:5
[104]:18
[105]:100
[106]:106
[107]:129
[108]:162
[109]:389
[110]:706
[111]:626
[112]:439
[113]:563
[114]:613
[115]:517
[116]:277
[117]:147
[118]:61
[119]:50
[120]:60
[121]:56
[122]:32
[123]:21
[124]:22
[125]:15
[126]:22
[127]:17
[128]:17
[129]:6
[130]:15
[131]:9
[132]:7
[133]:5
[134]:1
[135]:2
[136]:1
[137]:1
[138]:3
[140]:1
[141]:2
[142]:1
[143]:1

t0_min: 1.13 us, round:1718
t0_max: 24.54 us, round:3952
t0_jitter: 23.42 us

t1_min: 2.83 us, round:1952
t1_max: 39.13 us, round:3952
t1_jitter: 36.29 us

t2_min: 98.00 us, round:420
t2_max: 143.54 us, round:4029
t2_jitter: 45.54 us

PMU diff samples: 5686
AVG DIFF LL_CACHE_RD: 137.04
AVG DIFF LL_CACHE_MISS_RD: 96.29
AVG DIFF L2D_CACHE_REFILL: 96.37
AVG DIFF L2D_CACHE_INVAL: 0.00
[cur diff] DIFF LL_CACHE_RD: 48, DIFF LL_CACHE_MISS_RD: 0, MISS_RATE: 0.00%
[cur diff] DIFF L2D_CACHE_REFILL: 0
[cur diff] DIFF L2D_CACHE_INVAL: 0
[max diff] DIFF LL_CACHE_RD: 154, DIFF LL_CACHE_MISS_RD: 123, MISS_RATE: 79.87%
[max diff] DIFF L2D_CACHE_REFILL: 123
[max diff] DIFF L2D_CACHE_INVAL: 0

===========================================================
taskpendcnt:5890
t0:5208 ns
t1:13083 ns
t2:112833 ns
benchmark: Franka-derived Cartesian-impedance kernel, input trace:8, timer period:10.000 ms
controller source: franka_ros2 jazzy@73a1501d, updates:5901, SVD sweeps:5
pose error:[0.010000 0.015000 0.010000 -0.000000 0.049979 -0.000000]
tau[0:6]:[1.228026 0.081850 0.819520 0.875435 0.745706 -0.833381 0.398995]
kernel exec min/avg/max: 94.79 / 98.65 / 112.88 us, samples:5893
pressure status:1, copy rounds total/window:287/10, 4.54 rounds/s
pressure logical copy:2870.00 MiB total, approx 45.36 MiB/s, checksum:382195466240
pressure report window:2.204683 s
t0_region>
[1]:457
[2]:25
[3]:325
[4]:1438
[5]:1992
[6]:997
[7]:299
[8]:67
[9]:52
[10]:74
[11]:71
[12]:47
[13]:26
[14]:8
[15]:1
[16]:3
[17]:4
[18]:2
[19]:1
[20]:3
[21]:1
[22]:1
[24]:1

t1_region>
[2]:23
[3]:403
[4]:40
[5]:10
[6]:1
[7]:2
[8]:80
[9]:174
[10]:243
[11]:495
[12]:867
[13]:916
[14]:881
[15]:703
[16]:444
[17]:192
[18]:66
[19]:28
[20]:35
[21]:51
[22]:73
[23]:59
[24]:34
[25]:15
[26]:7
[27]:12
[28]:4
[29]:8
[30]:7
[31]:4
[32]:5
[33]:5
[34]:1
[35]:2
[37]:4
[38]:2
[39]:1

t2_region>
[98]:122
[99]:273
[100]:56
[101]:15
[102]:8
[103]:5
[104]:18
[105]:100
[106]:106
[107]:129
[108]:165
[109]:404
[110]:737
[111]:644
[112]:462
[113]:584
[114]:642
[115]:543
[116]:294
[117]:155
[118]:63
[119]:50
[120]:60
[121]:58
[122]:34
[123]:23
[124]:23
[125]:15
[126]:23
[127]:17
[128]:17
[129]:6
[130]:15
[131]:9
[132]:7
[133]:5
[134]:1
[135]:2
[136]:1
[137]:1
[138]:3
[140]:1
[141]:2
[142]:1
[143]:1

t0_min: 1.13 us, round:1718
t0_max: 24.54 us, round:3952
t0_jitter: 23.42 us

t1_min: 2.83 us, round:1952
t1_max: 39.13 us, round:3952
t1_jitter: 36.29 us

t2_min: 98.00 us, round:420
t2_max: 143.54 us, round:4029
t2_jitter: 45.54 us

PMU diff samples: 5906
AVG DIFF LL_CACHE_RD: 137.02
AVG DIFF LL_CACHE_MISS_RD: 96.24
AVG DIFF L2D_CACHE_REFILL: 96.32
AVG DIFF L2D_CACHE_INVAL: 0.00
[cur diff] DIFF LL_CACHE_RD: 39, DIFF LL_CACHE_MISS_RD: 0, MISS_RATE: 0.00%
[cur diff] DIFF L2D_CACHE_REFILL: 0
[cur diff] DIFF L2D_CACHE_INVAL: 0
[max diff] DIFF LL_CACHE_RD: 154, DIFF LL_CACHE_MISS_RD: 123, MISS_RATE: 79.87%
[max diff] DIFF L2D_CACHE_REFILL: 123
[max diff] DIFF L2D_CACHE_INVAL: 0

===========================================================
taskpendcnt:6110
t0:4958 ns
t1:12541 ns
t2:112000 ns
benchmark: Franka-derived Cartesian-impedance kernel, input trace:8, timer period:10.000 ms
controller source: franka_ros2 jazzy@73a1501d, updates:6122, SVD sweeps:5
pose error:[0.010000 0.015000 0.010000 -0.000000 0.049979 -0.000000]
tau[0:6]:[-2.379368 -1.292411 -1.655224 -1.570015 -1.185234 -0.066588 -0.610247]
kernel exec min/avg/max: 94.79 / 98.66 / 112.88 us, samples:6114
pressure status:1, copy rounds total/window:298/11, 4.99 rounds/s
pressure logical copy:2980.00 MiB total, approx 49.89 MiB/s, checksum:396844072960
pressure report window:2.204792 s
t0_region>
[1]:476
[2]:26
[3]:328
[4]:1486
[5]:2072
[6]:1048
[7]:307
[8]:69
[9]:53
[10]:75
[11]:74
[12]:50
[13]:27
[14]:8
[15]:1
[16]:3
[17]:4
[18]:2
[19]:1
[20]:3
[21]:1
[22]:1
[24]:1

t1_region>
[2]:24
[3]:420
[4]:41
[5]:11
[6]:1
[7]:2
[8]:80
[9]:175
[10]:244
[11]:509
[12]:903
[13]:955
[14]:912
[15]:742
[16]:462
[17]:203
[18]:68
[19]:28
[20]:36
[21]:53
[22]:76
[23]:60
[24]:35
[25]:15
[26]:8
[27]:12
[28]:4
[29]:8
[30]:7
[31]:4
[32]:5
[33]:5
[34]:1
[35]:2
[37]:4
[38]:2
[39]:1

t2_region>
[98]:127
[99]:286
[100]:57
[101]:15
[102]:8
[103]:6
[104]:18
[105]:100
[106]:106
[107]:130
[108]:168
[109]:414
[110]:770
[111]:670
[112]:477
[113]:608
[114]:666
[115]:578
[116]:309
[117]:159
[118]:64
[119]:53
[120]:63
[121]:59
[122]:34
[123]:23
[124]:25
[125]:16
[126]:23
[127]:17
[128]:17
[129]:6
[130]:15
[131]:9
[132]:7
[133]:5
[134]:1
[135]:2
[136]:1
[137]:1
[138]:3
[140]:1
[141]:2
[142]:1
[143]:1

t0_min: 1.13 us, round:1718
t0_max: 24.54 us, round:3952
t0_jitter: 23.42 us

t1_min: 2.83 us, round:1952
t1_max: 39.13 us, round:3952
t1_jitter: 36.29 us

t2_min: 98.00 us, round:420
t2_max: 143.54 us, round:4029
t2_jitter: 45.54 us

PMU diff samples: 6127
AVG DIFF LL_CACHE_RD: 136.93
AVG DIFF LL_CACHE_MISS_RD: 96.18
AVG DIFF L2D_CACHE_REFILL: 96.25
AVG DIFF L2D_CACHE_INVAL: 0.00
[cur diff] DIFF LL_CACHE_RD: 49, DIFF LL_CACHE_MISS_RD: 0, MISS_RATE: 0.00%
[cur diff] DIFF L2D_CACHE_REFILL: 0
[cur diff] DIFF L2D_CACHE_INVAL: 0
[max diff] DIFF LL_CACHE_RD: 154, DIFF LL_CACHE_MISS_RD: 123, MISS_RATE: 79.87%
[max diff] DIFF L2D_CACHE_REFILL: 123
[max diff] DIFF L2D_CACHE_INVAL: 0

===========================================================
taskpendcnt:6331
t0:6958 ns
t1:17166 ns
t2:116916 ns
benchmark: Franka-derived Cartesian-impedance kernel, input trace:8, timer period:10.000 ms
controller source: franka_ros2 jazzy@73a1501d, updates:6342, SVD sweeps:5
pose error:[0.010000 0.015000 0.010000 -0.000000 0.049979 -0.000000]
tau[0:6]:[1.228026 0.081850 0.819520 0.875435 0.745706 -0.833381 0.398995]
kernel exec min/avg/max: 94.79 / 98.66 / 112.88 us, samples:6334
pressure status:1, copy rounds total/window:309/11, 4.99 rounds/s
pressure logical copy:3090.00 MiB total, approx 49.89 MiB/s, checksum:411492679680
pressure report window:2.204720 s
t0_region>
[1]:495
[2]:26
[3]:334
[4]:1534
[5]:2157
[6]:1094
[7]:314
[8]:69
[9]:55
[10]:76
[11]:76
[12]:51
[13]:30
[14]:8
[15]:1
[16]:3
[17]:4
[18]:2
[19]:1
[20]:3
[21]:1
[22]:1
[24]:1

t1_region>
[2]:25
[3]:436
[4]:43
[5]:11
[6]:1
[7]:2
[8]:80
[9]:175
[10]:249
[11]:521
[12]:937
[13]:996
[14]:951
[15]:776
[16]:481
[17]:209
[18]:70
[19]:29
[20]:37
[21]:54
[22]:78
[23]:64
[24]:35
[25]:15
[26]:8
[27]:12
[28]:4
[29]:8
[30]:7
[31]:4
[32]:5
[33]:5
[34]:1
[35]:2
[37]:4
[38]:2
[39]:1

t2_region>
[98]:133
[99]:297
[100]:59
[101]:15
[102]:8
[103]:6
[104]:18
[105]:100
[106]:106
[107]:130
[108]:171
[109]:424
[110]:802
[111]:696
[112]:504
[113]:631
[114]:692
[115]:597
[116]:322
[117]:168
[118]:69
[119]:54
[120]:66
[121]:61
[122]:35
[123]:23
[124]:25
[125]:16
[126]:24
[127]:17
[128]:17
[129]:6
[130]:15
[131]:9
[132]:7
[133]:5
[134]:1
[135]:2
[136]:1
[137]:1
[138]:3
[140]:1
[141]:2
[142]:1
[143]:1

t0_min: 1.13 us, round:1718
t0_max: 24.54 us, round:3952
t0_jitter: 23.42 us

t1_min: 2.83 us, round:1952
t1_max: 39.13 us, round:3952
t1_jitter: 36.29 us

t2_min: 98.00 us, round:420
t2_max: 143.54 us, round:4029
t2_jitter: 45.54 us

PMU diff samples: 6347
AVG DIFF LL_CACHE_RD: 136.84
AVG DIFF LL_CACHE_MISS_RD: 96.13
AVG DIFF L2D_CACHE_REFILL: 96.20
AVG DIFF L2D_CACHE_INVAL: 0.00
[cur diff] DIFF LL_CACHE_RD: 39, DIFF LL_CACHE_MISS_RD: 0, MISS_RATE: 0.00%
[cur diff] DIFF L2D_CACHE_REFILL: 0
[cur diff] DIFF L2D_CACHE_INVAL: 0
[max diff] DIFF LL_CACHE_RD: 154, DIFF LL_CACHE_MISS_RD: 123, MISS_RATE: 79.87%
[max diff] DIFF L2D_CACHE_REFILL: 123
[max diff] DIFF L2D_CACHE_INVAL: 0

===========================================================
taskpendcnt:6551
t0:4375 ns
t1:10500 ns
t2:109375 ns
benchmark: Franka-derived Cartesian-impedance kernel, input trace:8, timer period:10.000 ms
controller source: franka_ros2 jazzy@73a1501d, updates:6563, SVD sweeps:5
pose error:[0.010000 0.015000 0.010000 -0.000000 0.049979 -0.000000]
tau[0:6]:[-1.839419 -0.921560 -1.193198 -1.195971 -0.861243 0.113634 -0.461388]
kernel exec min/avg/max: 94.79 / 98.65 / 112.88 us, samples:6555
pressure status:1, copy rounds total/window:319/10, 4.53 rounds/s
pressure logical copy:3190.00 MiB total, approx 45.34 MiB/s, checksum:424809594880
pressure report window:2.205643 s
t0_region>
[1]:515
[2]:26
[3]:335
[4]:1596
[5]:2236
[6]:1131
[7]:324
[8]:73
[9]:57
[10]:76
[11]:79
[12]:54
[13]:30
[14]:8
[15]:1
[16]:3
[17]:4
[18]:2
[19]:1
[20]:3
[21]:1
[22]:1
[24]:1

t1_region>
[2]:26
[3]:452
[4]:45
[5]:12
[6]:1
[7]:2
[8]:80
[9]:175
[10]:252
[11]:540
[12]:972
[13]:1044
[14]:980
[15]:804
[16]:502
[17]:217
[18]:71
[19]:30
[20]:39
[21]:55
[22]:80
[23]:66
[24]:36
[25]:15
[26]:8
[27]:12
[28]:4
[29]:8
[30]:7
[31]:4
[32]:5
[33]:5
[34]:1
[35]:2
[37]:4
[38]:2
[39]:1

t2_region>
[98]:138
[99]:308
[100]:61
[101]:16
[102]:9
[103]:6
[104]:18
[105]:100
[106]:106
[107]:130
[108]:173
[109]:445
[110]:832
[111]:726
[112]:525
[113]:647
[114]:719
[115]:626
[116]:332
[117]:174
[118]:71
[119]:55
[120]:67
[121]:63
[122]:36
[123]:24
[124]:25
[125]:17
[126]:24
[127]:17
[128]:17
[129]:6
[130]:15
[131]:9
[132]:7
[133]:5
[134]:1
[135]:2
[136]:1
[137]:1
[138]:3
[140]:1
[141]:2
[142]:1
[143]:1

t0_min: 1.13 us, round:1718
t0_max: 24.54 us, round:3952
t0_jitter: 23.42 us

t1_min: 2.83 us, round:1952
t1_max: 39.13 us, round:3952
t1_jitter: 36.29 us

t2_min: 98.00 us, round:420
t2_max: 143.54 us, round:4029
t2_jitter: 45.54 us

PMU diff samples: 6568
AVG DIFF LL_CACHE_RD: 136.73
AVG DIFF LL_CACHE_MISS_RD: 96.06
AVG DIFF L2D_CACHE_REFILL: 96.13
AVG DIFF L2D_CACHE_INVAL: 0.00
[cur diff] DIFF LL_CACHE_RD: 34, DIFF LL_CACHE_MISS_RD: 0, MISS_RATE: 0.00%
[cur diff] DIFF L2D_CACHE_REFILL: 2
[cur diff] DIFF L2D_CACHE_INVAL: 0
[max diff] DIFF LL_CACHE_RD: 154, DIFF LL_CACHE_MISS_RD: 123, MISS_RATE: 79.87%
[max diff] DIFF L2D_CACHE_REFILL: 123
[max diff] DIFF L2D_CACHE_INVAL: 0

===========================================================
taskpendcnt:6772
t0:7833 ns
t1:20083 ns
t2:117791 ns
benchmark: Franka-derived Cartesian-impedance kernel, input trace:8, timer period:10.000 ms
controller source: franka_ros2 jazzy@73a1501d, updates:6783, SVD sweeps:5
pose error:[0.010000 0.015000 0.010000 -0.000000 0.049979 -0.000000]
tau[0:6]:[-0.567483 -0.552304 -0.482512 -0.231067 -0.297494 -0.656094 -0.085004]
kernel exec min/avg/max: 94.79 / 98.66 / 112.88 us, samples:6775
pressure status:1, copy rounds total/window:330/11, 4.99 rounds/s
pressure logical copy:3300.00 MiB total, approx 49.88 MiB/s, checksum:439458201600
pressure report window:2.205308 s
t0_region>
[1]:535
[2]:26
[3]:340
[4]:1644
[5]:2319
[6]:1175
[7]:335
[8]:75
[9]:58
[10]:78
[11]:80
[12]:57
[13]:30
[14]:9
[15]:1
[16]:3
[17]:4
[18]:2
[19]:1
[20]:3
[21]:1
[22]:1
[24]:1

t1_region>
[2]:29
[3]:465
[4]:48
[5]:12
[6]:1
[7]:2
[8]:80
[9]:175
[10]:255
[11]:556
[12]:1006
[13]:1077
[14]:1020
[15]:846
[16]:519
[17]:222
[18]:74
[19]:30
[20]:40
[21]:58
[22]:82
[23]:66
[24]:38
[25]:15
[26]:8
[27]:12
[28]:4
[29]:8
[30]:7
[31]:4
[32]:5
[33]:5
[34]:1
[35]:2
[37]:4
[38]:2
[39]:1

t2_region>
[98]:143
[99]:316
[100]:64
[101]:18
[102]:10
[103]:6
[104]:18
[105]:100
[106]:106
[107]:130
[108]:177
[109]:453
[110]:867
[111]:750
[112]:546
[113]:666
[114]:754
[115]:651
[116]:345
[117]:181
[118]:74
[119]:57
[120]:68
[121]:64
[122]:38
[123]:25
[124]:25
[125]:17
[126]:24
[127]:17
[128]:17
[129]:6
[130]:15
[131]:9
[132]:7
[133]:5
[134]:1
[135]:2
[136]:1
[137]:1
[138]:3
[140]:1
[141]:2
[142]:1
[143]:1

t0_min: 1.13 us, round:1718
t0_max: 24.54 us, round:3952
t0_jitter: 23.42 us

t1_min: 2.83 us, round:1952
t1_max: 39.13 us, round:3952
t1_jitter: 36.29 us

t2_min: 98.00 us, round:420
t2_max: 143.54 us, round:4029
t2_jitter: 45.54 us

PMU diff samples: 6788
AVG DIFF LL_CACHE_RD: 136.71
AVG DIFF LL_CACHE_MISS_RD: 96.04
AVG DIFF L2D_CACHE_REFILL: 96.11
AVG DIFF L2D_CACHE_INVAL: 0.00
[cur diff] DIFF LL_CACHE_RD: 38, DIFF LL_CACHE_MISS_RD: 0, MISS_RATE: 0.00%
[cur diff] DIFF L2D_CACHE_REFILL: 0
[cur diff] DIFF L2D_CACHE_INVAL: 0
[max diff] DIFF LL_CACHE_RD: 154, DIFF LL_CACHE_MISS_RD: 123, MISS_RATE: 79.87%
[max diff] DIFF L2D_CACHE_REFILL: 123
[max diff] DIFF L2D_CACHE_INVAL: 0

===========================================================
taskpendcnt:6993
t0:6125 ns
t1:15750 ns
t2:115791 ns
benchmark: Franka-derived Cartesian-impedance kernel, input trace:8, timer period:10.000 ms
controller source: franka_ros2 jazzy@73a1501d, updates:7004, SVD sweeps:5
pose error:[0.010000 0.015000 0.010000 -0.000000 0.049979 -0.000000]
tau[0:6]:[-0.274004 -0.324180 0.001577 -0.231466 0.050986 -0.328952 0.010844]
kernel exec min/avg/max: 94.79 / 98.66 / 112.88 us, samples:6996
pressure status:1, copy rounds total/window:341/11, 4.99 rounds/s
pressure logical copy:3410.00 MiB total, approx 49.89 MiB/s, checksum:454106808320
pressure report window:2.205002 s
t0_region>
[1]:552
[2]:28
[3]:343
[4]:1700
[5]:2396
[6]:1222
[7]:346
[8]:75
[9]:59
[10]:81
[11]:82
[12]:58
[13]:30
[14]:9
[15]:1
[16]:3
[17]:4
[18]:2
[19]:1
[20]:3
[21]:1
[22]:1
[24]:1

t1_region>
[2]:31
[3]:481
[4]:48
[5]:14
[6]:1
[7]:2
[8]:80
[9]:175
[10]:257
[11]:572
[12]:1046
[13]:1112
[14]:1063
[15]:875
[16]:539
[17]:228
[18]:76
[19]:31
[20]:42
[21]:61
[22]:83
[23]:67
[24]:38
[25]:15
[26]:8
[27]:12
[28]:4
[29]:8
[30]:7
[31]:4
[32]:5
[33]:5
[34]:1
[35]:2
[37]:4
[38]:2
[39]:1

t2_region>
[98]:145
[99]:329
[100]:67
[101]:18
[102]:10
[103]:7
[104]:18
[105]:101
[106]:106
[107]:130
[108]:180
[109]:466
[110]:896
[111]:771
[112]:580
[113]:692
[114]:779
[115]:673
[116]:358
[117]:185
[118]:78
[119]:60
[120]:71
[121]:65
[122]:38
[123]:25
[124]:25
[125]:17
[126]:24
[127]:17
[128]:17
[129]:6
[130]:15
[131]:9
[132]:7
[133]:5
[134]:1
[135]:2
[136]:1
[137]:1
[138]:3
[140]:1
[141]:2
[142]:1
[143]:1

t0_min: 1.13 us, round:1718
t0_max: 24.54 us, round:3952
t0_jitter: 23.42 us

t1_min: 2.83 us, round:1952
t1_max: 39.13 us, round:3952
t1_jitter: 36.29 us

t2_min: 98.00 us, round:420
t2_max: 143.54 us, round:4029
t2_jitter: 45.54 us

PMU diff samples: 7009
AVG DIFF LL_CACHE_RD: 136.62
AVG DIFF LL_CACHE_MISS_RD: 95.97
AVG DIFF L2D_CACHE_REFILL: 96.03
AVG DIFF L2D_CACHE_INVAL: 0.00
[cur diff] DIFF LL_CACHE_RD: 43, DIFF LL_CACHE_MISS_RD: 0, MISS_RATE: 0.00%
[cur diff] DIFF L2D_CACHE_REFILL: 0
[cur diff] DIFF L2D_CACHE_INVAL: 0
[max diff] DIFF LL_CACHE_RD: 154, DIFF LL_CACHE_MISS_RD: 123, MISS_RATE: 79.87%
[max diff] DIFF L2D_CACHE_REFILL: 123
[max diff] DIFF L2D_CACHE_INVAL: 0

===========================================================
taskpendcnt:7213
t0:4916 ns
t1:11041 ns
t2:108750 ns
benchmark: Franka-derived Cartesian-impedance kernel, input trace:8, timer period:10.000 ms
controller source: franka_ros2 jazzy@73a1501d, updates:7224, SVD sweeps:5
pose error:[0.010000 0.015000 0.010000 -0.000000 0.049979 -0.000000]
tau[0:6]:[-2.781770 -1.613002 -1.930139 -1.581803 -1.382951 -0.390599 -0.663394]
kernel exec min/avg/max: 94.79 / 98.66 / 112.88 us, samples:7216
pressure status:1, copy rounds total/window:351/10, 4.53 rounds/s
pressure logical copy:3510.00 MiB total, approx 45.34 MiB/s, checksum:467423723520
pressure report window:2.205493 s
t0_region>
[1]:572
[2]:28
[3]:346
[4]:1742
[5]:2486
[6]:1262
[7]:363
[8]:75
[9]:59
[10]:85
[11]:83
[12]:60
[13]:32
[14]:9
[15]:1
[16]:3
[17]:4
[18]:2
[19]:1
[20]:3
[21]:1
[22]:1
[24]:1

t1_region>
[2]:31
[3]:498
[4]:50
[5]:14
[6]:1
[7]:2
[8]:80
[9]:176
[10]:258
[11]:593
[12]:1087
[13]:1140
[14]:1102
[15]:901
[16]:560
[17]:240
[18]:78
[19]:32
[20]:42
[21]:64
[22]:84
[23]:70
[24]:39
[25]:15
[26]:8
[27]:12
[28]:4
[29]:8
[30]:7
[31]:4
[32]:5
[33]:5
[34]:1
[35]:2
[37]:4
[38]:2
[39]:1

t2_region>
[98]:147
[99]:343
[100]:68
[101]:20
[102]:10
[103]:7
[104]:18
[105]:101
[106]:106
[107]:130
[108]:184
[109]:485
[110]:929
[111]:795
[112]:603
[113]:709
[114]:802
[115]:692
[116]:376
[117]:196
[118]:80
[119]:63
[120]:72
[121]:68
[122]:38
[123]:25
[124]:25
[125]:17
[126]:25
[127]:17
[128]:17
[129]:6
[130]:15
[131]:9
[132]:7
[133]:5
[134]:1
[135]:2
[136]:1
[137]:1
[138]:3
[140]:1
[141]:2
[142]:1
[143]:1

t0_min: 1.13 us, round:1718
t0_max: 24.54 us, round:3952
t0_jitter: 23.42 us

t1_min: 2.83 us, round:1952
t1_max: 39.13 us, round:3952
t1_jitter: 36.29 us

t2_min: 98.00 us, round:420
t2_max: 143.54 us, round:4029
t2_jitter: 45.54 us

PMU diff samples: 7229
AVG DIFF LL_CACHE_RD: 136.57
AVG DIFF LL_CACHE_MISS_RD: 95.92
AVG DIFF L2D_CACHE_REFILL: 95.99
AVG DIFF L2D_CACHE_INVAL: 0.00
[cur diff] DIFF LL_CACHE_RD: 41, DIFF LL_CACHE_MISS_RD: 0, MISS_RATE: 0.00%
[cur diff] DIFF L2D_CACHE_REFILL: 0
[cur diff] DIFF L2D_CACHE_INVAL: 0
[max diff] DIFF LL_CACHE_RD: 154, DIFF LL_CACHE_MISS_RD: 123, MISS_RATE: 79.87%
[max diff] DIFF L2D_CACHE_REFILL: 123
[max diff] DIFF L2D_CACHE_INVAL: 0

===========================================================
taskpendcnt:7434
t0:7000 ns
t1:16041 ns
t2:115208 ns
benchmark: Franka-derived Cartesian-impedance kernel, input trace:8, timer period:10.000 ms
controller source: franka_ros2 jazzy@73a1501d, updates:7445, SVD sweeps:5
pose error:[0.010000 0.015000 0.010000 -0.000000 0.049979 -0.000000]
tau[0:6]:[0.839771 0.130674 0.617691 0.624912 0.653099 -0.592692 0.265887]
kernel exec min/avg/max: 94.79 / 98.70 / 112.88 us, samples:7437
pressure status:1, copy rounds total/window:362/11, 4.99 rounds/s
pressure logical copy:3620.00 MiB total, approx 49.88 MiB/s, checksum:482072330240
pressure report window:2.205396 s
t0_region>
[1]:590
[2]:28
[3]:363
[4]:1781
[5]:2518
[6]:1289
[7]:384
[8]:97
[9]:67
[10]:94
[11]:91
[12]:67
[13]:36
[14]:11
[15]:4
[16]:3
[17]:5
[18]:3
[19]:1
[20]:4
[21]:1
[22]:1
[24]:1

t1_region>
[2]:32
[3]:513
[4]:52
[5]:15
[6]:1
[7]:2
[8]:84
[9]:183
[10]:273
[11]:603
[12]:1101
[13]:1158
[14]:1115
[15]:912
[16]:572
[17]:249
[18]:93
[19]:43
[20]:51
[21]:71
[22]:88
[23]:74
[24]:41
[25]:21
[26]:13
[27]:15
[28]:7
[29]:16
[30]:10
[31]:7
[32]:6
[33]:5
[34]:2
[35]:2
[36]:2
[37]:5
[38]:3
[39]:1

t2_region>
[98]:150
[99]:356
[100]:68
[101]:21
[102]:12
[103]:7
[104]:18
[105]:102
[106]:108
[107]:137
[108]:195
[109]:492
[110]:942
[111]:805
[112]:613
[113]:721
[114]:815
[115]:699
[116]:380
[117]:206
[118]:89
[119]:73
[120]:79
[121]:76
[122]:44
[123]:31
[124]:28
[125]:20
[126]:31
[127]:21
[128]:23
[129]:8
[130]:18
[131]:17
[132]:13
[133]:7
[134]:3
[135]:2
[136]:2
[137]:2
[138]:4
[140]:2
[141]:2
[142]:1
[143]:1

t0_min: 1.13 us, round:1718
t0_max: 24.54 us, round:3952
t0_jitter: 23.42 us

t1_min: 2.83 us, round:1952
t1_max: 39.13 us, round:3952
t1_jitter: 36.29 us

t2_min: 98.00 us, round:420
t2_max: 143.54 us, round:4029
t2_jitter: 45.54 us

PMU diff samples: 7450
AVG DIFF LL_CACHE_RD: 136.52
AVG DIFF LL_CACHE_MISS_RD: 95.81
AVG DIFF L2D_CACHE_REFILL: 95.88
AVG DIFF L2D_CACHE_INVAL: 0.00
[cur diff] DIFF LL_CACHE_RD: 39, DIFF LL_CACHE_MISS_RD: 0, MISS_RATE: 0.00%
[cur diff] DIFF L2D_CACHE_REFILL: 0
[cur diff] DIFF L2D_CACHE_INVAL: 0
[max diff] DIFF LL_CACHE_RD: 154, DIFF LL_CACHE_MISS_RD: 123, MISS_RATE: 79.87%
[max diff] DIFF L2D_CACHE_REFILL: 123
[max diff] DIFF L2D_CACHE_INVAL: 0

===========================================================
taskpendcnt:7654
t0:5208 ns
t1:10541 ns
t2:110000 ns
benchmark: Franka-derived Cartesian-impedance kernel, input trace:8, timer period:10.000 ms
controller source: franka_ros2 jazzy@73a1501d, updates:7666, SVD sweeps:5
pose error:[0.010000 0.015000 0.010000 -0.000000 0.049979 -0.000000]
tau[0:6]:[-2.379368 -1.292411 -1.655224 -1.570015 -1.185234 -0.066588 -0.610247]
kernel exec min/avg/max: 94.79 / 98.70 / 112.88 us, samples:7658
pressure status:1, copy rounds total/window:372/10, 4.53 rounds/s
pressure logical copy:3720.00 MiB total, approx 45.31 MiB/s, checksum:495389245440
pressure report window:2.206778 s
t0_region>
[1]:610
[2]:28
[3]:365
[4]:1830
[5]:2612
[6]:1322
[7]:397
[8]:98
[9]:67
[10]:95
[11]:96
[12]:70
[13]:36
[14]:11
[15]:4
[16]:3
[17]:5
[18]:3
[19]:1
[20]:4
[21]:1
[22]:1
[24]:1

t1_region>
[2]:33
[3]:530
[4]:54
[5]:15
[6]:1
[7]:2
[8]:84
[9]:183
[10]:276
[11]:616
[12]:1138
[13]:1203
[14]:1148
[15]:944
[16]:589
[17]:258
[18]:95
[19]:43
[20]:52
[21]:71
[22]:95
[23]:76
[24]:41
[25]:21
[26]:13
[27]:15
[28]:7
[29]:16
[30]:10
[31]:7
[32]:6
[33]:5
[34]:2
[35]:2
[36]:2
[37]:5
[38]:3
[39]:1

t2_region>
[98]:153
[99]:369
[100]:71
[101]:21
[102]:13
[103]:7
[104]:18
[105]:102
[106]:108
[107]:137
[108]:197
[109]:503
[110]:968
[111]:838
[112]:630
[113]:745
[114]:837
[115]:736
[116]:390
[117]:214
[118]:91
[119]:73
[120]:82
[121]:80
[122]:45
[123]:32
[124]:28
[125]:20
[126]:31
[127]:21
[128]:23
[129]:8
[130]:18
[131]:17
[132]:13
[133]:7
[134]:3
[135]:2
[136]:2
[137]:2
[138]:4
[140]:2
[141]:2
[142]:1
[143]:1

t0_min: 1.13 us, round:1718
t0_max: 24.54 us, round:3952
t0_jitter: 23.42 us

t1_min: 2.83 us, round:1952
t1_max: 39.13 us, round:3952
t1_jitter: 36.29 us

t2_min: 98.00 us, round:420
t2_max: 143.54 us, round:4029
t2_jitter: 45.54 us

PMU diff samples: 7671
AVG DIFF LL_CACHE_RD: 136.45
AVG DIFF LL_CACHE_MISS_RD: 95.79
AVG DIFF L2D_CACHE_REFILL: 95.85
AVG DIFF L2D_CACHE_INVAL: 0.00
[cur diff] DIFF LL_CACHE_RD: 51, DIFF LL_CACHE_MISS_RD: 0, MISS_RATE: 0.00%
[cur diff] DIFF L2D_CACHE_REFILL: 0
[cur diff] DIFF L2D_CACHE_INVAL: 0
[max diff] DIFF LL_CACHE_RD: 154, DIFF LL_CACHE_MISS_RD: 123, MISS_RATE: 79.87%
[max diff] DIFF L2D_CACHE_REFILL: 123
[max diff] DIFF L2D_CACHE_INVAL: 0

===========================================================
taskpendcnt:7875
t0:4666 ns
t1:13125 ns
t2:110541 ns
benchmark: Franka-derived Cartesian-impedance kernel, input trace:8, timer period:10.000 ms
controller source: franka_ros2 jazzy@73a1501d, updates:7886, SVD sweeps:5
pose error:[0.010000 0.015000 0.010000 -0.000000 0.049979 -0.000000]
tau[0:6]:[1.376914 -0.104433 0.790225 0.843903 0.642107 -0.956178 0.423547]
kernel exec min/avg/max: 94.79 / 98.70 / 112.88 us, samples:7878
pressure status:1, copy rounds total/window:383/11, 4.98 rounds/s
pressure logical copy:3830.00 MiB total, approx 49.85 MiB/s, checksum:510037852160
pressure report window:2.206804 s
t0_region>
[1]:629
[2]:28
[3]:367
[4]:1892
[5]:2682
[6]:1368
[7]:406
[8]:100
[9]:69
[10]:96
[11]:100
[12]:73
[13]:36
[14]:11
[15]:4
[16]:3
[17]:5
[18]:3
[19]:1
[20]:4
[21]:1
[22]:1
[24]:1

t1_region>
[2]:36
[3]:546
[4]:54
[5]:15
[6]:1
[7]:2
[8]:84
[9]:183
[10]:278
[11]:636
[12]:1175
[13]:1237
[14]:1188
[15]:973
[16]:605
[17]:270
[18]:95
[19]:45
[20]:53
[21]:72
[22]:99
[23]:79
[24]:41
[25]:21
[26]:13
[27]:15
[28]:7
[29]:16
[30]:10
[31]:7
[32]:6
[33]:5
[34]:2
[35]:2
[36]:2
[37]:5
[38]:3
[39]:1

t2_region>
[98]:160
[99]:379
[100]:73
[101]:21
[102]:13
[103]:7
[104]:18
[105]:102
[106]:108
[107]:137
[108]:198
[109]:520
[110]:996
[111]:864
[112]:649
[113]:764
[114]:867
[115]:763
[116]:409
[117]:218
[118]:92
[119]:75
[120]:86
[121]:82
[122]:45
[123]:32
[124]:28
[125]:20
[126]:33
[127]:21
[128]:23
[129]:8
[130]:18
[131]:17
[132]:13
[133]:7
[134]:3
[135]:2
[136]:2
[137]:2
[138]:4
[140]:2
[141]:2
[142]:1
[143]:1

t0_min: 1.13 us, round:1718
t0_max: 24.54 us, round:3952
t0_jitter: 23.42 us

t1_min: 2.83 us, round:1952
t1_max: 39.13 us, round:3952
t1_jitter: 36.29 us

t2_min: 98.00 us, round:420
t2_max: 143.54 us, round:4029
t2_jitter: 45.54 us

PMU diff samples: 7891
AVG DIFF LL_CACHE_RD: 136.39
AVG DIFF LL_CACHE_MISS_RD: 95.75
AVG DIFF L2D_CACHE_REFILL: 95.81
AVG DIFF L2D_CACHE_INVAL: 0.00
[cur diff] DIFF LL_CACHE_RD: 46, DIFF LL_CACHE_MISS_RD: 0, MISS_RATE: 0.00%
[cur diff] DIFF L2D_CACHE_REFILL: 0
[cur diff] DIFF L2D_CACHE_INVAL: 0
[max diff] DIFF LL_CACHE_RD: 154, DIFF LL_CACHE_MISS_RD: 123, MISS_RATE: 79.87%
[max diff] DIFF L2D_CACHE_REFILL: 123
[max diff] DIFF L2D_CACHE_INVAL: 0

===========================================================
taskpendcnt:8096
t0:6166 ns
t1:15791 ns
t2:114375 ns
benchmark: Franka-derived Cartesian-impedance kernel, input trace:8, timer period:10.000 ms
controller source: franka_ros2 jazzy@73a1501d, updates:8107, SVD sweeps:5
pose error:[0.010000 0.015000 0.010000 -0.000000 0.049979 -0.000000]
tau[0:6]:[-1.839419 -0.921560 -1.193198 -1.195971 -0.861243 0.113634 -0.461388]
kernel exec min/avg/max: 94.79 / 98.70 / 112.88 us, samples:8099
pressure status:1, copy rounds total/window:394/11, 4.99 rounds/s
pressure logical copy:3940.00 MiB total, approx 49.85 MiB/s, checksum:524686458880
pressure report window:2.206577 s
t0_region>
[1]:648
[2]:29
[3]:372
[4]:1938
[5]:2759
[6]:1419
[7]:417
[8]:102
[9]:70
[10]:98
[11]:102
[12]:76
[13]:37
[14]:11
[15]:4
[16]:3
[17]:5
[18]:3
[19]:1
[20]:4
[21]:1
[22]:1
[24]:1

t1_region>
[2]:37
[3]:563
[4]:55
[5]:15
[6]:2
[7]:2
[8]:84
[9]:184
[10]:279
[11]:652
[12]:1211
[13]:1275
[14]:1223
[15]:1010
[16]:625
[17]:276
[18]:96
[19]:45
[20]:55
[21]:73
[22]:101
[23]:82
[24]:43
[25]:21
[26]:13
[27]:15
[28]:7
[29]:16
[30]:10
[31]:7
[32]:6
[33]:5
[34]:2
[35]:2
[36]:2
[37]:5
[38]:3
[39]:1

t2_region>
[98]:162
[99]:391
[100]:78
[101]:21
[102]:13
[103]:7
[104]:18
[105]:102
[106]:109
[107]:137
[108]:200
[109]:532
[110]:1025
[111]:893
[112]:672
[113]:787
[114]:891
[115]:791
[116]:426
[117]:222
[118]:93
[119]:77
[120]:88
[121]:84
[122]:46
[123]:33
[124]:28
[125]:21
[126]:33
[127]:21
[128]:23
[129]:8
[130]:18
[131]:17
[132]:13
[133]:7
[134]:3
[135]:2
[136]:2
[137]:2
[138]:4
[140]:2
[141]:2
[142]:1
[143]:1

t0_min: 1.13 us, round:1718
t0_max: 24.54 us, round:3952
t0_jitter: 23.42 us

t1_min: 2.83 us, round:1952
t1_max: 39.13 us, round:3952
t1_jitter: 36.29 us

t2_min: 98.00 us, round:420
t2_max: 143.54 us, round:4029
t2_jitter: 45.54 us

PMU diff samples: 8112
AVG DIFF LL_CACHE_RD: 136.35
AVG DIFF LL_CACHE_MISS_RD: 95.72
AVG DIFF L2D_CACHE_REFILL: 95.78
AVG DIFF L2D_CACHE_INVAL: 0.00
[cur diff] DIFF LL_CACHE_RD: 41, DIFF LL_CACHE_MISS_RD: 0, MISS_RATE: 0.00%
[cur diff] DIFF L2D_CACHE_REFILL: 1
[cur diff] DIFF L2D_CACHE_INVAL: 0
[max diff] DIFF LL_CACHE_RD: 154, DIFF LL_CACHE_MISS_RD: 123, MISS_RATE: 79.87%
[max diff] DIFF L2D_CACHE_REFILL: 123
[max diff] DIFF L2D_CACHE_INVAL: 0

===========================================================
taskpendcnt:8316
t0:4375 ns
t1:10875 ns
t2:109750 ns
benchmark: Franka-derived Cartesian-impedance kernel, input trace:8, timer period:10.000 ms
controller source: franka_ros2 jazzy@73a1501d, updates:8328, SVD sweeps:5
pose error:[0.010000 0.015000 0.010000 -0.000000 0.049979 -0.000000]
tau[0:6]:[-0.567483 -0.552304 -0.482512 -0.231067 -0.297494 -0.656094 -0.085004]
kernel exec min/avg/max: 94.79 / 98.70 / 112.88 us, samples:8320
pressure status:1, copy rounds total/window:404/10, 4.53 rounds/s
pressure logical copy:4040.00 MiB total, approx 45.30 MiB/s, checksum:538003374080
pressure report window:2.207332 s
t0_region>
[1]:668
[2]:29
[3]:376
[4]:2000
[5]:2824
[6]:1466
[7]:427
[8]:105
[9]:72
[10]:102
[11]:105
[12]:77
[13]:37
[14]:11
[15]:4
[16]:3
[17]:5
[18]:3
[19]:1
[20]:4
[21]:1
[22]:1
[24]:1

t1_region>
[2]:37
[3]:581
[4]:57
[5]:15
[6]:2
[7]:2
[8]:84
[9]:184
[10]:284
[11]:676
[12]:1244
[13]:1316
[14]:1251
[15]:1035
[16]:645
[17]:288
[18]:98
[19]:46
[20]:57
[21]:77
[22]:102
[23]:84
[24]:44
[25]:21
[26]:13
[27]:15
[28]:7
[29]:16
[30]:10
[31]:7
[32]:6
[33]:5
[34]:2
[35]:2
[36]:2
[37]:5
[38]:3
[39]:1

t2_region>
[98]:167
[99]:403
[100]:80
[101]:21
[102]:14
[103]:7
[104]:18
[105]:102
[106]:109
[107]:137
[108]:204
[109]:558
[110]:1057
[111]:909
[112]:689
[113]:816
[114]:914
[115]:804
[116]:445
[117]:233
[118]:96
[119]:80
[120]:89
[121]:85
[122]:48
[123]:33
[124]:29
[125]:21
[126]:33
[127]:21
[128]:23
[129]:8
[130]:18
[131]:17
[132]:13
[133]:7
[134]:3
[135]:2
[136]:2
[137]:2
[138]:4
[140]:2
[141]:2
[142]:1
[143]:1

t0_min: 1.13 us, round:1718
t0_max: 24.54 us, round:3952
t0_jitter: 23.42 us

t1_min: 2.83 us, round:1952
t1_max: 39.13 us, round:3952
t1_jitter: 36.29 us

t2_min: 98.00 us, round:420
t2_max: 143.54 us, round:4029
t2_jitter: 45.54 us

PMU diff samples: 8333
AVG DIFF LL_CACHE_RD: 136.28
AVG DIFF LL_CACHE_MISS_RD: 95.67
AVG DIFF L2D_CACHE_REFILL: 95.73
AVG DIFF L2D_CACHE_INVAL: 0.00
[cur diff] DIFF LL_CACHE_RD: 43, DIFF LL_CACHE_MISS_RD: 0, MISS_RATE: 0.00%
[cur diff] DIFF L2D_CACHE_REFILL: 0
[cur diff] DIFF L2D_CACHE_INVAL: 0
[max diff] DIFF LL_CACHE_RD: 154, DIFF LL_CACHE_MISS_RD: 123, MISS_RATE: 79.87%
[max diff] DIFF L2D_CACHE_REFILL: 123
[max diff] DIFF L2D_CACHE_INVAL: 0

===========================================================
taskpendcnt:8537
t0:7041 ns
t1:16083 ns
t2:114083 ns
benchmark: Franka-derived Cartesian-impedance kernel, input trace:8, timer period:10.000 ms
controller source: franka_ros2 jazzy@73a1501d, updates:8548, SVD sweeps:5
pose error:[0.010000 0.015000 0.010000 -0.000000 0.049979 -0.000000]
tau[0:6]:[0.839771 0.130674 0.617691 0.624912 0.653099 -0.592692 0.265887]
kernel exec min/avg/max: 94.79 / 98.70 / 112.88 us, samples:8540
pressure status:1, copy rounds total/window:415/11, 4.98 rounds/s
pressure logical copy:4150.00 MiB total, approx 49.85 MiB/s, checksum:552651980800
pressure report window:2.206681 s
t0_region>
[1]:687
[2]:30
[3]:376
[4]:2041
[5]:2909
[6]:1518
[7]:441
[8]:106
[9]:72
[10]:104
[11]:107
[12]:81
[13]:37
[14]:11
[15]:4
[16]:3
[17]:5
[18]:3
[19]:1
[20]:4
[21]:1
[22]:1
[24]:1

t1_region>
[2]:40
[3]:596
[4]:57
[5]:16
[6]:2
[7]:2
[8]:84
[9]:184
[10]:288
[11]:689
[12]:1272
[13]:1360
[14]:1292
[15]:1069
[16]:658
[17]:300
[18]:101
[19]:47
[20]:57
[21]:77
[22]:106
[23]:88
[24]:44
[25]:21
[26]:13
[27]:15
[28]:7
[29]:16
[30]:10
[31]:7
[32]:6
[33]:5
[34]:2
[35]:2
[36]:2
[37]:5
[38]:3
[39]:1

t2_region>
[98]:173
[99]:415
[100]:81
[101]:21
[102]:15
[103]:7
[104]:18
[105]:102
[106]:109
[107]:137
[108]:206
[109]:570
[110]:1085
[111]:933
[112]:709
[113]:844
[114]:947
[115]:830
[116]:454
[117]:242
[118]:98
[119]:80
[120]:94
[121]:87
[122]:49
[123]:33
[124]:29
[125]:21
[126]:33
[127]:21
[128]:23
[129]:8
[130]:18
[131]:17
[132]:13
[133]:7
[134]:3
[135]:2
[136]:2
[137]:2
[138]:4
[140]:2
[141]:2
[142]:1
[143]:1

t0_min: 1.13 us, round:1718
t0_max: 24.54 us, round:3952
t0_jitter: 23.42 us

t1_min: 2.83 us, round:1952
t1_max: 39.13 us, round:3952
t1_jitter: 36.29 us

t2_min: 98.00 us, round:420
t2_max: 143.54 us, round:4029
t2_jitter: 45.54 us

PMU diff samples: 8554
AVG DIFF LL_CACHE_RD: 136.21
AVG DIFF LL_CACHE_MISS_RD: 95.62
AVG DIFF L2D_CACHE_REFILL: 95.68
AVG DIFF L2D_CACHE_INVAL: 0.00
[cur diff] DIFF LL_CACHE_RD: 37, DIFF LL_CACHE_MISS_RD: 0, MISS_RATE: 0.00%
[cur diff] DIFF L2D_CACHE_REFILL: 0
[cur diff] DIFF L2D_CACHE_INVAL: 0
[max diff] DIFF LL_CACHE_RD: 154, DIFF LL_CACHE_MISS_RD: 123, MISS_RATE: 79.87%
[max diff] DIFF L2D_CACHE_REFILL: 123
[max diff] DIFF L2D_CACHE_INVAL: 0

===========================================================
taskpendcnt:8758
t0:5333 ns
t1:15833 ns
t2:115583 ns
benchmark: Franka-derived Cartesian-impedance kernel, input trace:8, timer period:10.000 ms
controller source: franka_ros2 jazzy@73a1501d, updates:8769, SVD sweeps:5
pose error:[0.010000 0.015000 0.010000 -0.000000 0.049979 -0.000000]
tau[0:6]:[-2.781770 -1.613002 -1.930139 -1.581803 -1.382951 -0.390599 -0.663394]
kernel exec min/avg/max: 94.79 / 98.70 / 112.88 us, samples:8761
pressure status:1, copy rounds total/window:426/11, 4.98 rounds/s
pressure logical copy:4260.00 MiB total, approx 49.82 MiB/s, checksum:567300587520
pressure report window:2.207738 s
t0_region>
[1]:706
[2]:30
[3]:378
[4]:2087
[5]:2999
[6]:1566
[7]:447
[8]:108
[9]:72
[10]:105
[11]:109
[12]:85
[13]:37
[14]:11
[15]:4
[16]:3
[17]:5
[18]:3
[19]:1
[20]:4
[21]:1
[22]:1
[24]:1

t1_region>
[2]:42
[3]:613
[4]:58
[5]:16
[6]:2
[7]:2
[8]:84
[9]:184
[10]:291
[11]:708
[12]:1302
[13]:1410
[14]:1327
[15]:1103
[16]:676
[17]:303
[18]:102
[19]:47
[20]:58
[21]:77
[22]:108
[23]:92
[24]:45
[25]:21
[26]:13
[27]:15
[28]:7
[29]:16
[30]:10
[31]:7
[32]:6
[33]:5
[34]:2
[35]:2
[36]:2
[37]:5
[38]:3
[39]:1

t2_region>
[98]:180
[99]:424
[100]:83
[101]:22
[102]:15
[103]:7
[104]:18
[105]:102
[106]:109
[107]:137
[108]:209
[109]:585
[110]:1109
[111]:963
[112]:736
[113]:866
[114]:975
[115]:854
[116]:466
[117]:249
[118]:99
[119]:81
[120]:95
[121]:90
[122]:50
[123]:34
[124]:29
[125]:22
[126]:33
[127]:21
[128]:23
[129]:8
[130]:18
[131]:17
[132]:13
[133]:7
[134]:3
[135]:2
[136]:2
[137]:2
[138]:4
[140]:2
[141]:2
[142]:1
[143]:1

t0_min: 1.13 us, round:1718
t0_max: 24.54 us, round:3952
t0_jitter: 23.42 us

t1_min: 2.83 us, round:1952
t1_max: 39.13 us, round:3952
t1_jitter: 36.29 us

t2_min: 98.00 us, round:420
t2_max: 143.54 us, round:4029
t2_jitter: 45.54 us

PMU diff samples: 8774
AVG DIFF LL_CACHE_RD: 136.15
AVG DIFF LL_CACHE_MISS_RD: 95.59
AVG DIFF L2D_CACHE_REFILL: 95.65
AVG DIFF L2D_CACHE_INVAL: 0.00
[cur diff] DIFF LL_CACHE_RD: 39, DIFF LL_CACHE_MISS_RD: 0, MISS_RATE: 0.00%
[cur diff] DIFF L2D_CACHE_REFILL: 0
[cur diff] DIFF L2D_CACHE_INVAL: 0
[max diff] DIFF LL_CACHE_RD: 154, DIFF LL_CACHE_MISS_RD: 123, MISS_RATE: 79.87%
[max diff] DIFF L2D_CACHE_REFILL: 123
[max diff] DIFF L2D_CACHE_INVAL: 0

===========================================================
taskpendcnt:8979
t0:5958 ns
t1:14708 ns
t2:115916 ns
benchmark: Franka-derived Cartesian-impedance kernel, input trace:8, timer period:10.000 ms
controller source: franka_ros2 jazzy@73a1501d, updates:8990, SVD sweeps:5
pose error:[0.010000 0.015000 0.010000 -0.000000 0.049979 -0.000000]
tau[0:6]:[1.228026 0.081850 0.819520 0.875435 0.745706 -0.833381 0.398995]
kernel exec min/avg/max: 94.79 / 98.70 / 112.88 us, samples:8982
pressure status:1, copy rounds total/window:436/10, 4.53 rounds/s
pressure logical copy:4360.00 MiB total, approx 45.32 MiB/s, checksum:580617502720
pressure report window:2.206763 s
t0_region>
[1]:725
[2]:31
[3]:379
[4]:2137
[5]:3089
[6]:1603
[7]:459
[8]:109
[9]:73
[10]:108
[11]:114
[12]:85
[13]:37
[14]:12
[15]:4
[16]:3
[17]:5
[18]:3
[19]:1
[20]:4
[21]:1
[22]:1
[24]:1

t1_region>
[2]:43
[3]:630
[4]:59
[5]:16
[6]:3
[7]:2
[8]:84
[9]:184
[10]:291
[11]:723
[12]:1341
[13]:1454
[14]:1360
[15]:1141
[16]:691
[17]:307
[18]:103
[19]:50
[20]:60
[21]:80
[22]:110
[23]:93
[24]:45
[25]:21
[26]:14
[27]:15
[28]:7
[29]:16
[30]:10
[31]:7
[32]:6
[33]:5
[34]:2
[35]:2
[36]:2
[37]:5
[38]:3
[39]:1

t2_region>
[98]:185
[99]:435
[100]:85
[101]:22
[102]:15
[103]:8
[104]:19
[105]:102
[106]:109
[107]:137
[108]:210
[109]:595
[110]:1137
[111]:995
[112]:756
[113]:900
[114]:996
[115]:886
[116]:473
[117]:252
[118]:103
[119]:84
[120]:97
[121]:90
[122]:52
[123]:35
[124]:29
[125]:22
[126]:34
[127]:21
[128]:23
[129]:8
[130]:18
[131]:17
[132]:13
[133]:7
[134]:3
[135]:2
[136]:2
[137]:2
[138]:4
[140]:2
[141]:2
[142]:1
[143]:1

t0_min: 1.13 us, round:1718
t0_max: 24.54 us, round:3952
t0_jitter: 23.42 us

t1_min: 2.83 us, round:1952
t1_max: 39.13 us, round:3952
t1_jitter: 36.29 us

t2_min: 98.00 us, round:420
t2_max: 143.54 us, round:4029
t2_jitter: 45.54 us

PMU diff samples: 8995
AVG DIFF LL_CACHE_RD: 136.12
AVG DIFF LL_CACHE_MISS_RD: 95.54
AVG DIFF L2D_CACHE_REFILL: 95.60
AVG DIFF L2D_CACHE_INVAL: 0.00
[cur diff] DIFF LL_CACHE_RD: 44, DIFF LL_CACHE_MISS_RD: 0, MISS_RATE: 0.00%
[cur diff] DIFF L2D_CACHE_REFILL: 1
[cur diff] DIFF L2D_CACHE_INVAL: 0
[max diff] DIFF LL_CACHE_RD: 154, DIFF LL_CACHE_MISS_RD: 123, MISS_RATE: 79.87%
[max diff] DIFF L2D_CACHE_REFILL: 123
[max diff] DIFF L2D_CACHE_INVAL: 0

===========================================================
taskpendcnt:9199
t0:6208 ns
t1:16416 ns
t2:108958 ns
benchmark: Franka-derived Cartesian-impedance kernel, input trace:8, timer period:10.000 ms
controller source: franka_ros2 jazzy@73a1501d, updates:9211, SVD sweeps:5
pose error:[0.010000 0.015000 0.010000 -0.000000 0.049979 -0.000000]
tau[0:6]:[-1.839419 -0.921560 -1.193198 -1.195971 -0.861243 0.113634 -0.461388]
kernel exec min/avg/max: 94.79 / 98.70 / 112.88 us, samples:9202
pressure status:1, copy rounds total/window:447/11, 4.98 rounds/s
pressure logical copy:4470.00 MiB total, approx 49.83 MiB/s, checksum:595266109440
pressure report window:2.207662 s
t0_region>
[1]:745
[2]:31
[3]:383
[4]:2181
[5]:3176
[6]:1643
[7]:474
[8]:109
[9]:76
[10]:111
[11]:118
[12]:86
[13]:37
[14]:12
[15]:4
[16]:3
[17]:5
[18]:3
[19]:1
[20]:4
[21]:1
[22]:1
[24]:1

t1_region>
[2]:45
[3]:647
[4]:60
[5]:16
[6]:3
[7]:2
[8]:84
[9]:184
[10]:296
[11]:736
[12]:1373
[13]:1502
[14]:1382
[15]:1173
[16]:711
[17]:322
[18]:105
[19]:53
[20]:62
[21]:81
[22]:115
[23]:94
[24]:45
[25]:21
[26]:14
[27]:15
[28]:7
[29]:16
[30]:10
[31]:7
[32]:6
[33]:5
[34]:2
[35]:2
[36]:2
[37]:5
[38]:3
[39]:1

t2_region>
[98]:191
[99]:446
[100]:87
[101]:22
[102]:15
[103]:9
[104]:19
[105]:102
[106]:109
[107]:137
[108]:215
[109]:606
[110]:1165
[111]:1023
[112]:774
[113]:920
[114]:1024
[115]:913
[116]:486
[117]:260
[118]:107
[119]:86
[120]:100
[121]:94
[122]:53
[123]:35
[124]:30
[125]:22
[126]:34
[127]:21
[128]:23
[129]:8
[130]:18
[131]:17
[132]:13
[133]:7
[134]:3
[135]:2
[136]:2
[137]:2
[138]:4
[140]:2
[141]:2
[142]:1
[143]:1

t0_min: 1.13 us, round:1718
t0_max: 24.54 us, round:3952
t0_jitter: 23.42 us

t1_min: 2.83 us, round:1952
t1_max: 39.13 us, round:3952
t1_jitter: 36.29 us

t2_min: 98.00 us, round:420
t2_max: 143.54 us, round:4029
t2_jitter: 45.54 us

PMU diff samples: 9216
AVG DIFF LL_CACHE_RD: 136.12
AVG DIFF LL_CACHE_MISS_RD: 95.53
AVG DIFF L2D_CACHE_REFILL: 95.59
AVG DIFF L2D_CACHE_INVAL: 0.00
[cur diff] DIFF LL_CACHE_RD: 44, DIFF LL_CACHE_MISS_RD: 0, MISS_RATE: 0.00%
[cur diff] DIFF L2D_CACHE_REFILL: 2
[cur diff] DIFF L2D_CACHE_INVAL: 0
[max diff] DIFF LL_CACHE_RD: 154, DIFF LL_CACHE_MISS_RD: 123, MISS_RATE: 79.87%
[max diff] DIFF L2D_CACHE_REFILL: 123
[max diff] DIFF L2D_CACHE_INVAL: 0

===========================================================
taskpendcnt:9420
t0:4791 ns
t1:13541 ns
t2:112416 ns
benchmark: Franka-derived Cartesian-impedance kernel, input trace:8, timer period:10.000 ms
controller source: franka_ros2 jazzy@73a1501d, updates:9431, SVD sweeps:5
pose error:[0.010000 0.015000 0.010000 -0.000000 0.049979 -0.000000]
tau[0:6]:[1.376914 -0.104433 0.790225 0.843903 0.642107 -0.956178 0.423547]
kernel exec min/avg/max: 94.79 / 98.70 / 112.88 us, samples:9423
pressure status:1, copy rounds total/window:458/11, 4.98 rounds/s
pressure logical copy:4580.00 MiB total, approx 49.85 MiB/s, checksum:609914716160
pressure report window:2.206837 s
t0_region>
[1]:764
[2]:31
[3]:388
[4]:2229
[5]:3269
[6]:1679
[7]:484
[8]:109
[9]:76
[10]:114
[11]:123
[12]:87
[13]:37
[14]:12
[15]:4
[16]:3
[17]:5
[18]:3
[19]:1
[20]:4
[21]:1
[22]:1
[24]:1

t1_region>
[2]:46
[3]:662
[4]:63
[5]:16
[6]:3
[7]:2
[8]:84
[9]:184
[10]:297
[11]:750
[12]:1418
[13]:1544
[14]:1419
[15]:1198
[16]:727
[17]:329
[18]:108
[19]:55
[20]:62
[21]:84
[22]:119
[23]:95
[24]:45
[25]:21
[26]:14
[27]:16
[28]:7
[29]:16
[30]:10
[31]:7
[32]:6
[33]:5
[34]:2
[35]:2
[36]:2
[37]:5
[38]:3
[39]:1

t2_region>
[98]:197
[99]:456
[100]:89
[101]:23
[102]:15
[103]:9
[104]:19
[105]:102
[106]:109
[107]:137
[108]:217
[109]:619
[110]:1189
[111]:1058
[112]:803
[113]:934
[114]:1052
[115]:938
[116]:498
[117]:267
[118]:109
[119]:90
[120]:103
[121]:96
[122]:53
[123]:35
[124]:30
[125]:22
[126]:34
[127]:21
[128]:24
[129]:8
[130]:18
[131]:17
[132]:13
[133]:7
[134]:3
[135]:2
[136]:2
[137]:2
[138]:4
[140]:2
[141]:2
[142]:1
[143]:1

t0_min: 1.13 us, round:1718
t0_max: 24.54 us, round:3952
t0_jitter: 23.42 us

t1_min: 2.83 us, round:1952
t1_max: 39.13 us, round:3952
t1_jitter: 36.29 us

t2_min: 98.00 us, round:420
t2_max: 143.54 us, round:4029
t2_jitter: 45.54 us

PMU diff samples: 9436
AVG DIFF LL_CACHE_RD: 136.09
AVG DIFF LL_CACHE_MISS_RD: 95.54
AVG DIFF L2D_CACHE_REFILL: 95.59
AVG DIFF L2D_CACHE_INVAL: 0.00
[cur diff] DIFF LL_CACHE_RD: 41, DIFF LL_CACHE_MISS_RD: 0, MISS_RATE: 0.00%
[cur diff] DIFF L2D_CACHE_REFILL: 0
[cur diff] DIFF L2D_CACHE_INVAL: 0
[max diff] DIFF LL_CACHE_RD: 154, DIFF LL_CACHE_MISS_RD: 123, MISS_RATE: 79.87%
[max diff] DIFF L2D_CACHE_REFILL: 123
[max diff] DIFF L2D_CACHE_INVAL: 0

===========================================================
taskpendcnt:9641
t0:5416 ns
t1:14166 ns
t2:112458 ns
benchmark: Franka-derived Cartesian-impedance kernel, input trace:8, timer period:10.000 ms
controller source: franka_ros2 jazzy@73a1501d, updates:9652, SVD sweeps:5
pose error:[0.010000 0.015000 0.010000 -0.000000 0.049979 -0.000000]
tau[0:6]:[-0.274004 -0.324180 0.001577 -0.231466 0.050986 -0.328952 0.010844]
kernel exec min/avg/max: 94.79 / 98.70 / 112.88 us, samples:9644
pressure status:1, copy rounds total/window:468/10, 4.53 rounds/s
pressure logical copy:4680.00 MiB total, approx 45.30 MiB/s, checksum:623231631360
pressure report window:2.207419 s
t0_region>
[1]:783
[2]:31
[3]:391
[4]:2276
[5]:3363
[6]:1715
[7]:494
[8]:111
[9]:78
[10]:115
[11]:128
[12]:89
[13]:37
[14]:12
[15]:4
[16]:3
[17]:5
[18]:3
[19]:1
[20]:4
[21]:1
[22]:1
[24]:1

t1_region>
[2]:47
[3]:679
[4]:64
[5]:17
[6]:3
[7]:2
[8]:84
[9]:184
[10]:298
[11]:760
[12]:1463
[13]:1587
[14]:1460
[15]:1221
[16]:745
[17]:333
[18]:112
[19]:57
[20]:62
[21]:86
[22]:124
[23]:96
[24]:46
[25]:21
[26]:14
[27]:17
[28]:7
[29]:16
[30]:10
[31]:7
[32]:6
[33]:5
[34]:2
[35]:2
[36]:2
[37]:5
[38]:3
[39]:1

t2_region>
[98]:203
[99]:466
[100]:92
[101]:24
[102]:15
[103]:9
[104]:19
[105]:102
[106]:109
[107]:137
[108]:217
[109]:630
[110]:1220
[111]:1098
[112]:828
[113]:951
[114]:1076
[115]:961
[116]:508
[117]:272
[118]:111
[119]:92
[120]:107
[121]:100
[122]:54
[123]:36
[124]:30
[125]:22
[126]:35
[127]:21
[128]:24
[129]:8
[130]:18
[131]:17
[132]:13
[133]:7
[134]:3
[135]:2
[136]:2
[137]:2
[138]:4
[140]:2
[141]:2
[142]:1
[143]:1

t0_min: 1.13 us, round:1718
t0_max: 24.54 us, round:3952
t0_jitter: 23.42 us

t1_min: 2.83 us, round:1952
t1_max: 39.13 us, round:3952
t1_jitter: 36.29 us

t2_min: 98.00 us, round:420
t2_max: 143.54 us, round:4029
t2_jitter: 45.54 us

PMU diff samples: 9657
AVG DIFF LL_CACHE_RD: 136.06
AVG DIFF LL_CACHE_MISS_RD: 95.52
AVG DIFF L2D_CACHE_REFILL: 95.57
AVG DIFF L2D_CACHE_INVAL: 0.00
[cur diff] DIFF LL_CACHE_RD: 32, DIFF LL_CACHE_MISS_RD: 0, MISS_RATE: 0.00%
[cur diff] DIFF L2D_CACHE_REFILL: 0
[cur diff] DIFF L2D_CACHE_INVAL: 0
[max diff] DIFF LL_CACHE_RD: 154, DIFF LL_CACHE_MISS_RD: 123, MISS_RATE: 79.87%
[max diff] DIFF L2D_CACHE_REFILL: 123
[max diff] DIFF L2D_CACHE_INVAL: 0

===========================================================
taskpendcnt:9861
t0:4291 ns
t1:12166 ns
t2:111625 ns
benchmark: Franka-derived Cartesian-impedance kernel, input trace:8, timer period:10.000 ms
controller source: franka_ros2 jazzy@73a1501d, updates:9873, SVD sweeps:5
pose error:[0.010000 0.015000 0.010000 -0.000000 0.049979 -0.000000]
tau[0:6]:[-2.781770 -1.613002 -1.930139 -1.581803 -1.382951 -0.390599 -0.663394]
kernel exec min/avg/max: 94.79 / 98.70 / 112.88 us, samples:9865
pressure status:1, copy rounds total/window:479/11, 4.98 rounds/s
pressure logical copy:4790.00 MiB total, approx 49.83 MiB/s, checksum:637880238080
pressure report window:2.207469 s
t0_region>
[1]:802
[2]:32
[3]:394
[4]:2334
[5]:3453
[6]:1747
[7]:502
[8]:112
[9]:80
[10]:118
[11]:131
[12]:89
[13]:38
[14]:12
[15]:4
[16]:3
[17]:5
[18]:3
[19]:1
[20]:4
[21]:1
[22]:1
[24]:1

t1_region>
[2]:48
[3]:695
[4]:67
[5]:17
[6]:3
[7]:2
[8]:84
[9]:184
[10]:299
[11]:778
[12]:1506
[13]:1626
[14]:1503
[15]:1248
[16]:759
[17]:339
[18]:113
[19]:58
[20]:64
[21]:86
[22]:128
[23]:97
[24]:46
[25]:22
[26]:14
[27]:17
[28]:7
[29]:16
[30]:10
[31]:7
[32]:6
[33]:5
[34]:2
[35]:2
[36]:2
[37]:5
[38]:3
[39]:1

t2_region>
[98]:207
[99]:475
[100]:97
[101]:25
[102]:16
[103]:9
[104]:19
[105]:102
[106]:109
[107]:137
[108]:219
[109]:647
[110]:1246
[111]:1136
[112]:845
[113]:973
[114]:1111
[115]:985
[116]:512
[117]:277
[118]:115
[119]:93
[120]:108
[121]:102
[122]:54
[123]:37
[124]:30
[125]:23
[126]:35
[127]:22
[128]:24
[129]:8
[130]:18
[131]:17
[132]:13
[133]:7
[134]:3
[135]:2
[136]:2
[137]:2
[138]:4
[140]:2
[141]:2
[142]:1
[143]:1

t0_min: 1.13 us, round:1718
t0_max: 24.54 us, round:3952
t0_jitter: 23.42 us

t1_min: 2.83 us, round:1952
t1_max: 39.13 us, round:3952
t1_jitter: 36.29 us

t2_min: 98.00 us, round:420
t2_max: 143.54 us, round:4029
t2_jitter: 45.54 us

PMU diff samples: 9878
AVG DIFF LL_CACHE_RD: 136.02
AVG DIFF LL_CACHE_MISS_RD: 95.50
AVG DIFF L2D_CACHE_REFILL: 95.55
AVG DIFF L2D_CACHE_INVAL: 0.00
[cur diff] DIFF LL_CACHE_RD: 56, DIFF LL_CACHE_MISS_RD: 0, MISS_RATE: 0.00%
[cur diff] DIFF L2D_CACHE_REFILL: 1
[cur diff] DIFF L2D_CACHE_INVAL: 0
[max diff] DIFF LL_CACHE_RD: 154, DIFF LL_CACHE_MISS_RD: 123, MISS_RATE: 79.87%
[max diff] DIFF L2D_CACHE_REFILL: 123
[max diff] DIFF L2D_CACHE_INVAL: 0

===========================================================
taskpendcnt:10082
t0:5125 ns
t1:13875 ns
t2:115458 ns
benchmark: Franka-derived Cartesian-impedance kernel, input trace:8, timer period:10.000 ms
controller source: franka_ros2 jazzy@73a1501d, updates:10094, SVD sweeps:5
pose error:[0.010000 0.015000 0.010000 -0.000000 0.049979 -0.000000]
tau[0:6]:[1.228026 0.081850 0.819520 0.875435 0.745706 -0.833381 0.398995]
kernel exec min/avg/max: 94.79 / 98.70 / 112.88 us, samples:10085
pressure status:1, copy rounds total/window:490/11, 4.98 rounds/s
pressure logical copy:4900.00 MiB total, approx 49.82 MiB/s, checksum:652528844800
pressure report window:2.207952 s
t0_region>
[1]:821
[2]:33
[3]:396
[4]:2387
[5]:3530
[6]:1801
[7]:507
[8]:112
[9]:80
[10]:121
[11]:135
[12]:92
[13]:38
[14]:12
[15]:4
[16]:3
[17]:5
[18]:3
[19]:1
[20]:4
[21]:1
[22]:1
[24]:1

t1_region>
[2]:49
[3]:712
[4]:68
[5]:18
[6]:3
[7]:2
[8]:84
[9]:184
[10]:301
[11]:795
[12]:1545
[13]:1666
[14]:1544
[15]:1283
[16]:771
[17]:344
[18]:113
[19]:58
[20]:65
[21]:86
[22]:132
[23]:100
[24]:47
[25]:22
[26]:15
[27]:17
[28]:7
[29]:16
[30]:10
[31]:7
[32]:6
[33]:5
[34]:2
[35]:2
[36]:2
[37]:5
[38]:3
[39]:1

t2_region>
[98]:208
[99]:489
[100]:100
[101]:26
[102]:17
[103]:9
[104]:19
[105]:102
[106]:109
[107]:137
[108]:220
[109]:661
[110]:1275
[111]:1166
[112]:870
[113]:999
[114]:1130
[115]:1014
[116]:525
[117]:282
[118]:116
[119]:93
[120]:110
[121]:106
[122]:55
[123]:37
[124]:30
[125]:24
[126]:36
[127]:22
[128]:24
[129]:8
[130]:18
[131]:17
[132]:13
[133]:7
[134]:3
[135]:2
[136]:2
[137]:2
[138]:4
[140]:2
[141]:2
[142]:1
[143]:1

t0_min: 1.13 us, round:1718
t0_max: 24.54 us, round:3952
t0_jitter: 23.42 us

t1_min: 2.83 us, round:1952
t1_max: 39.13 us, round:3952
t1_jitter: 36.29 us

t2_min: 98.00 us, round:420
t2_max: 143.54 us, round:4029
t2_jitter: 45.54 us

PMU diff samples: 10099
AVG DIFF LL_CACHE_RD: 136.02
AVG DIFF LL_CACHE_MISS_RD: 95.50
AVG DIFF L2D_CACHE_REFILL: 95.55
AVG DIFF L2D_CACHE_INVAL: 0.00
[cur diff] DIFF LL_CACHE_RD: 38, DIFF LL_CACHE_MISS_RD: 0, MISS_RATE: 0.00%
[cur diff] DIFF L2D_CACHE_REFILL: 0
[cur diff] DIFF L2D_CACHE_INVAL: 0
[max diff] DIFF LL_CACHE_RD: 154, DIFF LL_CACHE_MISS_RD: 123, MISS_RATE: 79.87%
[max diff] DIFF L2D_CACHE_REFILL: 123
[max diff] DIFF L2D_CACHE_INVAL: 0

===========================================================
taskpendcnt:10303
t0:6625 ns
t1:15083 ns
t2:113375 ns
benchmark: Franka-derived Cartesian-impedance kernel, input trace:8, timer period:10.000 ms
controller source: franka_ros2 jazzy@73a1501d, updates:10314, SVD sweeps:5
pose error:[0.010000 0.015000 0.010000 -0.000000 0.049979 -0.000000]
tau[0:6]:[-1.839419 -0.921560 -1.193198 -1.195971 -0.861243 0.113634 -0.461388]
kernel exec min/avg/max: 94.79 / 98.70 / 112.88 us, samples:10306
pressure status:1, copy rounds total/window:500/10, 4.53 rounds/s
pressure logical copy:5000.00 MiB total, approx 45.28 MiB/s, checksum:665845760000
pressure report window:2.208651 s
t0_region>
[1]:840
[2]:34
[3]:397
[4]:2438
[5]:3613
[6]:1846
[7]:519
[8]:112
[9]:80
[10]:124
[11]:140
[12]:92
[13]:39
[14]:12
[15]:4
[16]:3
[17]:5
[18]:3
[19]:1
[20]:4
[21]:1
[22]:1
[24]:1

t1_region>
[2]:50
[3]:729
[4]:70
[5]:18
[6]:3
[7]:2
[8]:84
[9]:184
[10]:302
[11]:806
[12]:1583
[13]:1706
[14]:1583
[15]:1317
[16]:793
[17]:349
[18]:115
[19]:58
[20]:66
[21]:87
[22]:137
[23]:102
[24]:47
[25]:22
[26]:15
[27]:17
[28]:7
[29]:16
[30]:10
[31]:7
[32]:6
[33]:5
[34]:2
[35]:2
[36]:2
[37]:5
[38]:3
[39]:1

t2_region>
[98]:213
[99]:500
[100]:102
[101]:27
[102]:18
[103]:9
[104]:19
[105]:102
[106]:109
[107]:137
[108]:220
[109]:670
[110]:1311
[111]:1193
[112]:888
[113]:1023
[114]:1158
[115]:1039
[116]:541
[117]:286
[118]:120
[119]:94
[120]:112
[121]:112
[122]:56
[123]:37
[124]:30
[125]:24
[126]:36
[127]:22
[128]:24
[129]:8
[130]:18
[131]:17
[132]:13
[133]:7
[134]:3
[135]:2
[136]:2
[137]:2
[138]:4
[140]:2
[141]:2
[142]:1
[143]:1

t0_min: 1.13 us, round:1718
t0_max: 24.54 us, round:3952
t0_jitter: 23.42 us

t1_min: 2.83 us, round:1952
t1_max: 39.13 us, round:3952
t1_jitter: 36.29 us

t2_min: 98.00 us, round:420
t2_max: 143.54 us, round:4029
t2_jitter: 45.54 us

PMU diff samples: 10320
AVG DIFF LL_CACHE_RD: 136.00
AVG DIFF LL_CACHE_MISS_RD: 95.48
AVG DIFF L2D_CACHE_REFILL: 95.54
AVG DIFF L2D_CACHE_INVAL: 0.00
[cur diff] DIFF LL_CACHE_RD: 43, DIFF LL_CACHE_MISS_RD: 0, MISS_RATE: 0.00%
[cur diff] DIFF L2D_CACHE_REFILL: 0
[cur diff] DIFF L2D_CACHE_INVAL: 0
[max diff] DIFF LL_CACHE_RD: 154, DIFF LL_CACHE_MISS_RD: 123, MISS_RATE: 79.87%
[max diff] DIFF L2D_CACHE_REFILL: 123
[max diff] DIFF L2D_CACHE_INVAL: 0

===========================================================
taskpendcnt:10524
t0:10458 ns
t1:20083 ns
t2:118958 ns
benchmark: Franka-derived Cartesian-impedance kernel, input trace:8, timer period:10.000 ms
controller source: franka_ros2 jazzy@73a1501d, updates:10535, SVD sweeps:5
pose error:[0.010000 0.015000 0.010000 -0.000000 0.049979 -0.000000]
tau[0:6]:[1.376914 -0.104433 0.790225 0.843903 0.642107 -0.956178 0.423547]
kernel exec min/avg/max: 94.79 / 98.71 / 112.88 us, samples:10527
pressure status:1, copy rounds total/window:511/11, 4.98 rounds/s
pressure logical copy:5110.00 MiB total, approx 49.82 MiB/s, checksum:680494366720
pressure report window:2.207897 s
t0_region>
[1]:859
[2]:34
[3]:402
[4]:2493
[5]:3694
[6]:1877
[7]:533
[8]:115
[9]:81
[10]:127
[11]:142
[12]:94
[13]:40
[14]:13
[15]:5
[16]:3
[17]:6
[18]:3
[19]:1
[20]:4
[21]:1
[22]:1
[24]:1

t1_region>
[2]:50
[3]:746
[4]:72
[5]:18
[6]:3
[7]:2
[8]:86
[9]:185
[10]:308
[11]:827
[12]:1620
[13]:1742
[14]:1612
[15]:1342
[16]:810
[17]:354
[18]:120
[19]:60
[20]:69
[21]:89
[22]:140
[23]:103
[24]:47
[25]:23
[26]:15
[27]:17
[28]:8
[29]:17
[30]:11
[31]:7
[32]:7
[33]:5
[34]:2
[35]:3
[36]:2
[37]:5
[38]:3
[39]:1

t2_region>
[98]:216
[99]:511
[100]:105
[101]:30
[102]:18
[103]:9
[104]:19
[105]:102
[106]:111
[107]:138
[108]:227
[109]:677
[110]:1339
[111]:1224
[112]:910
[113]:1045
[114]:1179
[115]:1055
[116]:556
[117]:295
[118]:124
[119]:97
[120]:113
[121]:113
[122]:58
[123]:38
[124]:30
[125]:26
[126]:37
[127]:22
[128]:24
[129]:8
[130]:19
[131]:17
[132]:14
[133]:8
[134]:4
[135]:2
[136]:2
[137]:2
[138]:4
[139]:1
[140]:2
[141]:2
[142]:1
[143]:1

t0_min: 1.13 us, round:1718
t0_max: 24.54 us, round:3952
t0_jitter: 23.42 us

t1_min: 2.83 us, round:1952
t1_max: 39.13 us, round:3952
t1_jitter: 36.29 us

t2_min: 98.00 us, round:420
t2_max: 143.54 us, round:4029
t2_jitter: 45.54 us

PMU diff samples: 10540
AVG DIFF LL_CACHE_RD: 135.96
AVG DIFF LL_CACHE_MISS_RD: 95.45
AVG DIFF L2D_CACHE_REFILL: 95.50
AVG DIFF L2D_CACHE_INVAL: 0.00
[cur diff] DIFF LL_CACHE_RD: 46, DIFF LL_CACHE_MISS_RD: 12, MISS_RATE: 26.09%
[cur diff] DIFF L2D_CACHE_REFILL: 2
[cur diff] DIFF L2D_CACHE_INVAL: 0
[max diff] DIFF LL_CACHE_RD: 154, DIFF LL_CACHE_MISS_RD: 123, MISS_RATE: 79.87%
[max diff] DIFF L2D_CACHE_REFILL: 123
[max diff] DIFF L2D_CACHE_INVAL: 0

===========================================================
taskpendcnt:10745
t0:4375 ns
t1:13125 ns
t2:111416 ns
benchmark: Franka-derived Cartesian-impedance kernel, input trace:8, timer period:10.000 ms
controller source: franka_ros2 jazzy@73a1501d, updates:10756, SVD sweeps:5
pose error:[0.010000 0.015000 0.010000 -0.000000 0.049979 -0.000000]
tau[0:6]:[-0.274004 -0.324180 0.001577 -0.231466 0.050986 -0.328952 0.010844]
kernel exec min/avg/max: 94.79 / 98.73 / 112.88 us, samples:10748
pressure status:1, copy rounds total/window:521/10, 4.52 rounds/s
pressure logical copy:5210.00 MiB total, approx 45.25 MiB/s, checksum:693811281920
pressure report window:2.210050 s
t0_region>
[1]:876
[2]:37
[3]:415
[4]:2531
[5]:3747
[6]:1906
[7]:550
[8]:132
[9]:91
[10]:136
[11]:149
[12]:95
[13]:42
[14]:16
[15]:5
[16]:3
[17]:6
[18]:3
[19]:2
[20]:5
[21]:1
[22]:1
[24]:1

t1_region>
[2]:50
[3]:756
[4]:80
[5]:20
[6]:3
[7]:2
[8]:86
[9]:191
[10]:318
[11]:842
[12]:1639
[13]:1767
[14]:1630
[15]:1365
[16]:819
[17]:360
[18]:126
[19]:68
[20]:77
[21]:97
[22]:150
[23]:107
[24]:54
[25]:23
[26]:18
[27]:22
[28]:10
[29]:21
[30]:13
[31]:8
[32]:7
[33]:6
[34]:2
[35]:3
[36]:3
[37]:5
[38]:3
[39]:1

t2_region>
[98]:216
[99]:520
[100]:110
[101]:34
[102]:19
[103]:9
[104]:19
[105]:102
[106]:111
[107]:143
[108]:236
[109]:686
[110]:1354
[111]:1244
[112]:926
[113]:1054
[114]:1191
[115]:1066
[116]:571
[117]:299
[118]:131
[119]:101
[120]:117
[121]:118
[122]:67
[123]:46
[124]:34
[125]:36
[126]:39
[127]:24
[128]:28
[129]:13
[130]:24
[131]:17
[132]:19
[133]:9
[134]:4
[135]:2
[136]:3
[137]:2
[138]:4
[139]:1
[140]:2
[141]:2
[142]:1
[143]:1

t0_min: 1.13 us, round:1718
t0_max: 24.54 us, round:3952
t0_jitter: 23.42 us

t1_min: 2.83 us, round:1952
t1_max: 39.13 us, round:3952
t1_jitter: 36.29 us

t2_min: 98.00 us, round:420
t2_max: 143.54 us, round:4029
t2_jitter: 45.54 us

PMU diff samples: 10762
AVG DIFF LL_CACHE_RD: 135.89
AVG DIFF LL_CACHE_MISS_RD: 95.38
AVG DIFF L2D_CACHE_REFILL: 95.44
AVG DIFF L2D_CACHE_INVAL: 0.00
[cur diff] DIFF LL_CACHE_RD: 41, DIFF LL_CACHE_MISS_RD: 0, MISS_RATE: 0.00%
[cur diff] DIFF L2D_CACHE_REFILL: 0
[cur diff] DIFF L2D_CACHE_INVAL: 0
[max diff] DIFF LL_CACHE_RD: 154, DIFF LL_CACHE_MISS_RD: 123, MISS_RATE: 79.87%
[max diff] DIFF L2D_CACHE_REFILL: 123
[max diff] DIFF L2D_CACHE_INVAL: 0

===========================================================
taskpendcnt:10966
t0:4416 ns
t1:11708 ns
t2:110291 ns
benchmark: Franka-derived Cartesian-impedance kernel, input trace:8, timer period:10.000 ms
controller source: franka_ros2 jazzy@73a1501d, updates:10977, SVD sweeps:5
pose error:[0.010000 0.015000 0.010000 -0.000000 0.049979 -0.000000]
tau[0:6]:[-2.781770 -1.613002 -1.930139 -1.581803 -1.382951 -0.390599 -0.663394]
kernel exec min/avg/max: 94.79 / 98.73 / 112.88 us, samples:10969
pressure status:1, copy rounds total/window:532/11, 4.98 rounds/s
pressure logical copy:5320.00 MiB total, approx 49.78 MiB/s, checksum:708459888640
pressure report window:2.209536 s
t0_region>
[1]:896
[2]:37
[3]:418
[4]:2586
[5]:3824
[6]:1955
[7]:557
[8]:132
[9]:92
[10]:139
[11]:152
[12]:97
[13]:42
[14]:17
[15]:5
[16]:3
[17]:6
[18]:3
[19]:2
[20]:5
[21]:1
[22]:1
[24]:1

t1_region>
[2]:50
[3]:774
[4]:82
[5]:20
[6]:3
[7]:2
[8]:86
[9]:191
[10]:321
[11]:862
[12]:1674
[13]:1802
[14]:1672
[15]:1392
[16]:837
[17]:369
[18]:128
[19]:68
[20]:79
[21]:98
[22]:154
[23]:110
[24]:54
[25]:23
[26]:18
[27]:22
[28]:10
[29]:21
[30]:13
[31]:8
[32]:7
[33]:6
[34]:2
[35]:3
[36]:3
[37]:5
[38]:3
[39]:1

t2_region>
[98]:218
[99]:535
[100]:112
[101]:35
[102]:19
[103]:9
[104]:19
[105]:102
[106]:111
[107]:143
[108]:238
[109]:700
[110]:1385
[111]:1267
[112]:944
[113]:1083
[114]:1222
[115]:1085
[116]:583
[117]:308
[118]:133
[119]:105
[120]:120
[121]:119
[122]:69
[123]:46
[124]:35
[125]:36
[126]:39
[127]:24
[128]:28
[129]:13
[130]:24
[131]:17
[132]:19
[133]:9
[134]:4
[135]:2
[136]:3
[137]:2
[138]:4
[139]:1
[140]:2
[141]:2
[142]:1
[143]:1

t0_min: 1.13 us, round:1718
t0_max: 24.54 us, round:3952
t0_jitter: 23.42 us

t1_min: 2.83 us, round:1952
t1_max: 39.13 us, round:3952
t1_jitter: 36.29 us

t2_min: 98.00 us, round:420
t2_max: 143.54 us, round:4029
t2_jitter: 45.54 us

PMU diff samples: 10982
AVG DIFF LL_CACHE_RD: 135.85
AVG DIFF LL_CACHE_MISS_RD: 95.36
AVG DIFF L2D_CACHE_REFILL: 95.42
AVG DIFF L2D_CACHE_INVAL: 0.00
[cur diff] DIFF LL_CACHE_RD: 38, DIFF LL_CACHE_MISS_RD: 0, MISS_RATE: 0.00%
[cur diff] DIFF L2D_CACHE_REFILL: 0
[cur diff] DIFF L2D_CACHE_INVAL: 0
[max diff] DIFF LL_CACHE_RD: 154, DIFF LL_CACHE_MISS_RD: 123, MISS_RATE: 79.87%
[max diff] DIFF L2D_CACHE_REFILL: 123
[max diff] DIFF L2D_CACHE_INVAL: 0

===========================================================
taskpendcnt:11187
t0:4750 ns
t1:14375 ns
t2:114416 ns
benchmark: Franka-derived Cartesian-impedance kernel, input trace:8, timer period:10.000 ms
controller source: franka_ros2 jazzy@73a1501d, updates:11198, SVD sweeps:5
pose error:[0.010000 0.015000 0.010000 -0.000000 0.049979 -0.000000]
tau[0:6]:[1.228026 0.081850 0.819520 0.875435 0.745706 -0.833381 0.398995]
kernel exec min/avg/max: 94.79 / 98.73 / 112.88 us, samples:11190
pressure status:1, copy rounds total/window:543/11, 4.98 rounds/s
pressure logical copy:5430.00 MiB total, approx 49.80 MiB/s, checksum:723108495360
pressure report window:2.208687 s
t0_region>
[1]:915
[2]:38
[3]:425
[4]:2646
[5]:3894
[6]:1994
[7]:570
[8]:135
[9]:93
[10]:140
[11]:154
[12]:102
[13]:42
[14]:17
[15]:5
[16]:3
[17]:6
[18]:3
[19]:2
[20]:5
[21]:1
[22]:1
[24]:1

t1_region>
[2]:51
[3]:792
[4]:83
[5]:20
[6]:3
[7]:2
[8]:86
[9]:191
[10]:324
[11]:880
[12]:1707
[13]:1837
[14]:1715
[15]:1426
[16]:854
[17]:376
[18]:129
[19]:69
[20]:80
[21]:99
[22]:157
[23]:114
[24]:54
[25]:23
[26]:18
[27]:22
[28]:10
[29]:21
[30]:13
[31]:8
[32]:7
[33]:6
[34]:2
[35]:3
[36]:3
[37]:5
[38]:3
[39]:1

t2_region>
[98]:220
[99]:549
[100]:114
[101]:36
[102]:20
[103]:9
[104]:19
[105]:102
[106]:111
[107]:143
[108]:243
[109]:713
[110]:1410
[111]:1296
[112]:966
[113]:1102
[114]:1250
[115]:1113
[116]:597
[117]:314
[118]:134
[119]:109
[120]:122
[121]:121
[122]:70
[123]:46
[124]:35
[125]:38
[126]:39
[127]:24
[128]:28
[129]:13
[130]:24
[131]:17
[132]:19
[133]:9
[134]:4
[135]:2
[136]:3
[137]:2
[138]:4
[139]:1
[140]:2
[141]:2
[142]:1
[143]:1

t0_min: 1.13 us, round:1718
t0_max: 24.54 us, round:3952
t0_jitter: 23.42 us

t1_min: 2.83 us, round:1952
t1_max: 39.13 us, round:3952
t1_jitter: 36.29 us

t2_min: 98.00 us, round:420
t2_max: 143.54 us, round:4029
t2_jitter: 45.54 us

PMU diff samples: 11203
AVG DIFF LL_CACHE_RD: 135.85
AVG DIFF LL_CACHE_MISS_RD: 95.35
AVG DIFF L2D_CACHE_REFILL: 95.40
AVG DIFF L2D_CACHE_INVAL: 0.00
[cur diff] DIFF LL_CACHE_RD: 50, DIFF LL_CACHE_MISS_RD: 0, MISS_RATE: 0.00%
[cur diff] DIFF L2D_CACHE_REFILL: 0
[cur diff] DIFF L2D_CACHE_INVAL: 0
[max diff] DIFF LL_CACHE_RD: 154, DIFF LL_CACHE_MISS_RD: 123, MISS_RATE: 79.87%
[max diff] DIFF L2D_CACHE_REFILL: 123
[max diff] DIFF L2D_CACHE_INVAL: 0

===========================================================
taskpendcnt:11408
t0:5375 ns
t1:14125 ns
t2:112708 ns
benchmark: Franka-derived Cartesian-impedance kernel, input trace:8, timer period:10.000 ms
controller source: franka_ros2 jazzy@73a1501d, updates:11419, SVD sweeps:5
pose error:[0.010000 0.015000 0.010000 -0.000000 0.049979 -0.000000]
tau[0:6]:[-1.839419 -0.921560 -1.193198 -1.195971 -0.861243 0.113634 -0.461388]
kernel exec min/avg/max: 94.79 / 98.73 / 112.88 us, samples:11411
pressure status:1, copy rounds total/window:553/10, 4.53 rounds/s
pressure logical copy:5530.00 MiB total, approx 45.26 MiB/s, checksum:736425410560
pressure report window:2.209673 s
t0_region>
[1]:933
[2]:39
[3]:428
[4]:2694
[5]:3977
[6]:2041
[7]:580
[8]:136
[9]:94
[10]:142
[11]:157
[12]:106
[13]:42
[14]:17
[15]:5
[16]:3
[17]:6
[18]:3
[19]:2
[20]:5
[21]:1
[22]:1
[24]:1

t1_region>
[2]:52
[3]:807
[4]:86
[5]:20
[6]:3
[7]:3
[8]:86
[9]:192
[10]:324
[11]:894
[12]:1747
[13]:1872
[14]:1755
[15]:1461
[16]:869
[17]:384
[18]:131
[19]:70
[20]:83
[21]:99
[22]:162
[23]:116
[24]:54
[25]:23
[26]:18
[27]:22
[28]:10
[29]:21
[30]:13
[31]:8
[32]:7
[33]:6
[34]:2
[35]:3
[36]:3
[37]:5
[38]:3
[39]:1

t2_region>
[98]:222
[99]:561
[100]:118
[101]:37
[102]:20
[103]:9
[104]:20
[105]:102
[106]:111
[107]:143
[108]:243
[109]:726
[110]:1441
[111]:1324
[112]:984
[113]:1129
[114]:1280
[115]:1133
[116]:610
[117]:322
[118]:138
[119]:110
[120]:126
[121]:123
[122]:71
[123]:46
[124]:35
[125]:38
[126]:40
[127]:24
[128]:28
[129]:13
[130]:24
[131]:17
[132]:19
[133]:9
[134]:4
[135]:2
[136]:3
[137]:2
[138]:4
[139]:1
[140]:2
[141]:2
[142]:1
[143]:1

t0_min: 1.13 us, round:1718
t0_max: 24.54 us, round:3952
t0_jitter: 23.42 us

t1_min: 2.83 us, round:1952
t1_max: 39.13 us, round:3952
t1_jitter: 36.29 us

t2_min: 98.00 us, round:420
t2_max: 143.54 us, round:4029
t2_jitter: 45.54 us

PMU diff samples: 11424
AVG DIFF LL_CACHE_RD: 135.85
AVG DIFF LL_CACHE_MISS_RD: 95.35
AVG DIFF L2D_CACHE_REFILL: 95.40
AVG DIFF L2D_CACHE_INVAL: 0.00
[cur diff] DIFF LL_CACHE_RD: 39, DIFF LL_CACHE_MISS_RD: 0, MISS_RATE: 0.00%
[cur diff] DIFF L2D_CACHE_REFILL: 0
[cur diff] DIFF L2D_CACHE_INVAL: 0
[max diff] DIFF LL_CACHE_RD: 154, DIFF LL_CACHE_MISS_RD: 123, MISS_RATE: 79.87%
[max diff] DIFF L2D_CACHE_REFILL: 123
[max diff] DIFF L2D_CACHE_INVAL: 0

===========================================================
taskpendcnt:11629
t0:5708 ns
t1:13583 ns
t2:111875 ns
benchmark: Franka-derived Cartesian-impedance kernel, input trace:8, timer period:10.000 ms
controller source: franka_ros2 jazzy@73a1501d, updates:11640, SVD sweeps:5
pose error:[0.010000 0.015000 0.010000 -0.000000 0.049979 -0.000000]
tau[0:6]:[-0.567483 -0.552304 -0.482512 -0.231067 -0.297494 -0.656094 -0.085004]
kernel exec min/avg/max: 94.79 / 98.75 / 112.88 us, samples:11632
pressure status:1, copy rounds total/window:564/11, 4.98 rounds/s
pressure logical copy:5640.00 MiB total, approx 49.79 MiB/s, checksum:751074017280
pressure report window:2.209369 s
t0_region>
[1]:952
[2]:39
[3]:432
[4]:2745
[5]:4055
[6]:2080
[7]:596
[8]:140
[9]:95
[10]:144
[11]:160
[12]:110
[13]:42
[14]:17
[15]:5
[16]:3
[17]:6
[18]:3
[19]:2
[20]:5
[21]:1
[22]:1
[24]:1

t1_region>
[2]:53
[3]:823
[4]:88
[5]:20
[6]:3
[7]:3
[8]:86
[9]:193
[10]:324
[11]:912
[12]:1783
[13]:1903
[14]:1791
[15]:1487
[16]:888
[17]:397
[18]:138
[19]:73
[20]:84
[21]:102
[22]:163
[23]:119
[24]:57
[25]:24
[26]:18
[27]:22
[28]:10
[29]:21
[30]:13
[31]:8
[32]:7
[33]:6
[34]:2
[35]:3
[36]:3
[37]:5
[38]:3
[39]:1

t2_region>
[98]:228
[99]:572
[100]:119
[101]:38
[102]:20
[103]:9
[104]:20
[105]:102
[106]:111
[107]:144
[108]:244
[109]:739
[110]:1469
[111]:1345
[112]:999
[113]:1153
[114]:1306
[115]:1152
[116]:624
[117]:328
[118]:140
[119]:113
[120]:129
[121]:127
[122]:78
[123]:52
[124]:37
[125]:40
[126]:41
[127]:25
[128]:28
[129]:13
[130]:24
[131]:17
[132]:19
[133]:10
[134]:5
[135]:2
[136]:3
[137]:2
[138]:5
[139]:1
[140]:2
[141]:2
[142]:1
[143]:1

t0_min: 1.13 us, round:1718
t0_max: 24.54 us, round:3952
t0_jitter: 23.42 us

t1_min: 2.83 us, round:1952
t1_max: 39.13 us, round:3952
t1_jitter: 36.29 us

t2_min: 98.00 us, round:420
t2_max: 143.54 us, round:4029
t2_jitter: 45.54 us

PMU diff samples: 11645
AVG DIFF LL_CACHE_RD: 136.23
AVG DIFF LL_CACHE_MISS_RD: 95.63
AVG DIFF L2D_CACHE_REFILL: 95.69
AVG DIFF L2D_CACHE_INVAL: 0.00
[cur diff] DIFF LL_CACHE_RD: 36, DIFF LL_CACHE_MISS_RD: 1, MISS_RATE: 2.78%
[cur diff] DIFF L2D_CACHE_REFILL: 1
[cur diff] DIFF L2D_CACHE_INVAL: 0
[max diff] DIFF LL_CACHE_RD: 154, DIFF LL_CACHE_MISS_RD: 123, MISS_RATE: 79.87%
[max diff] DIFF L2D_CACHE_REFILL: 123
[max diff] DIFF L2D_CACHE_INVAL: 0

===========================================================
taskpendcnt:11850
t0:4875 ns
t1:15083 ns
t2:114833 ns
benchmark: Franka-derived Cartesian-impedance kernel, input trace:8, timer period:10.000 ms
controller source: franka_ros2 jazzy@73a1501d, updates:11861, SVD sweeps:5
pose error:[0.010000 0.015000 0.010000 -0.000000 0.049979 -0.000000]
tau[0:6]:[0.839771 0.130674 0.617691 0.624912 0.653099 -0.592692 0.265887]
kernel exec min/avg/max: 94.79 / 98.75 / 112.88 us, samples:11853
pressure status:1, copy rounds total/window:575/11, 4.98 rounds/s
pressure logical copy:5750.00 MiB total, approx 49.78 MiB/s, checksum:765722624000
pressure report window:2.209714 s
t0_region>
[1]:971
[2]:40
[3]:438
[4]:2791
[5]:4142
[6]:2118
[7]:608
[8]:142
[9]:96
[10]:148
[11]:161
[12]:114
[13]:42
[14]:17
[15]:5
[16]:3
[17]:6
[18]:3
[19]:2
[20]:5
[21]:1
[22]:1
[24]:1

t1_region>
[2]:54
[3]:838
[4]:91
[5]:20
[6]:3
[7]:4
[8]:86
[9]:193
[10]:324
[11]:936
[12]:1807
[13]:1956
[14]:1822
[15]:1521
[16]:902
[17]:404
[18]:141
[19]:75
[20]:84
[21]:103
[22]:168
[23]:120
[24]:57
[25]:26
[26]:18
[27]:22
[28]:10
[29]:21
[30]:13
[31]:8
[32]:7
[33]:6
[34]:2
[35]:3
[36]:3
[37]:5
[38]:3
[39]:1

t2_region>
[98]:232
[99]:583
[100]:122
[101]:39
[102]:20
[103]:9
[104]:20
[105]:103
[106]:111
[107]:144
[108]:245
[109]:754
[110]:1495
[111]:1377
[112]:1025
[113]:1177
[114]:1329
[115]:1175
[116]:636
[117]:337
[118]:141
[119]:113
[120]:132
[121]:131
[122]:78
[123]:52
[124]:38
[125]:40
[126]:41
[127]:25
[128]:28
[129]:14
[130]:24
[131]:17
[132]:19
[133]:10
[134]:5
[135]:2
[136]:3
[137]:2
[138]:5
[139]:1
[140]:2
[141]:2
[142]:1
[143]:1

t0_min: 1.13 us, round:1718
t0_max: 24.54 us, round:3952
t0_jitter: 23.42 us

t1_min: 2.83 us, round:1952
t1_max: 39.13 us, round:3952
t1_jitter: 36.29 us

t2_min: 98.00 us, round:420
t2_max: 143.54 us, round:4029
t2_jitter: 45.54 us

PMU diff samples: 11866
AVG DIFF LL_CACHE_RD: 136.20
AVG DIFF LL_CACHE_MISS_RD: 95.62
AVG DIFF L2D_CACHE_REFILL: 95.67
AVG DIFF L2D_CACHE_INVAL: 0.00
[cur diff] DIFF LL_CACHE_RD: 37, DIFF LL_CACHE_MISS_RD: 0, MISS_RATE: 0.00%
[cur diff] DIFF L2D_CACHE_REFILL: 0
[cur diff] DIFF L2D_CACHE_INVAL: 0
[max diff] DIFF LL_CACHE_RD: 154, DIFF LL_CACHE_MISS_RD: 123, MISS_RATE: 79.87%
[max diff] DIFF L2D_CACHE_REFILL: 123
[max diff] DIFF L2D_CACHE_INVAL: 0

===========================================================
taskpendcnt:12071
t0:6083 ns
t1:12791 ns
t2:115166 ns
benchmark: Franka-derived Cartesian-impedance kernel, input trace:8, timer period:10.000 ms
controller source: franka_ros2 jazzy@73a1501d, updates:12082, SVD sweeps:5
pose error:[0.010000 0.015000 0.010000 -0.000000 0.049979 -0.000000]
tau[0:6]:[-2.379368 -1.292411 -1.655224 -1.570015 -1.185234 -0.066588 -0.610247]
kernel exec min/avg/max: 94.79 / 98.75 / 112.88 us, samples:12074
pressure status:1, copy rounds total/window:585/10, 4.53 rounds/s
pressure logical copy:5850.00 MiB total, approx 45.25 MiB/s, checksum:779039539200
pressure report window:2.209862 s
t0_region>
[1]:991
[2]:40
[3]:440
[4]:2847
[5]:4230
[6]:2152
[7]:620
[8]:143
[9]:97
[10]:150
[11]:163
[12]:115
[13]:44
[14]:17
[15]:5
[16]:3
[17]:6
[18]:3
[19]:2
[20]:5
[21]:1
[22]:1
[24]:1

t1_region>
[2]:55
[3]:854
[4]:93
[5]:21
[6]:3
[7]:4
[8]:86
[9]:193
[10]:330
[11]:952
[12]:1838
[13]:1999
[14]:1864
[15]:1556
[16]:917
[17]:408
[18]:143
[19]:75
[20]:84
[21]:105
[22]:169
[23]:122
[24]:58
[25]:26
[26]:18
[27]:23
[28]:10
[29]:21
[30]:13
[31]:8
[32]:7
[33]:6
[34]:2
[35]:3
[36]:3
[37]:5
[38]:3
[39]:1

t2_region>
[98]:233
[99]:598
[100]:123
[101]:40
[102]:20
[103]:11
[104]:20
[105]:103
[106]:111
[107]:145
[108]:251
[109]:769
[110]:1521
[111]:1408
[112]:1045
[113]:1200
[114]:1354
[115]:1198
[116]:651
[117]:343
[118]:143
[119]:115
[120]:132
[121]:134
[122]:80
[123]:52
[124]:38
[125]:40
[126]:42
[127]:25
[128]:28
[129]:14
[130]:24
[131]:17
[132]:19
[133]:10
[134]:5
[135]:2
[136]:3
[137]:2
[138]:5
[139]:1
[140]:2
[141]:2
[142]:1
[143]:1

t0_min: 1.13 us, round:1718
t0_max: 24.54 us, round:3952
t0_jitter: 23.42 us

t1_min: 2.83 us, round:1952
t1_max: 39.13 us, round:3952
t1_jitter: 36.29 us

t2_min: 98.00 us, round:420
t2_max: 143.54 us, round:4029
t2_jitter: 45.54 us

PMU diff samples: 12087
AVG DIFF LL_CACHE_RD: 136.17
AVG DIFF LL_CACHE_MISS_RD: 95.59
AVG DIFF L2D_CACHE_REFILL: 95.64
AVG DIFF L2D_CACHE_INVAL: 0.00
[cur diff] DIFF LL_CACHE_RD: 38, DIFF LL_CACHE_MISS_RD: 0, MISS_RATE: 0.00%
[cur diff] DIFF L2D_CACHE_REFILL: 0
[cur diff] DIFF L2D_CACHE_INVAL: 0
[max diff] DIFF LL_CACHE_RD: 154, DIFF LL_CACHE_MISS_RD: 123, MISS_RATE: 79.87%
[max diff] DIFF L2D_CACHE_REFILL: 123
[max diff] DIFF L2D_CACHE_INVAL: 0

===========================================================
taskpendcnt:12292
t0:6708 ns
t1:16333 ns
t2:114041 ns
benchmark: Franka-derived Cartesian-impedance kernel, input trace:8, timer period:10.000 ms
controller source: franka_ros2 jazzy@73a1501d, updates:12303, SVD sweeps:5
pose error:[0.010000 0.015000 0.010000 -0.000000 0.049979 -0.000000]
tau[0:6]:[1.376914 -0.104433 0.790225 0.843903 0.642107 -0.956178 0.423547]
kernel exec min/avg/max: 94.79 / 98.75 / 112.88 us, samples:12295
pressure status:1, copy rounds total/window:596/11, 4.98 rounds/s
pressure logical copy:5960.00 MiB total, approx 49.78 MiB/s, checksum:793688145920
pressure report window:2.209752 s
t0_region>
[1]:1010
[2]:40
[3]:446
[4]:2894
[5]:4305
[6]:2206
[7]:629
[8]:144
[9]:100
[10]:152
[11]:167
[12]:116
[13]:44
[14]:17
[15]:5
[16]:3
[17]:6
[18]:3
[19]:2
[20]:5
[21]:1
[22]:1
[24]:1

t1_region>
[2]:56
[3]:869
[4]:96
[5]:21
[6]:4
[7]:4
[8]:86
[9]:193
[10]:331
[11]:967
[12]:1872
[13]:2036
[14]:1906
[15]:1590
[16]:937
[17]:414
[18]:145
[19]:76
[20]:87
[21]:108
[22]:172
[23]:122
[24]:58
[25]:26
[26]:18
[27]:23
[28]:10
[29]:21
[30]:13
[31]:8
[32]:7
[33]:6
[34]:2
[35]:3
[36]:3
[37]:5
[38]:3
[39]:1

t2_region>
[98]:238
[99]:609
[100]:125
[101]:41
[102]:20
[103]:11
[104]:20
[105]:104
[106]:111
[107]:145
[108]:253
[109]:783
[110]:1547
[111]:1440
[112]:1064
[113]:1226
[114]:1384
[115]:1219
[116]:663
[117]:352
[118]:145
[119]:117
[120]:135
[121]:136
[122]:80
[123]:53
[124]:38
[125]:40
[126]:42
[127]:25
[128]:28
[129]:14
[130]:24
[131]:17
[132]:19
[133]:10
[134]:5
[135]:2
[136]:3
[137]:2
[138]:5
[139]:1
[140]:2
[141]:2
[142]:1
[143]:1

t0_min: 1.13 us, round:1718
t0_max: 24.54 us, round:3952
t0_jitter: 23.42 us

t1_min: 2.83 us, round:1952
t1_max: 39.13 us, round:3952
t1_jitter: 36.29 us

t2_min: 98.00 us, round:420
t2_max: 143.54 us, round:4029
t2_jitter: 45.54 us

PMU diff samples: 12308
AVG DIFF LL_CACHE_RD: 136.14
AVG DIFF LL_CACHE_MISS_RD: 95.57
AVG DIFF L2D_CACHE_REFILL: 95.62
AVG DIFF L2D_CACHE_INVAL: 0.00
[cur diff] DIFF LL_CACHE_RD: 35, DIFF LL_CACHE_MISS_RD: 0, MISS_RATE: 0.00%
[cur diff] DIFF L2D_CACHE_REFILL: 0
[cur diff] DIFF L2D_CACHE_INVAL: 0
[max diff] DIFF LL_CACHE_RD: 154, DIFF LL_CACHE_MISS_RD: 123, MISS_RATE: 79.87%
[max diff] DIFF L2D_CACHE_REFILL: 123
[max diff] DIFF L2D_CACHE_INVAL: 0

===========================================================
taskpendcnt:12513
t0:7333 ns
t1:15791 ns
t2:116416 ns
benchmark: Franka-derived Cartesian-impedance kernel, input trace:8, timer period:10.000 ms
controller source: franka_ros2 jazzy@73a1501d, updates:12524, SVD sweeps:5
pose error:[0.010000 0.015000 0.010000 -0.000000 0.049979 -0.000000]
tau[0:6]:[-0.274004 -0.324180 0.001577 -0.231466 0.050986 -0.328952 0.010844]
kernel exec min/avg/max: 94.79 / 98.75 / 112.88 us, samples:12516
pressure status:1, copy rounds total/window:607/11, 4.98 rounds/s
pressure logical copy:6070.00 MiB total, approx 49.77 MiB/s, checksum:808336752640
pressure report window:2.210345 s
t0_region>
[1]:1029
[2]:41
[3]:449
[4]:2944
[5]:4386
[6]:2251
[7]:643
[8]:145
[9]:100
[10]:153
[11]:169
[12]:120
[13]:44
[14]:17
[15]:5
[16]:3
[17]:6
[18]:3
[19]:2
[20]:5
[21]:1
[22]:1
[24]:1

t1_region>
[2]:56
[3]:886
[4]:98
[5]:21
[6]:5
[7]:4
[8]:86
[9]:193
[10]:332
[11]:984
[12]:1916
[13]:2070
[14]:1934
[15]:1629
[16]:956
[17]:424
[18]:147
[19]:76
[20]:87
[21]:109
[22]:175
[23]:124
[24]:59
[25]:26
[26]:18
[27]:23
[28]:10
[29]:21
[30]:13
[31]:8
[32]:7
[33]:6
[34]:2
[35]:3
[36]:3
[37]:5
[38]:3
[39]:1

t2_region>
[98]:241
[99]:622
[100]:127
[101]:42
[102]:20
[103]:11
[104]:21
[105]:104
[106]:111
[107]:145
[108]:254
[109]:797
[110]:1581
[111]:1470
[112]:1081
[113]:1240
[114]:1413
[115]:1249
[116]:678
[117]:359
[118]:147
[119]:119
[120]:137
[121]:138
[122]:81
[123]:53
[124]:38
[125]:40
[126]:43
[127]:25
[128]:28
[129]:14
[130]:24
[131]:17
[132]:19
[133]:10
[134]:5
[135]:2
[136]:3
[137]:2
[138]:5
[139]:1
[140]:2
[141]:2
[142]:1
[143]:1

t0_min: 1.13 us, round:1718
t0_max: 24.54 us, round:3952
t0_jitter: 23.42 us

t1_min: 2.83 us, round:1952
t1_max: 39.13 us, round:3952
t1_jitter: 36.29 us

t2_min: 98.00 us, round:420
t2_max: 143.54 us, round:4029
t2_jitter: 45.54 us

PMU diff samples: 12529
AVG DIFF LL_CACHE_RD: 136.13
AVG DIFF LL_CACHE_MISS_RD: 95.56
AVG DIFF L2D_CACHE_REFILL: 95.61
AVG DIFF L2D_CACHE_INVAL: 0.00
[cur diff] DIFF LL_CACHE_RD: 47, DIFF LL_CACHE_MISS_RD: 0, MISS_RATE: 0.00%
[cur diff] DIFF L2D_CACHE_REFILL: 0
[cur diff] DIFF L2D_CACHE_INVAL: 0
[max diff] DIFF LL_CACHE_RD: 154, DIFF LL_CACHE_MISS_RD: 123, MISS_RATE: 79.87%
[max diff] DIFF L2D_CACHE_REFILL: 123
[max diff] DIFF L2D_CACHE_INVAL: 0

===========================================================
taskpendcnt:12734
t0:5333 ns
t1:14375 ns
t2:112958 ns
benchmark: Franka-derived Cartesian-impedance kernel, input trace:8, timer period:10.000 ms
controller source: franka_ros2 jazzy@73a1501d, updates:12745, SVD sweeps:5
pose error:[0.010000 0.015000 0.010000 -0.000000 0.049979 -0.000000]
tau[0:6]:[-2.781770 -1.613002 -1.930139 -1.581803 -1.382951 -0.390599 -0.663394]
kernel exec min/avg/max: 94.79 / 98.75 / 112.88 us, samples:12737
pressure status:1, copy rounds total/window:617/10, 4.52 rounds/s
pressure logical copy:6170.00 MiB total, approx 45.24 MiB/s, checksum:821653667840
pressure report window:2.210452 s
t0_region>
[1]:1047
[2]:43
[3]:450
[4]:2989
[5]:4476
[6]:2302
[7]:647
[8]:146
[9]:104
[10]:154
[11]:171
[12]:121
[13]:45
[14]:17
[15]:5
[16]:3
[17]:6
[18]:3
[19]:2
[20]:5
[21]:1
[22]:1
[24]:1

t1_region>
[2]:56
[3]:903
[4]:100
[5]:21
[6]:5
[7]:4
[8]:87
[9]:193
[10]:336
[11]:995
[12]:1955
[13]:2106
[14]:1968
[15]:1670
[16]:975
[17]:431
[18]:148
[19]:77
[20]:89
[21]:112
[22]:177
[23]:125
[24]:59
[25]:26
[26]:18
[27]:23
[28]:10
[29]:21
[30]:13
[31]:8
[32]:7
[33]:6
[34]:2
[35]:3
[36]:3
[37]:5
[38]:3
[39]:1

t2_region>
[98]:245
[99]:635
[100]:127
[101]:44
[102]:20
[103]:11
[104]:21
[105]:104
[106]:111
[107]:146
[108]:255
[109]:806
[110]:1616
[111]:1493
[112]:1108
[113]:1263
[114]:1439
[115]:1278
[116]:688
[117]:367
[118]:149
[119]:123
[120]:138
[121]:140
[122]:82
[123]:53
[124]:38
[125]:40
[126]:43
[127]:25
[128]:28
[129]:14
[130]:24
[131]:17
[132]:19
[133]:10
[134]:5
[135]:2
[136]:3
[137]:2
[138]:5
[139]:1
[140]:2
[141]:2
[142]:1
[143]:1

t0_min: 1.13 us, round:1718
t0_max: 24.54 us, round:3952
t0_jitter: 23.42 us

t1_min: 2.83 us, round:1952
t1_max: 39.13 us, round:3952
t1_jitter: 36.29 us

t2_min: 98.00 us, round:420
t2_max: 143.54 us, round:4029
t2_jitter: 45.54 us

PMU diff samples: 12750
AVG DIFF LL_CACHE_RD: 136.12
AVG DIFF LL_CACHE_MISS_RD: 95.54
AVG DIFF L2D_CACHE_REFILL: 95.59
AVG DIFF L2D_CACHE_INVAL: 0.00
[cur diff] DIFF LL_CACHE_RD: 31, DIFF LL_CACHE_MISS_RD: 0, MISS_RATE: 0.00%
[cur diff] DIFF L2D_CACHE_REFILL: 0
[cur diff] DIFF L2D_CACHE_INVAL: 0
[max diff] DIFF LL_CACHE_RD: 154, DIFF LL_CACHE_MISS_RD: 123, MISS_RATE: 79.87%
[max diff] DIFF L2D_CACHE_REFILL: 123
[max diff] DIFF L2D_CACHE_INVAL: 0

===========================================================
taskpendcnt:12955
t0:11208 ns
t1:22583 ns
t2:120583 ns
benchmark: Franka-derived Cartesian-impedance kernel, input trace:8, timer period:10.000 ms
controller source: franka_ros2 jazzy@73a1501d, updates:12966, SVD sweeps:5
pose error:[0.010000 0.015000 0.010000 -0.000000 0.049979 -0.000000]
tau[0:6]:[1.228026 0.081850 0.819520 0.875435 0.745706 -0.833381 0.398995]
kernel exec min/avg/max: 94.79 / 98.75 / 112.88 us, samples:12958
pressure status:1, copy rounds total/window:628/11, 4.98 rounds/s
pressure logical copy:6280.00 MiB total, approx 49.78 MiB/s, checksum:836302274560
pressure report window:2.209731 s
t0_region>
[1]:1066
[2]:43
[3]:452
[4]:3035
[5]:4564
[6]:2347
[7]:656
[8]:150
[9]:104
[10]:154
[11]:175
[12]:125
[13]:45
[14]:17
[15]:5
[16]:3
[17]:6
[18]:3
[19]:2
[20]:5
[21]:1
[22]:1
[24]:1

t1_region>
[2]:58
[3]:918
[4]:102
[5]:21
[6]:5
[7]:4
[8]:87
[9]:193
[10]:337
[11]:1009
[12]:1985
[13]:2150
[14]:2000
[15]:1704
[16]:1004
[17]:437
[18]:151
[19]:77
[20]:90
[21]:112
[22]:180
[23]:129
[24]:60
[25]:26
[26]:18
[27]:23
[28]:10
[29]:21
[30]:13
[31]:8
[32]:7
[33]:6
[34]:2
[35]:3
[36]:3
[37]:5
[38]:3
[39]:1

t2_region>
[98]:248
[99]:647
[100]:131
[101]:44
[102]:20
[103]:11
[104]:21
[105]:104
[106]:111
[107]:146
[108]:257
[109]:814
[110]:1643
[111]:1524
[112]:1124
[113]:1288
[114]:1466
[115]:1312
[116]:703
[117]:372
[118]:153
[119]:123
[120]:141
[121]:143
[122]:83
[123]:53
[124]:39
[125]:40
[126]:43
[127]:25
[128]:28
[129]:14
[130]:24
[131]:17
[132]:19
[133]:10
[134]:5
[135]:2
[136]:3
[137]:2
[138]:5
[139]:1
[140]:2
[141]:2
[142]:1
[143]:1

t0_min: 1.13 us, round:1718
t0_max: 24.54 us, round:3952
t0_jitter: 23.42 us

t1_min: 2.83 us, round:1952
t1_max: 39.13 us, round:3952
t1_jitter: 36.29 us

t2_min: 98.00 us, round:420
t2_max: 143.54 us, round:4029
t2_jitter: 45.54 us

PMU diff samples: 12971
AVG DIFF LL_CACHE_RD: 136.09
AVG DIFF LL_CACHE_MISS_RD: 95.53
AVG DIFF L2D_CACHE_REFILL: 95.58
AVG DIFF L2D_CACHE_INVAL: 0.00
[cur diff] DIFF LL_CACHE_RD: 40, DIFF LL_CACHE_MISS_RD: 0, MISS_RATE: 0.00%
[cur diff] DIFF L2D_CACHE_REFILL: 0
[cur diff] DIFF L2D_CACHE_INVAL: 0
[max diff] DIFF LL_CACHE_RD: 154, DIFF LL_CACHE_MISS_RD: 123, MISS_RATE: 79.87%
[max diff] DIFF L2D_CACHE_REFILL: 123
[max diff] DIFF L2D_CACHE_INVAL: 0

===========================================================
taskpendcnt:13176
t0:6000 ns
t1:16500 ns
t2:118291 ns
benchmark: Franka-derived Cartesian-impedance kernel, input trace:8, timer period:10.000 ms
controller source: franka_ros2 jazzy@73a1501d, updates:13187, SVD sweeps:5
pose error:[0.010000 0.015000 0.010000 -0.000000 0.049979 -0.000000]
tau[0:6]:[-1.839419 -0.921560 -1.193198 -1.195971 -0.861243 0.113634 -0.461388]
kernel exec min/avg/max: 94.79 / 98.75 / 112.88 us, samples:13179
pressure status:1, copy rounds total/window:639/11, 4.98 rounds/s
pressure logical copy:6390.00 MiB total, approx 49.76 MiB/s, checksum:850950881280
pressure report window:2.210548 s
t0_region>
[1]:1085
[2]:43
[3]:456
[4]:3083
[5]:4647
[6]:2389
[7]:669
[8]:153
[9]:107
[10]:155
[11]:178
[12]:125
[13]:46
[14]:17
[15]:5
[16]:3
[17]:6
[18]:3
[19]:2
[20]:5
[21]:1
[22]:1
[24]:2

t1_region>
[2]:61
[3]:932
[4]:104
[5]:21
[6]:5
[7]:4
[8]:87
[9]:194
[10]:339
[11]:1034
[12]:2016
[13]:2178
[14]:2047
[15]:1728
[16]:1026
[17]:447
[18]:153
[19]:78
[20]:91
[21]:114
[22]:184
[23]:129
[24]:61
[25]:26
[26]:18
[27]:23
[28]:10
[29]:21
[30]:13
[31]:8
[32]:7
[33]:6
[34]:2
[35]:3
[36]:3
[37]:5
[38]:3
[39]:1
[41]:1

t2_region>
[98]:251
[99]:657
[100]:135
[101]:46
[102]:20
[103]:11
[104]:21
[105]:104
[106]:111
[107]:147
[108]:262
[109]:827
[110]:1676
[111]:1542
[112]:1150
[113]:1309
[114]:1496
[115]:1335
[116]:716
[117]:376
[118]:160
[119]:124
[120]:142
[121]:147
[122]:83
[123]:53
[124]:39
[125]:40
[126]:43
[127]:25
[128]:29
[129]:14
[130]:24
[131]:17
[132]:19
[133]:10
[134]:5
[135]:2
[136]:3
[137]:2
[138]:5
[139]:1
[140]:2
[141]:2
[142]:1
[143]:2

t0_min: 1.13 us, round:1718
t0_max: 24.54 us, round:3952
t0_jitter: 23.42 us

t1_min: 2.83 us, round:1952
t1_max: 41.25 us, round:13032
t1_jitter: 38.42 us

t2_min: 98.00 us, round:420
t2_max: 143.63 us, round:13032
t2_jitter: 45.63 us

PMU diff samples: 13192
AVG DIFF LL_CACHE_RD: 136.09
AVG DIFF LL_CACHE_MISS_RD: 95.52
AVG DIFF L2D_CACHE_REFILL: 95.57
AVG DIFF L2D_CACHE_INVAL: 0.00
[cur diff] DIFF LL_CACHE_RD: 35, DIFF LL_CACHE_MISS_RD: 0, MISS_RATE: 0.00%
[cur diff] DIFF L2D_CACHE_REFILL: 0
[cur diff] DIFF L2D_CACHE_INVAL: 0
[max diff] DIFF LL_CACHE_RD: 157, DIFF LL_CACHE_MISS_RD: 124, MISS_RATE: 78.98%
[max diff] DIFF L2D_CACHE_REFILL: 124
[max diff] DIFF L2D_CACHE_INVAL: 0

===========================================================
taskpendcnt:13397
t0:5166 ns
t1:13041 ns
t2:111333 ns
benchmark: Franka-derived Cartesian-impedance kernel, input trace:8, timer period:10.000 ms
controller source: franka_ros2 jazzy@73a1501d, updates:13408, SVD sweeps:5
pose error:[0.010000 0.015000 0.010000 -0.000000 0.049979 -0.000000]
tau[0:6]:[-0.567483 -0.552304 -0.482512 -0.231067 -0.297494 -0.656094 -0.085004]
kernel exec min/avg/max: 94.79 / 98.75 / 112.88 us, samples:13400
pressure status:1, copy rounds total/window:649/10, 4.52 rounds/s
pressure logical copy:6490.00 MiB total, approx 45.22 MiB/s, checksum:864267796480
pressure report window:2.211279 s
t0_region>
[1]:1104
[2]:44
[3]:464
[4]:3121
[5]:4744
[6]:2427
[7]:678
[8]:155
[9]:109
[10]:156
[11]:180
[12]:127
[13]:48
[14]:17
[15]:5
[16]:3
[17]:6
[18]:3
[19]:2
[20]:5
[21]:1
[22]:1
[24]:2

t1_region>
[2]:62
[3]:949
[4]:106
[5]:21
[6]:5
[7]:4
[8]:87
[9]:196
[10]:345
[11]:1051
[12]:2047
[13]:2220
[14]:2084
[15]:1762
[16]:1038
[17]:454
[18]:156
[19]:80
[20]:91
[21]:117
[22]:184
[23]:131
[24]:64
[25]:26
[26]:18
[27]:23
[28]:10
[29]:21
[30]:13
[31]:8
[32]:7
[33]:6
[34]:2
[35]:3
[36]:3
[37]:5
[38]:3
[39]:1
[41]:1

t2_region>
[98]:254
[99]:668
[100]:141
[101]:46
[102]:20
[103]:11
[104]:21
[105]:104
[106]:111
[107]:149
[108]:266
[109]:841
[110]:1705
[111]:1569
[112]:1172
[113]:1332
[114]:1526
[115]:1357
[116]:726
[117]:383
[118]:162
[119]:126
[120]:144
[121]:147
[122]:85
[123]:54
[124]:39
[125]:40
[126]:45
[127]:25
[128]:29
[129]:14
[130]:24
[131]:17
[132]:19
[133]:10
[134]:5
[135]:2
[136]:3
[137]:2
[138]:5
[139]:1
[140]:2
[141]:2
[142]:1
[143]:2

t0_min: 1.13 us, round:1718
t0_max: 24.54 us, round:3952
t0_jitter: 23.42 us

t1_min: 2.79 us, round:13407
t1_max: 41.25 us, round:13032
t1_jitter: 38.46 us

t2_min: 98.00 us, round:420
t2_max: 143.63 us, round:13032
t2_jitter: 45.63 us

PMU diff samples: 13414
AVG DIFF LL_CACHE_RD: 136.07
AVG DIFF LL_CACHE_MISS_RD: 95.49
AVG DIFF L2D_CACHE_REFILL: 95.54
AVG DIFF L2D_CACHE_INVAL: 0.00
[cur diff] DIFF LL_CACHE_RD: 52, DIFF LL_CACHE_MISS_RD: 0, MISS_RATE: 0.00%
[cur diff] DIFF L2D_CACHE_REFILL: 0
[cur diff] DIFF L2D_CACHE_INVAL: 0
[max diff] DIFF LL_CACHE_RD: 157, DIFF LL_CACHE_MISS_RD: 124, MISS_RATE: 78.98%
[max diff] DIFF L2D_CACHE_REFILL: 124
[max diff] DIFF L2D_CACHE_INVAL: 0

===========================================================
taskpendcnt:13618
t0:4916 ns
t1:15125 ns
t2:114583 ns
benchmark: Franka-derived Cartesian-impedance kernel, input trace:8, timer period:10.000 ms
controller source: franka_ros2 jazzy@73a1501d, updates:13629, SVD sweeps:5
pose error:[0.010000 0.015000 0.010000 -0.000000 0.049979 -0.000000]
tau[0:6]:[0.839771 0.130674 0.617691 0.624912 0.653099 -0.592692 0.265887]
kernel exec min/avg/max: 94.79 / 98.75 / 112.88 us, samples:13621
pressure status:1, copy rounds total/window:660/11, 4.98 rounds/s
pressure logical copy:6600.00 MiB total, approx 49.76 MiB/s, checksum:878916403200
pressure report window:2.210662 s
t0_region>
[1]:1124
[2]:44
[3]:465
[4]:3170
[5]:4824
[6]:2477
[7]:689
[8]:156
[9]:110
[10]:157
[11]:183
[12]:130
[13]:49
[14]:17
[15]:5
[16]:3
[17]:6
[18]:3
[19]:2
[20]:5
[21]:1
[22]:1
[24]:2

t1_region>
[2]:63
[3]:967
[4]:107
[5]:21
[6]:5
[7]:4
[8]:87
[9]:196
[10]:347
[11]:1063
[12]:2084
[13]:2266
[14]:2117
[15]:1789
[16]:1059
[17]:466
[18]:158
[19]:80
[20]:91
[21]:120
[22]:185
[23]:134
[24]:66
[25]:26
[26]:18
[27]:23
[28]:10
[29]:21
[30]:13
[31]:8
[32]:7
[33]:6
[34]:2
[35]:3
[36]:3
[37]:5
[38]:3
[39]:1
[41]:1

t2_region>
[98]:256
[99]:684
[100]:142
[101]:47
[102]:20
[103]:11
[104]:21
[105]:104
[106]:111
[107]:149
[108]:268
[109]:851
[110]:1738
[111]:1599
[112]:1190
[113]:1348
[114]:1549
[115]:1384
[116]:747
[117]:391
[118]:164
[119]:129
[120]:146
[121]:149
[122]:87
[123]:56
[124]:39
[125]:40
[126]:45
[127]:25
[128]:29
[129]:14
[130]:24
[131]:17
[132]:19
[133]:10
[134]:5
[135]:2
[136]:3
[137]:2
[138]:5
[139]:1
[140]:2
[141]:2
[142]:1
[143]:2

t0_min: 1.13 us, round:1718
t0_max: 24.54 us, round:3952
t0_jitter: 23.42 us

t1_min: 2.79 us, round:13407
t1_max: 41.25 us, round:13032
t1_jitter: 38.46 us

t2_min: 98.00 us, round:420
t2_max: 143.63 us, round:13032
t2_jitter: 45.63 us

PMU diff samples: 13635
AVG DIFF LL_CACHE_RD: 136.05
AVG DIFF LL_CACHE_MISS_RD: 95.49
AVG DIFF L2D_CACHE_REFILL: 95.54
AVG DIFF L2D_CACHE_INVAL: 0.00
[cur diff] DIFF LL_CACHE_RD: 49, DIFF LL_CACHE_MISS_RD: 0, MISS_RATE: 0.00%
[cur diff] DIFF L2D_CACHE_REFILL: 0
[cur diff] DIFF L2D_CACHE_INVAL: 0
[max diff] DIFF LL_CACHE_RD: 157, DIFF LL_CACHE_MISS_RD: 124, MISS_RATE: 78.98%
[max diff] DIFF L2D_CACHE_REFILL: 124
[max diff] DIFF L2D_CACHE_INVAL: 0

===========================================================
taskpendcnt:13839
t0:5541 ns
t1:12833 ns
t2:112000 ns
benchmark: Franka-derived Cartesian-impedance kernel, input trace:8, timer period:10.000 ms
controller source: franka_ros2 jazzy@73a1501d, updates:13850, SVD sweeps:5
pose error:[0.010000 0.015000 0.010000 -0.000000 0.049979 -0.000000]
tau[0:6]:[-1.839419 -0.921560 -1.193198 -1.195971 -0.861243 0.113634 -0.461388]
kernel exec min/avg/max: 94.79 / 98.74 / 112.88 us, samples:13842
pressure status:1, copy rounds total/window:671/11, 4.97 rounds/s
pressure logical copy:6710.00 MiB total, approx 49.74 MiB/s, checksum:893565009920
pressure report window:2.211693 s
t0_region>
[1]:1145
[2]:44
[3]:472
[4]:3217
[5]:4905
[6]:2520
[7]:695
[8]:160
[9]:111
[10]:159
[11]:186
[12]:133
[13]:50
[14]:18
[15]:5
[16]:3
[17]:6
[18]:4
[19]:2
[20]:5
[21]:1
[22]:1
[24]:2
[27]:1

t1_region>
[2]:64
[3]:986
[4]:108
[5]:21
[6]:5
[7]:4
[8]:88
[9]:200
[10]:355
[11]:1081
[12]:2118
[13]:2304
[14]:2140
[15]:1823
[16]:1075
[17]:475
[18]:159
[19]:82
[20]:92
[21]:121
[22]:188
[23]:136
[24]:67
[25]:26
[26]:18
[27]:24
[28]:10
[29]:21
[30]:13
[31]:8
[32]:9
[33]:6
[34]:3
[35]:3
[36]:3
[37]:6
[38]:3
[39]:1
[41]:1

t2_region>
[98]:261
[99]:696
[100]:144
[101]:49
[102]:20
[103]:11
[104]:21
[105]:104
[106]:111
[107]:154
[108]:276
[109]:863
[110]:1764
[111]:1629
[112]:1209
[113]:1370
[114]:1570
[115]:1406
[116]:760
[117]:398
[118]:167
[119]:129
[120]:149
[121]:151
[122]:89
[123]:56
[124]:40
[125]:40
[126]:46
[127]:25
[128]:29
[129]:14
[130]:24
[131]:18
[132]:19
[133]:11
[134]:5
[135]:2
[136]:4
[137]:3
[138]:5
[139]:1
[140]:2
[141]:2
[142]:1
[143]:2

t0_min: 1.13 us, round:1718
t0_max: 27.38 us, round:13828
t0_jitter: 26.25 us

t1_min: 2.79 us, round:13407
t1_max: 41.25 us, round:13032
t1_jitter: 38.46 us

t2_min: 98.00 us, round:420
t2_max: 143.63 us, round:13032
t2_jitter: 45.63 us

PMU diff samples: 13856
AVG DIFF LL_CACHE_RD: 136.01
AVG DIFF LL_CACHE_MISS_RD: 95.46
AVG DIFF L2D_CACHE_REFILL: 95.52
AVG DIFF L2D_CACHE_INVAL: 0.00
[cur diff] DIFF LL_CACHE_RD: 38, DIFF LL_CACHE_MISS_RD: 6, MISS_RATE: 15.79%
[cur diff] DIFF L2D_CACHE_REFILL: 9
[cur diff] DIFF L2D_CACHE_INVAL: 0
[max diff] DIFF LL_CACHE_RD: 157, DIFF LL_CACHE_MISS_RD: 124, MISS_RATE: 78.98%
[max diff] DIFF L2D_CACHE_REFILL: 124
[max diff] DIFF L2D_CACHE_INVAL: 0

===========================================================
taskpendcnt:14060
t0:12291 ns
t1:12083 ns
t2:111833 ns
benchmark: Franka-derived Cartesian-impedance kernel, input trace:8, timer period:10.000 ms
controller source: franka_ros2 jazzy@73a1501d, updates:14072, SVD sweeps:5
pose error:[0.010000 0.015000 0.010000 -0.000000 0.049979 -0.000000]
tau[0:6]:[-0.567483 -0.552304 -0.482512 -0.231067 -0.297494 -0.656094 -0.085004]
kernel exec min/avg/max: 94.79 / 98.76 / 112.88 us, samples:14064
pressure status:1, copy rounds total/window:681/10, 4.52 rounds/s
pressure logical copy:6810.00 MiB total, approx 45.19 MiB/s, checksum:906881925120
pressure report window:2.213100 s
t0_region>
[1]:1161
[2]:47
[3]:479
[4]:3262
[5]:4947
[6]:2551
[7]:723
[8]:178
[9]:118
[10]:166
[11]:190
[12]:137
[13]:52
[14]:20
[15]:7
[16]:3
[17]:8
[18]:5
[19]:2
[20]:5
[21]:1
[22]:1
[24]:2
[27]:1

t1_region>
[2]:64
[3]:997
[4]:114
[5]:23
[6]:6
[7]:4
[8]:89
[9]:203
[10]:365
[11]:1098
[12]:2135
[13]:2321
[14]:2162
[15]:1836
[16]:1086
[17]:487
[18]:168
[19]:95
[20]:102
[21]:131
[22]:195
[23]:141
[24]:69
[25]:32
[26]:21
[27]:24
[28]:11
[29]:24
[30]:14
[31]:11
[32]:10
[33]:6
[34]:5
[35]:3
[36]:4
[37]:7
[38]:3
[39]:1
[41]:1

t2_region>
[98]:262
[99]:704
[100]:147
[101]:53
[102]:23
[103]:11
[104]:21
[105]:105
[106]:112
[107]:156
[108]:283
[109]:873
[110]:1773
[111]:1647
[112]:1217
[113]:1384
[114]:1582
[115]:1422
[116]:770
[117]:410
[118]:173
[119]:139
[120]:158
[121]:160
[122]:96
[123]:65
[124]:45
[125]:43
[126]:49
[127]:27
[128]:33
[129]:14
[130]:26
[131]:23
[132]:21
[133]:12
[134]:8
[135]:2
[136]:5
[137]:3
[138]:6
[139]:1
[140]:2
[141]:2
[142]:1
[143]:2

t0_min: 1.13 us, round:1718
t0_max: 27.38 us, round:13828
t0_jitter: 26.25 us

t1_min: 2.79 us, round:13407
t1_max: 41.25 us, round:13032
t1_jitter: 38.46 us

t2_min: 98.00 us, round:420
t2_max: 143.63 us, round:13032
t2_jitter: 45.63 us

PMU diff samples: 14077
AVG DIFF LL_CACHE_RD: 135.98
AVG DIFF LL_CACHE_MISS_RD: 95.42
AVG DIFF L2D_CACHE_REFILL: 95.47
AVG DIFF L2D_CACHE_INVAL: 0.00
[cur diff] DIFF LL_CACHE_RD: 38, DIFF LL_CACHE_MISS_RD: 0, MISS_RATE: 0.00%
[cur diff] DIFF L2D_CACHE_REFILL: 0
[cur diff] DIFF L2D_CACHE_INVAL: 0
[max diff] DIFF LL_CACHE_RD: 157, DIFF LL_CACHE_MISS_RD: 124, MISS_RATE: 78.98%
[max diff] DIFF L2D_CACHE_REFILL: 124
[max diff] DIFF L2D_CACHE_INVAL: 0

===========================================================
taskpendcnt:14281
t0:4250 ns
t1:11833 ns
t2:113625 ns
benchmark: Franka-derived Cartesian-impedance kernel, input trace:8, timer period:10.000 ms
controller source: franka_ros2 jazzy@73a1501d, updates:14293, SVD sweeps:5
pose error:[0.010000 0.015000 0.010000 -0.000000 0.049979 -0.000000]
tau[0:6]:[0.839771 0.130674 0.617691 0.624912 0.653099 -0.592692 0.265887]
kernel exec min/avg/max: 94.79 / 98.76 / 112.88 us, samples:14285
pressure status:1, copy rounds total/window:692/11, 4.97 rounds/s
pressure logical copy:6920.00 MiB total, approx 49.74 MiB/s, checksum:921530531840
pressure report window:2.211562 s
t0_region>
[1]:1180
[2]:48
[3]:481
[4]:3314
[5]:5035
[6]:2585
[7]:738
[8]:179
[9]:119
[10]:167
[11]:197
[12]:137
[13]:52
[14]:20
[15]:7
[16]:3
[17]:8
[18]:5
[19]:2
[20]:5
[21]:1
[22]:1
[24]:2
[27]:1

t1_region>
[2]:66
[3]:1013
[4]:115
[5]:24
[6]:6
[7]:4
[8]:89
[9]:203
[10]:368
[11]:1108
[12]:2177
[13]:2362
[14]:2197
[15]:1864
[16]:1108
[17]:497
[18]:169
[19]:95
[20]:103
[21]:133
[22]:199
[23]:143
[24]:69
[25]:32
[26]:21
[27]:24
[28]:11
[29]:24
[30]:14
[31]:11
[32]:10
[33]:6
[34]:5
[35]:3
[36]:4
[37]:7
[38]:3
[39]:1
[41]:1

t2_region>
[98]:264
[99]:719
[100]:147
[101]:55
[102]:24
[103]:11
[104]:21
[105]:105
[106]:112
[107]:156
[108]:284
[109]:881
[110]:1806
[111]:1680
[112]:1235
[113]:1406
[114]:1604
[115]:1453
[116]:785
[117]:415
[118]:177
[119]:140
[120]:160
[121]:164
[122]:97
[123]:66
[124]:45
[125]:43
[126]:49
[127]:27
[128]:33
[129]:14
[130]:26
[131]:23
[132]:21
[133]:12
[134]:8
[135]:2
[136]:5
[137]:3
[138]:6
[139]:1
[140]:2
[141]:2
[142]:1
[143]:2

t0_min: 1.13 us, round:1718
t0_max: 27.38 us, round:13828
t0_jitter: 26.25 us

t1_min: 2.79 us, round:13407
t1_max: 41.25 us, round:13032
t1_jitter: 38.46 us

t2_min: 98.00 us, round:420
t2_max: 143.63 us, round:13032
t2_jitter: 45.63 us

PMU diff samples: 14298
AVG DIFF LL_CACHE_RD: 135.95
AVG DIFF LL_CACHE_MISS_RD: 95.40
AVG DIFF L2D_CACHE_REFILL: 95.45
AVG DIFF L2D_CACHE_INVAL: 0.00
[cur diff] DIFF LL_CACHE_RD: 29, DIFF LL_CACHE_MISS_RD: 0, MISS_RATE: 0.00%
[cur diff] DIFF L2D_CACHE_REFILL: 0
[cur diff] DIFF L2D_CACHE_INVAL: 0
[max diff] DIFF LL_CACHE_RD: 157, DIFF LL_CACHE_MISS_RD: 124, MISS_RATE: 78.98%
[max diff] DIFF L2D_CACHE_REFILL: 124
[max diff] DIFF L2D_CACHE_INVAL: 0

===========================================================
taskpendcnt:14503
t0:6333 ns
t1:13625 ns
t2:113083 ns
benchmark: Franka-derived Cartesian-impedance kernel, input trace:8, timer period:10.000 ms
controller source: franka_ros2 jazzy@73a1501d, updates:14514, SVD sweeps:5
pose error:[0.010000 0.015000 0.010000 -0.000000 0.049979 -0.000000]
tau[0:6]:[-2.379368 -1.292411 -1.655224 -1.570015 -1.185234 -0.066588 -0.610247]
kernel exec min/avg/max: 94.79 / 98.76 / 112.88 us, samples:14506
pressure status:1, copy rounds total/window:702/10, 4.52 rounds/s
pressure logical copy:7020.00 MiB total, approx 45.19 MiB/s, checksum:934847447040
pressure report window:2.212798 s
t0_region>
[1]:1198
[2]:50
[3]:485
[4]:3360
[5]:5113
[6]:2636
[7]:748
[8]:182
[9]:120
[10]:168
[11]:200
[12]:139
[13]:54
[14]:20
[15]:7
[16]:3
[17]:8
[18]:5
[19]:2
[20]:5
[21]:1
[22]:1
[24]:2
[27]:1

t1_region>
[2]:67
[3]:1030
[4]:115
[5]:26
[6]:6
[7]:4
[8]:89
[9]:203
[10]:369
[11]:1125
[12]:2204
[13]:2398
[14]:2239
[15]:1900
[16]:1132
[17]:504
[18]:171
[19]:96
[20]:103
[21]:135
[22]:202
[23]:144
[24]:71
[25]:32
[26]:21
[27]:24
[28]:11
[29]:24
[30]:14
[31]:11
[32]:10
[33]:6
[34]:5
[35]:3
[36]:4
[37]:7
[38]:3
[39]:1
[41]:1

t2_region>
[98]:268
[99]:728
[100]:153
[101]:56
[102]:25
[103]:11
[104]:21
[105]:105
[106]:112
[107]:156
[108]:286
[109]:888
[110]:1836
[111]:1708
[112]:1255
[113]:1424
[114]:1639
[115]:1481
[116]:800
[117]:420
[118]:182
[119]:142
[120]:162
[121]:165
[122]:98
[123]:66
[124]:46
[125]:44
[126]:49
[127]:27
[128]:33
[129]:14
[130]:26
[131]:23
[132]:21
[133]:12
[134]:8
[135]:2
[136]:5
[137]:3
[138]:6
[139]:1
[140]:2
[141]:2
[142]:1
[143]:2

t0_min: 1.13 us, round:1718
t0_max: 27.38 us, round:13828
t0_jitter: 26.25 us

t1_min: 2.79 us, round:13407
t1_max: 41.25 us, round:13032
t1_jitter: 38.46 us

t2_min: 98.00 us, round:420
t2_max: 143.63 us, round:13032
t2_jitter: 45.63 us

PMU diff samples: 14520
AVG DIFF LL_CACHE_RD: 135.93
AVG DIFF LL_CACHE_MISS_RD: 95.38
AVG DIFF L2D_CACHE_REFILL: 95.43
AVG DIFF L2D_CACHE_INVAL: 0.00
[cur diff] DIFF LL_CACHE_RD: 44, DIFF LL_CACHE_MISS_RD: 0, MISS_RATE: 0.00%
[cur diff] DIFF L2D_CACHE_REFILL: 1
[cur diff] DIFF L2D_CACHE_INVAL: 0
[max diff] DIFF LL_CACHE_RD: 157, DIFF LL_CACHE_MISS_RD: 124, MISS_RATE: 78.98%
[max diff] DIFF L2D_CACHE_REFILL: 124
[max diff] DIFF L2D_CACHE_INVAL: 0

===========================================================
taskpendcnt:14724
t0:7541 ns
t1:17750 ns
t2:117500 ns
benchmark: Franka-derived Cartesian-impedance kernel, input trace:8, timer period:10.000 ms
controller source: franka_ros2 jazzy@73a1501d, updates:14735, SVD sweeps:5
pose error:[0.010000 0.015000 0.010000 -0.000000 0.049979 -0.000000]
tau[0:6]:[1.376914 -0.104433 0.790225 0.843903 0.642107 -0.956178 0.423547]
kernel exec min/avg/max: 94.79 / 98.76 / 112.88 us, samples:14727
pressure status:1, copy rounds total/window:713/11, 4.97 rounds/s
pressure logical copy:7130.00 MiB total, approx 49.73 MiB/s, checksum:949496053760
pressure report window:2.211779 s
t0_region>
[1]:1218
[2]:50
[3]:487
[4]:3406
[5]:5202
[6]:2681
[7]:756
[8]:185
[9]:120
[10]:168
[11]:205
[12]:142
[13]:54
[14]:20
[15]:7
[16]:3
[17]:8
[18]:5
[19]:2
[20]:5
[21]:1
[22]:1
[24]:2
[27]:1

t1_region>
[2]:68
[3]:1049
[4]:115
[5]:26
[6]:6
[7]:4
[8]:89
[9]:203
[10]:369
[11]:1146
[12]:2233
[13]:2435
[14]:2278
[15]:1941
[16]:1151
[17]:509
[18]:173
[19]:96
[20]:103
[21]:135
[22]:206
[23]:147
[24]:72
[25]:32
[26]:21
[27]:24
[28]:11
[29]:24
[30]:14
[31]:11
[32]:10
[33]:6
[34]:5
[35]:3
[36]:4
[37]:7
[38]:3
[39]:1
[41]:1

t2_region>
[98]:270
[99]:744
[100]:155
[101]:56
[102]:25
[103]:11
[104]:21
[105]:105
[106]:112
[107]:156
[108]:286
[109]:906
[110]:1862
[111]:1729
[112]:1274
[113]:1455
[114]:1668
[115]:1512
[116]:811
[117]:425
[118]:184
[119]:142
[120]:164
[121]:168
[122]:100
[123]:66
[124]:46
[125]:45
[126]:49
[127]:27
[128]:33
[129]:14
[130]:26
[131]:23
[132]:21
[133]:12
[134]:8
[135]:2
[136]:5
[137]:3
[138]:6
[139]:1
[140]:2
[141]:2
[142]:1
[143]:2

t0_min: 1.13 us, round:1718
t0_max: 27.38 us, round:13828
t0_jitter: 26.25 us

t1_min: 2.79 us, round:13407
t1_max: 41.25 us, round:13032
t1_jitter: 38.46 us

t2_min: 98.00 us, round:420
t2_max: 143.63 us, round:13032
t2_jitter: 45.63 us

PMU diff samples: 14741
AVG DIFF LL_CACHE_RD: 135.91
AVG DIFF LL_CACHE_MISS_RD: 95.36
AVG DIFF L2D_CACHE_REFILL: 95.41
AVG DIFF L2D_CACHE_INVAL: 0.00
[cur diff] DIFF LL_CACHE_RD: 44, DIFF LL_CACHE_MISS_RD: 0, MISS_RATE: 0.00%
[cur diff] DIFF L2D_CACHE_REFILL: 1
[cur diff] DIFF L2D_CACHE_INVAL: 0
[max diff] DIFF LL_CACHE_RD: 157, DIFF LL_CACHE_MISS_RD: 124, MISS_RATE: 78.98%
[max diff] DIFF L2D_CACHE_REFILL: 124
[max diff] DIFF L2D_CACHE_INVAL: 0

===========================================================
taskpendcnt:14945
t0:7291 ns
t1:16916 ns
t2:116166 ns
benchmark: Franka-derived Cartesian-impedance kernel, input trace:8, timer period:10.000 ms
controller source: franka_ros2 jazzy@73a1501d, updates:14956, SVD sweeps:5
pose error:[0.010000 0.015000 0.010000 -0.000000 0.049979 -0.000000]
tau[0:6]:[0.839771 0.130674 0.617691 0.624912 0.653099 -0.592692 0.265887]
kernel exec min/avg/max: 94.79 / 98.76 / 112.88 us, samples:14948
pressure status:1, copy rounds total/window:724/11, 4.97 rounds/s
pressure logical copy:7240.00 MiB total, approx 49.73 MiB/s, checksum:964144660480
pressure report window:2.212121 s
t0_region>
[1]:1238
[2]:51
[3]:493
[4]:3449
[5]:5285
[6]:2723
[7]:773
[8]:186
[9]:121
[10]:169
[11]:209
[12]:145
[13]:54
[14]:20
[15]:7
[16]:3
[17]:8
[18]:5
[19]:2
[20]:5
[21]:1
[22]:1
[24]:2
[27]:1

t1_region>
[2]:69
[3]:1066
[4]:118
[5]:26
[6]:6
[7]:4
[8]:89
[9]:203
[10]:371
[11]:1158
[12]:2267
[13]:2479
[14]:2315
[15]:1974
[16]:1170
[17]:516
[18]:176
[19]:98
[20]:103
[21]:137
[22]:207
[23]:150
[24]:74
[25]:32
[26]:21
[27]:24
[28]:11
[29]:24
[30]:14
[31]:11
[32]:10
[33]:6
[34]:5
[35]:3
[36]:4
[37]:7
[38]:3
[39]:1
[41]:1

t2_region>
[98]:275
[99]:755
[100]:157
[101]:57
[102]:25
[103]:12
[104]:21
[105]:105
[106]:112
[107]:156
[108]:288
[109]:912
[110]:1897
[111]:1756
[112]:1297
[113]:1475
[114]:1699
[115]:1539
[116]:824
[117]:432
[118]:185
[119]:143
[120]:167
[121]:168
[122]:104
[123]:66
[124]:46
[125]:46
[126]:49
[127]:27
[128]:33
[129]:14
[130]:26
[131]:23
[132]:21
[133]:12
[134]:8
[135]:2
[136]:5
[137]:3
[138]:6
[139]:1
[140]:2
[141]:2
[142]:1
[143]:2

t0_min: 1.13 us, round:1718
t0_max: 27.38 us, round:13828
t0_jitter: 26.25 us

t1_min: 2.79 us, round:13407
t1_max: 41.25 us, round:13032
t1_jitter: 38.46 us

t2_min: 98.00 us, round:420
t2_max: 143.63 us, round:13032
t2_jitter: 45.63 us

PMU diff samples: 14962
AVG DIFF LL_CACHE_RD: 135.89
AVG DIFF LL_CACHE_MISS_RD: 95.36
AVG DIFF L2D_CACHE_REFILL: 95.41
AVG DIFF L2D_CACHE_INVAL: 0.00
[cur diff] DIFF LL_CACHE_RD: 41, DIFF LL_CACHE_MISS_RD: 0, MISS_RATE: 0.00%
[cur diff] DIFF L2D_CACHE_REFILL: 0
[cur diff] DIFF L2D_CACHE_INVAL: 0
[max diff] DIFF LL_CACHE_RD: 157, DIFF LL_CACHE_MISS_RD: 124, MISS_RATE: 78.98%
[max diff] DIFF L2D_CACHE_REFILL: 124
[max diff] DIFF L2D_CACHE_INVAL: 0

===========================================================
taskpendcnt:15166
t0:4208 ns
t1:11208 ns
t2:110666 ns
benchmark: Franka-derived Cartesian-impedance kernel, input trace:8, timer period:10.000 ms
controller source: franka_ros2 jazzy@73a1501d, updates:15178, SVD sweeps:5
pose error:[0.010000 0.015000 0.010000 -0.000000 0.049979 -0.000000]
tau[0:6]:[-2.379368 -1.292411 -1.655224 -1.570015 -1.185234 -0.066588 -0.610247]
kernel exec min/avg/max: 94.79 / 98.76 / 112.88 us, samples:15170
pressure status:1, copy rounds total/window:734/10, 4.52 rounds/s
pressure logical copy:7340.00 MiB total, approx 45.19 MiB/s, checksum:977461575680
pressure report window:2.212740 s
t0_region>
[1]:1257
[2]:52
[3]:496
[4]:3486
[5]:5381
[6]:2769
[7]:784
[8]:188
[9]:121
[10]:170
[11]:212
[12]:146
[13]:54
[14]:21
[15]:7
[16]:3
[17]:8
[18]:5
[19]:2
[20]:5
[21]:1
[22]:1
[24]:2
[27]:1

t1_region>
[2]:72
[3]:1082
[4]:119
[5]:26
[6]:6
[7]:4
[8]:89
[9]:203
[10]:371
[11]:1170
[12]:2303
[13]:2525
[14]:2357
[15]:2005
[16]:1184
[17]:524
[18]:179
[19]:100
[20]:104
[21]:137
[22]:207
[23]:155
[24]:75
[25]:32
[26]:21
[27]:24
[28]:11
[29]:24
[30]:14
[31]:11
[32]:10
[33]:6
[34]:5
[35]:3
[36]:4
[37]:7
[38]:3
[39]:1
[41]:1

t2_region>
[98]:281
[99]:767
[100]:158
[101]:57
[102]:26
[103]:12
[104]:21
[105]:105
[106]:112
[107]:156
[108]:289
[109]:923
[110]:1928
[111]:1786
[112]:1319
[113]:1500
[114]:1736
[115]:1556
[116]:833
[117]:437
[118]:187
[119]:146
[120]:169
[121]:172
[122]:105
[123]:67
[124]:46
[125]:46
[126]:49
[127]:27
[128]:33
[129]:14
[130]:26
[131]:23
[132]:21
[133]:12
[134]:8
[135]:2
[136]:5
[137]:3
[138]:6
[139]:1
[140]:2
[141]:2
[142]:1
[143]:2

t0_min: 1.13 us, round:1718
t0_max: 27.38 us, round:13828
t0_jitter: 26.25 us

t1_min: 2.79 us, round:13407
t1_max: 41.25 us, round:13032
t1_jitter: 38.46 us

t2_min: 98.00 us, round:420
t2_max: 143.63 us, round:13032
t2_jitter: 45.63 us

PMU diff samples: 15183
AVG DIFF LL_CACHE_RD: 135.88
AVG DIFF LL_CACHE_MISS_RD: 95.34
AVG DIFF L2D_CACHE_REFILL: 95.39
AVG DIFF L2D_CACHE_INVAL: 0.00
[cur diff] DIFF LL_CACHE_RD: 34, DIFF LL_CACHE_MISS_RD: 0, MISS_RATE: 0.00%
[cur diff] DIFF L2D_CACHE_REFILL: 0
[cur diff] DIFF L2D_CACHE_INVAL: 0
[max diff] DIFF LL_CACHE_RD: 157, DIFF LL_CACHE_MISS_RD: 124, MISS_RATE: 78.98%
[max diff] DIFF L2D_CACHE_REFILL: 124
[max diff] DIFF L2D_CACHE_INVAL: 0

===========================================================
taskpendcnt:15388
t0:4833 ns
t1:16208 ns
t2:115375 ns
benchmark: Franka-derived Cartesian-impedance kernel, input trace:8, timer period:10.000 ms
controller source: franka_ros2 jazzy@73a1501d, updates:15399, SVD sweeps:5
pose error:[0.010000 0.015000 0.010000 -0.000000 0.049979 -0.000000]
tau[0:6]:[1.376914 -0.104433 0.790225 0.843903 0.642107 -0.956178 0.423547]
kernel exec min/avg/max: 94.79 / 98.76 / 112.88 us, samples:15391
pressure status:1, copy rounds total/window:745/11, 4.97 rounds/s
pressure logical copy:7450.00 MiB total, approx 49.71 MiB/s, checksum:992110182400
pressure report window:2.212723 s
t0_region>
[1]:1276
[2]:52
[3]:499
[4]:3535
[5]:5469
[6]:2808
[7]:796
[8]:190
[9]:121
[10]:171
[11]:218
[12]:146
[13]:56
[14]:21
[15]:7
[16]:3
[17]:8
[18]:5
[19]:2
[20]:5
[21]:1
[22]:1
[24]:2
[27]:1

t1_region>
[2]:75
[3]:1097
[4]:120
[5]:26
[6]:6
[7]:4
[8]:89
[9]:203
[10]:372
[11]:1179
[12]:2334
[13]:2582
[14]:2389
[15]:2043
[16]:1198
[17]:530
[18]:183
[19]:101
[20]:105
[21]:137
[22]:212
[23]:156
[24]:76
[25]:32
[26]:21
[27]:25
[28]:11
[29]:24
[30]:14
[31]:11
[32]:10
[33]:6
[34]:5
[35]:3
[36]:4
[37]:7
[38]:3
[39]:1
[41]:1

t2_region>
[98]:285
[99]:779
[100]:161
[101]:57
[102]:26
[103]:12
[104]:21
[105]:105
[106]:112
[107]:156
[108]:290
[109]:928
[110]:1962
[111]:1817
[112]:1337
[113]:1523
[114]:1772
[115]:1580
[116]:844
[117]:443
[118]:191
[119]:147
[120]:173
[121]:173
[122]:106
[123]:68
[124]:46
[125]:46
[126]:49
[127]:28
[128]:33
[129]:14
[130]:26
[131]:23
[132]:21
[133]:12
[134]:8
[135]:2
[136]:5
[137]:3
[138]:6
[139]:1
[140]:2
[141]:2
[142]:1
[143]:2

t0_min: 1.13 us, round:1718
t0_max: 27.38 us, round:13828
t0_jitter: 26.25 us

t1_min: 2.79 us, round:13407
t1_max: 41.25 us, round:13032
t1_jitter: 38.46 us

t2_min: 98.00 us, round:420
t2_max: 143.63 us, round:13032
t2_jitter: 45.63 us

PMU diff samples: 15405
AVG DIFF LL_CACHE_RD: 135.84
AVG DIFF LL_CACHE_MISS_RD: 95.32
AVG DIFF L2D_CACHE_REFILL: 95.37
AVG DIFF L2D_CACHE_INVAL: 0.00
[cur diff] DIFF LL_CACHE_RD: 40, DIFF LL_CACHE_MISS_RD: 0, MISS_RATE: 0.00%
[cur diff] DIFF L2D_CACHE_REFILL: 0
[cur diff] DIFF L2D_CACHE_INVAL: 0
[max diff] DIFF LL_CACHE_RD: 157, DIFF LL_CACHE_MISS_RD: 124, MISS_RATE: 78.98%
[max diff] DIFF L2D_CACHE_REFILL: 124
[max diff] DIFF L2D_CACHE_INVAL: 0

===========================================================
taskpendcnt:15609
t0:6333 ns
t1:16541 ns
t2:117750 ns
benchmark: Franka-derived Cartesian-impedance kernel, input trace:8, timer period:10.000 ms
controller source: franka_ros2 jazzy@73a1501d, updates:15620, SVD sweeps:5
pose error:[0.010000 0.015000 0.010000 -0.000000 0.049979 -0.000000]
tau[0:6]:[-0.274004 -0.324180 0.001577 -0.231466 0.050986 -0.328952 0.010844]
kernel exec min/avg/max: 94.79 / 98.76 / 112.88 us, samples:15612
pressure status:1, copy rounds total/window:756/11, 4.97 rounds/s
pressure logical copy:7560.00 MiB total, approx 49.72 MiB/s, checksum:1006758789120
pressure report window:2.212423 s
t0_region>
[1]:1295
[2]:53
[3]:502
[4]:3588
[5]:5544
[6]:2855
[7]:809
[8]:193
[9]:121
[10]:175
[11]:221
[12]:146
[13]:56
[14]:21
[15]:7
[16]:3
[17]:8
[18]:5
[19]:2
[20]:5
[21]:1
[22]:1
[24]:2
[27]:1

t1_region>
[2]:76
[3]:1112
[4]:123
[5]:27
[6]:6
[7]:4
[8]:89
[9]:203
[10]:379
[11]:1194
[12]:2371
[13]:2619
[14]:2424
[15]:2079
[16]:1217
[17]:533
[18]:186
[19]:103
[20]:106
[21]:140
[22]:214
[23]:157
[24]:76
[25]:32
[26]:21
[27]:25
[28]:11
[29]:24
[30]:14
[31]:11
[32]:10
[33]:6
[34]:5
[35]:3
[36]:4
[37]:7
[38]:3
[39]:1
[41]:1

t2_region>
[98]:294
[99]:788
[100]:162
[101]:57
[102]:28
[103]:12
[104]:21
[105]:105
[106]:112
[107]:156
[108]:296
[109]:940
[110]:1991
[111]:1837
[112]:1360
[113]:1553
[114]:1798
[115]:1608
[116]:856
[117]:449
[118]:193
[119]:151
[120]:174
[121]:175
[122]:106
[123]:68
[124]:46
[125]:46
[126]:49
[127]:28
[128]:33
[129]:14
[130]:26
[131]:23
[132]:21
[133]:12
[134]:8
[135]:2
[136]:5
[137]:3
[138]:6
[139]:1
[140]:2
[141]:2
[142]:1
[143]:2

t0_min: 1.13 us, round:1718
t0_max: 27.38 us, round:13828
t0_jitter: 26.25 us

t1_min: 2.79 us, round:13407
t1_max: 41.25 us, round:13032
t1_jitter: 38.46 us

t2_min: 98.00 us, round:420
t2_max: 143.63 us, round:13032
t2_jitter: 45.63 us

PMU diff samples: 15626
AVG DIFF LL_CACHE_RD: 135.82
AVG DIFF LL_CACHE_MISS_RD: 95.31
AVG DIFF L2D_CACHE_REFILL: 95.36
AVG DIFF L2D_CACHE_INVAL: 0.00
[cur diff] DIFF LL_CACHE_RD: 36, DIFF LL_CACHE_MISS_RD: 0, MISS_RATE: 0.00%
[cur diff] DIFF L2D_CACHE_REFILL: 1
[cur diff] DIFF L2D_CACHE_INVAL: 0
[max diff] DIFF LL_CACHE_RD: 157, DIFF LL_CACHE_MISS_RD: 124, MISS_RATE: 78.98%
[max diff] DIFF L2D_CACHE_REFILL: 124
[max diff] DIFF L2D_CACHE_INVAL: 0

===========================================================
taskpendcnt:15830
t0:4625 ns
t1:12500 ns
t2:110500 ns
benchmark: Franka-derived Cartesian-impedance kernel, input trace:8, timer period:10.000 ms
controller source: franka_ros2 jazzy@73a1501d, updates:15841, SVD sweeps:5
pose error:[0.010000 0.015000 0.010000 -0.000000 0.049979 -0.000000]
tau[0:6]:[-2.379368 -1.292411 -1.655224 -1.570015 -1.185234 -0.066588 -0.610247]
kernel exec min/avg/max: 94.79 / 98.76 / 112.88 us, samples:15833
pressure status:1, copy rounds total/window:766/10, 4.52 rounds/s
pressure logical copy:7660.00 MiB total, approx 45.20 MiB/s, checksum:1020075704320
pressure report window:2.212492 s
t0_region>
[1]:1316
[2]:53
[3]:506
[4]:3648
[5]:5624
[6]:2887
[7]:822
[8]:195
[9]:123
[10]:176
[11]:225
[12]:147
[13]:57
[14]:22
[15]:7
[16]:3
[17]:8
[18]:5
[19]:2
[20]:5
[21]:1
[22]:1
[24]:2
[27]:1

t1_region>
[2]:77
[3]:1130
[4]:125
[5]:27
[6]:6
[7]:4
[8]:89
[9]:203
[10]:383
[11]:1209
[12]:2409
[13]:2650
[14]:2458
[15]:2117
[16]:1239
[17]:539
[18]:189
[19]:105
[20]:107
[21]:141
[22]:218
[23]:157
[24]:78
[25]:32
[26]:21
[27]:25
[28]:11
[29]:24
[30]:14
[31]:11
[32]:10
[33]:6
[34]:5
[35]:3
[36]:4
[37]:7
[38]:3
[39]:1
[41]:1

t2_region>
[98]:300
[99]:800
[100]:163
[101]:57
[102]:29
[103]:12
[104]:21
[105]:105
[106]:112
[107]:156
[108]:299
[109]:957
[110]:2023
[111]:1862
[112]:1370
[113]:1582
[114]:1825
[115]:1632
[116]:872
[117]:456
[118]:197
[119]:151
[120]:178
[121]:176
[122]:106
[123]:69
[124]:46
[125]:47
[126]:49
[127]:28
[128]:33
[129]:14
[130]:26
[131]:23
[132]:21
[133]:12
[134]:8
[135]:2
[136]:5
[137]:3
[138]:6
[139]:1
[140]:2
[141]:2
[142]:1
[143]:2

t0_min: 1.13 us, round:1718
t0_max: 27.38 us, round:13828
t0_jitter: 26.25 us

t1_min: 2.79 us, round:13407
t1_max: 41.25 us, round:13032
t1_jitter: 38.46 us

t2_min: 98.00 us, round:420
t2_max: 143.63 us, round:13032
t2_jitter: 45.63 us

PMU diff samples: 15847
AVG DIFF LL_CACHE_RD: 135.80
AVG DIFF LL_CACHE_MISS_RD: 95.29
AVG DIFF L2D_CACHE_REFILL: 95.34
AVG DIFF L2D_CACHE_INVAL: 0.00
[cur diff] DIFF LL_CACHE_RD: 48, DIFF LL_CACHE_MISS_RD: 0, MISS_RATE: 0.00%
[cur diff] DIFF L2D_CACHE_REFILL: 0
[cur diff] DIFF L2D_CACHE_INVAL: 0
[max diff] DIFF LL_CACHE_RD: 157, DIFF LL_CACHE_MISS_RD: 124, MISS_RATE: 78.98%
[max diff] DIFF L2D_CACHE_REFILL: 124
[max diff] DIFF L2D_CACHE_INVAL: 0

===========================================================
taskpendcnt:16051
t0:5333 ns
t1:13500 ns
t2:113833 ns
benchmark: Franka-derived Cartesian-impedance kernel, input trace:8, timer period:10.000 ms
controller source: franka_ros2 jazzy@73a1501d, updates:16063, SVD sweeps:5
pose error:[0.010000 0.015000 0.010000 -0.000000 0.049979 -0.000000]
tau[0:6]:[1.376914 -0.104433 0.790225 0.843903 0.642107 -0.956178 0.423547]
kernel exec min/avg/max: 94.79 / 98.76 / 112.88 us, samples:16055
pressure status:1, copy rounds total/window:777/11, 4.97 rounds/s
pressure logical copy:7770.00 MiB total, approx 49.71 MiB/s, checksum:1034724311040
pressure report window:2.212768 s
t0_region>
[1]:1334
[2]:55
[3]:507
[4]:3691
[5]:5720
[6]:2927
[7]:833
[8]:196
[9]:125
[10]:178
[11]:227
[12]:150
[13]:57
[14]:22
[15]:7
[16]:3
[17]:8
[18]:5
[19]:2
[20]:5
[21]:1
[22]:1
[24]:2
[27]:1

t1_region>
[2]:81
[3]:1143
[4]:127
[5]:28
[6]:6
[7]:4
[8]:89
[9]:203
[10]:386
[11]:1217
[12]:2444
[13]:2696
[14]:2498
[15]:2143
[16]:1259
[17]:547
[18]:192
[19]:108
[20]:108
[21]:144
[22]:220
[23]:160
[24]:78
[25]:32
[26]:21
[27]:25
[28]:11
[29]:24
[30]:14
[31]:11
[32]:10
[33]:6
[34]:5
[35]:3
[36]:4
[37]:7
[38]:3
[39]:1
[41]:1

t2_region>
[98]:307
[99]:810
[100]:164
[101]:58
[102]:30
[103]:12
[104]:21
[105]:105
[106]:112
[107]:156
[108]:301
[109]:967
[110]:2046
[111]:1899
[112]:1393
[113]:1599
[114]:1850
[115]:1656
[116]:892
[117]:463
[118]:200
[119]:155
[120]:179
[121]:179
[122]:107
[123]:69
[124]:46
[125]:48
[126]:49
[127]:28
[128]:33
[129]:14
[130]:26
[131]:23
[132]:21
[133]:12
[134]:8
[135]:2
[136]:5
[137]:3
[138]:6
[139]:1
[140]:2
[141]:2
[142]:1
[143]:2

t0_min: 1.13 us, round:1718
t0_max: 27.38 us, round:13828
t0_jitter: 26.25 us

t1_min: 2.79 us, round:13407
t1_max: 41.25 us, round:13032
t1_jitter: 38.46 us

t2_min: 98.00 us, round:420
t2_max: 143.63 us, round:13032
t2_jitter: 45.63 us

PMU diff samples: 16068
AVG DIFF LL_CACHE_RD: 135.80
AVG DIFF LL_CACHE_MISS_RD: 95.29
AVG DIFF L2D_CACHE_REFILL: 95.34
AVG DIFF L2D_CACHE_INVAL: 0.00
[cur diff] DIFF LL_CACHE_RD: 40, DIFF LL_CACHE_MISS_RD: 0, MISS_RATE: 0.00%
[cur diff] DIFF L2D_CACHE_REFILL: 0
[cur diff] DIFF L2D_CACHE_INVAL: 0
[max diff] DIFF LL_CACHE_RD: 157, DIFF LL_CACHE_MISS_RD: 124, MISS_RATE: 78.98%
[max diff] DIFF L2D_CACHE_REFILL: 124
[max diff] DIFF L2D_CACHE_INVAL: 0

===========================================================
taskpendcnt:16273
t0:5666 ns
t1:12958 ns
t2:110958 ns
benchmark: Franka-derived Cartesian-impedance kernel, input trace:8, timer period:10.000 ms
controller source: franka_ros2 jazzy@73a1501d, updates:16284, SVD sweeps:5
pose error:[0.010000 0.015000 0.010000 -0.000000 0.049979 -0.000000]
tau[0:6]:[-0.274004 -0.324180 0.001577 -0.231466 0.050986 -0.328952 0.010844]
kernel exec min/avg/max: 94.79 / 98.76 / 112.88 us, samples:16276
pressure status:1, copy rounds total/window:788/11, 4.97 rounds/s
pressure logical copy:7880.00 MiB total, approx 49.72 MiB/s, checksum:1049372917760
pressure report window:2.212420 s
t0_region>
[1]:1353
[2]:56
[3]:510
[4]:3747
[5]:5798
[6]:2974
[7]:837
[8]:200
[9]:125
[10]:180
[11]:232
[12]:152
[13]:57
[14]:22
[15]:7
[16]:3
[17]:8
[18]:5
[19]:2
[20]:5
[21]:1
[22]:1
[24]:2
[27]:1

t1_region>
[2]:82
[3]:1159
[4]:129
[5]:29
[6]:6
[7]:4
[8]:89
[9]:203
[10]:387
[11]:1235
[12]:2486
[13]:2729
[14]:2538
[15]:2168
[16]:1282
[17]:555
[18]:194
[19]:108
[20]:108
[21]:146
[22]:225
[23]:162
[24]:78
[25]:32
[26]:21
[27]:25
[28]:11
[29]:24
[30]:14
[31]:11
[32]:10
[33]:6
[34]:5
[35]:3
[36]:4
[37]:7
[38]:3
[39]:1
[41]:1

t2_region>
[98]:312
[99]:821
[100]:165
[101]:61
[102]:30
[103]:12
[104]:21
[105]:105
[106]:112
[107]:156
[108]:302
[109]:987
[110]:2076
[111]:1922
[112]:1413
[113]:1626
[114]:1877
[115]:1676
[116]:907
[117]:469
[118]:201
[119]:159
[120]:181
[121]:184
[122]:107
[123]:69
[124]:46
[125]:48
[126]:49
[127]:28
[128]:33
[129]:14
[130]:26
[131]:23
[132]:21
[133]:12
[134]:8
[135]:2
[136]:5
[137]:3
[138]:6
[139]:1
[140]:2
[141]:2
[142]:1
[143]:2

t0_min: 1.13 us, round:1718
t0_max: 27.38 us, round:13828
t0_jitter: 26.25 us

t1_min: 2.79 us, round:13407
t1_max: 41.25 us, round:13032
t1_jitter: 38.46 us

t2_min: 98.00 us, round:420
t2_max: 143.63 us, round:13032
t2_jitter: 45.63 us

PMU diff samples: 16290
AVG DIFF LL_CACHE_RD: 135.78
AVG DIFF LL_CACHE_MISS_RD: 95.27
AVG DIFF L2D_CACHE_REFILL: 95.32
AVG DIFF L2D_CACHE_INVAL: 0.00
[cur diff] DIFF LL_CACHE_RD: 40, DIFF LL_CACHE_MISS_RD: 0, MISS_RATE: 0.00%
[cur diff] DIFF L2D_CACHE_REFILL: 0
[cur diff] DIFF L2D_CACHE_INVAL: 0
[max diff] DIFF LL_CACHE_RD: 157, DIFF LL_CACHE_MISS_RD: 124, MISS_RATE: 78.98%
[max diff] DIFF L2D_CACHE_REFILL: 124
[max diff] DIFF L2D_CACHE_INVAL: 0

===========================================================
taskpendcnt:16494
t0:5708 ns
t1:13583 ns
t2:113333 ns
benchmark: Franka-derived Cartesian-impedance kernel, input trace:8, timer period:10.000 ms
controller source: franka_ros2 jazzy@73a1501d, updates:16505, SVD sweeps:5
pose error:[0.010000 0.015000 0.010000 -0.000000 0.049979 -0.000000]
tau[0:6]:[-2.781770 -1.613002 -1.930139 -1.581803 -1.382951 -0.390599 -0.663394]
kernel exec min/avg/max: 94.79 / 98.76 / 112.88 us, samples:16497
pressure status:1, copy rounds total/window:798/10, 4.52 rounds/s
pressure logical copy:7980.00 MiB total, approx 45.20 MiB/s, checksum:1062689832960
pressure report window:2.212537 s
t0_region>
[1]:1373
[2]:56
[3]:512
[4]:3796
[5]:5886
[6]:3017
[7]:847
[8]:200
[9]:126
[10]:182
[11]:233
[12]:155
[13]:58
[14]:22
[15]:7
[16]:3
[17]:8
[18]:5
[19]:2
[20]:5
[21]:1
[22]:1
[24]:3
[27]:1

t1_region>
[2]:84
[3]:1176
[4]:130
[5]:29
[6]:6
[7]:4
[8]:89
[9]:203
[10]:389
[11]:1249
[12]:2526
[13]:2763
[14]:2579
[15]:2199
[16]:1302
[17]:560
[18]:196
[19]:110
[20]:108
[21]:148
[22]:228
[23]:163
[24]:79
[25]:33
[26]:22
[27]:25
[28]:11
[29]:24
[30]:14
[31]:11
[32]:10
[33]:6
[34]:5
[35]:3
[36]:4
[37]:7
[38]:4
[39]:1
[41]:1

t2_region>
[98]:317
[99]:831
[100]:170
[101]:62
[102]:30
[103]:12
[104]:21
[105]:105
[106]:112
[107]:156
[108]:303
[109]:998
[110]:2107
[111]:1945
[112]:1435
[113]:1651
[114]:1911
[115]:1699
[116]:921
[117]:473
[118]:204
[119]:160
[120]:185
[121]:185
[122]:107
[123]:69
[124]:47
[125]:49
[126]:49
[127]:29
[128]:33
[129]:14
[130]:26
[131]:23
[132]:21
[133]:12
[134]:8
[135]:2
[136]:5
[137]:3
[138]:6
[139]:1
[140]:2
[141]:2
[142]:2
[143]:2

t0_min: 1.13 us, round:1718
t0_max: 27.38 us, round:13828
t0_jitter: 26.25 us

t1_min: 2.79 us, round:13407
t1_max: 41.25 us, round:13032
t1_jitter: 38.46 us

t2_min: 98.00 us, round:420
t2_max: 143.63 us, round:13032
t2_jitter: 45.63 us

PMU diff samples: 16511
AVG DIFF LL_CACHE_RD: 135.78
AVG DIFF LL_CACHE_MISS_RD: 95.27
AVG DIFF L2D_CACHE_REFILL: 95.31
AVG DIFF L2D_CACHE_INVAL: 0.00
[cur diff] DIFF LL_CACHE_RD: 46, DIFF LL_CACHE_MISS_RD: 0, MISS_RATE: 0.00%
[cur diff] DIFF L2D_CACHE_REFILL: 0
[cur diff] DIFF L2D_CACHE_INVAL: 0
[max diff] DIFF LL_CACHE_RD: 157, DIFF LL_CACHE_MISS_RD: 124, MISS_RATE: 78.98%
[max diff] DIFF L2D_CACHE_REFILL: 124
[max diff] DIFF L2D_CACHE_INVAL: 0

===========================================================
taskpendcnt:16715
t0:6333 ns
t1:13916 ns
t2:117250 ns
benchmark: Franka-derived Cartesian-impedance kernel, input trace:8, timer period:10.000 ms
controller source: franka_ros2 jazzy@73a1501d, updates:16727, SVD sweeps:5
pose error:[0.010000 0.015000 0.010000 -0.000000 0.049979 -0.000000]
tau[0:6]:[1.376914 -0.104433 0.790225 0.843903 0.642107 -0.956178 0.423547]
kernel exec min/avg/max: 94.79 / 98.76 / 112.88 us, samples:16718
pressure status:1, copy rounds total/window:809/11, 4.97 rounds/s
pressure logical copy:8090.00 MiB total, approx 49.71 MiB/s, checksum:1077338439680
pressure report window:2.212750 s
t0_region>
[1]:1394
[2]:56
[3]:515
[4]:3845
[5]:5981
[6]:3053
[7]:854
[8]:201
[9]:128
[10]:183
[11]:238
[12]:157
[13]:58
[14]:22
[15]:7
[16]:3
[17]:8
[18]:5
[19]:2
[20]:5
[21]:1
[22]:1
[24]:3
[27]:1

t1_region>
[2]:84
[3]:1195
[4]:131
[5]:30
[6]:6
[7]:4
[8]:89
[9]:203
[10]:393
[11]:1262
[12]:2565
[13]:2809
[14]:2609
[15]:2230
[16]:1322
[17]:566
[18]:197
[19]:112
[20]:109
[21]:151
[22]:230
[23]:165
[24]:80
[25]:33
[26]:22
[27]:25
[28]:11
[29]:24
[30]:14
[31]:11
[32]:10
[33]:6
[34]:5
[35]:3
[36]:4
[37]:7
[38]:4
[39]:1
[41]:1

t2_region>
[98]:319
[99]:845
[100]:173
[101]:62
[102]:30
[103]:13
[104]:21
[105]:105
[106]:112
[107]:156
[108]:305
[109]:1010
[110]:2139
[111]:1977
[112]:1453
[113]:1672
[114]:1942
[115]:1727
[116]:929
[117]:478
[118]:206
[119]:164
[120]:186
[121]:187
[122]:109
[123]:69
[124]:48
[125]:49
[126]:49
[127]:29
[128]:33
[129]:14
[130]:26
[131]:23
[132]:21
[133]:12
[134]:8
[135]:2
[136]:5
[137]:3
[138]:6
[139]:1
[140]:2
[141]:2
[142]:2
[143]:2

t0_min: 1.13 us, round:1718
t0_max: 27.38 us, round:13828
t0_jitter: 26.25 us

t1_min: 2.79 us, round:13407
t1_max: 41.25 us, round:13032
t1_jitter: 38.46 us

t2_min: 98.00 us, round:420
t2_max: 143.63 us, round:13032
t2_jitter: 45.63 us

PMU diff samples: 16732
AVG DIFF LL_CACHE_RD: 135.77
AVG DIFF LL_CACHE_MISS_RD: 95.26
AVG DIFF L2D_CACHE_REFILL: 95.31
AVG DIFF L2D_CACHE_INVAL: 0.00
[cur diff] DIFF LL_CACHE_RD: 30, DIFF LL_CACHE_MISS_RD: 0, MISS_RATE: 0.00%
[cur diff] DIFF L2D_CACHE_REFILL: 0
[cur diff] DIFF L2D_CACHE_INVAL: 0
[max diff] DIFF LL_CACHE_RD: 157, DIFF LL_CACHE_MISS_RD: 124, MISS_RATE: 78.98%
[max diff] DIFF L2D_CACHE_REFILL: 124
[max diff] DIFF L2D_CACHE_INVAL: 0

===========================================================
taskpendcnt:16936
t0:4416 ns
t1:12291 ns
t2:112041 ns
benchmark: Franka-derived Cartesian-impedance kernel, input trace:8, timer period:10.000 ms
controller source: franka_ros2 jazzy@73a1501d, updates:16948, SVD sweeps:5
pose error:[0.010000 0.015000 0.010000 -0.000000 0.049979 -0.000000]
tau[0:6]:[-0.274004 -0.324180 0.001577 -0.231466 0.050986 -0.328952 0.010844]
kernel exec min/avg/max: 94.79 / 98.75 / 112.88 us, samples:16940
pressure status:1, copy rounds total/window:819/10, 4.52 rounds/s
pressure logical copy:8190.00 MiB total, approx 45.20 MiB/s, checksum:1090655354880
pressure report window:2.212395 s
t0_region>
[1]:1413
[2]:57
[3]:517
[4]:3899
[5]:6069
[6]:3094
[7]:859
[8]:203
[9]:128
[10]:185
[11]:243
[12]:159
[13]:58
[14]:22
[15]:7
[16]:3
[17]:8
[18]:5
[19]:2
[20]:5
[21]:1
[22]:1
[24]:3
[27]:1

t1_region>
[2]:85
[3]:1211
[4]:133
[5]:31
[6]:6
[7]:4
[8]:89
[9]:203
[10]:396
[11]:1282
[12]:2601
[13]:2848
[14]:2645
[15]:2262
[16]:1340
[17]:571
[18]:199
[19]:113
[20]:109
[21]:154
[22]:235
[23]:166
[24]:80
[25]:33
[26]:22
[27]:25
[28]:11
[29]:24
[30]:14
[31]:11
[32]:10
[33]:6
[34]:5
[35]:3
[36]:4
[37]:7
[38]:4
[39]:1
[41]:1

t2_region>
[98]:323
[99]:858
[100]:174
[101]:63
[102]:31
[103]:13
[104]:21
[105]:105
[106]:112
[107]:156
[108]:309
[109]:1026
[110]:2171
[111]:1999
[112]:1473
[113]:1696
[114]:1972
[115]:1750
[116]:943
[117]:484
[118]:207
[119]:166
[120]:188
[121]:190
[122]:109
[123]:69
[124]:49
[125]:49
[126]:49
[127]:30
[128]:33
[129]:14
[130]:26
[131]:23
[132]:21
[133]:12
[134]:8
[135]:2
[136]:5
[137]:3
[138]:6
[139]:1
[140]:2
[141]:2
[142]:2
[143]:2

t0_min: 1.13 us, round:1718
t0_max: 27.38 us, round:13828
t0_jitter: 26.25 us

t1_min: 2.79 us, round:13407
t1_max: 41.25 us, round:13032
t1_jitter: 38.46 us

t2_min: 98.00 us, round:420
t2_max: 143.63 us, round:13032
t2_jitter: 45.63 us

PMU diff samples: 16953
AVG DIFF LL_CACHE_RD: 135.75
AVG DIFF LL_CACHE_MISS_RD: 95.26
AVG DIFF L2D_CACHE_REFILL: 95.30
AVG DIFF L2D_CACHE_INVAL: 0.00
[cur diff] DIFF LL_CACHE_RD: 28, DIFF LL_CACHE_MISS_RD: 0, MISS_RATE: 0.00%
[cur diff] DIFF L2D_CACHE_REFILL: 0
[cur diff] DIFF L2D_CACHE_INVAL: 0
[max diff] DIFF LL_CACHE_RD: 157, DIFF LL_CACHE_MISS_RD: 124, MISS_RATE: 78.98%
[max diff] DIFF L2D_CACHE_REFILL: 124
[max diff] DIFF L2D_CACHE_INVAL: 0

===========================================================
taskpendcnt:17158
t0:11458 ns
t1:27500 ns
t2:128125 ns
benchmark: Franka-derived Cartesian-impedance kernel, input trace:8, timer period:10.000 ms
controller source: franka_ros2 jazzy@73a1501d, updates:17169, SVD sweeps:5
pose error:[0.010000 0.015000 0.010000 -0.000000 0.049979 -0.000000]
tau[0:6]:[-2.781770 -1.613002 -1.930139 -1.581803 -1.382951 -0.390599 -0.663394]
kernel exec min/avg/max: 94.79 / 98.76 / 112.88 us, samples:17161
pressure status:1, copy rounds total/window:830/11, 4.97 rounds/s
pressure logical copy:8300.00 MiB total, approx 49.71 MiB/s, checksum:1105303961600
pressure report window:2.212851 s
t0_region>
[1]:1429
[2]:61
[3]:527
[4]:3948
[5]:6127
[6]:3135
[7]:873
[8]:211
[9]:132
[10]:189
[11]:249
[12]:159
[13]:61
[14]:24
[15]:7
[16]:4
[17]:8
[18]:6
[19]:2
[20]:5
[21]:1
[22]:1
[24]:3
[27]:1

t1_region>
[2]:86
[3]:1225
[4]:135
[5]:33
[6]:7
[7]:4
[8]:89
[9]:203
[10]:404
[11]:1301
[12]:2621
[13]:2881
[14]:2678
[15]:2288
[16]:1356
[17]:579
[18]:205
[19]:118
[20]:114
[21]:157
[22]:236
[23]:168
[24]:84
[25]:34
[26]:24
[27]:26
[28]:12
[29]:24
[30]:16
[31]:14
[32]:10
[33]:7
[34]:6
[35]:3
[36]:4
[37]:7
[38]:4
[39]:1
[41]:1

t2_region>
[98]:327
[99]:868
[100]:176
[101]:65
[102]:32
[103]:14
[104]:22
[105]:105
[106]:112
[107]:156
[108]:316
[109]:1043
[110]:2184
[111]:2018
[112]:1493
[113]:1719
[114]:1994
[115]:1773
[116]:952
[117]:493
[118]:213
[119]:171
[120]:192
[121]:192
[122]:111
[123]:70
[124]:51
[125]:51
[126]:51
[127]:30
[128]:35
[129]:17
[130]:27
[131]:24
[132]:23
[133]:14
[134]:8
[135]:4
[136]:5
[137]:3
[138]:6
[139]:1
[140]:2
[141]:2
[142]:2
[143]:2

t0_min: 1.13 us, round:1718
t0_max: 27.38 us, round:13828
t0_jitter: 26.25 us

t1_min: 2.79 us, round:13407
t1_max: 41.25 us, round:13032
t1_jitter: 38.46 us

t2_min: 98.00 us, round:420
t2_max: 143.63 us, round:13032
t2_jitter: 45.63 us

PMU diff samples: 17175
AVG DIFF LL_CACHE_RD: 135.72
AVG DIFF LL_CACHE_MISS_RD: 95.23
AVG DIFF L2D_CACHE_REFILL: 95.28
AVG DIFF L2D_CACHE_INVAL: 0.00
[cur diff] DIFF LL_CACHE_RD: 44, DIFF LL_CACHE_MISS_RD: 0, MISS_RATE: 0.00%
[cur diff] DIFF L2D_CACHE_REFILL: 0
[cur diff] DIFF L2D_CACHE_INVAL: 0
[max diff] DIFF LL_CACHE_RD: 157, DIFF LL_CACHE_MISS_RD: 124, MISS_RATE: 78.98%
[max diff] DIFF L2D_CACHE_REFILL: 124
[max diff] DIFF L2D_CACHE_INVAL: 0

===========================================================
taskpendcnt:17379
t0:5666 ns
t1:15000 ns
t2:115041 ns
benchmark: Franka-derived Cartesian-impedance kernel, input trace:8, timer period:10.000 ms
controller source: franka_ros2 jazzy@73a1501d, updates:17390, SVD sweeps:5
pose error:[0.010000 0.015000 0.010000 -0.000000 0.049979 -0.000000]
tau[0:6]:[1.376914 -0.104433 0.790225 0.843903 0.642107 -0.956178 0.423547]
kernel exec min/avg/max: 94.79 / 98.77 / 112.88 us, samples:17382
pressure status:1, copy rounds total/window:841/11, 4.97 rounds/s
pressure logical copy:8410.00 MiB total, approx 49.71 MiB/s, checksum:1119952568320
pressure report window:2.212911 s
t0_region>
[1]:1450
[2]:61
[3]:533
[4]:3992
[5]:6184
[6]:3181
[7]:889
[8]:222
[9]:139
[10]:195
[11]:253
[12]:161
[13]:61
[14]:25
[15]:7
[16]:4
[17]:8
[18]:7
[19]:2
[20]:5
[21]:1
[22]:1
[24]:3
[27]:1

t1_region>
[2]:88
[3]:1243
[4]:136
[5]:33
[6]:7
[7]:4
[8]:90
[9]:208
[10]:411
[11]:1313
[12]:2645
[13]:2910
[14]:2714
[15]:2306
[16]:1369
[17]:589
[18]:211
[19]:127
[20]:118
[21]:166
[22]:240
[23]:171
[24]:87
[25]:36
[26]:24
[27]:29
[28]:13
[29]:24
[30]:16
[31]:15
[32]:10
[33]:8
[34]:6
[35]:3
[36]:4
[37]:7
[38]:4
[39]:1
[41]:1

t2_region>
[98]:327
[99]:877
[100]:186
[101]:65
[102]:33
[103]:14
[104]:22
[105]:105
[106]:113
[107]:161
[108]:321
[109]:1049
[110]:2201
[111]:2041
[112]:1512
[113]:1736
[114]:2018
[115]:1787
[116]:960
[117]:503
[118]:218
[119]:181
[120]:199
[121]:197
[122]:113
[123]:73
[124]:55
[125]:52
[126]:55
[127]:34
[128]:37
[129]:19
[130]:28
[131]:24
[132]:23
[133]:14
[134]:9
[135]:5
[136]:5
[137]:3
[138]:6
[139]:1
[140]:2
[141]:2
[142]:2
[143]:2

t0_min: 1.13 us, round:1718
t0_max: 27.38 us, round:13828
t0_jitter: 26.25 us

t1_min: 2.79 us, round:13407
t1_max: 41.25 us, round:13032
t1_jitter: 38.46 us

t2_min: 98.00 us, round:420
t2_max: 143.63 us, round:13032
t2_jitter: 45.63 us

PMU diff samples: 17396
AVG DIFF LL_CACHE_RD: 135.69
AVG DIFF LL_CACHE_MISS_RD: 95.21
AVG DIFF L2D_CACHE_REFILL: 95.26
AVG DIFF L2D_CACHE_INVAL: 0.00
[cur diff] DIFF LL_CACHE_RD: 46, DIFF LL_CACHE_MISS_RD: 0, MISS_RATE: 0.00%
[cur diff] DIFF L2D_CACHE_REFILL: 1
[cur diff] DIFF L2D_CACHE_INVAL: 0
[max diff] DIFF LL_CACHE_RD: 157, DIFF LL_CACHE_MISS_RD: 124, MISS_RATE: 78.98%
[max diff] DIFF L2D_CACHE_REFILL: 124
[max diff] DIFF L2D_CACHE_INVAL: 0

===========================================================
taskpendcnt:17600
t0:5416 ns
t1:11625 ns
t2:110500 ns
benchmark: Franka-derived Cartesian-impedance kernel, input trace:8, timer period:10.000 ms
controller source: franka_ros2 jazzy@73a1501d, updates:17612, SVD sweeps:5
pose error:[0.010000 0.015000 0.010000 -0.000000 0.049979 -0.000000]
tau[0:6]:[-0.274004 -0.324180 0.001577 -0.231466 0.050986 -0.328952 0.010844]
kernel exec min/avg/max: 94.79 / 98.77 / 112.88 us, samples:17603
pressure status:1, copy rounds total/window:851/10, 4.52 rounds/s
pressure logical copy:8510.00 MiB total, approx 45.20 MiB/s, checksum:1133269483520
pressure report window:2.212430 s
t0_region>
[1]:1470
[2]:61
[3]:535
[4]:4041
[5]:6267
[6]:3233
[7]:892
[8]:225
[9]:141
[10]:196
[11]:257
[12]:162
[13]:62
[14]:25
[15]:7
[16]:4
[17]:8
[18]:7
[19]:2
[20]:5
[21]:1
[22]:1
[24]:3
[27]:1

t1_region>
[2]:89
[3]:1260
[4]:138
[5]:33
[6]:7
[7]:4
[8]:90
[9]:208
[10]:412
[11]:1335
[12]:2678
[13]:2946
[14]:2753
[15]:2339
[16]:1389
[17]:595
[18]:212
[19]:128
[20]:121
[21]:167
[22]:243
[23]:172
[24]:88
[25]:36
[26]:24
[27]:29
[28]:13
[29]:24
[30]:16
[31]:15
[32]:10
[33]:8
[34]:6
[35]:3
[36]:4
[37]:7
[38]:4
[39]:1
[41]:1

t2_region>
[98]:331
[99]:890
[100]:188
[101]:65
[102]:34
[103]:14
[104]:22
[105]:105
[106]:113
[107]:161
[108]:323
[109]:1060
[110]:2230
[111]:2070
[112]:1532
[113]:1756
[114]:2043
[115]:1820
[116]:973
[117]:511
[118]:221
[119]:184
[120]:202
[121]:198
[122]:113
[123]:73
[124]:55
[125]:52
[126]:55
[127]:35
[128]:37
[129]:19
[130]:28
[131]:24
[132]:23
[133]:14
[134]:9
[135]:5
[136]:5
[137]:3
[138]:6
[139]:1
[140]:2
[141]:2
[142]:2
[143]:2

t0_min: 1.13 us, round:1718
t0_max: 27.38 us, round:13828
t0_jitter: 26.25 us

t1_min: 2.79 us, round:13407
t1_max: 41.25 us, round:13032
t1_jitter: 38.46 us

t2_min: 98.00 us, round:420
t2_max: 143.63 us, round:13032
t2_jitter: 45.63 us

PMU diff samples: 17617
AVG DIFF LL_CACHE_RD: 135.67
AVG DIFF LL_CACHE_MISS_RD: 95.20
AVG DIFF L2D_CACHE_REFILL: 95.25
AVG DIFF L2D_CACHE_INVAL: 0.00
[cur diff] DIFF LL_CACHE_RD: 42, DIFF LL_CACHE_MISS_RD: 0, MISS_RATE: 0.00%
[cur diff] DIFF L2D_CACHE_REFILL: 0
[cur diff] DIFF L2D_CACHE_INVAL: 0
[max diff] DIFF LL_CACHE_RD: 157, DIFF LL_CACHE_MISS_RD: 124, MISS_RATE: 78.98%
[max diff] DIFF L2D_CACHE_REFILL: 124
[max diff] DIFF L2D_CACHE_INVAL: 0

===========================================================
taskpendcnt:17821
t0:5833 ns
t1:13416 ns
t2:114916 ns
benchmark: Franka-derived Cartesian-impedance kernel, input trace:8, timer period:10.000 ms
controller source: franka_ros2 jazzy@73a1501d, updates:17833, SVD sweeps:5
pose error:[0.010000 0.015000 0.010000 -0.000000 0.049979 -0.000000]
tau[0:6]:[-2.781770 -1.613002 -1.930139 -1.581803 -1.382951 -0.390599 -0.663394]
kernel exec min/avg/max: 94.79 / 98.77 / 112.88 us, samples:17825
pressure status:1, copy rounds total/window:862/11, 4.97 rounds/s
pressure logical copy:8620.00 MiB total, approx 49.72 MiB/s, checksum:1147918090240
pressure report window:2.212482 s
t0_region>
[1]:1489
[2]:62
[3]:538
[4]:4092
[5]:6355
[6]:3272
[7]:902
[8]:226
[9]:143
[10]:198
[11]:259
[12]:165
[13]:62
[14]:25
[15]:7
[16]:4
[17]:8
[18]:7
[19]:2
[20]:5
[21]:1
[22]:1
[24]:3
[27]:1

t1_region>
[2]:90
[3]:1277
[4]:139
[5]:34
[6]:7
[7]:4
[8]:90
[9]:208
[10]:414
[11]:1353
[12]:2705
[13]:2988
[14]:2793
[15]:2376
[16]:1404
[17]:603
[18]:214
[19]:130
[20]:121
[21]:170
[22]:246
[23]:173
[24]:88
[25]:36
[26]:25
[27]:29
[28]:13
[29]:24
[30]:16
[31]:15
[32]:10
[33]:8
[34]:6
[35]:3
[36]:4
[37]:7
[38]:4
[39]:1
[41]:1

t2_region>
[98]:335
[99]:903
[100]:189
[101]:65
[102]:35
[103]:15
[104]:22
[105]:105
[106]:113
[107]:161
[108]:323
[109]:1075
[110]:2256
[111]:2098
[112]:1548
[113]:1778
[114]:2079
[115]:1846
[116]:988
[117]:516
[118]:223
[119]:187
[120]:206
[121]:199
[122]:114
[123]:73
[124]:55
[125]:53
[126]:55
[127]:35
[128]:37
[129]:19
[130]:28
[131]:24
[132]:23
[133]:14
[134]:9
[135]:5
[136]:5
[137]:3
[138]:6
[139]:1
[140]:2
[141]:2
[142]:2
[143]:2

t0_min: 1.13 us, round:1718
t0_max: 27.38 us, round:13828
t0_jitter: 26.25 us

t1_min: 2.79 us, round:13407
t1_max: 41.25 us, round:13032
t1_jitter: 38.46 us

t2_min: 98.00 us, round:420
t2_max: 143.63 us, round:13032
t2_jitter: 45.63 us

PMU diff samples: 17839
AVG DIFF LL_CACHE_RD: 135.66
AVG DIFF LL_CACHE_MISS_RD: 95.19
AVG DIFF L2D_CACHE_REFILL: 95.24
AVG DIFF L2D_CACHE_INVAL: 0.00
[cur diff] DIFF LL_CACHE_RD: 51, DIFF LL_CACHE_MISS_RD: 0, MISS_RATE: 0.00%
[cur diff] DIFF L2D_CACHE_REFILL: 0
[cur diff] DIFF L2D_CACHE_INVAL: 0
[max diff] DIFF LL_CACHE_RD: 157, DIFF LL_CACHE_MISS_RD: 124, MISS_RATE: 78.98%
[max diff] DIFF L2D_CACHE_REFILL: 124
[max diff] DIFF L2D_CACHE_INVAL: 0

===========================================================
taskpendcnt:18043
t0:6458 ns
t1:15208 ns
t2:117000 ns
benchmark: Franka-derived Cartesian-impedance kernel, input trace:8, timer period:10.000 ms
controller source: franka_ros2 jazzy@73a1501d, updates:18054, SVD sweeps:5
pose error:[0.010000 0.015000 0.010000 -0.000000 0.049979 -0.000000]
tau[0:6]:[1.228026 0.081850 0.819520 0.875435 0.745706 -0.833381 0.398995]
kernel exec min/avg/max: 94.79 / 98.77 / 112.88 us, samples:18046
pressure status:1, copy rounds total/window:873/11, 4.97 rounds/s
pressure logical copy:8730.00 MiB total, approx 49.71 MiB/s, checksum:1162566696960
pressure report window:2.212727 s
t0_region>
[1]:1509
[2]:62
[3]:543
[4]:4137
[5]:6431
[6]:3324
[7]:915
[8]:228
[9]:144
[10]:200
[11]:260
[12]:169
[13]:62
[14]:25
[15]:7
[16]:4
[17]:8
[18]:7
[19]:2
[20]:5
[21]:1
[22]:1
[24]:3
[27]:1

t1_region>
[2]:91
[3]:1294
[4]:141
[5]:34
[6]:7
[7]:4
[8]:90
[9]:208
[10]:415
[11]:1371
[12]:2733
[13]:3032
[14]:2831
[15]:2409
[16]:1420
[17]:613
[18]:218
[19]:131
[20]:122
[21]:170
[22]:250
[23]:174
[24]:90
[25]:36
[26]:25
[27]:29
[28]:13
[29]:24
[30]:16
[31]:15
[32]:10
[33]:8
[34]:6
[35]:3
[36]:4
[37]:7
[38]:4
[39]:1
[41]:1

t2_region>
[98]:339
[99]:917
[100]:189
[101]:66
[102]:36
[103]:15
[104]:22
[105]:105
[106]:113
[107]:161
[108]:325
[109]:1085
[110]:2281
[111]:2127
[112]:1567
[113]:1804
[114]:2108
[115]:1872
[116]:1006
[117]:521
[118]:224
[119]:191
[120]:208
[121]:202
[122]:114
[123]:74
[124]:55
[125]:53
[126]:55
[127]:36
[128]:37
[129]:19
[130]:28
[131]:24
[132]:23
[133]:14
[134]:9
[135]:5
[136]:5
[137]:3
[138]:6
[139]:1
[140]:2
[141]:2
[142]:2
[143]:2

t0_min: 1.13 us, round:1718
t0_max: 27.38 us, round:13828
t0_jitter: 26.25 us

t1_min: 2.79 us, round:13407
t1_max: 41.25 us, round:13032
t1_jitter: 38.46 us

t2_min: 98.00 us, round:420
t2_max: 143.63 us, round:13032
t2_jitter: 45.63 us

PMU diff samples: 18060
AVG DIFF LL_CACHE_RD: 135.66
AVG DIFF LL_CACHE_MISS_RD: 95.19
AVG DIFF L2D_CACHE_REFILL: 95.24
AVG DIFF L2D_CACHE_INVAL: 0.00
[cur diff] DIFF LL_CACHE_RD: 51, DIFF LL_CACHE_MISS_RD: 0, MISS_RATE: 0.00%
[cur diff] DIFF L2D_CACHE_REFILL: 1
[cur diff] DIFF L2D_CACHE_INVAL: 0
[max diff] DIFF LL_CACHE_RD: 157, DIFF LL_CACHE_MISS_RD: 124, MISS_RATE: 78.98%
[max diff] DIFF L2D_CACHE_REFILL: 124
[max diff] DIFF L2D_CACHE_INVAL: 0

===========================================================
taskpendcnt:18264
t0:5625 ns
t1:14375 ns
t2:112375 ns
benchmark: Franka-derived Cartesian-impedance kernel, input trace:8, timer period:10.000 ms
controller source: franka_ros2 jazzy@73a1501d, updates:18275, SVD sweeps:5
pose error:[0.010000 0.015000 0.010000 -0.000000 0.049979 -0.000000]
tau[0:6]:[-0.274004 -0.324180 0.001577 -0.231466 0.050986 -0.328952 0.010844]
kernel exec min/avg/max: 94.79 / 98.77 / 112.88 us, samples:18267
pressure status:1, copy rounds total/window:883/10, 4.52 rounds/s
pressure logical copy:8830.00 MiB total, approx 45.20 MiB/s, checksum:1175883612160
pressure report window:2.212501 s
t0_region>
[1]:1530
[2]:62
[3]:547
[4]:4191
[5]:6503
[6]:3374
[7]:925
[8]:230
[9]:146
[10]:201
[11]:263
[12]:171
[13]:63
[14]:25
[15]:7
[16]:4
[17]:8
[18]:7
[19]:2
[20]:5
[21]:1
[22]:1
[24]:3
[27]:1

t1_region>
[2]:94
[3]:1309
[4]:144
[5]:34
[6]:7
[7]:4
[8]:90
[9]:208
[10]:418
[11]:1386
[12]:2770
[13]:3063
[14]:2864
[15]:2449
[16]:1437
[17]:623
[18]:222
[19]:134
[20]:123
[21]:171
[22]:253
[23]:176
[24]:90
[25]:37
[26]:25
[27]:29
[28]:13
[29]:24
[30]:16
[31]:15
[32]:10
[33]:8
[34]:6
[35]:3
[36]:4
[37]:7
[38]:4
[39]:1
[41]:1

t2_region>
[98]:344
[99]:930
[100]:190
[101]:67
[102]:37
[103]:15
[104]:22
[105]:105
[106]:113
[107]:161
[108]:328
[109]:1092
[110]:2319
[111]:2151
[112]:1580
[113]:1824
[114]:2139
[115]:1897
[116]:1024
[117]:529
[118]:230
[119]:192
[120]:212
[121]:203
[122]:115
[123]:74
[124]:55
[125]:53
[126]:55
[127]:37
[128]:37
[129]:19
[130]:28
[131]:24
[132]:23
[133]:14
[134]:9
[135]:5
[136]:5
[137]:3
[138]:6
[139]:1
[140]:2
[141]:2
[142]:2
[143]:2

t0_min: 1.13 us, round:1718
t0_max: 27.38 us, round:13828
t0_jitter: 26.25 us

t1_min: 2.79 us, round:13407
t1_max: 41.25 us, round:13032
t1_jitter: 38.46 us

t2_min: 98.00 us, round:420
t2_max: 143.63 us, round:13032
t2_jitter: 45.63 us

PMU diff samples: 18281
AVG DIFF LL_CACHE_RD: 135.64
AVG DIFF LL_CACHE_MISS_RD: 95.19
AVG DIFF L2D_CACHE_REFILL: 95.23
AVG DIFF L2D_CACHE_INVAL: 0.00
[cur diff] DIFF LL_CACHE_RD: 42, DIFF LL_CACHE_MISS_RD: 0, MISS_RATE: 0.00%
[cur diff] DIFF L2D_CACHE_REFILL: 0
[cur diff] DIFF L2D_CACHE_INVAL: 0
[max diff] DIFF LL_CACHE_RD: 157, DIFF LL_CACHE_MISS_RD: 124, MISS_RATE: 78.98%
[max diff] DIFF L2D_CACHE_REFILL: 124
[max diff] DIFF L2D_CACHE_INVAL: 0

===========================================================
taskpendcnt:18485
t0:5375 ns
t1:12750 ns
t2:113958 ns
benchmark: Franka-derived Cartesian-impedance kernel, input trace:8, timer period:10.000 ms
controller source: franka_ros2 jazzy@73a1501d, updates:18497, SVD sweeps:5
pose error:[0.010000 0.015000 0.010000 -0.000000 0.049979 -0.000000]
tau[0:6]:[-2.781770 -1.613002 -1.930139 -1.581803 -1.382951 -0.390599 -0.663394]
kernel exec min/avg/max: 94.79 / 98.77 / 112.88 us, samples:18489
pressure status:1, copy rounds total/window:894/11, 4.97 rounds/s
pressure logical copy:8940.00 MiB total, approx 49.70 MiB/s, checksum:1190532218880
pressure report window:2.213407 s
t0_region>
[1]:1548
[2]:64
[3]:550
[4]:4239
[5]:6578
[6]:3434
[7]:931
[8]:234
[9]:146
[10]:201
[11]:265
[12]:174
[13]:63
[14]:25
[15]:7
[16]:4
[17]:8
[18]:7
[19]:2
[20]:5
[21]:1
[22]:1
[24]:3
[27]:1

t1_region>
[2]:95
[3]:1326
[4]:145
[5]:34
[6]:8
[7]:4
[8]:90
[9]:208
[10]:421
[11]:1398
[12]:2805
[13]:3102
[14]:2912
[15]:2479
[16]:1452
[17]:631
[18]:225
[19]:136
[20]:123
[21]:172
[22]:253
[23]:180
[24]:90
[25]:38
[26]:25
[27]:29
[28]:13
[29]:24
[30]:16
[31]:15
[32]:10
[33]:8
[34]:6
[35]:3
[36]:4
[37]:7
[38]:4
[39]:1
[41]:1

t2_region>
[98]:349
[99]:941
[100]:192
[101]:68
[102]:37
[103]:16
[104]:22
[105]:105
[106]:113
[107]:161
[108]:330
[109]:1103
[110]:2348
[111]:2173
[112]:1606
[113]:1854
[114]:2165
[115]:1926
[116]:1037
[117]:530
[118]:234
[119]:195
[120]:212
[121]:206
[122]:115
[123]:74
[124]:55
[125]:55
[126]:55
[127]:37
[128]:37
[129]:19
[130]:28
[131]:24
[132]:23
[133]:14
[134]:9
[135]:5
[136]:5
[137]:3
[138]:6
[139]:1
[140]:2
[141]:2
[142]:2
[143]:2

t0_min: 1.08 us, round:18500
t0_max: 27.38 us, round:13828
t0_jitter: 26.29 us

t1_min: 2.79 us, round:13407
t1_max: 41.25 us, round:13032
t1_jitter: 38.46 us

t2_min: 98.00 us, round:420
t2_max: 143.63 us, round:13032
t2_jitter: 45.63 us

PMU diff samples: 18502
AVG DIFF LL_CACHE_RD: 135.62
AVG DIFF LL_CACHE_MISS_RD: 95.17
AVG DIFF L2D_CACHE_REFILL: 95.21
AVG DIFF L2D_CACHE_INVAL: 0.00
[cur diff] DIFF LL_CACHE_RD: 41, DIFF LL_CACHE_MISS_RD: 0, MISS_RATE: 0.00%
[cur diff] DIFF L2D_CACHE_REFILL: 0
[cur diff] DIFF L2D_CACHE_INVAL: 0
[max diff] DIFF LL_CACHE_RD: 157, DIFF LL_CACHE_MISS_RD: 124, MISS_RATE: 78.98%
[max diff] DIFF L2D_CACHE_REFILL: 124
[max diff] DIFF L2D_CACHE_INVAL: 0

===========================================================
taskpendcnt:18707
t0:4916 ns
t1:12791 ns
t2:111083 ns
benchmark: Franka-derived Cartesian-impedance kernel, input trace:8, timer period:10.000 ms
controller source: franka_ros2 jazzy@73a1501d, updates:18718, SVD sweeps:5
pose error:[0.010000 0.015000 0.010000 -0.000000 0.049979 -0.000000]
tau[0:6]:[1.228026 0.081850 0.819520 0.875435 0.745706 -0.833381 0.398995]
kernel exec min/avg/max: 94.79 / 98.77 / 112.88 us, samples:18710
pressure status:1, copy rounds total/window:905/11, 4.97 rounds/s
pressure logical copy:9050.00 MiB total, approx 49.71 MiB/s, checksum:1205180825600
pressure report window:2.212699 s
t0_region>
[1]:1567
[2]:65
[3]:555
[4]:4292
[5]:6654
[6]:3480
[7]:942
[8]:237
[9]:147
[10]:204
[11]:267
[12]:174
[13]:64
[14]:25
[15]:7
[16]:4
[17]:8
[18]:7
[19]:2
[20]:5
[21]:1
[22]:1
[24]:3
[27]:1

t1_region>
[2]:97
[3]:1342
[4]:146
[5]:35
[6]:8
[7]:4
[8]:90
[9]:208
[10]:422
[11]:1414
[12]:2842
[13]:3142
[14]:2952
[15]:2502
[16]:1479
[17]:637
[18]:228
[19]:137
[20]:124
[21]:175
[22]:253
[23]:181
[24]:92
[25]:38
[26]:25
[27]:29
[28]:13
[29]:24
[30]:16
[31]:15
[32]:10
[33]:8
[34]:6
[35]:3
[36]:4
[37]:7
[38]:4
[39]:1
[41]:1

t2_region>
[98]:350
[99]:957
[100]:193
[101]:69
[102]:38
[103]:16
[104]:22
[105]:105
[106]:113
[107]:161
[108]:331
[109]:1119
[110]:2373
[111]:2202
[112]:1629
[113]:1880
[114]:2191
[115]:1948
[116]:1055
[117]:533
[118]:239
[119]:197
[120]:213
[121]:207
[122]:118
[123]:74
[124]:55
[125]:55
[126]:55
[127]:37
[128]:37
[129]:19
[130]:28
[131]:24
[132]:23
[133]:14
[134]:9
[135]:5
[136]:5
[137]:3
[138]:6
[139]:1
[140]:2
[141]:2
[142]:2
[143]:2

t0_min: 1.08 us, round:18500
t0_max: 27.38 us, round:13828
t0_jitter: 26.29 us

t1_min: 2.79 us, round:13407
t1_max: 41.25 us, round:13032
t1_jitter: 38.46 us

t2_min: 98.00 us, round:420
t2_max: 143.63 us, round:13032
t2_jitter: 45.63 us

PMU diff samples: 18724
AVG DIFF LL_CACHE_RD: 135.61
AVG DIFF LL_CACHE_MISS_RD: 95.16
AVG DIFF L2D_CACHE_REFILL: 95.21
AVG DIFF L2D_CACHE_INVAL: 0.00
[cur diff] DIFF LL_CACHE_RD: 41, DIFF LL_CACHE_MISS_RD: 0, MISS_RATE: 0.00%
[cur diff] DIFF L2D_CACHE_REFILL: 1
[cur diff] DIFF L2D_CACHE_INVAL: 0
[max diff] DIFF LL_CACHE_RD: 157, DIFF LL_CACHE_MISS_RD: 124, MISS_RATE: 78.98%
[max diff] DIFF L2D_CACHE_REFILL: 124
[max diff] DIFF L2D_CACHE_INVAL: 0

===========================================================
taskpendcnt:18928
t0:4375 ns
t1:11958 ns
t2:109958 ns
benchmark: Franka-derived Cartesian-impedance kernel, input trace:8, timer period:10.000 ms
controller source: franka_ros2 jazzy@73a1501d, updates:18939, SVD sweeps:5
pose error:[0.010000 0.015000 0.010000 -0.000000 0.049979 -0.000000]
tau[0:6]:[-1.839419 -0.921560 -1.193198 -1.195971 -0.861243 0.113634 -0.461388]
kernel exec min/avg/max: 94.79 / 98.77 / 112.88 us, samples:18931
pressure status:1, copy rounds total/window:915/10, 4.52 rounds/s
pressure logical copy:9150.00 MiB total, approx 45.19 MiB/s, checksum:1218497740800
pressure report window:2.212663 s
t0_region>
[1]:1587
[2]:65
[3]:558
[4]:4329
[5]:6750
[6]:3522
[7]:954
[8]:241
[9]:148
[10]:205
[11]:271
[12]:175
[13]:64
[14]:25
[15]:7
[16]:4
[17]:8
[18]:7
[19]:2
[20]:5
[21]:1
[22]:1
[24]:3
[27]:1

t1_region>
[2]:98
[3]:1359
[4]:148
[5]:35
[6]:8
[7]:4
[8]:90
[9]:208
[10]:424
[11]:1429
[12]:2879
[13]:3171
[14]:2999
[15]:2531
[16]:1503
[17]:642
[18]:233
[19]:138
[20]:125
[21]:176
[22]:256
[23]:183
[24]:92
[25]:38
[26]:25
[27]:29
[28]:13
[29]:24
[30]:16
[31]:15
[32]:10
[33]:8
[34]:6
[35]:3
[36]:4
[37]:7
[38]:4
[39]:1
[41]:1

t2_region>
[98]:351
[99]:975
[100]:193
[101]:71
[102]:38
[103]:16
[104]:22
[105]:105
[106]:113
[107]:161
[108]:334
[109]:1124
[110]:2411
[111]:2223
[112]:1652
[113]:1900
[114]:2224
[115]:1982
[116]:1063
[117]:540
[118]:241
[119]:199
[120]:214
[121]:208
[122]:120
[123]:74
[124]:56
[125]:55
[126]:55
[127]:37
[128]:37
[129]:19
[130]:28
[131]:24
[132]:23
[133]:14
[134]:9
[135]:5
[136]:5
[137]:3
[138]:6
[139]:1
[140]:2
[141]:2
[142]:2
[143]:2

t0_min: 1.08 us, round:18500
t0_max: 27.38 us, round:13828
t0_jitter: 26.29 us

t1_min: 2.79 us, round:13407
t1_max: 41.25 us, round:13032
t1_jitter: 38.46 us

t2_min: 98.00 us, round:420
t2_max: 143.63 us, round:13032
t2_jitter: 45.63 us

PMU diff samples: 18945
AVG DIFF LL_CACHE_RD: 135.60
AVG DIFF LL_CACHE_MISS_RD: 95.16
AVG DIFF L2D_CACHE_REFILL: 95.20
AVG DIFF L2D_CACHE_INVAL: 0.00
[cur diff] DIFF LL_CACHE_RD: 56, DIFF LL_CACHE_MISS_RD: 0, MISS_RATE: 0.00%
[cur diff] DIFF L2D_CACHE_REFILL: 1
[cur diff] DIFF L2D_CACHE_INVAL: 0
[max diff] DIFF LL_CACHE_RD: 157, DIFF LL_CACHE_MISS_RD: 124, MISS_RATE: 78.98%
[max diff] DIFF L2D_CACHE_REFILL: 124
[max diff] DIFF L2D_CACHE_INVAL: 0

===========================================================
taskpendcnt:19149
t0:7333 ns
t1:16375 ns
t2:114750 ns
benchmark: Franka-derived Cartesian-impedance kernel, input trace:8, timer period:10.000 ms
controller source: franka_ros2 jazzy@73a1501d, updates:19161, SVD sweeps:5
pose error:[0.010000 0.015000 0.010000 -0.000000 0.049979 -0.000000]
tau[0:6]:[-2.781770 -1.613002 -1.930139 -1.581803 -1.382951 -0.390599 -0.663394]
kernel exec min/avg/max: 94.79 / 98.77 / 112.88 us, samples:19152
pressure status:1, copy rounds total/window:926/11, 4.97 rounds/s
pressure logical copy:9260.00 MiB total, approx 49.70 MiB/s, checksum:1233146347520
pressure report window:2.213298 s
t0_region>
[1]:1607
[2]:66
[3]:560
[4]:4387
[5]:6834
[6]:3565
[7]:958
[8]:243
[9]:148
[10]:206
[11]:275
[12]:177
[13]:65
[14]:25
[15]:7
[16]:4
[17]:8
[18]:7
[19]:2
[20]:5
[21]:1
[22]:1
[24]:3
[27]:1

t1_region>
[2]:98
[3]:1378
[4]:149
[5]:36
[6]:8
[7]:4
[8]:90
[9]:208
[10]:425
[11]:1449
[12]:2904
[13]:3213
[14]:3045
[15]:2559
[16]:1525
[17]:646
[18]:236
[19]:140
[20]:125
[21]:177
[22]:259
[23]:186
[24]:93
[25]:38
[26]:25
[27]:29
[28]:13
[29]:24
[30]:16
[31]:15
[32]:10
[33]:8
[34]:6
[35]:3
[36]:4
[37]:7
[38]:4
[39]:1
[41]:1

t2_region>
[98]:352
[99]:988
[100]:197
[101]:72
[102]:39
[103]:16
[104]:22
[105]:105
[106]:113
[107]:161
[108]:336
[109]:1135
[110]:2439
[111]:2252
[112]:1672
[113]:1921
[114]:2251
[115]:2004
[116]:1084
[117]:546
[118]:246
[119]:201
[120]:216
[121]:209
[122]:123
[123]:75
[124]:56
[125]:55
[126]:55
[127]:37
[128]:37
[129]:19
[130]:28
[131]:24
[132]:23
[133]:14
[134]:9
[135]:5
[136]:5
[137]:3
[138]:6
[139]:1
[140]:2
[141]:2
[142]:2
[143]:2

t0_min: 1.08 us, round:18500
t0_max: 27.38 us, round:13828
t0_jitter: 26.29 us

t1_min: 2.79 us, round:13407
t1_max: 41.25 us, round:13032
t1_jitter: 38.46 us

t2_min: 98.00 us, round:420
t2_max: 143.63 us, round:13032
t2_jitter: 45.63 us

PMU diff samples: 19166
AVG DIFF LL_CACHE_RD: 135.60
AVG DIFF LL_CACHE_MISS_RD: 95.15
AVG DIFF L2D_CACHE_REFILL: 95.19
AVG DIFF L2D_CACHE_INVAL: 0.00
[cur diff] DIFF LL_CACHE_RD: 35, DIFF LL_CACHE_MISS_RD: 0, MISS_RATE: 0.00%
[cur diff] DIFF L2D_CACHE_REFILL: 0
[cur diff] DIFF L2D_CACHE_INVAL: 0
[max diff] DIFF LL_CACHE_RD: 157, DIFF LL_CACHE_MISS_RD: 124, MISS_RATE: 78.98%
[max diff] DIFF L2D_CACHE_REFILL: 124
[max diff] DIFF L2D_CACHE_INVAL: 0

===========================================================
taskpendcnt:19371
t0:5708 ns
t1:13875 ns
t2:111875 ns
benchmark: Franka-derived Cartesian-impedance kernel, input trace:8, timer period:10.000 ms
controller source: franka_ros2 jazzy@73a1501d, updates:19382, SVD sweeps:5
pose error:[0.010000 0.015000 0.010000 -0.000000 0.049979 -0.000000]
tau[0:6]:[1.228026 0.081850 0.819520 0.875435 0.745706 -0.833381 0.398995]
kernel exec min/avg/max: 94.79 / 98.77 / 112.88 us, samples:19374
pressure status:1, copy rounds total/window:936/10, 4.52 rounds/s
pressure logical copy:9360.00 MiB total, approx 45.19 MiB/s, checksum:1246463262720
pressure report window:2.212760 s
t0_region>
[1]:1625
[2]:68
[3]:563
[4]:4433
[5]:6914
[6]:3616
[7]:970
[8]:243
[9]:149
[10]:207
[11]:279
[12]:180
[13]:65
[14]:25
[15]:7
[16]:4
[17]:8
[18]:7
[19]:2
[20]:5
[21]:1
[22]:1
[24]:3
[27]:1

t1_region>
[2]:99
[3]:1395
[4]:149
[5]:37
[6]:9
[7]:4
[8]:90
[9]:208
[10]:425
[11]:1469
[12]:2941
[13]:3245
[14]:3082
[15]:2597
[16]:1540
[17]:658
[18]:237
[19]:140
[20]:126
[21]:177
[22]:261
[23]:189
[24]:96
[25]:38
[26]:25
[27]:29
[28]:13
[29]:24
[30]:16
[31]:15
[32]:10
[33]:8
[34]:6
[35]:3
[36]:4
[37]:7
[38]:4
[39]:1
[41]:1

t2_region>
[98]:354
[99]:1003
[100]:198
[101]:72
[102]:40
[103]:16
[104]:22
[105]:106
[106]:113
[107]:161
[108]:337
[109]:1151
[110]:2470
[111]:2277
[112]:1691
[113]:1942
[114]:2278
[115]:2031
[116]:1105
[117]:548
[118]:247
[119]:201
[120]:219
[121]:211
[122]:126
[123]:77
[124]:56
[125]:55
[126]:55
[127]:37
[128]:37
[129]:19
[130]:28
[131]:24
[132]:23
[133]:14
[134]:9
[135]:5
[136]:5
[137]:3
[138]:6
[139]:1
[140]:2
[141]:2
[142]:2
[143]:2

t0_min: 1.08 us, round:18500
t0_max: 27.38 us, round:13828
t0_jitter: 26.29 us

t1_min: 2.79 us, round:13407
t1_max: 41.25 us, round:13032
t1_jitter: 38.46 us

t2_min: 98.00 us, round:420
t2_max: 143.63 us, round:13032
t2_jitter: 45.63 us

PMU diff samples: 19388
AVG DIFF LL_CACHE_RD: 135.59
AVG DIFF LL_CACHE_MISS_RD: 95.13
AVG DIFF L2D_CACHE_REFILL: 95.18
AVG DIFF L2D_CACHE_INVAL: 0.00
[cur diff] DIFF LL_CACHE_RD: 44, DIFF LL_CACHE_MISS_RD: 0, MISS_RATE: 0.00%
[cur diff] DIFF L2D_CACHE_REFILL: 0
[cur diff] DIFF L2D_CACHE_INVAL: 0
[max diff] DIFF LL_CACHE_RD: 157, DIFF LL_CACHE_MISS_RD: 124, MISS_RATE: 78.98%
[max diff] DIFF L2D_CACHE_REFILL: 124
[max diff] DIFF L2D_CACHE_INVAL: 0

===========================================================
taskpendcnt:19592
t0:4291 ns
t1:12458 ns
t2:110166 ns
benchmark: Franka-derived Cartesian-impedance kernel, input trace:8, timer period:10.000 ms
controller source: franka_ros2 jazzy@73a1501d, updates:19603, SVD sweeps:5
pose error:[0.010000 0.015000 0.010000 -0.000000 0.049979 -0.000000]
tau[0:6]:[-1.839419 -0.921560 -1.193198 -1.195971 -0.861243 0.113634 -0.461388]
kernel exec min/avg/max: 94.79 / 98.77 / 112.88 us, samples:19595
pressure status:1, copy rounds total/window:947/11, 4.97 rounds/s
pressure logical copy:9470.00 MiB total, approx 49.71 MiB/s, checksum:1261111869440
pressure report window:2.212704 s
t0_region>
[1]:1645
[2]:68
[3]:569
[4]:4473
[5]:6994
[6]:3665
[7]:987
[8]:245
[9]:149
[10]:209
[11]:282
[12]:182
[13]:65
[14]:25
[15]:7
[16]:4
[17]:8
[18]:7
[19]:2
[20]:5
[21]:1
[22]:1
[24]:3
[27]:1

t1_region>
[2]:100
[3]:1411
[4]:152
[5]:37
[6]:9
[7]:4
[8]:90
[9]:208
[10]:428
[11]:1479
[12]:2975
[13]:3286
[14]:3120
[15]:2628
[16]:1558
[17]:673
[18]:240
[19]:141
[20]:127
[21]:178
[22]:263
[23]:192
[24]:96
[25]:38
[26]:25
[27]:29
[28]:13
[29]:24
[30]:16
[31]:15
[32]:10
[33]:8
[34]:6
[35]:3
[36]:4
[37]:7
[38]:4
[39]:1
[41]:1

t2_region>
[98]:357
[99]:1018
[100]:200
[101]:73
[102]:40
[103]:16
[104]:22
[105]:106
[106]:113
[107]:161
[108]:339
[109]:1161
[110]:2494
[111]:2312
[112]:1712
[113]:1958
[114]:2310
[115]:2058
[116]:1119
[117]:559
[118]:249
[119]:201
[120]:221
[121]:215
[122]:126
[123]:77
[124]:57
[125]:55
[126]:55
[127]:37
[128]:37
[129]:19
[130]:28
[131]:24
[132]:23
[133]:14
[134]:9
[135]:5
[136]:5
[137]:3
[138]:6
[139]:1
[140]:2
[141]:2
[142]:2
[143]:2

t0_min: 1.08 us, round:18500
t0_max: 27.38 us, round:13828
t0_jitter: 26.29 us

t1_min: 2.79 us, round:13407
t1_max: 41.25 us, round:13032
t1_jitter: 38.46 us

t2_min: 98.00 us, round:420
t2_max: 143.63 us, round:13032
t2_jitter: 45.63 us

PMU diff samples: 19609
AVG DIFF LL_CACHE_RD: 135.58
AVG DIFF LL_CACHE_MISS_RD: 95.13
AVG DIFF L2D_CACHE_REFILL: 95.17
AVG DIFF L2D_CACHE_INVAL: 0.00
[cur diff] DIFF LL_CACHE_RD: 45, DIFF LL_CACHE_MISS_RD: 0, MISS_RATE: 0.00%
[cur diff] DIFF L2D_CACHE_REFILL: 0
[cur diff] DIFF L2D_CACHE_INVAL: 0
[max diff] DIFF LL_CACHE_RD: 157, DIFF LL_CACHE_MISS_RD: 124, MISS_RATE: 78.98%
[max diff] DIFF L2D_CACHE_REFILL: 124
[max diff] DIFF L2D_CACHE_INVAL: 0

===========================================================
taskpendcnt:19813
t0:5791 ns
t1:15125 ns
t2:114000 ns
benchmark: Franka-derived Cartesian-impedance kernel, input trace:8, timer period:10.000 ms
controller source: franka_ros2 jazzy@73a1501d, updates:19824, SVD sweeps:5
pose error:[0.010000 0.015000 0.010000 -0.000000 0.049979 -0.000000]
tau[0:6]:[-2.781770 -1.613002 -1.930139 -1.581803 -1.382951 -0.390599 -0.663394]
kernel exec min/avg/max: 94.79 / 98.77 / 112.88 us, samples:19816
pressure status:1, copy rounds total/window:958/11, 4.97 rounds/s
pressure logical copy:9580.00 MiB total, approx 49.70 MiB/s, checksum:1275760476160
pressure report window:2.213308 s
t0_region>
[1]:1666
[2]:68
[3]:575
[4]:4522
[5]:7081
[6]:3708
[7]:995
[8]:245
[9]:149
[10]:212
[11]:284
[12]:185
[13]:65
[14]:25
[15]:7
[16]:4
[17]:8
[18]:7
[19]:2
[20]:5
[21]:1
[22]:1
[24]:3
[27]:1

t1_region>
[2]:102
[3]:1429
[4]:152
[5]:38
[6]:9
[7]:4
[8]:90
[9]:208
[10]:429
[11]:1496
[12]:3022
[13]:3321
[14]:3162
[15]:2661
[16]:1569
[17]:677
[18]:242
[19]:142
[20]:128
[21]:179
[22]:267
[23]:193
[24]:96
[25]:38
[26]:25
[27]:30
[28]:13
[29]:24
[30]:16
[31]:15
[32]:10
[33]:8
[34]:6
[35]:3
[36]:4
[37]:7
[38]:4
[39]:1
[41]:1

t2_region>
[98]:362
[99]:1030
[100]:202
[101]:73
[102]:40
[103]:17
[104]:22
[105]:106
[106]:113
[107]:161
[108]:342
[109]:1171
[110]:2530
[111]:2336
[112]:1736
[113]:1984
[114]:2339
[115]:2082
[116]:1127
[117]:564
[118]:253
[119]:203
[120]:221
[121]:219
[122]:126
[123]:77
[124]:58
[125]:55
[126]:56
[127]:37
[128]:37
[129]:19
[130]:28
[131]:24
[132]:23
[133]:14
[134]:9
[135]:5
[136]:5
[137]:3
[138]:6
[139]:1
[140]:2
[141]:2
[142]:2
[143]:2

t0_min: 1.08 us, round:18500
t0_max: 27.38 us, round:13828
t0_jitter: 26.29 us

t1_min: 2.79 us, round:13407
t1_max: 41.25 us, round:13032
t1_jitter: 38.46 us

t2_min: 98.00 us, round:420
t2_max: 143.63 us, round:13032
t2_jitter: 45.63 us

PMU diff samples: 19830
AVG DIFF LL_CACHE_RD: 135.55
AVG DIFF LL_CACHE_MISS_RD: 95.11
AVG DIFF L2D_CACHE_REFILL: 95.15
AVG DIFF L2D_CACHE_INVAL: 0.00
[cur diff] DIFF LL_CACHE_RD: 59, DIFF LL_CACHE_MISS_RD: 6, MISS_RATE: 10.17%
[cur diff] DIFF L2D_CACHE_REFILL: 6
[cur diff] DIFF L2D_CACHE_INVAL: 0
[max diff] DIFF LL_CACHE_RD: 157, DIFF LL_CACHE_MISS_RD: 124, MISS_RATE: 78.98%
[max diff] DIFF L2D_CACHE_REFILL: 124
[max diff] DIFF L2D_CACHE_INVAL: 0

===========================================================
taskpendcnt:20034
t0:4750 ns
t1:11750 ns
t2:110041 ns
benchmark: Franka-derived Cartesian-impedance kernel, input trace:8, timer period:10.000 ms
controller source: franka_ros2 jazzy@73a1501d, updates:20046, SVD sweeps:5
pose error:[0.010000 0.015000 0.010000 -0.000000 0.049979 -0.000000]
tau[0:6]:[1.228026 0.081850 0.819520 0.875435 0.745706 -0.833381 0.398995]
kernel exec min/avg/max: 94.79 / 98.77 / 112.88 us, samples:20038
pressure status:1, copy rounds total/window:968/10, 4.52 rounds/s
pressure logical copy:9680.00 MiB total, approx 45.19 MiB/s, checksum:1289077391360
pressure report window:2.212750 s
t0_region>
[1]:1686
[2]:68
[3]:580
[4]:4564
[5]:7158
[6]:3760
[7]:1007
[8]:248
[9]:150
[10]:215
[11]:287
[12]:187
[13]:65
[14]:25
[15]:8
[16]:4
[17]:8
[18]:7
[19]:2
[20]:5
[21]:1
[22]:1
[24]:3
[27]:1

t1_region>
[2]:103
[3]:1446
[4]:154
[5]:38
[6]:9
[7]:4
[8]:90
[9]:209
[10]:431
[11]:1509
[12]:3056
[13]:3360
[14]:3201
[15]:2696
[16]:1584
[17]:681
[18]:249
[19]:144
[20]:130
[21]:181
[22]:270
[23]:194
[24]:97
[25]:38
[26]:25
[27]:30
[28]:13
[29]:24
[30]:16
[31]:15
[32]:10
[33]:9
[34]:6
[35]:3
[36]:4
[37]:7
[38]:4
[39]:1
[41]:1

t2_region>
[98]:364
[99]:1044
[100]:204
[101]:74
[102]:40
[103]:18
[104]:22
[105]:106
[106]:113
[107]:161
[108]:344
[109]:1183
[110]:2558
[111]:2369
[112]:1753
[113]:2011
[114]:2362
[115]:2100
[116]:1143
[117]:571
[118]:260
[119]:206
[120]:224
[121]:221
[122]:126
[123]:78
[124]:59
[125]:55
[126]:56
[127]:37
[128]:37
[129]:19
[130]:28
[131]:24
[132]:23
[133]:15
[134]:9
[135]:5
[136]:5
[137]:3
[138]:6
[139]:1
[140]:2
[141]:2
[142]:2
[143]:2

t0_min: 1.08 us, round:18500
t0_max: 27.38 us, round:13828
t0_jitter: 26.29 us

t1_min: 2.79 us, round:13407
t1_max: 41.25 us, round:13032
t1_jitter: 38.46 us

t2_min: 98.00 us, round:420
t2_max: 143.63 us, round:13032
t2_jitter: 45.63 us

PMU diff samples: 20051
AVG DIFF LL_CACHE_RD: 135.55
AVG DIFF LL_CACHE_MISS_RD: 95.11
AVG DIFF L2D_CACHE_REFILL: 95.16
AVG DIFF L2D_CACHE_INVAL: 0.00
[cur diff] DIFF LL_CACHE_RD: 37, DIFF LL_CACHE_MISS_RD: 0, MISS_RATE: 0.00%
[cur diff] DIFF L2D_CACHE_REFILL: 0
[cur diff] DIFF L2D_CACHE_INVAL: 0
[max diff] DIFF LL_CACHE_RD: 157, DIFF LL_CACHE_MISS_RD: 124, MISS_RATE: 78.98%
[max diff] DIFF L2D_CACHE_REFILL: 124
[max diff] DIFF L2D_CACHE_INVAL: 0

===========================================================
taskpendcnt:20256
t0:4500 ns
t1:13541 ns
t2:111833 ns
benchmark: Franka-derived Cartesian-impedance kernel, input trace:8, timer period:10.000 ms
controller source: franka_ros2 jazzy@73a1501d, updates:20267, SVD sweeps:5
pose error:[0.010000 0.015000 0.010000 -0.000000 0.049979 -0.000000]
tau[0:6]:[-1.839419 -0.921560 -1.193198 -1.195971 -0.861243 0.113634 -0.461388]
kernel exec min/avg/max: 94.79 / 98.77 / 112.88 us, samples:20259
pressure status:1, copy rounds total/window:979/11, 4.97 rounds/s
pressure logical copy:9790.00 MiB total, approx 49.69 MiB/s, checksum:1303725998080
pressure report window:2.213659 s
t0_region>
[1]:1706
[2]:68
[3]:584
[4]:4613
[5]:7245
[6]:3799
[7]:1017
[8]:250
[9]:151
[10]:216
[11]:293
[12]:188
[13]:65
[14]:26
[15]:8
[16]:4
[17]:8
[18]:7
[19]:2
[20]:5
[21]:1
[22]:1
[24]:3
[27]:1

t1_region>
[2]:103
[3]:1465
[4]:155
[5]:38
[6]:9
[7]:4
[8]:90
[9]:209
[10]:434
[11]:1526
[12]:3089
[13]:3401
[14]:3238
[15]:2727
[16]:1601
[17]:689
[18]:251
[19]:146
[20]:131
[21]:184
[22]:271
[23]:198
[24]:97
[25]:39
[26]:25
[27]:30
[28]:13
[29]:24
[30]:16
[31]:15
[32]:10
[33]:9
[34]:6
[35]:3
[36]:4
[37]:7
[38]:4
[39]:1
[41]:1

t2_region>
[98]:366
[99]:1059
[100]:207
[101]:75
[102]:40
[103]:18
[104]:22
[105]:106
[106]:113
[107]:161
[108]:347
[109]:1193
[110]:2590
[111]:2400
[112]:1772
[113]:2030
[114]:2385
[115]:2131
[116]:1158
[117]:574
[118]:264
[119]:210
[120]:225
[121]:223
[122]:128
[123]:78
[124]:60
[125]:55
[126]:56
[127]:38
[128]:37
[129]:19
[130]:28
[131]:24
[132]:23
[133]:15
[134]:9
[135]:5
[136]:5
[137]:3
[138]:6
[139]:1
[140]:2
[141]:2
[142]:2
[143]:2

t0_min: 1.08 us, round:18500
t0_max: 27.38 us, round:13828
t0_jitter: 26.29 us

t1_min: 2.79 us, round:13407
t1_max: 41.25 us, round:13032
t1_jitter: 38.46 us

t2_min: 98.00 us, round:420
t2_max: 143.63 us, round:13032
t2_jitter: 45.63 us

PMU diff samples: 20273
AVG DIFF LL_CACHE_RD: 135.53
AVG DIFF LL_CACHE_MISS_RD: 95.10
AVG DIFF L2D_CACHE_REFILL: 95.15
AVG DIFF L2D_CACHE_INVAL: 0.00
[cur diff] DIFF LL_CACHE_RD: 37, DIFF LL_CACHE_MISS_RD: 0, MISS_RATE: 0.00%
[cur diff] DIFF L2D_CACHE_REFILL: 0
[cur diff] DIFF L2D_CACHE_INVAL: 0
[max diff] DIFF LL_CACHE_RD: 157, DIFF LL_CACHE_MISS_RD: 124, MISS_RATE: 78.98%
[max diff] DIFF L2D_CACHE_REFILL: 124
[max diff] DIFF L2D_CACHE_INVAL: 0

===========================================================
taskpendcnt:20477
t0:5708 ns
t1:15041 ns
t2:115958 ns
benchmark: Franka-derived Cartesian-impedance kernel, input trace:8, timer period:10.000 ms
controller source: franka_ros2 jazzy@73a1501d, updates:20488, SVD sweeps:5
pose error:[0.010000 0.015000 0.010000 -0.000000 0.049979 -0.000000]
tau[0:6]:[-2.781770 -1.613002 -1.930139 -1.581803 -1.382951 -0.390599 -0.663394]
kernel exec min/avg/max: 94.79 / 98.77 / 112.88 us, samples:20480
pressure status:1, copy rounds total/window:990/11, 4.97 rounds/s
pressure logical copy:9900.00 MiB total, approx 49.69 MiB/s, checksum:1318374604800
pressure report window:2.213614 s
t0_region>
[1]:1727
[2]:68
[3]:594
[4]:4668
[5]:7298
[6]:3847
[7]:1027
[8]:257
[9]:155
[10]:217
[11]:295
[12]:191
[13]:69
[14]:26
[15]:9
[16]:4
[17]:8
[18]:7
[19]:2
[20]:5
[21]:1
[22]:1
[24]:3
[27]:2
[29]:1
[30]:1

t1_region>
[2]:104
[3]:1483
[4]:156
[5]:39
[6]:9
[7]:4
[8]:90
[9]:212
[10]:444
[11]:1547
[12]:3117
[13]:3431
[14]:3260
[15]:2753
[16]:1616
[17]:700
[18]:257
[19]:155
[20]:133
[21]:187
[22]:273
[23]:198
[24]:99
[25]:42
[26]:26
[27]:31
[28]:13
[29]:24
[30]:17
[31]:15
[32]:11
[33]:10
[34]:6
[35]:3
[36]:4
[37]:7
[38]:4
[39]:1
[40]:1
[41]:2
[47]:1

t2_region>
[98]:366
[99]:1075
[100]:208
[101]:76
[102]:41
[103]:19
[104]:22
[105]:107
[106]:113
[107]:164
[108]:357
[109]:1207
[110]:2606
[111]:2425
[112]:1794
[113]:2046
[114]:2403
[115]:2146
[116]:1170
[117]:583
[118]:272
[119]:217
[120]:228
[121]:226
[122]:133
[123]:80
[124]:62
[125]:56
[126]:57
[127]:39
[128]:37
[129]:20
[130]:29
[131]:25
[132]:23
[133]:16
[134]:9
[135]:6
[136]:5
[137]:3
[138]:6
[139]:1
[140]:2
[141]:2
[142]:2
[143]:2
[144]:1
[148]:1
[152]:1

t0_min: 1.08 us, round:18500
t0_max: 30.92 us, round:20370
t0_jitter: 29.83 us

t1_min: 2.79 us, round:13407
t1_max: 47.83 us, round:20370
t1_jitter: 45.04 us

t2_min: 98.00 us, round:420
t2_max: 152.96 us, round:20319
t2_jitter: 54.96 us

PMU diff samples: 20495
AVG DIFF LL_CACHE_RD: 135.51
AVG DIFF LL_CACHE_MISS_RD: 95.09
AVG DIFF L2D_CACHE_REFILL: 95.14
AVG DIFF L2D_CACHE_INVAL: 0.00
[cur diff] DIFF LL_CACHE_RD: 61, DIFF LL_CACHE_MISS_RD: 0, MISS_RATE: 0.00%
[cur diff] DIFF L2D_CACHE_REFILL: 3
[cur diff] DIFF L2D_CACHE_INVAL: 0
[max diff] DIFF LL_CACHE_RD: 170, DIFF LL_CACHE_MISS_RD: 134, MISS_RATE: 78.82%
[max diff] DIFF L2D_CACHE_REFILL: 135
[max diff] DIFF L2D_CACHE_INVAL: 0

===========================================================
taskpendcnt:20699
t0:5541 ns
t1:13125 ns
t2:111708 ns
benchmark: Franka-derived Cartesian-impedance kernel, input trace:8, timer period:10.000 ms
controller source: franka_ros2 jazzy@73a1501d, updates:20710, SVD sweeps:5
pose error:[0.010000 0.015000 0.010000 -0.000000 0.049979 -0.000000]
tau[0:6]:[1.228026 0.081850 0.819520 0.875435 0.745706 -0.833381 0.398995]
kernel exec min/avg/max: 94.79 / 98.78 / 112.88 us, samples:20702
pressure status:1, copy rounds total/window:1000/10, 4.51 rounds/s
pressure logical copy:10000.00 MiB total, approx 45.09 MiB/s, checksum:1331691520000
pressure report window:2.217799 s
t0_region>
[1]:1745
[2]:70
[3]:603
[4]:4707
[5]:7372
[6]:3886
[7]:1043
[8]:265
[9]:157
[10]:224
[11]:297
[12]:192
[13]:70
[14]:28
[15]:10
[16]:4
[17]:8
[18]:7
[19]:2
[20]:5
[21]:1
[22]:1
[24]:3
[27]:2
[29]:1
[30]:1

t1_region>
[2]:105
[3]:1498
[4]:160
[5]:40
[6]:9
[7]:4
[8]:90
[9]:212
[10]:451
[11]:1564
[12]:3139
[13]:3459
[14]:3302
[15]:2778
[16]:1631
[17]:710
[18]:264
[19]:161
[20]:136
[21]:197
[22]:275
[23]:198
[24]:99
[25]:44
[26]:26
[27]:31
[28]:14
[29]:26
[30]:18
[31]:15
[32]:12
[33]:10
[34]:6
[35]:3
[36]:4
[37]:7
[38]:4
[39]:1
[40]:1
[41]:2
[47]:1

t2_region>
[98]:367
[99]:1081
[100]:218
[101]:79
[102]:41
[103]:19
[104]:22
[105]:107
[106]:113
[107]:165
[108]:360
[109]:1220
[110]:2626
[111]:2443
[112]:1812
[113]:2068
[114]:2431
[115]:2164
[116]:1184
[117]:590
[118]:282
[119]:225
[120]:232
[121]:227
[122]:135
[123]:84
[124]:66
[125]:57
[126]:57
[127]:39
[128]:37
[129]:22
[130]:29
[131]:26
[132]:23
[133]:16
[134]:11
[135]:6
[136]:5
[137]:3
[138]:6
[139]:1
[140]:2
[141]:2
[142]:2
[143]:2
[144]:1
[148]:1
[152]:1

t0_min: 1.08 us, round:18500
t0_max: 30.92 us, round:20370
t0_jitter: 29.83 us

t1_min: 2.79 us, round:13407
t1_max: 47.83 us, round:20370
t1_jitter: 45.04 us

t2_min: 98.00 us, round:420
t2_max: 152.96 us, round:20319
t2_jitter: 54.96 us

PMU diff samples: 20717
AVG DIFF LL_CACHE_RD: 135.50
AVG DIFF LL_CACHE_MISS_RD: 95.07
AVG DIFF L2D_CACHE_REFILL: 95.11
AVG DIFF L2D_CACHE_INVAL: 0.00
[cur diff] DIFF LL_CACHE_RD: 42, DIFF LL_CACHE_MISS_RD: 0, MISS_RATE: 0.00%
[cur diff] DIFF L2D_CACHE_REFILL: 0
[cur diff] DIFF L2D_CACHE_INVAL: 0
[max diff] DIFF LL_CACHE_RD: 170, DIFF LL_CACHE_MISS_RD: 134, MISS_RATE: 78.82%
[max diff] DIFF L2D_CACHE_REFILL: 135
[max diff] DIFF L2D_CACHE_INVAL: 0

===========================================================
taskpendcnt:20921
t0:5083 ns
t1:14125 ns
t2:113583 ns
benchmark: Franka-derived Cartesian-impedance kernel, input trace:8, timer period:10.000 ms
controller source: franka_ros2 jazzy@73a1501d, updates:20932, SVD sweeps:5
pose error:[0.010000 0.015000 0.010000 -0.000000 0.049979 -0.000000]
tau[0:6]:[-0.274004 -0.324180 0.001577 -0.231466 0.050986 -0.328952 0.010844]
kernel exec min/avg/max: 94.79 / 98.78 / 112.88 us, samples:20924
pressure status:1, copy rounds total/window:1011/11, 4.96 rounds/s
pressure logical copy:10110.00 MiB total, approx 49.58 MiB/s, checksum:1346340126720
pressure report window:2.218497 s
t0_region>
[1]:1766
[2]:70
[3]:604
[4]:4751
[5]:7462
[6]:3932
[7]:1054
[8]:266
[9]:157
[10]:225
[11]:300
[12]:196
[13]:70
[14]:28
[15]:10
[16]:4
[17]:8
[18]:7
[19]:2
[20]:5
[21]:1
[22]:1
[24]:3
[27]:2
[29]:1
[30]:1

t1_region>
[2]:107
[3]:1515
[4]:162
[5]:40
[6]:9
[7]:4
[8]:90
[9]:212
[10]:451
[11]:1575
[12]:3174
[13]:3508
[14]:3341
[15]:2811
[16]:1652
[17]:714
[18]:264
[19]:162
[20]:136
[21]:197
[22]:280
[23]:198
[24]:101
[25]:44
[26]:27
[27]:31
[28]:14
[29]:26
[30]:18
[31]:15
[32]:12
[33]:10
[34]:6
[35]:3
[36]:4
[37]:7
[38]:4
[39]:1
[40]:1
[41]:2
[47]:1

t2_region>
[98]:371
[99]:1095
[100]:219
[101]:81
[102]:41
[103]:19
[104]:22
[105]:107
[106]:113
[107]:165
[108]:361
[109]:1227
[110]:2653
[111]:2482
[112]:1832
[113]:2087
[114]:2466
[115]:2187
[116]:1198
[117]:594
[118]:283
[119]:228
[120]:233
[121]:231
[122]:136
[123]:85
[124]:66
[125]:57
[126]:58
[127]:39
[128]:37
[129]:22
[130]:29
[131]:26
[132]:23
[133]:16
[134]:11
[135]:6
[136]:5
[137]:3
[138]:6
[139]:1
[140]:2
[141]:2
[142]:2
[143]:2
[144]:1
[148]:1
[152]:1

t0_min: 1.08 us, round:18500
t0_max: 30.92 us, round:20370
t0_jitter: 29.83 us

t1_min: 2.79 us, round:13407
t1_max: 47.83 us, round:20370
t1_jitter: 45.04 us

t2_min: 98.00 us, round:420
t2_max: 152.96 us, round:20319
t2_jitter: 54.96 us

PMU diff samples: 20938
AVG DIFF LL_CACHE_RD: 135.49
AVG DIFF LL_CACHE_MISS_RD: 95.06
AVG DIFF L2D_CACHE_REFILL: 95.10
AVG DIFF L2D_CACHE_INVAL: 0.00
[cur diff] DIFF LL_CACHE_RD: 38, DIFF LL_CACHE_MISS_RD: 0, MISS_RATE: 0.00%
[cur diff] DIFF L2D_CACHE_REFILL: 0
[cur diff] DIFF L2D_CACHE_INVAL: 0
[max diff] DIFF LL_CACHE_RD: 170, DIFF LL_CACHE_MISS_RD: 134, MISS_RATE: 78.82%
[max diff] DIFF L2D_CACHE_REFILL: 135
[max diff] DIFF L2D_CACHE_INVAL: 0

===========================================================
taskpendcnt:21143
t0:4333 ns
t1:12500 ns
t2:111083 ns
benchmark: Franka-derived Cartesian-impedance kernel, input trace:8, timer period:10.000 ms
controller source: franka_ros2 jazzy@73a1501d, updates:21154, SVD sweeps:5
pose error:[0.010000 0.015000 0.010000 -0.000000 0.049979 -0.000000]
tau[0:6]:[-2.379368 -1.292411 -1.655224 -1.570015 -1.185234 -0.066588 -0.610247]
kernel exec min/avg/max: 94.79 / 98.78 / 112.88 us, samples:21146
pressure status:1, copy rounds total/window:1021/10, 4.51 rounds/s
pressure logical copy:10210.00 MiB total, approx 45.07 MiB/s, checksum:1359657041920
pressure report window:2.218567 s
t0_region>
[1]:1786
[2]:71
[3]:610
[4]:4802
[5]:7539
[6]:3971
[7]:1068
[8]:270
[9]:158
[10]:227
[11]:303
[12]:200
[13]:70
[14]:28
[15]:10
[16]:4
[17]:8
[18]:7
[19]:2
[20]:5
[21]:1
[22]:1
[24]:3
[27]:2
[29]:1
[30]:1

t1_region>
[2]:109
[3]:1531
[4]:163
[5]:40
[6]:9
[7]:5
[8]:90
[9]:212
[10]:454
[11]:1591
[12]:3213
[13]:3548
[14]:3380
[15]:2838
[16]:1665
[17]:725
[18]:266
[19]:163
[20]:136
[21]:198
[22]:285
[23]:201
[24]:102
[25]:44
[26]:27
[27]:31
[28]:14
[29]:26
[30]:18
[31]:15
[32]:12
[33]:10
[34]:6
[35]:3
[36]:4
[37]:7
[38]:4
[39]:1
[40]:1
[41]:2
[47]:1

t2_region>
[98]:374
[99]:1109
[100]:221
[101]:82
[102]:41
[103]:19
[104]:23
[105]:107
[106]:113
[107]:165
[108]:364
[109]:1240
[110]:2687
[111]:2503
[112]:1853
[113]:2113
[114]:2488
[115]:2213
[116]:1207
[117]:606
[118]:286
[119]:229
[120]:238
[121]:233
[122]:138
[123]:85
[124]:67
[125]:57
[126]:58
[127]:39
[128]:37
[129]:22
[130]:29
[131]:26
[132]:23
[133]:16
[134]:11
[135]:6
[136]:5
[137]:3
[138]:6
[139]:1
[140]:2
[141]:2
[142]:2
[143]:2
[144]:1
[148]:1
[152]:1

t0_min: 1.08 us, round:18500
t0_max: 30.92 us, round:20370
t0_jitter: 29.83 us

t1_min: 2.79 us, round:13407
t1_max: 47.83 us, round:20370
t1_jitter: 45.04 us

t2_min: 98.00 us, round:420
t2_max: 152.96 us, round:20319
t2_jitter: 54.96 us

PMU diff samples: 21160
AVG DIFF LL_CACHE_RD: 135.47
AVG DIFF LL_CACHE_MISS_RD: 95.05
AVG DIFF L2D_CACHE_REFILL: 95.09
AVG DIFF L2D_CACHE_INVAL: 0.00
[cur diff] DIFF LL_CACHE_RD: 34, DIFF LL_CACHE_MISS_RD: 0, MISS_RATE: 0.00%
[cur diff] DIFF L2D_CACHE_REFILL: 0
[cur diff] DIFF L2D_CACHE_INVAL: 0
[max diff] DIFF LL_CACHE_RD: 170, DIFF LL_CACHE_MISS_RD: 134, MISS_RATE: 78.82%
[max diff] DIFF L2D_CACHE_REFILL: 135
[max diff] DIFF L2D_CACHE_INVAL: 0

===========================================================
taskpendcnt:21365
t0:7375 ns
t1:17291 ns
t2:118791 ns
benchmark: Franka-derived Cartesian-impedance kernel, input trace:8, timer period:10.000 ms
controller source: franka_ros2 jazzy@73a1501d, updates:21376, SVD sweeps:5
pose error:[0.010000 0.015000 0.010000 -0.000000 0.049979 -0.000000]
tau[0:6]:[-0.567483 -0.552304 -0.482512 -0.231067 -0.297494 -0.656094 -0.085004]
kernel exec min/avg/max: 94.79 / 98.78 / 112.88 us, samples:21368
pressure status:1, copy rounds total/window:1032/11, 4.96 rounds/s
pressure logical copy:10320.00 MiB total, approx 49.56 MiB/s, checksum:1374305648640
pressure report window:2.219309 s
t0_region>
[1]:1806
[2]:72
[3]:615
[4]:4848
[5]:7624
[6]:4016
[7]:1076
[8]:274
[9]:158
[10]:231
[11]:305
[12]:201
[13]:71
[14]:28
[15]:10
[16]:4
[17]:8
[18]:7
[19]:2
[20]:5
[21]:1
[22]:1
[24]:3
[27]:2
[29]:1
[30]:1

t1_region>
[2]:110
[3]:1549
[4]:165
[5]:40
[6]:9
[7]:5
[8]:90
[9]:212
[10]:454
[11]:1605
[12]:3249
[13]:3587
[14]:3429
[15]:2863
[16]:1686
[17]:729
[18]:271
[19]:163
[20]:139
[21]:199
[22]:287
[23]:202
[24]:103
[25]:44
[26]:27
[27]:31
[28]:14
[29]:26
[30]:18
[31]:15
[32]:12
[33]:10
[34]:6
[35]:3
[36]:4
[37]:7
[38]:4
[39]:1
[40]:1
[41]:2
[47]:1

t2_region>
[98]:380
[99]:1120
[100]:223
[101]:83
[102]:42
[103]:19
[104]:23
[105]:107
[106]:113
[107]:165
[108]:364
[109]:1252
[110]:2716
[111]:2532
[112]:1874
[113]:2137
[114]:2515
[115]:2238
[116]:1225
[117]:607
[118]:292
[119]:231
[120]:239
[121]:236
[122]:139
[123]:86
[124]:68
[125]:57
[126]:58
[127]:39
[128]:37
[129]:22
[130]:29
[131]:26
[132]:23
[133]:16
[134]:11
[135]:6
[136]:5
[137]:3
[138]:6
[139]:1
[140]:2
[141]:2
[142]:2
[143]:2
[144]:1
[148]:1
[152]:1

t0_min: 1.08 us, round:18500
t0_max: 30.92 us, round:20370
t0_jitter: 29.83 us

t1_min: 2.79 us, round:13407
t1_max: 47.83 us, round:20370
t1_jitter: 45.04 us

t2_min: 98.00 us, round:420
t2_max: 152.96 us, round:20319
t2_jitter: 54.96 us

PMU diff samples: 21382
AVG DIFF LL_CACHE_RD: 135.45
AVG DIFF LL_CACHE_MISS_RD: 95.04
AVG DIFF L2D_CACHE_REFILL: 95.08
AVG DIFF L2D_CACHE_INVAL: 0.00
[cur diff] DIFF LL_CACHE_RD: 49, DIFF LL_CACHE_MISS_RD: 0, MISS_RATE: 0.00%
[cur diff] DIFF L2D_CACHE_REFILL: 0
[cur diff] DIFF L2D_CACHE_INVAL: 0
[max diff] DIFF LL_CACHE_RD: 170, DIFF LL_CACHE_MISS_RD: 134, MISS_RATE: 78.82%
[max diff] DIFF L2D_CACHE_REFILL: 135
[max diff] DIFF L2D_CACHE_INVAL: 0

===========================================================
taskpendcnt:21586
t0:5166 ns
t1:14791 ns
t2:114833 ns
benchmark: Franka-derived Cartesian-impedance kernel, input trace:8, timer period:10.000 ms
controller source: franka_ros2 jazzy@73a1501d, updates:21598, SVD sweeps:5
pose error:[0.010000 0.015000 0.010000 -0.000000 0.049979 -0.000000]
tau[0:6]:[1.228026 0.081850 0.819520 0.875435 0.745706 -0.833381 0.398995]
kernel exec min/avg/max: 94.79 / 98.78 / 112.88 us, samples:21590
pressure status:1, copy rounds total/window:1043/11, 4.96 rounds/s
pressure logical copy:10430.00 MiB total, approx 49.58 MiB/s, checksum:1388954255360
pressure report window:2.218702 s
t0_region>
[1]:1827
[2]:72
[3]:616
[4]:4888
[5]:7717
[6]:4061
[7]:1087
[8]:275
[9]:159
[10]:233
[11]:310
[12]:201
[13]:73
[14]:28
[15]:10
[16]:4
[17]:8
[18]:7
[19]:2
[20]:5
[21]:1
[22]:1
[24]:3
[27]:2
[29]:1
[30]:1

t1_region>
[2]:111
[3]:1567
[4]:167
[5]:40
[6]:9
[7]:5
[8]:90
[9]:212
[10]:455
[11]:1614
[12]:3283
[13]:3639
[14]:3465
[15]:2892
[16]:1703
[17]:738
[18]:274
[19]:164
[20]:144
[21]:201
[22]:288
[23]:202
[24]:105
[25]:44
[26]:27
[27]:31
[28]:14
[29]:26
[30]:18
[31]:15
[32]:12
[33]:10
[34]:6
[35]:3
[36]:4
[37]:7
[38]:4
[39]:1
[40]:1
[41]:2
[47]:1

t2_region>
[98]:384
[99]:1135
[100]:223
[101]:84
[102]:43
[103]:19
[104]:23
[105]:107
[106]:113
[107]:166
[108]:365
[109]:1260
[110]:2739
[111]:2570
[112]:1898
[113]:2158
[114]:2539
[115]:2259
[116]:1243
[117]:616
[118]:295
[119]:237
[120]:239
[121]:236
[122]:139
[123]:88
[124]:68
[125]:58
[126]:58
[127]:39
[128]:38
[129]:22
[130]:29
[131]:26
[132]:23
[133]:16
[134]:11
[135]:6
[136]:5
[137]:3
[138]:6
[139]:1
[140]:2
[141]:2
[142]:2
[143]:2
[144]:1
[148]:1
[152]:1

t0_min: 1.08 us, round:18500
t0_max: 30.92 us, round:20370
t0_jitter: 29.83 us

t1_min: 2.79 us, round:13407
t1_max: 47.83 us, round:20370
t1_jitter: 45.04 us

t2_min: 98.00 us, round:420
t2_max: 152.96 us, round:20319
t2_jitter: 54.96 us

PMU diff samples: 21604
AVG DIFF LL_CACHE_RD: 135.45
AVG DIFF LL_CACHE_MISS_RD: 95.04
AVG DIFF L2D_CACHE_REFILL: 95.08
AVG DIFF L2D_CACHE_INVAL: 0.00
[cur diff] DIFF LL_CACHE_RD: 46, DIFF LL_CACHE_MISS_RD: 1, MISS_RATE: 2.17%
[cur diff] DIFF L2D_CACHE_REFILL: 1
[cur diff] DIFF L2D_CACHE_INVAL: 0
[max diff] DIFF LL_CACHE_RD: 170, DIFF LL_CACHE_MISS_RD: 134, MISS_RATE: 78.82%
[max diff] DIFF L2D_CACHE_REFILL: 135
[max diff] DIFF L2D_CACHE_INVAL: 0

===========================================================
taskpendcnt:21808
t0:6958 ns
t1:10833 ns
t2:110000 ns
benchmark: Franka-derived Cartesian-impedance kernel, input trace:8, timer period:10.000 ms
controller source: franka_ros2 jazzy@73a1501d, updates:21820, SVD sweeps:5
pose error:[0.010000 0.015000 0.010000 -0.000000 0.049979 -0.000000]
tau[0:6]:[-0.274004 -0.324180 0.001577 -0.231466 0.050986 -0.328952 0.010844]
kernel exec min/avg/max: 94.79 / 98.78 / 112.88 us, samples:21811
pressure status:1, copy rounds total/window:1053/10, 4.51 rounds/s
pressure logical copy:10530.00 MiB total, approx 45.08 MiB/s, checksum:1402271170560
pressure report window:2.218504 s
t0_region>
[1]:1847
[2]:73
[3]:618
[4]:4933
[5]:7805
[6]:4100
[7]:1101
[8]:279
[9]:161
[10]:235
[11]:314
[12]:201
[13]:74
[14]:28
[15]:10
[16]:4
[17]:8
[18]:7
[19]:2
[20]:5
[21]:1
[22]:1
[24]:3
[27]:2
[29]:1
[30]:1

t1_region>
[2]:111
[3]:1586
[4]:168
[5]:41
[6]:9
[7]:5
[8]:90
[9]:212
[10]:461
[11]:1623
[12]:3325
[13]:3676
[14]:3497
[15]:2928
[16]:1722
[17]:748
[18]:274
[19]:164
[20]:146
[21]:202
[22]:292
[23]:203
[24]:107
[25]:44
[26]:27
[27]:31
[28]:14
[29]:26
[30]:18
[31]:15
[32]:12
[33]:10
[34]:6
[35]:3
[36]:4
[37]:7
[38]:4
[39]:1
[40]:1
[41]:2
[47]:1

t2_region>
[98]:388
[99]:1148
[100]:224
[101]:86
[102]:43
[103]:19
[104]:23
[105]:107
[106]:113
[107]:166
[108]:369
[109]:1271
[110]:2771
[111]:2595
[112]:1920
[113]:2184
[114]:2560
[115]:2285
[116]:1260
[117]:622
[118]:297
[119]:238
[120]:242
[121]:238
[122]:141
[123]:89
[124]:68
[125]:58
[126]:58
[127]:39
[128]:38
[129]:22
[130]:29
[131]:26
[132]:23
[133]:16
[134]:11
[135]:6
[136]:5
[137]:3
[138]:6
[139]:1
[140]:2
[141]:2
[142]:2
[143]:2
[144]:1
[148]:1
[152]:1

t0_min: 1.08 us, round:18500
t0_max: 30.92 us, round:20370
t0_jitter: 29.83 us

t1_min: 2.79 us, round:13407
t1_max: 47.83 us, round:20370
t1_jitter: 45.04 us

t2_min: 98.00 us, round:420
t2_max: 152.96 us, round:20319
t2_jitter: 54.96 us

PMU diff samples: 21826
AVG DIFF LL_CACHE_RD: 135.44
AVG DIFF LL_CACHE_MISS_RD: 95.03
AVG DIFF L2D_CACHE_REFILL: 95.07
AVG DIFF L2D_CACHE_INVAL: 0.00
[cur diff] DIFF LL_CACHE_RD: 48, DIFF LL_CACHE_MISS_RD: 0, MISS_RATE: 0.00%
[cur diff] DIFF L2D_CACHE_REFILL: 0
[cur diff] DIFF L2D_CACHE_INVAL: 0
[max diff] DIFF LL_CACHE_RD: 170, DIFF LL_CACHE_MISS_RD: 134, MISS_RATE: 78.82%
[max diff] DIFF L2D_CACHE_REFILL: 135
[max diff] DIFF L2D_CACHE_INVAL: 0

===========================================================
taskpendcnt:22030
t0:5333 ns
t1:13500 ns
t2:111791 ns
benchmark: Franka-derived Cartesian-impedance kernel, input trace:8, timer period:10.000 ms
controller source: franka_ros2 jazzy@73a1501d, updates:22041, SVD sweeps:5
pose error:[0.010000 0.015000 0.010000 -0.000000 0.049979 -0.000000]
tau[0:6]:[-2.379368 -1.292411 -1.655224 -1.570015 -1.185234 -0.066588 -0.610247]
kernel exec min/avg/max: 94.79 / 98.78 / 112.88 us, samples:22033
pressure status:1, copy rounds total/window:1064/11, 4.96 rounds/s
pressure logical copy:10640.00 MiB total, approx 49.58 MiB/s, checksum:1416919777280
pressure report window:2.218509 s
t0_region>
[1]:1866
[2]:75
[3]:620
[4]:4975
[5]:7886
[6]:4151
[7]:1116
[8]:281
[9]:162
[10]:236
[11]:319
[12]:201
[13]:75
[14]:28
[15]:10
[16]:4
[17]:8
[18]:7
[19]:2
[20]:5
[21]:1
[22]:1
[24]:3
[27]:2
[29]:1
[30]:1

t1_region>
[2]:115
[3]:1601
[4]:170
[5]:41
[6]:9
[7]:5
[8]:90
[9]:212
[10]:461
[11]:1640
[12]:3357
[13]:3714
[14]:3531
[15]:2961
[16]:1748
[17]:758
[18]:276
[19]:164
[20]:147
[21]:205
[22]:295
[23]:204
[24]:108
[25]:44
[26]:27
[27]:31
[28]:14
[29]:26
[30]:18
[31]:15
[32]:12
[33]:10
[34]:6
[35]:3
[36]:4
[37]:7
[38]:4
[39]:1
[40]:1
[41]:2
[47]:1

t2_region>
[98]:394
[99]:1160
[100]:226
[101]:86
[102]:44
[103]:19
[104]:23
[105]:107
[106]:113
[107]:166
[108]:369
[109]:1283
[110]:2799
[111]:2624
[112]:1940
[113]:2205
[114]:2582
[115]:2312
[116]:1278
[117]:632
[118]:303
[119]:240
[120]:245
[121]:239
[122]:141
[123]:90
[124]:69
[125]:58
[126]:58
[127]:39
[128]:38
[129]:22
[130]:29
[131]:26
[132]:23
[133]:16
[134]:11
[135]:6
[136]:5
[137]:3
[138]:6
[139]:1
[140]:2
[141]:2
[142]:2
[143]:2
[144]:1
[148]:1
[152]:1

t0_min: 1.08 us, round:18500
t0_max: 30.92 us, round:20370
t0_jitter: 29.83 us

t1_min: 2.79 us, round:13407
t1_max: 47.83 us, round:20370
t1_jitter: 45.04 us

t2_min: 98.00 us, round:420
t2_max: 152.96 us, round:20319
t2_jitter: 54.96 us

PMU diff samples: 22048
AVG DIFF LL_CACHE_RD: 135.44
AVG DIFF LL_CACHE_MISS_RD: 95.02
AVG DIFF L2D_CACHE_REFILL: 95.07
AVG DIFF L2D_CACHE_INVAL: 0.00
[cur diff] DIFF LL_CACHE_RD: 43, DIFF LL_CACHE_MISS_RD: 0, MISS_RATE: 0.00%
[cur diff] DIFF L2D_CACHE_REFILL: 0
[cur diff] DIFF L2D_CACHE_INVAL: 0
[max diff] DIFF LL_CACHE_RD: 170, DIFF LL_CACHE_MISS_RD: 134, MISS_RATE: 78.82%
[max diff] DIFF L2D_CACHE_REFILL: 135
[max diff] DIFF L2D_CACHE_INVAL: 0

===========================================================
taskpendcnt:22252
t0:4875 ns
t1:13916 ns
t2:114250 ns
benchmark: Franka-derived Cartesian-impedance kernel, input trace:8, timer period:10.000 ms
controller source: franka_ros2 jazzy@73a1501d, updates:22263, SVD sweeps:5
pose error:[0.010000 0.015000 0.010000 -0.000000 0.049979 -0.000000]
tau[0:6]:[-0.567483 -0.552304 -0.482512 -0.231067 -0.297494 -0.656094 -0.085004]
kernel exec min/avg/max: 94.79 / 98.78 / 112.88 us, samples:22255
pressure status:1, copy rounds total/window:1075/11, 4.96 rounds/s
pressure logical copy:10750.00 MiB total, approx 49.57 MiB/s, checksum:1431568384000
pressure report window:2.219165 s
t0_region>
[1]:1887
[2]:75
[3]:622
[4]:5035
[5]:7964
[6]:4191
[7]:1126
[8]:282
[9]:165
[10]:239
[11]:321
[12]:202
[13]:76
[14]:28
[15]:10
[16]:4
[17]:8
[18]:7
[19]:2
[20]:5
[21]:1
[22]:1
[24]:3
[27]:2
[29]:1
[30]:1

t1_region>
[2]:116
[3]:1617
[4]:174
[5]:41
[6]:9
[7]:5
[8]:90
[9]:212
[10]:465
[11]:1655
[12]:3391
[13]:3755
[14]:3579
[15]:2988
[16]:1763
[17]:763
[18]:278
[19]:165
[20]:148
[21]:209
[22]:297
[23]:204
[24]:110
[25]:44
[26]:27
[27]:31
[28]:14
[29]:26
[30]:18
[31]:15
[32]:12
[33]:10
[34]:6
[35]:3
[36]:4
[37]:7
[38]:4
[39]:1
[40]:1
[41]:2
[47]:1

t2_region>
[98]:397
[99]:1173
[100]:228
[101]:88
[102]:44
[103]:20
[104]:23
[105]:107
[106]:113
[107]:166
[108]:372
[109]:1297
[110]:2829
[111]:2648
[112]:1960
[113]:2236
[114]:2615
[115]:2327
[116]:1293
[117]:635
[118]:308
[119]:243
[120]:248
[121]:239
[122]:141
[123]:91
[124]:69
[125]:58
[126]:58
[127]:39
[128]:39
[129]:22
[130]:29
[131]:26
[132]:23
[133]:16
[134]:11
[135]:6
[136]:5
[137]:3
[138]:6
[139]:1
[140]:2
[141]:2
[142]:2
[143]:2
[144]:1
[148]:1
[152]:1

t0_min: 1.08 us, round:18500
t0_max: 30.92 us, round:20370
t0_jitter: 29.83 us

t1_min: 2.79 us, round:13407
t1_max: 47.83 us, round:20370
t1_jitter: 45.04 us

t2_min: 98.00 us, round:420
t2_max: 152.96 us, round:20319
t2_jitter: 54.96 us

PMU diff samples: 22270
AVG DIFF LL_CACHE_RD: 135.41
AVG DIFF LL_CACHE_MISS_RD: 95.00
AVG DIFF L2D_CACHE_REFILL: 95.04
AVG DIFF L2D_CACHE_INVAL: 0.00
[cur diff] DIFF LL_CACHE_RD: 63, DIFF LL_CACHE_MISS_RD: 1, MISS_RATE: 1.59%
[cur diff] DIFF L2D_CACHE_REFILL: 0
[cur diff] DIFF L2D_CACHE_INVAL: 0
[max diff] DIFF LL_CACHE_RD: 170, DIFF LL_CACHE_MISS_RD: 134, MISS_RATE: 78.82%
[max diff] DIFF L2D_CACHE_REFILL: 135
[max diff] DIFF L2D_CACHE_INVAL: 0

===========================================================
taskpendcnt:22474
t0:5583 ns
t1:13750 ns
t2:111750 ns
benchmark: Franka-derived Cartesian-impedance kernel, input trace:8, timer period:10.000 ms
controller source: franka_ros2 jazzy@73a1501d, updates:22485, SVD sweeps:5
pose error:[0.010000 0.015000 0.010000 -0.000000 0.049979 -0.000000]
tau[0:6]:[0.839771 0.130674 0.617691 0.624912 0.653099 -0.592692 0.265887]
kernel exec min/avg/max: 94.79 / 98.78 / 112.88 us, samples:22477
pressure status:1, copy rounds total/window:1085/10, 4.51 rounds/s
pressure logical copy:10850.00 MiB total, approx 45.07 MiB/s, checksum:1444885299200
pressure report window:2.218748 s
t0_region>
[1]:1907
[2]:75
[3]:626
[4]:5078
[5]:8046
[6]:4239
[7]:1137
[8]:286
[9]:165
[10]:241
[11]:325
[12]:203
[13]:78
[14]:28
[15]:10
[16]:4
[17]:8
[18]:7
[19]:2
[20]:5
[21]:1
[22]:1
[24]:3
[27]:2
[29]:1
[30]:1

t1_region>
[2]:117
[3]:1636
[4]:175
[5]:41
[6]:9
[7]:5
[8]:90
[9]:212
[10]:466
[11]:1674
[12]:3425
[13]:3795
[14]:3618
[15]:3014
[16]:1782
[17]:772
[18]:281
[19]:167
[20]:149
[21]:212
[22]:299
[23]:207
[24]:110
[25]:44
[26]:27
[27]:31
[28]:14
[29]:26
[30]:18
[31]:15
[32]:12
[33]:10
[34]:6
[35]:3
[36]:4
[37]:7
[38]:4
[39]:1
[40]:1
[41]:2
[47]:1

t2_region>
[98]:399
[99]:1187
[100]:232
[101]:89
[102]:44
[103]:20
[104]:23
[105]:107
[106]:113
[107]:166
[108]:373
[109]:1310
[110]:2858
[111]:2675
[112]:1987
[113]:2261
[114]:2637
[115]:2347
[116]:1304
[117]:646
[118]:315
[119]:244
[120]:251
[121]:241
[122]:142
[123]:91
[124]:70
[125]:58
[126]:58
[127]:39
[128]:39
[129]:22
[130]:29
[131]:26
[132]:23
[133]:16
[134]:11
[135]:6
[136]:5
[137]:3
[138]:6
[139]:1
[140]:2
[141]:2
[142]:2
[143]:2
[144]:1
[148]:1
[152]:1

t0_min: 1.08 us, round:18500
t0_max: 30.92 us, round:20370
t0_jitter: 29.83 us

t1_min: 2.79 us, round:13407
t1_max: 47.83 us, round:20370
t1_jitter: 45.04 us

t2_min: 98.00 us, round:420
t2_max: 152.96 us, round:20319
t2_jitter: 54.96 us

PMU diff samples: 22492
AVG DIFF LL_CACHE_RD: 135.40
AVG DIFF LL_CACHE_MISS_RD: 94.99
AVG DIFF L2D_CACHE_REFILL: 95.03
AVG DIFF L2D_CACHE_INVAL: 0.00
[cur diff] DIFF LL_CACHE_RD: 33, DIFF LL_CACHE_MISS_RD: 1, MISS_RATE: 3.03%
[cur diff] DIFF L2D_CACHE_REFILL: 0
[cur diff] DIFF L2D_CACHE_INVAL: 0
[max diff] DIFF LL_CACHE_RD: 170, DIFF LL_CACHE_MISS_RD: 134, MISS_RATE: 78.82%
[max diff] DIFF L2D_CACHE_REFILL: 135
[max diff] DIFF L2D_CACHE_INVAL: 0

===========================================================
taskpendcnt:22696
t0:4250 ns
t1:12125 ns
t2:110416 ns
benchmark: Franka-derived Cartesian-impedance kernel, input trace:8, timer period:10.000 ms
controller source: franka_ros2 jazzy@73a1501d, updates:22707, SVD sweeps:5
pose error:[0.010000 0.015000 0.010000 -0.000000 0.049979 -0.000000]
tau[0:6]:[-1.839419 -0.921560 -1.193198 -1.195971 -0.861243 0.113634 -0.461388]
kernel exec min/avg/max: 94.79 / 98.77 / 112.88 us, samples:22699
pressure status:1, copy rounds total/window:1096/11, 4.96 rounds/s
pressure logical copy:10960.00 MiB total, approx 49.58 MiB/s, checksum:1459533905920
pressure report window:2.218660 s
t0_region>
[1]:1927
[2]:76
[3]:631
[4]:5120
[5]:8124
[6]:4287
[7]:1153
[8]:288
[9]:165
[10]:243
[11]:332
[12]:204
[13]:78
[14]:28
[15]:10
[16]:4
[17]:8
[18]:7
[19]:2
[20]:5
[21]:1
[22]:1
[24]:3
[27]:2
[29]:1
[30]:1

t1_region>
[2]:120
[3]:1653
[4]:176
[5]:41
[6]:9
[7]:5
[8]:90
[9]:212
[10]:469
[11]:1687
[12]:3463
[13]:3827
[14]:3656
[15]:3049
[16]:1800
[17]:780
[18]:285
[19]:169
[20]:150
[21]:212
[22]:305
[23]:209
[24]:111
[25]:44
[26]:27
[27]:31
[28]:14
[29]:26
[30]:18
[31]:15
[32]:12
[33]:10
[34]:6
[35]:3
[36]:4
[37]:7
[38]:4
[39]:1
[40]:1
[41]:2
[47]:1

t2_region>
[98]:403
[99]:1202
[100]:234
[101]:89
[102]:44
[103]:20
[104]:23
[105]:107
[106]:113
[107]:166
[108]:375
[109]:1322
[110]:2890
[111]:2701
[112]:2004
[113]:2282
[114]:2667
[115]:2370
[116]:1315
[117]:656
[118]:319
[119]:247
[120]:255
[121]:244
[122]:144
[123]:91
[124]:70
[125]:58
[126]:58
[127]:40
[128]:39
[129]:22
[130]:29
[131]:26
[132]:23
[133]:16
[134]:11
[135]:6
[136]:5
[137]:3
[138]:6
[139]:1
[140]:2
[141]:2
[142]:2
[143]:2
[144]:1
[148]:1
[152]:1

t0_min: 1.08 us, round:18500
t0_max: 30.92 us, round:20370
t0_jitter: 29.83 us

t1_min: 2.79 us, round:13407
t1_max: 47.83 us, round:20370
t1_jitter: 45.04 us

t2_min: 98.00 us, round:420
t2_max: 152.96 us, round:20319
t2_jitter: 54.96 us

PMU diff samples: 22713
AVG DIFF LL_CACHE_RD: 135.40
AVG DIFF LL_CACHE_MISS_RD: 94.98
AVG DIFF L2D_CACHE_REFILL: 95.02
AVG DIFF L2D_CACHE_INVAL: 0.00
[cur diff] DIFF LL_CACHE_RD: 38, DIFF LL_CACHE_MISS_RD: 0, MISS_RATE: 0.00%
[cur diff] DIFF L2D_CACHE_REFILL: 0
[cur diff] DIFF L2D_CACHE_INVAL: 0
[max diff] DIFF LL_CACHE_RD: 170, DIFF LL_CACHE_MISS_RD: 134, MISS_RATE: 78.82%
[max diff] DIFF L2D_CACHE_REFILL: 135
[max diff] DIFF L2D_CACHE_INVAL: 0

===========================================================
taskpendcnt:22918
t0:5250 ns
t1:16041 ns
t2:116083 ns
benchmark: Franka-derived Cartesian-impedance kernel, input trace:8, timer period:10.000 ms
controller source: franka_ros2 jazzy@73a1501d, updates:22929, SVD sweeps:5
pose error:[0.010000 0.015000 0.010000 -0.000000 0.049979 -0.000000]
tau[0:6]:[-2.781770 -1.613002 -1.930139 -1.581803 -1.382951 -0.390599 -0.663394]
kernel exec min/avg/max: 94.79 / 98.77 / 112.88 us, samples:22921
pressure status:1, copy rounds total/window:1107/11, 4.96 rounds/s
pressure logical copy:11070.00 MiB total, approx 49.57 MiB/s, checksum:1474182512640
pressure report window:2.219276 s
t0_region>
[1]:1947
[2]:76
[3]:638
[4]:5160
[5]:8205
[6]:4337
[7]:1167
[8]:290
[9]:167
[10]:245
[11]:333
[12]:204
[13]:80
[14]:29
[15]:10
[16]:4
[17]:8
[18]:7
[19]:2
[20]:5
[21]:1
[22]:1
[24]:3
[27]:2
[29]:1
[30]:1

t1_region>
[2]:122
[3]:1669
[4]:177
[5]:41
[6]:9
[7]:5
[8]:90
[9]:213
[10]:471
[11]:1715
[12]:3500
[13]:3853
[14]:3689
[15]:3083
[16]:1825
[17]:785
[18]:289
[19]:169
[20]:150
[21]:214
[22]:305
[23]:212
[24]:113
[25]:44
[26]:27
[27]:31
[28]:14
[29]:26
[30]:18
[31]:15
[32]:12
[33]:10
[34]:6
[35]:3
[36]:4
[37]:7
[38]:4
[39]:1
[40]:1
[41]:2
[47]:1

t2_region>
[98]:407
[99]:1216
[100]:236
[101]:89
[102]:44
[103]:20
[104]:23
[105]:107
[106]:113
[107]:167
[108]:376
[109]:1343
[110]:2925
[111]:2723
[112]:2021
[113]:2297
[114]:2687
[115]:2401
[116]:1338
[117]:662
[118]:322
[119]:248
[120]:256
[121]:246
[122]:145
[123]:93
[124]:70
[125]:58
[126]:58
[127]:40
[128]:39
[129]:22
[130]:29
[131]:26
[132]:23
[133]:16
[134]:11
[135]:6
[136]:5
[137]:3
[138]:6
[139]:1
[140]:2
[141]:2
[142]:2
[143]:2
[144]:1
[148]:1
[152]:1

t0_min: 1.08 us, round:18500
t0_max: 30.92 us, round:20370
t0_jitter: 29.83 us

t1_min: 2.79 us, round:13407
t1_max: 47.83 us, round:20370
t1_jitter: 45.04 us

t2_min: 98.00 us, round:420
t2_max: 152.96 us, round:20319
t2_jitter: 54.96 us

PMU diff samples: 22935
AVG DIFF LL_CACHE_RD: 135.41
AVG DIFF LL_CACHE_MISS_RD: 94.97
AVG DIFF L2D_CACHE_REFILL: 95.02
AVG DIFF L2D_CACHE_INVAL: 0.00
[cur diff] DIFF LL_CACHE_RD: 34, DIFF LL_CACHE_MISS_RD: 0, MISS_RATE: 0.00%
[cur diff] DIFF L2D_CACHE_REFILL: 0
[cur diff] DIFF L2D_CACHE_INVAL: 0
[max diff] DIFF LL_CACHE_RD: 170, DIFF LL_CACHE_MISS_RD: 134, MISS_RATE: 78.82%
[max diff] DIFF L2D_CACHE_REFILL: 135
[max diff] DIFF L2D_CACHE_INVAL: 0

===========================================================
taskpendcnt:23140
t0:5083 ns
t1:12666 ns
t2:111250 ns
benchmark: Franka-derived Cartesian-impedance kernel, input trace:8, timer period:10.000 ms
controller source: franka_ros2 jazzy@73a1501d, updates:23151, SVD sweeps:5
pose error:[0.010000 0.015000 0.010000 -0.000000 0.049979 -0.000000]
tau[0:6]:[1.376914 -0.104433 0.790225 0.843903 0.642107 -0.956178 0.423547]
kernel exec min/avg/max: 94.79 / 98.77 / 112.88 us, samples:23143
pressure status:1, copy rounds total/window:1117/10, 4.51 rounds/s
pressure logical copy:11170.00 MiB total, approx 45.07 MiB/s, checksum:1487499427840
pressure report window:2.218754 s
t0_region>
[1]:1966
[2]:77
[3]:643
[4]:5213
[5]:8288
[6]:4379
[7]:1176
[8]:290
[9]:171
[10]:248
[11]:335
[12]:204
[13]:81
[14]:29
[15]:10
[16]:4
[17]:8
[18]:7
[19]:2
[20]:5
[21]:1
[22]:1
[24]:3
[27]:2
[29]:1
[30]:1

t1_region>
[2]:124
[3]:1686
[4]:177
[5]:42
[6]:9
[7]:5
[8]:90
[9]:215
[10]:476
[11]:1725
[12]:3535
[13]:3899
[14]:3725
[15]:3116
[16]:1842
[17]:792
[18]:291
[19]:171
[20]:154
[21]:214
[22]:305
[23]:215
[24]:113
[25]:44
[26]:27
[27]:31
[28]:14
[29]:26
[30]:18
[31]:15
[32]:12
[33]:10
[34]:6
[35]:3
[36]:4
[37]:7
[38]:4
[39]:1
[40]:1
[41]:2
[47]:1

t2_region>
[98]:413
[99]:1228
[100]:237
[101]:89
[102]:45
[103]:20
[104]:23
[105]:107
[106]:113
[107]:167
[108]:382
[109]:1350
[110]:2955
[111]:2753
[112]:2042
[113]:2315
[114]:2715
[115]:2432
[116]:1352
[117]:668
[118]:326
[119]:252
[120]:256
[121]:247
[122]:147
[123]:93
[124]:70
[125]:58
[126]:58
[127]:40
[128]:39
[129]:22
[130]:29
[131]:26
[132]:23
[133]:16
[134]:11
[135]:6
[136]:5
[137]:3
[138]:6
[139]:1
[140]:2
[141]:2
[142]:2
[143]:2
[144]:1
[148]:1
[152]:1

t0_min: 1.08 us, round:18500
t0_max: 30.92 us, round:20370
t0_jitter: 29.83 us

t1_min: 2.79 us, round:13407
t1_max: 47.83 us, round:20370
t1_jitter: 45.04 us

t2_min: 98.00 us, round:420
t2_max: 152.96 us, round:20319
t2_jitter: 54.96 us

PMU diff samples: 23157
AVG DIFF LL_CACHE_RD: 135.40
AVG DIFF LL_CACHE_MISS_RD: 94.97
AVG DIFF L2D_CACHE_REFILL: 95.01
AVG DIFF L2D_CACHE_INVAL: 0.00
[cur diff] DIFF LL_CACHE_RD: 39, DIFF LL_CACHE_MISS_RD: 0, MISS_RATE: 0.00%
[cur diff] DIFF L2D_CACHE_REFILL: 0
[cur diff] DIFF L2D_CACHE_INVAL: 0
[max diff] DIFF LL_CACHE_RD: 170, DIFF LL_CACHE_MISS_RD: 134, MISS_RATE: 78.82%
[max diff] DIFF L2D_CACHE_REFILL: 135
[max diff] DIFF L2D_CACHE_INVAL: 0

===========================================================
taskpendcnt:23361
t0:4625 ns
t1:11916 ns
t2:113125 ns
benchmark: Franka-derived Cartesian-impedance kernel, input trace:8, timer period:10.000 ms
controller source: franka_ros2 jazzy@73a1501d, updates:23373, SVD sweeps:5
pose error:[0.010000 0.015000 0.010000 -0.000000 0.049979 -0.000000]
tau[0:6]:[0.839771 0.130674 0.617691 0.624912 0.653099 -0.592692 0.265887]
kernel exec min/avg/max: 94.79 / 98.77 / 112.88 us, samples:23365
pressure status:1, copy rounds total/window:1128/11, 4.96 rounds/s
pressure logical copy:11280.00 MiB total, approx 49.59 MiB/s, checksum:1502148034560
pressure report window:2.218127 s
t0_region>
[1]:1986
[2]:78
[3]:646
[4]:5266
[5]:8364
[6]:4420
[7]:1191
[8]:293
[9]:173
[10]:250
[11]:336
[12]:208
[13]:82
[14]:29
[15]:10
[16]:4
[17]:8
[18]:7
[19]:2
[20]:5
[21]:1
[22]:1
[24]:3
[27]:2
[29]:1
[30]:1

t1_region>
[2]:125
[3]:1704
[4]:178
[5]:43
[6]:9
[7]:5
[8]:90
[9]:215
[10]:479
[11]:1745
[12]:3568
[13]:3940
[14]:3759
[15]:3147
[16]:1857
[17]:800
[18]:297
[19]:171
[20]:155
[21]:215
[22]:307
[23]:216
[24]:116
[25]:45
[26]:28
[27]:31
[28]:14
[29]:26
[30]:18
[31]:15
[32]:12
[33]:10
[34]:6
[35]:3
[36]:4
[37]:7
[38]:4
[39]:1
[40]:1
[41]:2
[47]:1

t2_region>
[98]:415
[99]:1243
[100]:238
[101]:91
[102]:45
[103]:20
[104]:24
[105]:107
[106]:113
[107]:167
[108]:386
[109]:1365
[110]:2978
[111]:2787
[112]:2059
[113]:2337
[114]:2740
[115]:2456
[116]:1365
[117]:676
[118]:332
[119]:254
[120]:258
[121]:247
[122]:149
[123]:94
[124]:71
[125]:58
[126]:59
[127]:41
[128]:39
[129]:22
[130]:29
[131]:26
[132]:23
[133]:16
[134]:11
[135]:6
[136]:5
[137]:3
[138]:6
[139]:1
[140]:2
[141]:2
[142]:2
[143]:2
[144]:1
[148]:1
[152]:1

t0_min: 1.08 us, round:18500
t0_max: 30.92 us, round:20370
t0_jitter: 29.83 us

t1_min: 2.79 us, round:13407
t1_max: 47.83 us, round:20370
t1_jitter: 45.04 us

t2_min: 98.00 us, round:420
t2_max: 152.96 us, round:20319
t2_jitter: 54.96 us

PMU diff samples: 23379
AVG DIFF LL_CACHE_RD: 135.38
AVG DIFF LL_CACHE_MISS_RD: 94.95
AVG DIFF L2D_CACHE_REFILL: 94.99
AVG DIFF L2D_CACHE_INVAL: 0.00
[cur diff] DIFF LL_CACHE_RD: 29, DIFF LL_CACHE_MISS_RD: 0, MISS_RATE: 0.00%
[cur diff] DIFF L2D_CACHE_REFILL: 0
[cur diff] DIFF L2D_CACHE_INVAL: 0
[max diff] DIFF LL_CACHE_RD: 170, DIFF LL_CACHE_MISS_RD: 134, MISS_RATE: 78.82%
[max diff] DIFF L2D_CACHE_REFILL: 135
[max diff] DIFF L2D_CACHE_INVAL: 0

===========================================================
taskpendcnt:23583
t0:7291 ns
t1:18666 ns
t2:119958 ns
benchmark: Franka-derived Cartesian-impedance kernel, input trace:8, timer period:10.000 ms
controller source: franka_ros2 jazzy@73a1501d, updates:23595, SVD sweeps:5
pose error:[0.010000 0.015000 0.010000 -0.000000 0.049979 -0.000000]
tau[0:6]:[-1.839419 -0.921560 -1.193198 -1.195971 -0.861243 0.113634 -0.461388]
kernel exec min/avg/max: 94.79 / 98.77 / 112.88 us, samples:23586
pressure status:1, copy rounds total/window:1139/11, 4.96 rounds/s
pressure logical copy:11390.00 MiB total, approx 49.58 MiB/s, checksum:1516796641280
pressure report window:2.218669 s
t0_region>
[1]:2006
[2]:79
[3]:650
[4]:5321
[5]:8435
[6]:4473
[7]:1196
[8]:298
[9]:175
[10]:251
[11]:339
[12]:209
[13]:82
[14]:30
[15]:10
[16]:4
[17]:8
[18]:7
[19]:2
[20]:5
[21]:1
[22]:1
[24]:3
[27]:2
[29]:1
[30]:1

t1_region>
[2]:126
[3]:1720
[4]:180
[5]:44
[6]:9
[7]:6
[8]:90
[9]:215
[10]:484
[11]:1767
[12]:3597
[13]:3987
[14]:3793
[15]:3178
[16]:1872
[17]:807
[18]:300
[19]:172
[20]:155
[21]:216
[22]:310
[23]:217
[24]:116
[25]:45
[26]:28
[27]:31
[28]:15
[29]:26
[30]:18
[31]:15
[32]:12
[33]:10
[34]:6
[35]:3
[36]:5
[37]:7
[38]:4
[39]:1
[40]:1
[41]:2
[47]:1

t2_region>
[98]:419
[99]:1254
[100]:238
[101]:93
[102]:46
[103]:21
[104]:24
[105]:107
[106]:114
[107]:167
[108]:391
[109]:1377
[110]:3008
[111]:2814
[112]:2083
[113]:2359
[114]:2769
[115]:2479
[116]:1376
[117]:682
[118]:334
[119]:257
[120]:260
[121]:250
[122]:149
[123]:94
[124]:71
[125]:58
[126]:59
[127]:42
[128]:39
[129]:22
[130]:29
[131]:26
[132]:23
[133]:16
[134]:11
[135]:6
[136]:5
[137]:4
[138]:6
[139]:1
[140]:2
[141]:2
[142]:2
[143]:2
[144]:1
[148]:1
[152]:1

t0_min: 1.08 us, round:18500
t0_max: 30.92 us, round:20370
t0_jitter: 29.83 us

t1_min: 2.79 us, round:13407
t1_max: 47.83 us, round:20370
t1_jitter: 45.04 us

t2_min: 98.00 us, round:420
t2_max: 152.96 us, round:20319
t2_jitter: 54.96 us

PMU diff samples: 23601
AVG DIFF LL_CACHE_RD: 135.37
AVG DIFF LL_CACHE_MISS_RD: 94.95
AVG DIFF L2D_CACHE_REFILL: 94.99
AVG DIFF L2D_CACHE_INVAL: 0.00
[cur diff] DIFF LL_CACHE_RD: 45, DIFF LL_CACHE_MISS_RD: 0, MISS_RATE: 0.00%
[cur diff] DIFF L2D_CACHE_REFILL: 0
[cur diff] DIFF L2D_CACHE_INVAL: 0
[max diff] DIFF LL_CACHE_RD: 170, DIFF LL_CACHE_MISS_RD: 134, MISS_RATE: 78.82%
[max diff] DIFF L2D_CACHE_REFILL: 135
[max diff] DIFF L2D_CACHE_INVAL: 0

===========================================================
taskpendcnt:23805
t0:4208 ns
t1:10333 ns
t2:110166 ns
benchmark: Franka-derived Cartesian-impedance kernel, input trace:8, timer period:10.000 ms
controller source: franka_ros2 jazzy@73a1501d, updates:23816, SVD sweeps:5
pose error:[0.010000 0.015000 0.010000 -0.000000 0.049979 -0.000000]
tau[0:6]:[-2.781770 -1.613002 -1.930139 -1.581803 -1.382951 -0.390599 -0.663394]
kernel exec min/avg/max: 94.79 / 98.78 / 112.88 us, samples:23808
pressure status:1, copy rounds total/window:1149/10, 4.51 rounds/s
pressure logical copy:11490.00 MiB total, approx 45.05 MiB/s, checksum:1530113556480
pressure report window:2.219733 s
t0_region>
[1]:2027
[2]:79
[3]:656
[4]:5363
[5]:8488
[6]:4519
[7]:1221
[8]:310
[9]:178
[10]:252
[11]:341
[12]:212
[13]:83
[14]:31
[15]:11
[16]:6
[17]:8
[18]:8
[19]:3
[20]:6
[21]:1
[22]:1
[24]:3
[27]:2
[29]:1
[30]:1

t1_region>
[2]:127
[3]:1738
[4]:182
[5]:44
[6]:9
[7]:6
[8]:90
[9]:218
[10]:494
[11]:1785
[12]:3617
[13]:4013
[14]:3812
[15]:3194
[16]:1893
[17]:825
[18]:313
[19]:179
[20]:160
[21]:221
[22]:312
[23]:219
[24]:117
[25]:46
[26]:31
[27]:32
[28]:18
[29]:26
[30]:18
[31]:16
[32]:12
[33]:13
[34]:8
[35]:4
[36]:5
[37]:7
[38]:4
[39]:1
[40]:1
[41]:2
[47]:1

t2_region>
[98]:420
[99]:1267
[100]:243
[101]:93
[102]:48
[103]:21
[104]:24
[105]:107
[106]:114
[107]:170
[108]:399
[109]:1389
[110]:3019
[111]:2825
[112]:2100
[113]:2382
[114]:2787
[115]:2493
[116]:1390
[117]:698
[118]:346
[119]:264
[120]:265
[121]:254
[122]:153
[123]:98
[124]:71
[125]:59
[126]:61
[127]:43
[128]:42
[129]:24
[130]:29
[131]:26
[132]:24
[133]:21
[134]:11
[135]:8
[136]:5
[137]:4
[138]:7
[139]:1
[140]:2
[141]:2
[142]:2
[143]:2
[144]:1
[148]:1
[152]:1

t0_min: 1.08 us, round:18500
t0_max: 30.92 us, round:20370
t0_jitter: 29.83 us

t1_min: 2.79 us, round:13407
t1_max: 47.83 us, round:20370
t1_jitter: 45.04 us

t2_min: 98.00 us, round:420
t2_max: 152.96 us, round:20319
t2_jitter: 54.96 us

PMU diff samples: 23823
AVG DIFF LL_CACHE_RD: 135.36
AVG DIFF LL_CACHE_MISS_RD: 94.92
AVG DIFF L2D_CACHE_REFILL: 94.97
AVG DIFF L2D_CACHE_INVAL: 0.00
[cur diff] DIFF LL_CACHE_RD: 65, DIFF LL_CACHE_MISS_RD: 0, MISS_RATE: 0.00%
[cur diff] DIFF L2D_CACHE_REFILL: 0
[cur diff] DIFF L2D_CACHE_INVAL: 0
[max diff] DIFF LL_CACHE_RD: 170, DIFF LL_CACHE_MISS_RD: 134, MISS_RATE: 78.82%
[max diff] DIFF L2D_CACHE_REFILL: 135
[max diff] DIFF L2D_CACHE_INVAL: 0

===========================================================
taskpendcnt:24027
t0:6666 ns
t1:15708 ns
t2:115458 ns
benchmark: Franka-derived Cartesian-impedance kernel, input trace:8, timer period:10.000 ms
controller source: franka_ros2 jazzy@73a1501d, updates:24038, SVD sweeps:5
pose error:[0.010000 0.015000 0.010000 -0.000000 0.049979 -0.000000]
tau[0:6]:[1.376914 -0.104433 0.790225 0.843903 0.642107 -0.956178 0.423547]
kernel exec min/avg/max: 94.79 / 98.78 / 112.88 us, samples:24030
pressure status:1, copy rounds total/window:1160/11, 4.96 rounds/s
pressure logical copy:11600.00 MiB total, approx 49.58 MiB/s, checksum:1544762163200
pressure report window:2.218798 s
t0_region>
[1]:2047
[2]:80
[3]:660
[4]:5406
[5]:8554
[6]:4578
[7]:1238
[8]:314
[9]:179
[10]:255
[11]:341
[12]:216
[13]:83
[14]:31
[15]:11
[16]:6
[17]:8
[18]:8
[19]:3
[20]:6
[21]:1
[22]:1
[24]:3
[27]:2
[29]:1
[30]:1

t1_region>
[2]:127
[3]:1757
[4]:183
[5]:45
[6]:9
[7]:6
[8]:90
[9]:218
[10]:498
[11]:1802
[12]:3644
[13]:4058
[14]:3840
[15]:3216
[16]:1910
[17]:840
[18]:321
[19]:185
[20]:163
[21]:223
[22]:316
[23]:220
[24]:117
[25]:46
[26]:33
[27]:32
[28]:18
[29]:26
[30]:18
[31]:16
[32]:12
[33]:13
[34]:8
[35]:4
[36]:5
[37]:7
[38]:4
[39]:1
[40]:1
[41]:2
[47]:1

t2_region>
[98]:420
[99]:1277
[100]:253
[101]:93
[102]:48
[103]:21
[104]:25
[105]:107
[106]:114
[107]:170
[108]:400
[109]:1399
[110]:3040
[111]:2855
[112]:2118
[113]:2407
[114]:2808
[115]:2515
[116]:1407
[117]:711
[118]:350
[119]:268
[120]:267
[121]:262
[122]:154
[123]:100
[124]:71
[125]:60
[126]:61
[127]:44
[128]:42
[129]:24
[130]:29
[131]:26
[132]:24
[133]:21
[134]:11
[135]:8
[136]:5
[137]:4
[138]:7
[139]:1
[140]:2
[141]:2
[142]:2
[143]:2
[144]:1
[148]:1
[152]:1

t0_min: 1.08 us, round:18500
t0_max: 30.92 us, round:20370
t0_jitter: 29.83 us

t1_min: 2.79 us, round:13407
t1_max: 47.83 us, round:20370
t1_jitter: 45.04 us

t2_min: 98.00 us, round:420
t2_max: 152.96 us, round:20319
t2_jitter: 54.96 us

PMU diff samples: 24045
AVG DIFF LL_CACHE_RD: 135.35
AVG DIFF LL_CACHE_MISS_RD: 94.91
AVG DIFF L2D_CACHE_REFILL: 94.96
AVG DIFF L2D_CACHE_INVAL: 0.00
[cur diff] DIFF LL_CACHE_RD: 39, DIFF LL_CACHE_MISS_RD: 0, MISS_RATE: 0.00%
[cur diff] DIFF L2D_CACHE_REFILL: 0
[cur diff] DIFF L2D_CACHE_INVAL: 0
[max diff] DIFF LL_CACHE_RD: 170, DIFF LL_CACHE_MISS_RD: 134, MISS_RATE: 78.82%
[max diff] DIFF L2D_CACHE_REFILL: 135
[max diff] DIFF L2D_CACHE_INVAL: 0

===========================================================
taskpendcnt:24249
t0:5625 ns
t1:13500 ns
t2:112083 ns
benchmark: Franka-derived Cartesian-impedance kernel, input trace:8, timer period:10.000 ms
controller source: franka_ros2 jazzy@73a1501d, updates:24260, SVD sweeps:5
pose error:[0.010000 0.015000 0.010000 -0.000000 0.049979 -0.000000]
tau[0:6]:[0.839771 0.130674 0.617691 0.624912 0.653099 -0.592692 0.265887]
kernel exec min/avg/max: 94.79 / 98.78 / 112.88 us, samples:24252
pressure status:1, copy rounds total/window:1170/10, 4.51 rounds/s
pressure logical copy:11700.00 MiB total, approx 45.08 MiB/s, checksum:1558079078400
pressure report window:2.218257 s
t0_region>
[1]:2067
[2]:80
[3]:663
[4]:5460
[5]:8631
[6]:4629
[7]:1243
[8]:316
[9]:180
[10]:260
[11]:342
[12]:218
[13]:83
[14]:31
[15]:11
[16]:6
[17]:8
[18]:8
[19]:3
[20]:6
[21]:1
[22]:1
[24]:3
[27]:2
[29]:1
[30]:1

t1_region>
[2]:129
[3]:1775
[4]:184
[5]:45
[6]:9
[7]:6
[8]:90
[9]:218
[10]:501
[11]:1820
[12]:3685
[13]:4085
[14]:3890
[15]:3250
[16]:1921
[17]:846
[18]:323
[19]:185
[20]:165
[21]:226
[22]:318
[23]:221
[24]:118
[25]:46
[26]:33
[27]:32
[28]:18
[29]:26
[30]:18
[31]:16
[32]:12
[33]:13
[34]:8
[35]:4
[36]:5
[37]:7
[38]:4
[39]:1
[40]:1
[41]:2
[47]:1

t2_region>
[98]:424
[99]:1291
[100]:256
[101]:93
[102]:48
[103]:21
[104]:25
[105]:107
[106]:114
[107]:170
[108]:401
[109]:1410
[110]:3068
[111]:2888
[112]:2139
[113]:2427
[114]:2835
[115]:2548
[116]:1417
[117]:717
[118]:351
[119]:272
[120]:270
[121]:263
[122]:155
[123]:101
[124]:71
[125]:60
[126]:61
[127]:44
[128]:42
[129]:24
[130]:29
[131]:26
[132]:24
[133]:21
[134]:11
[135]:8
[136]:5
[137]:4
[138]:7
[139]:1
[140]:2
[141]:2
[142]:2
[143]:2
[144]:1
[148]:1
[152]:1

t0_min: 1.08 us, round:18500
t0_max: 30.92 us, round:20370
t0_jitter: 29.83 us

t1_min: 2.79 us, round:13407
t1_max: 47.83 us, round:20370
t1_jitter: 45.04 us

t2_min: 98.00 us, round:420
t2_max: 152.96 us, round:20319
t2_jitter: 54.96 us

PMU diff samples: 24267
AVG DIFF LL_CACHE_RD: 135.35
AVG DIFF LL_CACHE_MISS_RD: 94.90
AVG DIFF L2D_CACHE_REFILL: 94.95
AVG DIFF L2D_CACHE_INVAL: 0.00
[cur diff] DIFF LL_CACHE_RD: 41, DIFF LL_CACHE_MISS_RD: 0, MISS_RATE: 0.00%
[cur diff] DIFF L2D_CACHE_REFILL: 1
[cur diff] DIFF L2D_CACHE_INVAL: 0
[max diff] DIFF LL_CACHE_RD: 170, DIFF LL_CACHE_MISS_RD: 134, MISS_RATE: 78.82%
[max diff] DIFF L2D_CACHE_REFILL: 135
[max diff] DIFF L2D_CACHE_INVAL: 0

===========================================================
taskpendcnt:24471
t0:5750 ns
t1:13916 ns
t2:112500 ns
benchmark: Franka-derived Cartesian-impedance kernel, input trace:8, timer period:10.000 ms
controller source: franka_ros2 jazzy@73a1501d, updates:24482, SVD sweeps:5
pose error:[0.010000 0.015000 0.010000 -0.000000 0.049979 -0.000000]
tau[0:6]:[-2.379368 -1.292411 -1.655224 -1.570015 -1.185234 -0.066588 -0.610247]
kernel exec min/avg/max: 94.79 / 98.79 / 112.88 us, samples:24474
pressure status:1, copy rounds total/window:1181/11, 4.96 rounds/s
pressure logical copy:11810.00 MiB total, approx 49.58 MiB/s, checksum:1572727685120
pressure report window:2.218770 s
t0_region>
[1]:2088
[2]:80
[3]:666
[4]:5505
[5]:8720
[6]:4674
[7]:1253
[8]:316
[9]:182
[10]:262
[11]:345
[12]:220
[13]:83
[14]:31
[15]:11
[16]:6
[17]:8
[18]:8
[19]:3
[20]:6
[21]:1
[22]:1
[24]:3
[27]:2
[29]:1
[30]:1

t1_region>
[2]:132
[3]:1793
[4]:184
[5]:45
[6]:9
[7]:6
[8]:90
[9]:218
[10]:502
[11]:1832
[12]:3727
[13]:4129
[14]:3920
[15]:3286
[16]:1941
[17]:852
[18]:325
[19]:185
[20]:165
[21]:228
[22]:323
[23]:222
[24]:118
[25]:46
[26]:33
[27]:32
[28]:18
[29]:26
[30]:18
[31]:16
[32]:12
[33]:13
[34]:8
[35]:4
[36]:5
[37]:7
[38]:4
[39]:1
[40]:1
[41]:2
[47]:1

t2_region>
[98]:429
[99]:1306
[100]:257
[101]:93
[102]:48
[103]:21
[104]:25
[105]:107
[106]:114
[107]:170
[108]:402
[109]:1422
[110]:3097
[111]:2916
[112]:2159
[113]:2449
[114]:2860
[115]:2581
[116]:1429
[117]:726
[118]:352
[119]:272
[120]:276
[121]:265
[122]:156
[123]:101
[124]:71
[125]:60
[126]:61
[127]:44
[128]:42
[129]:24
[130]:29
[131]:26
[132]:24
[133]:21
[134]:11
[135]:8
[136]:5
[137]:4
[138]:7
[139]:1
[140]:2
[141]:2
[142]:2
[143]:2
[144]:1
[148]:1
[152]:1

t0_min: 1.08 us, round:18500
t0_max: 30.92 us, round:20370
t0_jitter: 29.83 us

t1_min: 2.79 us, round:13407
t1_max: 47.83 us, round:20370
t1_jitter: 45.04 us

t2_min: 98.00 us, round:420
t2_max: 152.96 us, round:20319
t2_jitter: 54.96 us

PMU diff samples: 24488
AVG DIFF LL_CACHE_RD: 135.33
AVG DIFF LL_CACHE_MISS_RD: 94.89
AVG DIFF L2D_CACHE_REFILL: 94.93
AVG DIFF L2D_CACHE_INVAL: 0.00
[cur diff] DIFF LL_CACHE_RD: 37, DIFF LL_CACHE_MISS_RD: 0, MISS_RATE: 0.00%
[cur diff] DIFF L2D_CACHE_REFILL: 0
[cur diff] DIFF L2D_CACHE_INVAL: 0
[max diff] DIFF LL_CACHE_RD: 170, DIFF LL_CACHE_MISS_RD: 134, MISS_RATE: 78.82%
[max diff] DIFF L2D_CACHE_REFILL: 135
[max diff] DIFF L2D_CACHE_INVAL: 0

===========================================================
taskpendcnt:24693
t0:4416 ns
t1:14625 ns
t2:114666 ns
benchmark: Franka-derived Cartesian-impedance kernel, input trace:8, timer period:10.000 ms
controller source: franka_ros2 jazzy@73a1501d, updates:24704, SVD sweeps:5
pose error:[0.010000 0.015000 0.010000 -0.000000 0.049979 -0.000000]
tau[0:6]:[-0.567483 -0.552304 -0.482512 -0.231067 -0.297494 -0.656094 -0.085004]
kernel exec min/avg/max: 94.79 / 98.78 / 112.88 us, samples:24696
pressure status:1, copy rounds total/window:1192/11, 4.96 rounds/s
pressure logical copy:11920.00 MiB total, approx 49.57 MiB/s, checksum:1587376291840
pressure report window:2.219118 s
t0_region>
[1]:2109
[2]:80
[3]:669
[4]:5563
[5]:8798
[6]:4716
[7]:1263
[8]:319
[9]:182
[10]:264
[11]:347
[12]:220
[13]:86
[14]:31
[15]:11
[16]:6
[17]:8
[18]:8
[19]:3
[20]:6
[21]:1
[22]:1
[24]:3
[27]:2
[29]:1
[30]:1

t1_region>
[2]:132
[3]:1810
[4]:187
[5]:45
[6]:9
[7]:6
[8]:90
[9]:218
[10]:505
[11]:1849
[12]:3762
[13]:4171
[14]:3956
[15]:3315
[16]:1962
[17]:861
[18]:326
[19]:185
[20]:167
[21]:229
[22]:325
[23]:223
[24]:120
[25]:46
[26]:33
[27]:32
[28]:18
[29]:26
[30]:18
[31]:16
[32]:12
[33]:13
[34]:8
[35]:4
[36]:5
[37]:7
[38]:4
[39]:1
[40]:1
[41]:2
[47]:1

t2_region>
[98]:431
[99]:1321
[100]:260
[101]:94
[102]:48
[103]:21
[104]:25
[105]:107
[106]:114
[107]:170
[108]:404
[109]:1433
[110]:3129
[111]:2949
[112]:2178
[113]:2467
[114]:2886
[115]:2604
[116]:1448
[117]:736
[118]:352
[119]:274
[120]:278
[121]:265
[122]:158
[123]:102
[124]:71
[125]:61
[126]:61
[127]:44
[128]:42
[129]:24
[130]:29
[131]:26
[132]:24
[133]:21
[134]:11
[135]:8
[136]:5
[137]:4
[138]:7
[139]:1
[140]:2
[141]:2
[142]:2
[143]:2
[144]:1
[148]:1
[152]:1

t0_min: 1.08 us, round:18500
t0_max: 30.92 us, round:20370
t0_jitter: 29.83 us

t1_min: 2.79 us, round:13407
t1_max: 47.83 us, round:20370
t1_jitter: 45.04 us

t2_min: 98.00 us, round:420
t2_max: 152.96 us, round:20319
t2_jitter: 54.96 us

PMU diff samples: 24710
AVG DIFF LL_CACHE_RD: 135.33
AVG DIFF LL_CACHE_MISS_RD: 94.88
AVG DIFF L2D_CACHE_REFILL: 94.92
AVG DIFF L2D_CACHE_INVAL: 0.00
[cur diff] DIFF LL_CACHE_RD: 33, DIFF LL_CACHE_MISS_RD: 0, MISS_RATE: 0.00%
[cur diff] DIFF L2D_CACHE_REFILL: 0
[cur diff] DIFF L2D_CACHE_INVAL: 0
[max diff] DIFF LL_CACHE_RD: 170, DIFF LL_CACHE_MISS_RD: 134, MISS_RATE: 78.82%
[max diff] DIFF L2D_CACHE_REFILL: 135
[max diff] DIFF L2D_CACHE_INVAL: 0

===========================================================
taskpendcnt:24915
t0:5416 ns
t1:11833 ns
t2:110125 ns
benchmark: Franka-derived Cartesian-impedance kernel, input trace:8, timer period:10.000 ms
controller source: franka_ros2 jazzy@73a1501d, updates:24926, SVD sweeps:5
pose error:[0.010000 0.015000 0.010000 -0.000000 0.049979 -0.000000]
tau[0:6]:[1.228026 0.081850 0.819520 0.875435 0.745706 -0.833381 0.398995]
kernel exec min/avg/max: 94.79 / 98.79 / 112.88 us, samples:24918
pressure status:1, copy rounds total/window:1202/10, 4.51 rounds/s
pressure logical copy:12020.00 MiB total, approx 45.07 MiB/s, checksum:1600693207040
pressure report window:2.218744 s
t0_region>
[1]:2129
[2]:80
[3]:675
[4]:5613
[5]:8888
[6]:4750
[7]:1272
[8]:321
[9]:183
[10]:267
[11]:350
[12]:223
[13]:87
[14]:31
[15]:11
[16]:6
[17]:8
[18]:8
[19]:3
[20]:6
[21]:1
[22]:1
[24]:3
[27]:2
[29]:1
[30]:1

t1_region>
[2]:132
[3]:1827
[4]:190
[5]:45
[6]:9
[7]:6
[8]:90
[9]:219
[10]:509
[11]:1861
[12]:3795
[13]:4214
[14]:4009
[15]:3337
[16]:1977
[17]:868
[18]:328
[19]:185
[20]:168
[21]:231
[22]:330
[23]:225
[24]:120
[25]:46
[26]:33
[27]:32
[28]:18
[29]:26
[30]:18
[31]:16
[32]:12
[33]:13
[34]:8
[35]:4
[36]:5
[37]:7
[38]:4
[39]:1
[40]:1
[41]:2
[47]:1

t2_region>
[98]:433
[99]:1337
[100]:262
[101]:94
[102]:48
[103]:21
[104]:25
[105]:107
[106]:114
[107]:171
[108]:405
[109]:1443
[110]:3157
[111]:2978
[112]:2197
[113]:2495
[114]:2922
[115]:2620
[116]:1467
[117]:739
[118]:353
[119]:277
[120]:281
[121]:267
[122]:159
[123]:102
[124]:71
[125]:63
[126]:61
[127]:44
[128]:42
[129]:24
[130]:29
[131]:26
[132]:24
[133]:21
[134]:11
[135]:8
[136]:5
[137]:4
[138]:7
[139]:1
[140]:2
[141]:2
[142]:2
[143]:2
[144]:1
[148]:1
[152]:1

t0_min: 1.08 us, round:18500
t0_max: 30.92 us, round:20370
t0_jitter: 29.83 us

t1_min: 2.79 us, round:13407
t1_max: 47.83 us, round:20370
t1_jitter: 45.04 us

t2_min: 98.00 us, round:420
t2_max: 152.96 us, round:20319
t2_jitter: 54.96 us

PMU diff samples: 24932
AVG DIFF LL_CACHE_RD: 135.31
AVG DIFF LL_CACHE_MISS_RD: 94.87
AVG DIFF L2D_CACHE_REFILL: 94.91
AVG DIFF L2D_CACHE_INVAL: 0.00
[cur diff] DIFF LL_CACHE_RD: 35, DIFF LL_CACHE_MISS_RD: 0, MISS_RATE: 0.00%
[cur diff] DIFF L2D_CACHE_REFILL: 0
[cur diff] DIFF L2D_CACHE_INVAL: 0
[max diff] DIFF LL_CACHE_RD: 170, DIFF LL_CACHE_MISS_RD: 134, MISS_RATE: 78.82%
[max diff] DIFF L2D_CACHE_REFILL: 135
[max diff] DIFF L2D_CACHE_INVAL: 0

===========================================================
taskpendcnt:25136
t0:5541 ns
t1:13125 ns
t2:112583 ns
benchmark: Franka-derived Cartesian-impedance kernel, input trace:8, timer period:10.000 ms
controller source: franka_ros2 jazzy@73a1501d, updates:25148, SVD sweeps:5
pose error:[0.010000 0.015000 0.010000 -0.000000 0.049979 -0.000000]
tau[0:6]:[-0.274004 -0.324180 0.001577 -0.231466 0.050986 -0.328952 0.010844]
kernel exec min/avg/max: 94.79 / 98.78 / 112.88 us, samples:25140
pressure status:1, copy rounds total/window:1213/11, 4.96 rounds/s
pressure logical copy:12130.00 MiB total, approx 49.58 MiB/s, checksum:1615341813760
pressure report window:2.218481 s
t0_region>
[1]:2149
[2]:81
[3]:676
[4]:5661
[5]:8976
[6]:4791
[7]:1283
[8]:322
[9]:183
[10]:269
[11]:355
[12]:225
[13]:88
[14]:31
[15]:11
[16]:7
[17]:8
[18]:8
[19]:3
[20]:6
[21]:1
[22]:1
[24]:3
[27]:2
[29]:1
[30]:1

t1_region>
[2]:133
[3]:1844
[4]:193
[5]:45
[6]:9
[7]:6
[8]:90
[9]:219
[10]:509
[11]:1878
[12]:3833
[13]:4252
[14]:4042
[15]:3367
[16]:2000
[17]:875
[18]:332
[19]:185
[20]:168
[21]:234
[22]:333
[23]:227
[24]:120
[25]:46
[26]:33
[27]:33
[28]:18
[29]:26
[30]:18
[31]:16
[32]:13
[33]:14
[34]:8
[35]:4
[36]:5
[37]:7
[38]:4
[39]:1
[40]:1
[41]:2
[47]:1

t2_region>
[98]:437
[99]:1351
[100]:263
[101]:95
[102]:48
[103]:22
[104]:25
[105]:107
[106]:114
[107]:171
[108]:405
[109]:1451
[110]:3195
[111]:3000
[112]:2218
[113]:2525
[114]:2945
[115]:2648
[116]:1479
[117]:746
[118]:354
[119]:279
[120]:283
[121]:269
[122]:160
[123]:102
[124]:71
[125]:63
[126]:62
[127]:45
[128]:42
[129]:24
[130]:29
[131]:26
[132]:24
[133]:21
[134]:12
[135]:9
[136]:5
[137]:4
[138]:7
[139]:1
[140]:2
[141]:2
[142]:2
[143]:2
[144]:1
[148]:1
[152]:1

t0_min: 1.08 us, round:18500
t0_max: 30.92 us, round:20370
t0_jitter: 29.83 us

t1_min: 2.79 us, round:13407
t1_max: 47.83 us, round:20370
t1_jitter: 45.04 us

t2_min: 98.00 us, round:420
t2_max: 152.96 us, round:20319
t2_jitter: 54.96 us

PMU diff samples: 25154
AVG DIFF LL_CACHE_RD: 135.30
AVG DIFF LL_CACHE_MISS_RD: 94.87
AVG DIFF L2D_CACHE_REFILL: 94.91
AVG DIFF L2D_CACHE_INVAL: 0.00
[cur diff] DIFF LL_CACHE_RD: 43, DIFF LL_CACHE_MISS_RD: 0, MISS_RATE: 0.00%
[cur diff] DIFF L2D_CACHE_REFILL: 1
[cur diff] DIFF L2D_CACHE_INVAL: 0
[max diff] DIFF LL_CACHE_RD: 170, DIFF LL_CACHE_MISS_RD: 134, MISS_RATE: 78.82%
[max diff] DIFF L2D_CACHE_REFILL: 135
[max diff] DIFF L2D_CACHE_INVAL: 0

===========================================================
taskpendcnt:25358
t0:5083 ns
t1:13541 ns
t2:114458 ns
benchmark: Franka-derived Cartesian-impedance kernel, input trace:8, timer period:10.000 ms
controller source: franka_ros2 jazzy@73a1501d, updates:25370, SVD sweeps:5
pose error:[0.010000 0.015000 0.010000 -0.000000 0.049979 -0.000000]
tau[0:6]:[-2.379368 -1.292411 -1.655224 -1.570015 -1.185234 -0.066588 -0.610247]
kernel exec min/avg/max: 94.79 / 98.78 / 112.88 us, samples:25362
pressure status:1, copy rounds total/window:1224/11, 4.96 rounds/s
pressure logical copy:12240.00 MiB total, approx 49.56 MiB/s, checksum:1629990420480
pressure report window:2.219494 s
t0_region>
[1]:2170
[2]:81
[3]:682
[4]:5701
[5]:9066
[6]:4840
[7]:1289
[8]:324
[9]:184
[10]:270
[11]:358
[12]:228
[13]:88
[14]:31
[15]:11
[16]:7
[17]:8
[18]:8
[19]:3
[20]:6
[21]:1
[22]:1
[24]:3
[27]:2
[29]:1
[30]:1

t1_region>
[2]:133
[3]:1863
[4]:194
[5]:46
[6]:9
[7]:6
[8]:90
[9]:219
[10]:512
[11]:1888
[12]:3869
[13]:4298
[14]:4080
[15]:3403
[16]:2017
[17]:881
[18]:333
[19]:185
[20]:169
[21]:237
[22]:334
[23]:230
[24]:120
[25]:46
[26]:33
[27]:33
[28]:18
[29]:26
[30]:18
[31]:16
[32]:13
[33]:14
[34]:8
[35]:4
[36]:5
[37]:7
[38]:4
[39]:1
[40]:1
[41]:2
[47]:1

t2_region>
[98]:441
[99]:1365
[100]:264
[101]:96
[102]:49
[103]:22
[104]:25
[105]:107
[106]:114
[107]:171
[108]:406
[109]:1461
[110]:3228
[111]:3029
[112]:2237
[113]:2553
[114]:2978
[115]:2670
[116]:1490
[117]:749
[118]:358
[119]:280
[120]:286
[121]:269
[122]:162
[123]:103
[124]:71
[125]:63
[126]:63
[127]:45
[128]:42
[129]:24
[130]:29
[131]:26
[132]:24
[133]:21
[134]:12
[135]:9
[136]:5
[137]:4
[138]:7
[139]:1
[140]:2
[141]:2
[142]:2
[143]:2
[144]:1
[148]:1
[152]:1

t0_min: 1.08 us, round:18500
t0_max: 30.92 us, round:20370
t0_jitter: 29.83 us

t1_min: 2.79 us, round:13407
t1_max: 47.83 us, round:20370
t1_jitter: 45.04 us

t2_min: 98.00 us, round:420
t2_max: 152.96 us, round:20319
t2_jitter: 54.96 us

PMU diff samples: 25376
AVG DIFF LL_CACHE_RD: 135.30
AVG DIFF LL_CACHE_MISS_RD: 94.87
AVG DIFF L2D_CACHE_REFILL: 94.91
AVG DIFF L2D_CACHE_INVAL: 0.00
[cur diff] DIFF LL_CACHE_RD: 42, DIFF LL_CACHE_MISS_RD: 0, MISS_RATE: 0.00%
[cur diff] DIFF L2D_CACHE_REFILL: 0
[cur diff] DIFF L2D_CACHE_INVAL: 0
[max diff] DIFF LL_CACHE_RD: 170, DIFF LL_CACHE_MISS_RD: 134, MISS_RATE: 78.82%
[max diff] DIFF L2D_CACHE_REFILL: 135
[max diff] DIFF L2D_CACHE_INVAL: 0

===========================================================
taskpendcnt:25580
t0:4541 ns
t1:11333 ns
t2:110208 ns
benchmark: Franka-derived Cartesian-impedance kernel, input trace:8, timer period:10.000 ms
controller source: franka_ros2 jazzy@73a1501d, updates:25592, SVD sweeps:5
pose error:[0.010000 0.015000 0.010000 -0.000000 0.049979 -0.000000]
tau[0:6]:[-0.567483 -0.552304 -0.482512 -0.231067 -0.297494 -0.656094 -0.085004]
kernel exec min/avg/max: 94.79 / 98.78 / 112.88 us, samples:25584
pressure status:1, copy rounds total/window:1234/10, 4.51 rounds/s
pressure logical copy:12340.00 MiB total, approx 45.06 MiB/s, checksum:1643307335680
pressure report window:2.219244 s
t0_region>
[1]:2190
[2]:82
[3]:683
[4]:5750
[5]:9140
[6]:4891
[7]:1306
[8]:324
[9]:185
[10]:270
[11]:363
[12]:231
[13]:88
[14]:31
[15]:11
[16]:7
[17]:8
[18]:8
[19]:3
[20]:6
[21]:1
[22]:1
[24]:3
[27]:2
[29]:1
[30]:1

t1_region>
[2]:136
[3]:1879
[4]:196
[5]:46
[6]:9
[7]:6
[8]:90
[9]:219
[10]:512
[11]:1902
[12]:3903
[13]:4340
[14]:4113
[15]:3437
[16]:2035
[17]:894
[18]:337
[19]:185
[20]:171
[21]:238
[22]:336
[23]:234
[24]:120
[25]:46
[26]:33
[27]:33
[28]:18
[29]:26
[30]:18
[31]:16
[32]:13
[33]:14
[34]:8
[35]:4
[36]:5
[37]:7
[38]:4
[39]:1
[40]:1
[41]:2
[47]:1

t2_region>
[98]:445
[99]:1378
[100]:266
[101]:96
[102]:50
[103]:22
[104]:25
[105]:107
[106]:114
[107]:171
[108]:406
[109]:1473
[110]:3260
[111]:3056
[112]:2259
[113]:2572
[114]:3000
[115]:2694
[116]:1508
[117]:763
[118]:360
[119]:281
[120]:289
[121]:273
[122]:163
[123]:103
[124]:71
[125]:63
[126]:63
[127]:45
[128]:42
[129]:24
[130]:29
[131]:26
[132]:24
[133]:21
[134]:12
[135]:9
[136]:5
[137]:4
[138]:7
[139]:1
[140]:2
[141]:2
[142]:2
[143]:2
[144]:1
[148]:1
[152]:1

t0_min: 1.08 us, round:18500
t0_max: 30.92 us, round:20370
t0_jitter: 29.83 us

t1_min: 2.79 us, round:13407
t1_max: 47.83 us, round:20370
t1_jitter: 45.04 us

t2_min: 98.00 us, round:420
t2_max: 152.96 us, round:20319
t2_jitter: 54.96 us

PMU diff samples: 25598
AVG DIFF LL_CACHE_RD: 135.29
AVG DIFF LL_CACHE_MISS_RD: 94.87
AVG DIFF L2D_CACHE_REFILL: 94.91
AVG DIFF L2D_CACHE_INVAL: 0.00
[cur diff] DIFF LL_CACHE_RD: 48, DIFF LL_CACHE_MISS_RD: 0, MISS_RATE: 0.00%
[cur diff] DIFF L2D_CACHE_REFILL: 0
[cur diff] DIFF L2D_CACHE_INVAL: 0
[max diff] DIFF LL_CACHE_RD: 170, DIFF LL_CACHE_MISS_RD: 134, MISS_RATE: 78.82%
[max diff] DIFF L2D_CACHE_REFILL: 135
[max diff] DIFF L2D_CACHE_INVAL: 0

===========================================================
taskpendcnt:25802
t0:6125 ns
t1:14000 ns
t2:114125 ns
benchmark: Franka-derived Cartesian-impedance kernel, input trace:8, timer period:10.000 ms
controller source: franka_ros2 jazzy@73a1501d, updates:25813, SVD sweeps:5
pose error:[0.010000 0.015000 0.010000 -0.000000 0.049979 -0.000000]
tau[0:6]:[1.228026 0.081850 0.819520 0.875435 0.745706 -0.833381 0.398995]
kernel exec min/avg/max: 94.79 / 98.78 / 112.88 us, samples:25805
pressure status:1, copy rounds total/window:1245/11, 4.96 rounds/s
pressure logical copy:12450.00 MiB total, approx 49.58 MiB/s, checksum:1657955942400
pressure report window:2.218672 s
t0_region>
[1]:2211
[2]:82
[3]:686
[4]:5797
[5]:9234
[6]:4933
[7]:1311
[8]:324
[9]:186
[10]:274
[11]:365
[12]:233
[13]:89
[14]:31
[15]:11
[16]:7
[17]:8
[18]:8
[19]:3
[20]:6
[21]:1
[22]:1
[24]:3
[27]:2
[29]:1
[30]:1

t1_region>
[2]:137
[3]:1897
[4]:198
[5]:46
[6]:9
[7]:6
[8]:90
[9]:219
[10]:514
[11]:1915
[12]:3941
[13]:4385
[14]:4149
[15]:3475
[16]:2043
[17]:903
[18]:338
[19]:186
[20]:172
[21]:241
[22]:338
[23]:236
[24]:122
[25]:46
[26]:33
[27]:33
[28]:18
[29]:26
[30]:18
[31]:16
[32]:13
[33]:14
[34]:8
[35]:4
[36]:5
[37]:7
[38]:4
[39]:1
[40]:1
[41]:2
[47]:1

t2_region>
[98]:451
[99]:1387
[100]:270
[101]:97
[102]:50
[103]:22
[104]:26
[105]:107
[106]:114
[107]:171
[108]:406
[109]:1483
[110]:3294
[111]:3084
[112]:2282
[113]:2592
[114]:3030
[115]:2716
[116]:1520
[117]:772
[118]:363
[119]:285
[120]:290
[121]:273
[122]:167
[123]:103
[124]:72
[125]:63
[126]:63
[127]:45
[128]:42
[129]:24
[130]:29
[131]:26
[132]:24
[133]:21
[134]:12
[135]:9
[136]:5
[137]:4
[138]:7
[139]:1
[140]:2
[141]:2
[142]:2
[143]:2
[144]:1
[148]:1
[152]:1

t0_min: 1.08 us, round:18500
t0_max: 30.92 us, round:20370
t0_jitter: 29.83 us

t1_min: 2.79 us, round:13407
t1_max: 47.83 us, round:20370
t1_jitter: 45.04 us

t2_min: 98.00 us, round:420
t2_max: 152.96 us, round:20319
t2_jitter: 54.96 us

PMU diff samples: 25820
AVG DIFF LL_CACHE_RD: 135.28
AVG DIFF LL_CACHE_MISS_RD: 94.86
AVG DIFF L2D_CACHE_REFILL: 94.90
AVG DIFF L2D_CACHE_INVAL: 0.00
[cur diff] DIFF LL_CACHE_RD: 34, DIFF LL_CACHE_MISS_RD: 0, MISS_RATE: 0.00%
[cur diff] DIFF L2D_CACHE_REFILL: 0
[cur diff] DIFF L2D_CACHE_INVAL: 0
[max diff] DIFF LL_CACHE_RD: 170, DIFF LL_CACHE_MISS_RD: 134, MISS_RATE: 78.82%
[max diff] DIFF L2D_CACHE_REFILL: 135
[max diff] DIFF L2D_CACHE_INVAL: 0

===========================================================
taskpendcnt:26024
t0:6250 ns
t1:17333 ns
t2:117666 ns
benchmark: Franka-derived Cartesian-impedance kernel, input trace:8, timer period:10.000 ms
controller source: franka_ros2 jazzy@73a1501d, updates:26035, SVD sweeps:5
pose error:[0.010000 0.015000 0.010000 -0.000000 0.049979 -0.000000]
tau[0:6]:[-0.274004 -0.324180 0.001577 -0.231466 0.050986 -0.328952 0.010844]
kernel exec min/avg/max: 94.79 / 98.78 / 112.88 us, samples:26027
pressure status:1, copy rounds total/window:1256/11, 4.96 rounds/s
pressure logical copy:12560.00 MiB total, approx 49.58 MiB/s, checksum:1672604549120
pressure report window:2.218535 s
t0_region>
[1]:2232
[2]:82
[3]:690
[4]:5847
[5]:9312
[6]:4978
[7]:1325
[8]:326
[9]:186
[10]:275
[11]:368
[12]:236
[13]:90
[14]:31
[15]:11
[16]:7
[17]:8
[18]:8
[19]:3
[20]:6
[21]:1
[22]:1
[24]:3
[27]:2
[29]:1
[30]:1

t1_region>
[2]:139
[3]:1914
[4]:200
[5]:46
[6]:9
[7]:6
[8]:90
[9]:219
[10]:517
[11]:1930
[12]:3978
[13]:4424
[14]:4184
[15]:3506
[16]:2060
[17]:914
[18]:342
[19]:187
[20]:172
[21]:241
[22]:343
[23]:238
[24]:122
[25]:47
[26]:33
[27]:33
[28]:18
[29]:26
[30]:18
[31]:16
[32]:13
[33]:14
[34]:8
[35]:4
[36]:5
[37]:7
[38]:4
[39]:1
[40]:1
[41]:2
[47]:1

t2_region>
[98]:456
[99]:1401
[100]:270
[101]:99
[102]:50
[103]:22
[104]:26
[105]:107
[106]:114
[107]:171
[108]:409
[109]:1494
[110]:3321
[111]:3115
[112]:2297
[113]:2621
[114]:3058
[115]:2738
[116]:1533
[117]:782
[118]:366
[119]:286
[120]:293
[121]:273
[122]:170
[123]:103
[124]:73
[125]:64
[126]:63
[127]:45
[128]:42
[129]:24
[130]:29
[131]:26
[132]:24
[133]:21
[134]:12
[135]:9
[136]:5
[137]:4
[138]:7
[139]:1
[140]:2
[141]:2
[142]:2
[143]:2
[144]:1
[148]:1
[152]:1

t0_min: 1.08 us, round:18500
t0_max: 30.92 us, round:20370
t0_jitter: 29.83 us

t1_min: 2.79 us, round:13407
t1_max: 47.83 us, round:20370
t1_jitter: 45.04 us

t2_min: 98.00 us, round:420
t2_max: 152.96 us, round:20319
t2_jitter: 54.96 us

PMU diff samples: 26042
AVG DIFF LL_CACHE_RD: 135.27
AVG DIFF LL_CACHE_MISS_RD: 94.85
AVG DIFF L2D_CACHE_REFILL: 94.89
AVG DIFF L2D_CACHE_INVAL: 0.00
[cur diff] DIFF LL_CACHE_RD: 49, DIFF LL_CACHE_MISS_RD: 0, MISS_RATE: 0.00%
[cur diff] DIFF L2D_CACHE_REFILL: 0
[cur diff] DIFF L2D_CACHE_INVAL: 0
[max diff] DIFF LL_CACHE_RD: 170, DIFF LL_CACHE_MISS_RD: 134, MISS_RATE: 78.82%
[max diff] DIFF L2D_CACHE_REFILL: 135
[max diff] DIFF L2D_CACHE_INVAL: 0

===========================================================
taskpendcnt:26246
t0:5791 ns
t1:12500 ns
t2:110500 ns
benchmark: Franka-derived Cartesian-impedance kernel, input trace:8, timer period:10.000 ms
controller source: franka_ros2 jazzy@73a1501d, updates:26257, SVD sweeps:5
pose error:[0.010000 0.015000 0.010000 -0.000000 0.049979 -0.000000]
tau[0:6]:[-2.379368 -1.292411 -1.655224 -1.570015 -1.185234 -0.066588 -0.610247]
kernel exec min/avg/max: 94.79 / 98.78 / 112.88 us, samples:26249
pressure status:1, copy rounds total/window:1266/10, 4.51 rounds/s
pressure logical copy:12660.00 MiB total, approx 45.06 MiB/s, checksum:1685921464320
pressure report window:2.219477 s
t0_region>
[1]:2253
[2]:82
[3]:694
[4]:5901
[5]:9395
[6]:5015
[7]:1339
[8]:326
[9]:187
[10]:278
[11]:369
[12]:240
[13]:90
[14]:31
[15]:11
[16]:7
[17]:8
[18]:8
[19]:3
[20]:6
[21]:1
[22]:1
[24]:3
[27]:2
[29]:1
[30]:1

t1_region>
[2]:140
[3]:1933
[4]:201
[5]:46
[6]:9
[7]:6
[8]:90
[9]:220
[10]:519
[11]:1948
[12]:4009
[13]:4467
[14]:4221
[15]:3537
[16]:2081
[17]:918
[18]:346
[19]:187
[20]:174
[21]:243
[22]:345
[23]:240
[24]:123
[25]:47
[26]:33
[27]:33
[28]:18
[29]:26
[30]:18
[31]:16
[32]:13
[33]:14
[34]:8
[35]:4
[36]:5
[37]:7
[38]:4
[39]:1
[40]:1
[41]:2
[47]:1

t2_region>
[98]:458
[99]:1417
[100]:272
[101]:100
[102]:50
[103]:22
[104]:26
[105]:107
[106]:114
[107]:172
[108]:410
[109]:1505
[110]:3350
[111]:3149
[112]:2321
[113]:2645
[114]:3080
[115]:2758
[116]:1551
[117]:788
[118]:368
[119]:289
[120]:295
[121]:277
[122]:170
[123]:103
[124]:73
[125]:64
[126]:63
[127]:45
[128]:42
[129]:24
[130]:29
[131]:26
[132]:24
[133]:21
[134]:12
[135]:9
[136]:5
[137]:4
[138]:7
[139]:1
[140]:2
[141]:2
[142]:2
[143]:2
[144]:1
[148]:1
[152]:1

t0_min: 1.08 us, round:18500
t0_max: 30.92 us, round:20370
t0_jitter: 29.83 us

t1_min: 2.79 us, round:13407
t1_max: 47.83 us, round:20370
t1_jitter: 45.04 us

t2_min: 98.00 us, round:420
t2_max: 152.96 us, round:20319
t2_jitter: 54.96 us

PMU diff samples: 26264
AVG DIFF LL_CACHE_RD: 135.26
AVG DIFF LL_CACHE_MISS_RD: 94.83
AVG DIFF L2D_CACHE_REFILL: 94.87
AVG DIFF L2D_CACHE_INVAL: 0.00
[cur diff] DIFF LL_CACHE_RD: 48, DIFF LL_CACHE_MISS_RD: 0, MISS_RATE: 0.00%
[cur diff] DIFF L2D_CACHE_REFILL: 0
[cur diff] DIFF L2D_CACHE_INVAL: 0
[max diff] DIFF LL_CACHE_RD: 170, DIFF LL_CACHE_MISS_RD: 134, MISS_RATE: 78.82%
[max diff] DIFF L2D_CACHE_REFILL: 135
[max diff] DIFF L2D_CACHE_INVAL: 0

===========================================================
taskpendcnt:26468
t0:5041 ns
t1:15541 ns
t2:115583 ns
benchmark: Franka-derived Cartesian-impedance kernel, input trace:8, timer period:10.000 ms
controller source: franka_ros2 jazzy@73a1501d, updates:26479, SVD sweeps:5
pose error:[0.010000 0.015000 0.010000 -0.000000 0.049979 -0.000000]
tau[0:6]:[1.376914 -0.104433 0.790225 0.843903 0.642107 -0.956178 0.423547]
kernel exec min/avg/max: 94.79 / 98.78 / 112.88 us, samples:26471
pressure status:1, copy rounds total/window:1277/11, 4.96 rounds/s
pressure logical copy:12770.00 MiB total, approx 49.58 MiB/s, checksum:1700570071040
pressure report window:2.218717 s
t0_region>
[1]:2273
[2]:82
[3]:695
[4]:5954
[5]:9476
[6]:5064
[7]:1349
[8]:326
[9]:188
[10]:280
[11]:371
[12]:241
[13]:91
[14]:31
[15]:11
[16]:7
[17]:8
[18]:8
[19]:3
[20]:6
[21]:1
[22]:1
[24]:3
[27]:2
[29]:1
[30]:1

t1_region>
[2]:141
[3]:1951
[4]:203
[5]:46
[6]:9
[7]:6
[8]:90
[9]:220
[10]:521
[11]:1964
[12]:4054
[13]:4498
[14]:4254
[15]:3573
[16]:2098
[17]:930
[18]:348
[19]:187
[20]:175
[21]:247
[22]:345
[23]:241
[24]:123
[25]:48
[26]:33
[27]:33
[28]:18
[29]:26
[30]:18
[31]:16
[32]:13
[33]:14
[34]:8
[35]:4
[36]:5
[37]:7
[38]:4
[39]:1
[40]:1
[41]:2
[47]:1

t2_region>
[98]:463
[99]:1429
[100]:275
[101]:101
[102]:50
[103]:22
[104]:26
[105]:107
[106]:114
[107]:172
[108]:412
[109]:1516
[110]:3380
[111]:3180
[112]:2343
[113]:2663
[114]:3104
[115]:2778
[116]:1569
[117]:803
[118]:372
[119]:290
[120]:298
[121]:278
[122]:170
[123]:103
[124]:73
[125]:64
[126]:64
[127]:45
[128]:42
[129]:24
[130]:29
[131]:26
[132]:24
[133]:21
[134]:12
[135]:9
[136]:5
[137]:4
[138]:7
[139]:1
[140]:2
[141]:2
[142]:2
[143]:2
[144]:1
[148]:1
[152]:1

t0_min: 1.08 us, round:18500
t0_max: 30.92 us, round:20370
t0_jitter: 29.83 us

t1_min: 2.79 us, round:13407
t1_max: 47.83 us, round:20370
t1_jitter: 45.04 us

t2_min: 98.00 us, round:420
t2_max: 152.96 us, round:20319
t2_jitter: 54.96 us

PMU diff samples: 26485
AVG DIFF LL_CACHE_RD: 135.25
AVG DIFF LL_CACHE_MISS_RD: 94.83
AVG DIFF L2D_CACHE_REFILL: 94.87
AVG DIFF L2D_CACHE_INVAL: 0.00
[cur diff] DIFF LL_CACHE_RD: 40, DIFF LL_CACHE_MISS_RD: 2, MISS_RATE: 5.00%
[cur diff] DIFF L2D_CACHE_REFILL: 2
[cur diff] DIFF L2D_CACHE_INVAL: 0
[max diff] DIFF LL_CACHE_RD: 170, DIFF LL_CACHE_MISS_RD: 134, MISS_RATE: 78.82%
[max diff] DIFF L2D_CACHE_REFILL: 135
[max diff] DIFF L2D_CACHE_INVAL: 0

===========================================================
taskpendcnt:26690
t0:4583 ns
t1:13916 ns
t2:112791 ns
benchmark: Franka-derived Cartesian-impedance kernel, input trace:8, timer period:10.000 ms
controller source: franka_ros2 jazzy@73a1501d, updates:26701, SVD sweeps:5
pose error:[0.010000 0.015000 0.010000 -0.000000 0.049979 -0.000000]
tau[0:6]:[0.839771 0.130674 0.617691 0.624912 0.653099 -0.592692 0.265887]
kernel exec min/avg/max: 94.79 / 98.78 / 112.88 us, samples:26693
pressure status:1, copy rounds total/window:1288/11, 4.96 rounds/s
pressure logical copy:12880.00 MiB total, approx 49.59 MiB/s, checksum:1715218677760
pressure report window:2.218165 s
t0_region>
[1]:2293
[2]:83
[3]:697
[4]:6007
[5]:9563
[6]:5099
[7]:1364
[8]:326
[9]:190
[10]:282
[11]:374
[12]:243
[13]:91
[14]:31
[15]:11
[16]:7
[17]:8
[18]:8
[19]:3
[20]:6
[21]:1
[22]:1
[24]:3
[27]:2
[29]:1
[30]:1

t1_region>
[2]:141
[3]:1969
[4]:204
[5]:47
[6]:9
[7]:6
[8]:90
[9]:220
[10]:524
[11]:1984
[12]:4092
[13]:4534
[14]:4291
[15]:3607
[16]:2114
[17]:936
[18]:349
[19]:188
[20]:176
[21]:252
[22]:346
[23]:242
[24]:124
[25]:48
[26]:33
[27]:33
[28]:18
[29]:26
[30]:18
[31]:16
[32]:13
[33]:14
[34]:8
[35]:4
[36]:5
[37]:7
[38]:4
[39]:1
[40]:1
[41]:2
[47]:1

t2_region>
[98]:466
[99]:1444
[100]:277
[101]:102
[102]:50
[103]:22
[104]:26
[105]:107
[106]:114
[107]:172
[108]:415
[109]:1528
[110]:3408
[111]:3215
[112]:2363
[113]:2684
[114]:3135
[115]:2797
[116]:1586
[117]:808
[118]:374
[119]:291
[120]:300
[121]:281
[122]:171
[123]:103
[124]:74
[125]:64
[126]:64
[127]:45
[128]:42
[129]:24
[130]:29
[131]:26
[132]:24
[133]:21
[134]:12
[135]:9
[136]:5
[137]:4
[138]:7
[139]:1
[140]:2
[141]:2
[142]:2
[143]:2
[144]:1
[148]:1
[152]:1

t0_min: 1.08 us, round:18500
t0_max: 30.92 us, round:20370
t0_jitter: 29.83 us

t1_min: 2.79 us, round:13407
t1_max: 47.83 us, round:20370
t1_jitter: 45.04 us

t2_min: 98.00 us, round:420
t2_max: 152.96 us, round:20319
t2_jitter: 54.96 us

PMU diff samples: 26707
AVG DIFF LL_CACHE_RD: 135.24
AVG DIFF LL_CACHE_MISS_RD: 94.82
AVG DIFF L2D_CACHE_REFILL: 94.86
AVG DIFF L2D_CACHE_INVAL: 0.00
[cur diff] DIFF LL_CACHE_RD: 52, DIFF LL_CACHE_MISS_RD: 1, MISS_RATE: 1.92%
[cur diff] DIFF L2D_CACHE_REFILL: 1
[cur diff] DIFF L2D_CACHE_INVAL: 0
[max diff] DIFF LL_CACHE_RD: 170, DIFF LL_CACHE_MISS_RD: 134, MISS_RATE: 78.82%
[max diff] DIFF L2D_CACHE_REFILL: 135
[max diff] DIFF L2D_CACHE_INVAL: 0

===========================================================
taskpendcnt:26912
t0:5583 ns
t1:12583 ns
t2:110291 ns
benchmark: Franka-derived Cartesian-impedance kernel, input trace:8, timer period:10.000 ms
controller source: franka_ros2 jazzy@73a1501d, updates:26923, SVD sweeps:5
pose error:[0.010000 0.015000 0.010000 -0.000000 0.049979 -0.000000]
tau[0:6]:[-1.839419 -0.921560 -1.193198 -1.195971 -0.861243 0.113634 -0.461388]
kernel exec min/avg/max: 94.79 / 98.78 / 112.88 us, samples:26915
pressure status:1, copy rounds total/window:1298/10, 4.51 rounds/s
pressure logical copy:12980.00 MiB total, approx 45.07 MiB/s, checksum:1728535592960
pressure report window:2.218675 s
t0_region>
[1]:2314
[2]:83
[3]:701
[4]:6049
[5]:9647
[6]:5148
[7]:1372
[8]:330
[9]:191
[10]:286
[11]:377
[12]:245
[13]:91
[14]:31
[15]:11
[16]:7
[17]:8
[18]:8
[19]:3
[20]:6
[21]:1
[22]:1
[24]:3
[27]:2
[29]:1
[30]:1

t1_region>
[2]:143
[3]:1985
[4]:206
[5]:48
[6]:9
[7]:6
[8]:90
[9]:221
[10]:530
[11]:2004
[12]:4119
[13]:4571
[14]:4329
[15]:3634
[16]:2134
[17]:945
[18]:352
[19]:192
[20]:178
[21]:253
[22]:349
[23]:243
[24]:124
[25]:48
[26]:33
[27]:34
[28]:18
[29]:26
[30]:18
[31]:16
[32]:13
[33]:14
[34]:8
[35]:5
[36]:5
[37]:7
[38]:4
[39]:1
[40]:1
[41]:2
[47]:1

t2_region>
[98]:466
[99]:1458
[100]:282
[101]:103
[102]:50
[103]:23
[104]:26
[105]:107
[106]:114
[107]:172
[108]:420
[109]:1545
[110]:3430
[111]:3244
[112]:2376
[113]:2710
[114]:3161
[115]:2820
[116]:1605
[117]:813
[118]:378
[119]:293
[120]:304
[121]:284
[122]:172
[123]:103
[124]:74
[125]:64
[126]:64
[127]:45
[128]:42
[129]:25
[130]:29
[131]:26
[132]:24
[133]:21
[134]:12
[135]:9
[136]:5
[137]:4
[138]:7
[139]:1
[140]:2
[141]:2
[142]:3
[143]:2
[144]:1
[148]:1
[152]:1

t0_min: 1.08 us, round:18500
t0_max: 30.92 us, round:20370
t0_jitter: 29.83 us

t1_min: 2.79 us, round:13407
t1_max: 47.83 us, round:20370
t1_jitter: 45.04 us

t2_min: 98.00 us, round:420
t2_max: 152.96 us, round:20319
t2_jitter: 54.96 us

PMU diff samples: 26929
AVG DIFF LL_CACHE_RD: 135.25
AVG DIFF LL_CACHE_MISS_RD: 94.81
AVG DIFF L2D_CACHE_REFILL: 94.85
AVG DIFF L2D_CACHE_INVAL: 0.00
[cur diff] DIFF LL_CACHE_RD: 35, DIFF LL_CACHE_MISS_RD: 0, MISS_RATE: 0.00%
[cur diff] DIFF L2D_CACHE_REFILL: 0
[cur diff] DIFF L2D_CACHE_INVAL: 0
[max diff] DIFF LL_CACHE_RD: 170, DIFF LL_CACHE_MISS_RD: 134, MISS_RATE: 78.82%
[max diff] DIFF L2D_CACHE_REFILL: 135
[max diff] DIFF L2D_CACHE_INVAL: 0

===========================================================
taskpendcnt:27133
t0:5416 ns
t1:13875 ns
t2:115958 ns
benchmark: Franka-derived Cartesian-impedance kernel, input trace:8, timer period:10.000 ms
controller source: franka_ros2 jazzy@73a1501d, updates:27145, SVD sweeps:5
pose error:[0.010000 0.015000 0.010000 -0.000000 0.049979 -0.000000]
tau[0:6]:[-2.781770 -1.613002 -1.930139 -1.581803 -1.382951 -0.390599 -0.663394]
kernel exec min/avg/max: 94.79 / 98.79 / 112.88 us, samples:27137
pressure status:1, copy rounds total/window:1309/11, 4.96 rounds/s
pressure logical copy:13090.00 MiB total, approx 49.56 MiB/s, checksum:1743184199680
pressure report window:2.219581 s
t0_region>
[1]:2335
[2]:83
[3]:710
[4]:6098
[5]:9701
[6]:5190
[7]:1395
[8]:337
[9]:196
[10]:290
[11]:377
[12]:247
[13]:95
[14]:32
[15]:12
[16]:7
[17]:8
[18]:8
[19]:3
[20]:6
[21]:1
[22]:1
[24]:3
[27]:2
[29]:1
[30]:1

t1_region>
[2]:144
[3]:2002
[4]:208
[5]:49
[6]:9
[7]:6
[8]:90
[9]:223
[10]:543
[11]:2024
[12]:4140
[13]:4597
[14]:4349
[15]:3653
[16]:2150
[17]:967
[18]:366
[19]:201
[20]:183
[21]:255
[22]:350
[23]:244
[24]:125
[25]:50
[26]:35
[27]:34
[28]:18
[29]:28
[30]:19
[31]:16
[32]:13
[33]:14
[34]:10
[35]:5
[36]:5
[37]:7
[38]:4
[39]:1
[40]:1
[41]:2
[47]:1

t2_region>
[98]:466
[99]:1472
[100]:285
[101]:107
[102]:50
[103]:23
[104]:26
[105]:107
[106]:114
[107]:173
[108]:431
[109]:1557
[110]:3445
[111]:3265
[112]:2388
[113]:2727
[114]:3180
[115]:2836
[116]:1620
[117]:822
[118]:386
[119]:306
[120]:313
[121]:291
[122]:174
[123]:106
[124]:76
[125]:68
[126]:64
[127]:45
[128]:42
[129]:25
[130]:31
[131]:27
[132]:24
[133]:21
[134]:12
[135]:10
[136]:6
[137]:4
[138]:7
[139]:1
[140]:2
[141]:2
[142]:3
[143]:2
[144]:1
[148]:1
[152]:1

t0_min: 1.08 us, round:18500
t0_max: 30.92 us, round:20370
t0_jitter: 29.83 us

t1_min: 2.79 us, round:13407
t1_max: 47.83 us, round:20370
t1_jitter: 45.04 us

t2_min: 98.00 us, round:420
t2_max: 152.96 us, round:20319
t2_jitter: 54.96 us

PMU diff samples: 27151
AVG DIFF LL_CACHE_RD: 135.23
AVG DIFF LL_CACHE_MISS_RD: 94.79
AVG DIFF L2D_CACHE_REFILL: 94.83
AVG DIFF L2D_CACHE_INVAL: 0.00
[cur diff] DIFF LL_CACHE_RD: 48, DIFF LL_CACHE_MISS_RD: 0, MISS_RATE: 0.00%
[cur diff] DIFF L2D_CACHE_REFILL: 0
[cur diff] DIFF L2D_CACHE_INVAL: 0
[max diff] DIFF LL_CACHE_RD: 170, DIFF LL_CACHE_MISS_RD: 134, MISS_RATE: 78.82%
[max diff] DIFF L2D_CACHE_REFILL: 135
[max diff] DIFF L2D_CACHE_INVAL: 0

===========================================================
taskpendcnt:27355
t0:3791 ns
t1:10208 ns
t2:109666 ns
benchmark: Franka-derived Cartesian-impedance kernel, input trace:8, timer period:10.000 ms
controller source: franka_ros2 jazzy@73a1501d, updates:27367, SVD sweeps:5
pose error:[0.010000 0.015000 0.010000 -0.000000 0.049979 -0.000000]
tau[0:6]:[1.376914 -0.104433 0.790225 0.843903 0.642107 -0.956178 0.423547]
kernel exec min/avg/max: 94.79 / 98.79 / 112.88 us, samples:27359
pressure status:1, copy rounds total/window:1319/10, 4.51 rounds/s
pressure logical copy:13190.00 MiB total, approx 45.07 MiB/s, checksum:1756501114880
pressure report window:2.218781 s
t0_region>
[1]:2355
[2]:84
[3]:716
[4]:6150
[5]:9769
[6]:5238
[7]:1407
[8]:342
[9]:196
[10]:294
[11]:380
[12]:248
[13]:96
[14]:32
[15]:12
[16]:7
[17]:9
[18]:8
[19]:3
[20]:6
[21]:1
[22]:1
[24]:3
[27]:2
[29]:1
[30]:1

t1_region>
[2]:145
[3]:2018
[4]:211
[5]:50
[6]:9
[7]:6
[8]:90
[9]:223
[10]:550
[11]:2047
[12]:4165
[13]:4633
[14]:4379
[15]:3685
[16]:2171
[17]:977
[18]:369
[19]:204
[20]:185
[21]:258
[22]:350
[23]:247
[24]:125
[25]:51
[26]:36
[27]:34
[28]:18
[29]:28
[30]:19
[31]:16
[32]:13
[33]:14
[34]:10
[35]:6
[36]:5
[37]:7
[38]:4
[39]:1
[40]:1
[41]:2
[47]:1

t2_region>
[98]:466
[99]:1488
[100]:288
[101]:107
[102]:52
[103]:23
[104]:26
[105]:107
[106]:114
[107]:173
[108]:433
[109]:1576
[110]:3464
[111]:3297
[112]:2404
[113]:2742
[114]:3201
[115]:2868
[116]:1637
[117]:827
[118]:392
[119]:313
[120]:315
[121]:293
[122]:176
[123]:107
[124]:76
[125]:69
[126]:65
[127]:45
[128]:42
[129]:25
[130]:31
[131]:27
[132]:24
[133]:21
[134]:12
[135]:10
[136]:7
[137]:4
[138]:7
[139]:1
[140]:2
[141]:2
[142]:3
[143]:2
[144]:1
[148]:1
[152]:1

t0_min: 1.08 us, round:18500
t0_max: 30.92 us, round:20370
t0_jitter: 29.83 us

t1_min: 2.79 us, round:13407
t1_max: 47.83 us, round:20370
t1_jitter: 45.04 us

t2_min: 98.00 us, round:420
t2_max: 152.96 us, round:20319
t2_jitter: 54.96 us

PMU diff samples: 27373
AVG DIFF LL_CACHE_RD: 135.22
AVG DIFF LL_CACHE_MISS_RD: 94.79
AVG DIFF L2D_CACHE_REFILL: 94.83
AVG DIFF L2D_CACHE_INVAL: 0.00
[cur diff] DIFF LL_CACHE_RD: 46, DIFF LL_CACHE_MISS_RD: 1, MISS_RATE: 2.17%
[cur diff] DIFF L2D_CACHE_REFILL: 0
[cur diff] DIFF L2D_CACHE_INVAL: 0
[max diff] DIFF LL_CACHE_RD: 170, DIFF LL_CACHE_MISS_RD: 134, MISS_RATE: 78.82%
[max diff] DIFF L2D_CACHE_REFILL: 135
[max diff] DIFF L2D_CACHE_INVAL: 0

===========================================================
taskpendcnt:27577
t0:5875 ns
t1:13250 ns
t2:112708 ns
benchmark: Franka-derived Cartesian-impedance kernel, input trace:8, timer period:10.000 ms
controller source: franka_ros2 jazzy@73a1501d, updates:27589, SVD sweeps:5
pose error:[0.010000 0.015000 0.010000 -0.000000 0.049979 -0.000000]
tau[0:6]:[0.839771 0.130674 0.617691 0.624912 0.653099 -0.592692 0.265887]
kernel exec min/avg/max: 94.79 / 98.79 / 112.88 us, samples:27581
pressure status:1, copy rounds total/window:1330/11, 4.96 rounds/s
pressure logical copy:13300.00 MiB total, approx 49.57 MiB/s, checksum:1771149721600
pressure report window:2.219170 s
t0_region>
[1]:2375
[2]:85
[3]:721
[4]:6200
[5]:9851
[6]:5286
[7]:1415
[8]:342
[9]:196
[10]:295
[11]:383
[12]:252
[13]:96
[14]:32
[15]:12
[16]:7
[17]:9
[18]:8
[19]:3
[20]:6
[21]:1
[22]:1
[24]:3
[27]:2
[29]:1
[30]:1

t1_region>
[2]:146
[3]:2036
[4]:212
[5]:51
[6]:9
[7]:6
[8]:90
[9]:223
[10]:551
[11]:2061
[12]:4190
[13]:4682
[14]:4423
[15]:3717
[16]:2188
[17]:983
[18]:373
[19]:204
[20]:186
[21]:258
[22]:354
[23]:251
[24]:125
[25]:51
[26]:36
[27]:34
[28]:18
[29]:28
[30]:19
[31]:16
[32]:13
[33]:14
[34]:10
[35]:6
[36]:5
[37]:7
[38]:4
[39]:1
[40]:1
[41]:2
[47]:1

t2_region>
[98]:470
[99]:1502
[100]:288
[101]:108
[102]:52
[103]:24
[104]:26
[105]:107
[106]:114
[107]:173
[108]:434
[109]:1585
[110]:3489
[111]:3326
[112]:2432
[113]:2761
[114]:3231
[115]:2894
[116]:1649
[117]:837
[118]:393
[119]:316
[120]:316
[121]:296
[122]:178
[123]:108
[124]:76
[125]:69
[126]:66
[127]:45
[128]:42
[129]:25
[130]:31
[131]:27
[132]:24
[133]:21
[134]:12
[135]:10
[136]:7
[137]:4
[138]:7
[139]:1
[140]:2
[141]:2
[142]:3
[143]:2
[144]:1
[148]:1
[152]:1

t0_min: 1.08 us, round:18500
t0_max: 30.92 us, round:20370
t0_jitter: 29.83 us

t1_min: 2.79 us, round:13407
t1_max: 47.83 us, round:20370
t1_jitter: 45.04 us

t2_min: 98.00 us, round:420
t2_max: 152.96 us, round:20319
t2_jitter: 54.96 us

PMU diff samples: 27595
AVG DIFF LL_CACHE_RD: 135.23
AVG DIFF LL_CACHE_MISS_RD: 94.78
AVG DIFF L2D_CACHE_REFILL: 94.82
AVG DIFF L2D_CACHE_INVAL: 0.00
[cur diff] DIFF LL_CACHE_RD: 39, DIFF LL_CACHE_MISS_RD: 0, MISS_RATE: 0.00%
[cur diff] DIFF L2D_CACHE_REFILL: 0
[cur diff] DIFF L2D_CACHE_INVAL: 0
[max diff] DIFF LL_CACHE_RD: 170, DIFF LL_CACHE_MISS_RD: 134, MISS_RATE: 78.82%
[max diff] DIFF L2D_CACHE_REFILL: 135
[max diff] DIFF L2D_CACHE_INVAL: 0

===========================================================
taskpendcnt:27799
t0:6000 ns
t1:15916 ns
t2:114875 ns
benchmark: Franka-derived Cartesian-impedance kernel, input trace:8, timer period:10.000 ms
controller source: franka_ros2 jazzy@73a1501d, updates:27811, SVD sweeps:5
pose error:[0.010000 0.015000 0.010000 -0.000000 0.049979 -0.000000]
tau[0:6]:[-1.839419 -0.921560 -1.193198 -1.195971 -0.861243 0.113634 -0.461388]
kernel exec min/avg/max: 94.79 / 98.79 / 112.88 us, samples:27802
pressure status:1, copy rounds total/window:1341/11, 4.96 rounds/s
pressure logical copy:13410.00 MiB total, approx 49.56 MiB/s, checksum:1785798328320
pressure report window:2.219595 s
t0_region>
[1]:2396
[2]:85
[3]:723
[4]:6255
[5]:9929
[6]:5332
[7]:1427
[8]:343
[9]:196
[10]:297
[11]:385
[12]:255
[13]:96
[14]:32
[15]:12
[16]:7
[17]:9
[18]:8
[19]:3
[20]:6
[21]:1
[22]:1
[24]:3
[27]:2
[29]:1
[30]:1

t1_region>
[2]:147
[3]:2055
[4]:212
[5]:52
[6]:9
[7]:6
[8]:90
[9]:223
[10]:554
[11]:2079
[12]:4224
[13]:4717
[14]:4461
[15]:3755
[16]:2206
[17]:989
[18]:377
[19]:204
[20]:186
[21]:259
[22]:356
[23]:255
[24]:125
[25]:51
[26]:36
[27]:34
[28]:18
[29]:28
[30]:19
[31]:16
[32]:13
[33]:14
[34]:10
[35]:6
[36]:5
[37]:7
[38]:4
[39]:1
[40]:1
[41]:2
[47]:1

t2_region>
[98]:471
[99]:1520
[100]:288
[101]:109
[102]:52
[103]:25
[104]:26
[105]:107
[106]:114
[107]:173
[108]:437
[109]:1595
[110]:3525
[111]:3351
[112]:2450
[113]:2783
[114]:3261
[115]:2918
[116]:1661
[117]:847
[118]:397
[119]:316
[120]:317
[121]:302
[122]:178
[123]:108
[124]:76
[125]:69
[126]:66
[127]:45
[128]:42
[129]:25
[130]:31
[131]:27
[132]:24
[133]:21
[134]:12
[135]:10
[136]:7
[137]:4
[138]:7
[139]:1
[140]:2
[141]:2
[142]:3
[143]:2
[144]:1
[148]:1
[152]:1

t0_min: 1.08 us, round:18500
t0_max: 30.92 us, round:20370
t0_jitter: 29.83 us

t1_min: 2.79 us, round:13407
t1_max: 47.83 us, round:20370
t1_jitter: 45.04 us

t2_min: 98.00 us, round:420
t2_max: 152.96 us, round:20319
t2_jitter: 54.96 us

PMU diff samples: 27817
AVG DIFF LL_CACHE_RD: 135.23
AVG DIFF LL_CACHE_MISS_RD: 94.78
AVG DIFF L2D_CACHE_REFILL: 94.82
AVG DIFF L2D_CACHE_INVAL: 0.00
[cur diff] DIFF LL_CACHE_RD: 46, DIFF LL_CACHE_MISS_RD: 0, MISS_RATE: 0.00%
[cur diff] DIFF L2D_CACHE_REFILL: 0
[cur diff] DIFF L2D_CACHE_INVAL: 0
[max diff] DIFF LL_CACHE_RD: 170, DIFF LL_CACHE_MISS_RD: 134, MISS_RATE: 78.82%
[max diff] DIFF L2D_CACHE_REFILL: 135
[max diff] DIFF L2D_CACHE_INVAL: 0

===========================================================
taskpendcnt:28021
t0:4958 ns
t1:12250 ns
t2:110333 ns
benchmark: Franka-derived Cartesian-impedance kernel, input trace:8, timer period:10.000 ms
controller source: franka_ros2 jazzy@73a1501d, updates:28032, SVD sweeps:5
pose error:[0.010000 0.015000 0.010000 -0.000000 0.049979 -0.000000]
tau[0:6]:[-2.781770 -1.613002 -1.930139 -1.581803 -1.382951 -0.390599 -0.663394]
kernel exec min/avg/max: 94.79 / 98.79 / 112.88 us, samples:28024
pressure status:1, copy rounds total/window:1351/10, 4.51 rounds/s
pressure logical copy:13510.00 MiB total, approx 45.06 MiB/s, checksum:1799115243520
pressure report window:2.219360 s
t0_region>
[1]:2416
[2]:86
[3]:725
[4]:6298
[5]:10024
[6]:5365
[7]:1446
[8]:343
[9]:196
[10]:300
[11]:389
[12]:257
[13]:96
[14]:32
[15]:12
[16]:7
[17]:9
[18]:8
[19]:3
[20]:6
[21]:1
[22]:1
[24]:3
[27]:2
[29]:1
[30]:1

t1_region>
[2]:147
[3]:2074
[4]:213
[5]:53
[6]:9
[7]:6
[8]:90
[9]:223
[10]:557
[11]:2095
[12]:4259
[13]:4749
[14]:4501
[15]:3788
[16]:2233
[17]:993
[18]:378
[19]:205
[20]:186
[21]:262
[22]:358
[23]:259
[24]:125
[25]:51
[26]:36
[27]:34
[28]:18
[29]:28
[30]:19
[31]:16
[32]:13
[33]:14
[34]:10
[35]:6
[36]:5
[37]:7
[38]:4
[39]:1
[40]:1
[41]:2
[47]:1

t2_region>
[98]:476
[99]:1532
[100]:291
[101]:109
[102]:52
[103]:26
[104]:26
[105]:107
[106]:114
[107]:173
[108]:437
[109]:1606
[110]:3559
[111]:3374
[112]:2470
[113]:2807
[114]:3286
[115]:2941
[116]:1685
[117]:852
[118]:399
[119]:318
[120]:320
[121]:304
[122]:181
[123]:108
[124]:76
[125]:69
[126]:66
[127]:45
[128]:42
[129]:25
[130]:31
[131]:27
[132]:24
[133]:21
[134]:12
[135]:10
[136]:7
[137]:4
[138]:7
[139]:1
[140]:2
[141]:2
[142]:3
[143]:2
[144]:1
[148]:1
[152]:1

t0_min: 1.08 us, round:18500
t0_max: 30.92 us, round:20370
t0_jitter: 29.83 us

t1_min: 2.79 us, round:13407
t1_max: 47.83 us, round:20370
t1_jitter: 45.04 us

t2_min: 98.00 us, round:420
t2_max: 152.96 us, round:20319
t2_jitter: 54.96 us

PMU diff samples: 28039
AVG DIFF LL_CACHE_RD: 135.22
AVG DIFF LL_CACHE_MISS_RD: 94.78
AVG DIFF L2D_CACHE_REFILL: 94.82
AVG DIFF L2D_CACHE_INVAL: 0.00
[cur diff] DIFF LL_CACHE_RD: 42, DIFF LL_CACHE_MISS_RD: 0, MISS_RATE: 0.00%
[cur diff] DIFF L2D_CACHE_REFILL: 0
[cur diff] DIFF L2D_CACHE_INVAL: 0
[max diff] DIFF LL_CACHE_RD: 170, DIFF LL_CACHE_MISS_RD: 134, MISS_RATE: 78.82%
[max diff] DIFF L2D_CACHE_REFILL: 135
[max diff] DIFF L2D_CACHE_INVAL: 0

===========================================================
taskpendcnt:28243
t0:6833 ns
t1:15291 ns
t2:115041 ns
benchmark: Franka-derived Cartesian-impedance kernel, input trace:8, timer period:10.000 ms
controller source: franka_ros2 jazzy@73a1501d, updates:28254, SVD sweeps:5
pose error:[0.010000 0.015000 0.010000 -0.000000 0.049979 -0.000000]
tau[0:6]:[1.376914 -0.104433 0.790225 0.843903 0.642107 -0.956178 0.423547]
kernel exec min/avg/max: 94.79 / 98.79 / 112.88 us, samples:28246
pressure status:1, copy rounds total/window:1362/11, 4.96 rounds/s
pressure logical copy:13620.00 MiB total, approx 49.58 MiB/s, checksum:1813763850240
pressure report window:2.218731 s
t0_region>
[1]:2437
[2]:86
[3]:728
[4]:6342
[5]:10104
[6]:5417
[7]:1458
[8]:345
[9]:196
[10]:302
[11]:391
[12]:260
[13]:97
[14]:32
[15]:12
[16]:7
[17]:9
[18]:8
[19]:3
[20]:6
[21]:1
[22]:1
[24]:3
[27]:2
[29]:1
[30]:1

t1_region>
[2]:150
[3]:2090
[4]:214
[5]:54
[6]:9
[7]:6
[8]:90
[9]:223
[10]:560
[11]:2107
[12]:4290
[13]:4784
[14]:4554
[15]:3822
[16]:2253
[17]:995
[18]:380
[19]:206
[20]:186
[21]:264
[22]:361
[23]:260
[24]:127
[25]:51
[26]:36
[27]:34
[28]:18
[29]:28
[30]:19
[31]:16
[32]:13
[33]:14
[34]:10
[35]:6
[36]:5
[37]:7
[38]:4
[39]:1
[40]:1
[41]:2
[47]:1

t2_region>
[98]:478
[99]:1548
[100]:292
[101]:110
[102]:53
[103]:26
[104]:26
[105]:107
[106]:114
[107]:173
[108]:440
[109]:1615
[110]:3588
[111]:3406
[112]:2484
[113]:2827
[114]:3325
[115]:2971
[116]:1698
[117]:854
[118]:401
[119]:318
[120]:324
[121]:304
[122]:183
[123]:109
[124]:76
[125]:70
[126]:66
[127]:45
[128]:42
[129]:25
[130]:31
[131]:27
[132]:24
[133]:21
[134]:12
[135]:10
[136]:7
[137]:4
[138]:7
[139]:1
[140]:2
[141]:2
[142]:3
[143]:2
[144]:1
[148]:1
[152]:1

t0_min: 1.08 us, round:18500
t0_max: 30.92 us, round:20370
t0_jitter: 29.83 us

t1_min: 2.79 us, round:13407
t1_max: 47.83 us, round:20370
t1_jitter: 45.04 us

t2_min: 98.00 us, round:420
t2_max: 152.96 us, round:20319
t2_jitter: 54.96 us

PMU diff samples: 28261
AVG DIFF LL_CACHE_RD: 135.20
AVG DIFF LL_CACHE_MISS_RD: 94.77
AVG DIFF L2D_CACHE_REFILL: 94.81
AVG DIFF L2D_CACHE_INVAL: 0.00
[cur diff] DIFF LL_CACHE_RD: 34, DIFF LL_CACHE_MISS_RD: 0, MISS_RATE: 0.00%
[cur diff] DIFF L2D_CACHE_REFILL: 1
[cur diff] DIFF L2D_CACHE_INVAL: 0
[max diff] DIFF LL_CACHE_RD: 170, DIFF LL_CACHE_MISS_RD: 134, MISS_RATE: 78.82%
[max diff] DIFF L2D_CACHE_REFILL: 135
[max diff] DIFF L2D_CACHE_INVAL: 0

===========================================================
taskpendcnt:28465
t0:6083 ns
t1:16875 ns
t2:119250 ns
benchmark: Franka-derived Cartesian-impedance kernel, input trace:8, timer period:10.000 ms
controller source: franka_ros2 jazzy@73a1501d, updates:28476, SVD sweeps:5
pose error:[0.010000 0.015000 0.010000 -0.000000 0.049979 -0.000000]
tau[0:6]:[0.839771 0.130674 0.617691 0.624912 0.653099 -0.592692 0.265887]
kernel exec min/avg/max: 94.79 / 98.79 / 112.88 us, samples:28468
pressure status:1, copy rounds total/window:1373/11, 4.96 rounds/s
pressure logical copy:13730.00 MiB total, approx 49.57 MiB/s, checksum:1828412456960
pressure report window:2.219191 s
t0_region>
[1]:2458
[2]:86
[3]:733
[4]:6403
[5]:10177
[6]:5456
[7]:1468
[8]:348
[9]:197
[10]:304
[11]:396
[12]:261
[13]:97
[14]:32
[15]:12
[16]:8
[17]:9
[18]:8
[19]:3
[20]:6
[21]:1
[22]:1
[24]:3
[27]:2
[29]:1
[30]:1

t1_region>
[2]:152
[3]:2106
[4]:217
[5]:54
[6]:9
[7]:6
[8]:90
[9]:223
[10]:563
[11]:2126
[12]:4331
[13]:4815
[14]:4593
[15]:3855
[16]:2268
[17]:999
[18]:385
[19]:207
[20]:189
[21]:267
[22]:362
[23]:261
[24]:128
[25]:51
[26]:36
[27]:34
[28]:18
[29]:28
[30]:19
[31]:16
[32]:13
[33]:14
[34]:10
[35]:6
[36]:6
[37]:7
[38]:4
[39]:1
[40]:1
[41]:2
[47]:1

t2_region>
[98]:481
[99]:1559
[100]:297
[101]:110
[102]:54
[103]:27
[104]:26
[105]:107
[106]:114
[107]:173
[108]:443
[109]:1628
[110]:3625
[111]:3428
[112]:2504
[113]:2852
[114]:3353
[115]:2994
[116]:1705
[117]:863
[118]:405
[119]:320
[120]:328
[121]:306
[122]:183
[123]:110
[124]:76
[125]:70
[126]:66
[127]:45
[128]:42
[129]:25
[130]:31
[131]:27
[132]:24
[133]:21
[134]:12
[135]:10
[136]:7
[137]:4
[138]:7
[139]:1
[140]:3
[141]:2
[142]:3
[143]:2
[144]:1
[148]:1
[152]:1

t0_min: 1.08 us, round:18500
t0_max: 30.92 us, round:20370
t0_jitter: 29.83 us

t1_min: 2.79 us, round:13407
t1_max: 47.83 us, round:20370
t1_jitter: 45.04 us

t2_min: 98.00 us, round:420
t2_max: 152.96 us, round:20319
t2_jitter: 54.96 us

PMU diff samples: 28483
AVG DIFF LL_CACHE_RD: 135.19
AVG DIFF LL_CACHE_MISS_RD: 94.76
AVG DIFF L2D_CACHE_REFILL: 94.80
AVG DIFF L2D_CACHE_INVAL: 0.00
[cur diff] DIFF LL_CACHE_RD: 44, DIFF LL_CACHE_MISS_RD: 0, MISS_RATE: 0.00%
[cur diff] DIFF L2D_CACHE_REFILL: 0
[cur diff] DIFF L2D_CACHE_INVAL: 0
[max diff] DIFF LL_CACHE_RD: 170, DIFF LL_CACHE_MISS_RD: 134, MISS_RATE: 78.82%
[max diff] DIFF L2D_CACHE_REFILL: 135
[max diff] DIFF L2D_CACHE_INVAL: 0

===========================================================
taskpendcnt:28687
t0:5333 ns
t1:13791 ns
t2:111500 ns
benchmark: Franka-derived Cartesian-impedance kernel, input trace:8, timer period:10.000 ms
controller source: franka_ros2 jazzy@73a1501d, updates:28698, SVD sweeps:5
pose error:[0.010000 0.015000 0.010000 -0.000000 0.049979 -0.000000]
tau[0:6]:[-2.379368 -1.292411 -1.655224 -1.570015 -1.185234 -0.066588 -0.610247]
kernel exec min/avg/max: 94.79 / 98.79 / 112.88 us, samples:28690
pressure status:1, copy rounds total/window:1383/10, 4.51 rounds/s
pressure logical copy:13830.00 MiB total, approx 45.05 MiB/s, checksum:1841729372160
pressure report window:2.219745 s
t0_region>
[1]:2479
[2]:86
[3]:737
[4]:6453
[5]:10261
[6]:5502
[7]:1474
[8]:348
[9]:199
[10]:306
[11]:401
[12]:263
[13]:97
[14]:32
[15]:12
[16]:8
[17]:9
[18]:8
[19]:3
[20]:6
[21]:1
[22]:1
[24]:3
[27]:2
[29]:1
[30]:1

t1_region>
[2]:153
[3]:2124
[4]:219
[5]:54
[6]:9
[7]:6
[8]:90
[9]:224
[10]:566
[11]:2140
[12]:4365
[13]:4855
[14]:4636
[15]:3887
[16]:2285
[17]:1004
[18]:386
[19]:207
[20]:189
[21]:270
[22]:366
[23]:264
[24]:128
[25]:51
[26]:37
[27]:34
[28]:18
[29]:28
[30]:19
[31]:16
[32]:13
[33]:14
[34]:10
[35]:6
[36]:6
[37]:7
[38]:4
[39]:1
[40]:1
[41]:2
[47]:1

t2_region>
[98]:484
[99]:1574
[100]:300
[101]:110
[102]:54
[103]:27
[104]:26
[105]:107
[106]:114
[107]:174
[108]:444
[109]:1634
[110]:3659
[111]:3456
[112]:2525
[113]:2871
[114]:3381
[115]:3023
[116]:1723
[117]:867
[118]:407
[119]:323
[120]:330
[121]:307
[122]:185
[123]:110
[124]:77
[125]:70
[126]:67
[127]:45
[128]:42
[129]:25
[130]:31
[131]:27
[132]:24
[133]:21
[134]:12
[135]:10
[136]:7
[137]:4
[138]:7
[139]:1
[140]:3
[141]:2
[142]:3
[143]:2
[144]:1
[148]:1
[152]:1

t0_min: 1.08 us, round:18500
t0_max: 30.92 us, round:20370
t0_jitter: 29.83 us

t1_min: 2.79 us, round:13407
t1_max: 47.83 us, round:20370
t1_jitter: 45.04 us

t2_min: 98.00 us, round:420
t2_max: 152.96 us, round:20319
t2_jitter: 54.96 us

PMU diff samples: 28705
AVG DIFF LL_CACHE_RD: 135.18
AVG DIFF LL_CACHE_MISS_RD: 94.76
AVG DIFF L2D_CACHE_REFILL: 94.80
AVG DIFF L2D_CACHE_INVAL: 0.00
[cur diff] DIFF LL_CACHE_RD: 31, DIFF LL_CACHE_MISS_RD: 0, MISS_RATE: 0.00%
[cur diff] DIFF L2D_CACHE_REFILL: 0
[cur diff] DIFF L2D_CACHE_INVAL: 0
[max diff] DIFF LL_CACHE_RD: 170, DIFF LL_CACHE_MISS_RD: 134, MISS_RATE: 78.82%
[max diff] DIFF L2D_CACHE_REFILL: 135
[max diff] DIFF L2D_CACHE_INVAL: 0

===========================================================
taskpendcnt:28909
t0:6041 ns
t1:17416 ns
t2:116583 ns
benchmark: Franka-derived Cartesian-impedance kernel, input trace:8, timer period:10.000 ms
controller source: franka_ros2 jazzy@73a1501d, updates:28920, SVD sweeps:5
pose error:[0.010000 0.015000 0.010000 -0.000000 0.049979 -0.000000]
tau[0:6]:[-0.567483 -0.552304 -0.482512 -0.231067 -0.297494 -0.656094 -0.085004]
kernel exec min/avg/max: 94.79 / 98.79 / 112.88 us, samples:28912
pressure status:1, copy rounds total/window:1394/11, 4.96 rounds/s
pressure logical copy:13940.00 MiB total, approx 49.57 MiB/s, checksum:1856377978880
pressure report window:2.219230 s
t0_region>
[1]:2498
[2]:87
[3]:740
[4]:6496
[5]:10349
[6]:5553
[7]:1481
[8]:348
[9]:200
[10]:308
[11]:403
[12]:266
[13]:98
[14]:32
[15]:12
[16]:8
[17]:9
[18]:8
[19]:3
[20]:6
[21]:1
[22]:1
[24]:3
[27]:2
[29]:1
[30]:1

t1_region>
[2]:153
[3]:2142
[4]:222
[5]:54
[6]:9
[7]:6
[8]:90
[9]:224
[10]:567
[11]:2154
[12]:4396
[13]:4900
[14]:4677
[15]:3915
[16]:2302
[17]:1016
[18]:388
[19]:208
[20]:191
[21]:271
[22]:369
[23]:264
[24]:131
[25]:51
[26]:37
[27]:34
[28]:18
[29]:28
[30]:19
[31]:16
[32]:13
[33]:14
[34]:10
[35]:6
[36]:6
[37]:7
[38]:4
[39]:1
[40]:1
[41]:2
[47]:1

t2_region>
[98]:486
[99]:1589
[100]:301
[101]:113
[102]:54
[103]:27
[104]:26
[105]:107
[106]:114
[107]:174
[108]:447
[109]:1640
[110]:3688
[111]:3485
[112]:2545
[113]:2894
[114]:3410
[115]:3047
[116]:1737
[117]:876
[118]:411
[119]:328
[120]:331
[121]:308
[122]:186
[123]:111
[124]:78
[125]:70
[126]:68
[127]:45
[128]:42
[129]:25
[130]:31
[131]:27
[132]:24
[133]:21
[134]:12
[135]:10
[136]:7
[137]:4
[138]:7
[139]:1
[140]:3
[141]:2
[142]:3
[143]:2
[144]:1
[148]:1
[152]:1

t0_min: 1.08 us, round:18500
t0_max: 30.92 us, round:20370
t0_jitter: 29.83 us

t1_min: 2.79 us, round:13407
t1_max: 47.83 us, round:20370
t1_jitter: 45.04 us

t2_min: 98.00 us, round:420
t2_max: 152.96 us, round:20319
t2_jitter: 54.96 us

PMU diff samples: 28927
AVG DIFF LL_CACHE_RD: 135.18
AVG DIFF LL_CACHE_MISS_RD: 94.75
AVG DIFF L2D_CACHE_REFILL: 94.79
AVG DIFF L2D_CACHE_INVAL: 0.00
[cur diff] DIFF LL_CACHE_RD: 44, DIFF LL_CACHE_MISS_RD: 1, MISS_RATE: 2.27%
[cur diff] DIFF L2D_CACHE_REFILL: 0
[cur diff] DIFF L2D_CACHE_INVAL: 0
[max diff] DIFF LL_CACHE_RD: 170, DIFF LL_CACHE_MISS_RD: 134, MISS_RATE: 78.82%
[max diff] DIFF L2D_CACHE_REFILL: 135
[max diff] DIFF L2D_CACHE_INVAL: 0

===========================================================
taskpendcnt:29131
t0:4708 ns
t1:11708 ns
t2:109708 ns
benchmark: Franka-derived Cartesian-impedance kernel, input trace:8, timer period:10.000 ms
controller source: franka_ros2 jazzy@73a1501d, updates:29142, SVD sweeps:5
pose error:[0.010000 0.015000 0.010000 -0.000000 0.049979 -0.000000]
tau[0:6]:[1.228026 0.081850 0.819520 0.875435 0.745706 -0.833381 0.398995]
kernel exec min/avg/max: 94.79 / 98.79 / 112.88 us, samples:29134
pressure status:1, copy rounds total/window:1404/10, 4.51 rounds/s
pressure logical copy:14040.00 MiB total, approx 45.07 MiB/s, checksum:1869694894080
pressure report window:2.218686 s
t0_region>
[1]:2519
[2]:87
[3]:745
[4]:6547
[5]:10423
[6]:5595
[7]:1499
[8]:351
[9]:200
[10]:310
[11]:406
[12]:269
[13]:98
[14]:32
[15]:12
[16]:8
[17]:9
[18]:8
[19]:3
[20]:6
[21]:1
[22]:1
[24]:3
[27]:2
[29]:1
[30]:1

t1_region>
[2]:155
[3]:2160
[4]:223
[5]:54
[6]:9
[7]:6
[8]:90
[9]:224
[10]:570
[11]:2172
[12]:4432
[13]:4941
[14]:4712
[15]:3944
[16]:2321
[17]:1024
[18]:389
[19]:211
[20]:191
[21]:275
[22]:371
[23]:264
[24]:133
[25]:51
[26]:37
[27]:34
[28]:18
[29]:28
[30]:19
[31]:16
[32]:13
[33]:14
[34]:10
[35]:6
[36]:6
[37]:7
[38]:4
[39]:1
[40]:1
[41]:2
[47]:1

t2_region>
[98]:488
[99]:1606
[100]:302
[101]:114
[102]:54
[103]:27
[104]:26
[105]:107
[106]:114
[107]:174
[108]:450
[109]:1655
[110]:3713
[111]:3515
[112]:2566
[113]:2918
[114]:3439
[115]:3070
[116]:1753
[117]:880
[118]:413
[119]:331
[120]:333
[121]:309
[122]:187
[123]:111
[124]:79
[125]:71
[126]:68
[127]:45
[128]:42
[129]:25
[130]:31
[131]:27
[132]:24
[133]:21
[134]:12
[135]:10
[136]:7
[137]:4
[138]:7
[139]:1
[140]:3
[141]:2
[142]:3
[143]:2
[144]:1
[148]:1
[152]:1

t0_min: 1.08 us, round:18500
t0_max: 30.92 us, round:20370
t0_jitter: 29.83 us

t1_min: 2.79 us, round:13407
t1_max: 47.83 us, round:20370
t1_jitter: 45.04 us

t2_min: 98.00 us, round:420
t2_max: 152.96 us, round:20319
t2_jitter: 54.96 us

PMU diff samples: 29148
AVG DIFF LL_CACHE_RD: 135.17
AVG DIFF LL_CACHE_MISS_RD: 94.75
AVG DIFF L2D_CACHE_REFILL: 94.79
AVG DIFF L2D_CACHE_INVAL: 0.00
[cur diff] DIFF LL_CACHE_RD: 38, DIFF LL_CACHE_MISS_RD: 0, MISS_RATE: 0.00%
[cur diff] DIFF L2D_CACHE_REFILL: 0
[cur diff] DIFF L2D_CACHE_INVAL: 0
[max diff] DIFF LL_CACHE_RD: 170, DIFF LL_CACHE_MISS_RD: 134, MISS_RATE: 78.82%
[max diff] DIFF L2D_CACHE_REFILL: 135
[max diff] DIFF L2D_CACHE_INVAL: 0

===========================================================
taskpendcnt:29353
t0:4833 ns
t1:12416 ns
t2:110708 ns
benchmark: Franka-derived Cartesian-impedance kernel, input trace:8, timer period:10.000 ms
controller source: franka_ros2 jazzy@73a1501d, updates:29364, SVD sweeps:5
pose error:[0.010000 0.015000 0.010000 -0.000000 0.049979 -0.000000]
tau[0:6]:[-0.274004 -0.324180 0.001577 -0.231466 0.050986 -0.328952 0.010844]
kernel exec min/avg/max: 94.79 / 98.79 / 112.88 us, samples:29356
pressure status:1, copy rounds total/window:1415/11, 4.96 rounds/s
pressure logical copy:14150.00 MiB total, approx 49.56 MiB/s, checksum:1884343500800
pressure report window:2.219503 s
t0_region>
[1]:2539
[2]:88
[3]:752
[4]:6590
[5]:10509
[6]:5629
[7]:1520
[8]:353
[9]:201
[10]:312
[11]:410
[12]:270
[13]:98
[14]:32
[15]:12
[16]:8
[17]:9
[18]:8
[19]:3
[20]:6
[21]:1
[22]:1
[24]:3
[27]:2
[29]:1
[30]:1

t1_region>
[2]:156
[3]:2177
[4]:224
[5]:55
[6]:9
[7]:6
[8]:90
[9]:224
[10]:577
[11]:2187
[12]:4459
[13]:4976
[14]:4746
[15]:3978
[16]:2344
[17]:1038
[18]:393
[19]:212
[20]:191
[21]:276
[22]:373
[23]:268
[24]:133
[25]:51
[26]:37
[27]:34
[28]:18
[29]:28
[30]:19
[31]:16
[32]:13
[33]:14
[34]:10
[35]:6
[36]:6
[37]:7
[38]:4
[39]:1
[40]:1
[41]:2
[47]:1

t2_region>
[98]:490
[99]:1621
[100]:304
[101]:115
[102]:54
[103]:28
[104]:26
[105]:107
[106]:114
[107]:174
[108]:455
[109]:1669
[110]:3737
[111]:3536
[112]:2591
[113]:2934
[114]:3463
[115]:3098
[116]:1780
[117]:885
[118]:416
[119]:334
[120]:334
[121]:313
[122]:188
[123]:111
[124]:79
[125]:71
[126]:68
[127]:45
[128]:42
[129]:25
[130]:31
[131]:27
[132]:24
[133]:21
[134]:12
[135]:10
[136]:7
[137]:4
[138]:7
[139]:1
[140]:3
[141]:2
[142]:3
[143]:2
[144]:1
[148]:1
[152]:1

t0_min: 1.08 us, round:18500
t0_max: 30.92 us, round:20370
t0_jitter: 29.83 us

t1_min: 2.79 us, round:13407
t1_max: 47.83 us, round:20370
t1_jitter: 45.04 us

t2_min: 98.00 us, round:420
t2_max: 152.96 us, round:20319
t2_jitter: 54.96 us

PMU diff samples: 29370
AVG DIFF LL_CACHE_RD: 135.17
AVG DIFF LL_CACHE_MISS_RD: 94.74
AVG DIFF L2D_CACHE_REFILL: 94.79
AVG DIFF L2D_CACHE_INVAL: 0.00
[cur diff] DIFF LL_CACHE_RD: 28, DIFF LL_CACHE_MISS_RD: 0, MISS_RATE: 0.00%
[cur diff] DIFF L2D_CACHE_REFILL: 0
[cur diff] DIFF L2D_CACHE_INVAL: 0
[max diff] DIFF LL_CACHE_RD: 170, DIFF LL_CACHE_MISS_RD: 134, MISS_RATE: 78.82%
[max diff] DIFF L2D_CACHE_REFILL: 135
[max diff] DIFF L2D_CACHE_INVAL: 0

===========================================================
taskpendcnt:29575
t0:5541 ns
t1:15458 ns
t2:117833 ns
benchmark: Franka-derived Cartesian-impedance kernel, input trace:8, timer period:10.000 ms
controller source: franka_ros2 jazzy@73a1501d, updates:29586, SVD sweeps:5
pose error:[0.010000 0.015000 0.010000 -0.000000 0.049979 -0.000000]
tau[0:6]:[-2.379368 -1.292411 -1.655224 -1.570015 -1.185234 -0.066588 -0.610247]
kernel exec min/avg/max: 94.79 / 98.79 / 112.88 us, samples:29578
pressure status:1, copy rounds total/window:1426/11, 4.96 rounds/s
pressure logical copy:14260.00 MiB total, approx 49.56 MiB/s, checksum:1898992107520
pressure report window:2.219370 s
t0_region>
[1]:2559
[2]:88
[3]:760
[4]:6645
[5]:10585
[6]:5675
[7]:1529
[8]:353
[9]:202
[10]:314
[11]:412
[12]:272
[13]:99
[14]:32
[15]:12
[16]:8
[17]:9
[18]:8
[19]:3
[20]:6
[21]:1
[22]:1
[24]:3
[27]:2
[29]:1
[30]:1

t1_region>
[2]:157
[3]:2195
[4]:225
[5]:55
[6]:9
[7]:6
[8]:90
[9]:225
[10]:582
[11]:2204
[12]:4497
[13]:5017
[14]:4784
[15]:4007
[16]:2360
[17]:1047
[18]:394
[19]:212
[20]:192
[21]:277
[22]:377
[23]:268
[24]:134
[25]:51
[26]:37
[27]:34
[28]:18
[29]:28
[30]:19
[31]:16
[32]:13
[33]:14
[34]:10
[35]:6
[36]:6
[37]:7
[38]:4
[39]:1
[40]:1
[41]:2
[47]:1

t2_region>
[98]:495
[99]:1630
[100]:308
[101]:117
[102]:54
[103]:28
[104]:26
[105]:107
[106]:114
[107]:174
[108]:458
[109]:1679
[110]:3772
[111]:3562
[112]:2611
[113]:2958
[114]:3499
[115]:3118
[116]:1793
[117]:891
[118]:419
[119]:334
[120]:337
[121]:315
[122]:188
[123]:111
[124]:79
[125]:71
[126]:68
[127]:45
[128]:43
[129]:25
[130]:31
[131]:27
[132]:24
[133]:21
[134]:12
[135]:10
[136]:7
[137]:4
[138]:7
[139]:1
[140]:3
[141]:2
[142]:3
[143]:2
[144]:1
[148]:1
[152]:1

t0_min: 1.08 us, round:18500
t0_max: 30.92 us, round:20370
t0_jitter: 29.83 us

t1_min: 2.79 us, round:13407
t1_max: 47.83 us, round:20370
t1_jitter: 45.04 us

t2_min: 98.00 us, round:420
t2_max: 152.96 us, round:20319
t2_jitter: 54.96 us

PMU diff samples: 29592
AVG DIFF LL_CACHE_RD: 135.17
AVG DIFF LL_CACHE_MISS_RD: 94.74
AVG DIFF L2D_CACHE_REFILL: 94.78
AVG DIFF L2D_CACHE_INVAL: 0.00
[cur diff] DIFF LL_CACHE_RD: 34, DIFF LL_CACHE_MISS_RD: 0, MISS_RATE: 0.00%
[cur diff] DIFF L2D_CACHE_REFILL: 0
[cur diff] DIFF L2D_CACHE_INVAL: 0
[max diff] DIFF LL_CACHE_RD: 170, DIFF LL_CACHE_MISS_RD: 134, MISS_RATE: 78.82%
[max diff] DIFF L2D_CACHE_REFILL: 135
[max diff] DIFF L2D_CACHE_INVAL: 0

===========================================================
taskpendcnt:29797
t0:5958 ns
t1:12375 ns
t2:110666 ns
benchmark: Franka-derived Cartesian-impedance kernel, input trace:8, timer period:10.000 ms
controller source: franka_ros2 jazzy@73a1501d, updates:29808, SVD sweeps:5
pose error:[0.010000 0.015000 0.010000 -0.000000 0.049979 -0.000000]
tau[0:6]:[-0.567483 -0.552304 -0.482512 -0.231067 -0.297494 -0.656094 -0.085004]
kernel exec min/avg/max: 94.79 / 98.79 / 112.88 us, samples:29800
pressure status:1, copy rounds total/window:1436/10, 4.51 rounds/s
pressure logical copy:14360.00 MiB total, approx 45.06 MiB/s, checksum:1912309022720
pressure report window:2.219257 s
t0_region>
[1]:2579
[2]:89
[3]:767
[4]:6695
[5]:10662
[6]:5718
[7]:1542
[8]:356
[9]:202
[10]:316
[11]:414
[12]:275
[13]:99
[14]:32
[15]:12
[16]:9
[17]:9
[18]:8
[19]:3
[20]:6
[21]:1
[22]:1
[24]:3
[27]:2
[29]:1
[30]:1

t1_region>
[2]:160
[3]:2210
[4]:227
[5]:55
[6]:10
[7]:6
[8]:90
[9]:225
[10]:587
[11]:2228
[12]:4533
[13]:5049
[14]:4823
[15]:4032
[16]:2371
[17]:1064
[18]:396
[19]:214
[20]:192
[21]:281
[22]:378
[23]:270
[24]:134
[25]:51
[26]:37
[27]:34
[28]:18
[29]:28
[30]:19
[31]:16
[32]:14
[33]:14
[34]:10
[35]:6
[36]:6
[37]:7
[38]:4
[39]:1
[40]:1
[41]:2
[47]:1

t2_region>
[98]:501
[99]:1642
[100]:309
[101]:117
[102]:55
[103]:28
[104]:26
[105]:108
[106]:114
[107]:174
[108]:458
[109]:1700
[110]:3804
[111]:3594
[112]:2627
[113]:2977
[114]:3516
[115]:3139
[116]:1816
[117]:899
[118]:420
[119]:337
[120]:341
[121]:317
[122]:189
[123]:111
[124]:79
[125]:71
[126]:68
[127]:45
[128]:43
[129]:25
[130]:31
[131]:28
[132]:24
[133]:21
[134]:12
[135]:10
[136]:7
[137]:4
[138]:7
[139]:1
[140]:3
[141]:2
[142]:3
[143]:2
[144]:1
[148]:1
[152]:1

t0_min: 1.08 us, round:18500
t0_max: 30.92 us, round:20370
t0_jitter: 29.83 us

t1_min: 2.79 us, round:13407
t1_max: 47.83 us, round:20370
t1_jitter: 45.04 us

t2_min: 98.00 us, round:420
t2_max: 152.96 us, round:20319
t2_jitter: 54.96 us

PMU diff samples: 29814
AVG DIFF LL_CACHE_RD: 135.17
AVG DIFF LL_CACHE_MISS_RD: 94.74
AVG DIFF L2D_CACHE_REFILL: 94.78
AVG DIFF L2D_CACHE_INVAL: 0.00
[cur diff] DIFF LL_CACHE_RD: 37, DIFF LL_CACHE_MISS_RD: 0, MISS_RATE: 0.00%
[cur diff] DIFF L2D_CACHE_REFILL: 0
[cur diff] DIFF L2D_CACHE_INVAL: 0
[max diff] DIFF LL_CACHE_RD: 170, DIFF LL_CACHE_MISS_RD: 134, MISS_RATE: 78.82%
[max diff] DIFF L2D_CACHE_REFILL: 135
[max diff] DIFF L2D_CACHE_INVAL: 0

===========================================================
taskpendcnt:30018
t0:3750 ns
t1:9875 ns
t2:109333 ns
benchmark: Franka-derived Cartesian-impedance kernel, input trace:8, timer period:10.000 ms
controller source: franka_ros2 jazzy@73a1501d, updates:30030, SVD sweeps:5
pose error:[0.010000 0.015000 0.010000 -0.000000 0.049979 -0.000000]
tau[0:6]:[1.228026 0.081850 0.819520 0.875435 0.745706 -0.833381 0.398995]
kernel exec min/avg/max: 94.79 / 98.79 / 112.88 us, samples:30022
pressure status:1, copy rounds total/window:1447/11, 4.96 rounds/s
pressure logical copy:14470.00 MiB total, approx 49.58 MiB/s, checksum:1926957629440
pressure report window:2.218659 s
t0_region>
[1]:2600
[2]:89
[3]:772
[4]:6747
[5]:10746
[6]:5757
[7]:1551
[8]:358
[9]:203
[10]:320
[11]:415
[12]:279
[13]:99
[14]:32
[15]:12
[16]:9
[17]:9
[18]:8
[19]:3
[20]:6
[21]:1
[22]:1
[24]:3
[27]:2
[29]:1
[30]:1

t1_region>
[2]:164
[3]:2225
[4]:229
[5]:55
[6]:10
[7]:6
[8]:90
[9]:226
[10]:591
[11]:2243
[12]:4569
[13]:5083
[14]:4859
[15]:4070
[16]:2391
[17]:1070
[18]:397
[19]:215
[20]:193
[21]:283
[22]:382
[23]:272
[24]:134
[25]:51
[26]:37
[27]:34
[28]:18
[29]:28
[30]:19
[31]:16
[32]:14
[33]:14
[34]:10
[35]:6
[36]:6
[37]:7
[38]:4
[39]:1
[40]:1
[41]:2
[47]:1

t2_region>
[98]:504
[99]:1658
[100]:309
[101]:118
[102]:56
[103]:28
[104]:26
[105]:108
[106]:114
[107]:174
[108]:461
[109]:1715
[110]:3831
[111]:3617
[112]:2654
[113]:2992
[114]:3548
[115]:3166
[116]:1827
[117]:908
[118]:422
[119]:339
[120]:344
[121]:320
[122]:191
[123]:111
[124]:79
[125]:71
[126]:68
[127]:45
[128]:43
[129]:25
[130]:31
[131]:28
[132]:24
[133]:21
[134]:12
[135]:10
[136]:7
[137]:4
[138]:7
[139]:1
[140]:3
[141]:2
[142]:3
[143]:2
[144]:1
[148]:1
[152]:1

t0_min: 1.08 us, round:18500
t0_max: 30.92 us, round:20370
t0_jitter: 29.83 us

t1_min: 2.79 us, round:13407
t1_max: 47.83 us, round:20370
t1_jitter: 45.04 us

t2_min: 98.00 us, round:420
t2_max: 152.96 us, round:20319
t2_jitter: 54.96 us

PMU diff samples: 30036
AVG DIFF LL_CACHE_RD: 135.16
AVG DIFF LL_CACHE_MISS_RD: 94.73
AVG DIFF L2D_CACHE_REFILL: 94.77
AVG DIFF L2D_CACHE_INVAL: 0.00
[cur diff] DIFF LL_CACHE_RD: 42, DIFF LL_CACHE_MISS_RD: 0, MISS_RATE: 0.00%
[cur diff] DIFF L2D_CACHE_REFILL: 1
[cur diff] DIFF L2D_CACHE_INVAL: 0
[max diff] DIFF LL_CACHE_RD: 170, DIFF LL_CACHE_MISS_RD: 134, MISS_RATE: 78.82%
[max diff] DIFF L2D_CACHE_REFILL: 135
[max diff] DIFF L2D_CACHE_INVAL: 0

===========================================================
taskpendcnt:30240
t0:8250 ns
t1:20500 ns
t2:127833 ns
benchmark: Franka-derived Cartesian-impedance kernel, input trace:8, timer period:10.000 ms
controller source: franka_ros2 jazzy@73a1501d, updates:30252, SVD sweeps:5
pose error:[0.010000 0.015000 0.010000 -0.000000 0.049979 -0.000000]
tau[0:6]:[-0.274004 -0.324180 0.001577 -0.231466 0.050986 -0.328952 0.010844]
kernel exec min/avg/max: 94.79 / 98.79 / 112.88 us, samples:30244
pressure status:1, copy rounds total/window:1458/11, 4.96 rounds/s
pressure logical copy:14580.00 MiB total, approx 49.56 MiB/s, checksum:1941606236160
pressure report window:2.219611 s
t0_region>
[1]:2620
[2]:90
[3]:778
[4]:6802
[5]:10823
[6]:5794
[7]:1566
[8]:360
[9]:205
[10]:321
[11]:418
[12]:281
[13]:100
[14]:32
[15]:12
[16]:9
[17]:9
[18]:8
[19]:3
[20]:6
[21]:1
[22]:1
[24]:3
[27]:2
[29]:1
[30]:1

t1_region>
[2]:164
[3]:2244
[4]:231
[5]:55
[6]:10
[7]:6
[8]:90
[9]:226
[10]:596
[11]:2266
[12]:4599
[13]:5128
[14]:4893
[15]:4094
[16]:2406
[17]:1080
[18]:400
[19]:216
[20]:196
[21]:284
[22]:385
[23]:274
[24]:135
[25]:51
[26]:37
[27]:34
[28]:18
[29]:28
[30]:19
[31]:16
[32]:14
[33]:15
[34]:10
[35]:6
[36]:6
[37]:7
[38]:4
[39]:1
[40]:1
[41]:2
[47]:1

t2_region>
[98]:506
[99]:1675
[100]:309
[101]:118
[102]:58
[103]:28
[104]:26
[105]:108
[106]:114
[107]:174
[108]:468
[109]:1727
[110]:3856
[111]:3642
[112]:2682
[113]:3016
[114]:3568
[115]:3189
[116]:1841
[117]:915
[118]:426
[119]:341
[120]:348
[121]:322
[122]:191
[123]:113
[124]:79
[125]:71
[126]:68
[127]:46
[128]:43
[129]:25
[130]:31
[131]:28
[132]:24
[133]:21
[134]:12
[135]:10
[136]:7
[137]:5
[138]:7
[139]:1
[140]:3
[141]:2
[142]:3
[143]:2
[144]:1
[148]:1
[152]:1

t0_min: 1.08 us, round:18500
t0_max: 30.92 us, round:20370
t0_jitter: 29.83 us

t1_min: 2.79 us, round:13407
t1_max: 47.83 us, round:20370
t1_jitter: 45.04 us

t2_min: 98.00 us, round:420
t2_max: 152.96 us, round:20319
t2_jitter: 54.96 us

PMU diff samples: 30258
AVG DIFF LL_CACHE_RD: 135.15
AVG DIFF LL_CACHE_MISS_RD: 94.73
AVG DIFF L2D_CACHE_REFILL: 94.77
AVG DIFF L2D_CACHE_INVAL: 0.00
[cur diff] DIFF LL_CACHE_RD: 49, DIFF LL_CACHE_MISS_RD: 0, MISS_RATE: 0.00%
[cur diff] DIFF L2D_CACHE_REFILL: 0
[cur diff] DIFF L2D_CACHE_INVAL: 0
[max diff] DIFF LL_CACHE_RD: 170, DIFF LL_CACHE_MISS_RD: 134, MISS_RATE: 78.82%
[max diff] DIFF L2D_CACHE_REFILL: 135
[max diff] DIFF L2D_CACHE_INVAL: 0

===========================================================
taskpendcnt:30462
t0:5166 ns
t1:13916 ns
t2:114541 ns
benchmark: Franka-derived Cartesian-impedance kernel, input trace:8, timer period:10.000 ms
controller source: franka_ros2 jazzy@73a1501d, updates:30474, SVD sweeps:5
pose error:[0.010000 0.015000 0.010000 -0.000000 0.049979 -0.000000]
tau[0:6]:[-2.379368 -1.292411 -1.655224 -1.570015 -1.185234 -0.066588 -0.610247]
kernel exec min/avg/max: 94.79 / 98.80 / 112.88 us, samples:30466
pressure status:1, copy rounds total/window:1468/10, 4.50 rounds/s
pressure logical copy:14680.00 MiB total, approx 45.04 MiB/s, checksum:1954923151360
pressure report window:2.220053 s
t0_region>
[1]:2639
[2]:92
[3]:788
[4]:6840
[5]:10870
[6]:5841
[7]:1593
[8]:371
[9]:208
[10]:326
[11]:422
[12]:285
[13]:101
[14]:33
[15]:13
[16]:9
[17]:9
[18]:9
[19]:3
[20]:6
[21]:1
[22]:1
[24]:4
[27]:2
[29]:1
[30]:1

t1_region>
[2]:167
[3]:2259
[4]:232
[5]:57
[6]:10
[7]:6
[8]:90
[9]:228
[10]:610
[11]:2282
[12]:4611
[13]:5147
[14]:4908
[15]:4121
[16]:2425
[17]:1101
[18]:418
[19]:224
[20]:202
[21]:290
[22]:387
[23]:277
[24]:138
[25]:52
[26]:39
[27]:36
[28]:18
[29]:29
[30]:19
[31]:16
[32]:15
[33]:17
[34]:10
[35]:7
[36]:6
[37]:7
[38]:4
[39]:1
[40]:1
[41]:2
[47]:1

t2_region>
[98]:508
[99]:1687
[100]:314
[101]:118
[102]:59
[103]:29
[104]:26
[105]:108
[106]:114
[107]:177
[108]:474
[109]:1740
[110]:3868
[111]:3651
[112]:2693
[113]:3023
[114]:3593
[115]:3209
[116]:1852
[117]:927
[118]:440
[119]:356
[120]:355
[121]:334
[122]:194
[123]:118
[124]:80
[125]:73
[126]:71
[127]:49
[128]:44
[129]:26
[130]:31
[131]:29
[132]:25
[133]:22
[134]:12
[135]:11
[136]:8
[137]:5
[138]:7
[139]:1
[140]:3
[141]:2
[142]:3
[143]:2
[144]:1
[148]:1
[152]:1

t0_min: 1.08 us, round:18500
t0_max: 30.92 us, round:20370
t0_jitter: 29.83 us

t1_min: 2.79 us, round:13407
t1_max: 47.83 us, round:20370
t1_jitter: 45.04 us

t2_min: 98.00 us, round:420
t2_max: 152.96 us, round:20319
t2_jitter: 54.96 us

PMU diff samples: 30480
AVG DIFF LL_CACHE_RD: 135.14
AVG DIFF LL_CACHE_MISS_RD: 94.71
AVG DIFF L2D_CACHE_REFILL: 94.75
AVG DIFF L2D_CACHE_INVAL: 0.00
[cur diff] DIFF LL_CACHE_RD: 44, DIFF LL_CACHE_MISS_RD: 0, MISS_RATE: 0.00%
[cur diff] DIFF L2D_CACHE_REFILL: 1
[cur diff] DIFF L2D_CACHE_INVAL: 0
[max diff] DIFF LL_CACHE_RD: 170, DIFF LL_CACHE_MISS_RD: 134, MISS_RATE: 78.82%
[max diff] DIFF L2D_CACHE_REFILL: 135
[max diff] DIFF L2D_CACHE_INVAL: 0

===========================================================
taskpendcnt:30684
t0:6958 ns
t1:14041 ns
t2:116125 ns
benchmark: Franka-derived Cartesian-impedance kernel, input trace:8, timer period:10.000 ms
controller source: franka_ros2 jazzy@73a1501d, updates:30696, SVD sweeps:5
pose error:[0.010000 0.015000 0.010000 -0.000000 0.049979 -0.000000]
tau[0:6]:[-0.567483 -0.552304 -0.482512 -0.231067 -0.297494 -0.656094 -0.085004]
kernel exec min/avg/max: 94.79 / 98.80 / 112.88 us, samples:30688
pressure status:1, copy rounds total/window:1479/11, 4.96 rounds/s
pressure logical copy:14790.00 MiB total, approx 49.57 MiB/s, checksum:1969571758080
pressure report window:2.219129 s
t0_region>
[1]:2660
[2]:92
[3]:792
[4]:6896
[5]:10949
[6]:5885
[7]:1602
[8]:373
[9]:208
[10]:328
[11]:424
[12]:288
[13]:101
[14]:33
[15]:13
[16]:9
[17]:9
[18]:9
[19]:3
[20]:6
[21]:1
[22]:1
[24]:4
[27]:2
[29]:1
[30]:1

t1_region>
[2]:168
[3]:2275
[4]:236
[5]:57
[6]:10
[7]:6
[8]:90
[9]:228
[10]:615
[11]:2298
[12]:4641
[13]:5194
[14]:4956
[15]:4145
[16]:2438
[17]:1108
[18]:420
[19]:225
[20]:204
[21]:293
[22]:389
[23]:278
[24]:138
[25]:52
[26]:39
[27]:36
[28]:18
[29]:29
[30]:19
[31]:16
[32]:15
[33]:17
[34]:10
[35]:7
[36]:6
[37]:7
[38]:4
[39]:1
[40]:1
[41]:2
[47]:1

t2_region>
[98]:508
[99]:1703
[100]:316
[101]:119
[102]:60
[103]:29
[104]:26
[105]:108
[106]:114
[107]:177
[108]:477
[109]:1748
[110]:3896
[111]:3682
[112]:2714
[113]:3047
[114]:3627
[115]:3229
[116]:1867
[117]:934
[118]:441
[119]:360
[120]:357
[121]:335
[122]:195
[123]:118
[124]:81
[125]:73
[126]:71
[127]:49
[128]:44
[129]:26
[130]:31
[131]:29
[132]:25
[133]:22
[134]:12
[135]:11
[136]:8
[137]:5
[138]:7
[139]:1
[140]:3
[141]:2
[142]:3
[143]:2
[144]:1
[148]:1
[152]:1

t0_min: 1.08 us, round:18500
t0_max: 30.92 us, round:20370
t0_jitter: 29.83 us

t1_min: 2.79 us, round:13407
t1_max: 47.83 us, round:20370
t1_jitter: 45.04 us

t2_min: 98.00 us, round:420
t2_max: 152.96 us, round:20319
t2_jitter: 54.96 us

PMU diff samples: 30702
AVG DIFF LL_CACHE_RD: 135.13
AVG DIFF LL_CACHE_MISS_RD: 94.70
AVG DIFF L2D_CACHE_REFILL: 94.74
AVG DIFF L2D_CACHE_INVAL: 0.00
[cur diff] DIFF LL_CACHE_RD: 51, DIFF LL_CACHE_MISS_RD: 2, MISS_RATE: 3.92%
[cur diff] DIFF L2D_CACHE_REFILL: 1
[cur diff] DIFF L2D_CACHE_INVAL: 0
[max diff] DIFF LL_CACHE_RD: 170, DIFF LL_CACHE_MISS_RD: 134, MISS_RATE: 78.82%
[max diff] DIFF L2D_CACHE_REFILL: 135
[max diff] DIFF L2D_CACHE_INVAL: 0

===========================================================
taskpendcnt:30906
t0:4458 ns
t1:15833 ns
t2:110708 ns
benchmark: Franka-derived Cartesian-impedance kernel, input trace:8, timer period:10.000 ms
controller source: franka_ros2 jazzy@73a1501d, updates:30917, SVD sweeps:5
pose error:[0.010000 0.015000 0.010000 -0.000000 0.049979 -0.000000]
tau[0:6]:[1.228026 0.081850 0.819520 0.875435 0.745706 -0.833381 0.398995]
kernel exec min/avg/max: 94.79 / 98.80 / 112.88 us, samples:30909
pressure status:1, copy rounds total/window:1490/11, 4.96 rounds/s
pressure logical copy:14900.00 MiB total, approx 49.58 MiB/s, checksum:1984220364800
pressure report window:2.218748 s
t0_region>
[1]:2680
[2]:93
[3]:797
[4]:6953
[5]:11035
[6]:5918
[7]:1612
[8]:374
[9]:209
[10]:335
[11]:425
[12]:288
[13]:101
[14]:33
[15]:13
[16]:9
[17]:9
[18]:9
[19]:3
[20]:6
[21]:1
[22]:1
[24]:4
[27]:2
[29]:1
[30]:1

t1_region>
[2]:169
[3]:2293
[4]:237
[5]:57
[6]:11
[7]:6
[8]:90
[9]:228
[10]:617
[11]:2317
[12]:4678
[13]:5233
[14]:5002
[15]:4172
[16]:2450
[17]:1113
[18]:424
[19]:227
[20]:206
[21]:295
[22]:392
[23]:278
[24]:139
[25]:52
[26]:39
[27]:36
[28]:18
[29]:29
[30]:19
[31]:16
[32]:15
[33]:17
[34]:10
[35]:7
[36]:6
[37]:7
[38]:4
[39]:1
[40]:1
[41]:2
[47]:1

t2_region>
[98]:510
[99]:1715
[100]:320
[101]:121
[102]:60
[103]:29
[104]:26
[105]:108
[106]:115
[107]:177
[108]:478
[109]:1762
[110]:3924
[111]:3713
[112]:2736
[113]:3070
[114]:3651
[115]:3256
[116]:1880
[117]:941
[118]:443
[119]:362
[120]:359
[121]:338
[122]:197
[123]:118
[124]:81
[125]:73
[126]:71
[127]:49
[128]:44
[129]:26
[130]:31
[131]:29
[132]:25
[133]:22
[134]:12
[135]:11
[136]:8
[137]:5
[138]:7
[139]:1
[140]:3
[141]:2
[142]:3
[143]:2
[144]:1
[148]:1
[152]:1

t0_min: 1.08 us, round:18500
t0_max: 30.92 us, round:20370
t0_jitter: 29.83 us

t1_min: 2.79 us, round:13407
t1_max: 47.83 us, round:20370
t1_jitter: 45.04 us

t2_min: 98.00 us, round:420
t2_max: 152.96 us, round:20319
t2_jitter: 54.96 us

PMU diff samples: 30924
AVG DIFF LL_CACHE_RD: 135.11
AVG DIFF LL_CACHE_MISS_RD: 94.70
AVG DIFF L2D_CACHE_REFILL: 94.74
AVG DIFF L2D_CACHE_INVAL: 0.00
[cur diff] DIFF LL_CACHE_RD: 42, DIFF LL_CACHE_MISS_RD: 0, MISS_RATE: 0.00%
[cur diff] DIFF L2D_CACHE_REFILL: 0
[cur diff] DIFF L2D_CACHE_INVAL: 0
[max diff] DIFF LL_CACHE_RD: 170, DIFF LL_CACHE_MISS_RD: 134, MISS_RATE: 78.82%
[max diff] DIFF L2D_CACHE_REFILL: 135
[max diff] DIFF L2D_CACHE_INVAL: 0

===========================================================
taskpendcnt:31128
t0:5166 ns
t1:12458 ns
t2:111041 ns
benchmark: Franka-derived Cartesian-impedance kernel, input trace:8, timer period:10.000 ms
controller source: franka_ros2 jazzy@73a1501d, updates:31139, SVD sweeps:5
pose error:[0.010000 0.015000 0.010000 -0.000000 0.049979 -0.000000]
tau[0:6]:[-0.274004 -0.324180 0.001577 -0.231466 0.050986 -0.328952 0.010844]
kernel exec min/avg/max: 94.79 / 98.80 / 112.88 us, samples:31131
pressure status:1, copy rounds total/window:1500/10, 4.51 rounds/s
pressure logical copy:15000.00 MiB total, approx 45.06 MiB/s, checksum:1997537280000
pressure report window:2.219497 s
t0_region>
[1]:2701
[2]:93
[3]:799
[4]:6996
[5]:11126
[6]:5962
[7]:1620
[8]:377
[9]:211
[10]:336
[11]:430
[12]:289
[13]:102
[14]:33
[15]:13
[16]:9
[17]:9
[18]:9
[19]:3
[20]:6
[21]:1
[22]:1
[24]:4
[27]:2
[29]:1
[30]:1

t1_region>
[2]:170
[3]:2311
[4]:239
[5]:57
[6]:11
[7]:6
[8]:90
[9]:228
[10]:618
[11]:2328
[12]:4711
[13]:5279
[14]:5033
[15]:4204
[16]:2476
[17]:1121
[18]:427
[19]:227
[20]:208
[21]:295
[22]:395
[23]:281
[24]:140
[25]:53
[26]:39
[27]:36
[28]:18
[29]:29
[30]:19
[31]:16
[32]:15
[33]:17
[34]:10
[35]:7
[36]:6
[37]:7
[38]:4
[39]:1
[40]:1
[41]:2
[47]:1

t2_region>
[98]:513
[99]:1729
[100]:322
[101]:122
[102]:61
[103]:29
[104]:26
[105]:108
[106]:115
[107]:177
[108]:478
[109]:1769
[110]:3952
[111]:3748
[112]:2752
[113]:3092
[114]:3684
[115]:3272
[116]:1899
[117]:952
[118]:448
[119]:363
[120]:359
[121]:343
[122]:198
[123]:118
[124]:82
[125]:73
[126]:71
[127]:50
[128]:44
[129]:26
[130]:31
[131]:29
[132]:25
[133]:22
[134]:12
[135]:11
[136]:8
[137]:5
[138]:7
[139]:1
[140]:3
[141]:2
[142]:3
[143]:2
[144]:1
[148]:1
[152]:1

t0_min: 1.08 us, round:18500
t0_max: 30.92 us, round:20370
t0_jitter: 29.83 us

t1_min: 2.79 us, round:13407
t1_max: 47.83 us, round:20370
t1_jitter: 45.04 us

t2_min: 98.00 us, round:420
t2_max: 152.96 us, round:20319
t2_jitter: 54.96 us

PMU diff samples: 31146
AVG DIFF LL_CACHE_RD: 135.11
AVG DIFF LL_CACHE_MISS_RD: 94.70
AVG DIFF L2D_CACHE_REFILL: 94.73
AVG DIFF L2D_CACHE_INVAL: 0.00
[cur diff] DIFF LL_CACHE_RD: 40, DIFF LL_CACHE_MISS_RD: 0, MISS_RATE: 0.00%
[cur diff] DIFF L2D_CACHE_REFILL: 1
[cur diff] DIFF L2D_CACHE_INVAL: 0
[max diff] DIFF LL_CACHE_RD: 170, DIFF LL_CACHE_MISS_RD: 134, MISS_RATE: 78.82%
[max diff] DIFF L2D_CACHE_REFILL: 135
[max diff] DIFF L2D_CACHE_INVAL: 0

===========================================================
taskpendcnt:31350
t0:5291 ns
t1:15208 ns
t2:114958 ns
benchmark: Franka-derived Cartesian-impedance kernel, input trace:8, timer period:10.000 ms
controller source: franka_ros2 jazzy@73a1501d, updates:31361, SVD sweeps:5
pose error:[0.010000 0.015000 0.010000 -0.000000 0.049979 -0.000000]
tau[0:6]:[-2.379368 -1.292411 -1.655224 -1.570015 -1.185234 -0.066588 -0.610247]
kernel exec min/avg/max: 94.79 / 98.80 / 112.88 us, samples:31353
pressure status:1, copy rounds total/window:1511/11, 4.96 rounds/s
pressure logical copy:15110.00 MiB total, approx 49.56 MiB/s, checksum:2012185886720
pressure report window:2.219489 s
t0_region>
[1]:2722
[2]:93
[3]:804
[4]:7052
[5]:11207
[6]:6002
[7]:1629
[8]:379
[9]:213
[10]:338
[11]:434
[12]:289
[13]:102
[14]:33
[15]:13
[16]:9
[17]:9
[18]:9
[19]:3
[20]:6
[21]:1
[22]:1
[24]:4
[27]:2
[29]:1
[30]:1

t1_region>
[2]:171
[3]:2329
[4]:240
[5]:58
[6]:11
[7]:6
[8]:90
[9]:228
[10]:620
[11]:2342
[12]:4750
[13]:5321
[14]:5073
[15]:4234
[16]:2494
[17]:1126
[18]:430
[19]:227
[20]:211
[21]:297
[22]:396
[23]:283
[24]:140
[25]:53
[26]:39
[27]:36
[28]:18
[29]:29
[30]:19
[31]:16
[32]:15
[33]:17
[34]:10
[35]:7
[36]:6
[37]:7
[38]:4
[39]:1
[40]:1
[41]:2
[47]:1

t2_region>
[98]:517
[99]:1744
[100]:322
[101]:123
[102]:61
[103]:29
[104]:27
[105]:108
[106]:115
[107]:177
[108]:479
[109]:1779
[110]:3984
[111]:3775
[112]:2771
[113]:3121
[114]:3712
[115]:3297
[116]:1915
[117]:955
[118]:452
[119]:365
[120]:360
[121]:346
[122]:198
[123]:119
[124]:82
[125]:73
[126]:71
[127]:50
[128]:44
[129]:26
[130]:31
[131]:29
[132]:25
[133]:22
[134]:12
[135]:11
[136]:8
[137]:5
[138]:7
[139]:1
[140]:3
[141]:2
[142]:3
[143]:2
[144]:1
[148]:1
[152]:1

t0_min: 1.08 us, round:18500
t0_max: 30.92 us, round:20370
t0_jitter: 29.83 us

t1_min: 2.79 us, round:13407
t1_max: 47.83 us, round:20370
t1_jitter: 45.04 us

t2_min: 98.00 us, round:420
t2_max: 152.96 us, round:20319
t2_jitter: 54.96 us

PMU diff samples: 31368
AVG DIFF LL_CACHE_RD: 135.10
AVG DIFF LL_CACHE_MISS_RD: 94.69
AVG DIFF L2D_CACHE_REFILL: 94.73
AVG DIFF L2D_CACHE_INVAL: 0.00
[cur diff] DIFF LL_CACHE_RD: 40, DIFF LL_CACHE_MISS_RD: 0, MISS_RATE: 0.00%
[cur diff] DIFF L2D_CACHE_REFILL: 0
[cur diff] DIFF L2D_CACHE_INVAL: 0
[max diff] DIFF LL_CACHE_RD: 170, DIFF LL_CACHE_MISS_RD: 134, MISS_RATE: 78.82%
[max diff] DIFF L2D_CACHE_REFILL: 135
[max diff] DIFF L2D_CACHE_INVAL: 0

===========================================================
taskpendcnt:31572
t0:3666 ns
t1:12125 ns
t2:110416 ns
benchmark: Franka-derived Cartesian-impedance kernel, input trace:8, timer period:10.000 ms
controller source: franka_ros2 jazzy@73a1501d, updates:31583, SVD sweeps:5
pose error:[0.010000 0.015000 0.010000 -0.000000 0.049979 -0.000000]
tau[0:6]:[-0.567483 -0.552304 -0.482512 -0.231067 -0.297494 -0.656094 -0.085004]
kernel exec min/avg/max: 94.79 / 98.80 / 112.88 us, samples:31575
pressure status:1, copy rounds total/window:1521/10, 4.51 rounds/s
pressure logical copy:15210.00 MiB total, approx 45.06 MiB/s, checksum:2025502801920
pressure report window:2.219228 s
t0_region>
[1]:2742
[2]:94
[3]:806
[4]:7103
[5]:11289
[6]:6047
[7]:1639
[8]:381
[9]:214
[10]:340
[11]:437
[12]:291
[13]:103
[14]:33
[15]:13
[16]:9
[17]:9
[18]:9
[19]:3
[20]:6
[21]:1
[22]:1
[24]:4
[27]:2
[29]:1
[30]:1

t1_region>
[2]:174
[3]:2345
[4]:241
[5]:59
[6]:11
[7]:6
[8]:90
[9]:228
[10]:622
[11]:2351
[12]:4794
[13]:5359
[14]:5104
[15]:4271
[16]:2516
[17]:1133
[18]:431
[19]:227
[20]:214
[21]:298
[22]:399
[23]:284
[24]:142
[25]:53
[26]:39
[27]:36
[28]:18
[29]:29
[30]:19
[31]:16
[32]:15
[33]:17
[34]:10
[35]:7
[36]:6
[37]:7
[38]:4
[39]:1
[40]:1
[41]:2
[47]:1

t2_region>
[98]:522
[99]:1757
[100]:324
[101]:124
[102]:61
[103]:29
[104]:27
[105]:108
[106]:115
[107]:177
[108]:479
[109]:1787
[110]:4026
[111]:3796
[112]:2791
[113]:3141
[114]:3743
[115]:3324
[116]:1929
[117]:961
[118]:454
[119]:368
[120]:362
[121]:348
[122]:199
[123]:120
[124]:83
[125]:73
[126]:71
[127]:50
[128]:44
[129]:26
[130]:31
[131]:29
[132]:25
[133]:22
[134]:12
[135]:11
[136]:8
[137]:5
[138]:7
[139]:1
[140]:3
[141]:2
[142]:3
[143]:2
[144]:1
[148]:1
[152]:1

t0_min: 1.08 us, round:18500
t0_max: 30.92 us, round:20370
t0_jitter: 29.83 us

t1_min: 2.79 us, round:13407
t1_max: 47.83 us, round:20370
t1_jitter: 45.04 us

t2_min: 98.00 us, round:420
t2_max: 152.96 us, round:20319
t2_jitter: 54.96 us

PMU diff samples: 31590
AVG DIFF LL_CACHE_RD: 135.10
AVG DIFF LL_CACHE_MISS_RD: 94.70
AVG DIFF L2D_CACHE_REFILL: 94.73
AVG DIFF L2D_CACHE_INVAL: 0.00
[cur diff] DIFF LL_CACHE_RD: 38, DIFF LL_CACHE_MISS_RD: 0, MISS_RATE: 0.00%
[cur diff] DIFF L2D_CACHE_REFILL: 0
[cur diff] DIFF L2D_CACHE_INVAL: 0
[max diff] DIFF LL_CACHE_RD: 170, DIFF LL_CACHE_MISS_RD: 134, MISS_RATE: 78.82%
[max diff] DIFF L2D_CACHE_REFILL: 135
[max diff] DIFF L2D_CACHE_INVAL: 0

===========================================================
taskpendcnt:31794
t0:4083 ns
t1:11666 ns
t2:111125 ns
benchmark: Franka-derived Cartesian-impedance kernel, input trace:8, timer period:10.000 ms
controller source: franka_ros2 jazzy@73a1501d, updates:31805, SVD sweeps:5
pose error:[0.010000 0.015000 0.010000 -0.000000 0.049979 -0.000000]
tau[0:6]:[0.839771 0.130674 0.617691 0.624912 0.653099 -0.592692 0.265887]
kernel exec min/avg/max: 94.79 / 98.80 / 112.88 us, samples:31797
pressure status:1, copy rounds total/window:1532/11, 4.96 rounds/s
pressure logical copy:15320.00 MiB total, approx 49.58 MiB/s, checksum:2040151408640
pressure report window:2.218681 s
t0_region>
[1]:2762
[2]:94
[3]:811
[4]:7147
[5]:11367
[6]:6100
[7]:1649
[8]:382
[9]:214
[10]:343
[11]:441
[12]:291
[13]:105
[14]:33
[15]:13
[16]:9
[17]:9
[18]:10
[19]:3
[20]:6
[21]:1
[22]:1
[24]:4
[27]:2
[29]:1
[30]:1

t1_region>
[2]:174
[3]:2363
[4]:243
[5]:60
[6]:11
[7]:6
[8]:90
[9]:228
[10]:624
[11]:2361
[12]:4835
[13]:5393
[14]:5144
[15]:4310
[16]:2536
[17]:1136
[18]:432
[19]:228
[20]:215
[21]:301
[22]:402
[23]:285
[24]:142
[25]:53
[26]:39
[27]:36
[28]:18
[29]:29
[30]:19
[31]:16
[32]:16
[33]:17
[34]:11
[35]:7
[36]:6
[37]:7
[38]:4
[39]:1
[40]:1
[41]:2
[47]:1

t2_region>
[98]:527
[99]:1771
[100]:325
[101]:125
[102]:61
[103]:29
[104]:27
[105]:108
[106]:115
[107]:177
[108]:480
[109]:1797
[110]:4052
[111]:3826
[112]:2811
[113]:3163
[114]:3774
[115]:3356
[116]:1939
[117]:967
[118]:455
[119]:372
[120]:363
[121]:352
[122]:200
[123]:120
[124]:83
[125]:73
[126]:71
[127]:50
[128]:44
[129]:26
[130]:31
[131]:29
[132]:25
[133]:23
[134]:12
[135]:11
[136]:8
[137]:5
[138]:7
[139]:1
[140]:4
[141]:2
[142]:3
[143]:2
[144]:1
[148]:1
[152]:1

t0_min: 1.08 us, round:18500
t0_max: 30.92 us, round:20370
t0_jitter: 29.83 us

t1_min: 2.79 us, round:13407
t1_max: 47.83 us, round:20370
t1_jitter: 45.04 us

t2_min: 98.00 us, round:420
t2_max: 152.96 us, round:20319
t2_jitter: 54.96 us

PMU diff samples: 31812
AVG DIFF LL_CACHE_RD: 135.10
AVG DIFF LL_CACHE_MISS_RD: 94.69
AVG DIFF L2D_CACHE_REFILL: 94.73
AVG DIFF L2D_CACHE_INVAL: 0.00
[cur diff] DIFF LL_CACHE_RD: 58, DIFF LL_CACHE_MISS_RD: 0, MISS_RATE: 0.00%
[cur diff] DIFF L2D_CACHE_REFILL: 1
[cur diff] DIFF L2D_CACHE_INVAL: 0
[max diff] DIFF LL_CACHE_RD: 170, DIFF LL_CACHE_MISS_RD: 134, MISS_RATE: 78.82%
[max diff] DIFF L2D_CACHE_REFILL: 135
[max diff] DIFF L2D_CACHE_INVAL: 0

===========================================================
taskpendcnt:32016
t0:5958 ns
t1:15875 ns
t2:115333 ns
benchmark: Franka-derived Cartesian-impedance kernel, input trace:8, timer period:10.000 ms
controller source: franka_ros2 jazzy@73a1501d, updates:32027, SVD sweeps:5
pose error:[0.010000 0.015000 0.010000 -0.000000 0.049979 -0.000000]
tau[0:6]:[-1.839419 -0.921560 -1.193198 -1.195971 -0.861243 0.113634 -0.461388]
kernel exec min/avg/max: 94.79 / 98.80 / 112.88 us, samples:32019
pressure status:1, copy rounds total/window:1543/11, 4.96 rounds/s
pressure logical copy:15430.00 MiB total, approx 49.56 MiB/s, checksum:2054800015360
pressure report window:2.219642 s
t0_region>
[1]:2783
[2]:94
[3]:814
[4]:7201
[5]:11443
[6]:6146
[7]:1661
[8]:384
[9]:214
[10]:346
[11]:444
[12]:292
[13]:106
[14]:33
[15]:13
[16]:9
[17]:9
[18]:10
[19]:3
[20]:6
[21]:1
[22]:1
[24]:4
[27]:2
[29]:1
[30]:1

t1_region>
[2]:176
[3]:2380
[4]:245
[5]:60
[6]:11
[7]:6
[8]:90
[9]:228
[10]:626
[11]:2380
[12]:4877
[13]:5430
[14]:5178
[15]:4338
[16]:2555
[17]:1144
[18]:434
[19]:230
[20]:216
[21]:304
[22]:403
[23]:287
[24]:142
[25]:54
[26]:39
[27]:36
[28]:18
[29]:29
[30]:19
[31]:16
[32]:16
[33]:17
[34]:11
[35]:7
[36]:6
[37]:7
[38]:4
[39]:1
[40]:1
[41]:2
[47]:1

t2_region>
[98]:530
[99]:1785
[100]:328
[101]:126
[102]:61
[103]:29
[104]:27
[105]:108
[106]:115
[107]:177
[108]:480
[109]:1812
[110]:4090
[111]:3845
[112]:2829
[113]:3184
[114]:3804
[115]:3380
[116]:1954
[117]:977
[118]:457
[119]:374
[120]:366
[121]:354
[122]:201
[123]:120
[124]:83
[125]:73
[126]:71
[127]:51
[128]:44
[129]:26
[130]:31
[131]:29
[132]:25
[133]:23
[134]:12
[135]:11
[136]:8
[137]:5
[138]:7
[139]:1
[140]:4
[141]:2
[142]:3
[143]:2
[144]:1
[148]:1
[152]:1

t0_min: 1.08 us, round:18500
t0_max: 30.92 us, round:20370
t0_jitter: 29.83 us

t1_min: 2.79 us, round:13407
t1_max: 47.83 us, round:20370
t1_jitter: 45.04 us

t2_min: 98.00 us, round:420
t2_max: 152.96 us, round:20319
t2_jitter: 54.96 us

PMU diff samples: 32034
AVG DIFF LL_CACHE_RD: 135.09
AVG DIFF LL_CACHE_MISS_RD: 94.68
AVG DIFF L2D_CACHE_REFILL: 94.72
AVG DIFF L2D_CACHE_INVAL: 0.00
[cur diff] DIFF LL_CACHE_RD: 47, DIFF LL_CACHE_MISS_RD: 0, MISS_RATE: 0.00%
[cur diff] DIFF L2D_CACHE_REFILL: 1
[cur diff] DIFF L2D_CACHE_INVAL: 0
[max diff] DIFF LL_CACHE_RD: 170, DIFF LL_CACHE_MISS_RD: 134, MISS_RATE: 78.82%
[max diff] DIFF L2D_CACHE_REFILL: 135
[max diff] DIFF L2D_CACHE_INVAL: 0

===========================================================
taskpendcnt:32238
t0:4041 ns
t1:11625 ns
t2:110208 ns
benchmark: Franka-derived Cartesian-impedance kernel, input trace:8, timer period:10.000 ms
controller source: franka_ros2 jazzy@73a1501d, updates:32249, SVD sweeps:5
pose error:[0.010000 0.015000 0.010000 -0.000000 0.049979 -0.000000]
tau[0:6]:[-2.781770 -1.613002 -1.930139 -1.581803 -1.382951 -0.390599 -0.663394]
kernel exec min/avg/max: 94.79 / 98.80 / 112.88 us, samples:32241
pressure status:1, copy rounds total/window:1553/10, 4.51 rounds/s
pressure logical copy:15530.00 MiB total, approx 45.06 MiB/s, checksum:2068116930560
pressure report window:2.219330 s
t0_region>
[1]:2804
[2]:94
[3]:817
[4]:7251
[5]:11522
[6]:6192
[7]:1675
[8]:384
[9]:216
[10]:349
[11]:448
[12]:292
[13]:106
[14]:33
[15]:13
[16]:9
[17]:9
[18]:10
[19]:3
[20]:6
[21]:1
[22]:1
[24]:4
[27]:2
[29]:1
[30]:1

t1_region>
[2]:178
[3]:2398
[4]:246
[5]:60
[6]:11
[7]:6
[8]:90
[9]:228
[10]:628
[11]:2399
[12]:4908
[13]:5474
[14]:5210
[15]:4368
[16]:2581
[17]:1150
[18]:436
[19]:230
[20]:218
[21]:307
[22]:407
[23]:287
[24]:142
[25]:54
[26]:39
[27]:36
[28]:18
[29]:29
[30]:19
[31]:16
[32]:16
[33]:17
[34]:11
[35]:7
[36]:6
[37]:7
[38]:4
[39]:1
[40]:1
[41]:2
[47]:1

t2_region>
[98]:534
[99]:1801
[100]:328
[101]:127
[102]:61
[103]:29
[104]:27
[105]:108
[106]:115
[107]:177
[108]:482
[109]:1827
[110]:4115
[111]:3872
[112]:2850
[113]:3213
[114]:3827
[115]:3407
[116]:1969
[117]:984
[118]:458
[119]:376
[120]:369
[121]:357
[122]:201
[123]:120
[124]:83
[125]:74
[126]:71
[127]:51
[128]:44
[129]:26
[130]:31
[131]:29
[132]:25
[133]:23
[134]:12
[135]:11
[136]:8
[137]:5
[138]:7
[139]:1
[140]:4
[141]:2
[142]:3
[143]:2
[144]:1
[148]:1
[152]:1

t0_min: 1.08 us, round:18500
t0_max: 30.92 us, round:20370
t0_jitter: 29.83 us

t1_min: 2.79 us, round:13407
t1_max: 47.83 us, round:20370
t1_jitter: 45.04 us

t2_min: 98.00 us, round:420
t2_max: 152.96 us, round:20319
t2_jitter: 54.96 us

PMU diff samples: 32255
AVG DIFF LL_CACHE_RD: 135.09
AVG DIFF LL_CACHE_MISS_RD: 94.68
AVG DIFF L2D_CACHE_REFILL: 94.72
AVG DIFF L2D_CACHE_INVAL: 0.00
[cur diff] DIFF LL_CACHE_RD: 36, DIFF LL_CACHE_MISS_RD: 1, MISS_RATE: 2.78%
[cur diff] DIFF L2D_CACHE_REFILL: 1
[cur diff] DIFF L2D_CACHE_INVAL: 0
[max diff] DIFF LL_CACHE_RD: 170, DIFF LL_CACHE_MISS_RD: 134, MISS_RATE: 78.82%
[max diff] DIFF L2D_CACHE_REFILL: 135
[max diff] DIFF L2D_CACHE_INVAL: 0

===========================================================
taskpendcnt:32460
t0:6791 ns
t1:15250 ns
t2:113250 ns
benchmark: Franka-derived Cartesian-impedance kernel, input trace:8, timer period:10.000 ms
controller source: franka_ros2 jazzy@73a1501d, updates:32471, SVD sweeps:5
pose error:[0.010000 0.015000 0.010000 -0.000000 0.049979 -0.000000]
tau[0:6]:[1.376914 -0.104433 0.790225 0.843903 0.642107 -0.956178 0.423547]
kernel exec min/avg/max: 94.79 / 98.80 / 112.88 us, samples:32463
pressure status:1, copy rounds total/window:1564/11, 4.96 rounds/s
pressure logical copy:15640.00 MiB total, approx 49.55 MiB/s, checksum:2082765537280
pressure report window:2.219804 s
t0_region>
[1]:2825
[2]:94
[3]:825
[4]:7305
[5]:11596
[6]:6238
[7]:1684
[8]:385
[9]:216
[10]:351
[11]:454
[12]:293
[13]:106
[14]:33
[15]:13
[16]:9
[17]:9
[18]:10
[19]:3
[20]:6
[21]:1
[22]:1
[24]:4
[27]:2
[29]:1
[30]:1

t1_region>
[2]:179
[3]:2415
[4]:248
[5]:61
[6]:11
[7]:6
[8]:90
[9]:228
[10]:632
[11]:2417
[12]:4939
[13]:5517
[14]:5247
[15]:4403
[16]:2590
[17]:1162
[18]:438
[19]:230
[20]:220
[21]:311
[22]:410
[23]:288
[24]:142
[25]:54
[26]:39
[27]:36
[28]:18
[29]:29
[30]:19
[31]:16
[32]:16
[33]:17
[34]:11
[35]:7
[36]:6
[37]:7
[38]:4
[39]:1
[40]:1
[41]:2
[47]:1

t2_region>
[98]:536
[99]:1816
[100]:330
[101]:129
[102]:61
[103]:29
[104]:27
[105]:108
[106]:115
[107]:177
[108]:484
[109]:1838
[110]:4140
[111]:3906
[112]:2869
[113]:3236
[114]:3859
[115]:3429
[116]:1985
[117]:990
[118]:459
[119]:379
[120]:372
[121]:361
[122]:201
[123]:120
[124]:83
[125]:74
[126]:71
[127]:51
[128]:44
[129]:26
[130]:31
[131]:29
[132]:25
[133]:23
[134]:12
[135]:11
[136]:8
[137]:5
[138]:7
[139]:1
[140]:4
[141]:2
[142]:3
[143]:2
[144]:1
[148]:1
[152]:1

t0_min: 1.08 us, round:18500
t0_max: 30.92 us, round:20370
t0_jitter: 29.83 us

t1_min: 2.79 us, round:13407
t1_max: 47.83 us, round:20370
t1_jitter: 45.04 us

t2_min: 98.00 us, round:420
t2_max: 152.96 us, round:20319
t2_jitter: 54.96 us

PMU diff samples: 32477
AVG DIFF LL_CACHE_RD: 135.08
AVG DIFF LL_CACHE_MISS_RD: 94.67
AVG DIFF L2D_CACHE_REFILL: 94.71
AVG DIFF L2D_CACHE_INVAL: 0.00
[cur diff] DIFF LL_CACHE_RD: 35, DIFF LL_CACHE_MISS_RD: 0, MISS_RATE: 0.00%
[cur diff] DIFF L2D_CACHE_REFILL: 0
[cur diff] DIFF L2D_CACHE_INVAL: 0
[max diff] DIFF LL_CACHE_RD: 170, DIFF LL_CACHE_MISS_RD: 134, MISS_RATE: 78.82%
[max diff] DIFF L2D_CACHE_REFILL: 135
[max diff] DIFF L2D_CACHE_INVAL: 0

===========================================================
taskpendcnt:32682
t0:4583 ns
t1:13916 ns
t2:114833 ns
benchmark: Franka-derived Cartesian-impedance kernel, input trace:8, timer period:10.000 ms
controller source: franka_ros2 jazzy@73a1501d, updates:32693, SVD sweeps:5
pose error:[0.010000 0.015000 0.010000 -0.000000 0.049979 -0.000000]
tau[0:6]:[0.839771 0.130674 0.617691 0.624912 0.653099 -0.592692 0.265887]
kernel exec min/avg/max: 94.79 / 98.80 / 112.88 us, samples:32685
pressure status:1, copy rounds total/window:1575/11, 4.96 rounds/s
pressure logical copy:15750.00 MiB total, approx 49.57 MiB/s, checksum:2097414144000
pressure report window:2.219080 s
t0_region>
[1]:2846
[2]:94
[3]:828
[4]:7359
[5]:11675
[6]:6286
[7]:1693
[8]:385
[9]:217
[10]:354
[11]:456
[12]:295
[13]:106
[14]:33
[15]:13
[16]:9
[17]:9
[18]:10
[19]:3
[20]:6
[21]:1
[22]:1
[24]:4
[27]:2
[29]:1
[30]:1

t1_region>
[2]:179
[3]:2434
[4]:249
[5]:61
[6]:11
[7]:6
[8]:90
[9]:228
[10]:633
[11]:2435
[12]:4981
[13]:5548
[14]:5287
[15]:4436
[16]:2605
[17]:1170
[18]:443
[19]:231
[20]:220
[21]:312
[22]:414
[23]:290
[24]:142
[25]:54
[26]:39
[27]:36
[28]:18
[29]:29
[30]:19
[31]:16
[32]:16
[33]:17
[34]:11
[35]:7
[36]:6
[37]:7
[38]:4
[39]:1
[40]:1
[41]:2
[47]:1

t2_region>
[98]:540
[99]:1829
[100]:333
[101]:130
[102]:61
[103]:29
[104]:27
[105]:108
[106]:115
[107]:177
[108]:484
[109]:1853
[110]:4172
[111]:3933
[112]:2885
[113]:3259
[114]:3894
[115]:3453
[116]:1995
[117]:999
[118]:461
[119]:381
[120]:373
[121]:364
[122]:203
[123]:120
[124]:83
[125]:74
[126]:71
[127]:51
[128]:44
[129]:26
[130]:31
[131]:29
[132]:25
[133]:23
[134]:12
[135]:11
[136]:8
[137]:5
[138]:7
[139]:1
[140]:4
[141]:2
[142]:3
[143]:2
[144]:1
[148]:1
[152]:1

t0_min: 1.08 us, round:18500
t0_max: 30.92 us, round:20370
t0_jitter: 29.83 us

t1_min: 2.79 us, round:13407
t1_max: 47.83 us, round:20370
t1_jitter: 45.04 us

t2_min: 98.00 us, round:420
t2_max: 152.96 us, round:20319
t2_jitter: 54.96 us

PMU diff samples: 32699
AVG DIFF LL_CACHE_RD: 135.07
AVG DIFF LL_CACHE_MISS_RD: 94.66
AVG DIFF L2D_CACHE_REFILL: 94.70
AVG DIFF L2D_CACHE_INVAL: 0.00
[cur diff] DIFF LL_CACHE_RD: 36, DIFF LL_CACHE_MISS_RD: 0, MISS_RATE: 0.00%
[cur diff] DIFF L2D_CACHE_REFILL: 0
[cur diff] DIFF L2D_CACHE_INVAL: 0
[max diff] DIFF LL_CACHE_RD: 170, DIFF LL_CACHE_MISS_RD: 134, MISS_RATE: 78.82%
[max diff] DIFF L2D_CACHE_REFILL: 135
[max diff] DIFF L2D_CACHE_INVAL: 0

===========================================================
taskpendcnt:32904
t0:5000 ns
t1:11708 ns
t2:110000 ns
benchmark: Franka-derived Cartesian-impedance kernel, input trace:8, timer period:10.000 ms
controller source: franka_ros2 jazzy@73a1501d, updates:32915, SVD sweeps:5
pose error:[0.010000 0.015000 0.010000 -0.000000 0.049979 -0.000000]
tau[0:6]:[-1.839419 -0.921560 -1.193198 -1.195971 -0.861243 0.113634 -0.461388]
kernel exec min/avg/max: 94.79 / 98.80 / 112.88 us, samples:32907
pressure status:1, copy rounds total/window:1585/10, 4.51 rounds/s
pressure logical copy:15850.00 MiB total, approx 45.05 MiB/s, checksum:2110731059200
pressure report window:2.219643 s
t0_region>
[1]:2866
[2]:95
[3]:834
[4]:7406
[5]:11762
[6]:6323
[7]:1707
[8]:387
[9]:218
[10]:356
[11]:458
[12]:296
[13]:108
[14]:33
[15]:13
[16]:9
[17]:9
[18]:10
[19]:3
[20]:6
[21]:1
[22]:1
[24]:4
[27]:2
[29]:1
[30]:1

t1_region>
[2]:180
[3]:2452
[4]:250
[5]:61
[6]:11
[7]:6
[8]:91
[9]:229
[10]:639
[11]:2447
[12]:5016
[13]:5593
[14]:5327
[15]:4465
[16]:2620
[17]:1177
[18]:446
[19]:231
[20]:220
[21]:314
[22]:417
[23]:292
[24]:143
[25]:54
[26]:39
[27]:36
[28]:18
[29]:29
[30]:19
[31]:16
[32]:16
[33]:17
[34]:11
[35]:7
[36]:6
[37]:7
[38]:4
[39]:1
[40]:1
[41]:2
[47]:1

t2_region>
[98]:541
[99]:1841
[100]:338
[101]:131
[102]:62
[103]:29
[104]:27
[105]:108
[106]:116
[107]:177
[108]:490
[109]:1860
[110]:4199
[111]:3963
[112]:2912
[113]:3276
[114]:3924
[115]:3481
[116]:2006
[117]:1005
[118]:464
[119]:384
[120]:375
[121]:365
[122]:205
[123]:120
[124]:83
[125]:75
[126]:71
[127]:51
[128]:44
[129]:26
[130]:31
[131]:29
[132]:25
[133]:23
[134]:12
[135]:11
[136]:8
[137]:5
[138]:7
[139]:1
[140]:4
[141]:2
[142]:3
[143]:2
[144]:1
[148]:1
[152]:1

t0_min: 1.08 us, round:18500
t0_max: 30.92 us, round:20370
t0_jitter: 29.83 us

t1_min: 2.79 us, round:13407
t1_max: 47.83 us, round:20370
t1_jitter: 45.04 us

t2_min: 98.00 us, round:420
t2_max: 152.96 us, round:20319
t2_jitter: 54.96 us

PMU diff samples: 32921
AVG DIFF LL_CACHE_RD: 135.08
AVG DIFF LL_CACHE_MISS_RD: 94.67
AVG DIFF L2D_CACHE_REFILL: 94.70
AVG DIFF L2D_CACHE_INVAL: 0.00
[cur diff] DIFF LL_CACHE_RD: 61, DIFF LL_CACHE_MISS_RD: 0, MISS_RATE: 0.00%
[cur diff] DIFF L2D_CACHE_REFILL: 0
[cur diff] DIFF L2D_CACHE_INVAL: 0
[max diff] DIFF LL_CACHE_RD: 170, DIFF LL_CACHE_MISS_RD: 134, MISS_RATE: 78.82%
[max diff] DIFF L2D_CACHE_REFILL: 135
[max diff] DIFF L2D_CACHE_INVAL: 0

===========================================================
taskpendcnt:33126
t0:12708 ns
t1:23500 ns
t2:122083 ns
benchmark: Franka-derived Cartesian-impedance kernel, input trace:8, timer period:10.000 ms
controller source: franka_ros2 jazzy@73a1501d, updates:33137, SVD sweeps:5
pose error:[0.010000 0.015000 0.010000 -0.000000 0.049979 -0.000000]
tau[0:6]:[-2.781770 -1.613002 -1.930139 -1.581803 -1.382951 -0.390599 -0.663394]
kernel exec min/avg/max: 94.79 / 98.80 / 112.88 us, samples:33129
pressure status:1, copy rounds total/window:1596/11, 4.95 rounds/s
pressure logical copy:15960.00 MiB total, approx 49.54 MiB/s, checksum:2125379665920
pressure report window:2.220414 s
t0_region>
[1]:2886
[2]:95
[3]:839
[4]:7459
[5]:11838
[6]:6366
[7]:1720
[8]:388
[9]:218
[10]:358
[11]:461
[12]:301
[13]:109
[14]:33
[15]:13
[16]:9
[17]:9
[18]:10
[19]:3
[20]:6
[21]:1
[22]:1
[24]:4
[27]:2
[29]:1
[30]:1

t1_region>
[2]:181
[3]:2471
[4]:250
[5]:61
[6]:11
[7]:6
[8]:91
[9]:229
[10]:642
[11]:2462
[12]:5056
[13]:5631
[14]:5367
[15]:4488
[16]:2638
[17]:1184
[18]:452
[19]:233
[20]:220
[21]:314
[22]:419
[23]:299
[24]:143
[25]:54
[26]:39
[27]:36
[28]:18
[29]:29
[30]:19
[31]:16
[32]:16
[33]:18
[34]:11
[35]:7
[36]:6
[37]:7
[38]:4
[39]:1
[40]:1
[41]:2
[47]:1

t2_region>
[98]:542
[99]:1854
[100]:343
[101]:132
[102]:62
[103]:29
[104]:27
[105]:108
[106]:116
[107]:177
[108]:492
[109]:1876
[110]:4222
[111]:3994
[112]:2930
[113]:3297
[114]:3955
[115]:3504
[116]:2020
[117]:1011
[118]:470
[119]:385
[120]:375
[121]:368
[122]:210
[123]:120
[124]:83
[125]:76
[126]:71
[127]:51
[128]:44
[129]:26
[130]:31
[131]:29
[132]:25
[133]:23
[134]:12
[135]:11
[136]:8
[137]:5
[138]:7
[139]:1
[140]:4
[141]:3
[142]:3
[143]:2
[144]:1
[148]:1
[152]:1

t0_min: 1.08 us, round:18500
t0_max: 30.92 us, round:20370
t0_jitter: 29.83 us

t1_min: 2.79 us, round:13407
t1_max: 47.83 us, round:20370
t1_jitter: 45.04 us

t2_min: 98.00 us, round:420
t2_max: 152.96 us, round:20319
t2_jitter: 54.96 us

PMU diff samples: 33143
AVG DIFF LL_CACHE_RD: 135.09
AVG DIFF LL_CACHE_MISS_RD: 94.67
AVG DIFF L2D_CACHE_REFILL: 94.71
AVG DIFF L2D_CACHE_INVAL: 0.00
[cur diff] DIFF LL_CACHE_RD: 45, DIFF LL_CACHE_MISS_RD: 0, MISS_RATE: 0.00%
[cur diff] DIFF L2D_CACHE_REFILL: 0
[cur diff] DIFF L2D_CACHE_INVAL: 0
[max diff] DIFF LL_CACHE_RD: 170, DIFF LL_CACHE_MISS_RD: 134, MISS_RATE: 78.82%
[max diff] DIFF L2D_CACHE_REFILL: 135
[max diff] DIFF L2D_CACHE_INVAL: 0

===========================================================
taskpendcnt:33348
t0:5541 ns
t1:14000 ns
t2:114041 ns
benchmark: Franka-derived Cartesian-impedance kernel, input trace:8, timer period:10.000 ms
controller source: franka_ros2 jazzy@73a1501d, updates:33359, SVD sweeps:5
pose error:[0.010000 0.015000 0.010000 -0.000000 0.049979 -0.000000]
tau[0:6]:[1.376914 -0.104433 0.790225 0.843903 0.642107 -0.956178 0.423547]
kernel exec min/avg/max: 94.79 / 98.80 / 112.88 us, samples:33351
pressure status:1, copy rounds total/window:1607/11, 4.96 rounds/s
pressure logical copy:16070.00 MiB total, approx 49.56 MiB/s, checksum:2140028272640
pressure report window:2.219717 s
t0_region>
[1]:2906
[2]:95
[3]:846
[4]:7506
[5]:11921
[6]:6407
[7]:1732
[8]:392
[9]:218
[10]:362
[11]:462
[12]:303
[13]:109
[14]:33
[15]:14
[16]:9
[17]:9
[18]:10
[19]:3
[20]:6
[21]:1
[22]:1
[24]:4
[27]:2
[29]:1
[30]:1

t1_region>
[2]:183
[3]:2488
[4]:251
[5]:61
[6]:11
[7]:6
[8]:91
[9]:230
[10]:647
[11]:2480
[12]:5089
[13]:5672
[14]:5402
[15]:4523
[16]:2655
[17]:1189
[18]:455
[19]:234
[20]:221
[21]:316
[22]:420
[23]:302
[24]:143
[25]:54
[26]:39
[27]:36
[28]:18
[29]:29
[30]:19
[31]:16
[32]:17
[33]:18
[34]:11
[35]:7
[36]:6
[37]:7
[38]:4
[39]:1
[40]:1
[41]:2
[47]:1

t2_region>
[98]:545
[99]:1867
[100]:347
[101]:132
[102]:62
[103]:29
[104]:27
[105]:108
[106]:116
[107]:177
[108]:492
[109]:1893
[110]:4255
[111]:4014
[112]:2948
[113]:3328
[114]:3988
[115]:3525
[116]:2031
[117]:1015
[118]:475
[119]:388
[120]:375
[121]:371
[122]:211
[123]:121
[124]:83
[125]:76
[126]:71
[127]:51
[128]:44
[129]:26
[130]:31
[131]:29
[132]:25
[133]:24
[134]:12
[135]:11
[136]:8
[137]:5
[138]:7
[139]:1
[140]:4
[141]:3
[142]:3
[143]:2
[144]:1
[148]:1
[152]:1

t0_min: 1.08 us, round:18500
t0_max: 30.92 us, round:20370
t0_jitter: 29.83 us

t1_min: 2.79 us, round:13407
t1_max: 47.83 us, round:20370
t1_jitter: 45.04 us

t2_min: 98.00 us, round:420
t2_max: 152.96 us, round:20319
t2_jitter: 54.96 us

PMU diff samples: 33365
AVG DIFF LL_CACHE_RD: 135.08
AVG DIFF LL_CACHE_MISS_RD: 94.66
AVG DIFF L2D_CACHE_REFILL: 94.70
AVG DIFF L2D_CACHE_INVAL: 0.00
[cur diff] DIFF LL_CACHE_RD: 45, DIFF LL_CACHE_MISS_RD: 0, MISS_RATE: 0.00%
[cur diff] DIFF L2D_CACHE_REFILL: 0
[cur diff] DIFF L2D_CACHE_INVAL: 0
[max diff] DIFF LL_CACHE_RD: 170, DIFF LL_CACHE_MISS_RD: 134, MISS_RATE: 78.82%
[max diff] DIFF L2D_CACHE_REFILL: 135
[max diff] DIFF L2D_CACHE_INVAL: 0

===========================================================
taskpendcnt:33570
t0:4791 ns
t1:13250 ns
t2:112125 ns
benchmark: Franka-derived Cartesian-impedance kernel, input trace:8, timer period:10.000 ms
controller source: franka_ros2 jazzy@73a1501d, updates:33581, SVD sweeps:5
pose error:[0.010000 0.015000 0.010000 -0.000000 0.049979 -0.000000]
tau[0:6]:[0.839771 0.130674 0.617691 0.624912 0.653099 -0.592692 0.265887]
kernel exec min/avg/max: 94.79 / 98.80 / 112.88 us, samples:33573
pressure status:1, copy rounds total/window:1617/10, 4.51 rounds/s
pressure logical copy:16170.00 MiB total, approx 45.06 MiB/s, checksum:2153345187840
pressure report window:2.219188 s
t0_region>
[1]:2925
[2]:97
[3]:851
[4]:7559
[5]:12001
[6]:6448
[7]:1739
[8]:394
[9]:221
[10]:366
[11]:466
[12]:303
[13]:110
[14]:33
[15]:14
[16]:9
[17]:10
[18]:10
[19]:3
[20]:6
[21]:1
[22]:1
[24]:4
[27]:2
[29]:1
[30]:1

t1_region>
[2]:184
[3]:2506
[4]:252
[5]:61
[6]:11
[7]:6
[8]:93
[9]:230
[10]:656
[11]:2503
[12]:5122
[13]:5707
[14]:5432
[15]:4548
[16]:2675
[17]:1197
[18]:458
[19]:235
[20]:222
[21]:321
[22]:422
[23]:304
[24]:143
[25]:54
[26]:39
[27]:36
[28]:18
[29]:30
[30]:19
[31]:16
[32]:17
[33]:19
[34]:11
[35]:7
[36]:6
[37]:8
[38]:4
[39]:1
[40]:1
[41]:2
[47]:1

t2_region>
[98]:547
[99]:1882
[100]:349
[101]:133
[102]:62
[103]:29
[104]:27
[105]:108
[106]:116
[107]:178
[108]:502
[109]:1911
[110]:4274
[111]:4043
[112]:2970
[113]:3345
[114]:4016
[115]:3544
[116]:2043
[117]:1024
[118]:479
[119]:391
[120]:376
[121]:375
[122]:212
[123]:122
[124]:84
[125]:76
[126]:71
[127]:51
[128]:44
[129]:26
[130]:31
[131]:29
[132]:26
[133]:25
[134]:12
[135]:11
[136]:8
[137]:5
[138]:7
[139]:1
[140]:5
[141]:3
[142]:3
[143]:2
[144]:1
[148]:1
[152]:1

t0_min: 1.08 us, round:18500
t0_max: 30.92 us, round:20370
t0_jitter: 29.83 us

t1_min: 2.79 us, round:13407
t1_max: 47.83 us, round:20370
t1_jitter: 45.04 us

t2_min: 98.00 us, round:420
t2_max: 152.96 us, round:20319
t2_jitter: 54.96 us

PMU diff samples: 33587
AVG DIFF LL_CACHE_RD: 135.07
AVG DIFF LL_CACHE_MISS_RD: 94.65
AVG DIFF L2D_CACHE_REFILL: 94.69
AVG DIFF L2D_CACHE_INVAL: 0.00
[cur diff] DIFF LL_CACHE_RD: 33, DIFF LL_CACHE_MISS_RD: 1, MISS_RATE: 3.03%
[cur diff] DIFF L2D_CACHE_REFILL: 1
[cur diff] DIFF L2D_CACHE_INVAL: 0
[max diff] DIFF LL_CACHE_RD: 170, DIFF LL_CACHE_MISS_RD: 134, MISS_RATE: 78.82%
[max diff] DIFF L2D_CACHE_REFILL: 135
[max diff] DIFF L2D_CACHE_INVAL: 0

===========================================================
taskpendcnt:33792
t0:4916 ns
t1:14833 ns
t2:113416 ns
benchmark: Franka-derived Cartesian-impedance kernel, input trace:8, timer period:10.000 ms
controller source: franka_ros2 jazzy@73a1501d, updates:33803, SVD sweeps:5
pose error:[0.010000 0.015000 0.010000 -0.000000 0.049979 -0.000000]
tau[0:6]:[-1.839419 -0.921560 -1.193198 -1.195971 -0.861243 0.113634 -0.461388]
kernel exec min/avg/max: 94.79 / 98.80 / 112.88 us, samples:33795
pressure status:1, copy rounds total/window:1628/11, 4.95 rounds/s
pressure logical copy:16280.00 MiB total, approx 49.55 MiB/s, checksum:2167993794560
pressure report window:2.219993 s
t0_region>
[1]:2945
[2]:98
[3]:861
[4]:7594
[5]:12066
[6]:6479
[7]:1765
[8]:405
[9]:228
[10]:369
[11]:467
[12]:308
[13]:114
[14]:34
[15]:15
[16]:10
[17]:10
[18]:10
[19]:3
[20]:6
[21]:1
[22]:1
[24]:4
[27]:2
[29]:1
[30]:1

t1_region>
[2]:185
[3]:2524
[4]:253
[5]:61
[6]:12
[7]:6
[8]:95
[9]:236
[10]:662
[11]:2517
[12]:5144
[13]:5727
[14]:5450
[15]:4574
[16]:2693
[17]:1214
[18]:474
[19]:243
[20]:226
[21]:324
[22]:425
[23]:305
[24]:145
[25]:56
[26]:42
[27]:38
[28]:19
[29]:31
[30]:21
[31]:16
[32]:19
[33]:20
[34]:12
[35]:7
[36]:6
[37]:8
[38]:4
[39]:1
[40]:1
[41]:2
[47]:1

t2_region>
[98]:548
[99]:1898
[100]:351
[101]:133
[102]:63
[103]:29
[104]:27
[105]:109
[106]:119
[107]:183
[108]:504
[109]:1920
[110]:4289
[111]:4058
[112]:2982
[113]:3358
[114]:4038
[115]:3558
[116]:2058
[117]:1038
[118]:492
[119]:403
[120]:381
[121]:383
[122]:213
[123]:125
[124]:87
[125]:77
[126]:72
[127]:53
[128]:45
[129]:28
[130]:32
[131]:31
[132]:28
[133]:25
[134]:15
[135]:11
[136]:9
[137]:5
[138]:8
[139]:1
[140]:5
[141]:3
[142]:3
[143]:2
[144]:1
[148]:1
[152]:1

t0_min: 1.08 us, round:18500
t0_max: 30.92 us, round:20370
t0_jitter: 29.83 us

t1_min: 2.79 us, round:13407
t1_max: 47.83 us, round:20370
t1_jitter: 45.04 us

t2_min: 98.00 us, round:420
t2_max: 152.96 us, round:20319
t2_jitter: 54.96 us

PMU diff samples: 33809
AVG DIFF LL_CACHE_RD: 135.06
AVG DIFF LL_CACHE_MISS_RD: 94.63
AVG DIFF L2D_CACHE_REFILL: 94.67
AVG DIFF L2D_CACHE_INVAL: 0.00
[cur diff] DIFF LL_CACHE_RD: 35, DIFF LL_CACHE_MISS_RD: 0, MISS_RATE: 0.00%
[cur diff] DIFF L2D_CACHE_REFILL: 0
[cur diff] DIFF L2D_CACHE_INVAL: 0
[max diff] DIFF LL_CACHE_RD: 170, DIFF LL_CACHE_MISS_RD: 134, MISS_RATE: 78.82%
[max diff] DIFF L2D_CACHE_REFILL: 135
[max diff] DIFF L2D_CACHE_INVAL: 0

===========================================================
taskpendcnt:34014
t0:6208 ns
t1:13500 ns
t2:111791 ns
benchmark: Franka-derived Cartesian-impedance kernel, input trace:8, timer period:10.000 ms
controller source: franka_ros2 jazzy@73a1501d, updates:34025, SVD sweeps:5
pose error:[0.010000 0.015000 0.010000 -0.000000 0.049979 -0.000000]
tau[0:6]:[-2.781770 -1.613002 -1.930139 -1.581803 -1.382951 -0.390599 -0.663394]
kernel exec min/avg/max: 94.79 / 98.80 / 112.88 us, samples:34017
pressure status:1, copy rounds total/window:1638/10, 4.50 rounds/s
pressure logical copy:16380.00 MiB total, approx 45.04 MiB/s, checksum:2181310709760
pressure report window:2.220302 s
t0_region>
[1]:2964
[2]:100
[3]:868
[4]:7648
[5]:12148
[6]:6516
[7]:1774
[8]:408
[9]:228
[10]:370
[11]:471
[12]:312
[13]:114
[14]:34
[15]:15
[16]:10
[17]:10
[18]:10
[19]:3
[20]:6
[21]:1
[22]:1
[24]:4
[27]:2
[29]:1
[30]:1

t1_region>
[2]:185
[3]:2542
[4]:255
[5]:61
[6]:13
[7]:6
[8]:95
[9]:236
[10]:663
[11]:2540
[12]:5176
[13]:5768
[14]:5487
[15]:4602
[16]:2709
[17]:1223
[18]:478
[19]:243
[20]:227
[21]:327
[22]:428
[23]:308
[24]:145
[25]:56
[26]:42
[27]:38
[28]:19
[29]:31
[30]:21
[31]:16
[32]:19
[33]:20
[34]:12
[35]:7
[36]:6
[37]:8
[38]:4
[39]:1
[40]:1
[41]:2
[47]:1

t2_region>
[98]:548
[99]:1915
[100]:353
[101]:133
[102]:64
[103]:29
[104]:28
[105]:109
[106]:119
[107]:184
[108]:505
[109]:1940
[110]:4315
[111]:4083
[112]:3002
[113]:3381
[114]:4064
[115]:3581
[116]:2075
[117]:1044
[118]:494
[119]:407
[120]:383
[121]:385
[122]:214
[123]:125
[124]:87
[125]:79
[126]:72
[127]:53
[128]:45
[129]:28
[130]:32
[131]:31
[132]:28
[133]:25
[134]:15
[135]:11
[136]:9
[137]:5
[138]:8
[139]:1
[140]:5
[141]:3
[142]:3
[143]:2
[144]:1
[148]:1
[152]:1

t0_min: 1.08 us, round:18500
t0_max: 30.92 us, round:20370
t0_jitter: 29.83 us

t1_min: 2.79 us, round:13407
t1_max: 47.83 us, round:20370
t1_jitter: 45.04 us

t2_min: 98.00 us, round:420
t2_max: 152.96 us, round:20319
t2_jitter: 54.96 us

PMU diff samples: 34031
AVG DIFF LL_CACHE_RD: 135.05
AVG DIFF LL_CACHE_MISS_RD: 94.63
AVG DIFF L2D_CACHE_REFILL: 94.67
AVG DIFF L2D_CACHE_INVAL: 0.00
[cur diff] DIFF LL_CACHE_RD: 32, DIFF LL_CACHE_MISS_RD: 0, MISS_RATE: 0.00%
[cur diff] DIFF L2D_CACHE_REFILL: 0
[cur diff] DIFF L2D_CACHE_INVAL: 0
[max diff] DIFF LL_CACHE_RD: 170, DIFF LL_CACHE_MISS_RD: 134, MISS_RATE: 78.82%
[max diff] DIFF L2D_CACHE_REFILL: 135
[max diff] DIFF L2D_CACHE_INVAL: 0

===========================================================
taskpendcnt:34236
t0:5750 ns
t1:13333 ns
t2:111625 ns
benchmark: Franka-derived Cartesian-impedance kernel, input trace:8, timer period:10.000 ms
controller source: franka_ros2 jazzy@73a1501d, updates:34247, SVD sweeps:5
pose error:[0.010000 0.015000 0.010000 -0.000000 0.049979 -0.000000]
tau[0:6]:[1.376914 -0.104433 0.790225 0.843903 0.642107 -0.956178 0.423547]
kernel exec min/avg/max: 94.79 / 98.80 / 112.88 us, samples:34239
pressure status:1, copy rounds total/window:1649/11, 4.96 rounds/s
pressure logical copy:16490.00 MiB total, approx 49.55 MiB/s, checksum:2195959316480
pressure report window:2.219843 s
t0_region>
[1]:2984
[2]:100
[3]:872
[4]:7704
[5]:12226
[6]:6557
[7]:1784
[8]:411
[9]:230
[10]:372
[11]:474
[12]:315
[13]:114
[14]:34
[15]:15
[16]:10
[17]:10
[18]:10
[19]:3
[20]:6
[21]:1
[22]:1
[24]:4
[27]:2
[29]:1
[30]:1

t1_region>
[2]:186
[3]:2560
[4]:256
[5]:61
[6]:13
[7]:6
[8]:96
[9]:236
[10]:665
[11]:2549
[12]:5216
[13]:5815
[14]:5523
[15]:4622
[16]:2737
[17]:1231
[18]:478
[19]:247
[20]:227
[21]:328
[22]:431
[23]:310
[24]:146
[25]:56
[26]:42
[27]:38
[28]:19
[29]:31
[30]:21
[31]:16
[32]:19
[33]:20
[34]:12
[35]:7
[36]:6
[37]:8
[38]:4
[39]:1
[40]:1
[41]:2
[47]:1

t2_region>
[98]:552
[99]:1928
[100]:354
[101]:135
[102]:64
[103]:29
[104]:28
[105]:109
[106]:119
[107]:185
[108]:507
[109]:1952
[110]:4336
[111]:4119
[112]:3020
[113]:3406
[114]:4089
[115]:3606
[116]:2098
[117]:1049
[118]:496
[119]:408
[120]:385
[121]:386
[122]:215
[123]:126
[124]:88
[125]:79
[126]:72
[127]:53
[128]:45
[129]:28
[130]:32
[131]:31
[132]:28
[133]:25
[134]:15
[135]:11
[136]:9
[137]:5
[138]:8
[139]:1
[140]:5
[141]:3
[142]:3
[143]:2
[144]:1
[148]:1
[152]:1

t0_min: 1.08 us, round:18500
t0_max: 30.92 us, round:20370
t0_jitter: 29.83 us

t1_min: 2.79 us, round:13407
t1_max: 47.83 us, round:20370
t1_jitter: 45.04 us

t2_min: 98.00 us, round:420
t2_max: 152.96 us, round:20319
t2_jitter: 54.96 us

PMU diff samples: 34253
AVG DIFF LL_CACHE_RD: 135.04
AVG DIFF LL_CACHE_MISS_RD: 94.63
AVG DIFF L2D_CACHE_REFILL: 94.66
AVG DIFF L2D_CACHE_INVAL: 0.00
[cur diff] DIFF LL_CACHE_RD: 40, DIFF LL_CACHE_MISS_RD: 0, MISS_RATE: 0.00%
[cur diff] DIFF L2D_CACHE_REFILL: 0
[cur diff] DIFF L2D_CACHE_INVAL: 0
[max diff] DIFF LL_CACHE_RD: 170, DIFF LL_CACHE_MISS_RD: 134, MISS_RATE: 78.82%
[max diff] DIFF L2D_CACHE_REFILL: 135
[max diff] DIFF L2D_CACHE_INVAL: 0

===========================================================
taskpendcnt:34458
t0:6458 ns
t1:16083 ns
t2:120791 ns
benchmark: Franka-derived Cartesian-impedance kernel, input trace:8, timer period:10.000 ms
controller source: franka_ros2 jazzy@73a1501d, updates:34469, SVD sweeps:5
pose error:[0.010000 0.015000 0.010000 -0.000000 0.049979 -0.000000]
tau[0:6]:[0.839771 0.130674 0.617691 0.624912 0.653099 -0.592692 0.265887]
kernel exec min/avg/max: 94.79 / 98.80 / 112.88 us, samples:34461
pressure status:1, copy rounds total/window:1660/11, 4.96 rounds/s
pressure logical copy:16600.00 MiB total, approx 49.57 MiB/s, checksum:2210607923200
pressure report window:2.219246 s
t0_region>
[1]:3005
[2]:100
[3]:876
[4]:7749
[5]:12312
[6]:6601
[7]:1796
[8]:412
[9]:231
[10]:375
[11]:477
[12]:316
[13]:115
[14]:34
[15]:15
[16]:10
[17]:10
[18]:10
[19]:3
[20]:6
[21]:1
[22]:1
[24]:4
[27]:2
[29]:1
[30]:1

t1_region>
[2]:189
[3]:2575
[4]:258
[5]:62
[6]:13
[7]:6
[8]:96
[9]:236
[10]:666
[11]:2563
[12]:5258
[13]:5856
[14]:5553
[15]:4660
[16]:2757
[17]:1231
[18]:484
[19]:247
[20]:227
[21]:330
[22]:434
[23]:313
[24]:147
[25]:56
[26]:42
[27]:38
[28]:19
[29]:31
[30]:21
[31]:16
[32]:19
[33]:20
[34]:12
[35]:7
[36]:6
[37]:8
[38]:4
[39]:1
[40]:1
[41]:2
[47]:1

t2_region>
[98]:554
[99]:1940
[100]:358
[101]:136
[102]:65
[103]:29
[104]:28
[105]:110
[106]:119
[107]:185
[108]:509
[109]:1964
[110]:4360
[111]:4159
[112]:3042
[113]:3421
[114]:4115
[115]:3631
[116]:2113
[117]:1056
[118]:499
[119]:410
[120]:387
[121]:390
[122]:216
[123]:126
[124]:88
[125]:79
[126]:72
[127]:54
[128]:45
[129]:28
[130]:32
[131]:31
[132]:28
[133]:25
[134]:15
[135]:11
[136]:9
[137]:5
[138]:8
[139]:1
[140]:5
[141]:3
[142]:3
[143]:2
[144]:1
[148]:1
[152]:1

t0_min: 1.08 us, round:18500
t0_max: 30.92 us, round:20370
t0_jitter: 29.83 us

t1_min: 2.79 us, round:13407
t1_max: 47.83 us, round:20370
t1_jitter: 45.04 us

t2_min: 98.00 us, round:420
t2_max: 152.96 us, round:20319
t2_jitter: 54.96 us

PMU diff samples: 34475
AVG DIFF LL_CACHE_RD: 135.04
AVG DIFF LL_CACHE_MISS_RD: 94.62
AVG DIFF L2D_CACHE_REFILL: 94.66
AVG DIFF L2D_CACHE_INVAL: 0.00
[cur diff] DIFF LL_CACHE_RD: 36, DIFF LL_CACHE_MISS_RD: 0, MISS_RATE: 0.00%
[cur diff] DIFF L2D_CACHE_REFILL: 0
[cur diff] DIFF L2D_CACHE_INVAL: 0
[max diff] DIFF LL_CACHE_RD: 170, DIFF LL_CACHE_MISS_RD: 134, MISS_RATE: 78.82%
[max diff] DIFF L2D_CACHE_REFILL: 135
[max diff] DIFF L2D_CACHE_INVAL: 0

===========================================================
taskpendcnt:34679
t0:4250 ns
t1:11250 ns
t2:110125 ns
benchmark: Franka-derived Cartesian-impedance kernel, input trace:8, timer period:10.000 ms
controller source: franka_ros2 jazzy@73a1501d, updates:34691, SVD sweeps:5
pose error:[0.010000 0.015000 0.010000 -0.000000 0.049979 -0.000000]
tau[0:6]:[-1.839419 -0.921560 -1.193198 -1.195971 -0.861243 0.113634 -0.461388]
kernel exec min/avg/max: 94.79 / 98.80 / 112.88 us, samples:34683
pressure status:1, copy rounds total/window:1670/10, 4.51 rounds/s
pressure logical copy:16700.00 MiB total, approx 45.05 MiB/s, checksum:2223924838400
pressure report window:2.219560 s
t0_region>
[1]:3025
[2]:101
[3]:880
[4]:7792
[5]:12398
[6]:6644
[7]:1810
[8]:415
[9]:232
[10]:377
[11]:480
[12]:318
[13]:115
[14]:34
[15]:15
[16]:10
[17]:10
[18]:10
[19]:3
[20]:6
[21]:1
[22]:1
[24]:4
[27]:2
[29]:1
[30]:1

t1_region>
[2]:190
[3]:2593
[4]:259
[5]:63
[6]:13
[7]:6
[8]:96
[9]:236
[10]:667
[11]:2583
[12]:5281
[13]:5917
[14]:5578
[15]:4689
[16]:2779
[17]:1239
[18]:487
[19]:247
[20]:229
[21]:331
[22]:439
[23]:314
[24]:147
[25]:56
[26]:42
[27]:38
[28]:19
[29]:31
[30]:21
[31]:16
[32]:19
[33]:20
[34]:12
[35]:7
[36]:6
[37]:8
[38]:4
[39]:1
[40]:1
[41]:2
[47]:1

t2_region>
[98]:557
[99]:1955
[100]:359
[101]:137
[102]:65
[103]:30
[104]:28
[105]:110
[106]:119
[107]:185
[108]:509
[109]:1979
[110]:4379
[111]:4204
[112]:3061
[113]:3435
[114]:4141
[115]:3658
[116]:2128
[117]:1062
[118]:504
[119]:412
[120]:390
[121]:394
[122]:216
[123]:126
[124]:88
[125]:80
[126]:72
[127]:54
[128]:45
[129]:28
[130]:32
[131]:31
[132]:28
[133]:25
[134]:15
[135]:11
[136]:9
[137]:5
[138]:8
[139]:1
[140]:5
[141]:3
[142]:3
[143]:2
[144]:1
[148]:1
[152]:1

t0_min: 1.08 us, round:18500
t0_max: 30.92 us, round:20370
t0_jitter: 29.83 us

t1_min: 2.79 us, round:13407
t1_max: 47.83 us, round:20370
t1_jitter: 45.04 us

t2_min: 98.00 us, round:420
t2_max: 152.96 us, round:20319
t2_jitter: 54.96 us

PMU diff samples: 34697
AVG DIFF LL_CACHE_RD: 135.03
AVG DIFF LL_CACHE_MISS_RD: 94.62
AVG DIFF L2D_CACHE_REFILL: 94.65
AVG DIFF L2D_CACHE_INVAL: 0.00
[cur diff] DIFF LL_CACHE_RD: 32, DIFF LL_CACHE_MISS_RD: 0, MISS_RATE: 0.00%
[cur diff] DIFF L2D_CACHE_REFILL: 0
[cur diff] DIFF L2D_CACHE_INVAL: 0
[max diff] DIFF LL_CACHE_RD: 170, DIFF LL_CACHE_MISS_RD: 134, MISS_RATE: 78.82%
[max diff] DIFF L2D_CACHE_REFILL: 135
[max diff] DIFF L2D_CACHE_INVAL: 0

===========================================================
taskpendcnt:34901
t0:4666 ns
t1:13125 ns
t2:111708 ns
benchmark: Franka-derived Cartesian-impedance kernel, input trace:8, timer period:10.000 ms
controller source: franka_ros2 jazzy@73a1501d, updates:34913, SVD sweeps:5
pose error:[0.010000 0.015000 0.010000 -0.000000 0.049979 -0.000000]
tau[0:6]:[-2.781770 -1.613002 -1.930139 -1.581803 -1.382951 -0.390599 -0.663394]
kernel exec min/avg/max: 94.79 / 98.80 / 112.88 us, samples:34905
pressure status:1, copy rounds total/window:1681/11, 4.95 rounds/s
pressure logical copy:16810.00 MiB total, approx 49.54 MiB/s, checksum:2238573445120
pressure report window:2.220332 s
t0_region>
[1]:3044
[2]:103
[3]:880
[4]:7840
[5]:12484
[6]:6686
[7]:1821
[8]:419
[9]:235
[10]:378
[11]:483
[12]:320
[13]:116
[14]:34
[15]:15
[16]:10
[17]:10
[18]:10
[19]:3
[20]:6
[21]:1
[22]:1
[24]:4
[27]:2
[29]:1
[30]:1

t1_region>
[2]:192
[3]:2610
[4]:260
[5]:64
[6]:13
[7]:6
[8]:96
[9]:236
[10]:669
[11]:2593
[12]:5323
[13]:5953
[14]:5617
[15]:4727
[16]:2794
[17]:1245
[18]:490
[19]:249
[20]:231
[21]:331
[22]:442
[23]:317
[24]:147
[25]:56
[26]:42
[27]:38
[28]:19
[29]:31
[30]:21
[31]:16
[32]:19
[33]:20
[34]:12
[35]:7
[36]:6
[37]:8
[38]:4
[39]:1
[40]:1
[41]:2
[47]:1

t2_region>
[98]:560
[99]:1969
[100]:361
[101]:138
[102]:65
[103]:31
[104]:28
[105]:110
[106]:119
[107]:185
[108]:511
[109]:1987
[110]:4411
[111]:4231
[112]:3081
[113]:3458
[114]:4167
[115]:3690
[116]:2140
[117]:1072
[118]:505
[119]:413
[120]:393
[121]:396
[122]:217
[123]:126
[124]:89
[125]:80
[126]:72
[127]:54
[128]:45
[129]:28
[130]:32
[131]:31
[132]:28
[133]:25
[134]:15
[135]:11
[136]:9
[137]:5
[138]:8
[139]:1
[140]:5
[141]:3
[142]:3
[143]:2
[144]:1
[148]:1
[152]:1

t0_min: 1.08 us, round:18500
t0_max: 30.92 us, round:20370
t0_jitter: 29.83 us

t1_min: 2.79 us, round:13407
t1_max: 47.83 us, round:20370
t1_jitter: 45.04 us

t2_min: 98.00 us, round:420
t2_max: 152.96 us, round:20319
t2_jitter: 54.96 us

PMU diff samples: 34919
AVG DIFF LL_CACHE_RD: 135.03
AVG DIFF LL_CACHE_MISS_RD: 94.61
AVG DIFF L2D_CACHE_REFILL: 94.65
AVG DIFF L2D_CACHE_INVAL: 0.00
[cur diff] DIFF LL_CACHE_RD: 40, DIFF LL_CACHE_MISS_RD: 0, MISS_RATE: 0.00%
[cur diff] DIFF L2D_CACHE_REFILL: 0
[cur diff] DIFF L2D_CACHE_INVAL: 0
[max diff] DIFF LL_CACHE_RD: 170, DIFF LL_CACHE_MISS_RD: 134, MISS_RATE: 78.82%
[max diff] DIFF L2D_CACHE_REFILL: 135
[max diff] DIFF L2D_CACHE_INVAL: 0

===========================================================
taskpendcnt:35123
t0:4791 ns
t1:13833 ns
t2:114166 ns
benchmark: Franka-derived Cartesian-impedance kernel, input trace:8, timer period:10.000 ms
controller source: franka_ros2 jazzy@73a1501d, updates:35135, SVD sweeps:5
pose error:[0.010000 0.015000 0.010000 -0.000000 0.049979 -0.000000]
tau[0:6]:[1.376914 -0.104433 0.790225 0.843903 0.642107 -0.956178 0.423547]
kernel exec min/avg/max: 94.79 / 98.80 / 112.88 us, samples:35127
pressure status:1, copy rounds total/window:1692/11, 4.96 rounds/s
pressure logical copy:16920.00 MiB total, approx 49.55 MiB/s, checksum:2253222051840
pressure report window:2.219785 s
t0_region>
[1]:3064
[2]:104
[3]:886
[4]:7888
[5]:12561
[6]:6738
[7]:1830
[8]:419
[9]:235
[10]:380
[11]:489
[12]:321
[13]:116
[14]:34
[15]:15
[16]:10
[17]:10
[18]:10
[19]:3
[20]:6
[21]:1
[22]:1
[24]:4
[27]:2
[29]:1
[30]:1

t1_region>
[2]:193
[3]:2627
[4]:262
[5]:64
[6]:14
[7]:6
[8]:96
[9]:236
[10]:675
[11]:2607
[12]:5360
[13]:5998
[14]:5650
[15]:4750
[16]:2815
[17]:1255
[18]:493
[19]:249
[20]:232
[21]:332
[22]:445
[23]:320
[24]:148
[25]:56
[26]:42
[27]:38
[28]:19
[29]:31
[30]:21
[31]:16
[32]:19
[33]:20
[34]:12
[35]:7
[36]:6
[37]:8
[38]:4
[39]:1
[40]:1
[41]:2
[47]:1

t2_region>
[98]:565
[99]:1982
[100]:361
[101]:140
[102]:65
[103]:32
[104]:28
[105]:110
[106]:119
[107]:186
[108]:514
[109]:2000
[110]:4437
[111]:4264
[112]:3098
[113]:3483
[114]:4198
[115]:3708
[116]:2158
[117]:1077
[118]:508
[119]:413
[120]:396
[121]:398
[122]:218
[123]:127
[124]:89
[125]:80
[126]:72
[127]:55
[128]:45
[129]:28
[130]:32
[131]:31
[132]:28
[133]:25
[134]:15
[135]:11
[136]:9
[137]:5
[138]:8
[139]:1
[140]:5
[141]:3
[142]:3
[143]:2
[144]:1
[148]:1
[152]:1

t0_min: 1.08 us, round:18500
t0_max: 30.92 us, round:20370
t0_jitter: 29.83 us

t1_min: 2.79 us, round:13407
t1_max: 47.83 us, round:20370
t1_jitter: 45.04 us

t2_min: 98.00 us, round:420
t2_max: 152.96 us, round:20319
t2_jitter: 54.96 us

PMU diff samples: 35141
AVG DIFF LL_CACHE_RD: 135.02
AVG DIFF LL_CACHE_MISS_RD: 94.61
AVG DIFF L2D_CACHE_REFILL: 94.65
AVG DIFF L2D_CACHE_INVAL: 0.00
[cur diff] DIFF LL_CACHE_RD: 36, DIFF LL_CACHE_MISS_RD: 0, MISS_RATE: 0.00%
[cur diff] DIFF L2D_CACHE_REFILL: 0
[cur diff] DIFF L2D_CACHE_INVAL: 0
[max diff] DIFF LL_CACHE_RD: 170, DIFF LL_CACHE_MISS_RD: 134, MISS_RATE: 78.82%
[max diff] DIFF L2D_CACHE_REFILL: 135
[max diff] DIFF L2D_CACHE_INVAL: 0

===========================================================
taskpendcnt:35345
t0:4041 ns
t1:10458 ns
t2:109916 ns
benchmark: Franka-derived Cartesian-impedance kernel, input trace:8, timer period:10.000 ms
controller source: franka_ros2 jazzy@73a1501d, updates:35357, SVD sweeps:5
pose error:[0.010000 0.015000 0.010000 -0.000000 0.049979 -0.000000]
tau[0:6]:[0.839771 0.130674 0.617691 0.624912 0.653099 -0.592692 0.265887]
kernel exec min/avg/max: 94.79 / 98.80 / 112.88 us, samples:35349
pressure status:1, copy rounds total/window:1702/10, 4.51 rounds/s
pressure logical copy:17020.00 MiB total, approx 45.06 MiB/s, checksum:2266538967040
pressure report window:2.219174 s
t0_region>
[1]:3085
[2]:104
[3]:888
[4]:7939
[5]:12653
[6]:6774
[7]:1842
[8]:420
[9]:235
[10]:380
[11]:492
[12]:325
[13]:116
[14]:34
[15]:15
[16]:10
[17]:10
[18]:10
[19]:3
[20]:6
[21]:1
[22]:1
[24]:4
[27]:2
[29]:1
[30]:1

t1_region>
[2]:195
[3]:2643
[4]:265
[5]:64
[6]:14
[7]:6
[8]:96
[9]:236
[10]:676
[11]:2624
[12]:5391
[13]:6044
[14]:5682
[15]:4789
[16]:2834
[17]:1260
[18]:495
[19]:251
[20]:232
[21]:333
[22]:447
[23]:324
[24]:148
[25]:56
[26]:42
[27]:38
[28]:19
[29]:31
[30]:21
[31]:16
[32]:19
[33]:20
[34]:12
[35]:7
[36]:6
[37]:8
[38]:4
[39]:1
[40]:1
[41]:2
[47]:1

t2_region>
[98]:569
[99]:1993
[100]:366
[101]:141
[102]:65
[103]:32
[104]:28
[105]:110
[106]:119
[107]:186
[108]:515
[109]:2012
[110]:4464
[111]:4300
[112]:3117
[113]:3501
[114]:4230
[115]:3735
[116]:2165
[117]:1087
[118]:511
[119]:415
[120]:398
[121]:401
[122]:219
[123]:127
[124]:89
[125]:81
[126]:72
[127]:55
[128]:45
[129]:28
[130]:32
[131]:31
[132]:28
[133]:25
[134]:15
[135]:11
[136]:9
[137]:5
[138]:8
[139]:1
[140]:5
[141]:3
[142]:3
[143]:2
[144]:1
[148]:1
[152]:1

t0_min: 1.08 us, round:18500
t0_max: 30.92 us, round:20370
t0_jitter: 29.83 us

t1_min: 2.79 us, round:13407
t1_max: 47.83 us, round:20370
t1_jitter: 45.04 us

t2_min: 98.00 us, round:420
t2_max: 152.96 us, round:20319
t2_jitter: 54.96 us

PMU diff samples: 35363
AVG DIFF LL_CACHE_RD: 135.01
AVG DIFF LL_CACHE_MISS_RD: 94.60
AVG DIFF L2D_CACHE_REFILL: 94.64
AVG DIFF L2D_CACHE_INVAL: 0.00
[cur diff] DIFF LL_CACHE_RD: 62, DIFF LL_CACHE_MISS_RD: 0, MISS_RATE: 0.00%
[cur diff] DIFF L2D_CACHE_REFILL: 1
[cur diff] DIFF L2D_CACHE_INVAL: 0
[max diff] DIFF LL_CACHE_RD: 170, DIFF LL_CACHE_MISS_RD: 134, MISS_RATE: 78.82%
[max diff] DIFF L2D_CACHE_REFILL: 135
[max diff] DIFF L2D_CACHE_INVAL: 0

===========================================================
taskpendcnt:35567
t0:5541 ns
t1:12041 ns
t2:111791 ns
benchmark: Franka-derived Cartesian-impedance kernel, input trace:8, timer period:10.000 ms
controller source: franka_ros2 jazzy@73a1501d, updates:35579, SVD sweeps:5
pose error:[0.010000 0.015000 0.010000 -0.000000 0.049979 -0.000000]
tau[0:6]:[-1.839419 -0.921560 -1.193198 -1.195971 -0.861243 0.113634 -0.461388]
kernel exec min/avg/max: 94.79 / 98.80 / 112.88 us, samples:35571
pressure status:1, copy rounds total/window:1713/11, 4.96 rounds/s
pressure logical copy:17130.00 MiB total, approx 49.56 MiB/s, checksum:2281187573760
pressure report window:2.219652 s
t0_region>
[1]:3104
[2]:106
[3]:891
[4]:7989
[5]:12731
[6]:6824
[7]:1852
[8]:421
[9]:235
[10]:383
[11]:495
[12]:328
[13]:116
[14]:34
[15]:15
[16]:10
[17]:10
[18]:10
[19]:3
[20]:6
[21]:1
[22]:1
[24]:4
[27]:2
[29]:1
[30]:1

t1_region>
[2]:196
[3]:2661
[4]:267
[5]:64
[6]:14
[7]:6
[8]:96
[9]:236
[10]:677
[11]:2640
[12]:5419
[13]:6085
[14]:5723
[15]:4831
[16]:2850
[17]:1265
[18]:497
[19]:251
[20]:233
[21]:335
[22]:450
[23]:326
[24]:148
[25]:56
[26]:43
[27]:38
[28]:19
[29]:31
[30]:21
[31]:16
[32]:19
[33]:20
[34]:12
[35]:7
[36]:6
[37]:8
[38]:4
[39]:1
[40]:1
[41]:2
[47]:1

t2_region>
[98]:571
[99]:2007
[100]:369
[101]:142
[102]:66
[103]:32
[104]:28
[105]:110
[106]:119
[107]:186
[108]:516
[109]:2026
[110]:4488
[111]:4331
[112]:3133
[113]:3525
[114]:4257
[115]:3764
[116]:2182
[117]:1096
[118]:511
[119]:416
[120]:400
[121]:404
[122]:220
[123]:128
[124]:89
[125]:82
[126]:72
[127]:55
[128]:45
[129]:28
[130]:32
[131]:31
[132]:28
[133]:25
[134]:15
[135]:11
[136]:9
[137]:5
[138]:8
[139]:1
[140]:5
[141]:3
[142]:3
[143]:2
[144]:1
[148]:1
[152]:1

t0_min: 1.08 us, round:18500
t0_max: 30.92 us, round:20370
t0_jitter: 29.83 us

t1_min: 2.79 us, round:13407
t1_max: 47.83 us, round:20370
t1_jitter: 45.04 us

t2_min: 98.00 us, round:420
t2_max: 152.96 us, round:20319
t2_jitter: 54.96 us

PMU diff samples: 35585
AVG DIFF LL_CACHE_RD: 135.01
AVG DIFF LL_CACHE_MISS_RD: 94.60
AVG DIFF L2D_CACHE_REFILL: 94.64
AVG DIFF L2D_CACHE_INVAL: 0.00
[cur diff] DIFF LL_CACHE_RD: 45, DIFF LL_CACHE_MISS_RD: 0, MISS_RATE: 0.00%
[cur diff] DIFF L2D_CACHE_REFILL: 0
[cur diff] DIFF L2D_CACHE_INVAL: 0
[max diff] DIFF LL_CACHE_RD: 170, DIFF LL_CACHE_MISS_RD: 134, MISS_RATE: 78.82%
[max diff] DIFF L2D_CACHE_REFILL: 135
[max diff] DIFF L2D_CACHE_INVAL: 0

===========================================================
taskpendcnt:35789
t0:5083 ns
t1:13041 ns
t2:113375 ns
benchmark: Franka-derived Cartesian-impedance kernel, input trace:8, timer period:10.000 ms
controller source: franka_ros2 jazzy@73a1501d, updates:35801, SVD sweeps:5
pose error:[0.010000 0.015000 0.010000 -0.000000 0.049979 -0.000000]
tau[0:6]:[-2.781770 -1.613002 -1.930139 -1.581803 -1.382951 -0.390599 -0.663394]
kernel exec min/avg/max: 94.79 / 98.80 / 112.88 us, samples:35793
pressure status:1, copy rounds total/window:1724/11, 4.95 rounds/s
pressure logical copy:17240.00 MiB total, approx 49.54 MiB/s, checksum:2295836180480
pressure report window:2.220340 s
t0_region>
[1]:3123
[2]:108
[3]:896
[4]:8037
[5]:12817
[6]:6860
[7]:1867
[8]:424
[9]:235
[10]:385
[11]:497
[12]:332
[13]:116
[14]:34
[15]:15
[16]:10
[17]:10
[18]:10
[19]:3
[20]:6
[21]:1
[22]:1
[24]:4
[27]:2
[29]:1
[30]:1

t1_region>
[2]:198
[3]:2678
[4]:268
[5]:65
[6]:14
[7]:6
[8]:96
[9]:236
[10]:677
[11]:2655
[12]:5458
[13]:6129
[14]:5760
[15]:4859
[16]:2866
[17]:1277
[18]:498
[19]:252
[20]:234
[21]:337
[22]:452
[23]:328
[24]:148
[25]:57
[26]:43
[27]:38
[28]:19
[29]:31
[30]:21
[31]:16
[32]:19
[33]:20
[34]:12
[35]:7
[36]:6
[37]:8
[38]:4
[39]:1
[40]:1
[41]:2
[47]:1

t2_region>
[98]:574
[99]:2022
[100]:370
[101]:143
[102]:66
[103]:33
[104]:28
[105]:110
[106]:119
[107]:186
[108]:516
[109]:2040
[110]:4521
[111]:4356
[112]:3152
[113]:3550
[114]:4288
[115]:3789
[116]:2193
[117]:1102
[118]:512
[119]:421
[120]:402
[121]:405
[122]:221
[123]:128
[124]:89
[125]:83
[126]:72
[127]:56
[128]:45
[129]:28
[130]:32
[131]:31
[132]:28
[133]:25
[134]:15
[135]:11
[136]:9
[137]:5
[138]:8
[139]:1
[140]:5
[141]:3
[142]:3
[143]:2
[144]:1
[148]:1
[152]:1

t0_min: 1.08 us, round:18500
t0_max: 30.92 us, round:20370
t0_jitter: 29.83 us

t1_min: 2.79 us, round:13407
t1_max: 47.83 us, round:20370
t1_jitter: 45.04 us

t2_min: 98.00 us, round:420
t2_max: 152.96 us, round:20319
t2_jitter: 54.96 us

PMU diff samples: 35807
AVG DIFF LL_CACHE_RD: 135.01
AVG DIFF LL_CACHE_MISS_RD: 94.60
AVG DIFF L2D_CACHE_REFILL: 94.63
AVG DIFF L2D_CACHE_INVAL: 0.00
[cur diff] DIFF LL_CACHE_RD: 54, DIFF LL_CACHE_MISS_RD: 4, MISS_RATE: 7.41%
[cur diff] DIFF L2D_CACHE_REFILL: 0
[cur diff] DIFF L2D_CACHE_INVAL: 0
[max diff] DIFF LL_CACHE_RD: 170, DIFF LL_CACHE_MISS_RD: 134, MISS_RATE: 78.82%
[max diff] DIFF L2D_CACHE_REFILL: 135
[max diff] DIFF L2D_CACHE_INVAL: 0

===========================================================
taskpendcnt:36011
t0:4416 ns
t1:11125 ns
t2:111166 ns
benchmark: Franka-derived Cartesian-impedance kernel, input trace:8, timer period:10.000 ms
controller source: franka_ros2 jazzy@73a1501d, updates:36023, SVD sweeps:5
pose error:[0.010000 0.015000 0.010000 -0.000000 0.049979 -0.000000]
tau[0:6]:[1.376914 -0.104433 0.790225 0.843903 0.642107 -0.956178 0.423547]
kernel exec min/avg/max: 94.79 / 98.80 / 112.88 us, samples:36015
pressure status:1, copy rounds total/window:1734/10, 4.50 rounds/s
pressure logical copy:17340.00 MiB total, approx 45.05 MiB/s, checksum:2309153095680
pressure report window:2.219832 s
t0_region>
[1]:3144
[2]:108
[3]:898
[4]:8093
[5]:12887
[6]:6915
[7]:1874
[8]:427
[9]:235
[10]:387
[11]:502
[12]:332
[13]:117
[14]:34
[15]:15
[16]:10
[17]:10
[18]:10
[19]:3
[20]:6
[21]:1
[22]:1
[24]:4
[27]:2
[29]:1
[30]:1

t1_region>
[2]:199
[3]:2696
[4]:269
[5]:66
[6]:14
[7]:6
[8]:96
[9]:236
[10]:677
[11]:2669
[12]:5499
[13]:6169
[14]:5788
[15]:4895
[16]:2887
[17]:1284
[18]:503
[19]:253
[20]:234
[21]:339
[22]:456
[23]:328
[24]:149
[25]:57
[26]:44
[27]:38
[28]:19
[29]:31
[30]:21
[31]:16
[32]:19
[33]:20
[34]:12
[35]:7
[36]:6
[37]:8
[38]:4
[39]:1
[40]:1
[41]:2
[47]:1

t2_region>
[98]:577
[99]:2037
[100]:372
[101]:143
[102]:67
[103]:33
[104]:28
[105]:110
[106]:119
[107]:186
[108]:517
[109]:2052
[110]:4550
[111]:4388
[112]:3171
[113]:3564
[114]:4315
[115]:3816
[116]:2211
[117]:1107
[118]:519
[119]:424
[120]:404
[121]:408
[122]:221
[123]:129
[124]:89
[125]:83
[126]:72
[127]:57
[128]:45
[129]:28
[130]:32
[131]:31
[132]:28
[133]:25
[134]:15
[135]:11
[136]:9
[137]:5
[138]:8
[139]:1
[140]:5
[141]:3
[142]:3
[143]:2
[144]:1
[148]:1
[152]:1

t0_min: 1.08 us, round:18500
t0_max: 30.92 us, round:20370
t0_jitter: 29.83 us

t1_min: 2.79 us, round:13407
t1_max: 47.83 us, round:20370
t1_jitter: 45.04 us

t2_min: 98.00 us, round:420
t2_max: 152.96 us, round:20319
t2_jitter: 54.96 us

PMU diff samples: 36029
AVG DIFF LL_CACHE_RD: 135.00
AVG DIFF LL_CACHE_MISS_RD: 94.60
AVG DIFF L2D_CACHE_REFILL: 94.63
AVG DIFF L2D_CACHE_INVAL: 0.00
[cur diff] DIFF LL_CACHE_RD: 49, DIFF LL_CACHE_MISS_RD: 0, MISS_RATE: 0.00%
[cur diff] DIFF L2D_CACHE_REFILL: 1
[cur diff] DIFF L2D_CACHE_INVAL: 0
[max diff] DIFF LL_CACHE_RD: 170, DIFF LL_CACHE_MISS_RD: 134, MISS_RATE: 78.82%
[max diff] DIFF L2D_CACHE_REFILL: 135
[max diff] DIFF L2D_CACHE_INVAL: 0

===========================================================
taskpendcnt:36233
t0:6791 ns
t1:12416 ns
t2:112750 ns
benchmark: Franka-derived Cartesian-impedance kernel, input trace:8, timer period:10.000 ms
controller source: franka_ros2 jazzy@73a1501d, updates:36245, SVD sweeps:5
pose error:[0.010000 0.015000 0.010000 -0.000000 0.049979 -0.000000]
tau[0:6]:[0.839771 0.130674 0.617691 0.624912 0.653099 -0.592692 0.265887]
kernel exec min/avg/max: 94.79 / 98.80 / 112.88 us, samples:36236
pressure status:1, copy rounds total/window:1745/11, 4.96 rounds/s
pressure logical copy:17450.00 MiB total, approx 49.57 MiB/s, checksum:2323801702400
pressure report window:2.219095 s
t0_region>
[1]:3164
[2]:109
[3]:901
[4]:8147
[5]:12974
[6]:6956
[7]:1880
[8]:428
[9]:237
[10]:387
[11]:502
[12]:337
[13]:119
[14]:34
[15]:15
[16]:10
[17]:10
[18]:10
[19]:3
[20]:6
[21]:1
[22]:1
[24]:4
[27]:2
[29]:1
[30]:1

t1_region>
[2]:201
[3]:2712
[4]:272
[5]:66
[6]:14
[7]:6
[8]:96
[9]:237
[10]:677
[11]:2687
[12]:5539
[13]:6210
[14]:5825
[15]:4923
[16]:2906
[17]:1292
[18]:503
[19]:253
[20]:235
[21]:340
[22]:457
[23]:330
[24]:152
[25]:57
[26]:45
[27]:38
[28]:19
[29]:31
[30]:21
[31]:16
[32]:19
[33]:20
[34]:12
[35]:7
[36]:6
[37]:8
[38]:4
[39]:1
[40]:1
[41]:2
[47]:1

t2_region>
[98]:580
[99]:2051
[100]:373
[101]:144
[102]:68
[103]:33
[104]:28
[105]:110
[106]:120
[107]:186
[108]:519
[109]:2061
[110]:4583
[111]:4415
[112]:3197
[113]:3589
[114]:4339
[115]:3840
[116]:2226
[117]:1112
[118]:521
[119]:425
[120]:404
[121]:409
[122]:222
[123]:132
[124]:90
[125]:83
[126]:73
[127]:57
[128]:45
[129]:28
[130]:32
[131]:31
[132]:28
[133]:25
[134]:15
[135]:11
[136]:9
[137]:5
[138]:8
[139]:1
[140]:5
[141]:3
[142]:3
[143]:2
[144]:1
[148]:1
[152]:1

t0_min: 1.08 us, round:18500
t0_max: 30.92 us, round:20370
t0_jitter: 29.83 us

t1_min: 2.79 us, round:13407
t1_max: 47.83 us, round:20370
t1_jitter: 45.04 us

t2_min: 98.00 us, round:420
t2_max: 152.96 us, round:20319
t2_jitter: 54.96 us

PMU diff samples: 36251
AVG DIFF LL_CACHE_RD: 134.99
AVG DIFF LL_CACHE_MISS_RD: 94.59
AVG DIFF L2D_CACHE_REFILL: 94.62
AVG DIFF L2D_CACHE_INVAL: 0.00
[cur diff] DIFF LL_CACHE_RD: 47, DIFF LL_CACHE_MISS_RD: 0, MISS_RATE: 0.00%
[cur diff] DIFF L2D_CACHE_REFILL: 0
[cur diff] DIFF L2D_CACHE_INVAL: 0
[max diff] DIFF LL_CACHE_RD: 170, DIFF LL_CACHE_MISS_RD: 134, MISS_RATE: 78.82%
[max diff] DIFF L2D_CACHE_REFILL: 135
[max diff] DIFF L2D_CACHE_INVAL: 0

===========================================================
taskpendcnt:36455
t0:6625 ns
t1:14500 ns
t2:115500 ns
benchmark: Franka-derived Cartesian-impedance kernel, input trace:8, timer period:10.000 ms
controller source: franka_ros2 jazzy@73a1501d, updates:36467, SVD sweeps:5
pose error:[0.010000 0.015000 0.010000 -0.000000 0.049979 -0.000000]
tau[0:6]:[-1.839419 -0.921560 -1.193198 -1.195971 -0.861243 0.113634 -0.461388]
kernel exec min/avg/max: 94.79 / 98.80 / 112.88 us, samples:36458
pressure status:1, copy rounds total/window:1756/11, 4.96 rounds/s
pressure logical copy:17560.00 MiB total, approx 49.56 MiB/s, checksum:2338450309120
pressure report window:2.219735 s
t0_region>
[1]:3184
[2]:110
[3]:904
[4]:8193
[5]:13060
[6]:6998
[7]:1893
[8]:429
[9]:238
[10]:390
[11]:507
[12]:338
[13]:119
[14]:34
[15]:15
[16]:10
[17]:10
[18]:10
[19]:3
[20]:6
[21]:1
[22]:1
[24]:4
[27]:2
[29]:1
[30]:1

t1_region>
[2]:202
[3]:2729
[4]:274
[5]:67
[6]:14
[7]:6
[8]:96
[9]:237
[10]:682
[11]:2698
[12]:5571
[13]:6255
[14]:5872
[15]:4946
[16]:2923
[17]:1301
[18]:504
[19]:255
[20]:235
[21]:344
[22]:458
[23]:333
[24]:152
[25]:57
[26]:46
[27]:38
[28]:19
[29]:31
[30]:21
[31]:16
[32]:19
[33]:20
[34]:12
[35]:7
[36]:6
[37]:8
[38]:4
[39]:1
[40]:1
[41]:2
[47]:1

t2_region>
[98]:585
[99]:2064
[100]:374
[101]:145
[102]:68
[103]:34
[104]:28
[105]:110
[106]:120
[107]:186
[108]:524
[109]:2069
[110]:4609
[111]:4447
[112]:3215
[113]:3618
[114]:4367
[115]:3862
[116]:2237
[117]:1119
[118]:527
[119]:426
[120]:408
[121]:409
[122]:224
[123]:132
[124]:90
[125]:84
[126]:73
[127]:57
[128]:46
[129]:28
[130]:32
[131]:31
[132]:28
[133]:25
[134]:15
[135]:11
[136]:9
[137]:5
[138]:8
[139]:1
[140]:5
[141]:3
[142]:3
[143]:2
[144]:1
[148]:1
[152]:1

t0_min: 1.08 us, round:18500
t0_max: 30.92 us, round:20370
t0_jitter: 29.83 us

t1_min: 2.79 us, round:13407
t1_max: 47.83 us, round:20370
t1_jitter: 45.04 us

t2_min: 98.00 us, round:420
t2_max: 152.96 us, round:20319
t2_jitter: 54.96 us

PMU diff samples: 36473
AVG DIFF LL_CACHE_RD: 135.00
AVG DIFF LL_CACHE_MISS_RD: 94.60
AVG DIFF L2D_CACHE_REFILL: 94.63
AVG DIFF L2D_CACHE_INVAL: 0.00
[cur diff] DIFF LL_CACHE_RD: 46, DIFF LL_CACHE_MISS_RD: 0, MISS_RATE: 0.00%
[cur diff] DIFF L2D_CACHE_REFILL: 0
[cur diff] DIFF L2D_CACHE_INVAL: 0
[max diff] DIFF LL_CACHE_RD: 170, DIFF LL_CACHE_MISS_RD: 134, MISS_RATE: 78.82%
[max diff] DIFF L2D_CACHE_REFILL: 135
[max diff] DIFF L2D_CACHE_INVAL: 0

===========================================================
taskpendcnt:36677
t0:4708 ns
t1:12875 ns
t2:110083 ns
benchmark: Franka-derived Cartesian-impedance kernel, input trace:8, timer period:10.000 ms
controller source: franka_ros2 jazzy@73a1501d, updates:36689, SVD sweeps:5
pose error:[0.010000 0.015000 0.010000 -0.000000 0.049979 -0.000000]
tau[0:6]:[-2.781770 -1.613002 -1.930139 -1.581803 -1.382951 -0.390599 -0.663394]
kernel exec min/avg/max: 94.79 / 98.80 / 112.88 us, samples:36681
pressure status:1, copy rounds total/window:1766/10, 4.50 rounds/s
pressure logical copy:17660.00 MiB total, approx 45.04 MiB/s, checksum:2351767224320
pressure report window:2.220343 s
t0_region>
[1]:3205
[2]:110
[3]:909
[4]:8256
[5]:13131
[6]:7037
[7]:1906
[8]:430
[9]:239
[10]:393
[11]:508
[12]:341
[13]:119
[14]:35
[15]:15
[16]:10
[17]:10
[18]:10
[19]:3
[20]:6
[21]:1
[22]:1
[24]:4
[27]:2
[29]:1
[30]:1

t1_region>
[2]:204
[3]:2746
[4]:275
[5]:68
[6]:14
[7]:6
[8]:96
[9]:237
[10]:685
[11]:2719
[12]:5606
[13]:6288
[14]:5911
[15]:4980
[16]:2942
[17]:1307
[18]:506
[19]:256
[20]:237
[21]:345
[22]:460
[23]:335
[24]:152
[25]:57
[26]:46
[27]:38
[28]:19
[29]:31
[30]:21
[31]:16
[32]:19
[33]:20
[34]:13
[35]:7
[36]:6
[37]:8
[38]:4
[39]:1
[40]:1
[41]:2
[47]:1

t2_region>
[98]:587
[99]:2080
[100]:376
[101]:145
[102]:69
[103]:34
[104]:28
[105]:110
[106]:120
[107]:186
[108]:525
[109]:2083
[110]:4641
[111]:4476
[112]:3232
[113]:3637
[114]:4398
[115]:3890
[116]:2253
[117]:1121
[118]:530
[119]:429
[120]:410
[121]:411
[122]:224
[123]:132
[124]:91
[125]:84
[126]:73
[127]:57
[128]:46
[129]:28
[130]:32
[131]:31
[132]:28
[133]:25
[134]:15
[135]:11
[136]:10
[137]:5
[138]:8
[139]:1
[140]:5
[141]:3
[142]:3
[143]:2
[144]:1
[148]:1
[152]:1

t0_min: 1.08 us, round:18500
t0_max: 30.92 us, round:20370
t0_jitter: 29.83 us

t1_min: 2.79 us, round:13407
t1_max: 47.83 us, round:20370
t1_jitter: 45.04 us

t2_min: 98.00 us, round:420
t2_max: 152.96 us, round:20319
t2_jitter: 54.96 us

PMU diff samples: 36695
AVG DIFF LL_CACHE_RD: 134.99
AVG DIFF LL_CACHE_MISS_RD: 94.59
AVG DIFF L2D_CACHE_REFILL: 94.62
AVG DIFF L2D_CACHE_INVAL: 0.00
[cur diff] DIFF LL_CACHE_RD: 42, DIFF LL_CACHE_MISS_RD: 0, MISS_RATE: 0.00%
[cur diff] DIFF L2D_CACHE_REFILL: 0
[cur diff] DIFF L2D_CACHE_INVAL: 0
[max diff] DIFF LL_CACHE_RD: 170, DIFF LL_CACHE_MISS_RD: 134, MISS_RATE: 78.82%
[max diff] DIFF L2D_CACHE_REFILL: 135
[max diff] DIFF L2D_CACHE_INVAL: 0

===========================================================
taskpendcnt:36899
t0:6291 ns
t1:12500 ns
t2:114000 ns
benchmark: Franka-derived Cartesian-impedance kernel, input trace:8, timer period:10.000 ms
controller source: franka_ros2 jazzy@73a1501d, updates:36911, SVD sweeps:5
pose error:[0.010000 0.015000 0.010000 -0.000000 0.049979 -0.000000]
tau[0:6]:[1.376914 -0.104433 0.790225 0.843903 0.642107 -0.956178 0.423547]
kernel exec min/avg/max: 94.79 / 98.80 / 112.88 us, samples:36902
pressure status:1, copy rounds total/window:1777/11, 4.96 rounds/s
pressure logical copy:17770.00 MiB total, approx 49.55 MiB/s, checksum:2366415831040
pressure report window:2.219827 s
t0_region>
[1]:3226
[2]:110
[3]:917
[4]:8318
[5]:13205
[6]:7069
[7]:1918
[8]:432
[9]:239
[10]:395
[11]:514
[12]:341
[13]:120
[14]:35
[15]:17
[16]:10
[17]:10
[18]:10
[19]:3
[20]:6
[21]:1
[22]:1
[24]:4
[27]:2
[29]:1
[30]:1

t1_region>
[2]:208
[3]:2761
[4]:277
[5]:68
[6]:14
[7]:6
[8]:96
[9]:237
[10]:693
[11]:2745
[12]:5641
[13]:6324
[14]:5945
[15]:5004
[16]:2961
[17]:1312
[18]:508
[19]:257
[20]:238
[21]:347
[22]:463
[23]:335
[24]:153
[25]:57
[26]:46
[27]:38
[28]:19
[29]:32
[30]:23
[31]:16
[32]:19
[33]:21
[34]:13
[35]:7
[36]:6
[37]:8
[38]:4
[39]:1
[40]:1
[41]:2
[47]:1

t2_region>
[98]:592
[99]:2093
[100]:376
[101]:147
[102]:70
[103]:34
[104]:28
[105]:110
[106]:120
[107]:186
[108]:532
[109]:2107
[110]:4665
[111]:4501
[112]:3254
[113]:3655
[114]:4422
[115]:3908
[116]:2267
[117]:1129
[118]:531
[119]:436
[120]:411
[121]:413
[122]:225
[123]:133
[124]:91
[125]:84
[126]:73
[127]:57
[128]:46
[129]:28
[130]:34
[131]:31
[132]:29
[133]:25
[134]:15
[135]:11
[136]:11
[137]:5
[138]:8
[139]:1
[140]:5
[141]:3
[142]:3
[143]:2
[144]:1
[148]:1
[152]:1

t0_min: 1.08 us, round:18500
t0_max: 30.92 us, round:20370
t0_jitter: 29.83 us

t1_min: 2.79 us, round:13407
t1_max: 47.83 us, round:20370
t1_jitter: 45.04 us

t2_min: 98.00 us, round:420
t2_max: 152.96 us, round:20319
t2_jitter: 54.96 us

PMU diff samples: 36917
AVG DIFF LL_CACHE_RD: 134.98
AVG DIFF LL_CACHE_MISS_RD: 94.58
AVG DIFF L2D_CACHE_REFILL: 94.62
AVG DIFF L2D_CACHE_INVAL: 0.00
[cur diff] DIFF LL_CACHE_RD: 52, DIFF LL_CACHE_MISS_RD: 7, MISS_RATE: 13.46%
[cur diff] DIFF L2D_CACHE_REFILL: 4
[cur diff] DIFF L2D_CACHE_INVAL: 0
[max diff] DIFF LL_CACHE_RD: 170, DIFF LL_CACHE_MISS_RD: 134, MISS_RATE: 78.82%
[max diff] DIFF L2D_CACHE_REFILL: 135
[max diff] DIFF L2D_CACHE_INVAL: 0

===========================================================
taskpendcnt:37121
t0:5541 ns
t1:11166 ns
t2:111208 ns
benchmark: Franka-derived Cartesian-impedance kernel, input trace:8, timer period:10.000 ms
controller source: franka_ros2 jazzy@73a1501d, updates:37133, SVD sweeps:5
pose error:[0.010000 0.015000 0.010000 -0.000000 0.049979 -0.000000]
tau[0:6]:[0.839771 0.130674 0.617691 0.624912 0.653099 -0.592692 0.265887]
kernel exec min/avg/max: 94.79 / 98.81 / 112.88 us, samples:37125
pressure status:1, copy rounds total/window:1787/10, 4.50 rounds/s
pressure logical copy:17870.00 MiB total, approx 45.03 MiB/s, checksum:2379732746240
pressure report window:2.220532 s
t0_region>
[1]:3245
[2]:112
[3]:923
[4]:8361
[5]:13269
[6]:7104
[7]:1943
[8]:439
[9]:243
[10]:399
[11]:517
[12]:343
[13]:125
[14]:36
[15]:18
[16]:10
[17]:10
[18]:10
[19]:3
[20]:6
[21]:1
[22]:1
[24]:4
[27]:3
[29]:1
[30]:1

t1_region>
[2]:209
[3]:2775
[4]:281
[5]:69
[6]:15
[7]:6
[8]:96
[9]:240
[10]:701
[11]:2760
[12]:5658
[13]:6343
[14]:5976
[15]:5030
[16]:2981
[17]:1327
[18]:518
[19]:266
[20]:244
[21]:350
[22]:466
[23]:336
[24]:154
[25]:61
[26]:46
[27]:40
[28]:21
[29]:33
[30]:23
[31]:17
[32]:21
[33]:21
[34]:14
[35]:7
[36]:6
[37]:8
[38]:4
[39]:1
[40]:1
[41]:2
[46]:1
[47]:1

t2_region>
[98]:593
[99]:2104
[100]:383
[101]:148
[102]:72
[103]:34
[104]:28
[105]:110
[106]:120
[107]:188
[108]:538
[109]:2114
[110]:4677
[111]:4514
[112]:3266
[113]:3677
[114]:4446
[115]:3925
[116]:2286
[117]:1142
[118]:540
[119]:441
[120]:421
[121]:418
[122]:228
[123]:137
[124]:95
[125]:86
[126]:75
[127]:57
[128]:47
[129]:29
[130]:36
[131]:31
[132]:31
[133]:26
[134]:17
[135]:11
[136]:11
[137]:5
[138]:8
[139]:1
[140]:5
[141]:3
[142]:3
[143]:2
[144]:1
[146]:1
[148]:1
[152]:1

t0_min: 1.08 us, round:18500
t0_max: 30.92 us, round:20370
t0_jitter: 29.83 us

t1_min: 2.79 us, round:13407
t1_max: 47.83 us, round:20370
t1_jitter: 45.04 us

t2_min: 98.00 us, round:420
t2_max: 152.96 us, round:20319
t2_jitter: 54.96 us

PMU diff samples: 37139
AVG DIFF LL_CACHE_RD: 134.97
AVG DIFF LL_CACHE_MISS_RD: 94.57
AVG DIFF L2D_CACHE_REFILL: 94.60
AVG DIFF L2D_CACHE_INVAL: 0.00
[cur diff] DIFF LL_CACHE_RD: 35, DIFF LL_CACHE_MISS_RD: 0, MISS_RATE: 0.00%
[cur diff] DIFF L2D_CACHE_REFILL: 0
[cur diff] DIFF L2D_CACHE_INVAL: 0
[max diff] DIFF LL_CACHE_RD: 170, DIFF LL_CACHE_MISS_RD: 134, MISS_RATE: 78.82%
[max diff] DIFF L2D_CACHE_REFILL: 135
[max diff] DIFF L2D_CACHE_INVAL: 0

===========================================================
taskpendcnt:37343
t0:5458 ns
t1:13041 ns
t2:112208 ns
benchmark: Franka-derived Cartesian-impedance kernel, input trace:8, timer period:10.000 ms
controller source: franka_ros2 jazzy@73a1501d, updates:37355, SVD sweeps:5
pose error:[0.010000 0.015000 0.010000 -0.000000 0.049979 -0.000000]
tau[0:6]:[-1.839419 -0.921560 -1.193198 -1.195971 -0.861243 0.113634 -0.461388]
kernel exec min/avg/max: 94.79 / 98.81 / 112.88 us, samples:37347
pressure status:1, copy rounds total/window:1798/11, 4.95 rounds/s
pressure logical copy:17980.00 MiB total, approx 49.51 MiB/s, checksum:2394381352960
pressure report window:2.221680 s
t0_region>
[1]:3265
[2]:113
[3]:925
[4]:8404
[5]:13349
[6]:7159
[7]:1955
[8]:440
[9]:243
[10]:402
[11]:519
[12]:346
[13]:125
[14]:36
[15]:18
[16]:10
[17]:10
[18]:10
[19]:3
[20]:6
[21]:1
[22]:1
[24]:4
[27]:3
[29]:1
[30]:1

t1_region>
[2]:210
[3]:2794
[4]:281
[5]:70
[6]:15
[7]:6
[8]:96
[9]:240
[10]:702
[11]:2771
[12]:5691
[13]:6380
[14]:6017
[15]:5067
[16]:3000
[17]:1336
[18]:520
[19]:269
[20]:244
[21]:353
[22]:469
[23]:338
[24]:154
[25]:61
[26]:46
[27]:40
[28]:21
[29]:33
[30]:23
[31]:17
[32]:21
[33]:21
[34]:14
[35]:7
[36]:6
[37]:8
[38]:4
[39]:1
[40]:1
[41]:2
[46]:1
[47]:1

t2_region>
[98]:596
[99]:2119
[100]:385
[101]:148
[102]:73
[103]:34
[104]:28
[105]:110
[106]:120
[107]:188
[108]:538
[109]:2120
[110]:4700
[111]:4545
[112]:3288
[113]:3702
[114]:4477
[115]:3948
[116]:2303
[117]:1151
[118]:544
[119]:443
[120]:425
[121]:419
[122]:229
[123]:138
[124]:95
[125]:87
[126]:75
[127]:57
[128]:47
[129]:29
[130]:36
[131]:31
[132]:31
[133]:26
[134]:17
[135]:11
[136]:11
[137]:5
[138]:8
[139]:1
[140]:5
[141]:3
[142]:3
[143]:2
[144]:1
[146]:1
[148]:1
[152]:1

t0_min: 1.08 us, round:18500
t0_max: 30.92 us, round:20370
t0_jitter: 29.83 us

t1_min: 2.79 us, round:13407
t1_max: 47.83 us, round:20370
t1_jitter: 45.04 us

t2_min: 98.00 us, round:420
t2_max: 152.96 us, round:20319
t2_jitter: 54.96 us

PMU diff samples: 37361
AVG DIFF LL_CACHE_RD: 134.97
AVG DIFF LL_CACHE_MISS_RD: 94.56
AVG DIFF L2D_CACHE_REFILL: 94.60
AVG DIFF L2D_CACHE_INVAL: 0.00
[cur diff] DIFF LL_CACHE_RD: 40, DIFF LL_CACHE_MISS_RD: 0, MISS_RATE: 0.00%
[cur diff] DIFF L2D_CACHE_REFILL: 0
[cur diff] DIFF L2D_CACHE_INVAL: 0
[max diff] DIFF LL_CACHE_RD: 170, DIFF LL_CACHE_MISS_RD: 134, MISS_RATE: 78.82%
[max diff] DIFF L2D_CACHE_REFILL: 135
[max diff] DIFF L2D_CACHE_INVAL: 0

===========================================================
taskpendcnt:37566
t0:6458 ns
t1:16958 ns
t2:116708 ns
benchmark: Franka-derived Cartesian-impedance kernel, input trace:8, timer period:10.000 ms
controller source: franka_ros2 jazzy@73a1501d, updates:37577, SVD sweeps:5
pose error:[0.010000 0.015000 0.010000 -0.000000 0.049979 -0.000000]
tau[0:6]:[-2.781770 -1.613002 -1.930139 -1.581803 -1.382951 -0.390599 -0.663394]
kernel exec min/avg/max: 94.79 / 98.81 / 112.88 us, samples:37569
pressure status:1, copy rounds total/window:1809/11, 4.95 rounds/s
pressure logical copy:18090.00 MiB total, approx 49.52 MiB/s, checksum:2409029959680
pressure report window:2.221305 s
t0_region>
[1]:3285
[2]:114
[3]:930
[4]:8453
[5]:13433
[6]:7201
[7]:1966
[8]:442
[9]:244
[10]:404
[11]:520
[12]:350
[13]:125
[14]:36
[15]:18
[16]:10
[17]:10
[18]:10
[19]:3
[20]:6
[21]:1
[22]:1
[24]:4
[27]:3
[29]:1
[30]:1

t1_region>
[2]:211
[3]:2812
[4]:281
[5]:71
[6]:16
[7]:6
[8]:96
[9]:241
[10]:704
[11]:2788
[12]:5732
[13]:6420
[14]:6048
[15]:5098
[16]:3021
[17]:1344
[18]:520
[19]:270
[20]:244
[21]:357
[22]:469
[23]:340
[24]:156
[25]:61
[26]:46
[27]:40
[28]:21
[29]:33
[30]:23
[31]:17
[32]:21
[33]:21
[34]:14
[35]:7
[36]:6
[37]:8
[38]:4
[39]:1
[40]:1
[41]:2
[46]:1
[47]:1

t2_region>
[98]:599
[99]:2134
[100]:386
[101]:149
[102]:73
[103]:34
[104]:28
[105]:110
[106]:121
[107]:188
[108]:539
[109]:2132
[110]:4734
[111]:4568
[112]:3318
[113]:3729
[114]:4499
[115]:3967
[116]:2317
[117]:1158
[118]:546
[119]:447
[120]:426
[121]:421
[122]:231
[123]:138
[124]:96
[125]:87
[126]:75
[127]:57
[128]:47
[129]:29
[130]:36
[131]:31
[132]:31
[133]:26
[134]:17
[135]:11
[136]:11
[137]:5
[138]:8
[139]:1
[140]:5
[141]:3
[142]:3
[143]:2
[144]:1
[146]:1
[148]:1
[152]:1

t0_min: 1.08 us, round:18500
t0_max: 30.92 us, round:20370
t0_jitter: 29.83 us

t1_min: 2.79 us, round:13407
t1_max: 47.83 us, round:20370
t1_jitter: 45.04 us

t2_min: 98.00 us, round:420
t2_max: 152.96 us, round:20319
t2_jitter: 54.96 us

PMU diff samples: 37583
AVG DIFF LL_CACHE_RD: 134.96
AVG DIFF LL_CACHE_MISS_RD: 94.55
AVG DIFF L2D_CACHE_REFILL: 94.59
AVG DIFF L2D_CACHE_INVAL: 0.00
[cur diff] DIFF LL_CACHE_RD: 35, DIFF LL_CACHE_MISS_RD: 0, MISS_RATE: 0.00%
[cur diff] DIFF L2D_CACHE_REFILL: 0
[cur diff] DIFF L2D_CACHE_INVAL: 0
[max diff] DIFF LL_CACHE_RD: 170, DIFF LL_CACHE_MISS_RD: 134, MISS_RATE: 78.82%
[max diff] DIFF L2D_CACHE_REFILL: 135
[max diff] DIFF L2D_CACHE_INVAL: 0

===========================================================
taskpendcnt:37788
t0:6000 ns
t1:13291 ns
t2:116250 ns
benchmark: Franka-derived Cartesian-impedance kernel, input trace:8, timer period:10.000 ms
controller source: franka_ros2 jazzy@73a1501d, updates:37799, SVD sweeps:5
pose error:[0.010000 0.015000 0.010000 -0.000000 0.049979 -0.000000]
tau[0:6]:[1.376914 -0.104433 0.790225 0.843903 0.642107 -0.956178 0.423547]
kernel exec min/avg/max: 94.79 / 98.81 / 112.88 us, samples:37791
pressure status:1, copy rounds total/window:1819/10, 4.50 rounds/s
pressure logical copy:18190.00 MiB total, approx 45.03 MiB/s, checksum:2422346874880
pressure report window:2.220888 s
t0_region>
[1]:3306
[2]:114
[3]:936
[4]:8498
[5]:13522
[6]:7243
[7]:1973
[8]:446
[9]:245
[10]:406
[11]:523
[12]:352
[13]:125
[14]:36
[15]:18
[16]:10
[17]:10
[18]:10
[19]:3
[20]:6
[21]:1
[22]:1
[24]:4
[27]:3
[29]:1
[30]:1

t1_region>
[2]:212
[3]:2830
[4]:283
[5]:71
[6]:16
[7]:6
[8]:96
[9]:241
[10]:708
[11]:2800
[12]:5775
[13]:6456
[14]:6090
[15]:5125
[16]:3038
[17]:1353
[18]:521
[19]:272
[20]:245
[21]:358
[22]:472
[23]:343
[24]:156
[25]:61
[26]:46
[27]:40
[28]:21
[29]:33
[30]:23
[31]:17
[32]:21
[33]:21
[34]:14
[35]:7
[36]:6
[37]:8
[38]:4
[39]:1
[40]:1
[41]:2
[46]:1
[47]:1

t2_region>
[98]:600
[99]:2148
[100]:390
[101]:151
[102]:73
[103]:34
[104]:28
[105]:110
[106]:121
[107]:188
[108]:541
[109]:2144
[110]:4773
[111]:4585
[112]:3337
[113]:3766
[114]:4518
[115]:3992
[116]:2327
[117]:1167
[118]:548
[119]:450
[120]:427
[121]:425
[122]:232
[123]:138
[124]:96
[125]:88
[126]:75
[127]:57
[128]:47
[129]:29
[130]:36
[131]:31
[132]:31
[133]:26
[134]:17
[135]:11
[136]:11
[137]:5
[138]:8
[139]:1
[140]:5
[141]:3
[142]:3
[143]:2
[144]:1
[146]:1
[148]:1
[152]:1

t0_min: 1.08 us, round:18500
t0_max: 30.92 us, round:20370
t0_jitter: 29.83 us

t1_min: 2.79 us, round:13407
t1_max: 47.83 us, round:20370
t1_jitter: 45.04 us

t2_min: 98.00 us, round:420
t2_max: 152.96 us, round:20319
t2_jitter: 54.96 us

PMU diff samples: 37806
AVG DIFF LL_CACHE_RD: 134.95
AVG DIFF LL_CACHE_MISS_RD: 94.55
AVG DIFF L2D_CACHE_REFILL: 94.59
AVG DIFF L2D_CACHE_INVAL: 0.00
[cur diff] DIFF LL_CACHE_RD: 34, DIFF LL_CACHE_MISS_RD: 0, MISS_RATE: 0.00%
[cur diff] DIFF L2D_CACHE_REFILL: 0
[cur diff] DIFF L2D_CACHE_INVAL: 0
[max diff] DIFF LL_CACHE_RD: 170, DIFF LL_CACHE_MISS_RD: 134, MISS_RATE: 78.82%
[max diff] DIFF L2D_CACHE_REFILL: 135
[max diff] DIFF L2D_CACHE_INVAL: 0

===========================================================
taskpendcnt:38010
t0:4958 ns
t1:12250 ns
t2:111708 ns
benchmark: Franka-derived Cartesian-impedance kernel, input trace:8, timer period:10.000 ms
controller source: franka_ros2 jazzy@73a1501d, updates:38021, SVD sweeps:5
pose error:[0.010000 0.015000 0.010000 -0.000000 0.049979 -0.000000]
tau[0:6]:[0.839771 0.130674 0.617691 0.624912 0.653099 -0.592692 0.265887]
kernel exec min/avg/max: 94.79 / 98.81 / 112.88 us, samples:38013
pressure status:1, copy rounds total/window:1830/11, 4.95 rounds/s
pressure logical copy:18300.00 MiB total, approx 49.53 MiB/s, checksum:2436995481600
pressure report window:2.221033 s
t0_region>
[1]:3327
[2]:114
[3]:937
[4]:8538
[5]:13609
[6]:7295
[7]:1985
[8]:447
[9]:246
[10]:409
[11]:523
[12]:356
[13]:125
[14]:36
[15]:18
[16]:10
[17]:10
[18]:10
[19]:3
[20]:6
[21]:1
[22]:1
[24]:4
[27]:3
[29]:1
[30]:1

t1_region>
[2]:213
[3]:2851
[4]:283
[5]:71
[6]:16
[7]:6
[8]:96
[9]:241
[10]:708
[11]:2817
[12]:5808
[13]:6500
[14]:6123
[15]:5157
[16]:3058
[17]:1363
[18]:525
[19]:272
[20]:246
[21]:359
[22]:473
[23]:347
[24]:157
[25]:61
[26]:46
[27]:40
[28]:21
[29]:33
[30]:23
[31]:17
[32]:21
[33]:21
[34]:14
[35]:7
[36]:6
[37]:8
[38]:4
[39]:1
[40]:1
[41]:2
[46]:1
[47]:1

t2_region>
[98]:604
[99]:2162
[100]:393
[101]:151
[102]:73
[103]:34
[104]:28
[105]:110
[106]:121
[107]:188
[108]:541
[109]:2153
[110]:4800
[111]:4618
[112]:3357
[113]:3790
[114]:4545
[115]:4014
[116]:2348
[117]:1173
[118]:553
[119]:450
[120]:429
[121]:427
[122]:234
[123]:138
[124]:96
[125]:89
[126]:75
[127]:57
[128]:47
[129]:29
[130]:36
[131]:31
[132]:31
[133]:26
[134]:17
[135]:11
[136]:11
[137]:5
[138]:8
[139]:1
[140]:5
[141]:3
[142]:3
[143]:2
[144]:1
[146]:1
[148]:1
[152]:1

t0_min: 1.08 us, round:18500
t0_max: 30.92 us, round:20370
t0_jitter: 29.83 us

t1_min: 2.79 us, round:13407
t1_max: 47.83 us, round:20370
t1_jitter: 45.04 us

t2_min: 98.00 us, round:420
t2_max: 152.96 us, round:20319
t2_jitter: 54.96 us

PMU diff samples: 38028
AVG DIFF LL_CACHE_RD: 134.94
AVG DIFF LL_CACHE_MISS_RD: 94.55
AVG DIFF L2D_CACHE_REFILL: 94.58
AVG DIFF L2D_CACHE_INVAL: 0.00
[cur diff] DIFF LL_CACHE_RD: 43, DIFF LL_CACHE_MISS_RD: 1, MISS_RATE: 2.33%
[cur diff] DIFF L2D_CACHE_REFILL: 0
[cur diff] DIFF L2D_CACHE_INVAL: 0
[max diff] DIFF LL_CACHE_RD: 170, DIFF LL_CACHE_MISS_RD: 134, MISS_RATE: 78.82%
[max diff] DIFF L2D_CACHE_REFILL: 135
[max diff] DIFF L2D_CACHE_INVAL: 0

===========================================================
taskpendcnt:38232
t0:6833 ns
t1:16458 ns
t2:115625 ns
benchmark: Franka-derived Cartesian-impedance kernel, input trace:8, timer period:10.000 ms
controller source: franka_ros2 jazzy@73a1501d, updates:38243, SVD sweeps:5
pose error:[0.010000 0.015000 0.010000 -0.000000 0.049979 -0.000000]
tau[0:6]:[-0.274004 -0.324180 0.001577 -0.231466 0.050986 -0.328952 0.010844]
kernel exec min/avg/max: 94.79 / 98.81 / 112.88 us, samples:38235
pressure status:1, copy rounds total/window:1841/11, 4.95 rounds/s
pressure logical copy:18410.00 MiB total, approx 49.51 MiB/s, checksum:2451644088320
pressure report window:2.221571 s
t0_region>
[1]:3349
[2]:114
[3]:942
[4]:8586
[5]:13695
[6]:7335
[7]:1996
[8]:448
[9]:247
[10]:411
[11]:526
[12]:358
[13]:127
[14]:36
[15]:18
[16]:10
[17]:10
[18]:10
[19]:3
[20]:6
[21]:1
[22]:1
[24]:4
[27]:3
[29]:1
[30]:1

t1_region>
[2]:216
[3]:2868
[4]:284
[5]:71
[6]:16
[7]:6
[8]:96
[9]:241
[10]:712
[11]:2837
[12]:5846
[13]:6534
[14]:6160
[15]:5188
[16]:3074
[17]:1371
[18]:528
[19]:272
[20]:247
[21]:360
[22]:479
[23]:348
[24]:158
[25]:61
[26]:46
[27]:40
[28]:21
[29]:33
[30]:23
[31]:17
[32]:21
[33]:21
[34]:14
[35]:7
[36]:6
[37]:8
[38]:4
[39]:1
[40]:1
[41]:2
[46]:1
[47]:1

t2_region>
[98]:609
[99]:2176
[100]:394
[101]:152
[102]:73
[103]:34
[104]:28
[105]:110
[106]:121
[107]:188
[108]:546
[109]:2168
[110]:4819
[111]:4651
[112]:3381
[113]:3816
[114]:4566
[115]:4040
[116]:2361
[117]:1180
[118]:555
[119]:452
[120]:434
[121]:428
[122]:234
[123]:138
[124]:96
[125]:90
[126]:76
[127]:57
[128]:47
[129]:29
[130]:36
[131]:31
[132]:31
[133]:26
[134]:17
[135]:11
[136]:11
[137]:5
[138]:8
[139]:1
[140]:5
[141]:3
[142]:3
[143]:2
[144]:1
[146]:1
[148]:1
[152]:1

t0_min: 1.08 us, round:18500
t0_max: 30.92 us, round:20370
t0_jitter: 29.83 us

t1_min: 2.79 us, round:13407
t1_max: 47.83 us, round:20370
t1_jitter: 45.04 us

t2_min: 98.00 us, round:420
t2_max: 152.96 us, round:20319
t2_jitter: 54.96 us

PMU diff samples: 38250
AVG DIFF LL_CACHE_RD: 134.94
AVG DIFF LL_CACHE_MISS_RD: 94.54
AVG DIFF L2D_CACHE_REFILL: 94.58
AVG DIFF L2D_CACHE_INVAL: 0.00
[cur diff] DIFF LL_CACHE_RD: 37, DIFF LL_CACHE_MISS_RD: 0, MISS_RATE: 0.00%
[cur diff] DIFF L2D_CACHE_REFILL: 0
[cur diff] DIFF L2D_CACHE_INVAL: 0
[max diff] DIFF LL_CACHE_RD: 170, DIFF LL_CACHE_MISS_RD: 134, MISS_RATE: 78.82%
[max diff] DIFF L2D_CACHE_REFILL: 135
[max diff] DIFF L2D_CACHE_INVAL: 0

===========================================================
taskpendcnt:38454
t0:5500 ns
t1:13375 ns
t2:111375 ns
benchmark: Franka-derived Cartesian-impedance kernel, input trace:8, timer period:10.000 ms
controller source: franka_ros2 jazzy@73a1501d, updates:38465, SVD sweeps:5
pose error:[0.010000 0.015000 0.010000 -0.000000 0.049979 -0.000000]
tau[0:6]:[-2.379368 -1.292411 -1.655224 -1.570015 -1.185234 -0.066588 -0.610247]
kernel exec min/avg/max: 94.79 / 98.81 / 112.88 us, samples:38457
pressure status:1, copy rounds total/window:1851/10, 4.50 rounds/s
pressure logical copy:18510.00 MiB total, approx 45.01 MiB/s, checksum:2464961003520
pressure report window:2.221507 s
t0_region>
[1]:3370
[2]:114
[3]:946
[4]:8631
[5]:13776
[6]:7381
[7]:2010
[8]:450
[9]:248
[10]:412
[11]:530
[12]:361
[13]:127
[14]:36
[15]:18
[16]:10
[17]:10
[18]:10
[19]:3
[20]:6
[21]:1
[22]:1
[24]:4
[27]:3
[29]:1
[30]:1

t1_region>
[2]:218
[3]:2885
[4]:285
[5]:72
[6]:16
[7]:6
[8]:96
[9]:242
[10]:712
[11]:2852
[12]:5884
[13]:6573
[14]:6193
[15]:5225
[16]:3094
[17]:1375
[18]:531
[19]:275
[20]:248
[21]:360
[22]:483
[23]:350
[24]:158
[25]:62
[26]:46
[27]:40
[28]:21
[29]:33
[30]:23
[31]:17
[32]:21
[33]:21
[34]:14
[35]:7
[36]:6
[37]:8
[38]:4
[39]:1
[40]:1
[41]:2
[46]:1
[47]:1

t2_region>
[98]:612
[99]:2191
[100]:396
[101]:152
[102]:74
[103]:34
[104]:28
[105]:110
[106]:121
[107]:188
[108]:546
[109]:2183
[110]:4840
[111]:4688
[112]:3400
[113]:3835
[114]:4592
[115]:4077
[116]:2371
[117]:1182
[118]:559
[119]:454
[120]:439
[121]:430
[122]:235
[123]:138
[124]:96
[125]:90
[126]:76
[127]:58
[128]:47
[129]:29
[130]:36
[131]:31
[132]:31
[133]:26
[134]:17
[135]:11
[136]:11
[137]:5
[138]:8
[139]:1
[140]:5
[141]:3
[142]:3
[143]:2
[144]:1
[146]:1
[148]:1
[152]:1

t0_min: 1.08 us, round:18500
t0_max: 30.92 us, round:20370
t0_jitter: 29.83 us

t1_min: 2.79 us, round:13407
t1_max: 47.83 us, round:20370
t1_jitter: 45.04 us

t2_min: 98.00 us, round:420
t2_max: 152.96 us, round:20319
t2_jitter: 54.96 us

PMU diff samples: 38472
AVG DIFF LL_CACHE_RD: 134.93
AVG DIFF LL_CACHE_MISS_RD: 94.54
AVG DIFF L2D_CACHE_REFILL: 94.58
AVG DIFF L2D_CACHE_INVAL: 0.00
[cur diff] DIFF LL_CACHE_RD: 39, DIFF LL_CACHE_MISS_RD: 0, MISS_RATE: 0.00%
[cur diff] DIFF L2D_CACHE_REFILL: 0
[cur diff] DIFF L2D_CACHE_INVAL: 0
[max diff] DIFF LL_CACHE_RD: 170, DIFF LL_CACHE_MISS_RD: 134, MISS_RATE: 78.82%
[max diff] DIFF L2D_CACHE_REFILL: 135
[max diff] DIFF L2D_CACHE_INVAL: 0

===========================================================
taskpendcnt:38676
t0:5625 ns
t1:13791 ns
t2:116541 ns
benchmark: Franka-derived Cartesian-impedance kernel, input trace:8, timer period:10.000 ms
controller source: franka_ros2 jazzy@73a1501d, updates:38687, SVD sweeps:5
pose error:[0.010000 0.015000 0.010000 -0.000000 0.049979 -0.000000]
tau[0:6]:[-0.567483 -0.552304 -0.482512 -0.231067 -0.297494 -0.656094 -0.085004]
kernel exec min/avg/max: 94.79 / 98.81 / 112.88 us, samples:38679
pressure status:1, copy rounds total/window:1862/11, 4.95 rounds/s
pressure logical copy:18620.00 MiB total, approx 49.52 MiB/s, checksum:2479609610240
pressure report window:2.221241 s
t0_region>
[1]:3391
[2]:114
[3]:948
[4]:8681
[5]:13861
[6]:7423
[7]:2022
[8]:453
[9]:249
[10]:414
[11]:531
[12]:363
[13]:128
[14]:36
[15]:18
[16]:10
[17]:10
[18]:10
[19]:3
[20]:6
[21]:1
[22]:1
[24]:4
[27]:3
[29]:1
[30]:1

t1_region>
[2]:219
[3]:2904
[4]:286
[5]:72
[6]:16
[7]:6
[8]:96
[9]:242
[10]:714
[11]:2868
[12]:5918
[13]:6612
[14]:6227
[15]:5266
[16]:3113
[17]:1379
[18]:534
[19]:275
[20]:251
[21]:361
[22]:484
[23]:353
[24]:159
[25]:62
[26]:46
[27]:40
[28]:21
[29]:33
[30]:23
[31]:17
[32]:21
[33]:21
[34]:14
[35]:7
[36]:6
[37]:8
[38]:4
[39]:1
[40]:1
[41]:2
[46]:1
[47]:1

t2_region>
[98]:614
[99]:2205
[100]:399
[101]:154
[102]:74
[103]:35
[104]:28
[105]:110
[106]:121
[107]:188
[108]:547
[109]:2197
[110]:4865
[111]:4719
[112]:3421
[113]:3850
[114]:4624
[115]:4102
[116]:2391
[117]:1188
[118]:563
[119]:455
[120]:440
[121]:431
[122]:238
[123]:139
[124]:96
[125]:90
[126]:76
[127]:58
[128]:47
[129]:29
[130]:36
[131]:31
[132]:31
[133]:26
[134]:17
[135]:11
[136]:11
[137]:5
[138]:8
[139]:1
[140]:5
[141]:3
[142]:3
[143]:2
[144]:1
[146]:1
[148]:1
[152]:1

t0_min: 1.08 us, round:18500
t0_max: 30.92 us, round:20370
t0_jitter: 29.83 us

t1_min: 2.79 us, round:13407
t1_max: 47.83 us, round:20370
t1_jitter: 45.04 us

t2_min: 98.00 us, round:420
t2_max: 152.96 us, round:20319
t2_jitter: 54.96 us

PMU diff samples: 38694
AVG DIFF LL_CACHE_RD: 134.93
AVG DIFF LL_CACHE_MISS_RD: 94.54
AVG DIFF L2D_CACHE_REFILL: 94.57
AVG DIFF L2D_CACHE_INVAL: 0.00
[cur diff] DIFF LL_CACHE_RD: 47, DIFF LL_CACHE_MISS_RD: 0, MISS_RATE: 0.00%
[cur diff] DIFF L2D_CACHE_REFILL: 0
[cur diff] DIFF L2D_CACHE_INVAL: 0
[max diff] DIFF LL_CACHE_RD: 170, DIFF LL_CACHE_MISS_RD: 134, MISS_RATE: 78.82%
[max diff] DIFF L2D_CACHE_REFILL: 135
[max diff] DIFF L2D_CACHE_INVAL: 0

===========================================================
taskpendcnt:38898
t0:5166 ns
t1:11666 ns
t2:112875 ns
benchmark: Franka-derived Cartesian-impedance kernel, input trace:8, timer period:10.000 ms
controller source: franka_ros2 jazzy@73a1501d, updates:38910, SVD sweeps:5
pose error:[0.010000 0.015000 0.010000 -0.000000 0.049979 -0.000000]
tau[0:6]:[1.228026 0.081850 0.819520 0.875435 0.745706 -0.833381 0.398995]
kernel exec min/avg/max: 94.79 / 98.81 / 112.88 us, samples:38902
pressure status:1, copy rounds total/window:1873/11, 4.95 rounds/s
pressure logical copy:18730.00 MiB total, approx 49.53 MiB/s, checksum:2494258216960
pressure report window:2.220734 s
t0_region>
[1]:3412
[2]:114
[3]:956
[4]:8726
[5]:13942
[6]:7466
[7]:2035
[8]:454
[9]:250
[10]:416
[11]:536
[12]:365
[13]:128
[14]:36
[15]:18
[16]:10
[17]:10
[18]:10
[19]:3
[20]:6
[21]:1
[22]:1
[24]:4
[27]:3
[29]:1
[30]:1

t1_region>
[2]:221
[3]:2921
[4]:287
[5]:73
[6]:16
[7]:6
[8]:96
[9]:243
[10]:716
[11]:2885
[12]:5951
[13]:6652
[14]:6260
[15]:5299
[16]:3130
[17]:1391
[18]:537
[19]:276
[20]:251
[21]:363
[22]:487
[23]:356
[24]:160
[25]:62
[26]:46
[27]:40
[28]:21
[29]:33
[30]:23
[31]:17
[32]:21
[33]:21
[34]:14
[35]:7
[36]:6
[37]:8
[38]:4
[39]:1
[40]:1
[41]:2
[46]:1
[47]:1

t2_region>
[98]:616
[99]:2220
[100]:401
[101]:155
[102]:74
[103]:36
[104]:28
[105]:110
[106]:121
[107]:189
[108]:549
[109]:2210
[110]:4895
[111]:4743
[112]:3446
[113]:3866
[114]:4652
[115]:4129
[116]:2405
[117]:1195
[118]:566
[119]:457
[120]:444
[121]:434
[122]:238
[123]:139
[124]:98
[125]:90
[126]:76
[127]:58
[128]:47
[129]:29
[130]:36
[131]:31
[132]:31
[133]:26
[134]:17
[135]:11
[136]:11
[137]:5
[138]:8
[139]:1
[140]:5
[141]:3
[142]:3
[143]:2
[144]:1
[146]:1
[148]:1
[152]:1

t0_min: 1.08 us, round:18500
t0_max: 30.92 us, round:20370
t0_jitter: 29.83 us

t1_min: 2.79 us, round:13407
t1_max: 47.83 us, round:20370
t1_jitter: 45.04 us

t2_min: 98.00 us, round:420
t2_max: 152.96 us, round:20319
t2_jitter: 54.96 us

PMU diff samples: 38916
AVG DIFF LL_CACHE_RD: 134.92
AVG DIFF LL_CACHE_MISS_RD: 94.54
AVG DIFF L2D_CACHE_REFILL: 94.57
AVG DIFF L2D_CACHE_INVAL: 0.00
[cur diff] DIFF LL_CACHE_RD: 32, DIFF LL_CACHE_MISS_RD: 0, MISS_RATE: 0.00%
[cur diff] DIFF L2D_CACHE_REFILL: 0
[cur diff] DIFF L2D_CACHE_INVAL: 0
[max diff] DIFF LL_CACHE_RD: 170, DIFF LL_CACHE_MISS_RD: 134, MISS_RATE: 78.82%
[max diff] DIFF L2D_CACHE_REFILL: 135
[max diff] DIFF L2D_CACHE_INVAL: 0

===========================================================
taskpendcnt:39120
t0:5083 ns
t1:12083 ns
t2:110666 ns
benchmark: Franka-derived Cartesian-impedance kernel, input trace:8, timer period:10.000 ms
controller source: franka_ros2 jazzy@73a1501d, updates:39132, SVD sweeps:5
pose error:[0.010000 0.015000 0.010000 -0.000000 0.049979 -0.000000]
tau[0:6]:[-0.274004 -0.324180 0.001577 -0.231466 0.050986 -0.328952 0.010844]
kernel exec min/avg/max: 94.79 / 98.81 / 112.88 us, samples:39124
pressure status:1, copy rounds total/window:1883/10, 4.50 rounds/s
pressure logical copy:18830.00 MiB total, approx 45.01 MiB/s, checksum:2507575132160
pressure report window:2.221502 s
t0_region>
[1]:3433
[2]:114
[3]:958
[4]:8780
[5]:14022
[6]:7512
[7]:2044
[8]:456
[9]:251
[10]:417
[11]:538
[12]:368
[13]:129
[14]:36
[15]:18
[16]:10
[17]:10
[18]:10
[19]:3
[20]:6
[21]:1
[22]:1
[24]:4
[27]:3
[29]:1
[30]:1

t1_region>
[2]:223
[3]:2938
[4]:289
[5]:73
[6]:16
[7]:6
[8]:96
[9]:243
[10]:717
[11]:2911
[12]:5985
[13]:6684
[14]:6297
[15]:5326
[16]:3157
[17]:1398
[18]:539
[19]:276
[20]:252
[21]:364
[22]:489
[23]:359
[24]:160
[25]:63
[26]:46
[27]:40
[28]:21
[29]:33
[30]:23
[31]:17
[32]:21
[33]:21
[34]:14
[35]:7
[36]:6
[37]:8
[38]:4
[39]:1
[40]:1
[41]:2
[46]:1
[47]:1

t2_region>
[98]:621
[99]:2233
[100]:402
[101]:157
[102]:74
[103]:36
[104]:28
[105]:110
[106]:121
[107]:189
[108]:551
[109]:2225
[110]:4929
[111]:4766
[112]:3464
[113]:3891
[114]:4675
[115]:4152
[116]:2426
[117]:1200
[118]:569
[119]:458
[120]:447
[121]:436
[122]:239
[123]:140
[124]:98
[125]:90
[126]:76
[127]:58
[128]:48
[129]:29
[130]:36
[131]:31
[132]:31
[133]:26
[134]:17
[135]:11
[136]:11
[137]:5
[138]:8
[139]:1
[140]:5
[141]:3
[142]:3
[143]:2
[144]:1
[146]:1
[148]:1
[152]:1

t0_min: 1.08 us, round:18500
t0_max: 30.92 us, round:20370
t0_jitter: 29.83 us

t1_min: 2.79 us, round:13407
t1_max: 47.83 us, round:20370
t1_jitter: 45.04 us

t2_min: 98.00 us, round:420
t2_max: 152.96 us, round:20319
t2_jitter: 54.96 us

PMU diff samples: 39138
AVG DIFF LL_CACHE_RD: 134.92
AVG DIFF LL_CACHE_MISS_RD: 94.53
AVG DIFF L2D_CACHE_REFILL: 94.57
AVG DIFF L2D_CACHE_INVAL: 0.00
[cur diff] DIFF LL_CACHE_RD: 28, DIFF LL_CACHE_MISS_RD: 0, MISS_RATE: 0.00%
[cur diff] DIFF L2D_CACHE_REFILL: 0
[cur diff] DIFF L2D_CACHE_INVAL: 0
[max diff] DIFF LL_CACHE_RD: 170, DIFF LL_CACHE_MISS_RD: 134, MISS_RATE: 78.82%
[max diff] DIFF L2D_CACHE_REFILL: 135
[max diff] DIFF L2D_CACHE_INVAL: 0

===========================================================
taskpendcnt:39343
t0:6083 ns
t1:15125 ns
t2:114583 ns
benchmark: Franka-derived Cartesian-impedance kernel, input trace:8, timer period:10.000 ms
controller source: franka_ros2 jazzy@73a1501d, updates:39354, SVD sweeps:5
pose error:[0.010000 0.015000 0.010000 -0.000000 0.049979 -0.000000]
tau[0:6]:[-2.379368 -1.292411 -1.655224 -1.570015 -1.185234 -0.066588 -0.610247]
kernel exec min/avg/max: 94.79 / 98.81 / 112.88 us, samples:39346
pressure status:1, copy rounds total/window:1894/11, 4.95 rounds/s
pressure logical copy:18940.00 MiB total, approx 49.52 MiB/s, checksum:2522223738880
pressure report window:2.221432 s
t0_region>
[1]:3452
[2]:116
[3]:964
[4]:8826
[5]:14110
[6]:7556
[7]:2053
[8]:456
[9]:251
[10]:421
[11]:539
[12]:371
[13]:129
[14]:36
[15]:18
[16]:10
[17]:10
[18]:10
[19]:3
[20]:6
[21]:1
[22]:1
[24]:4
[27]:3
[29]:1
[30]:1

t1_region>
[2]:224
[3]:2956
[4]:290
[5]:73
[6]:16
[7]:7
[8]:96
[9]:244
[10]:718
[11]:2929
[12]:6027
[13]:6715
[14]:6336
[15]:5365
[16]:3173
[17]:1403
[18]:540
[19]:276
[20]:253
[21]:365
[22]:491
[23]:361
[24]:161
[25]:63
[26]:47
[27]:40
[28]:21
[29]:33
[30]:23
[31]:17
[32]:21
[33]:21
[34]:14
[35]:7
[36]:6
[37]:8
[38]:4
[39]:1
[40]:1
[41]:2
[46]:1
[47]:1

t2_region>
[98]:622
[99]:2251
[100]:402
[101]:158
[102]:74
[103]:36
[104]:28
[105]:110
[106]:121
[107]:190
[108]:552
[109]:2232
[110]:4963
[111]:4799
[112]:3486
[113]:3910
[114]:4705
[115]:4174
[116]:2442
[117]:1206
[118]:570
[119]:462
[120]:449
[121]:438
[122]:239
[123]:141
[124]:98
[125]:90
[126]:77
[127]:58
[128]:48
[129]:29
[130]:36
[131]:31
[132]:31
[133]:26
[134]:17
[135]:11
[136]:11
[137]:5
[138]:8
[139]:1
[140]:5
[141]:3
[142]:3
[143]:2
[144]:1
[146]:1
[148]:1
[152]:1

t0_min: 1.08 us, round:18500
t0_max: 30.92 us, round:20370
t0_jitter: 29.83 us

t1_min: 2.79 us, round:13407
t1_max: 47.83 us, round:20370
t1_jitter: 45.04 us

t2_min: 98.00 us, round:420
t2_max: 152.96 us, round:20319
t2_jitter: 54.96 us

PMU diff samples: 39360
AVG DIFF LL_CACHE_RD: 134.92
AVG DIFF LL_CACHE_MISS_RD: 94.53
AVG DIFF L2D_CACHE_REFILL: 94.57
AVG DIFF L2D_CACHE_INVAL: 0.00
[cur diff] DIFF LL_CACHE_RD: 35, DIFF LL_CACHE_MISS_RD: 0, MISS_RATE: 0.00%
[cur diff] DIFF L2D_CACHE_REFILL: 0
[cur diff] DIFF L2D_CACHE_INVAL: 0
[max diff] DIFF LL_CACHE_RD: 170, DIFF LL_CACHE_MISS_RD: 134, MISS_RATE: 78.82%
[max diff] DIFF L2D_CACHE_REFILL: 135
[max diff] DIFF L2D_CACHE_INVAL: 0

===========================================================
taskpendcnt:39565
t0:5041 ns
t1:13500 ns
t2:112083 ns
benchmark: Franka-derived Cartesian-impedance kernel, input trace:8, timer period:10.000 ms
controller source: franka_ros2 jazzy@73a1501d, updates:39576, SVD sweeps:5
pose error:[0.010000 0.015000 0.010000 -0.000000 0.049979 -0.000000]
tau[0:6]:[-0.567483 -0.552304 -0.482512 -0.231067 -0.297494 -0.656094 -0.085004]
kernel exec min/avg/max: 94.79 / 98.81 / 112.88 us, samples:39568
pressure status:1, copy rounds total/window:1904/10, 4.50 rounds/s
pressure logical copy:19040.00 MiB total, approx 45.02 MiB/s, checksum:2535540654080
pressure report window:2.221233 s
t0_region>
[1]:3473
[2]:116
[3]:972
[4]:8875
[5]:14188
[6]:7600
[7]:2063
[8]:457
[9]:253
[10]:424
[11]:542
[12]:373
[13]:130
[14]:36
[15]:18
[16]:10
[17]:10
[18]:10
[19]:3
[20]:6
[21]:1
[22]:1
[24]:4
[27]:3
[29]:1
[30]:1

t1_region>
[2]:224
[3]:2977
[4]:291
[5]:73
[6]:16
[7]:7
[8]:96
[9]:244
[10]:721
[11]:2952
[12]:6064
[13]:6754
[14]:6370
[15]:5399
[16]:3186
[17]:1409
[18]:541
[19]:276
[20]:255
[21]:367
[22]:496
[23]:363
[24]:161
[25]:63
[26]:47
[27]:40
[28]:21
[29]:33
[30]:23
[31]:17
[32]:21
[33]:21
[34]:14
[35]:7
[36]:6
[37]:8
[38]:4
[39]:1
[40]:1
[41]:2
[46]:1
[47]:1

t2_region>
[98]:622
[99]:2269
[100]:405
[101]:158
[102]:74
[103]:36
[104]:28
[105]:110
[106]:121
[107]:190
[108]:555
[109]:2249
[110]:4994
[111]:4823
[112]:3508
[113]:3930
[114]:4741
[115]:4196
[116]:2451
[117]:1211
[118]:572
[119]:464
[120]:452
[121]:441
[122]:240
[123]:141
[124]:98
[125]:91
[126]:77
[127]:58
[128]:48
[129]:29
[130]:36
[131]:31
[132]:31
[133]:26
[134]:17
[135]:11
[136]:11
[137]:5
[138]:8
[139]:1
[140]:5
[141]:3
[142]:3
[143]:2
[144]:1
[146]:1
[148]:1
[152]:1

t0_min: 1.08 us, round:18500
t0_max: 30.92 us, round:20370
t0_jitter: 29.83 us

t1_min: 2.79 us, round:13407
t1_max: 47.83 us, round:20370
t1_jitter: 45.04 us

t2_min: 98.00 us, round:420
t2_max: 152.96 us, round:20319
t2_jitter: 54.96 us

PMU diff samples: 39583
AVG DIFF LL_CACHE_RD: 134.91
AVG DIFF LL_CACHE_MISS_RD: 94.52
AVG DIFF L2D_CACHE_REFILL: 94.56
AVG DIFF L2D_CACHE_INVAL: 0.00
[cur diff] DIFF LL_CACHE_RD: 50, DIFF LL_CACHE_MISS_RD: 0, MISS_RATE: 0.00%
[cur diff] DIFF L2D_CACHE_REFILL: 0
[cur diff] DIFF L2D_CACHE_INVAL: 0
[max diff] DIFF LL_CACHE_RD: 170, DIFF LL_CACHE_MISS_RD: 134, MISS_RATE: 78.82%
[max diff] DIFF L2D_CACHE_REFILL: 135
[max diff] DIFF L2D_CACHE_INVAL: 0

===========================================================
taskpendcnt:39787
t0:6333 ns
t1:14208 ns
t2:111625 ns
benchmark: Franka-derived Cartesian-impedance kernel, input trace:8, timer period:10.000 ms
controller source: franka_ros2 jazzy@73a1501d, updates:39798, SVD sweeps:5
pose error:[0.010000 0.015000 0.010000 -0.000000 0.049979 -0.000000]
tau[0:6]:[1.228026 0.081850 0.819520 0.875435 0.745706 -0.833381 0.398995]
kernel exec min/avg/max: 94.79 / 98.81 / 112.88 us, samples:39790
pressure status:1, copy rounds total/window:1915/11, 4.95 rounds/s
pressure logical copy:19150.00 MiB total, approx 49.53 MiB/s, checksum:2550189260800
pressure report window:2.220685 s
t0_region>
[1]:3494
[2]:116
[3]:976
[4]:8925
[5]:14280
[6]:7636
[7]:2071
[8]:457
[9]:254
[10]:429
[11]:545
[12]:375
[13]:130
[14]:36
[15]:18
[16]:10
[17]:10
[18]:10
[19]:3
[20]:6
[21]:1
[22]:1
[24]:4
[27]:3
[29]:1
[30]:1

t1_region>
[2]:224
[3]:2997
[4]:292
[5]:73
[6]:16
[7]:7
[8]:96
[9]:244
[10]:726
[11]:2970
[12]:6095
[13]:6792
[14]:6411
[15]:5427
[16]:3203
[17]:1420
[18]:541
[19]:278
[20]:257
[21]:370
[22]:499
[23]:365
[24]:161
[25]:63
[26]:47
[27]:40
[28]:21
[29]:33
[30]:23
[31]:17
[32]:21
[33]:21
[34]:14
[35]:7
[36]:6
[37]:8
[38]:4
[39]:1
[40]:1
[41]:2
[46]:1
[47]:1

t2_region>
[98]:623
[99]:2284
[100]:409
[101]:158
[102]:75
[103]:36
[104]:28
[105]:110
[106]:121
[107]:190
[108]:558
[109]:2264
[110]:5021
[111]:4851
[112]:3530
[113]:3953
[114]:4763
[115]:4225
[116]:2460
[117]:1218
[118]:580
[119]:465
[120]:456
[121]:442
[122]:240
[123]:142
[124]:98
[125]:91
[126]:77
[127]:59
[128]:48
[129]:29
[130]:36
[131]:31
[132]:31
[133]:26
[134]:17
[135]:11
[136]:11
[137]:5
[138]:8
[139]:1
[140]:5
[141]:3
[142]:3
[143]:2
[144]:1
[146]:1
[148]:1
[152]:1

t0_min: 1.08 us, round:18500
t0_max: 30.92 us, round:20370
t0_jitter: 29.83 us

t1_min: 2.79 us, round:13407
t1_max: 47.83 us, round:20370
t1_jitter: 45.04 us

t2_min: 98.00 us, round:420
t2_max: 152.96 us, round:20319
t2_jitter: 54.96 us

PMU diff samples: 39805
AVG DIFF LL_CACHE_RD: 134.91
AVG DIFF LL_CACHE_MISS_RD: 94.52
AVG DIFF L2D_CACHE_REFILL: 94.55
AVG DIFF L2D_CACHE_INVAL: 0.00
[cur diff] DIFF LL_CACHE_RD: 34, DIFF LL_CACHE_MISS_RD: 0, MISS_RATE: 0.00%
[cur diff] DIFF L2D_CACHE_REFILL: 0
[cur diff] DIFF L2D_CACHE_INVAL: 0
[max diff] DIFF LL_CACHE_RD: 170, DIFF LL_CACHE_MISS_RD: 134, MISS_RATE: 78.82%
[max diff] DIFF L2D_CACHE_REFILL: 135
[max diff] DIFF L2D_CACHE_INVAL: 0

===========================================================
taskpendcnt:40009
t0:6458 ns
t1:16958 ns
t2:116708 ns
benchmark: Franka-derived Cartesian-impedance kernel, input trace:8, timer period:10.000 ms
controller source: franka_ros2 jazzy@73a1501d, updates:40020, SVD sweeps:5
pose error:[0.010000 0.015000 0.010000 -0.000000 0.049979 -0.000000]
tau[0:6]:[-0.274004 -0.324180 0.001577 -0.231466 0.050986 -0.328952 0.010844]
kernel exec min/avg/max: 94.79 / 98.81 / 112.88 us, samples:40012
pressure status:1, copy rounds total/window:1926/11, 4.95 rounds/s
pressure logical copy:19260.00 MiB total, approx 49.52 MiB/s, checksum:2564837867520
pressure report window:2.221483 s
t0_region>
[1]:3515
[2]:116
[3]:979
[4]:8975
[5]:14373
[6]:7674
[7]:2077
[8]:459
[9]:255
[10]:430
[11]:550
[12]:377
[13]:130
[14]:36
[15]:18
[16]:10
[17]:10
[18]:10
[19]:3
[20]:6
[21]:1
[22]:1
[24]:4
[27]:3
[29]:1
[30]:1

t1_region>
[2]:224
[3]:3016
[4]:293
[5]:74
[6]:16
[7]:7
[8]:96
[9]:244
[10]:729
[11]:2985
[12]:6128
[13]:6839
[14]:6448
[15]:5458
[16]:3221
[17]:1426
[18]:543
[19]:278
[20]:258
[21]:370
[22]:505
[23]:367
[24]:161
[25]:63
[26]:47
[27]:40
[28]:21
[29]:33
[30]:23
[31]:17
[32]:21
[33]:21
[34]:14
[35]:7
[36]:6
[37]:8
[38]:4
[39]:1
[40]:1
[41]:2
[46]:1
[47]:1

t2_region>
[98]:625
[99]:2301
[100]:410
[101]:159
[102]:75
[103]:36
[104]:28
[105]:110
[106]:121
[107]:190
[108]:562
[109]:2277
[110]:5051
[111]:4886
[112]:3543
[113]:3974
[114]:4785
[115]:4252
[116]:2477
[117]:1228
[118]:580
[119]:466
[120]:457
[121]:447
[122]:241
[123]:142
[124]:99
[125]:91
[126]:77
[127]:59
[128]:48
[129]:29
[130]:36
[131]:31
[132]:31
[133]:26
[134]:17
[135]:11
[136]:11
[137]:5
[138]:8
[139]:1
[140]:5
[141]:3
[142]:3
[143]:2
[144]:1
[146]:1
[148]:1
[152]:1

t0_min: 1.08 us, round:18500
t0_max: 30.92 us, round:20370
t0_jitter: 29.83 us

t1_min: 2.79 us, round:13407
t1_max: 47.83 us, round:20370
t1_jitter: 45.04 us

t2_min: 98.00 us, round:420
t2_max: 152.96 us, round:20319
t2_jitter: 54.96 us

PMU diff samples: 40027
AVG DIFF LL_CACHE_RD: 134.90
AVG DIFF LL_CACHE_MISS_RD: 94.51
AVG DIFF L2D_CACHE_REFILL: 94.55
AVG DIFF L2D_CACHE_INVAL: 0.00
[cur diff] DIFF LL_CACHE_RD: 40, DIFF LL_CACHE_MISS_RD: 0, MISS_RATE: 0.00%
[cur diff] DIFF L2D_CACHE_REFILL: 0
[cur diff] DIFF L2D_CACHE_INVAL: 0
[max diff] DIFF LL_CACHE_RD: 170, DIFF LL_CACHE_MISS_RD: 134, MISS_RATE: 78.82%
[max diff] DIFF L2D_CACHE_REFILL: 135
[max diff] DIFF L2D_CACHE_INVAL: 0

===========================================================
taskpendcnt:40231
t0:6000 ns
t1:16500 ns
t2:116250 ns
benchmark: Franka-derived Cartesian-impedance kernel, input trace:8, timer period:10.000 ms
controller source: franka_ros2 jazzy@73a1501d, updates:40242, SVD sweeps:5
pose error:[0.010000 0.015000 0.010000 -0.000000 0.049979 -0.000000]
tau[0:6]:[-1.839419 -0.921560 -1.193198 -1.195971 -0.861243 0.113634 -0.461388]
kernel exec min/avg/max: 94.79 / 98.81 / 112.88 us, samples:40234
pressure status:1, copy rounds total/window:1936/10, 4.50 rounds/s
pressure logical copy:19360.00 MiB total, approx 45.02 MiB/s, checksum:2578154782720
pressure report window:2.221417 s
t0_region>
[1]:3535
[2]:118
[3]:986
[4]:9030
[5]:14440
[6]:7716
[7]:2086
[8]:465
[9]:257
[10]:431
[11]:555
[12]:379
[13]:131
[14]:37
[15]:19
[16]:11
[17]:10
[18]:10
[19]:3
[20]:7
[21]:1
[22]:1
[24]:4
[27]:3
[29]:1
[30]:1

t1_region>
[2]:225
[3]:3031
[4]:293
[5]:75
[6]:20
[7]:7
[8]:97
[9]:248
[10]:735
[11]:3011
[12]:6160
[13]:6870
[14]:6485
[15]:5479
[16]:3233
[17]:1432
[18]:546
[19]:284
[20]:262
[21]:371
[22]:506
[23]:370
[24]:162
[25]:63
[26]:47
[27]:40
[28]:22
[29]:33
[30]:23
[31]:17
[32]:21
[33]:24
[34]:15
[35]:8
[36]:6
[37]:8
[38]:4
[39]:1
[40]:1
[41]:2
[46]:1
[47]:1

t2_region>
[98]:626
[99]:2311
[100]:411
[101]:161
[102]:78
[103]:37
[104]:30
[105]:112
[106]:123
[107]:193
[108]:571
[109]:2292
[110]:5077
[111]:4906
[112]:3568
[113]:3992
[114]:4806
[115]:4269
[116]:2488
[117]:1237
[118]:585
[119]:470
[120]:460
[121]:450
[122]:243
[123]:143
[124]:99
[125]:91
[126]:78
[127]:59
[128]:48
[129]:29
[130]:36
[131]:31
[132]:33
[133]:26
[134]:17
[135]:12
[136]:13
[137]:6
[138]:8
[139]:1
[140]:5
[141]:3
[142]:3
[143]:2
[144]:1
[146]:1
[148]:1
[152]:1

t0_min: 1.08 us, round:18500
t0_max: 30.92 us, round:20370
t0_jitter: 29.83 us

t1_min: 2.79 us, round:13407
t1_max: 47.83 us, round:20370
t1_jitter: 45.04 us

t2_min: 98.00 us, round:420
t2_max: 152.96 us, round:20319
t2_jitter: 54.96 us

PMU diff samples: 40249
AVG DIFF LL_CACHE_RD: 134.89
AVG DIFF LL_CACHE_MISS_RD: 94.51
AVG DIFF L2D_CACHE_REFILL: 94.55
AVG DIFF L2D_CACHE_INVAL: 0.00
[cur diff] DIFF LL_CACHE_RD: 43, DIFF LL_CACHE_MISS_RD: 2, MISS_RATE: 4.65%
[cur diff] DIFF L2D_CACHE_REFILL: 3
[cur diff] DIFF L2D_CACHE_INVAL: 0
[max diff] DIFF LL_CACHE_RD: 170, DIFF LL_CACHE_MISS_RD: 134, MISS_RATE: 78.82%
[max diff] DIFF L2D_CACHE_REFILL: 135
[max diff] DIFF L2D_CACHE_INVAL: 0

===========================================================
taskpendcnt:40453
t0:4958 ns
t1:14291 ns
t2:115000 ns
benchmark: Franka-derived Cartesian-impedance kernel, input trace:8, timer period:10.000 ms
controller source: franka_ros2 jazzy@73a1501d, updates:40464, SVD sweeps:5
pose error:[0.010000 0.015000 0.010000 -0.000000 0.049979 -0.000000]
tau[0:6]:[-2.781770 -1.613002 -1.930139 -1.581803 -1.382951 -0.390599 -0.663394]
kernel exec min/avg/max: 94.79 / 98.81 / 112.88 us, samples:40456
pressure status:1, copy rounds total/window:1947/11, 4.95 rounds/s
pressure logical copy:19470.00 MiB total, approx 49.51 MiB/s, checksum:2592803389440
pressure report window:2.221616 s
t0_region>
[1]:3551
[2]:123
[3]:989
[4]:9077
[5]:14492
[6]:7766
[7]:2110
[8]:474
[9]:261
[10]:434
[11]:557
[12]:382
[13]:131
[14]:39
[15]:20
[16]:12
[17]:10
[18]:10
[19]:3
[20]:7
[21]:1
[22]:1
[24]:4
[27]:3
[29]:1
[30]:1

t1_region>
[2]:225
[3]:3043
[4]:296
[5]:78
[6]:23
[7]:7
[8]:97
[9]:248
[10]:741
[11]:3025
[12]:6186
[13]:6890
[14]:6512
[15]:5505
[16]:3256
[17]:1451
[18]:555
[19]:289
[20]:263
[21]:374
[22]:513
[23]:375
[24]:164
[25]:65
[26]:48
[27]:41
[28]:23
[29]:34
[30]:23
[31]:17
[32]:22
[33]:24
[34]:15
[35]:9
[36]:6
[37]:8
[38]:4
[39]:1
[40]:1
[41]:2
[46]:1
[47]:1

t2_region>
[98]:627
[99]:2323
[100]:416
[101]:161
[102]:79
[103]:38
[104]:31
[105]:112
[106]:123
[107]:193
[108]:576
[109]:2298
[110]:5093
[111]:4917
[112]:3589
[113]:4015
[114]:4826
[115]:4295
[116]:2501
[117]:1248
[118]:592
[119]:478
[120]:465
[121]:455
[122]:244
[123]:148
[124]:102
[125]:94
[126]:81
[127]:60
[128]:50
[129]:30
[130]:37
[131]:32
[132]:34
[133]:26
[134]:18
[135]:13
[136]:13
[137]:6
[138]:8
[139]:1
[140]:5
[141]:3
[142]:3
[143]:2
[144]:1
[146]:1
[148]:1
[152]:1

t0_min: 1.08 us, round:18500
t0_max: 30.92 us, round:20370
t0_jitter: 29.83 us

t1_min: 2.79 us, round:13407
t1_max: 47.83 us, round:20370
t1_jitter: 45.04 us

t2_min: 98.00 us, round:420
t2_max: 152.96 us, round:20319
t2_jitter: 54.96 us

PMU diff samples: 40471
AVG DIFF LL_CACHE_RD: 134.89
AVG DIFF LL_CACHE_MISS_RD: 94.51
AVG DIFF L2D_CACHE_REFILL: 94.54
AVG DIFF L2D_CACHE_INVAL: 0.00
[cur diff] DIFF LL_CACHE_RD: 38, DIFF LL_CACHE_MISS_RD: 0, MISS_RATE: 0.00%
[cur diff] DIFF L2D_CACHE_REFILL: 0
[cur diff] DIFF L2D_CACHE_INVAL: 0
[max diff] DIFF LL_CACHE_RD: 170, DIFF LL_CACHE_MISS_RD: 134, MISS_RATE: 78.82%
[max diff] DIFF L2D_CACHE_REFILL: 135
[max diff] DIFF L2D_CACHE_INVAL: 0

===========================================================
taskpendcnt:40675
t0:4583 ns
t1:13333 ns
t2:115708 ns
benchmark: Franka-derived Cartesian-impedance kernel, input trace:8, timer period:10.000 ms
controller source: franka_ros2 jazzy@73a1501d, updates:40687, SVD sweeps:5
pose error:[0.010000 0.015000 0.010000 -0.000000 0.049979 -0.000000]
tau[0:6]:[1.376914 -0.104433 0.790225 0.843903 0.642107 -0.956178 0.423547]
kernel exec min/avg/max: 94.79 / 98.81 / 112.88 us, samples:40679
pressure status:1, copy rounds total/window:1958/11, 4.95 rounds/s
pressure logical copy:19580.00 MiB total, approx 49.51 MiB/s, checksum:2607451996160
pressure report window:2.221871 s
t0_region>
[1]:3572
[2]:123
[3]:991
[4]:9133
[5]:14571
[6]:7810
[7]:2119
[8]:476
[9]:263
[10]:435
[11]:562
[12]:383
[13]:131
[14]:39
[15]:20
[16]:12
[17]:10
[18]:10
[19]:3
[20]:7
[21]:1
[22]:1
[24]:4
[27]:3
[29]:1
[30]:1

t1_region>
[2]:226
[3]:3061
[4]:298
[5]:78
[6]:23
[7]:7
[8]:97
[9]:248
[10]:743
[11]:3040
[12]:6219
[13]:6943
[14]:6544
[15]:5535
[16]:3272
[17]:1459
[18]:558
[19]:290
[20]:265
[21]:375
[22]:515
[23]:377
[24]:165
[25]:65
[26]:48
[27]:41
[28]:23
[29]:34
[30]:23
[31]:17
[32]:22
[33]:24
[34]:15
[35]:9
[36]:6
[37]:8
[38]:4
[39]:1
[40]:1
[41]:2
[46]:1
[47]:1

t2_region>
[98]:631
[99]:2336
[100]:418
[101]:162
[102]:80
[103]:38
[104]:31
[105]:112
[106]:123
[107]:193
[108]:577
[109]:2309
[110]:5117
[111]:4953
[112]:3612
[113]:4035
[114]:4854
[115]:4318
[116]:2515
[117]:1257
[118]:596
[119]:480
[120]:467
[121]:457
[122]:244
[123]:150
[124]:102
[125]:94
[126]:81
[127]:60
[128]:50
[129]:30
[130]:37
[131]:32
[132]:34
[133]:26
[134]:18
[135]:13
[136]:13
[137]:6
[138]:8
[139]:1
[140]:5
[141]:3
[142]:3
[143]:2
[144]:1
[146]:1
[148]:1
[152]:1

t0_min: 1.08 us, round:18500
t0_max: 30.92 us, round:20370
t0_jitter: 29.83 us

t1_min: 2.79 us, round:13407
t1_max: 47.83 us, round:20370
t1_jitter: 45.04 us

t2_min: 98.00 us, round:420
t2_max: 152.96 us, round:20319
t2_jitter: 54.96 us

PMU diff samples: 40693
AVG DIFF LL_CACHE_RD: 134.89
AVG DIFF LL_CACHE_MISS_RD: 94.51
AVG DIFF L2D_CACHE_REFILL: 94.55
AVG DIFF L2D_CACHE_INVAL: 0.00
[cur diff] DIFF LL_CACHE_RD: 35, DIFF LL_CACHE_MISS_RD: 0, MISS_RATE: 0.00%
[cur diff] DIFF L2D_CACHE_REFILL: 0
[cur diff] DIFF L2D_CACHE_INVAL: 0
[max diff] DIFF LL_CACHE_RD: 170, DIFF LL_CACHE_MISS_RD: 134, MISS_RATE: 78.82%
[max diff] DIFF L2D_CACHE_REFILL: 135
[max diff] DIFF L2D_CACHE_INVAL: 0

===========================================================
taskpendcnt:40898
t0:5583 ns
t1:13750 ns
t2:111750 ns
benchmark: Franka-derived Cartesian-impedance kernel, input trace:8, timer period:10.000 ms
controller source: franka_ros2 jazzy@73a1501d, updates:40909, SVD sweeps:5
pose error:[0.010000 0.015000 0.010000 -0.000000 0.049979 -0.000000]
tau[0:6]:[0.839771 0.130674 0.617691 0.624912 0.653099 -0.592692 0.265887]
kernel exec min/avg/max: 94.79 / 98.81 / 112.88 us, samples:40901
pressure status:1, copy rounds total/window:1968/10, 4.50 rounds/s
pressure logical copy:19680.00 MiB total, approx 45.02 MiB/s, checksum:2620768911360
pressure report window:2.221156 s
t0_region>
[1]:3592
[2]:124
[3]:994
[4]:9186
[5]:14652
[6]:7849
[7]:2134
[8]:477
[9]:263
[10]:436
[11]:567
[12]:385
[13]:132
[14]:39
[15]:20
[16]:12
[17]:10
[18]:10
[19]:3
[20]:7
[21]:1
[22]:1
[24]:4
[27]:3
[29]:1
[30]:1

t1_region>
[2]:226
[3]:3079
[4]:300
[5]:78
[6]:23
[7]:7
[8]:99
[9]:248
[10]:745
[11]:3053
[12]:6261
[13]:6977
[14]:6579
[15]:5569
[16]:3290
[17]:1467
[18]:561
[19]:292
[20]:265
[21]:377
[22]:518
[23]:378
[24]:167
[25]:65
[26]:49
[27]:41
[28]:23
[29]:34
[30]:23
[31]:17
[32]:22
[33]:24
[34]:15
[35]:9
[36]:6
[37]:8
[38]:4
[39]:1
[40]:1
[41]:2
[46]:1
[47]:1

t2_region>
[98]:635
[99]:2349
[100]:421
[101]:162
[102]:80
[103]:38
[104]:31
[105]:112
[106]:124
[107]:194
[108]:578
[109]:2319
[110]:5155
[111]:4979
[112]:3628
[113]:4050
[114]:4884
[115]:4345
[116]:2529
[117]:1267
[118]:600
[119]:480
[120]:470
[121]:459
[122]:246
[123]:150
[124]:103
[125]:95
[126]:81
[127]:60
[128]:50
[129]:30
[130]:37
[131]:32
[132]:34
[133]:26
[134]:18
[135]:13
[136]:13
[137]:6
[138]:8
[139]:1
[140]:5
[141]:3
[142]:3
[143]:2
[144]:1
[146]:1
[148]:1
[152]:1

t0_min: 1.08 us, round:18500
t0_max: 30.92 us, round:20370
t0_jitter: 29.83 us

t1_min: 2.79 us, round:13407
t1_max: 47.83 us, round:20370
t1_jitter: 45.04 us

t2_min: 98.00 us, round:420
t2_max: 152.96 us, round:20319
t2_jitter: 54.96 us

PMU diff samples: 40915
AVG DIFF LL_CACHE_RD: 134.89
AVG DIFF LL_CACHE_MISS_RD: 94.51
AVG DIFF L2D_CACHE_REFILL: 94.55
AVG DIFF L2D_CACHE_INVAL: 0.00
[cur diff] DIFF LL_CACHE_RD: 44, DIFF LL_CACHE_MISS_RD: 0, MISS_RATE: 0.00%
[cur diff] DIFF L2D_CACHE_REFILL: 0
[cur diff] DIFF L2D_CACHE_INVAL: 0
[max diff] DIFF LL_CACHE_RD: 170, DIFF LL_CACHE_MISS_RD: 134, MISS_RATE: 78.82%
[max diff] DIFF L2D_CACHE_REFILL: 135
[max diff] DIFF L2D_CACHE_INVAL: 0

===========================================================
taskpendcnt:41120
t0:5125 ns
t1:14458 ns
t2:113916 ns
benchmark: Franka-derived Cartesian-impedance kernel, input trace:8, timer period:10.000 ms
controller source: franka_ros2 jazzy@73a1501d, updates:41131, SVD sweeps:5
pose error:[0.010000 0.015000 0.010000 -0.000000 0.049979 -0.000000]
tau[0:6]:[-1.839419 -0.921560 -1.193198 -1.195971 -0.861243 0.113634 -0.461388]
kernel exec min/avg/max: 94.79 / 98.81 / 112.88 us, samples:41123
pressure status:1, copy rounds total/window:1979/11, 4.95 rounds/s
pressure logical copy:19790.00 MiB total, approx 49.51 MiB/s, checksum:2635417518080
pressure report window:2.221633 s
t0_region>
[1]:3613
[2]:124
[3]:995
[4]:9249
[5]:14733
[6]:7886
[7]:2144
[8]:478
[9]:265
[10]:437
[11]:570
[12]:386
[13]:133
[14]:39
[15]:20
[16]:12
[17]:10
[18]:10
[19]:3
[20]:7
[21]:1
[22]:1
[24]:4
[27]:3
[29]:1
[30]:1

t1_region>
[2]:229
[3]:3095
[4]:302
[5]:79
[6]:23
[7]:7
[8]:99
[9]:248
[10]:746
[11]:3070
[12]:6301
[13]:7016
[14]:6613
[15]:5603
[16]:3303
[17]:1478
[18]:565
[19]:292
[20]:266
[21]:378
[22]:519
[23]:382
[24]:168
[25]:65
[26]:49
[27]:41
[28]:23
[29]:34
[30]:23
[31]:17
[32]:22
[33]:24
[34]:15
[35]:9
[36]:6
[37]:8
[38]:4
[39]:1
[40]:1
[41]:2
[46]:1
[47]:1

t2_region>
[98]:639
[99]:2362
[100]:423
[101]:164
[102]:80
[103]:38
[104]:31
[105]:112
[106]:124
[107]:194
[108]:578
[109]:2331
[110]:5189
[111]:5010
[112]:3642
[113]:4080
[114]:4910
[115]:4367
[116]:2543
[117]:1274
[118]:601
[119]:483
[120]:471
[121]:461
[122]:248
[123]:152
[124]:103
[125]:95
[126]:81
[127]:60
[128]:50
[129]:30
[130]:37
[131]:32
[132]:34
[133]:26
[134]:18
[135]:13
[136]:13
[137]:6
[138]:8
[139]:1
[140]:5
[141]:3
[142]:3
[143]:2
[144]:1
[146]:1
[148]:1
[152]:1

t0_min: 1.08 us, round:18500
t0_max: 30.92 us, round:20370
t0_jitter: 29.83 us

t1_min: 2.79 us, round:13407
t1_max: 47.83 us, round:20370
t1_jitter: 45.04 us

t2_min: 98.00 us, round:420
t2_max: 152.96 us, round:20319
t2_jitter: 54.96 us

PMU diff samples: 41138
AVG DIFF LL_CACHE_RD: 134.88
AVG DIFF LL_CACHE_MISS_RD: 94.50
AVG DIFF L2D_CACHE_REFILL: 94.54
AVG DIFF L2D_CACHE_INVAL: 0.00
[cur diff] DIFF LL_CACHE_RD: 33, DIFF LL_CACHE_MISS_RD: 0, MISS_RATE: 0.00%
[cur diff] DIFF L2D_CACHE_REFILL: 0
[cur diff] DIFF L2D_CACHE_INVAL: 0
[max diff] DIFF LL_CACHE_RD: 170, DIFF LL_CACHE_MISS_RD: 134, MISS_RATE: 78.82%
[max diff] DIFF L2D_CACHE_REFILL: 135
[max diff] DIFF L2D_CACHE_INVAL: 0

===========================================================
taskpendcnt:41342
t0:5250 ns
t1:13125 ns
t2:112291 ns
benchmark: Franka-derived Cartesian-impedance kernel, input trace:8, timer period:10.000 ms
controller source: franka_ros2 jazzy@73a1501d, updates:41353, SVD sweeps:5
pose error:[0.010000 0.015000 0.010000 -0.000000 0.049979 -0.000000]
tau[0:6]:[-2.781770 -1.613002 -1.930139 -1.581803 -1.382951 -0.390599 -0.663394]
kernel exec min/avg/max: 94.79 / 98.81 / 112.88 us, samples:41345
pressure status:1, copy rounds total/window:1989/10, 4.50 rounds/s
pressure logical copy:19890.00 MiB total, approx 45.02 MiB/s, checksum:2648734433280
pressure report window:2.221327 s
t0_region>
[1]:3634
[2]:124
[3]:1000
[4]:9297
[5]:14818
[6]:7926
[7]:2156
[8]:479
[9]:268
[10]:438
[11]:574
[12]:387
[13]:134
[14]:39
[15]:20
[16]:12
[17]:10
[18]:10
[19]:3
[20]:7
[21]:1
[22]:1
[24]:4
[27]:3
[29]:1
[30]:1

t1_region>
[2]:230
[3]:3113
[4]:304
[5]:79
[6]:23
[7]:7
[8]:99
[9]:248
[10]:751
[11]:3083
[12]:6337
[13]:7056
[14]:6650
[15]:5633
[16]:3325
[17]:1485
[18]:566
[19]:292
[20]:269
[21]:380
[22]:520
[23]:384
[24]:169
[25]:65
[26]:49
[27]:41
[28]:23
[29]:35
[30]:23
[31]:17
[32]:22
[33]:24
[34]:15
[35]:9
[36]:6
[37]:8
[38]:4
[39]:1
[40]:1
[41]:2
[46]:1
[47]:1

t2_region>
[98]:643
[99]:2376
[100]:425
[101]:165
[102]:80
[103]:38
[104]:31
[105]:112
[106]:124
[107]:194
[108]:579
[109]:2343
[110]:5218
[111]:5033
[112]:3664
[113]:4112
[114]:4941
[115]:4385
[116]:2559
[117]:1280
[118]:604
[119]:484
[120]:473
[121]:462
[122]:250
[123]:152
[124]:103
[125]:96
[126]:81
[127]:60
[128]:50
[129]:31
[130]:37
[131]:32
[132]:34
[133]:26
[134]:18
[135]:13
[136]:13
[137]:6
[138]:8
[139]:1
[140]:5
[141]:3
[142]:3
[143]:2
[144]:1
[146]:1
[148]:1
[152]:1

t0_min: 1.08 us, round:18500
t0_max: 30.92 us, round:20370
t0_jitter: 29.83 us

t1_min: 2.79 us, round:13407
t1_max: 47.83 us, round:20370
t1_jitter: 45.04 us

t2_min: 98.00 us, round:420
t2_max: 152.96 us, round:20319
t2_jitter: 54.96 us

PMU diff samples: 41360
AVG DIFF LL_CACHE_RD: 134.87
AVG DIFF LL_CACHE_MISS_RD: 94.50
AVG DIFF L2D_CACHE_REFILL: 94.54
AVG DIFF L2D_CACHE_INVAL: 0.00
[cur diff] DIFF LL_CACHE_RD: 44, DIFF LL_CACHE_MISS_RD: 0, MISS_RATE: 0.00%
[cur diff] DIFF L2D_CACHE_REFILL: 1
[cur diff] DIFF L2D_CACHE_INVAL: 0
[max diff] DIFF LL_CACHE_RD: 170, DIFF LL_CACHE_MISS_RD: 134, MISS_RATE: 78.82%
[max diff] DIFF L2D_CACHE_REFILL: 135
[max diff] DIFF L2D_CACHE_INVAL: 0

===========================================================
taskpendcnt:41564
t0:5083 ns
t1:12666 ns
t2:110958 ns
benchmark: Franka-derived Cartesian-impedance kernel, input trace:8, timer period:10.000 ms
controller source: franka_ros2 jazzy@73a1501d, updates:41575, SVD sweeps:5
pose error:[0.010000 0.015000 0.010000 -0.000000 0.049979 -0.000000]
tau[0:6]:[-0.567483 -0.552304 -0.482512 -0.231067 -0.297494 -0.656094 -0.085004]
kernel exec min/avg/max: 94.79 / 98.81 / 112.88 us, samples:41567
pressure status:1, copy rounds total/window:2000/11, 4.95 rounds/s
pressure logical copy:20000.00 MiB total, approx 49.50 MiB/s, checksum:2663383040000
pressure report window:2.222296 s
t0_region>
[1]:3656
[2]:124
[3]:1006
[4]:9347
[5]:14899
[6]:7966
[7]:2169
[8]:480
[9]:269
[10]:438
[11]:578
[12]:391
[13]:135
[14]:39
[15]:20
[16]:12
[17]:10
[18]:10
[19]:3
[20]:7
[21]:1
[22]:1
[24]:4
[27]:3
[29]:1
[30]:1

t1_region>
[2]:232
[3]:3130
[4]:306
[5]:79
[6]:23
[7]:7
[8]:99
[9]:248
[10]:753
[11]:3097
[12]:6381
[13]:7084
[14]:6695
[15]:5666
[16]:3340
[17]:1491
[18]:570
[19]:293
[20]:269
[21]:380
[22]:524
[23]:388
[24]:169
[25]:65
[26]:50
[27]:41
[28]:23
[29]:35
[30]:23
[31]:17
[32]:22
[33]:24
[34]:15
[35]:9
[36]:6
[37]:8
[38]:4
[39]:1
[40]:1
[41]:2
[46]:1
[47]:1

t2_region>
[98]:649
[99]:2388
[100]:426
[101]:167
[102]:80
[103]:38
[104]:31
[105]:112
[106]:124
[107]:194
[108]:579
[109]:2360
[110]:5249
[111]:5052
[112]:3688
[113]:4139
[114]:4972
[115]:4404
[116]:2573
[117]:1284
[118]:608
[119]:485
[120]:477
[121]:465
[122]:251
[123]:153
[124]:103
[125]:97
[126]:81
[127]:60
[128]:50
[129]:31
[130]:37
[131]:32
[132]:34
[133]:26
[134]:18
[135]:13
[136]:13
[137]:6
[138]:8
[139]:1
[140]:5
[141]:3
[142]:3
[143]:2
[144]:1
[146]:1
[148]:1
[152]:1

t0_min: 1.08 us, round:18500
t0_max: 30.92 us, round:20370
t0_jitter: 29.83 us

t1_min: 2.79 us, round:13407
t1_max: 47.83 us, round:20370
t1_jitter: 45.04 us

t2_min: 98.00 us, round:420
t2_max: 152.96 us, round:20319
t2_jitter: 54.96 us

PMU diff samples: 41582
AVG DIFF LL_CACHE_RD: 134.86
AVG DIFF LL_CACHE_MISS_RD: 94.50
AVG DIFF L2D_CACHE_REFILL: 94.53
AVG DIFF L2D_CACHE_INVAL: 0.00
[cur diff] DIFF LL_CACHE_RD: 42, DIFF LL_CACHE_MISS_RD: 0, MISS_RATE: 0.00%
[cur diff] DIFF L2D_CACHE_REFILL: 0
[cur diff] DIFF L2D_CACHE_INVAL: 0
[max diff] DIFF LL_CACHE_RD: 170, DIFF LL_CACHE_MISS_RD: 134, MISS_RATE: 78.82%
[max diff] DIFF L2D_CACHE_REFILL: 135
[max diff] DIFF L2D_CACHE_INVAL: 0

===========================================================
taskpendcnt:41786
t0:4625 ns
t1:13166 ns
t2:113791 ns
benchmark: Franka-derived Cartesian-impedance kernel, input trace:8, timer period:10.000 ms
controller source: franka_ros2 jazzy@73a1501d, updates:41798, SVD sweeps:5
pose error:[0.010000 0.015000 0.010000 -0.000000 0.049979 -0.000000]
tau[0:6]:[1.228026 0.081850 0.819520 0.875435 0.745706 -0.833381 0.398995]
kernel exec min/avg/max: 94.79 / 98.81 / 112.88 us, samples:41789
pressure status:1, copy rounds total/window:2011/11, 4.95 rounds/s
pressure logical copy:20110.00 MiB total, approx 49.51 MiB/s, checksum:2678031646720
pressure report window:2.221637 s
t0_region>
[1]:3677
[2]:124
[3]:1010
[4]:9402
[5]:14980
[6]:8005
[7]:2182
[8]:480
[9]:271
[10]:439
[11]:579
[12]:393
[13]:138
[14]:39
[15]:20
[16]:12
[17]:10
[18]:10
[19]:3
[20]:7
[21]:1
[22]:1
[24]:4
[27]:3
[29]:1
[30]:1

t1_region>
[2]:232
[3]:3149
[4]:307
[5]:80
[6]:23
[7]:7
[8]:99
[9]:248
[10]:756
[11]:3111
[12]:6418
[13]:7131
[14]:6729
[15]:5703
[16]:3350
[17]:1500
[18]:571
[19]:294
[20]:270
[21]:381
[22]:526
[23]:390
[24]:171
[25]:65
[26]:50
[27]:41
[28]:23
[29]:35
[30]:23
[31]:17
[32]:22
[33]:24
[34]:15
[35]:9
[36]:6
[37]:8
[38]:4
[39]:1
[40]:1
[41]:2
[46]:1
[47]:1

t2_region>
[98]:654
[99]:2402
[100]:427
[101]:168
[102]:81
[103]:38
[104]:31
[105]:112
[106]:124
[107]:194
[108]:581
[109]:2375
[110]:5276
[111]:5084
[112]:3706
[113]:4164
[114]:5004
[115]:4428
[116]:2583
[117]:1290
[118]:610
[119]:486
[120]:478
[121]:467
[122]:252
[123]:154
[124]:103
[125]:98
[126]:82
[127]:60
[128]:50
[129]:31
[130]:37
[131]:32
[132]:34
[133]:26
[134]:18
[135]:13
[136]:13
[137]:6
[138]:8
[139]:1
[140]:5
[141]:3
[142]:3
[143]:2
[144]:1
[146]:1
[148]:1
[152]:1

t0_min: 1.08 us, round:18500
t0_max: 30.92 us, round:20370
t0_jitter: 29.83 us

t1_min: 2.79 us, round:13407
t1_max: 47.83 us, round:20370
t1_jitter: 45.04 us

t2_min: 98.00 us, round:420
t2_max: 152.96 us, round:20319
t2_jitter: 54.96 us

PMU diff samples: 41804
AVG DIFF LL_CACHE_RD: 134.84
AVG DIFF LL_CACHE_MISS_RD: 94.49
AVG DIFF L2D_CACHE_REFILL: 94.53
AVG DIFF L2D_CACHE_INVAL: 0.00
[cur diff] DIFF LL_CACHE_RD: 45, DIFF LL_CACHE_MISS_RD: 0, MISS_RATE: 0.00%
[cur diff] DIFF L2D_CACHE_REFILL: 0
[cur diff] DIFF L2D_CACHE_INVAL: 0
[max diff] DIFF LL_CACHE_RD: 170, DIFF LL_CACHE_MISS_RD: 134, MISS_RATE: 78.82%
[max diff] DIFF L2D_CACHE_REFILL: 135
[max diff] DIFF L2D_CACHE_INVAL: 0

===========================================================
taskpendcnt:42008
t0:3958 ns
t1:10958 ns
t2:111000 ns
benchmark: Franka-derived Cartesian-impedance kernel, input trace:8, timer period:10.000 ms
controller source: franka_ros2 jazzy@73a1501d, updates:42020, SVD sweeps:5
pose error:[0.010000 0.015000 0.010000 -0.000000 0.049979 -0.000000]
tau[0:6]:[-0.274004 -0.324180 0.001577 -0.231466 0.050986 -0.328952 0.010844]
kernel exec min/avg/max: 94.79 / 98.81 / 112.88 us, samples:42012
pressure status:1, copy rounds total/window:2021/10, 4.50 rounds/s
pressure logical copy:20210.00 MiB total, approx 45.01 MiB/s, checksum:2691348561920
pressure report window:2.221524 s
t0_region>
[1]:3697
[2]:125
[3]:1018
[4]:9437
[5]:15063
[6]:8059
[7]:2192
[8]:481
[9]:272
[10]:443
[11]:581
[12]:395
[13]:139
[14]:39
[15]:20
[16]:12
[17]:10
[18]:10
[19]:3
[20]:7
[21]:1
[22]:1
[24]:4
[27]:3
[29]:1
[30]:1

t1_region>
[2]:236
[3]:3164
[4]:309
[5]:80
[6]:23
[7]:7
[8]:99
[9]:248
[10]:759
[11]:3128
[12]:6455
[13]:7169
[14]:6761
[15]:5736
[16]:3372
[17]:1505
[18]:575
[19]:295
[20]:271
[21]:383
[22]:527
[23]:393
[24]:173
[25]:65
[26]:50
[27]:41
[28]:23
[29]:35
[30]:23
[31]:17
[32]:22
[33]:24
[34]:15
[35]:9
[36]:6
[37]:8
[38]:4
[39]:1
[40]:1
[41]:2
[46]:1
[47]:1

t2_region>
[98]:659
[99]:2416
[100]:428
[101]:168
[102]:82
[103]:38
[104]:31
[105]:112
[106]:124
[107]:194
[108]:584
[109]:2395
[110]:5300
[111]:5111
[112]:3730
[113]:4177
[114]:5031
[115]:4459
[116]:2597
[117]:1297
[118]:612
[119]:488
[120]:478
[121]:471
[122]:252
[123]:156
[124]:103
[125]:99
[126]:82
[127]:60
[128]:50
[129]:31
[130]:37
[131]:32
[132]:34
[133]:26
[134]:18
[135]:13
[136]:13
[137]:6
[138]:8
[139]:1
[140]:5
[141]:3
[142]:3
[143]:2
[144]:1
[146]:1
[148]:1
[152]:1

t0_min: 1.08 us, round:18500
t0_max: 30.92 us, round:20370
t0_jitter: 29.83 us

t1_min: 2.79 us, round:13407
t1_max: 47.83 us, round:20370
t1_jitter: 45.04 us

t2_min: 98.00 us, round:420
t2_max: 152.96 us, round:20319
t2_jitter: 54.96 us

PMU diff samples: 42026
AVG DIFF LL_CACHE_RD: 134.84
AVG DIFF LL_CACHE_MISS_RD: 94.49
AVG DIFF L2D_CACHE_REFILL: 94.53
AVG DIFF L2D_CACHE_INVAL: 0.00
[cur diff] DIFF LL_CACHE_RD: 39, DIFF LL_CACHE_MISS_RD: 0, MISS_RATE: 0.00%
[cur diff] DIFF L2D_CACHE_REFILL: 0
[cur diff] DIFF L2D_CACHE_INVAL: 0
[max diff] DIFF LL_CACHE_RD: 170, DIFF LL_CACHE_MISS_RD: 134, MISS_RATE: 78.82%
[max diff] DIFF L2D_CACHE_REFILL: 135
[max diff] DIFF L2D_CACHE_INVAL: 0

===========================================================
taskpendcnt:42231
t0:5541 ns
t1:12250 ns
t2:113458 ns
benchmark: Franka-derived Cartesian-impedance kernel, input trace:8, timer period:10.000 ms
controller source: franka_ros2 jazzy@73a1501d, updates:42242, SVD sweeps:5
pose error:[0.010000 0.015000 0.010000 -0.000000 0.049979 -0.000000]
tau[0:6]:[-2.379368 -1.292411 -1.655224 -1.570015 -1.185234 -0.066588 -0.610247]
kernel exec min/avg/max: 94.79 / 98.81 / 112.88 us, samples:42234
pressure status:1, copy rounds total/window:2032/11, 4.95 rounds/s
pressure logical copy:20320.00 MiB total, approx 49.52 MiB/s, checksum:2705997168640
pressure report window:2.221528 s
t0_region>
[1]:3717
[2]:126
[3]:1020
[4]:9490
[5]:15141
[6]:8103
[7]:2206
[8]:482
[9]:273
[10]:444
[11]:584
[12]:398
[13]:140
[14]:39
[15]:20
[16]:12
[17]:10
[18]:10
[19]:3
[20]:7
[21]:1
[22]:1
[24]:4
[27]:3
[29]:1
[30]:1

t1_region>
[2]:236
[3]:3183
[4]:310
[5]:81
[6]:23
[7]:7
[8]:99
[9]:248
[10]:761
[11]:3142
[12]:6491
[13]:7205
[14]:6796
[15]:5771
[16]:3391
[17]:1517
[18]:578
[19]:295
[20]:274
[21]:384
[22]:529
[23]:396
[24]:173
[25]:65
[26]:50
[27]:41
[28]:23
[29]:35
[30]:23
[31]:17
[32]:22
[33]:24
[34]:15
[35]:9
[36]:6
[37]:8
[38]:4
[39]:1
[40]:1
[41]:2
[46]:1
[47]:1

t2_region>
[98]:660
[99]:2431
[100]:430
[101]:170
[102]:82
[103]:39
[104]:31
[105]:112
[106]:124
[107]:194
[108]:587
[109]:2408
[110]:5326
[111]:5140
[112]:3747
[113]:4194
[114]:5054
[115]:4494
[116]:2612
[117]:1307
[118]:616
[119]:492
[120]:480
[121]:472
[122]:252
[123]:156
[124]:103
[125]:99
[126]:82
[127]:61
[128]:50
[129]:31
[130]:38
[131]:32
[132]:34
[133]:26
[134]:18
[135]:13
[136]:13
[137]:6
[138]:8
[139]:1
[140]:5
[141]:3
[142]:3
[143]:2
[144]:1
[146]:1
[148]:1
[152]:1

t0_min: 1.08 us, round:18500
t0_max: 30.92 us, round:20370
t0_jitter: 29.83 us

t1_min: 2.79 us, round:13407
t1_max: 47.83 us, round:20370
t1_jitter: 45.04 us

t2_min: 98.00 us, round:420
t2_max: 152.96 us, round:20319
t2_jitter: 54.96 us

PMU diff samples: 42248
AVG DIFF LL_CACHE_RD: 134.84
AVG DIFF LL_CACHE_MISS_RD: 94.49
AVG DIFF L2D_CACHE_REFILL: 94.53
AVG DIFF L2D_CACHE_INVAL: 0.00
[cur diff] DIFF LL_CACHE_RD: 34, DIFF LL_CACHE_MISS_RD: 0, MISS_RATE: 0.00%
[cur diff] DIFF L2D_CACHE_REFILL: 0
[cur diff] DIFF L2D_CACHE_INVAL: 0
[max diff] DIFF LL_CACHE_RD: 170, DIFF LL_CACHE_MISS_RD: 134, MISS_RATE: 78.82%
[max diff] DIFF L2D_CACHE_REFILL: 135
[max diff] DIFF L2D_CACHE_INVAL: 0

===========================================================
taskpendcnt:42453
t0:7708 ns
t1:16458 ns
t2:115041 ns
benchmark: Franka-derived Cartesian-impedance kernel, input trace:8, timer period:10.000 ms
controller source: franka_ros2 jazzy@73a1501d, updates:42464, SVD sweeps:5
pose error:[0.010000 0.015000 0.010000 -0.000000 0.049979 -0.000000]
tau[0:6]:[-0.567483 -0.552304 -0.482512 -0.231067 -0.297494 -0.656094 -0.085004]
kernel exec min/avg/max: 94.79 / 98.81 / 112.88 us, samples:42456
pressure status:1, copy rounds total/window:2043/11, 4.95 rounds/s
pressure logical copy:20430.00 MiB total, approx 49.50 MiB/s, checksum:2720645775360
pressure report window:2.222190 s
t0_region>
[1]:3736
[2]:128
[3]:1023
[4]:9534
[5]:15230
[6]:8148
[7]:2216
[8]:483
[9]:273
[10]:448
[11]:586
[12]:401
[13]:140
[14]:39
[15]:20
[16]:12
[17]:10
[18]:10
[19]:3
[20]:7
[21]:1
[22]:1
[24]:4
[27]:3
[29]:1
[30]:1

t1_region>
[2]:236
[3]:3203
[4]:311
[5]:82
[6]:23
[7]:7
[8]:99
[9]:248
[10]:763
[11]:3159
[12]:6525
[13]:7247
[14]:6833
[15]:5800
[16]:3413
[17]:1522
[18]:582
[19]:295
[20]:274
[21]:388
[22]:530
[23]:398
[24]:174
[25]:66
[26]:50
[27]:41
[28]:23
[29]:35
[30]:23
[31]:17
[32]:22
[33]:24
[34]:15
[35]:9
[36]:6
[37]:8
[38]:4
[39]:1
[40]:1
[41]:2
[46]:1
[47]:1

t2_region>
[98]:662
[99]:2446
[100]:432
[101]:172
[102]:82
[103]:39
[104]:31
[105]:112
[106]:124
[107]:194
[108]:587
[109]:2423
[110]:5355
[111]:5172
[112]:3763
[113]:4220
[114]:5081
[115]:4521
[116]:2621
[117]:1315
[118]:617
[119]:494
[120]:482
[121]:477
[122]:252
[123]:157
[124]:103
[125]:99
[126]:82
[127]:62
[128]:50
[129]:31
[130]:38
[131]:32
[132]:34
[133]:26
[134]:18
[135]:13
[136]:13
[137]:6
[138]:8
[139]:1
[140]:5
[141]:3
[142]:3
[143]:2
[144]:1
[146]:1
[148]:1
[152]:1

t0_min: 1.08 us, round:18500
t0_max: 30.92 us, round:20370
t0_jitter: 29.83 us

t1_min: 2.79 us, round:13407
t1_max: 47.83 us, round:20370
t1_jitter: 45.04 us

t2_min: 98.00 us, round:420
t2_max: 152.96 us, round:20319
t2_jitter: 54.96 us

PMU diff samples: 42471
AVG DIFF LL_CACHE_RD: 134.84
AVG DIFF LL_CACHE_MISS_RD: 94.49
AVG DIFF L2D_CACHE_REFILL: 94.52
AVG DIFF L2D_CACHE_INVAL: 0.00
[cur diff] DIFF LL_CACHE_RD: 38, DIFF LL_CACHE_MISS_RD: 0, MISS_RATE: 0.00%
[cur diff] DIFF L2D_CACHE_REFILL: 1
[cur diff] DIFF L2D_CACHE_INVAL: 0
[max diff] DIFF LL_CACHE_RD: 170, DIFF LL_CACHE_MISS_RD: 134, MISS_RATE: 78.82%
[max diff] DIFF L2D_CACHE_REFILL: 135
[max diff] DIFF L2D_CACHE_INVAL: 0

===========================================================
taskpendcnt:42675
t0:4333 ns
t1:12500 ns
t2:110791 ns
benchmark: Franka-derived Cartesian-impedance kernel, input trace:8, timer period:10.000 ms
controller source: franka_ros2 jazzy@73a1501d, updates:42686, SVD sweeps:5
pose error:[0.010000 0.015000 0.010000 -0.000000 0.049979 -0.000000]
tau[0:6]:[1.376914 -0.104433 0.790225 0.843903 0.642107 -0.956178 0.423547]
kernel exec min/avg/max: 94.79 / 98.81 / 112.88 us, samples:42678
pressure status:1, copy rounds total/window:2053/10, 4.50 rounds/s
pressure logical copy:20530.00 MiB total, approx 45.01 MiB/s, checksum:2733962690560
pressure report window:2.221818 s
t0_region>
[1]:3757
[2]:128
[3]:1024
[4]:9587
[5]:15312
[6]:8191
[7]:2227
[8]:484
[9]:274
[10]:453
[11]:586
[12]:403
[13]:142
[14]:39
[15]:20
[16]:12
[17]:10
[18]:10
[19]:3
[20]:7
[21]:1
[22]:1
[24]:4
[27]:3
[29]:1
[30]:1

t1_region>
[2]:238
[3]:3220
[4]:313
[5]:82
[6]:23
[7]:7
[8]:99
[9]:248
[10]:765
[11]:3174
[12]:6564
[13]:7290
[14]:6866
[15]:5837
[16]:3430
[17]:1525
[18]:583
[19]:297
[20]:274
[21]:391
[22]:533
[23]:400
[24]:175
[25]:66
[26]:50
[27]:41
[28]:23
[29]:35
[30]:23
[31]:17
[32]:22
[33]:24
[34]:15
[35]:9
[36]:6
[37]:8
[38]:4
[39]:1
[40]:1
[41]:2
[46]:1
[47]:1

t2_region>
[98]:667
[99]:2460
[100]:433
[101]:173
[102]:82
[103]:39
[104]:31
[105]:112
[106]:124
[107]:194
[108]:588
[109]:2435
[110]:5386
[111]:5203
[112]:3782
[113]:4243
[114]:5115
[115]:4541
[116]:2634
[117]:1321
[118]:618
[119]:494
[120]:487
[121]:478
[122]:255
[123]:157
[124]:103
[125]:100
[126]:82
[127]:62
[128]:50
[129]:31
[130]:38
[131]:32
[132]:34
[133]:26
[134]:18
[135]:13
[136]:13
[137]:6
[138]:8
[139]:1
[140]:5
[141]:3
[142]:3
[143]:2
[144]:1
[146]:1
[148]:1
[152]:1

t0_min: 1.08 us, round:18500
t0_max: 30.92 us, round:20370
t0_jitter: 29.83 us

t1_min: 2.79 us, round:13407
t1_max: 47.83 us, round:20370
t1_jitter: 45.04 us

t2_min: 98.00 us, round:420
t2_max: 152.96 us, round:20319
t2_jitter: 54.96 us

PMU diff samples: 42693
AVG DIFF LL_CACHE_RD: 134.83
AVG DIFF LL_CACHE_MISS_RD: 94.48
AVG DIFF L2D_CACHE_REFILL: 94.52
AVG DIFF L2D_CACHE_INVAL: 0.00
[cur diff] DIFF LL_CACHE_RD: 39, DIFF LL_CACHE_MISS_RD: 0, MISS_RATE: 0.00%
[cur diff] DIFF L2D_CACHE_REFILL: 0
[cur diff] DIFF L2D_CACHE_INVAL: 0
[max diff] DIFF LL_CACHE_RD: 170, DIFF LL_CACHE_MISS_RD: 134, MISS_RATE: 78.82%
[max diff] DIFF L2D_CACHE_REFILL: 135
[max diff] DIFF L2D_CACHE_INVAL: 0

===========================================================
taskpendcnt:42897
t0:6500 ns
t1:15833 ns
t2:114125 ns
benchmark: Franka-derived Cartesian-impedance kernel, input trace:8, timer period:10.000 ms
controller source: franka_ros2 jazzy@73a1501d, updates:42908, SVD sweeps:5
pose error:[0.010000 0.015000 0.010000 -0.000000 0.049979 -0.000000]
tau[0:6]:[0.839771 0.130674 0.617691 0.624912 0.653099 -0.592692 0.265887]
kernel exec min/avg/max: 94.79 / 98.81 / 112.88 us, samples:42900
pressure status:1, copy rounds total/window:2064/11, 4.95 rounds/s
pressure logical copy:20640.00 MiB total, approx 49.52 MiB/s, checksum:2748611297280
pressure report window:2.221133 s
t0_region>
[1]:3779
[2]:128
[3]:1029
[4]:9645
[5]:15381
[6]:8237
[7]:2239
[8]:487
[9]:275
[10]:454
[11]:592
[12]:403
[13]:142
[14]:39
[15]:20
[16]:12
[17]:10
[18]:10
[19]:3
[20]:7
[21]:1
[22]:1
[24]:4
[27]:3
[29]:1
[30]:1

t1_region>
[2]:240
[3]:3237
[4]:315
[5]:82
[6]:23
[7]:7
[8]:99
[9]:248
[10]:772
[11]:3194
[12]:6593
[13]:7325
[14]:6904
[15]:5872
[16]:3446
[17]:1535
[18]:586
[19]:297
[20]:276
[21]:393
[22]:535
[23]:402
[24]:175
[25]:66
[26]:50
[27]:41
[28]:23
[29]:35
[30]:23
[31]:17
[32]:22
[33]:24
[34]:15
[35]:9
[36]:6
[37]:8
[38]:4
[39]:1
[40]:1
[41]:2
[46]:1
[47]:1

t2_region>
[98]:670
[99]:2476
[100]:434
[101]:173
[102]:83
[103]:39
[104]:31
[105]:112
[106]:124
[107]:194
[108]:595
[109]:2451
[110]:5413
[111]:5226
[112]:3796
[113]:4264
[114]:5145
[115]:4571
[116]:2653
[117]:1323
[118]:622
[119]:497
[120]:489
[121]:480
[122]:256
[123]:157
[124]:103
[125]:100
[126]:82
[127]:62
[128]:50
[129]:31
[130]:38
[131]:32
[132]:34
[133]:26
[134]:18
[135]:13
[136]:13
[137]:6
[138]:8
[139]:1
[140]:5
[141]:3
[142]:3
[143]:2
[144]:1
[146]:1
[148]:1
[152]:1

t0_min: 1.08 us, round:18500
t0_max: 30.92 us, round:20370
t0_jitter: 29.83 us

t1_min: 2.79 us, round:13407
t1_max: 47.83 us, round:20370
t1_jitter: 45.04 us

t2_min: 98.00 us, round:420
t2_max: 152.96 us, round:20319
t2_jitter: 54.96 us

PMU diff samples: 42915
AVG DIFF LL_CACHE_RD: 134.83
AVG DIFF LL_CACHE_MISS_RD: 94.48
AVG DIFF L2D_CACHE_REFILL: 94.52
AVG DIFF L2D_CACHE_INVAL: 0.00
[cur diff] DIFF LL_CACHE_RD: 42, DIFF LL_CACHE_MISS_RD: 0, MISS_RATE: 0.00%
[cur diff] DIFF L2D_CACHE_REFILL: 0
[cur diff] DIFF L2D_CACHE_INVAL: 0
[max diff] DIFF LL_CACHE_RD: 170, DIFF LL_CACHE_MISS_RD: 134, MISS_RATE: 78.82%
[max diff] DIFF L2D_CACHE_REFILL: 135
[max diff] DIFF L2D_CACHE_INVAL: 0

===========================================================
taskpendcnt:43119
t0:4875 ns
t1:13916 ns
t2:115791 ns
benchmark: Franka-derived Cartesian-impedance kernel, input trace:8, timer period:10.000 ms
controller source: franka_ros2 jazzy@73a1501d, updates:43130, SVD sweeps:5
pose error:[0.010000 0.015000 0.010000 -0.000000 0.049979 -0.000000]
tau[0:6]:[-1.839419 -0.921560 -1.193198 -1.195971 -0.861243 0.113634 -0.461388]
kernel exec min/avg/max: 94.79 / 98.81 / 112.88 us, samples:43122
pressure status:1, copy rounds total/window:2075/11, 4.95 rounds/s
pressure logical copy:20750.00 MiB total, approx 49.51 MiB/s, checksum:2763259904000
pressure report window:2.221624 s
t0_region>
[1]:3799
[2]:129
[3]:1034
[4]:9695
[5]:15476
[6]:8267
[7]:2250
[8]:489
[9]:275
[10]:456
[11]:593
[12]:406
[13]:143
[14]:40
[15]:20
[16]:12
[17]:10
[18]:10
[19]:3
[20]:7
[21]:1
[22]:1
[24]:4
[27]:3
[29]:1
[30]:1

t1_region>
[2]:241
[3]:3256
[4]:315
[5]:83
[6]:23
[7]:7
[8]:99
[9]:248
[10]:781
[11]:3211
[12]:6626
[13]:7372
[14]:6934
[15]:5906
[16]:3463
[17]:1538
[18]:588
[19]:297
[20]:277
[21]:395
[22]:536
[23]:405
[24]:175
[25]:67
[26]:50
[27]:41
[28]:23
[29]:35
[30]:23
[31]:17
[32]:22
[33]:25
[34]:15
[35]:9
[36]:6
[37]:8
[38]:4
[39]:1
[40]:1
[41]:2
[46]:1
[47]:1

t2_region>
[98]:674
[99]:2490
[100]:437
[101]:174
[102]:83
[103]:39
[104]:31
[105]:112
[106]:124
[107]:194
[108]:599
[109]:2466
[110]:5448
[111]:5256
[112]:3815
[113]:4287
[114]:5171
[115]:4593
[116]:2665
[117]:1327
[118]:625
[119]:497
[120]:491
[121]:482
[122]:258
[123]:157
[124]:104
[125]:100
[126]:82
[127]:62
[128]:50
[129]:31
[130]:38
[131]:32
[132]:34
[133]:26
[134]:19
[135]:13
[136]:13
[137]:6
[138]:8
[139]:1
[140]:5
[141]:3
[142]:3
[143]:2
[144]:1
[146]:1
[148]:1
[152]:1

t0_min: 1.08 us, round:18500
t0_max: 30.92 us, round:20370
t0_jitter: 29.83 us

t1_min: 2.79 us, round:13407
t1_max: 47.83 us, round:20370
t1_jitter: 45.04 us

t2_min: 98.00 us, round:420
t2_max: 152.96 us, round:20319
t2_jitter: 54.96 us

PMU diff samples: 43137
AVG DIFF LL_CACHE_RD: 134.82
AVG DIFF LL_CACHE_MISS_RD: 94.48
AVG DIFF L2D_CACHE_REFILL: 94.51
AVG DIFF L2D_CACHE_INVAL: 0.00
[cur diff] DIFF LL_CACHE_RD: 52, DIFF LL_CACHE_MISS_RD: 0, MISS_RATE: 0.00%
[cur diff] DIFF L2D_CACHE_REFILL: 1
[cur diff] DIFF L2D_CACHE_INVAL: 0
[max diff] DIFF LL_CACHE_RD: 170, DIFF LL_CACHE_MISS_RD: 134, MISS_RATE: 78.82%
[max diff] DIFF L2D_CACHE_REFILL: 135
[max diff] DIFF L2D_CACHE_INVAL: 0

===========================================================
taskpendcnt:43341
t0:3916 ns
t1:10625 ns
t2:110666 ns
benchmark: Franka-derived Cartesian-impedance kernel, input trace:8, timer period:10.000 ms
controller source: franka_ros2 jazzy@73a1501d, updates:43353, SVD sweeps:5
pose error:[0.010000 0.015000 0.010000 -0.000000 0.049979 -0.000000]
tau[0:6]:[-2.781770 -1.613002 -1.930139 -1.581803 -1.382951 -0.390599 -0.663394]
kernel exec min/avg/max: 94.79 / 98.81 / 112.88 us, samples:43345
pressure status:1, copy rounds total/window:2085/10, 4.50 rounds/s
pressure logical copy:20850.00 MiB total, approx 45.00 MiB/s, checksum:2776576819200
pressure report window:2.222359 s
t0_region>
[1]:3819
[2]:130
[3]:1043
[4]:9750
[5]:15554
[6]:8304
[7]:2262
[8]:491
[9]:276
[10]:457
[11]:598
[12]:407
[13]:143
[14]:40
[15]:20
[16]:12
[17]:10
[18]:10
[19]:3
[20]:7
[21]:1
[22]:1
[24]:4
[27]:3
[29]:1
[30]:1

t1_region>
[2]:241
[3]:3275
[4]:317
[5]:83
[6]:23
[7]:7
[8]:99
[9]:248
[10]:788
[11]:3226
[12]:6658
[13]:7413
[14]:6980
[15]:5931
[16]:3482
[17]:1544
[18]:589
[19]:297
[20]:278
[21]:398
[22]:539
[23]:407
[24]:175
[25]:67
[26]:50
[27]:41
[28]:23
[29]:35
[30]:23
[31]:17
[32]:22
[33]:25
[34]:15
[35]:9
[36]:6
[37]:8
[38]:4
[39]:1
[40]:1
[41]:2
[46]:1
[47]:1

t2_region>
[98]:676
[99]:2504
[100]:441
[101]:174
[102]:84
[103]:39
[104]:31
[105]:112
[106]:124
[107]:194
[108]:605
[109]:2479
[110]:5475
[111]:5283
[112]:3832
[113]:4309
[114]:5205
[115]:4613
[116]:2679
[117]:1334
[118]:629
[119]:500
[120]:495
[121]:485
[122]:258
[123]:157
[124]:104
[125]:100
[126]:82
[127]:62
[128]:50
[129]:31
[130]:38
[131]:32
[132]:34
[133]:26
[134]:19
[135]:13
[136]:13
[137]:6
[138]:8
[139]:1
[140]:5
[141]:3
[142]:3
[143]:2
[144]:1
[146]:1
[148]:1
[152]:1

t0_min: 1.08 us, round:18500
t0_max: 30.92 us, round:20370
t0_jitter: 29.83 us

t1_min: 2.79 us, round:13407
t1_max: 47.83 us, round:20370
t1_jitter: 45.04 us

t2_min: 98.00 us, round:420
t2_max: 152.96 us, round:20319
t2_jitter: 54.96 us

PMU diff samples: 43359
AVG DIFF LL_CACHE_RD: 134.82
AVG DIFF LL_CACHE_MISS_RD: 94.47
AVG DIFF L2D_CACHE_REFILL: 94.51
AVG DIFF L2D_CACHE_INVAL: 0.00
[cur diff] DIFF LL_CACHE_RD: 40, DIFF LL_CACHE_MISS_RD: 0, MISS_RATE: 0.00%
[cur diff] DIFF L2D_CACHE_REFILL: 0
[cur diff] DIFF L2D_CACHE_INVAL: 0
[max diff] DIFF LL_CACHE_RD: 170, DIFF LL_CACHE_MISS_RD: 134, MISS_RATE: 78.82%
[max diff] DIFF L2D_CACHE_REFILL: 135
[max diff] DIFF L2D_CACHE_INVAL: 0

===========================================================
taskpendcnt:43564
t0:10458 ns
t1:24166 ns
t2:128291 ns
benchmark: Franka-derived Cartesian-impedance kernel, input trace:8, timer period:10.000 ms
controller source: franka_ros2 jazzy@73a1501d, updates:43575, SVD sweeps:5
pose error:[0.010000 0.015000 0.010000 -0.000000 0.049979 -0.000000]
tau[0:6]:[1.376914 -0.104433 0.790225 0.843903 0.642107 -0.956178 0.423547]
kernel exec min/avg/max: 94.79 / 98.81 / 112.88 us, samples:43567
pressure status:1, copy rounds total/window:2096/11, 4.95 rounds/s
pressure logical copy:20960.00 MiB total, approx 49.50 MiB/s, checksum:2791225425920
pressure report window:2.222206 s
t0_region>
[1]:3838
[2]:130
[3]:1058
[4]:9794
[5]:15624
[6]:8334
[7]:2278
[8]:494
[9]:281
[10]:464
[11]:601
[12]:410
[13]:146
[14]:40
[15]:21
[16]:12
[17]:10
[18]:11
[19]:3
[20]:7
[21]:1
[22]:2
[24]:4
[27]:3
[28]:1
[29]:1
[30]:1

t1_region>
[2]:243
[3]:3289
[4]:319
[5]:85
[6]:23
[7]:8
[8]:100
[9]:252
[10]:796
[11]:3253
[12]:6684
[13]:7438
[14]:7010
[15]:5946
[16]:3496
[17]:1549
[18]:597
[19]:304
[20]:284
[21]:403
[22]:543
[23]:408
[24]:179
[25]:71
[26]:50
[27]:42
[28]:24
[29]:36
[30]:23
[31]:18
[32]:22
[33]:25
[34]:15
[35]:9
[36]:8
[37]:9
[38]:4
[39]:2
[40]:1
[41]:2
[46]:1
[47]:1

t2_region>
[98]:677
[99]:2515
[100]:445
[101]:176
[102]:85
[103]:39
[104]:32
[105]:112
[106]:126
[107]:196
[108]:615
[109]:2493
[110]:5496
[111]:5307
[112]:3849
[113]:4324
[114]:5223
[115]:4627
[116]:2689
[117]:1341
[118]:638
[119]:507
[120]:499
[121]:486
[122]:261
[123]:159
[124]:108
[125]:102
[126]:84
[127]:63
[128]:53
[129]:33
[130]:39
[131]:32
[132]:35
[133]:28
[134]:19
[135]:13
[136]:14
[137]:6
[138]:8
[139]:2
[140]:5
[141]:4
[142]:3
[143]:3
[144]:1
[146]:1
[148]:1
[152]:1

t0_min: 1.08 us, round:18500
t0_max: 30.92 us, round:20370
t0_jitter: 29.83 us

t1_min: 2.79 us, round:13407
t1_max: 47.83 us, round:20370
t1_jitter: 45.04 us

t2_min: 98.00 us, round:420
t2_max: 152.96 us, round:20319
t2_jitter: 54.96 us

PMU diff samples: 43582
AVG DIFF LL_CACHE_RD: 134.81
AVG DIFF LL_CACHE_MISS_RD: 94.46
AVG DIFF L2D_CACHE_REFILL: 94.49
AVG DIFF L2D_CACHE_INVAL: 0.00
[cur diff] DIFF LL_CACHE_RD: 49, DIFF LL_CACHE_MISS_RD: 1, MISS_RATE: 2.04%
[cur diff] DIFF L2D_CACHE_REFILL: 1
[cur diff] DIFF L2D_CACHE_INVAL: 0
[max diff] DIFF LL_CACHE_RD: 170, DIFF LL_CACHE_MISS_RD: 134, MISS_RATE: 78.82%
[max diff] DIFF L2D_CACHE_REFILL: 135
[max diff] DIFF L2D_CACHE_INVAL: 0

===========================================================
taskpendcnt:43786
t0:5625 ns
t1:14375 ns
t2:113250 ns
benchmark: Franka-derived Cartesian-impedance kernel, input trace:8, timer period:10.000 ms
controller source: franka_ros2 jazzy@73a1501d, updates:43797, SVD sweeps:5
pose error:[0.010000 0.015000 0.010000 -0.000000 0.049979 -0.000000]
tau[0:6]:[0.839771 0.130674 0.617691 0.624912 0.653099 -0.592692 0.265887]
kernel exec min/avg/max: 94.79 / 98.81 / 112.88 us, samples:43789
pressure status:1, copy rounds total/window:2106/10, 4.50 rounds/s
pressure logical copy:21060.00 MiB total, approx 45.00 MiB/s, checksum:2804542341120
pressure report window:2.222354 s
t0_region>
[1]:3855
[2]:134
[3]:1068
[4]:9833
[5]:15688
[6]:8377
[7]:2297
[8]:503
[9]:285
[10]:468
[11]:603
[12]:411
[13]:149
[14]:40
[15]:21
[16]:13
[17]:11
[18]:11
[19]:3
[20]:7
[21]:1
[22]:2
[24]:5
[27]:3
[28]:1
[29]:1
[30]:1

t1_region>
[2]:244
[3]:3303
[4]:325
[5]:85
[6]:23
[7]:8
[8]:100
[9]:253
[10]:809
[11]:3269
[12]:6703
[13]:7466
[14]:7047
[15]:5967
[16]:3506
[17]:1557
[18]:606
[19]:317
[20]:290
[21]:408
[22]:545
[23]:411
[24]:181
[25]:73
[26]:53
[27]:42
[28]:24
[29]:36
[30]:23
[31]:18
[32]:22
[33]:25
[34]:16
[35]:10
[36]:9
[37]:9
[38]:4
[39]:2
[40]:1
[41]:2
[46]:1
[47]:1

t2_region>
[98]:677
[99]:2525
[100]:454
[101]:178
[102]:85
[103]:39
[104]:32
[105]:112
[106]:126
[107]:196
[108]:627
[109]:2506
[110]:5513
[111]:5321
[112]:3869
[113]:4338
[114]:5242
[115]:4649
[116]:2701
[117]:1348
[118]:643
[119]:514
[120]:508
[121]:491
[122]:267
[123]:163
[124]:109
[125]:108
[126]:85
[127]:63
[128]:55
[129]:34
[130]:40
[131]:32
[132]:35
[133]:29
[134]:19
[135]:13
[136]:15
[137]:7
[138]:8
[139]:2
[140]:5
[141]:4
[142]:3
[143]:3
[144]:1
[146]:1
[148]:1
[152]:1

t0_min: 1.08 us, round:18500
t0_max: 30.92 us, round:20370
t0_jitter: 29.83 us

t1_min: 2.79 us, round:13407
t1_max: 47.83 us, round:20370
t1_jitter: 45.04 us

t2_min: 98.00 us, round:420
t2_max: 152.96 us, round:20319
t2_jitter: 54.96 us

PMU diff samples: 43804
AVG DIFF LL_CACHE_RD: 134.81
AVG DIFF LL_CACHE_MISS_RD: 94.46
AVG DIFF L2D_CACHE_REFILL: 94.49
AVG DIFF L2D_CACHE_INVAL: 0.00
[cur diff] DIFF LL_CACHE_RD: 39, DIFF LL_CACHE_MISS_RD: 0, MISS_RATE: 0.00%
[cur diff] DIFF L2D_CACHE_REFILL: 1
[cur diff] DIFF L2D_CACHE_INVAL: 0
[max diff] DIFF LL_CACHE_RD: 170, DIFF LL_CACHE_MISS_RD: 134, MISS_RATE: 78.82%
[max diff] DIFF L2D_CACHE_REFILL: 135
[max diff] DIFF L2D_CACHE_INVAL: 0

===========================================================
taskpendcnt:44008
t0:5750 ns
t1:13916 ns
t2:112000 ns
benchmark: Franka-derived Cartesian-impedance kernel, input trace:8, timer period:10.000 ms
controller source: franka_ros2 jazzy@73a1501d, updates:44019, SVD sweeps:5
pose error:[0.010000 0.015000 0.010000 -0.000000 0.049979 -0.000000]
tau[0:6]:[-0.274004 -0.324180 0.001577 -0.231466 0.050986 -0.328952 0.010844]
kernel exec min/avg/max: 94.79 / 98.81 / 112.88 us, samples:44011
pressure status:1, copy rounds total/window:2117/11, 4.95 rounds/s
pressure logical copy:21170.00 MiB total, approx 49.49 MiB/s, checksum:2819190947840
pressure report window:2.222553 s
t0_region>
[1]:3877
[2]:134
[3]:1072
[4]:9876
[5]:15777
[6]:8419
[7]:2307
[8]:507
[9]:286
[10]:469
[11]:604
[12]:414
[13]:152
[14]:40
[15]:21
[16]:13
[17]:11
[18]:11
[19]:3
[20]:7
[21]:1
[22]:2
[24]:5
[27]:3
[28]:1
[29]:1
[30]:1

t1_region>
[2]:245
[3]:3321
[4]:327
[5]:85
[6]:23
[7]:8
[8]:100
[9]:253
[10]:811
[11]:3281
[12]:6745
[13]:7499
[14]:7081
[15]:6002
[16]:3529
[17]:1565
[18]:608
[19]:319
[20]:290
[21]:409
[22]:548
[23]:415
[24]:181
[25]:73
[26]:53
[27]:42
[28]:24
[29]:36
[30]:23
[31]:18
[32]:22
[33]:25
[34]:16
[35]:10
[36]:9
[37]:9
[38]:4
[39]:2
[40]:1
[41]:2
[46]:1
[47]:1

t2_region>
[98]:680
[99]:2541
[100]:455
[101]:179
[102]:86
[103]:39
[104]:32
[105]:112
[106]:126
[107]:196
[108]:629
[109]:2514
[110]:5543
[111]:5350
[112]:3889
[113]:4357
[114]:5270
[115]:4674
[116]:2724
[117]:1353
[118]:646
[119]:515
[120]:510
[121]:494
[122]:268
[123]:164
[124]:110
[125]:108
[126]:85
[127]:63
[128]:55
[129]:34
[130]:40
[131]:32
[132]:35
[133]:29
[134]:19
[135]:13
[136]:15
[137]:7
[138]:8
[139]:2
[140]:5
[141]:4
[142]:3
[143]:3
[144]:1
[146]:1
[148]:1
[152]:1

t0_min: 1.08 us, round:18500
t0_max: 30.92 us, round:20370
t0_jitter: 29.83 us

t1_min: 2.79 us, round:13407
t1_max: 47.83 us, round:20370
t1_jitter: 45.04 us

t2_min: 98.00 us, round:420
t2_max: 152.96 us, round:20319
t2_jitter: 54.96 us

PMU diff samples: 44026
AVG DIFF LL_CACHE_RD: 134.81
AVG DIFF LL_CACHE_MISS_RD: 94.46
AVG DIFF L2D_CACHE_REFILL: 94.49
AVG DIFF L2D_CACHE_INVAL: 0.00
[cur diff] DIFF LL_CACHE_RD: 51, DIFF LL_CACHE_MISS_RD: 0, MISS_RATE: 0.00%
[cur diff] DIFF L2D_CACHE_REFILL: 0
[cur diff] DIFF L2D_CACHE_INVAL: 0
[max diff] DIFF LL_CACHE_RD: 170, DIFF LL_CACHE_MISS_RD: 134, MISS_RATE: 78.82%
[max diff] DIFF L2D_CACHE_REFILL: 135
[max diff] DIFF L2D_CACHE_INVAL: 0

===========================================================
taskpendcnt:44230
t0:5083 ns
t1:13833 ns
t2:115916 ns
benchmark: Franka-derived Cartesian-impedance kernel, input trace:8, timer period:10.000 ms
controller source: franka_ros2 jazzy@73a1501d, updates:44242, SVD sweeps:5
pose error:[0.010000 0.015000 0.010000 -0.000000 0.049979 -0.000000]
tau[0:6]:[-2.379368 -1.292411 -1.655224 -1.570015 -1.185234 -0.066588 -0.610247]
kernel exec min/avg/max: 94.79 / 98.81 / 112.88 us, samples:44234
pressure status:1, copy rounds total/window:2128/11, 4.95 rounds/s
pressure logical copy:21280.00 MiB total, approx 49.49 MiB/s, checksum:2833839554560
pressure report window:2.222504 s
t0_region>
[1]:3898
[2]:134
[3]:1073
[4]:9927
[5]:15861
[6]:8463
[7]:2317
[8]:508
[9]:289
[10]:469
[11]:608
[12]:415
[13]:154
[14]:40
[15]:21
[16]:13
[17]:11
[18]:11
[19]:3
[20]:7
[21]:1
[22]:2
[24]:5
[27]:3
[28]:1
[29]:1
[30]:1

t1_region>
[2]:246
[3]:3340
[4]:328
[5]:85
[6]:23
[7]:8
[8]:100
[9]:253
[10]:814
[11]:3296
[12]:6776
[13]:7538
[14]:7131
[15]:6026
[16]:3551
[17]:1571
[18]:609
[19]:321
[20]:290
[21]:411
[22]:551
[23]:415
[24]:182
[25]:75
[26]:53
[27]:42
[28]:24
[29]:36
[30]:23
[31]:18
[32]:22
[33]:25
[34]:16
[35]:10
[36]:9
[37]:9
[38]:4
[39]:2
[40]:1
[41]:2
[46]:1
[47]:1

t2_region>
[98]:684
[99]:2556
[100]:456
[101]:179
[102]:87
[103]:39
[104]:32
[105]:112
[106]:126
[107]:196
[108]:631
[109]:2524
[110]:5569
[111]:5383
[112]:3909
[113]:4377
[114]:5302
[115]:4700
[116]:2737
[117]:1361
[118]:649
[119]:517
[120]:512
[121]:495
[122]:268
[123]:165
[124]:111
[125]:108
[126]:85
[127]:64
[128]:55
[129]:34
[130]:40
[131]:32
[132]:35
[133]:29
[134]:19
[135]:13
[136]:15
[137]:7
[138]:8
[139]:2
[140]:5
[141]:4
[142]:3
[143]:3
[144]:1
[146]:1
[148]:1
[152]:1

t0_min: 1.08 us, round:18500
t0_max: 30.92 us, round:20370
t0_jitter: 29.83 us

t1_min: 2.79 us, round:13407
t1_max: 47.83 us, round:20370
t1_jitter: 45.04 us

t2_min: 98.00 us, round:420
t2_max: 152.96 us, round:20319
t2_jitter: 54.96 us

PMU diff samples: 44248
AVG DIFF LL_CACHE_RD: 134.81
AVG DIFF LL_CACHE_MISS_RD: 94.46
AVG DIFF L2D_CACHE_REFILL: 94.49
AVG DIFF L2D_CACHE_INVAL: 0.00
[cur diff] DIFF LL_CACHE_RD: 41, DIFF LL_CACHE_MISS_RD: 0, MISS_RATE: 0.00%
[cur diff] DIFF L2D_CACHE_REFILL: 0
[cur diff] DIFF L2D_CACHE_INVAL: 0
[max diff] DIFF LL_CACHE_RD: 170, DIFF LL_CACHE_MISS_RD: 134, MISS_RATE: 78.82%
[max diff] DIFF L2D_CACHE_REFILL: 135
[max diff] DIFF L2D_CACHE_INVAL: 0

===========================================================
taskpendcnt:44453
t0:7541 ns
t1:16000 ns
t2:114875 ns
benchmark: Franka-derived Cartesian-impedance kernel, input trace:8, timer period:10.000 ms
controller source: franka_ros2 jazzy@73a1501d, updates:44464, SVD sweeps:5
pose error:[0.010000 0.015000 0.010000 -0.000000 0.049979 -0.000000]
tau[0:6]:[-0.567483 -0.552304 -0.482512 -0.231067 -0.297494 -0.656094 -0.085004]
kernel exec min/avg/max: 94.79 / 98.81 / 112.88 us, samples:44456
pressure status:1, copy rounds total/window:2138/10, 4.50 rounds/s
pressure logical copy:21380.00 MiB total, approx 44.98 MiB/s, checksum:2847156469760
pressure report window:2.223267 s
t0_region>
[1]:3918
[2]:135
[3]:1075
[4]:9975
[5]:15951
[6]:8502
[7]:2327
[8]:512
[9]:290
[10]:469
[11]:611
[12]:419
[13]:154
[14]:40
[15]:21
[16]:13
[17]:11
[18]:11
[19]:3
[20]:7
[21]:1
[22]:2
[24]:5
[27]:3
[28]:1
[29]:1
[30]:1

t1_region>
[2]:246
[3]:3360
[4]:329
[5]:86
[6]:23
[7]:8
[8]:100
[9]:253
[10]:815
[11]:3309
[12]:6815
[13]:7576
[14]:7171
[15]:6057
[16]:3573
[17]:1577
[18]:611
[19]:322
[20]:291
[21]:411
[22]:552
[23]:419
[24]:184
[25]:75
[26]:53
[27]:42
[28]:24
[29]:36
[30]:23
[31]:18
[32]:22
[33]:25
[34]:16
[35]:10
[36]:9
[37]:9
[38]:4
[39]:2
[40]:1
[41]:2
[46]:1
[47]:1

t2_region>
[98]:687
[99]:2571
[100]:457
[101]:179
[102]:89
[103]:39
[104]:32
[105]:112
[106]:126
[107]:196
[108]:633
[109]:2531
[110]:5603
[111]:5406
[112]:3927
[113]:4406
[114]:5336
[115]:4725
[116]:2752
[117]:1366
[118]:650
[119]:518
[120]:512
[121]:498
[122]:271
[123]:165
[124]:111
[125]:109
[126]:85
[127]:64
[128]:55
[129]:34
[130]:40
[131]:32
[132]:35
[133]:29
[134]:19
[135]:13
[136]:15
[137]:7
[138]:8
[139]:2
[140]:5
[141]:4
[142]:3
[143]:3
[144]:1
[146]:1
[148]:1
[152]:1

t0_min: 1.08 us, round:18500
t0_max: 30.92 us, round:20370
t0_jitter: 29.83 us

t1_min: 2.79 us, round:13407
t1_max: 47.83 us, round:20370
t1_jitter: 45.04 us

t2_min: 98.00 us, round:420
t2_max: 152.96 us, round:20319
t2_jitter: 54.96 us

PMU diff samples: 44471
AVG DIFF LL_CACHE_RD: 134.80
AVG DIFF LL_CACHE_MISS_RD: 94.45
AVG DIFF L2D_CACHE_REFILL: 94.49
AVG DIFF L2D_CACHE_INVAL: 0.00
[cur diff] DIFF LL_CACHE_RD: 41, DIFF LL_CACHE_MISS_RD: 0, MISS_RATE: 0.00%
[cur diff] DIFF L2D_CACHE_REFILL: 0
[cur diff] DIFF L2D_CACHE_INVAL: 0
[max diff] DIFF LL_CACHE_RD: 170, DIFF LL_CACHE_MISS_RD: 134, MISS_RATE: 78.82%
[max diff] DIFF L2D_CACHE_REFILL: 135
[max diff] DIFF L2D_CACHE_INVAL: 0

===========================================================
taskpendcnt:44675
t0:6791 ns
t1:14958 ns
t2:112958 ns
benchmark: Franka-derived Cartesian-impedance kernel, input trace:8, timer period:10.000 ms
controller source: franka_ros2 jazzy@73a1501d, updates:44686, SVD sweeps:5
pose error:[0.010000 0.015000 0.010000 -0.000000 0.049979 -0.000000]
tau[0:6]:[1.376914 -0.104433 0.790225 0.843903 0.642107 -0.956178 0.423547]
kernel exec min/avg/max: 94.79 / 98.81 / 112.88 us, samples:44678
pressure status:1, copy rounds total/window:2149/11, 4.95 rounds/s
pressure logical copy:21490.00 MiB total, approx 49.49 MiB/s, checksum:2861805076480
pressure report window:2.222779 s
t0_region>
[1]:3938
[2]:137
[3]:1081
[4]:10015
[5]:16046
[6]:8539
[7]:2338
[8]:515
[9]:290
[10]:472
[11]:615
[12]:421
[13]:154
[14]:40
[15]:21
[16]:13
[17]:11
[18]:11
[19]:3
[20]:7
[21]:1
[22]:2
[24]:5
[27]:3
[28]:1
[29]:1
[30]:1

t1_region>
[2]:247
[3]:3377
[4]:332
[5]:86
[6]:23
[7]:8
[8]:100
[9]:253
[10]:819
[11]:3320
[12]:6848
[13]:7615
[14]:7214
[15]:6092
[16]:3587
[17]:1587
[18]:614
[19]:322
[20]:293
[21]:413
[22]:555
[23]:421
[24]:184
[25]:75
[26]:53
[27]:42
[28]:24
[29]:36
[30]:23
[31]:18
[32]:22
[33]:25
[34]:16
[35]:10
[36]:9
[37]:9
[38]:4
[39]:2
[40]:1
[41]:2
[46]:1
[47]:1

t2_region>
[98]:690
[99]:2586
[100]:458
[101]:180
[102]:90
[103]:39
[104]:32
[105]:112
[106]:126
[107]:196
[108]:636
[109]:2541
[110]:5627
[111]:5433
[112]:3952
[113]:4431
[114]:5366
[115]:4748
[116]:2761
[117]:1379
[118]:652
[119]:521
[120]:515
[121]:501
[122]:271
[123]:166
[124]:111
[125]:109
[126]:85
[127]:64
[128]:55
[129]:34
[130]:40
[131]:32
[132]:35
[133]:29
[134]:19
[135]:13
[136]:15
[137]:7
[138]:8
[139]:2
[140]:5
[141]:4
[142]:3
[143]:3
[144]:1
[146]:1
[148]:1
[152]:1

t0_min: 1.08 us, round:18500
t0_max: 30.92 us, round:20370
t0_jitter: 29.83 us

t1_min: 2.79 us, round:13407
t1_max: 47.83 us, round:20370
t1_jitter: 45.04 us

t2_min: 98.00 us, round:420
t2_max: 152.96 us, round:20319
t2_jitter: 54.96 us

PMU diff samples: 44693
AVG DIFF LL_CACHE_RD: 134.80
AVG DIFF LL_CACHE_MISS_RD: 94.45
AVG DIFF L2D_CACHE_REFILL: 94.48
AVG DIFF L2D_CACHE_INVAL: 0.00
[cur diff] DIFF LL_CACHE_RD: 37, DIFF LL_CACHE_MISS_RD: 0, MISS_RATE: 0.00%
[cur diff] DIFF L2D_CACHE_REFILL: 0
[cur diff] DIFF L2D_CACHE_INVAL: 0
[max diff] DIFF LL_CACHE_RD: 170, DIFF LL_CACHE_MISS_RD: 134, MISS_RATE: 78.82%
[max diff] DIFF L2D_CACHE_REFILL: 135
[max diff] DIFF L2D_CACHE_INVAL: 0

===========================================================
taskpendcnt:44897
t0:6333 ns
t1:14000 ns
t2:115208 ns
benchmark: Franka-derived Cartesian-impedance kernel, input trace:8, timer period:10.000 ms
controller source: franka_ros2 jazzy@73a1501d, updates:44909, SVD sweeps:5
pose error:[0.010000 0.015000 0.010000 -0.000000 0.049979 -0.000000]
tau[0:6]:[0.839771 0.130674 0.617691 0.624912 0.653099 -0.592692 0.265887]
kernel exec min/avg/max: 94.79 / 98.81 / 112.88 us, samples:44900
pressure status:1, copy rounds total/window:2160/11, 4.95 rounds/s
pressure logical copy:21600.00 MiB total, approx 49.50 MiB/s, checksum:2876453683200
pressure report window:2.222137 s
t0_region>
[1]:3956
[2]:140
[3]:1084
[4]:10059
[5]:16130
[6]:8593
[7]:2345
[8]:515
[9]:291
[10]:475
[11]:620
[12]:421
[13]:154
[14]:40
[15]:21
[16]:13
[17]:11
[18]:11
[19]:3
[20]:7
[21]:1
[22]:2
[24]:5
[27]:3
[28]:1
[29]:1
[30]:1

t1_region>
[2]:250
[3]:3392
[4]:334
[5]:87
[6]:23
[7]:8
[8]:100
[9]:253
[10]:822
[11]:3340
[12]:6874
[13]:7658
[14]:7263
[15]:6117
[16]:3601
[17]:1593
[18]:620
[19]:323
[20]:293
[21]:416
[22]:558
[23]:422
[24]:185
[25]:75
[26]:53
[27]:42
[28]:24
[29]:36
[30]:23
[31]:18
[32]:22
[33]:25
[34]:16
[35]:10
[36]:9
[37]:9
[38]:4
[39]:2
[40]:1
[41]:2
[46]:1
[47]:1

t2_region>
[98]:695
[99]:2600
[100]:459
[101]:181
[102]:90
[103]:39
[104]:33
[105]:112
[106]:126
[107]:196
[108]:637
[109]:2557
[110]:5651
[111]:5466
[112]:3982
[113]:4456
[114]:5386
[115]:4768
[116]:2774
[117]:1384
[118]:657
[119]:524
[120]:515
[121]:505
[122]:271
[123]:168
[124]:111
[125]:109
[126]:85
[127]:64
[128]:55
[129]:34
[130]:40
[131]:32
[132]:35
[133]:29
[134]:19
[135]:13
[136]:15
[137]:7
[138]:8
[139]:2
[140]:5
[141]:4
[142]:3
[143]:3
[144]:1
[146]:1
[148]:1
[152]:1

t0_min: 1.08 us, round:18500
t0_max: 30.92 us, round:20370
t0_jitter: 29.83 us

t1_min: 2.79 us, round:13407
t1_max: 47.83 us, round:20370
t1_jitter: 45.04 us

t2_min: 98.00 us, round:420
t2_max: 152.96 us, round:20319
t2_jitter: 54.96 us

PMU diff samples: 44915
AVG DIFF LL_CACHE_RD: 134.79
AVG DIFF LL_CACHE_MISS_RD: 94.45
AVG DIFF L2D_CACHE_REFILL: 94.48
AVG DIFF L2D_CACHE_INVAL: 0.00
[cur diff] DIFF LL_CACHE_RD: 38, DIFF LL_CACHE_MISS_RD: 0, MISS_RATE: 0.00%
[cur diff] DIFF L2D_CACHE_REFILL: 0
[cur diff] DIFF L2D_CACHE_INVAL: 0
[max diff] DIFF LL_CACHE_RD: 170, DIFF LL_CACHE_MISS_RD: 134, MISS_RATE: 78.82%
[max diff] DIFF L2D_CACHE_REFILL: 135
[max diff] DIFF L2D_CACHE_INVAL: 0

===========================================================
taskpendcnt:45119
t0:5083 ns
t1:12083 ns
t2:111250 ns
benchmark: Franka-derived Cartesian-impedance kernel, input trace:8, timer period:10.000 ms
controller source: franka_ros2 jazzy@73a1501d, updates:45131, SVD sweeps:5
pose error:[0.010000 0.015000 0.010000 -0.000000 0.049979 -0.000000]
tau[0:6]:[-1.839419 -0.921560 -1.193198 -1.195971 -0.861243 0.113634 -0.461388]
kernel exec min/avg/max: 94.79 / 98.81 / 112.88 us, samples:45123
pressure status:1, copy rounds total/window:2170/10, 4.50 rounds/s
pressure logical copy:21700.00 MiB total, approx 44.99 MiB/s, checksum:2889770598400
pressure report window:2.222666 s
t0_region>
[1]:3976
[2]:141
[3]:1086
[4]:10113
[5]:16212
[6]:8633
[7]:2357
[8]:516
[9]:291
[10]:478
[11]:624
[12]:424
[13]:154
[14]:40
[15]:21
[16]:13
[17]:11
[18]:11
[19]:3
[20]:7
[21]:1
[22]:2
[24]:5
[27]:3
[28]:1
[29]:1
[30]:1

t1_region>
[2]:250
[3]:3412
[4]:335
[5]:87
[6]:23
[7]:8
[8]:100
[9]:253
[10]:827
[11]:3354
[12]:6913
[13]:7697
[14]:7300
[15]:6147
[16]:3621
[17]:1598
[18]:621
[19]:324
[20]:295
[21]:417
[22]:561
[23]:425
[24]:186
[25]:75
[26]:53
[27]:42
[28]:24
[29]:36
[30]:23
[31]:18
[32]:22
[33]:25
[34]:16
[35]:10
[36]:9
[37]:9
[38]:4
[39]:2
[40]:1
[41]:2
[46]:1
[47]:1

t2_region>
[98]:698
[99]:2616
[100]:460
[101]:181
[102]:90
[103]:40
[104]:33
[105]:112
[106]:126
[107]:196
[108]:642
[109]:2568
[110]:5678
[111]:5498
[112]:3998
[113]:4483
[114]:5415
[115]:4788
[116]:2793
[117]:1386
[118]:660
[119]:527
[120]:516
[121]:509
[122]:272
[123]:168
[124]:111
[125]:109
[126]:85
[127]:64
[128]:55
[129]:34
[130]:41
[131]:32
[132]:35
[133]:29
[134]:19
[135]:13
[136]:15
[137]:7
[138]:8
[139]:2
[140]:5
[141]:4
[142]:3
[143]:3
[144]:1
[146]:1
[148]:1
[152]:1

t0_min: 1.08 us, round:18500
t0_max: 30.92 us, round:20370
t0_jitter: 29.83 us

t1_min: 2.79 us, round:13407
t1_max: 47.83 us, round:20370
t1_jitter: 45.04 us

t2_min: 98.00 us, round:420
t2_max: 152.96 us, round:20319
t2_jitter: 54.96 us

PMU diff samples: 45137
AVG DIFF LL_CACHE_RD: 134.79
AVG DIFF LL_CACHE_MISS_RD: 94.44
AVG DIFF L2D_CACHE_REFILL: 94.47
AVG DIFF L2D_CACHE_INVAL: 0.00
[cur diff] DIFF LL_CACHE_RD: 31, DIFF LL_CACHE_MISS_RD: 0, MISS_RATE: 0.00%
[cur diff] DIFF L2D_CACHE_REFILL: 0
[cur diff] DIFF L2D_CACHE_INVAL: 0
[max diff] DIFF LL_CACHE_RD: 170, DIFF LL_CACHE_MISS_RD: 134, MISS_RATE: 78.82%
[max diff] DIFF L2D_CACHE_REFILL: 135
[max diff] DIFF L2D_CACHE_INVAL: 0

===========================================================
taskpendcnt:45342
t0:12208 ns
t1:23875 ns
t2:126833 ns
benchmark: Franka-derived Cartesian-impedance kernel, input trace:8, timer period:10.000 ms
controller source: franka_ros2 jazzy@73a1501d, updates:45353, SVD sweeps:5
pose error:[0.010000 0.015000 0.010000 -0.000000 0.049979 -0.000000]
tau[0:6]:[-2.781770 -1.613002 -1.930139 -1.581803 -1.382951 -0.390599 -0.663394]
kernel exec min/avg/max: 94.79 / 98.81 / 112.88 us, samples:45345
pressure status:1, copy rounds total/window:2181/11, 4.95 rounds/s
pressure logical copy:21810.00 MiB total, approx 49.47 MiB/s, checksum:2904419205120
pressure report window:2.223450 s
t0_region>
[1]:3997
[2]:141
[3]:1093
[4]:10168
[5]:16298
[6]:8665
[7]:2368
[8]:517
[9]:291
[10]:479
[11]:629
[12]:427
[13]:154
[14]:40
[15]:21
[16]:13
[17]:11
[18]:11
[19]:3
[20]:7
[21]:1
[22]:2
[24]:5
[27]:3
[28]:1
[29]:1
[30]:1

t1_region>
[2]:251
[3]:3432
[4]:336
[5]:87
[6]:23
[7]:8
[8]:100
[9]:253
[10]:831
[11]:3371
[12]:6946
[13]:7734
[14]:7334
[15]:6188
[16]:3633
[17]:1608
[18]:624
[19]:325
[20]:295
[21]:421
[22]:562
[23]:428
[24]:187
[25]:75
[26]:53
[27]:42
[28]:24
[29]:36
[30]:23
[31]:18
[32]:22
[33]:25
[34]:16
[35]:10
[36]:9
[37]:9
[38]:4
[39]:2
[40]:1
[41]:2
[46]:1
[47]:1

t2_region>
[98]:702
[99]:2627
[100]:465
[101]:182
[102]:90
[103]:40
[104]:33
[105]:112
[106]:126
[107]:196
[108]:645
[109]:2580
[110]:5708
[111]:5528
[112]:4014
[113]:4496
[114]:5447
[115]:4818
[116]:2809
[117]:1394
[118]:662
[119]:529
[120]:519
[121]:510
[122]:272
[123]:169
[124]:112
[125]:109
[126]:86
[127]:64
[128]:55
[129]:34
[130]:41
[131]:32
[132]:35
[133]:29
[134]:19
[135]:13
[136]:15
[137]:7
[138]:8
[139]:2
[140]:5
[141]:4
[142]:3
[143]:3
[144]:1
[146]:1
[148]:1
[152]:1

t0_min: 1.08 us, round:18500
t0_max: 30.92 us, round:20370
t0_jitter: 29.83 us

t1_min: 2.79 us, round:13407
t1_max: 47.83 us, round:20370
t1_jitter: 45.04 us

t2_min: 98.00 us, round:420
t2_max: 152.96 us, round:20319
t2_jitter: 54.96 us

PMU diff samples: 45360
AVG DIFF LL_CACHE_RD: 134.78
AVG DIFF LL_CACHE_MISS_RD: 94.44
AVG DIFF L2D_CACHE_REFILL: 94.47
AVG DIFF L2D_CACHE_INVAL: 0.00
[cur diff] DIFF LL_CACHE_RD: 46, DIFF LL_CACHE_MISS_RD: 0, MISS_RATE: 0.00%
[cur diff] DIFF L2D_CACHE_REFILL: 0
[cur diff] DIFF L2D_CACHE_INVAL: 0
[max diff] DIFF LL_CACHE_RD: 170, DIFF LL_CACHE_MISS_RD: 134, MISS_RATE: 78.82%
[max diff] DIFF L2D_CACHE_REFILL: 135
[max diff] DIFF L2D_CACHE_INVAL: 0

===========================================================
taskpendcnt:45564
t0:5625 ns
t1:15541 ns
t2:115000 ns
benchmark: Franka-derived Cartesian-impedance kernel, input trace:8, timer period:10.000 ms
controller source: franka_ros2 jazzy@73a1501d, updates:45575, SVD sweeps:5
pose error:[0.010000 0.015000 0.010000 -0.000000 0.049979 -0.000000]
tau[0:6]:[-0.567483 -0.552304 -0.482512 -0.231067 -0.297494 -0.656094 -0.085004]
kernel exec min/avg/max: 94.79 / 98.81 / 112.88 us, samples:45567
pressure status:1, copy rounds total/window:2192/11, 4.95 rounds/s
pressure logical copy:21920.00 MiB total, approx 49.48 MiB/s, checksum:2919067811840
pressure report window:2.223134 s
t0_region>
[1]:4018
[2]:142
[3]:1098
[4]:10218
[5]:16382
[6]:8706
[7]:2378
[8]:519
[9]:291
[10]:482
[11]:632
[12]:429
[13]:155
[14]:40
[15]:21
[16]:13
[17]:11
[18]:11
[19]:3
[20]:7
[21]:1
[22]:2
[24]:5
[27]:3
[28]:1
[29]:1
[30]:1

t1_region>
[2]:252
[3]:3450
[4]:337
[5]:88
[6]:23
[7]:8
[8]:100
[9]:253
[10]:837
[11]:3385
[12]:6975
[13]:7785
[14]:7366
[15]:6221
[16]:3650
[17]:1617
[18]:625
[19]:325
[20]:297
[21]:421
[22]:567
[23]:430
[24]:187
[25]:75
[26]:53
[27]:42
[28]:24
[29]:36
[30]:23
[31]:18
[32]:22
[33]:25
[34]:16
[35]:10
[36]:9
[37]:9
[38]:4
[39]:2
[40]:1
[41]:2
[46]:1
[47]:1

t2_region>
[98]:703
[99]:2646
[100]:466
[101]:182
[102]:90
[103]:40
[104]:34
[105]:112
[106]:126
[107]:196
[108]:647
[109]:2592
[110]:5739
[111]:5561
[112]:4037
[113]:4516
[114]:5469
[115]:4841
[116]:2824
[117]:1403
[118]:665
[119]:529
[120]:521
[121]:514
[122]:273
[123]:169
[124]:112
[125]:110
[126]:86
[127]:64
[128]:55
[129]:34
[130]:41
[131]:32
[132]:35
[133]:29
[134]:19
[135]:13
[136]:15
[137]:7
[138]:8
[139]:2
[140]:5
[141]:4
[142]:3
[143]:3
[144]:1
[146]:1
[148]:1
[152]:1

t0_min: 1.08 us, round:18500
t0_max: 30.92 us, round:20370
t0_jitter: 29.83 us

t1_min: 2.79 us, round:13407
t1_max: 47.83 us, round:20370
t1_jitter: 45.04 us

t2_min: 98.00 us, round:420
t2_max: 152.96 us, round:20319
t2_jitter: 54.96 us

PMU diff samples: 45582
AVG DIFF LL_CACHE_RD: 134.78
AVG DIFF LL_CACHE_MISS_RD: 94.43
AVG DIFF L2D_CACHE_REFILL: 94.47
AVG DIFF L2D_CACHE_INVAL: 0.00
[cur diff] DIFF LL_CACHE_RD: 33, DIFF LL_CACHE_MISS_RD: 0, MISS_RATE: 0.00%
[cur diff] DIFF L2D_CACHE_REFILL: 0
[cur diff] DIFF L2D_CACHE_INVAL: 0
[max diff] DIFF LL_CACHE_RD: 170, DIFF LL_CACHE_MISS_RD: 134, MISS_RATE: 78.82%
[max diff] DIFF L2D_CACHE_REFILL: 135
[max diff] DIFF L2D_CACHE_INVAL: 0

===========================================================
taskpendcnt:45786
t0:4666 ns
t1:10791 ns
t2:109666 ns
benchmark: Franka-derived Cartesian-impedance kernel, input trace:8, timer period:10.000 ms
controller source: franka_ros2 jazzy@73a1501d, updates:45798, SVD sweeps:5
pose error:[0.010000 0.015000 0.010000 -0.000000 0.049979 -0.000000]
tau[0:6]:[1.228026 0.081850 0.819520 0.875435 0.745706 -0.833381 0.398995]
kernel exec min/avg/max: 94.79 / 98.81 / 112.88 us, samples:45790
pressure status:1, copy rounds total/window:2202/10, 4.50 rounds/s
pressure logical copy:22020.00 MiB total, approx 44.99 MiB/s, checksum:2932384727040
pressure report window:2.222710 s
t0_region>
[1]:4039
[2]:142
[3]:1100
[4]:10275
[5]:16463
[6]:8750
[7]:2384
[8]:520
[9]:292
[10]:483
[11]:637
[12]:432
[13]:155
[14]:40
[15]:21
[16]:13
[17]:11
[18]:11
[19]:3
[20]:7
[21]:1
[22]:2
[24]:5
[27]:3
[28]:1
[29]:1
[30]:1

t1_region>
[2]:252
[3]:3470
[4]:337
[5]:89
[6]:23
[7]:8
[8]:100
[9]:253
[10]:840
[11]:3400
[12]:7004
[13]:7832
[14]:7401
[15]:6253
[16]:3670
[17]:1625
[18]:627
[19]:325
[20]:298
[21]:423
[22]:572
[23]:431
[24]:188
[25]:75
[26]:53
[27]:42
[28]:24
[29]:36
[30]:23
[31]:18
[32]:22
[33]:25
[34]:16
[35]:10
[36]:9
[37]:9
[38]:4
[39]:2
[40]:1
[41]:2
[46]:1
[47]:1

t2_region>
[98]:708
[99]:2660
[100]:466
[101]:183
[102]:91
[103]:40
[104]:34
[105]:112
[106]:126
[107]:196
[108]:648
[109]:2603
[110]:5766
[111]:5591
[112]:4060
[113]:4539
[114]:5490
[115]:4871
[116]:2841
[117]:1410
[118]:666
[119]:530
[120]:525
[121]:516
[122]:273
[123]:171
[124]:112
[125]:111
[126]:86
[127]:64
[128]:55
[129]:34
[130]:41
[131]:32
[132]:35
[133]:29
[134]:19
[135]:13
[136]:15
[137]:7
[138]:8
[139]:2
[140]:5
[141]:4
[142]:3
[143]:3
[144]:1
[146]:1
[148]:1
[152]:1

t0_min: 1.08 us, round:18500
t0_max: 30.92 us, round:20370
t0_jitter: 29.83 us

t1_min: 2.79 us, round:13407
t1_max: 47.83 us, round:20370
t1_jitter: 45.04 us

t2_min: 98.00 us, round:420
t2_max: 152.96 us, round:20319
t2_jitter: 54.96 us

PMU diff samples: 45804
AVG DIFF LL_CACHE_RD: 134.77
AVG DIFF LL_CACHE_MISS_RD: 94.43
AVG DIFF L2D_CACHE_REFILL: 94.46
AVG DIFF L2D_CACHE_INVAL: 0.00
[cur diff] DIFF LL_CACHE_RD: 33, DIFF LL_CACHE_MISS_RD: 0, MISS_RATE: 0.00%
[cur diff] DIFF L2D_CACHE_REFILL: 0
[cur diff] DIFF L2D_CACHE_INVAL: 0
[max diff] DIFF LL_CACHE_RD: 170, DIFF LL_CACHE_MISS_RD: 134, MISS_RATE: 78.82%
[max diff] DIFF L2D_CACHE_REFILL: 135
[max diff] DIFF L2D_CACHE_INVAL: 0

===========================================================
taskpendcnt:46009
t0:5958 ns
t1:16458 ns
t2:115916 ns
benchmark: Franka-derived Cartesian-impedance kernel, input trace:8, timer period:10.000 ms
controller source: franka_ros2 jazzy@73a1501d, updates:46020, SVD sweeps:5
pose error:[0.010000 0.015000 0.010000 -0.000000 0.049979 -0.000000]
tau[0:6]:[-0.274004 -0.324180 0.001577 -0.231466 0.050986 -0.328952 0.010844]
kernel exec min/avg/max: 94.79 / 98.81 / 112.88 us, samples:46012
pressure status:1, copy rounds total/window:2213/11, 4.95 rounds/s
pressure logical copy:22130.00 MiB total, approx 49.50 MiB/s, checksum:2947033333760
pressure report window:2.222401 s
t0_region>
[1]:4058
[2]:143
[3]:1106
[4]:10317
[5]:16551
[6]:8799
[7]:2390
[8]:521
[9]:293
[10]:484
[11]:642
[12]:434
[13]:156
[14]:40
[15]:21
[16]:13
[17]:11
[18]:11
[19]:3
[20]:7
[21]:1
[22]:2
[24]:5
[27]:3
[28]:1
[29]:1
[30]:1

t1_region>
[2]:253
[3]:3488
[4]:339
[5]:89
[6]:24
[7]:8
[8]:100
[9]:253
[10]:844
[11]:3416
[12]:7037
[13]:7872
[14]:7437
[15]:6287
[16]:3690
[17]:1632
[18]:627
[19]:326
[20]:298
[21]:424
[22]:577
[23]:433
[24]:188
[25]:76
[26]:53
[27]:42
[28]:24
[29]:36
[30]:23
[31]:19
[32]:22
[33]:25
[34]:16
[35]:10
[36]:9
[37]:9
[38]:4
[39]:2
[40]:1
[41]:2
[46]:1
[47]:1

t2_region>
[98]:714
[99]:2671
[100]:468
[101]:183
[102]:92
[103]:41
[104]:34
[105]:112
[106]:126
[107]:196
[108]:651
[109]:2614
[110]:5794
[111]:5620
[112]:4084
[113]:4555
[114]:5519
[115]:4896
[116]:2860
[117]:1415
[118]:668
[119]:531
[120]:530
[121]:517
[122]:273
[123]:171
[124]:113
[125]:111
[126]:87
[127]:64
[128]:55
[129]:34
[130]:41
[131]:32
[132]:35
[133]:29
[134]:20
[135]:13
[136]:15
[137]:7
[138]:8
[139]:2
[140]:5
[141]:4
[142]:3
[143]:3
[144]:1
[146]:1
[148]:1
[152]:1

t0_min: 1.08 us, round:18500
t0_max: 30.92 us, round:20370
t0_jitter: 29.83 us

t1_min: 2.79 us, round:13407
t1_max: 47.83 us, round:20370
t1_jitter: 45.04 us

t2_min: 98.00 us, round:420
t2_max: 152.96 us, round:20319
t2_jitter: 54.96 us

PMU diff samples: 46027
AVG DIFF LL_CACHE_RD: 134.77
AVG DIFF LL_CACHE_MISS_RD: 94.43
AVG DIFF L2D_CACHE_REFILL: 94.46
AVG DIFF L2D_CACHE_INVAL: 0.00
[cur diff] DIFF LL_CACHE_RD: 40, DIFF LL_CACHE_MISS_RD: 0, MISS_RATE: 0.00%
[cur diff] DIFF L2D_CACHE_REFILL: 0
[cur diff] DIFF L2D_CACHE_INVAL: 0
[max diff] DIFF LL_CACHE_RD: 170, DIFF LL_CACHE_MISS_RD: 134, MISS_RATE: 78.82%
[max diff] DIFF L2D_CACHE_REFILL: 135
[max diff] DIFF L2D_CACHE_INVAL: 0

===========================================================
taskpendcnt:46231
t0:5208 ns
t1:14541 ns
t2:114291 ns
benchmark: Franka-derived Cartesian-impedance kernel, input trace:8, timer period:10.000 ms
controller source: franka_ros2 jazzy@73a1501d, updates:46242, SVD sweeps:5
pose error:[0.010000 0.015000 0.010000 -0.000000 0.049979 -0.000000]
tau[0:6]:[-2.379368 -1.292411 -1.655224 -1.570015 -1.185234 -0.066588 -0.610247]
kernel exec min/avg/max: 94.79 / 98.81 / 112.88 us, samples:46234
pressure status:1, copy rounds total/window:2224/11, 4.95 rounds/s
pressure logical copy:22240.00 MiB total, approx 49.49 MiB/s, checksum:2961681940480
pressure report window:2.222475 s
t0_region>
[1]:4079
[2]:143
[3]:1112
[4]:10376
[5]:16624
[6]:8843
[7]:2397
[8]:523
[9]:294
[10]:488
[11]:644
[12]:435
[13]:157
[14]:40
[15]:21
[16]:13
[17]:12
[18]:11
[19]:3
[20]:7
[21]:1
[22]:2
[24]:5
[27]:3
[28]:1
[29]:1
[30]:1

t1_region>
[2]:254
[3]:3505
[4]:342
[5]:89
[6]:24
[7]:8
[8]:100
[9]:253
[10]:849
[11]:3433
[12]:7082
[13]:7911
[14]:7466
[15]:6319
[16]:3706
[17]:1638
[18]:630
[19]:326
[20]:300
[21]:426
[22]:579
[23]:434
[24]:189
[25]:76
[26]:53
[27]:42
[28]:24
[29]:36
[30]:23
[31]:19
[32]:22
[33]:25
[34]:16
[35]:11
[36]:9
[37]:9
[38]:4
[39]:2
[40]:1
[41]:2
[46]:1
[47]:1

t2_region>
[98]:718
[99]:2683
[100]:473
[101]:183
[102]:92
[103]:41
[104]:34
[105]:112
[106]:126
[107]:196
[108]:656
[109]:2630
[110]:5822
[111]:5651
[112]:4098
[113]:4580
[114]:5551
[115]:4917
[116]:2872
[117]:1423
[118]:668
[119]:535
[120]:531
[121]:518
[122]:273
[123]:172
[124]:113
[125]:112
[126]:87
[127]:64
[128]:55
[129]:34
[130]:41
[131]:32
[132]:35
[133]:29
[134]:20
[135]:13
[136]:15
[137]:8
[138]:8
[139]:2
[140]:5
[141]:4
[142]:3
[143]:3
[144]:1
[146]:1
[148]:1
[152]:1

t0_min: 1.08 us, round:18500
t0_max: 30.92 us, round:20370
t0_jitter: 29.83 us

t1_min: 2.79 us, round:13407
t1_max: 47.83 us, round:20370
t1_jitter: 45.04 us

t2_min: 98.00 us, round:420
t2_max: 152.96 us, round:20319
t2_jitter: 54.96 us

PMU diff samples: 46249
AVG DIFF LL_CACHE_RD: 134.76
AVG DIFF LL_CACHE_MISS_RD: 94.42
AVG DIFF L2D_CACHE_REFILL: 94.45
AVG DIFF L2D_CACHE_INVAL: 0.00
[cur diff] DIFF LL_CACHE_RD: 41, DIFF LL_CACHE_MISS_RD: 1, MISS_RATE: 2.44%
[cur diff] DIFF L2D_CACHE_REFILL: 0
[cur diff] DIFF L2D_CACHE_INVAL: 0
[max diff] DIFF LL_CACHE_RD: 170, DIFF LL_CACHE_MISS_RD: 134, MISS_RATE: 78.82%
[max diff] DIFF L2D_CACHE_REFILL: 135
[max diff] DIFF L2D_CACHE_INVAL: 0

===========================================================
taskpendcnt:46453
t0:5041 ns
t1:12916 ns
t2:109833 ns
benchmark: Franka-derived Cartesian-impedance kernel, input trace:8, timer period:10.000 ms
controller source: franka_ros2 jazzy@73a1501d, updates:46464, SVD sweeps:5
pose error:[0.010000 0.015000 0.010000 -0.000000 0.049979 -0.000000]
tau[0:6]:[-2.781770 -1.613002 -1.930139 -1.581803 -1.382951 -0.390599 -0.663394]
kernel exec min/avg/max: 94.79 / 98.81 / 112.88 us, samples:46456
pressure status:1, copy rounds total/window:2234/10, 4.50 rounds/s
pressure logical copy:22340.00 MiB total, approx 44.98 MiB/s, checksum:2974998855680
pressure report window:2.223235 s
t0_region>
[1]:4101
[2]:143
[3]:1120
[4]:10429
[5]:16708
[6]:8878
[7]:2407
[8]:525
[9]:295
[10]:490
[11]:645
[12]:438
[13]:159
[14]:40
[15]:21
[16]:13
[17]:12
[18]:11
[19]:3
[20]:7
[21]:1
[22]:2
[24]:5
[27]:3
[28]:1
[29]:1
[30]:1

t1_region>
[2]:257
[3]:3522
[4]:343
[5]:89
[6]:24
[7]:8
[8]:100
[9]:253
[10]:853
[11]:3453
[12]:7118
[13]:7951
[14]:7500
[15]:6351
[16]:3721
[17]:1645
[18]:635
[19]:326
[20]:300
[21]:428
[22]:581
[23]:436
[24]:189
[25]:77
[26]:53
[27]:42
[28]:25
[29]:36
[30]:23
[31]:19
[32]:22
[33]:25
[34]:16
[35]:11
[36]:9
[37]:9
[38]:4
[39]:2
[40]:1
[41]:2
[46]:1
[47]:1

t2_region>
[98]:724
[99]:2696
[100]:475
[101]:183
[102]:93
[103]:41
[104]:34
[105]:112
[106]:126
[107]:196
[108]:660
[109]:2643
[110]:5860
[111]:5669
[112]:4113
[113]:4603
[114]:5585
[115]:4941
[116]:2888
[117]:1427
[118]:672
[119]:536
[120]:533
[121]:519
[122]:273
[123]:173
[124]:113
[125]:113
[126]:88
[127]:64
[128]:56
[129]:34
[130]:41
[131]:32
[132]:35
[133]:29
[134]:20
[135]:13
[136]:15
[137]:8
[138]:8
[139]:2
[140]:5
[141]:4
[142]:3
[143]:3
[144]:1
[146]:1
[148]:1
[152]:1

t0_min: 1.08 us, round:18500
t0_max: 30.92 us, round:20370
t0_jitter: 29.83 us

t1_min: 2.79 us, round:13407
t1_max: 47.83 us, round:20370
t1_jitter: 45.04 us

t2_min: 98.00 us, round:420
t2_max: 152.96 us, round:20319
t2_jitter: 54.96 us

PMU diff samples: 46471
AVG DIFF LL_CACHE_RD: 134.75
AVG DIFF LL_CACHE_MISS_RD: 94.41
AVG DIFF L2D_CACHE_REFILL: 94.45
AVG DIFF L2D_CACHE_INVAL: 0.00
[cur diff] DIFF LL_CACHE_RD: 39, DIFF LL_CACHE_MISS_RD: 0, MISS_RATE: 0.00%
[cur diff] DIFF L2D_CACHE_REFILL: 0
[cur diff] DIFF L2D_CACHE_INVAL: 0
[max diff] DIFF LL_CACHE_RD: 170, DIFF LL_CACHE_MISS_RD: 134, MISS_RATE: 78.82%
[max diff] DIFF L2D_CACHE_REFILL: 135
[max diff] DIFF L2D_CACHE_INVAL: 0

===========================================================
taskpendcnt:46676
t0:5250 ns
t1:14291 ns
t2:113750 ns
benchmark: Franka-derived Cartesian-impedance kernel, input trace:8, timer period:10.000 ms
controller source: franka_ros2 jazzy@73a1501d, updates:46687, SVD sweeps:5
pose error:[0.010000 0.015000 0.010000 -0.000000 0.049979 -0.000000]
tau[0:6]:[1.376914 -0.104433 0.790225 0.843903 0.642107 -0.956178 0.423547]
kernel exec min/avg/max: 94.79 / 98.81 / 112.88 us, samples:46679
pressure status:1, copy rounds total/window:2245/11, 4.95 rounds/s
pressure logical copy:22450.00 MiB total, approx 49.49 MiB/s, checksum:2989647462400
pressure report window:2.222783 s
t0_region>
[1]:4120
[2]:145
[3]:1127
[4]:10471
[5]:16805
[6]:8912
[7]:2416
[8]:526
[9]:296
[10]:495
[11]:647
[12]:438
[13]:160
[14]:41
[15]:21
[16]:13
[17]:12
[18]:11
[19]:3
[20]:8
[21]:1
[22]:2
[24]:5
[27]:3
[28]:1
[29]:1
[30]:1

t1_region>
[2]:259
[3]:3539
[4]:344
[5]:89
[6]:25
[7]:8
[8]:100
[9]:254
[10]:862
[11]:3466
[12]:7150
[13]:7992
[14]:7542
[15]:6375
[16]:3742
[17]:1649
[18]:636
[19]:329
[20]:300
[21]:429
[22]:586
[23]:438
[24]:190
[25]:77
[26]:53
[27]:42
[28]:25
[29]:36
[30]:23
[31]:19
[32]:22
[33]:25
[34]:16
[35]:11
[36]:9
[37]:10
[38]:4
[39]:2
[40]:1
[41]:2
[46]:1
[47]:1

t2_region>
[98]:730
[99]:2708
[100]:476
[101]:184
[102]:93
[103]:41
[104]:34
[105]:112
[106]:127
[107]:197
[108]:666
[109]:2655
[110]:5888
[111]:5698
[112]:4129
[113]:4627
[114]:5613
[115]:4963
[116]:2905
[117]:1432
[118]:674
[119]:537
[120]:535
[121]:524
[122]:273
[123]:173
[124]:113
[125]:114
[126]:88
[127]:65
[128]:56
[129]:34
[130]:41
[131]:32
[132]:35
[133]:29
[134]:20
[135]:13
[136]:15
[137]:8
[138]:8
[139]:2
[140]:6
[141]:4
[142]:3
[143]:3
[144]:1
[146]:1
[148]:1
[152]:1

t0_min: 1.08 us, round:18500
t0_max: 30.92 us, round:20370
t0_jitter: 29.83 us

t1_min: 2.79 us, round:13407
t1_max: 47.83 us, round:20370
t1_jitter: 45.04 us

t2_min: 98.00 us, round:420
t2_max: 152.96 us, round:20319
t2_jitter: 54.96 us

PMU diff samples: 46694
AVG DIFF LL_CACHE_RD: 134.75
AVG DIFF LL_CACHE_MISS_RD: 94.41
AVG DIFF L2D_CACHE_REFILL: 94.44
AVG DIFF L2D_CACHE_INVAL: 0.00
[cur diff] DIFF LL_CACHE_RD: 47, DIFF LL_CACHE_MISS_RD: 0, MISS_RATE: 0.00%
[cur diff] DIFF L2D_CACHE_REFILL: 0
[cur diff] DIFF L2D_CACHE_INVAL: 0
[max diff] DIFF LL_CACHE_RD: 170, DIFF LL_CACHE_MISS_RD: 134, MISS_RATE: 78.82%
[max diff] DIFF L2D_CACHE_REFILL: 135
[max diff] DIFF L2D_CACHE_INVAL: 0

===========================================================
taskpendcnt:46898
t0:3625 ns
t1:9458 ns
t2:107166 ns
benchmark: Franka-derived Cartesian-impedance kernel, input trace:8, timer period:10.000 ms
controller source: franka_ros2 jazzy@73a1501d, updates:46909, SVD sweeps:5
pose error:[0.010000 0.015000 0.010000 -0.000000 0.049979 -0.000000]
tau[0:6]:[0.839771 0.130674 0.617691 0.624912 0.653099 -0.592692 0.265887]
kernel exec min/avg/max: 94.79 / 98.81 / 112.88 us, samples:46901
pressure status:1, copy rounds total/window:2255/10, 4.50 rounds/s
pressure logical copy:22550.00 MiB total, approx 44.99 MiB/s, checksum:3002964377600
pressure report window:2.222647 s
t0_region>
[1]:4141
[2]:145
[3]:1134
[4]:10508
[5]:16876
[6]:8948
[7]:2427
[8]:534
[9]:303
[10]:498
[11]:651
[12]:444
[13]:162
[14]:42
[15]:22
[16]:13
[17]:12
[18]:11
[19]:4
[20]:10
[21]:2
[22]:3
[24]:5
[27]:4
[28]:1
[29]:1
[30]:1
[31]:1

t1_region>
[2]:262
[3]:3557
[4]:345
[5]:89
[6]:25
[7]:8
[8]:101
[9]:259
[10]:869
[11]:3487
[12]:7171
[13]:8019
[14]:7573
[15]:6388
[16]:3760
[17]:1657
[18]:638
[19]:337
[20]:306
[21]:431
[22]:589
[23]:440
[24]:192
[25]:79
[26]:55
[27]:46
[28]:25
[29]:39
[30]:27
[31]:20
[32]:23
[33]:25
[34]:17
[35]:13
[36]:9
[37]:10
[38]:6
[39]:2
[40]:1
[41]:2
[42]:1
[45]:1
[46]:1
[47]:1

t2_region>
[98]:734
[99]:2718
[100]:481
[101]:186
[102]:93
[103]:41
[104]:34
[105]:112
[106]:127
[107]:205
[108]:670
[109]:2665
[110]:5908
[111]:5713
[112]:4159
[113]:4636
[114]:5630
[115]:4977
[116]:2915
[117]:1441
[118]:679
[119]:541
[120]:542
[121]:526
[122]:276
[123]:176
[124]:115
[125]:117
[126]:89
[127]:68
[128]:59
[129]:36
[130]:43
[131]:34
[132]:40
[133]:29
[134]:21
[135]:13
[136]:16
[137]:9
[138]:9
[139]:4
[140]:6
[141]:4
[142]:4
[143]:4
[144]:1
[146]:1
[148]:1
[152]:1

t0_min: 1.08 us, round:18500
t0_max: 31.58 us, round:46775
t0_jitter: 30.50 us

t1_min: 2.79 us, round:13407
t1_max: 47.83 us, round:20370
t1_jitter: 45.04 us

t2_min: 98.00 us, round:420
t2_max: 152.96 us, round:20319
t2_jitter: 54.96 us

PMU diff samples: 46916
AVG DIFF LL_CACHE_RD: 134.74
AVG DIFF LL_CACHE_MISS_RD: 94.41
AVG DIFF L2D_CACHE_REFILL: 94.44
AVG DIFF L2D_CACHE_INVAL: 0.00
[cur diff] DIFF LL_CACHE_RD: 38, DIFF LL_CACHE_MISS_RD: 0, MISS_RATE: 0.00%
[cur diff] DIFF L2D_CACHE_REFILL: 9
[cur diff] DIFF L2D_CACHE_INVAL: 0
[max diff] DIFF LL_CACHE_RD: 170, DIFF LL_CACHE_MISS_RD: 134, MISS_RATE: 78.82%
[max diff] DIFF L2D_CACHE_REFILL: 135
[max diff] DIFF L2D_CACHE_INVAL: 0

===========================================================
taskpendcnt:47120
t0:6083 ns
t1:15125 ns
t2:114083 ns
benchmark: Franka-derived Cartesian-impedance kernel, input trace:8, timer period:10.000 ms
controller source: franka_ros2 jazzy@73a1501d, updates:47132, SVD sweeps:5
pose error:[0.010000 0.015000 0.010000 -0.000000 0.049979 -0.000000]
tau[0:6]:[-0.274004 -0.324180 0.001577 -0.231466 0.050986 -0.328952 0.010844]
kernel exec min/avg/max: 94.79 / 98.82 / 112.88 us, samples:47123
pressure status:1, copy rounds total/window:2266/11, 4.94 rounds/s
pressure logical copy:22660.00 MiB total, approx 49.44 MiB/s, checksum:3017612984320
pressure report window:2.224735 s
t0_region>
[1]:4161
[2]:147
[3]:1144
[4]:10547
[5]:16944
[6]:8998
[7]:2440
[8]:541
[9]:306
[10]:500
[11]:656
[12]:446
[13]:164
[14]:42
[15]:22
[16]:13
[17]:12
[18]:11
[19]:4
[20]:10
[21]:2
[22]:3
[24]:5
[27]:4
[28]:1
[29]:1
[30]:1
[31]:1

t1_region>
[2]:263
[3]:3568
[4]:351
[5]:92
[6]:25
[7]:8
[8]:101
[9]:265
[10]:877
[11]:3503
[12]:7199
[13]:8047
[14]:7604
[15]:6417
[16]:3778
[17]:1663
[18]:641
[19]:346
[20]:310
[21]:432
[22]:595
[23]:442
[24]:192
[25]:80
[26]:55
[27]:47
[28]:26
[29]:40
[30]:28
[31]:21
[32]:23
[33]:25
[34]:17
[35]:13
[36]:9
[37]:10
[38]:6
[39]:2
[40]:1
[41]:2
[42]:1
[45]:1
[46]:1
[47]:1

t2_region>
[98]:735
[99]:2729
[100]:486
[101]:188
[102]:95
[103]:41
[104]:35
[105]:112
[106]:128
[107]:208
[108]:672
[109]:2677
[110]:5930
[111]:5742
[112]:4171
[113]:4659
[114]:5653
[115]:5002
[116]:2925
[117]:1445
[118]:681
[119]:544
[120]:548
[121]:533
[122]:277
[123]:179
[124]:120
[125]:118
[126]:89
[127]:70
[128]:59
[129]:36
[130]:44
[131]:38
[132]:40
[133]:29
[134]:21
[135]:13
[136]:16
[137]:9
[138]:9
[139]:4
[140]:6
[141]:4
[142]:4
[143]:4
[144]:1
[146]:1
[148]:1
[152]:1

t0_min: 1.08 us, round:18500
t0_max: 31.58 us, round:46775
t0_jitter: 30.50 us

t1_min: 2.79 us, round:13407
t1_max: 47.83 us, round:20370
t1_jitter: 45.04 us

t2_min: 98.00 us, round:420
t2_max: 152.96 us, round:20319
t2_jitter: 54.96 us

PMU diff samples: 47138
AVG DIFF LL_CACHE_RD: 134.73
AVG DIFF LL_CACHE_MISS_RD: 94.40
AVG DIFF L2D_CACHE_REFILL: 94.44
AVG DIFF L2D_CACHE_INVAL: 0.00
[cur diff] DIFF LL_CACHE_RD: 34, DIFF LL_CACHE_MISS_RD: 0, MISS_RATE: 0.00%
[cur diff] DIFF L2D_CACHE_REFILL: 0
[cur diff] DIFF L2D_CACHE_INVAL: 0
[max diff] DIFF LL_CACHE_RD: 170, DIFF LL_CACHE_MISS_RD: 134, MISS_RATE: 78.82%
[max diff] DIFF L2D_CACHE_REFILL: 135
[max diff] DIFF L2D_CACHE_INVAL: 0

===========================================================
taskpendcnt:47343
t0:6875 ns
t1:17083 ns
t2:116833 ns
benchmark: Franka-derived Cartesian-impedance kernel, input trace:8, timer period:10.000 ms
controller source: franka_ros2 jazzy@73a1501d, updates:47354, SVD sweeps:5
pose error:[0.010000 0.015000 0.010000 -0.000000 0.049979 -0.000000]
tau[0:6]:[-2.379368 -1.292411 -1.655224 -1.570015 -1.185234 -0.066588 -0.610247]
kernel exec min/avg/max: 94.79 / 98.82 / 112.88 us, samples:47346
pressure status:1, copy rounds total/window:2277/11, 4.94 rounds/s
pressure logical copy:22770.00 MiB total, approx 49.43 MiB/s, checksum:3032261591040
pressure report window:2.225512 s
t0_region>
[1]:4181
[2]:148
[3]:1146
[4]:10602
[5]:17032
[6]:9031
[7]:2454
[8]:541
[9]:306
[10]:504
[11]:659
[12]:448
[13]:164
[14]:42
[15]:22
[16]:13
[17]:12
[18]:11
[19]:4
[20]:10
[21]:2
[22]:3
[24]:5
[27]:4
[28]:1
[29]:1
[30]:1
[31]:1

t1_region>
[2]:264
[3]:3587
[4]:353
[5]:92
[6]:25
[7]:8
[8]:101
[9]:265
[10]:878
[11]:3526
[12]:7237
[13]:8083
[14]:7639
[15]:6443
[16]:3802
[17]:1669
[18]:642
[19]:348
[20]:312
[21]:435
[22]:597
[23]:443
[24]:193
[25]:80
[26]:55
[27]:47
[28]:26
[29]:40
[30]:28
[31]:21
[32]:23
[33]:25
[34]:17
[35]:13
[36]:9
[37]:10
[38]:6
[39]:2
[40]:1
[41]:2
[42]:1
[45]:1
[46]:1
[47]:1

t2_region>
[98]:736
[99]:2746
[100]:487
[101]:190
[102]:95
[103]:41
[104]:35
[105]:112
[106]:128
[107]:208
[108]:674
[109]:2689
[110]:5962
[111]:5777
[112]:4186
[113]:4673
[114]:5682
[115]:5025
[116]:2944
[117]:1453
[118]:684
[119]:547
[120]:550
[121]:535
[122]:278
[123]:180
[124]:120
[125]:118
[126]:89
[127]:70
[128]:59
[129]:36
[130]:44
[131]:38
[132]:40
[133]:29
[134]:21
[135]:13
[136]:16
[137]:9
[138]:9
[139]:4
[140]:6
[141]:4
[142]:4
[143]:4
[144]:1
[146]:1
[148]:1
[152]:1

t0_min: 1.08 us, round:18500
t0_max: 31.58 us, round:46775
t0_jitter: 30.50 us

t1_min: 2.79 us, round:13407
t1_max: 47.83 us, round:20370
t1_jitter: 45.04 us

t2_min: 98.00 us, round:420
t2_max: 152.96 us, round:20319
t2_jitter: 54.96 us

PMU diff samples: 47361
AVG DIFF LL_CACHE_RD: 134.73
AVG DIFF LL_CACHE_MISS_RD: 94.40
AVG DIFF L2D_CACHE_REFILL: 94.43
AVG DIFF L2D_CACHE_INVAL: 0.00
[cur diff] DIFF LL_CACHE_RD: 38, DIFF LL_CACHE_MISS_RD: 0, MISS_RATE: 0.00%
[cur diff] DIFF L2D_CACHE_REFILL: 0
[cur diff] DIFF L2D_CACHE_INVAL: 0
[max diff] DIFF LL_CACHE_RD: 170, DIFF LL_CACHE_MISS_RD: 134, MISS_RATE: 78.82%
[max diff] DIFF L2D_CACHE_REFILL: 135
[max diff] DIFF L2D_CACHE_INVAL: 0

===========================================================
taskpendcnt:47565
t0:5541 ns
t1:10875 ns
t2:111500 ns
benchmark: Franka-derived Cartesian-impedance kernel, input trace:8, timer period:10.000 ms
controller source: franka_ros2 jazzy@73a1501d, updates:47577, SVD sweeps:5
pose error:[0.010000 0.015000 0.010000 -0.000000 0.049979 -0.000000]
tau[0:6]:[-2.781770 -1.613002 -1.930139 -1.581803 -1.382951 -0.390599 -0.663394]
kernel exec min/avg/max: 94.79 / 98.82 / 112.88 us, samples:47569
pressure status:1, copy rounds total/window:2287/10, 4.49 rounds/s
pressure logical copy:22870.00 MiB total, approx 44.94 MiB/s, checksum:3045578506240
pressure report window:2.225244 s
t0_region>
[1]:4203
[2]:148
[3]:1148
[4]:10649
[5]:17122
[6]:9073
[7]:2463
[8]:542
[9]:308
[10]:506
[11]:662
[12]:450
[13]:165
[14]:42
[15]:22
[16]:13
[17]:12
[18]:11
[19]:4
[20]:10
[21]:2
[22]:3
[24]:5
[27]:4
[28]:1
[29]:1
[30]:1
[31]:1

t1_region>
[2]:267
[3]:3603
[4]:355
[5]:92
[6]:25
[7]:8
[8]:101
[9]:265
[10]:880
[11]:3544
[12]:7268
[13]:8120
[14]:7677
[15]:6478
[16]:3818
[17]:1681
[18]:644
[19]:348
[20]:314
[21]:438
[22]:598
[23]:447
[24]:193
[25]:80
[26]:55
[27]:47
[28]:26
[29]:40
[30]:28
[31]:21
[32]:23
[33]:25
[34]:17
[35]:13
[36]:9
[37]:10
[38]:6
[39]:2
[40]:1
[41]:2
[42]:1
[45]:1
[46]:1
[47]:1

t2_region>
[98]:741
[99]:2756
[100]:492
[101]:190
[102]:97
[103]:41
[104]:35
[105]:112
[106]:128
[107]:208
[108]:674
[109]:2700
[110]:5989
[111]:5810
[112]:4205
[113]:4689
[114]:5710
[115]:5053
[116]:2962
[117]:1463
[118]:687
[119]:548
[120]:551
[121]:539
[122]:279
[123]:181
[124]:120
[125]:118
[126]:89
[127]:70
[128]:59
[129]:36
[130]:44
[131]:38
[132]:40
[133]:29
[134]:21
[135]:13
[136]:16
[137]:9
[138]:9
[139]:4
[140]:6
[141]:4
[142]:4
[143]:4
[144]:1
[146]:1
[148]:1
[152]:1

t0_min: 1.08 us, round:18500
t0_max: 31.58 us, round:46775
t0_jitter: 30.50 us

t1_min: 2.79 us, round:13407
t1_max: 47.83 us, round:20370
t1_jitter: 45.04 us

t2_min: 98.00 us, round:420
t2_max: 152.96 us, round:20319
t2_jitter: 54.96 us

PMU diff samples: 47584
AVG DIFF LL_CACHE_RD: 134.72
AVG DIFF LL_CACHE_MISS_RD: 94.39
AVG DIFF L2D_CACHE_REFILL: 94.43
AVG DIFF L2D_CACHE_INVAL: 0.00
[cur diff] DIFF LL_CACHE_RD: 36, DIFF LL_CACHE_MISS_RD: 0, MISS_RATE: 0.00%
[cur diff] DIFF L2D_CACHE_REFILL: 1
[cur diff] DIFF L2D_CACHE_INVAL: 0
[max diff] DIFF LL_CACHE_RD: 170, DIFF LL_CACHE_MISS_RD: 134, MISS_RATE: 78.82%
[max diff] DIFF L2D_CACHE_REFILL: 135
[max diff] DIFF L2D_CACHE_INVAL: 0

===========================================================
taskpendcnt:47788
t0:4875 ns
t1:14208 ns
t2:113958 ns
benchmark: Franka-derived Cartesian-impedance kernel, input trace:8, timer period:10.000 ms
controller source: franka_ros2 jazzy@73a1501d, updates:47799, SVD sweeps:5
pose error:[0.010000 0.015000 0.010000 -0.000000 0.049979 -0.000000]
tau[0:6]:[1.376914 -0.104433 0.790225 0.843903 0.642107 -0.956178 0.423547]
kernel exec min/avg/max: 94.79 / 98.82 / 112.88 us, samples:47791
pressure status:1, copy rounds total/window:2298/11, 4.94 rounds/s
pressure logical copy:22980.00 MiB total, approx 49.44 MiB/s, checksum:3060227112960
pressure report window:2.224748 s
t0_region>
[1]:4224
[2]:148
[3]:1151
[4]:10693
[5]:17209
[6]:9120
[7]:2469
[8]:548
[9]:310
[10]:507
[11]:664
[12]:452
[13]:166
[14]:42
[15]:22
[16]:13
[17]:12
[18]:11
[19]:4
[20]:10
[21]:2
[22]:3
[24]:5
[27]:4
[28]:1
[29]:1
[30]:1
[31]:1

t1_region>
[2]:268
[3]:3623
[4]:356
[5]:92
[6]:25
[7]:8
[8]:101
[9]:265
[10]:883
[11]:3556
[12]:7299
[13]:8157
[14]:7727
[15]:6510
[16]:3834
[17]:1689
[18]:646
[19]:350
[20]:316
[21]:439
[22]:600
[23]:449
[24]:194
[25]:80
[26]:55
[27]:47
[28]:26
[29]:40
[30]:28
[31]:21
[32]:23
[33]:25
[34]:17
[35]:13
[36]:9
[37]:10
[38]:6
[39]:2
[40]:1
[41]:2
[42]:1
[45]:1
[46]:1
[47]:1

t2_region>
[98]:743
[99]:2772
[100]:494
[101]:191
[102]:97
[103]:41
[104]:35
[105]:112
[106]:128
[107]:208
[108]:674
[109]:2711
[110]:6013
[111]:5840
[112]:4227
[113]:4717
[114]:5743
[115]:5071
[116]:2981
[117]:1468
[118]:691
[119]:550
[120]:552
[121]:541
[122]:279
[123]:182
[124]:120
[125]:119
[126]:89
[127]:70
[128]:59
[129]:36
[130]:44
[131]:38
[132]:40
[133]:29
[134]:21
[135]:13
[136]:16
[137]:9
[138]:9
[139]:4
[140]:6
[141]:4
[142]:4
[143]:4
[144]:1
[146]:1
[148]:1
[152]:1

t0_min: 1.08 us, round:18500
t0_max: 31.58 us, round:46775
t0_jitter: 30.50 us

t1_min: 2.79 us, round:13407
t1_max: 47.83 us, round:20370
t1_jitter: 45.04 us

t2_min: 98.00 us, round:420
t2_max: 152.96 us, round:20319
t2_jitter: 54.96 us

PMU diff samples: 47806
AVG DIFF LL_CACHE_RD: 134.71
AVG DIFF LL_CACHE_MISS_RD: 94.39
AVG DIFF L2D_CACHE_REFILL: 94.43
AVG DIFF L2D_CACHE_INVAL: 0.00
[cur diff] DIFF LL_CACHE_RD: 51, DIFF LL_CACHE_MISS_RD: 0, MISS_RATE: 0.00%
[cur diff] DIFF L2D_CACHE_REFILL: 0
[cur diff] DIFF L2D_CACHE_INVAL: 0
[max diff] DIFF LL_CACHE_RD: 170, DIFF LL_CACHE_MISS_RD: 134, MISS_RATE: 78.82%
[max diff] DIFF L2D_CACHE_REFILL: 135
[max diff] DIFF L2D_CACHE_INVAL: 0

===========================================================
taskpendcnt:48010
t0:4708 ns
t1:11708 ns
t2:111541 ns
benchmark: Franka-derived Cartesian-impedance kernel, input trace:8, timer period:10.000 ms
controller source: franka_ros2 jazzy@73a1501d, updates:48022, SVD sweeps:5
pose error:[0.010000 0.015000 0.010000 -0.000000 0.049979 -0.000000]
tau[0:6]:[1.228026 0.081850 0.819520 0.875435 0.745706 -0.833381 0.398995]
kernel exec min/avg/max: 94.79 / 98.81 / 112.88 us, samples:48013
pressure status:1, copy rounds total/window:2309/11, 4.95 rounds/s
pressure logical copy:23090.00 MiB total, approx 49.46 MiB/s, checksum:3074875719680
pressure report window:2.224210 s
t0_region>
[1]:4245
[2]:149
[3]:1152
[4]:10739
[5]:17288
[6]:9171
[7]:2480
[8]:552
[9]:310
[10]:508
[11]:669
[12]:455
[13]:166
[14]:42
[15]:22
[16]:13
[17]:12
[18]:11
[19]:4
[20]:10
[21]:2
[22]:3
[24]:5
[27]:4
[28]:1
[29]:1
[30]:1
[31]:1

t1_region>
[2]:269
[3]:3642
[4]:356
[5]:93
[6]:25
[7]:8
[8]:101
[9]:265
[10]:883
[11]:3572
[12]:7331
[13]:8208
[14]:7756
[15]:6538
[16]:3850
[17]:1706
[18]:648
[19]:351
[20]:316
[21]:442
[22]:603
[23]:451
[24]:195
[25]:80
[26]:55
[27]:47
[28]:26
[29]:40
[30]:28
[31]:21
[32]:23
[33]:25
[34]:17
[35]:13
[36]:9
[37]:10
[38]:6
[39]:2
[40]:1
[41]:2
[42]:1
[45]:1
[46]:1
[47]:1

t2_region>
[98]:747
[99]:2788
[100]:494
[101]:192
[102]:98
[103]:41
[104]:35
[105]:112
[106]:128
[107]:208
[108]:675
[109]:2721
[110]:6038
[111]:5879
[112]:4246
[113]:4742
[114]:5762
[115]:5098
[116]:2996
[117]:1475
[118]:696
[119]:550
[120]:554
[121]:543
[122]:282
[123]:183
[124]:121
[125]:119
[126]:89
[127]:70
[128]:59
[129]:36
[130]:44
[131]:38
[132]:40
[133]:29
[134]:21
[135]:13
[136]:16
[137]:9
[138]:9
[139]:4
[140]:6
[141]:4
[142]:4
[143]:4
[144]:1
[146]:1
[148]:1
[152]:1

t0_min: 1.08 us, round:18500
t0_max: 31.58 us, round:46775
t0_jitter: 30.50 us

t1_min: 2.79 us, round:13407
t1_max: 47.83 us, round:20370
t1_jitter: 45.04 us

t2_min: 98.00 us, round:420
t2_max: 152.96 us, round:20319
t2_jitter: 54.96 us

PMU diff samples: 48028
AVG DIFF LL_CACHE_RD: 134.71
AVG DIFF LL_CACHE_MISS_RD: 94.39
AVG DIFF L2D_CACHE_REFILL: 94.43
AVG DIFF L2D_CACHE_INVAL: 0.00
[cur diff] DIFF LL_CACHE_RD: 27, DIFF LL_CACHE_MISS_RD: 0, MISS_RATE: 0.00%
[cur diff] DIFF L2D_CACHE_REFILL: 0
[cur diff] DIFF L2D_CACHE_INVAL: 0
[max diff] DIFF LL_CACHE_RD: 170, DIFF LL_CACHE_MISS_RD: 134, MISS_RATE: 78.82%
[max diff] DIFF L2D_CACHE_REFILL: 135
[max diff] DIFF L2D_CACHE_INVAL: 0

===========================================================
taskpendcnt:48233
t0:4625 ns
t1:11625 ns
t2:110208 ns
benchmark: Franka-derived Cartesian-impedance kernel, input trace:8, timer period:10.000 ms
controller source: franka_ros2 jazzy@73a1501d, updates:48244, SVD sweeps:5
pose error:[0.010000 0.015000 0.010000 -0.000000 0.049979 -0.000000]
tau[0:6]:[-0.274004 -0.324180 0.001577 -0.231466 0.050986 -0.328952 0.010844]
kernel exec min/avg/max: 94.79 / 98.82 / 112.88 us, samples:48236
pressure status:1, copy rounds total/window:2319/10, 4.50 rounds/s
pressure logical copy:23190.00 MiB total, approx 44.95 MiB/s, checksum:3088192634880
pressure report window:2.224568 s
t0_region>
[1]:4266
[2]:149
[3]:1156
[4]:10791
[5]:17371
[6]:9207
[7]:2495
[8]:553
[9]:310
[10]:511
[11]:671
[12]:456
[13]:169
[14]:42
[15]:22
[16]:13
[17]:12
[18]:11
[19]:4
[20]:10
[21]:2
[22]:3
[24]:5
[27]:4
[28]:1
[29]:2
[30]:1
[31]:1

t1_region>
[2]:269
[3]:3662
[4]:357
[5]:94
[6]:25
[7]:8
[8]:101
[9]:266
[10]:885
[11]:3592
[12]:7363
[13]:8252
[14]:7788
[15]:6562
[16]:3872
[17]:1718
[18]:649
[19]:352
[20]:316
[21]:444
[22]:606
[23]:452
[24]:195
[25]:81
[26]:55
[27]:48
[28]:26
[29]:40
[30]:28
[31]:21
[32]:23
[33]:25
[34]:18
[35]:13
[36]:9
[37]:10
[38]:6
[39]:2
[40]:2
[41]:2
[42]:1
[45]:1
[46]:1
[47]:1

t2_region>
[98]:751
[99]:2801
[100]:496
[101]:194
[102]:98
[103]:41
[104]:35
[105]:112
[106]:128
[107]:208
[108]:677
[109]:2736
[110]:6065
[111]:5911
[112]:4266
[113]:4757
[114]:5791
[115]:5122
[116]:3006
[117]:1484
[118]:702
[119]:554
[120]:556
[121]:545
[122]:282
[123]:183
[124]:121
[125]:120
[126]:89
[127]:71
[128]:59
[129]:36
[130]:44
[131]:38
[132]:40
[133]:29
[134]:21
[135]:13
[136]:16
[137]:10
[138]:9
[139]:4
[140]:6
[141]:5
[142]:4
[143]:4
[144]:1
[146]:1
[148]:1
[152]:1

t0_min: 1.08 us, round:18500
t0_max: 31.58 us, round:46775
t0_jitter: 30.50 us

t1_min: 2.79 us, round:13407
t1_max: 47.83 us, round:20370
t1_jitter: 45.04 us

t2_min: 98.00 us, round:420
t2_max: 152.96 us, round:20319
t2_jitter: 54.96 us

PMU diff samples: 48251
AVG DIFF LL_CACHE_RD: 134.71
AVG DIFF LL_CACHE_MISS_RD: 94.39
AVG DIFF L2D_CACHE_REFILL: 94.42
AVG DIFF L2D_CACHE_INVAL: 0.00
[cur diff] DIFF LL_CACHE_RD: 46, DIFF LL_CACHE_MISS_RD: 0, MISS_RATE: 0.00%
[cur diff] DIFF L2D_CACHE_REFILL: 1
[cur diff] DIFF L2D_CACHE_INVAL: 0
[max diff] DIFF LL_CACHE_RD: 170, DIFF LL_CACHE_MISS_RD: 134, MISS_RATE: 78.82%
[max diff] DIFF L2D_CACHE_REFILL: 135
[max diff] DIFF L2D_CACHE_INVAL: 0

===========================================================
taskpendcnt:48455
t0:6208 ns
t1:14958 ns
t2:115083 ns
benchmark: Franka-derived Cartesian-impedance kernel, input trace:8, timer period:10.000 ms
controller source: franka_ros2 jazzy@73a1501d, updates:48466, SVD sweeps:5
pose error:[0.010000 0.015000 0.010000 -0.000000 0.049979 -0.000000]
tau[0:6]:[-1.839419 -0.921560 -1.193198 -1.195971 -0.861243 0.113634 -0.461388]
kernel exec min/avg/max: 94.79 / 98.82 / 112.88 us, samples:48458
pressure status:1, copy rounds total/window:2330/11, 4.94 rounds/s
pressure logical copy:23300.00 MiB total, approx 49.43 MiB/s, checksum:3102841241600
pressure report window:2.225390 s
t0_region>
[1]:4287
[2]:150
[3]:1161
[4]:10844
[5]:17454
[6]:9247
[7]:2503
[8]:555
[9]:310
[10]:514
[11]:676
[12]:457
[13]:170
[14]:42
[15]:22
[16]:13
[17]:12
[18]:11
[19]:4
[20]:10
[21]:2
[22]:3
[24]:5
[27]:4
[28]:1
[29]:2
[30]:1
[31]:1

t1_region>
[2]:270
[3]:3681
[4]:357
[5]:95
[6]:25
[7]:8
[8]:101
[9]:267
[10]:890
[11]:3607
[12]:7402
[13]:8293
[14]:7821
[15]:6600
[16]:3887
[17]:1720
[18]:651
[19]:352
[20]:318
[21]:446
[22]:608
[23]:454
[24]:196
[25]:81
[26]:55
[27]:49
[28]:26
[29]:40
[30]:28
[31]:21
[32]:23
[33]:25
[34]:18
[35]:13
[36]:9
[37]:10
[38]:6
[39]:2
[40]:2
[41]:2
[42]:1
[45]:1
[46]:1
[47]:1

t2_region>
[98]:755
[99]:2812
[100]:501
[101]:195
[102]:98
[103]:42
[104]:35
[105]:112
[106]:128
[107]:209
[108]:679
[109]:2749
[110]:6094
[111]:5936
[112]:4288
[113]:4783
[114]:5820
[115]:5151
[116]:3013
[117]:1488
[118]:705
[119]:557
[120]:559
[121]:548
[122]:283
[123]:183
[124]:121
[125]:120
[126]:90
[127]:71
[128]:59
[129]:36
[130]:44
[131]:38
[132]:40
[133]:29
[134]:21
[135]:13
[136]:16
[137]:10
[138]:9
[139]:4
[140]:6
[141]:5
[142]:4
[143]:4
[144]:1
[146]:1
[148]:1
[152]:1

t0_min: 1.08 us, round:18500
t0_max: 31.58 us, round:46775
t0_jitter: 30.50 us

t1_min: 2.79 us, round:13407
t1_max: 47.83 us, round:20370
t1_jitter: 45.04 us

t2_min: 98.00 us, round:420
t2_max: 152.96 us, round:20319
t2_jitter: 54.96 us

PMU diff samples: 48473
AVG DIFF LL_CACHE_RD: 134.70
AVG DIFF LL_CACHE_MISS_RD: 94.38
AVG DIFF L2D_CACHE_REFILL: 94.41
AVG DIFF L2D_CACHE_INVAL: 0.00
[cur diff] DIFF LL_CACHE_RD: 43, DIFF LL_CACHE_MISS_RD: 0, MISS_RATE: 0.00%
[cur diff] DIFF L2D_CACHE_REFILL: 0
[cur diff] DIFF L2D_CACHE_INVAL: 0
[max diff] DIFF LL_CACHE_RD: 170, DIFF LL_CACHE_MISS_RD: 134, MISS_RATE: 78.82%
[max diff] DIFF L2D_CACHE_REFILL: 135
[max diff] DIFF L2D_CACHE_INVAL: 0

===========================================================
taskpendcnt:48678
t0:6125 ns
t1:14875 ns
t2:112875 ns
benchmark: Franka-derived Cartesian-impedance kernel, input trace:8, timer period:10.000 ms
controller source: franka_ros2 jazzy@73a1501d, updates:48689, SVD sweeps:5
pose error:[0.010000 0.015000 0.010000 -0.000000 0.049979 -0.000000]
tau[0:6]:[-2.781770 -1.613002 -1.930139 -1.581803 -1.382951 -0.390599 -0.663394]
kernel exec min/avg/max: 94.79 / 98.81 / 112.88 us, samples:48681
pressure status:1, copy rounds total/window:2340/10, 4.49 rounds/s
pressure logical copy:23400.00 MiB total, approx 44.94 MiB/s, checksum:3116158156800
pressure report window:2.225347 s
t0_region>
[1]:4308
[2]:150
[3]:1166
[4]:10894
[5]:17542
[6]:9281
[7]:2517
[8]:556
[9]:311
[10]:516
[11]:680
[12]:458
[13]:171
[14]:42
[15]:22
[16]:13
[17]:12
[18]:11
[19]:4
[20]:10
[21]:2
[22]:3
[24]:5
[27]:4
[28]:1
[29]:2
[30]:1
[31]:1

t1_region>
[2]:270
[3]:3700
[4]:360
[5]:95
[6]:25
[7]:8
[8]:101
[9]:268
[10]:893
[11]:3626
[12]:7441
[13]:8321
[14]:7856
[15]:6634
[16]:3909
[17]:1729
[18]:653
[19]:352
[20]:319
[21]:449
[22]:610
[23]:456
[24]:197
[25]:81
[26]:55
[27]:49
[28]:26
[29]:40
[30]:28
[31]:21
[32]:23
[33]:25
[34]:18
[35]:13
[36]:9
[37]:10
[38]:6
[39]:2
[40]:2
[41]:2
[42]:1
[45]:1
[46]:1
[47]:1

t2_region>
[98]:759
[99]:2823
[100]:506
[101]:195
[102]:99
[103]:42
[104]:35
[105]:112
[106]:128
[107]:209
[108]:682
[109]:2764
[110]:6125
[111]:5959
[112]:4311
[113]:4802
[114]:5852
[115]:5172
[116]:3030
[117]:1495
[118]:707
[119]:559
[120]:562
[121]:548
[122]:284
[123]:185
[124]:121
[125]:120
[126]:90
[127]:71
[128]:59
[129]:36
[130]:44
[131]:38
[132]:40
[133]:29
[134]:21
[135]:13
[136]:16
[137]:10
[138]:9
[139]:4
[140]:6
[141]:5
[142]:4
[143]:4
[144]:1
[146]:1
[148]:1
[152]:1

t0_min: 1.08 us, round:18500
t0_max: 31.58 us, round:46775
t0_jitter: 30.50 us

t1_min: 2.79 us, round:13407
t1_max: 47.83 us, round:20370
t1_jitter: 45.04 us

t2_min: 98.00 us, round:420
t2_max: 152.96 us, round:20319
t2_jitter: 54.96 us

PMU diff samples: 48696
AVG DIFF LL_CACHE_RD: 134.70
AVG DIFF LL_CACHE_MISS_RD: 94.38
AVG DIFF L2D_CACHE_REFILL: 94.41
AVG DIFF L2D_CACHE_INVAL: 0.00
[cur diff] DIFF LL_CACHE_RD: 40, DIFF LL_CACHE_MISS_RD: 0, MISS_RATE: 0.00%
[cur diff] DIFF L2D_CACHE_REFILL: 1
[cur diff] DIFF L2D_CACHE_INVAL: 0
[max diff] DIFF LL_CACHE_RD: 170, DIFF LL_CACHE_MISS_RD: 134, MISS_RATE: 78.82%
[max diff] DIFF L2D_CACHE_REFILL: 135
[max diff] DIFF L2D_CACHE_INVAL: 0

===========================================================
taskpendcnt:48900
t0:5083 ns
t1:13250 ns
t2:109583 ns
benchmark: Franka-derived Cartesian-impedance kernel, input trace:8, timer period:10.000 ms
controller source: franka_ros2 jazzy@73a1501d, updates:48912, SVD sweeps:5
pose error:[0.010000 0.015000 0.010000 -0.000000 0.049979 -0.000000]
tau[0:6]:[-0.567483 -0.552304 -0.482512 -0.231067 -0.297494 -0.656094 -0.085004]
kernel exec min/avg/max: 94.79 / 98.81 / 112.88 us, samples:48904
pressure status:1, copy rounds total/window:2351/11, 4.94 rounds/s
pressure logical copy:23510.00 MiB total, approx 49.43 MiB/s, checksum:3130806763520
pressure report window:2.225249 s
t0_region>
[1]:4329
[2]:151
[3]:1169
[4]:10944
[5]:17622
[6]:9333
[7]:2524
[8]:557
[9]:311
[10]:517
[11]:683
[12]:462
[13]:171
[14]:42
[15]:22
[16]:13
[17]:12
[18]:11
[19]:4
[20]:10
[21]:2
[22]:3
[24]:5
[27]:4
[28]:1
[29]:2
[30]:1
[31]:1

t1_region>
[2]:272
[3]:3717
[4]:362
[5]:95
[6]:25
[7]:8
[8]:101
[9]:268
[10]:895
[11]:3643
[12]:7476
[13]:8356
[14]:7900
[15]:6667
[16]:3926
[17]:1734
[18]:658
[19]:352
[20]:319
[21]:451
[22]:613
[23]:458
[24]:198
[25]:81
[26]:55
[27]:49
[28]:26
[29]:40
[30]:28
[31]:21
[32]:23
[33]:25
[34]:18
[35]:13
[36]:9
[37]:10
[38]:6
[39]:2
[40]:2
[41]:2
[42]:1
[45]:1
[46]:1
[47]:1

t2_region>
[98]:763
[99]:2838
[100]:508
[101]:195
[102]:99
[103]:43
[104]:35
[105]:112
[106]:128
[107]:209
[108]:685
[109]:2777
[110]:6152
[111]:5989
[112]:4325
[113]:4825
[114]:5882
[115]:5204
[116]:3041
[117]:1499
[118]:711
[119]:562
[120]:563
[121]:552
[122]:285
[123]:186
[124]:121
[125]:120
[126]:90
[127]:71
[128]:59
[129]:36
[130]:44
[131]:38
[132]:40
[133]:29
[134]:21
[135]:13
[136]:16
[137]:10
[138]:9
[139]:4
[140]:6
[141]:5
[142]:4
[143]:4
[144]:1
[146]:1
[148]:1
[152]:1

t0_min: 1.08 us, round:18500
t0_max: 31.58 us, round:46775
t0_jitter: 30.50 us

t1_min: 2.79 us, round:13407
t1_max: 47.83 us, round:20370
t1_jitter: 45.04 us

t2_min: 98.00 us, round:420
t2_max: 152.96 us, round:20319
t2_jitter: 54.96 us

PMU diff samples: 48919
AVG DIFF LL_CACHE_RD: 134.70
AVG DIFF LL_CACHE_MISS_RD: 94.38
AVG DIFF L2D_CACHE_REFILL: 94.41
AVG DIFF L2D_CACHE_INVAL: 0.00
[cur diff] DIFF LL_CACHE_RD: 38, DIFF LL_CACHE_MISS_RD: 0, MISS_RATE: 0.00%
[cur diff] DIFF L2D_CACHE_REFILL: 0
[cur diff] DIFF L2D_CACHE_INVAL: 0
[max diff] DIFF LL_CACHE_RD: 170, DIFF LL_CACHE_MISS_RD: 134, MISS_RATE: 78.82%
[max diff] DIFF L2D_CACHE_REFILL: 135
[max diff] DIFF L2D_CACHE_INVAL: 0

===========================================================
taskpendcnt:49123
t0:4416 ns
t1:14625 ns
t2:114375 ns
benchmark: Franka-derived Cartesian-impedance kernel, input trace:8, timer period:10.000 ms
controller source: franka_ros2 jazzy@73a1501d, updates:49134, SVD sweeps:5
pose error:[0.010000 0.015000 0.010000 -0.000000 0.049979 -0.000000]
tau[0:6]:[1.228026 0.081850 0.819520 0.875435 0.745706 -0.833381 0.398995]
kernel exec min/avg/max: 94.79 / 98.81 / 112.88 us, samples:49126
pressure status:1, copy rounds total/window:2362/11, 4.94 rounds/s
pressure logical copy:23620.00 MiB total, approx 49.44 MiB/s, checksum:3145455370240
pressure report window:2.224710 s
t0_region>
[1]:4350
[2]:151
[3]:1172
[4]:10993
[5]:17704
[6]:9373
[7]:2541
[8]:559
[9]:311
[10]:521
[11]:685
[12]:463
[13]:172
[14]:42
[15]:22
[16]:13
[17]:12
[18]:11
[19]:4
[20]:10
[21]:2
[22]:3
[24]:5
[27]:4
[28]:1
[29]:2
[30]:1
[31]:1

t1_region>
[2]:275
[3]:3735
[4]:363
[5]:95
[6]:25
[7]:8
[8]:101
[9]:268
[10]:898
[11]:3659
[12]:7506
[13]:8398
[14]:7937
[15]:6695
[16]:3947
[17]:1746
[18]:662
[19]:352
[20]:319
[21]:454
[22]:615
[23]:461
[24]:198
[25]:81
[26]:55
[27]:49
[28]:26
[29]:40
[30]:28
[31]:21
[32]:23
[33]:25
[34]:18
[35]:13
[36]:9
[37]:10
[38]:6
[39]:2
[40]:2
[41]:2
[42]:1
[45]:1
[46]:1
[47]:1

t2_region>
[98]:769
[99]:2851
[100]:509
[101]:196
[102]:99
[103]:43
[104]:35
[105]:112
[106]:128
[107]:209
[108]:687
[109]:2788
[110]:6178
[111]:6020
[112]:4346
[113]:4846
[114]:5908
[115]:5227
[116]:3062
[117]:1509
[118]:712
[119]:563
[120]:565
[121]:554
[122]:287
[123]:187
[124]:121
[125]:120
[126]:90
[127]:71
[128]:59
[129]:36
[130]:44
[131]:38
[132]:40
[133]:29
[134]:21
[135]:13
[136]:16
[137]:10
[138]:9
[139]:4
[140]:6
[141]:5
[142]:4
[143]:4
[144]:1
[146]:1
[148]:1
[152]:1

t0_min: 1.08 us, round:18500
t0_max: 31.58 us, round:46775
t0_jitter: 30.50 us

t1_min: 2.79 us, round:13407
t1_max: 47.83 us, round:20370
t1_jitter: 45.04 us

t2_min: 98.00 us, round:420
t2_max: 152.96 us, round:20319
t2_jitter: 54.96 us

PMU diff samples: 49141
AVG DIFF LL_CACHE_RD: 134.69
AVG DIFF LL_CACHE_MISS_RD: 94.38
AVG DIFF L2D_CACHE_REFILL: 94.41
AVG DIFF L2D_CACHE_INVAL: 0.00
[cur diff] DIFF LL_CACHE_RD: 47, DIFF LL_CACHE_MISS_RD: 0, MISS_RATE: 0.00%
[cur diff] DIFF L2D_CACHE_REFILL: 0
[cur diff] DIFF L2D_CACHE_INVAL: 0
[max diff] DIFF LL_CACHE_RD: 170, DIFF LL_CACHE_MISS_RD: 134, MISS_RATE: 78.82%
[max diff] DIFF L2D_CACHE_REFILL: 135
[max diff] DIFF L2D_CACHE_INVAL: 0

===========================================================
taskpendcnt:49345
t0:4541 ns
t1:11833 ns
t2:111083 ns
benchmark: Franka-derived Cartesian-impedance kernel, input trace:8, timer period:10.000 ms
controller source: franka_ros2 jazzy@73a1501d, updates:49356, SVD sweeps:5
pose error:[0.010000 0.015000 0.010000 -0.000000 0.049979 -0.000000]
tau[0:6]:[0.839771 0.130674 0.617691 0.624912 0.653099 -0.592692 0.265887]
kernel exec min/avg/max: 94.79 / 98.81 / 112.88 us, samples:49348
pressure status:1, copy rounds total/window:2372/10, 4.50 rounds/s
pressure logical copy:23720.00 MiB total, approx 44.96 MiB/s, checksum:3158772285440
pressure report window:2.224253 s
t0_region>
[1]:4371
[2]:152
[3]:1177
[4]:11040
[5]:17786
[6]:9417
[7]:2554
[8]:561
[9]:311
[10]:525
[11]:686
[12]:464
[13]:173
[14]:42
[15]:22
[16]:13
[17]:12
[18]:11
[19]:5
[20]:10
[21]:2
[22]:3
[24]:5
[27]:4
[28]:1
[29]:2
[30]:1
[31]:1

t1_region>
[2]:275
[3]:3755
[4]:363
[5]:96
[6]:25
[7]:8
[8]:101
[9]:268
[10]:901
[11]:3678
[12]:7542
[13]:8433
[14]:7981
[15]:6721
[16]:3962
[17]:1757
[18]:666
[19]:352
[20]:319
[21]:458
[22]:617
[23]:461
[24]:198
[25]:82
[26]:55
[27]:49
[28]:26
[29]:40
[30]:28
[31]:21
[32]:23
[33]:26
[34]:18
[35]:13
[36]:9
[37]:10
[38]:6
[39]:2
[40]:2
[41]:2
[42]:1
[45]:1
[46]:1
[47]:1

t2_region>
[98]:773
[99]:2863
[100]:514
[101]:196
[102]:99
[103]:43
[104]:35
[105]:113
[106]:128
[107]:209
[108]:688
[109]:2804
[110]:6210
[111]:6049
[112]:4356
[113]:4869
[114]:5946
[115]:5244
[116]:3077
[117]:1518
[118]:713
[119]:567
[120]:568
[121]:555
[122]:287
[123]:187
[124]:122
[125]:120
[126]:90
[127]:71
[128]:59
[129]:36
[130]:44
[131]:38
[132]:40
[133]:30
[134]:21
[135]:13
[136]:16
[137]:10
[138]:9
[139]:4
[140]:6
[141]:5
[142]:4
[143]:4
[144]:1
[146]:1
[148]:1
[152]:1

t0_min: 1.08 us, round:18500
t0_max: 31.58 us, round:46775
t0_jitter: 30.50 us

t1_min: 2.79 us, round:13407
t1_max: 47.83 us, round:20370
t1_jitter: 45.04 us

t2_min: 98.00 us, round:420
t2_max: 152.96 us, round:20319
t2_jitter: 54.96 us

PMU diff samples: 49363
AVG DIFF LL_CACHE_RD: 134.70
AVG DIFF LL_CACHE_MISS_RD: 94.37
AVG DIFF L2D_CACHE_REFILL: 94.41
AVG DIFF L2D_CACHE_INVAL: 0.00
[cur diff] DIFF LL_CACHE_RD: 39, DIFF LL_CACHE_MISS_RD: 1, MISS_RATE: 2.56%
[cur diff] DIFF L2D_CACHE_REFILL: 1
[cur diff] DIFF L2D_CACHE_INVAL: 0
[max diff] DIFF LL_CACHE_RD: 170, DIFF LL_CACHE_MISS_RD: 134, MISS_RATE: 78.82%
[max diff] DIFF L2D_CACHE_REFILL: 135
[max diff] DIFF L2D_CACHE_INVAL: 0

===========================================================
taskpendcnt:49568
t0:5041 ns
t1:12916 ns
t2:112083 ns
benchmark: Franka-derived Cartesian-impedance kernel, input trace:8, timer period:10.000 ms
controller source: franka_ros2 jazzy@73a1501d, updates:49579, SVD sweeps:5
pose error:[0.010000 0.015000 0.010000 -0.000000 0.049979 -0.000000]
tau[0:6]:[-1.839419 -0.921560 -1.193198 -1.195971 -0.861243 0.113634 -0.461388]
kernel exec min/avg/max: 94.79 / 98.81 / 112.88 us, samples:49571
pressure status:1, copy rounds total/window:2383/11, 4.94 rounds/s
pressure logical copy:23830.00 MiB total, approx 49.45 MiB/s, checksum:3173420892160
pressure report window:2.224676 s
t0_region>
[1]:4390
[2]:154
[3]:1185
[4]:11086
[5]:17868
[6]:9462
[7]:2561
[8]:564
[9]:313
[10]:528
[11]:687
[12]:468
[13]:173
[14]:42
[15]:22
[16]:13
[17]:12
[18]:11
[19]:5
[20]:10
[21]:2
[22]:3
[24]:5
[27]:4
[28]:1
[29]:2
[30]:1
[31]:1

t1_region>
[2]:276
[3]:3774
[4]:364
[5]:96
[6]:26
[7]:8
[8]:101
[9]:269
[10]:906
[11]:3694
[12]:7573
[13]:8468
[14]:8020
[15]:6756
[16]:3980
[17]:1766
[18]:668
[19]:352
[20]:321
[21]:459
[22]:619
[23]:464
[24]:200
[25]:82
[26]:55
[27]:49
[28]:26
[29]:40
[30]:28
[31]:21
[32]:23
[33]:26
[34]:18
[35]:13
[36]:9
[37]:10
[38]:6
[39]:2
[40]:2
[41]:2
[42]:1
[45]:1
[46]:1
[47]:1

t2_region>
[98]:775
[99]:2875
[100]:519
[101]:196
[102]:100
[103]:44
[104]:35
[105]:113
[106]:128
[107]:209
[108]:693
[109]:2813
[110]:6240
[111]:6078
[112]:4373
[113]:4888
[114]:5977
[115]:5270
[116]:3095
[117]:1521
[118]:717
[119]:569
[120]:571
[121]:556
[122]:290
[123]:188
[124]:122
[125]:120
[126]:90
[127]:71
[128]:59
[129]:36
[130]:44
[131]:38
[132]:40
[133]:30
[134]:21
[135]:13
[136]:16
[137]:10
[138]:9
[139]:4
[140]:6
[141]:5
[142]:4
[143]:4
[144]:1
[146]:1
[148]:1
[152]:1

t0_min: 1.08 us, round:18500
t0_max: 31.58 us, round:46775
t0_jitter: 30.50 us

t1_min: 2.79 us, round:13407
t1_max: 47.83 us, round:20370
t1_jitter: 45.04 us

t2_min: 98.00 us, round:420
t2_max: 152.96 us, round:20319
t2_jitter: 54.96 us

PMU diff samples: 49586
AVG DIFF LL_CACHE_RD: 134.69
AVG DIFF LL_CACHE_MISS_RD: 94.37
AVG DIFF L2D_CACHE_REFILL: 94.40
AVG DIFF L2D_CACHE_INVAL: 0.00
[cur diff] DIFF LL_CACHE_RD: 50, DIFF LL_CACHE_MISS_RD: 0, MISS_RATE: 0.00%
[cur diff] DIFF L2D_CACHE_REFILL: 1
[cur diff] DIFF L2D_CACHE_INVAL: 0
[max diff] DIFF LL_CACHE_RD: 170, DIFF LL_CACHE_MISS_RD: 134, MISS_RATE: 78.82%
[max diff] DIFF L2D_CACHE_REFILL: 135
[max diff] DIFF L2D_CACHE_INVAL: 0

===========================================================
taskpendcnt:49790
t0:7791 ns
t1:15958 ns
t2:115791 ns
benchmark: Franka-derived Cartesian-impedance kernel, input trace:8, timer period:10.000 ms
controller source: franka_ros2 jazzy@73a1501d, updates:49801, SVD sweeps:5
pose error:[0.010000 0.015000 0.010000 -0.000000 0.049979 -0.000000]
tau[0:6]:[-2.379368 -1.292411 -1.655224 -1.570015 -1.185234 -0.066588 -0.610247]
kernel exec min/avg/max: 94.79 / 98.81 / 112.88 us, samples:49793
pressure status:1, copy rounds total/window:2394/11, 4.94 rounds/s
pressure logical copy:23940.00 MiB total, approx 49.43 MiB/s, checksum:3188069498880
pressure report window:2.225296 s
t0_region>
[1]:4411
[2]:155
[3]:1188
[4]:11127
[5]:17953
[6]:9509
[7]:2574
[8]:567
[9]:313
[10]:531
[11]:688
[12]:471
[13]:173
[14]:42
[15]:22
[16]:13
[17]:12
[18]:12
[19]:5
[20]:11
[21]:2
[22]:3
[24]:5
[27]:4
[28]:1
[29]:2
[30]:1
[31]:1

t1_region>
[2]:278
[3]:3789
[4]:367
[5]:97
[6]:26
[7]:8
[8]:101
[9]:269
[10]:908
[11]:3708
[12]:7605
[13]:8514
[14]:8057
[15]:6785
[16]:4000
[17]:1772
[18]:674
[19]:353
[20]:321
[21]:462
[22]:621
[23]:465
[24]:200
[25]:82
[26]:55
[27]:49
[28]:26
[29]:40
[30]:28
[31]:21
[32]:23
[33]:26
[34]:19
[35]:14
[36]:9
[37]:10
[38]:6
[39]:2
[40]:2
[41]:2
[42]:1
[45]:1
[46]:1
[47]:1

t2_region>
[98]:781
[99]:2887
[100]:521
[101]:197
[102]:100
[103]:45
[104]:35
[105]:113
[106]:128
[107]:209
[108]:695
[109]:2819
[110]:6267
[111]:6109
[112]:4401
[113]:4911
[114]:5999
[115]:5291
[116]:3118
[117]:1528
[118]:720
[119]:571
[120]:572
[121]:558
[122]:290
[123]:188
[124]:123
[125]:120
[126]:90
[127]:71
[128]:59
[129]:36
[130]:44
[131]:38
[132]:40
[133]:30
[134]:21
[135]:13
[136]:17
[137]:11
[138]:9
[139]:4
[140]:6
[141]:5
[142]:4
[143]:4
[144]:1
[146]:1
[148]:1
[152]:1

t0_min: 1.08 us, round:18500
t0_max: 31.58 us, round:46775
t0_jitter: 30.50 us

t1_min: 2.79 us, round:13407
t1_max: 47.83 us, round:20370
t1_jitter: 45.04 us

t2_min: 98.00 us, round:420
t2_max: 152.96 us, round:20319
t2_jitter: 54.96 us

PMU diff samples: 49808
AVG DIFF LL_CACHE_RD: 134.69
AVG DIFF LL_CACHE_MISS_RD: 94.37
AVG DIFF L2D_CACHE_REFILL: 94.40
AVG DIFF L2D_CACHE_INVAL: 0.00
[cur diff] DIFF LL_CACHE_RD: 30, DIFF LL_CACHE_MISS_RD: 0, MISS_RATE: 0.00%
[cur diff] DIFF L2D_CACHE_REFILL: 0
[cur diff] DIFF L2D_CACHE_INVAL: 0
[max diff] DIFF LL_CACHE_RD: 170, DIFF LL_CACHE_MISS_RD: 134, MISS_RATE: 78.82%
[max diff] DIFF L2D_CACHE_REFILL: 135
[max diff] DIFF L2D_CACHE_INVAL: 0

===========================================================
taskpendcnt:50013
t0:5083 ns
t1:11791 ns
t2:110375 ns
benchmark: Franka-derived Cartesian-impedance kernel, input trace:8, timer period:10.000 ms
controller source: franka_ros2 jazzy@73a1501d, updates:50024, SVD sweeps:5
pose error:[0.010000 0.015000 0.010000 -0.000000 0.049979 -0.000000]
tau[0:6]:[-0.567483 -0.552304 -0.482512 -0.231067 -0.297494 -0.656094 -0.085004]
kernel exec min/avg/max: 94.79 / 98.81 / 112.88 us, samples:50016
pressure status:1, copy rounds total/window:2404/10, 4.49 rounds/s
pressure logical copy:24040.00 MiB total, approx 44.94 MiB/s, checksum:3201386414080
pressure report window:2.225255 s
t0_region>
[1]:4430
[2]:157
[3]:1194
[4]:11179
[5]:18032
[6]:9549
[7]:2587
[8]:570
[9]:314
[10]:534
[11]:689
[12]:474
[13]:173
[14]:42
[15]:22
[16]:13
[17]:12
[18]:12
[19]:5
[20]:11
[21]:2
[22]:3
[24]:5
[27]:4
[28]:1
[29]:2
[30]:1
[31]:1

t1_region>
[2]:280
[3]:3806
[4]:369
[5]:97
[6]:26
[7]:9
[8]:101
[9]:269
[10]:911
[11]:3725
[12]:7641
[13]:8557
[14]:8095
[15]:6813
[16]:4015
[17]:1782
[18]:678
[19]:353
[20]:322
[21]:464
[22]:625
[23]:465
[24]:200
[25]:82
[26]:55
[27]:49
[28]:26
[29]:40
[30]:28
[31]:21
[32]:23
[33]:26
[34]:19
[35]:14
[36]:9
[37]:10
[38]:6
[39]:2
[40]:2
[41]:2
[42]:1
[45]:1
[46]:1
[47]:1

t2_region>
[98]:784
[99]:2902
[100]:523
[101]:197
[102]:100
[103]:46
[104]:35
[105]:113
[106]:128
[107]:209
[108]:696
[109]:2831
[110]:6294
[111]:6143
[112]:4426
[113]:4934
[114]:6020
[115]:5313
[116]:3137
[117]:1535
[118]:723
[119]:573
[120]:575
[121]:560
[122]:290
[123]:188
[124]:123
[125]:120
[126]:90
[127]:71
[128]:59
[129]:36
[130]:44
[131]:38
[132]:40
[133]:30
[134]:21
[135]:13
[136]:17
[137]:11
[138]:9
[139]:4
[140]:6
[141]:5
[142]:4
[143]:4
[144]:1
[146]:1
[148]:1
[152]:1

t0_min: 1.08 us, round:18500
t0_max: 31.58 us, round:46775
t0_jitter: 30.50 us

t1_min: 2.79 us, round:13407
t1_max: 47.83 us, round:20370
t1_jitter: 45.04 us

t2_min: 98.00 us, round:420
t2_max: 152.96 us, round:20319
t2_jitter: 54.96 us

PMU diff samples: 50031
AVG DIFF LL_CACHE_RD: 134.69
AVG DIFF LL_CACHE_MISS_RD: 94.37
AVG DIFF L2D_CACHE_REFILL: 94.40
AVG DIFF L2D_CACHE_INVAL: 0.00
[cur diff] DIFF LL_CACHE_RD: 43, DIFF LL_CACHE_MISS_RD: 0, MISS_RATE: 0.00%
[cur diff] DIFF L2D_CACHE_REFILL: 0
[cur diff] DIFF L2D_CACHE_INVAL: 0
[max diff] DIFF LL_CACHE_RD: 170, DIFF LL_CACHE_MISS_RD: 134, MISS_RATE: 78.82%
[max diff] DIFF L2D_CACHE_REFILL: 135
[max diff] DIFF L2D_CACHE_INVAL: 0

===========================================================
taskpendcnt:50235
t0:9291 ns
t1:23000 ns
t2:126625 ns
benchmark: Franka-derived Cartesian-impedance kernel, input trace:8, timer period:10.000 ms
controller source: franka_ros2 jazzy@73a1501d, updates:50247, SVD sweeps:5
pose error:[0.010000 0.015000 0.010000 -0.000000 0.049979 -0.000000]
tau[0:6]:[1.376914 -0.104433 0.790225 0.843903 0.642107 -0.956178 0.423547]
kernel exec min/avg/max: 94.79 / 98.82 / 112.88 us, samples:50238
pressure status:1, copy rounds total/window:2415/11, 4.94 rounds/s
pressure logical copy:24150.00 MiB total, approx 49.43 MiB/s, checksum:3216035020800
pressure report window:2.225323 s
t0_region>
[1]:4448
[2]:160
[3]:1203
[4]:11215
[5]:18089
[6]:9582
[7]:2608
[8]:589
[9]:321
[10]:538
[11]:693
[12]:478
[13]:175
[14]:42
[15]:22
[16]:15
[17]:14
[18]:13
[19]:5
[20]:11
[21]:2
[22]:4
[24]:5
[27]:4
[28]:1
[29]:2
[30]:1
[31]:1

t1_region>
[2]:281
[3]:3820
[4]:371
[5]:98
[6]:28
[7]:9
[8]:102
[9]:273
[10]:919
[11]:3740
[12]:7665
[13]:8577
[14]:8114
[15]:6831
[16]:4029
[17]:1793
[18]:688
[19]:364
[20]:329
[21]:472
[22]:629
[23]:470
[24]:206
[25]:87
[26]:57
[27]:51
[28]:27
[29]:41
[30]:28
[31]:22
[32]:23
[33]:27
[34]:19
[35]:16
[36]:10
[37]:10
[38]:7
[39]:2
[40]:2
[41]:2
[42]:1
[45]:1
[46]:1
[47]:1

t2_region>
[98]:785
[99]:2911
[100]:530
[101]:198
[102]:101
[103]:47
[104]:35
[105]:114
[106]:128
[107]:213
[108]:699
[109]:2843
[110]:6309
[111]:6159
[112]:4439
[113]:4948
[114]:6041
[115]:5324
[116]:3144
[117]:1544
[118]:735
[119]:578
[120]:583
[121]:568
[122]:295
[123]:190
[124]:130
[125]:125
[126]:97
[127]:75
[128]:64
[129]:36
[130]:45
[131]:38
[132]:41
[133]:31
[134]:22
[135]:13
[136]:19
[137]:12
[138]:10
[139]:5
[140]:6
[141]:5
[142]:4
[143]:4
[144]:1
[146]:1
[148]:1
[152]:1

t0_min: 1.08 us, round:18500
t0_max: 31.58 us, round:46775
t0_jitter: 30.50 us

t1_min: 2.79 us, round:13407
t1_max: 47.83 us, round:20370
t1_jitter: 45.04 us

t2_min: 98.00 us, round:420
t2_max: 152.96 us, round:20319
t2_jitter: 54.96 us

PMU diff samples: 50253
AVG DIFF LL_CACHE_RD: 134.68
AVG DIFF LL_CACHE_MISS_RD: 94.36
AVG DIFF L2D_CACHE_REFILL: 94.39
AVG DIFF L2D_CACHE_INVAL: 0.00
[cur diff] DIFF LL_CACHE_RD: 41, DIFF LL_CACHE_MISS_RD: 0, MISS_RATE: 0.00%
[cur diff] DIFF L2D_CACHE_REFILL: 1
[cur diff] DIFF L2D_CACHE_INVAL: 0
[max diff] DIFF LL_CACHE_RD: 170, DIFF LL_CACHE_MISS_RD: 134, MISS_RATE: 78.82%
[max diff] DIFF L2D_CACHE_REFILL: 135
[max diff] DIFF L2D_CACHE_INVAL: 0

===========================================================
taskpendcnt:50458
t0:4833 ns
t1:12416 ns
t2:111291 ns
benchmark: Franka-derived Cartesian-impedance kernel, input trace:8, timer period:10.000 ms
controller source: franka_ros2 jazzy@73a1501d, updates:50469, SVD sweeps:5
pose error:[0.010000 0.015000 0.010000 -0.000000 0.049979 -0.000000]
tau[0:6]:[0.839771 0.130674 0.617691 0.624912 0.653099 -0.592692 0.265887]
kernel exec min/avg/max: 94.79 / 98.82 / 112.88 us, samples:50461
pressure status:1, copy rounds total/window:2425/10, 4.49 rounds/s
pressure logical copy:24250.00 MiB total, approx 44.94 MiB/s, checksum:3229351936000
pressure report window:2.225138 s
t0_region>
[1]:4467
[2]:162
[3]:1209
[4]:11275
[5]:18171
[6]:9616
[7]:2618
[8]:589
[9]:323
[10]:538
[11]:694
[12]:482
[13]:177
[14]:42
[15]:22
[16]:15
[17]:14
[18]:13
[19]:5
[20]:11
[21]:2
[22]:4
[24]:5
[27]:4
[28]:1
[29]:2
[30]:1
[31]:1

t1_region>
[2]:283
[3]:3837
[4]:374
[5]:98
[6]:28
[7]:9
[8]:102
[9]:276
[10]:926
[11]:3764
[12]:7702
[13]:8619
[14]:8143
[15]:6854
[16]:4048
[17]:1799
[18]:691
[19]:365
[20]:329
[21]:472
[22]:631
[23]:474
[24]:206
[25]:88
[26]:57
[27]:51
[28]:27
[29]:41
[30]:28
[31]:22
[32]:23
[33]:27
[34]:19
[35]:16
[36]:10
[37]:10
[38]:7
[39]:2
[40]:2
[41]:2
[42]:1
[45]:1
[46]:1
[47]:1

t2_region>
[98]:785
[99]:2928
[100]:533
[101]:199
[102]:101
[103]:47
[104]:35
[105]:114
[106]:128
[107]:215
[108]:706
[109]:2857
[110]:6335
[111]:6194
[112]:4458
[113]:4963
[114]:6075
[115]:5343
[116]:3157
[117]:1551
[118]:737
[119]:579
[120]:583
[121]:570
[122]:298
[123]:190
[124]:130
[125]:126
[126]:97
[127]:76
[128]:64
[129]:36
[130]:45
[131]:38
[132]:41
[133]:31
[134]:22
[135]:13
[136]:19
[137]:12
[138]:10
[139]:5
[140]:6
[141]:5
[142]:4
[143]:4
[144]:1
[146]:1
[148]:1
[152]:1

t0_min: 1.08 us, round:18500
t0_max: 31.58 us, round:46775
t0_jitter: 30.50 us

t1_min: 2.79 us, round:13407
t1_max: 47.83 us, round:20370
t1_jitter: 45.04 us

t2_min: 98.00 us, round:420
t2_max: 152.96 us, round:20319
t2_jitter: 54.96 us

PMU diff samples: 50476
AVG DIFF LL_CACHE_RD: 134.68
AVG DIFF LL_CACHE_MISS_RD: 94.35
AVG DIFF L2D_CACHE_REFILL: 94.39
AVG DIFF L2D_CACHE_INVAL: 0.00
[cur diff] DIFF LL_CACHE_RD: 43, DIFF LL_CACHE_MISS_RD: 0, MISS_RATE: 0.00%
[cur diff] DIFF L2D_CACHE_REFILL: 0
[cur diff] DIFF L2D_CACHE_INVAL: 0
[max diff] DIFF LL_CACHE_RD: 170, DIFF LL_CACHE_MISS_RD: 134, MISS_RATE: 78.82%
[max diff] DIFF L2D_CACHE_REFILL: 135
[max diff] DIFF L2D_CACHE_INVAL: 0

===========================================================
taskpendcnt:50680
t0:4666 ns
t1:10291 ns
t2:110916 ns
benchmark: Franka-derived Cartesian-impedance kernel, input trace:8, timer period:10.000 ms
controller source: franka_ros2 jazzy@73a1501d, updates:50692, SVD sweeps:5
pose error:[0.010000 0.015000 0.010000 -0.000000 0.049979 -0.000000]
tau[0:6]:[-0.274004 -0.324180 0.001577 -0.231466 0.050986 -0.328952 0.010844]
kernel exec min/avg/max: 94.79 / 98.82 / 112.88 us, samples:50684
pressure status:1, copy rounds total/window:2436/11, 4.94 rounds/s
pressure logical copy:24360.00 MiB total, approx 49.43 MiB/s, checksum:3244000542720
pressure report window:2.225494 s
t0_region>
[1]:4489
[2]:162
[3]:1212
[4]:11321
[5]:18253
[6]:9670
[7]:2623
[8]:591
[9]:323
[10]:541
[11]:698
[12]:484
[13]:177
[14]:42
[15]:22
[16]:15
[17]:14
[18]:13
[19]:5
[20]:11
[21]:2
[22]:4
[24]:5
[27]:4
[28]:1
[29]:2
[30]:1
[31]:1

t1_region>
[2]:284
[3]:3856
[4]:375
[5]:98
[6]:28
[7]:9
[8]:102
[9]:276
[10]:928
[11]:3778
[12]:7738
[13]:8657
[14]:8180
[15]:6884
[16]:4074
[17]:1807
[18]:692
[19]:365
[20]:330
[21]:474
[22]:634
[23]:476
[24]:207
[25]:88
[26]:57
[27]:51
[28]:27
[29]:41
[30]:28
[31]:22
[32]:23
[33]:27
[34]:19
[35]:16
[36]:10
[37]:10
[38]:7
[39]:2
[40]:2
[41]:2
[42]:1
[45]:1
[46]:1
[47]:1

t2_region>
[98]:789
[99]:2942
[100]:535
[101]:201
[102]:101
[103]:47
[104]:35
[105]:114
[106]:128
[107]:215
[108]:706
[109]:2866
[110]:6367
[111]:6219
[112]:4479
[113]:4977
[114]:6104
[115]:5373
[116]:3176
[117]:1562
[118]:739
[119]:582
[120]:583
[121]:572
[122]:300
[123]:191
[124]:130
[125]:126
[126]:98
[127]:76
[128]:64
[129]:36
[130]:45
[131]:38
[132]:41
[133]:31
[134]:22
[135]:13
[136]:19
[137]:12
[138]:10
[139]:5
[140]:6
[141]:5
[142]:4
[143]:4
[144]:1
[146]:1
[148]:1
[152]:1

t0_min: 1.08 us, round:18500
t0_max: 31.58 us, round:46775
t0_jitter: 30.50 us

t1_min: 2.71 us, round:50695
t1_max: 47.83 us, round:20370
t1_jitter: 45.13 us

t2_min: 98.00 us, round:420
t2_max: 152.96 us, round:20319
t2_jitter: 54.96 us

PMU diff samples: 50699
AVG DIFF LL_CACHE_RD: 134.67
AVG DIFF LL_CACHE_MISS_RD: 94.35
AVG DIFF L2D_CACHE_REFILL: 94.39
AVG DIFF L2D_CACHE_INVAL: 0.00
[cur diff] DIFF LL_CACHE_RD: 56, DIFF LL_CACHE_MISS_RD: 0, MISS_RATE: 0.00%
[cur diff] DIFF L2D_CACHE_REFILL: 0
[cur diff] DIFF L2D_CACHE_INVAL: 0
[max diff] DIFF LL_CACHE_RD: 170, DIFF LL_CACHE_MISS_RD: 134, MISS_RATE: 78.82%
[max diff] DIFF L2D_CACHE_REFILL: 135
[max diff] DIFF L2D_CACHE_INVAL: 0

===========================================================
taskpendcnt:50903
t0:4875 ns
t1:14208 ns
t2:113375 ns
benchmark: Franka-derived Cartesian-impedance kernel, input trace:8, timer period:10.000 ms
controller source: franka_ros2 jazzy@73a1501d, updates:50914, SVD sweeps:5
pose error:[0.010000 0.015000 0.010000 -0.000000 0.049979 -0.000000]
tau[0:6]:[-2.379368 -1.292411 -1.655224 -1.570015 -1.185234 -0.066588 -0.610247]
kernel exec min/avg/max: 94.79 / 98.82 / 112.88 us, samples:50906
pressure status:1, copy rounds total/window:2447/11, 4.94 rounds/s
pressure logical copy:24470.00 MiB total, approx 49.43 MiB/s, checksum:3258649149440
pressure report window:2.225449 s
t0_region>
[1]:4510
[2]:162
[3]:1214
[4]:11383
[5]:18326
[6]:9713
[7]:2634
[8]:593
[9]:325
[10]:543
[11]:701
[12]:485
[13]:177
[14]:42
[15]:22
[16]:15
[17]:14
[18]:13
[19]:5
[20]:11
[21]:2
[22]:4
[24]:5
[27]:4
[28]:1
[29]:2
[30]:1
[31]:1

t1_region>
[2]:286
[3]:3874
[4]:377
[5]:98
[6]:28
[7]:9
[8]:102
[9]:276
[10]:928
[11]:3800
[12]:7778
[13]:8680
[14]:8227
[15]:6917
[16]:4090
[17]:1816
[18]:694
[19]:365
[20]:332
[21]:475
[22]:637
[23]:478
[24]:208
[25]:88
[26]:57
[27]:51
[28]:27
[29]:41
[30]:28
[31]:22
[32]:23
[33]:27
[34]:19
[35]:16
[36]:10
[37]:10
[38]:7
[39]:2
[40]:2
[41]:2
[42]:1
[45]:1
[46]:1
[47]:1

t2_region>
[98]:789
[99]:2955
[100]:542
[101]:202
[102]:101
[103]:47
[104]:35
[105]:114
[106]:128
[107]:215
[108]:707
[109]:2877
[110]:6405
[111]:6238
[112]:4502
[113]:5005
[114]:6123
[115]:5403
[116]:3189
[117]:1570
[118]:742
[119]:583
[120]:587
[121]:574
[122]:301
[123]:191
[124]:130
[125]:126
[126]:98
[127]:76
[128]:64
[129]:36
[130]:45
[131]:38
[132]:41
[133]:31
[134]:22
[135]:13
[136]:19
[137]:12
[138]:10
[139]:5
[140]:6
[141]:5
[142]:4
[143]:4
[144]:1
[146]:1
[148]:1
[152]:1

t0_min: 1.08 us, round:18500
t0_max: 31.58 us, round:46775
t0_jitter: 30.50 us

t1_min: 2.71 us, round:50695
t1_max: 47.83 us, round:20370
t1_jitter: 45.13 us

t2_min: 98.00 us, round:420
t2_max: 152.96 us, round:20319
t2_jitter: 54.96 us

PMU diff samples: 50921
AVG DIFF LL_CACHE_RD: 134.67
AVG DIFF LL_CACHE_MISS_RD: 94.35
AVG DIFF L2D_CACHE_REFILL: 94.39
AVG DIFF L2D_CACHE_INVAL: 0.00
[cur diff] DIFF LL_CACHE_RD: 43, DIFF LL_CACHE_MISS_RD: 0, MISS_RATE: 0.00%
[cur diff] DIFF L2D_CACHE_REFILL: 0
[cur diff] DIFF L2D_CACHE_INVAL: 0
[max diff] DIFF LL_CACHE_RD: 170, DIFF LL_CACHE_MISS_RD: 134, MISS_RATE: 78.82%
[max diff] DIFF L2D_CACHE_REFILL: 135
[max diff] DIFF L2D_CACHE_INVAL: 0

===========================================================
taskpendcnt:51125
t0:5000 ns
t1:11791 ns
t2:111250 ns
benchmark: Franka-derived Cartesian-impedance kernel, input trace:8, timer period:10.000 ms
controller source: franka_ros2 jazzy@73a1501d, updates:51137, SVD sweeps:5
pose error:[0.010000 0.015000 0.010000 -0.000000 0.049979 -0.000000]
tau[0:6]:[-2.781770 -1.613002 -1.930139 -1.581803 -1.382951 -0.390599 -0.663394]
kernel exec min/avg/max: 94.79 / 98.82 / 112.88 us, samples:51129
pressure status:1, copy rounds total/window:2457/10, 4.49 rounds/s
pressure logical copy:24570.00 MiB total, approx 44.94 MiB/s, checksum:3271966064640
pressure report window:2.225238 s
t0_region>
[1]:4532
[2]:162
[3]:1218
[4]:11432
[5]:18410
[6]:9761
[7]:2640
[8]:594
[9]:325
[10]:547
[11]:704
[12]:487
[13]:177
[14]:42
[15]:22
[16]:15
[17]:14
[18]:13
[19]:5
[20]:11
[21]:2
[22]:4
[24]:5
[27]:4
[28]:1
[29]:2
[30]:1
[31]:1

t1_region>
[2]:286
[3]:3894
[4]:377
[5]:99
[6]:28
[7]:9
[8]:102
[9]:276
[10]:930
[11]:3816
[12]:7814
[13]:8720
[14]:8266
[15]:6953
[16]:4103
[17]:1822
[18]:698
[19]:365
[20]:332
[21]:477
[22]:642
[23]:480
[24]:208
[25]:88
[26]:57
[27]:51
[28]:27
[29]:41
[30]:28
[31]:22
[32]:23
[33]:27
[34]:19
[35]:16
[36]:10
[37]:10
[38]:7
[39]:2
[40]:2
[41]:2
[42]:1
[45]:1
[46]:1
[47]:1

t2_region>
[98]:791
[99]:2972
[100]:544
[101]:202
[102]:101
[103]:48
[104]:35
[105]:114
[106]:128
[107]:215
[108]:707
[109]:2888
[110]:6434
[111]:6271
[112]:4523
[113]:5021
[114]:6161
[115]:5429
[116]:3198
[117]:1574
[118]:744
[119]:586
[120]:591
[121]:579
[122]:301
[123]:191
[124]:130
[125]:126
[126]:98
[127]:76
[128]:64
[129]:36
[130]:45
[131]:38
[132]:41
[133]:31
[134]:22
[135]:13
[136]:19
[137]:12
[138]:10
[139]:5
[140]:6
[141]:5
[142]:4
[143]:4
[144]:1
[146]:1
[148]:1
[152]:1

t0_min: 1.08 us, round:18500
t0_max: 31.58 us, round:46775
t0_jitter: 30.50 us

t1_min: 2.71 us, round:50695
t1_max: 47.83 us, round:20370
t1_jitter: 45.13 us

t2_min: 98.00 us, round:420
t2_max: 152.96 us, round:20319
t2_jitter: 54.96 us

PMU diff samples: 51144
AVG DIFF LL_CACHE_RD: 134.67
AVG DIFF LL_CACHE_MISS_RD: 94.35
AVG DIFF L2D_CACHE_REFILL: 94.38
AVG DIFF L2D_CACHE_INVAL: 0.00
[cur diff] DIFF LL_CACHE_RD: 49, DIFF LL_CACHE_MISS_RD: 0, MISS_RATE: 0.00%
[cur diff] DIFF L2D_CACHE_REFILL: 0
[cur diff] DIFF L2D_CACHE_INVAL: 0
[max diff] DIFF LL_CACHE_RD: 170, DIFF LL_CACHE_MISS_RD: 134, MISS_RATE: 78.82%
[max diff] DIFF L2D_CACHE_REFILL: 135
[max diff] DIFF L2D_CACHE_INVAL: 0

===========================================================
taskpendcnt:51348
t0:7541 ns
t1:16291 ns
t2:113708 ns
benchmark: Franka-derived Cartesian-impedance kernel, input trace:8, timer period:10.000 ms
controller source: franka_ros2 jazzy@73a1501d, updates:51359, SVD sweeps:5
pose error:[0.010000 0.015000 0.010000 -0.000000 0.049979 -0.000000]
tau[0:6]:[1.376914 -0.104433 0.790225 0.843903 0.642107 -0.956178 0.423547]
kernel exec min/avg/max: 94.79 / 98.82 / 112.88 us, samples:51351
pressure status:1, copy rounds total/window:2468/11, 4.94 rounds/s
pressure logical copy:24680.00 MiB total, approx 49.44 MiB/s, checksum:3286614671360
pressure report window:2.224777 s
t0_region>
[1]:4553
[2]:162
[3]:1221
[4]:11480
[5]:18498
[6]:9800
[7]:2654
[8]:594
[9]:326
[10]:549
[11]:707
[12]:489
[13]:178
[14]:42
[15]:22
[16]:15
[17]:14
[18]:13
[19]:5
[20]:11
[21]:2
[22]:4
[24]:5
[27]:4
[28]:1
[29]:2
[30]:1
[31]:1

t1_region>
[2]:289
[3]:3911
[4]:379
[5]:99
[6]:28
[7]:9
[8]:102
[9]:276
[10]:931
[11]:3834
[12]:7841
[13]:8772
[14]:8302
[15]:6980
[16]:4124
[17]:1828
[18]:702
[19]:366
[20]:332
[21]:478
[22]:646
[23]:483
[24]:208
[25]:88
[26]:57
[27]:51
[28]:27
[29]:41
[30]:28
[31]:22
[32]:23
[33]:27
[34]:19
[35]:16
[36]:10
[37]:10
[38]:7
[39]:2
[40]:2
[41]:2
[42]:1
[45]:1
[46]:1
[47]:1

t2_region>
[98]:796
[99]:2985
[100]:545
[101]:203
[102]:102
[103]:48
[104]:35
[105]:114
[106]:128
[107]:215
[108]:708
[109]:2900
[110]:6459
[111]:6301
[112]:4547
[113]:5047
[114]:6188
[115]:5453
[116]:3214
[117]:1580
[118]:745
[119]:589
[120]:591
[121]:584
[122]:301
[123]:191
[124]:130
[125]:127
[126]:98
[127]:76
[128]:64
[129]:36
[130]:45
[131]:38
[132]:41
[133]:31
[134]:22
[135]:13
[136]:19
[137]:12
[138]:10
[139]:5
[140]:6
[141]:5
[142]:4
[143]:4
[144]:1
[146]:1
[148]:1
[152]:1

t0_min: 1.08 us, round:18500
t0_max: 31.58 us, round:46775
t0_jitter: 30.50 us

t1_min: 2.71 us, round:50695
t1_max: 47.83 us, round:20370
t1_jitter: 45.13 us

t2_min: 98.00 us, round:420
t2_max: 152.96 us, round:20319
t2_jitter: 54.96 us

PMU diff samples: 51366
AVG DIFF LL_CACHE_RD: 134.66
AVG DIFF LL_CACHE_MISS_RD: 94.35
AVG DIFF L2D_CACHE_REFILL: 94.38
AVG DIFF L2D_CACHE_INVAL: 0.00
[cur diff] DIFF LL_CACHE_RD: 39, DIFF LL_CACHE_MISS_RD: 0, MISS_RATE: 0.00%
[cur diff] DIFF L2D_CACHE_REFILL: 0
[cur diff] DIFF L2D_CACHE_INVAL: 0
[max diff] DIFF LL_CACHE_RD: 170, DIFF LL_CACHE_MISS_RD: 134, MISS_RATE: 78.82%
[max diff] DIFF L2D_CACHE_REFILL: 135
[max diff] DIFF L2D_CACHE_INVAL: 0

===========================================================
taskpendcnt:51570
t0:5416 ns
t1:14458 ns
t2:114791 ns
benchmark: Franka-derived Cartesian-impedance kernel, input trace:8, timer period:10.000 ms
controller source: franka_ros2 jazzy@73a1501d, updates:51582, SVD sweeps:5
pose error:[0.010000 0.015000 0.010000 -0.000000 0.049979 -0.000000]
tau[0:6]:[1.228026 0.081850 0.819520 0.875435 0.745706 -0.833381 0.398995]
kernel exec min/avg/max: 94.79 / 98.82 / 112.88 us, samples:51574
pressure status:1, copy rounds total/window:2479/11, 4.94 rounds/s
pressure logical copy:24790.00 MiB total, approx 49.44 MiB/s, checksum:3301263278080
pressure report window:2.225122 s
t0_region>
[1]:4573
[2]:164
[3]:1224
[4]:11534
[5]:18577
[6]:9845
[7]:2664
[8]:594
[9]:329
[10]:551
[11]:708
[12]:491
[13]:180
[14]:42
[15]:22
[16]:15
[17]:14
[18]:13
[19]:5
[20]:11
[21]:2
[22]:4
[24]:5
[27]:4
[28]:1
[29]:2
[30]:1
[31]:1

t1_region>
[2]:290
[3]:3929
[4]:380
[5]:100
[6]:28
[7]:9
[8]:102
[9]:276
[10]:936
[11]:3846
[12]:7871
[13]:8822
[14]:8341
[15]:7011
[16]:4140
[17]:1834
[18]:703
[19]:368
[20]:333
[21]:481
[22]:647
[23]:487
[24]:208
[25]:88
[26]:57
[27]:51
[28]:27
[29]:41
[30]:28
[31]:22
[32]:23
[33]:27
[34]:19
[35]:16
[36]:10
[37]:10
[38]:7
[39]:2
[40]:2
[41]:2
[42]:1
[45]:1
[46]:1
[47]:1

t2_region>
[98]:803
[99]:2997
[100]:547
[101]:203
[102]:102
[103]:49
[104]:35
[105]:114
[106]:128
[107]:215
[108]:711
[109]:2911
[110]:6491
[111]:6327
[112]:4570
[113]:5069
[114]:6216
[115]:5478
[116]:3223
[117]:1590
[118]:748
[119]:592
[120]:592
[121]:585
[122]:303
[123]:191
[124]:130
[125]:129
[126]:98
[127]:76
[128]:64
[129]:36
[130]:45
[131]:38
[132]:41
[133]:31
[134]:22
[135]:13
[136]:19
[137]:12
[138]:10
[139]:5
[140]:6
[141]:5
[142]:4
[143]:4
[144]:1
[146]:1
[148]:1
[152]:1

t0_min: 1.08 us, round:18500
t0_max: 31.58 us, round:46775
t0_jitter: 30.50 us

t1_min: 2.71 us, round:50695
t1_max: 47.83 us, round:20370
t1_jitter: 45.13 us

t2_min: 98.00 us, round:420
t2_max: 152.96 us, round:20319
t2_jitter: 54.96 us

PMU diff samples: 51589
AVG DIFF LL_CACHE_RD: 134.66
AVG DIFF LL_CACHE_MISS_RD: 94.35
AVG DIFF L2D_CACHE_REFILL: 94.38
AVG DIFF L2D_CACHE_INVAL: 0.00
[cur diff] DIFF LL_CACHE_RD: 47, DIFF LL_CACHE_MISS_RD: 0, MISS_RATE: 0.00%
[cur diff] DIFF L2D_CACHE_REFILL: 0
[cur diff] DIFF L2D_CACHE_INVAL: 0
[max diff] DIFF LL_CACHE_RD: 170, DIFF LL_CACHE_MISS_RD: 134, MISS_RATE: 78.82%
[max diff] DIFF L2D_CACHE_REFILL: 135
[max diff] DIFF L2D_CACHE_INVAL: 0

===========================================================
taskpendcnt:51793
t0:6125 ns
t1:13125 ns
t2:112291 ns
benchmark: Franka-derived Cartesian-impedance kernel, input trace:8, timer period:10.000 ms
controller source: franka_ros2 jazzy@73a1501d, updates:51804, SVD sweeps:5
pose error:[0.010000 0.015000 0.010000 -0.000000 0.049979 -0.000000]
tau[0:6]:[-0.274004 -0.324180 0.001577 -0.231466 0.050986 -0.328952 0.010844]
kernel exec min/avg/max: 94.79 / 98.82 / 112.88 us, samples:51796
pressure status:1, copy rounds total/window:2489/10, 4.49 rounds/s
pressure logical copy:24890.00 MiB total, approx 44.93 MiB/s, checksum:3314580193280
pressure report window:2.225535 s
t0_region>
[1]:4594
[2]:164
[3]:1227
[4]:11575
[5]:18659
[6]:9896
[7]:2675
[8]:599
[9]:331
[10]:552
[11]:709
[12]:495
[13]:180
[14]:42
[15]:22
[16]:15
[17]:14
[18]:13
[19]:5
[20]:11
[21]:2
[22]:4
[24]:5
[27]:4
[28]:1
[29]:2
[30]:1
[31]:1

t1_region>
[2]:292
[3]:3948
[4]:381
[5]:100
[6]:28
[7]:9
[8]:102
[9]:276
[10]:940
[11]:3856
[12]:7906
[13]:8864
[14]:8379
[15]:7041
[16]:4163
[17]:1842
[18]:706
[19]:370
[20]:334
[21]:482
[22]:647
[23]:489
[24]:210
[25]:88
[26]:57
[27]:51
[28]:27
[29]:41
[30]:28
[31]:22
[32]:23
[33]:27
[34]:19
[35]:16
[36]:10
[37]:10
[38]:7
[39]:2
[40]:2
[41]:2
[42]:1
[45]:1
[46]:1
[47]:1

t2_region>
[98]:807
[99]:3010
[100]:551
[101]:203
[102]:103
[103]:49
[104]:35
[105]:114
[106]:128
[107]:215
[108]:714
[109]:2919
[110]:6516
[111]:6361
[112]:4589
[113]:5092
[114]:6241
[115]:5510
[116]:3235
[117]:1596
[118]:754
[119]:595
[120]:593
[121]:586
[122]:305
[123]:191
[124]:130
[125]:129
[126]:98
[127]:77
[128]:64
[129]:36
[130]:45
[131]:38
[132]:41
[133]:31
[134]:22
[135]:13
[136]:19
[137]:12
[138]:10
[139]:5
[140]:6
[141]:5
[142]:4
[143]:4
[144]:1
[146]:1
[148]:1
[152]:1

t0_min: 1.08 us, round:18500
t0_max: 31.58 us, round:46775
t0_jitter: 30.50 us

t1_min: 2.71 us, round:50695
t1_max: 47.83 us, round:20370
t1_jitter: 45.13 us

t2_min: 98.00 us, round:420
t2_max: 152.96 us, round:20319
t2_jitter: 54.96 us

PMU diff samples: 51811
AVG DIFF LL_CACHE_RD: 134.67
AVG DIFF LL_CACHE_MISS_RD: 94.35
AVG DIFF L2D_CACHE_REFILL: 94.39
AVG DIFF L2D_CACHE_INVAL: 0.00
[cur diff] DIFF LL_CACHE_RD: 35, DIFF LL_CACHE_MISS_RD: 1, MISS_RATE: 2.86%
[cur diff] DIFF L2D_CACHE_REFILL: 1
[cur diff] DIFF L2D_CACHE_INVAL: 0
[max diff] DIFF LL_CACHE_RD: 170, DIFF LL_CACHE_MISS_RD: 134, MISS_RATE: 78.82%
[max diff] DIFF L2D_CACHE_REFILL: 135
[max diff] DIFF L2D_CACHE_INVAL: 0

===========================================================
taskpendcnt:52015
t0:5166 ns
t1:13916 ns
t2:114250 ns
benchmark: Franka-derived Cartesian-impedance kernel, input trace:8, timer period:10.000 ms
controller source: franka_ros2 jazzy@73a1501d, updates:52027, SVD sweeps:5
pose error:[0.010000 0.015000 0.010000 -0.000000 0.049979 -0.000000]
tau[0:6]:[-1.839419 -0.921560 -1.193198 -1.195971 -0.861243 0.113634 -0.461388]
kernel exec min/avg/max: 94.79 / 98.82 / 112.88 us, samples:52019
pressure status:1, copy rounds total/window:2500/11, 4.94 rounds/s
pressure logical copy:25000.00 MiB total, approx 49.43 MiB/s, checksum:3329228800000
pressure report window:2.225434 s
t0_region>
[1]:4615
[2]:165
[3]:1229
[4]:11627
[5]:18739
[6]:9944
[7]:2684
[8]:600
[9]:331
[10]:555
[11]:714
[12]:495
[13]:181
[14]:42
[15]:22
[16]:15
[17]:14
[18]:13
[19]:5
[20]:11
[21]:2
[22]:4
[24]:5
[27]:4
[28]:1
[29]:2
[30]:1
[31]:1

t1_region>
[2]:294
[3]:3965
[4]:383
[5]:100
[6]:28
[7]:9
[8]:102
[9]:276
[10]:940
[11]:3869
[12]:7944
[13]:8903
[14]:8419
[15]:7073
[16]:4180
[17]:1852
[18]:709
[19]:370
[20]:334
[21]:485
[22]:652
[23]:489
[24]:210
[25]:88
[26]:57
[27]:51
[28]:28
[29]:41
[30]:28
[31]:22
[32]:23
[33]:27
[34]:19
[35]:16
[36]:10
[37]:10
[38]:7
[39]:2
[40]:2
[41]:2
[42]:1
[45]:1
[46]:1
[47]:1

t2_region>
[98]:811
[99]:3024
[100]:552
[101]:204
[102]:104
[103]:49
[104]:35
[105]:114
[106]:128
[107]:215
[108]:714
[109]:2932
[110]:6549
[111]:6380
[112]:4617
[113]:5118
[114]:6260
[115]:5536
[116]:3254
[117]:1601
[118]:756
[119]:597
[120]:596
[121]:590
[122]:305
[123]:192
[124]:130
[125]:129
[126]:98
[127]:77
[128]:65
[129]:36
[130]:45
[131]:38
[132]:41
[133]:31
[134]:22
[135]:13
[136]:19
[137]:12
[138]:10
[139]:5
[140]:6
[141]:5
[142]:4
[143]:4
[144]:1
[146]:1
[148]:1
[152]:1

t0_min: 1.08 us, round:18500
t0_max: 31.58 us, round:46775
t0_jitter: 30.50 us

t1_min: 2.71 us, round:50695
t1_max: 47.83 us, round:20370
t1_jitter: 45.13 us

t2_min: 98.00 us, round:420
t2_max: 152.96 us, round:20319
t2_jitter: 54.96 us

PMU diff samples: 52034
AVG DIFF LL_CACHE_RD: 134.66
AVG DIFF LL_CACHE_MISS_RD: 94.35
AVG DIFF L2D_CACHE_REFILL: 94.39
AVG DIFF L2D_CACHE_INVAL: 0.00
[cur diff] DIFF LL_CACHE_RD: 42, DIFF LL_CACHE_MISS_RD: 0, MISS_RATE: 0.00%
[cur diff] DIFF L2D_CACHE_REFILL: 0
[cur diff] DIFF L2D_CACHE_INVAL: 0
[max diff] DIFF LL_CACHE_RD: 170, DIFF LL_CACHE_MISS_RD: 134, MISS_RATE: 78.82%
[max diff] DIFF L2D_CACHE_REFILL: 135
[max diff] DIFF L2D_CACHE_INVAL: 0

===========================================================
taskpendcnt:52238
t0:6458 ns
t1:16083 ns
t2:116416 ns
benchmark: Franka-derived Cartesian-impedance kernel, input trace:8, timer period:10.000 ms
controller source: franka_ros2 jazzy@73a1501d, updates:52249, SVD sweeps:5
pose error:[0.010000 0.015000 0.010000 -0.000000 0.049979 -0.000000]
tau[0:6]:[-2.379368 -1.292411 -1.655224 -1.570015 -1.185234 -0.066588 -0.610247]
kernel exec min/avg/max: 94.79 / 98.82 / 112.88 us, samples:52241
pressure status:1, copy rounds total/window:2511/11, 4.94 rounds/s
pressure logical copy:25110.00 MiB total, approx 49.43 MiB/s, checksum:3343877406720
pressure report window:2.225265 s
t0_region>
[1]:4637
[2]:165
[3]:1232
[4]:11682
[5]:18825
[6]:9979
[7]:2695
[8]:603
[9]:332
[10]:556
[11]:718
[12]:497
[13]:181
[14]:42
[15]:22
[16]:15
[17]:14
[18]:13
[19]:5
[20]:11
[21]:2
[22]:4
[24]:5
[27]:4
[28]:1
[29]:2
[30]:1
[31]:1

t1_region>
[2]:295
[3]:3985
[4]:384
[5]:100
[6]:28
[7]:9
[8]:102
[9]:276
[10]:941
[11]:3887
[12]:7977
[13]:8948
[14]:8453
[15]:7103
[16]:4196
[17]:1865
[18]:711
[19]:372
[20]:334
[21]:485
[22]:656
[23]:490
[24]:211
[25]:88
[26]:58
[27]:51
[28]:28
[29]:41
[30]:28
[31]:22
[32]:23
[33]:27
[34]:19
[35]:16
[36]:10
[37]:10
[38]:7
[39]:2
[40]:2
[41]:2
[42]:1
[45]:1
[46]:1
[47]:1

t2_region>
[98]:816
[99]:3040
[100]:553
[101]:204
[102]:104
[103]:49
[104]:35
[105]:114
[106]:128
[107]:215
[108]:715
[109]:2946
[110]:6582
[111]:6405
[112]:4641
[113]:5137
[114]:6287
[115]:5556
[116]:3274
[117]:1609
[118]:757
[119]:598
[120]:598
[121]:594
[122]:305
[123]:193
[124]:130
[125]:130
[126]:98
[127]:77
[128]:65
[129]:36
[130]:45
[131]:38
[132]:41
[133]:31
[134]:22
[135]:13
[136]:19
[137]:12
[138]:10
[139]:5
[140]:6
[141]:5
[142]:4
[143]:4
[144]:1
[146]:1
[148]:1
[152]:1

t0_min: 1.08 us, round:18500
t0_max: 31.58 us, round:46775
t0_jitter: 30.50 us

t1_min: 2.71 us, round:50695
t1_max: 47.83 us, round:20370
t1_jitter: 45.13 us

t2_min: 98.00 us, round:420
t2_max: 152.96 us, round:20319
t2_jitter: 54.96 us

PMU diff samples: 52256
AVG DIFF LL_CACHE_RD: 134.66
AVG DIFF LL_CACHE_MISS_RD: 94.35
AVG DIFF L2D_CACHE_REFILL: 94.38
AVG DIFF L2D_CACHE_INVAL: 0.00
[cur diff] DIFF LL_CACHE_RD: 26, DIFF LL_CACHE_MISS_RD: 1, MISS_RATE: 3.85%
[cur diff] DIFF L2D_CACHE_REFILL: 1
[cur diff] DIFF L2D_CACHE_INVAL: 0
[max diff] DIFF LL_CACHE_RD: 170, DIFF LL_CACHE_MISS_RD: 134, MISS_RATE: 78.82%
[max diff] DIFF L2D_CACHE_REFILL: 135
[max diff] DIFF L2D_CACHE_INVAL: 0

===========================================================
taskpendcnt:52460
t0:4333 ns
t1:11333 ns
t2:110500 ns
benchmark: Franka-derived Cartesian-impedance kernel, input trace:8, timer period:10.000 ms
controller source: franka_ros2 jazzy@73a1501d, updates:52472, SVD sweeps:5
pose error:[0.010000 0.015000 0.010000 -0.000000 0.049979 -0.000000]
tau[0:6]:[-0.567483 -0.552304 -0.482512 -0.231067 -0.297494 -0.656094 -0.085004]
kernel exec min/avg/max: 94.79 / 98.82 / 112.88 us, samples:52464
pressure status:1, copy rounds total/window:2521/10, 4.49 rounds/s
pressure logical copy:25210.00 MiB total, approx 44.94 MiB/s, checksum:3357194321920
pressure report window:2.225268 s
t0_region>
[1]:4658
[2]:165
[3]:1234
[4]:11740
[5]:18908
[6]:10018
[7]:2704
[8]:603
[9]:332
[10]:557
[11]:722
[12]:500
[13]:183
[14]:42
[15]:22
[16]:15
[17]:14
[18]:13
[19]:5
[20]:11
[21]:2
[22]:4
[24]:5
[27]:4
[28]:1
[29]:2
[30]:1
[31]:1

t1_region>
[2]:297
[3]:4003
[4]:384
[5]:101
[6]:28
[7]:9
[8]:102
[9]:277
[10]:941
[11]:3905
[12]:8011
[13]:8997
[14]:8491
[15]:7125
[16]:4214
[17]:1873
[18]:714
[19]:372
[20]:334
[21]:487
[22]:658
[23]:495
[24]:211
[25]:88
[26]:58
[27]:52
[28]:28
[29]:41
[30]:28
[31]:22
[32]:23
[33]:27
[34]:19
[35]:16
[36]:10
[37]:10
[38]:7
[39]:2
[40]:2
[41]:2
[42]:1
[45]:1
[46]:1
[47]:1

t2_region>
[98]:819
[99]:3056
[100]:553
[101]:205
[102]:105
[103]:49
[104]:35
[105]:114
[106]:128
[107]:215
[108]:717
[109]:2958
[110]:6607
[111]:6443
[112]:4658
[113]:5166
[114]:6308
[115]:5580
[116]:3287
[117]:1616
[118]:759
[119]:600
[120]:599
[121]:598
[122]:307
[123]:193
[124]:130
[125]:131
[126]:98
[127]:78
[128]:65
[129]:36
[130]:45
[131]:38
[132]:41
[133]:31
[134]:22
[135]:13
[136]:19
[137]:12
[138]:10
[139]:5
[140]:6
[141]:5
[142]:4
[143]:4
[144]:1
[146]:1
[148]:1
[152]:1

t0_min: 1.08 us, round:18500
t0_max: 31.58 us, round:46775
t0_jitter: 30.50 us

t1_min: 2.71 us, round:50695
t1_max: 47.83 us, round:20370
t1_jitter: 45.13 us

t2_min: 98.00 us, round:420
t2_max: 152.96 us, round:20319
t2_jitter: 54.96 us

PMU diff samples: 52479
AVG DIFF LL_CACHE_RD: 134.65
AVG DIFF LL_CACHE_MISS_RD: 94.35
AVG DIFF L2D_CACHE_REFILL: 94.38
AVG DIFF L2D_CACHE_INVAL: 0.00
[cur diff] DIFF LL_CACHE_RD: 48, DIFF LL_CACHE_MISS_RD: 0, MISS_RATE: 0.00%
[cur diff] DIFF L2D_CACHE_REFILL: 1
[cur diff] DIFF L2D_CACHE_INVAL: 0
[max diff] DIFF LL_CACHE_RD: 170, DIFF LL_CACHE_MISS_RD: 134, MISS_RATE: 78.82%
[max diff] DIFF L2D_CACHE_REFILL: 135
[max diff] DIFF L2D_CACHE_INVAL: 0

===========================================================
taskpendcnt:52683
t0:6208 ns
t1:15541 ns
t2:115875 ns
benchmark: Franka-derived Cartesian-impedance kernel, input trace:8, timer period:10.000 ms
controller source: franka_ros2 jazzy@73a1501d, updates:52694, SVD sweeps:5
pose error:[0.010000 0.015000 0.010000 -0.000000 0.049979 -0.000000]
tau[0:6]:[1.376914 -0.104433 0.790225 0.843903 0.642107 -0.956178 0.423547]
kernel exec min/avg/max: 94.79 / 98.82 / 112.88 us, samples:52686
pressure status:1, copy rounds total/window:2532/11, 4.94 rounds/s
pressure logical copy:25320.00 MiB total, approx 49.44 MiB/s, checksum:3371842928640
pressure report window:2.224733 s
t0_region>
[1]:4680
[2]:165
[3]:1237
[4]:11789
[5]:18988
[6]:10067
[7]:2714
[8]:604
[9]:332
[10]:561
[11]:724
[12]:502
[13]:184
[14]:42
[15]:22
[16]:15
[17]:14
[18]:13
[19]:5
[20]:11
[21]:2
[22]:4
[24]:5
[27]:4
[28]:1
[29]:2
[30]:1
[31]:1

t1_region>
[2]:299
[3]:4020
[4]:387
[5]:101
[6]:28
[7]:9
[8]:102
[9]:277
[10]:943
[11]:3921
[12]:8047
[13]:9035
[14]:8524
[15]:7165
[16]:4231
[17]:1881
[18]:716
[19]:372
[20]:337
[21]:489
[22]:660
[23]:495
[24]:212
[25]:88
[26]:58
[27]:52
[28]:28
[29]:41
[30]:28
[31]:23
[32]:23
[33]:27
[34]:19
[35]:16
[36]:10
[37]:10
[38]:7
[39]:2
[40]:2
[41]:2
[42]:1
[45]:1
[46]:1
[47]:1

t2_region>
[98]:821
[99]:3073
[100]:555
[101]:206
[102]:105
[103]:49
[104]:35
[105]:114
[106]:128
[107]:215
[108]:719
[109]:2968
[110]:6636
[111]:6475
[112]:4672
[113]:5194
[114]:6330
[115]:5606
[116]:3308
[117]:1622
[118]:761
[119]:605
[120]:599
[121]:600
[122]:307
[123]:193
[124]:130
[125]:132
[126]:98
[127]:78
[128]:65
[129]:36
[130]:45
[131]:38
[132]:42
[133]:31
[134]:22
[135]:13
[136]:19
[137]:12
[138]:10
[139]:5
[140]:6
[141]:5
[142]:4
[143]:4
[144]:1
[146]:1
[148]:1
[152]:1

t0_min: 1.08 us, round:18500
t0_max: 31.58 us, round:46775
t0_jitter: 30.50 us

t1_min: 2.71 us, round:50695
t1_max: 47.83 us, round:20370
t1_jitter: 45.13 us

t2_min: 98.00 us, round:420
t2_max: 152.96 us, round:20319
t2_jitter: 54.96 us

PMU diff samples: 52701
AVG DIFF LL_CACHE_RD: 134.65
AVG DIFF LL_CACHE_MISS_RD: 94.35
AVG DIFF L2D_CACHE_REFILL: 94.38
AVG DIFF L2D_CACHE_INVAL: 0.00
[cur diff] DIFF LL_CACHE_RD: 51, DIFF LL_CACHE_MISS_RD: 0, MISS_RATE: 0.00%
[cur diff] DIFF L2D_CACHE_REFILL: 0
[cur diff] DIFF L2D_CACHE_INVAL: 0
[max diff] DIFF LL_CACHE_RD: 170, DIFF LL_CACHE_MISS_RD: 134, MISS_RATE: 78.82%
[max diff] DIFF L2D_CACHE_REFILL: 135
[max diff] DIFF L2D_CACHE_INVAL: 0

===========================================================
taskpendcnt:52906
t0:5833 ns
t1:14875 ns
t2:113750 ns
benchmark: Franka-derived Cartesian-impedance kernel, input trace:8, timer period:10.000 ms
controller source: franka_ros2 jazzy@73a1501d, updates:52917, SVD sweeps:5
pose error:[0.010000 0.015000 0.010000 -0.000000 0.049979 -0.000000]
tau[0:6]:[0.839771 0.130674 0.617691 0.624912 0.653099 -0.592692 0.265887]
kernel exec min/avg/max: 94.79 / 98.82 / 112.88 us, samples:52909
pressure status:1, copy rounds total/window:2543/11, 4.94 rounds/s
pressure logical copy:25430.00 MiB total, approx 49.44 MiB/s, checksum:3386491535360
pressure report window:2.225111 s
t0_region>
[1]:4701
[2]:165
[3]:1241
[4]:11835
[5]:19069
[6]:10110
[7]:2730
[8]:605
[9]:334
[10]:564
[11]:725
[12]:505
[13]:185
[14]:42
[15]:22
[16]:15
[17]:14
[18]:13
[19]:5
[20]:11
[21]:2
[22]:4
[24]:5
[27]:4
[28]:1
[29]:2
[30]:1
[31]:1

t1_region>
[2]:300
[3]:4037
[4]:388
[5]:102
[6]:28
[7]:10
[8]:102
[9]:277
[10]:947
[11]:3933
[12]:8083
[13]:9076
[14]:8559
[15]:7193
[16]:4253
[17]:1889
[18]:719
[19]:376
[20]:337
[21]:491
[22]:663
[23]:497
[24]:213
[25]:88
[26]:58
[27]:52
[28]:28
[29]:41
[30]:28
[31]:23
[32]:23
[33]:27
[34]:19
[35]:16
[36]:10
[37]:10
[38]:7
[39]:2
[40]:2
[41]:2
[42]:1
[45]:1
[46]:1
[47]:1

t2_region>
[98]:824
[99]:3084
[100]:559
[101]:207
[102]:106
[103]:49
[104]:35
[105]:115
[106]:128
[107]:216
[108]:720
[109]:2979
[110]:6663
[111]:6505
[112]:4690
[113]:5219
[114]:6355
[115]:5637
[116]:3320
[117]:1628
[118]:764
[119]:610
[120]:601
[121]:601
[122]:308
[123]:193
[124]:130
[125]:132
[126]:98
[127]:79
[128]:66
[129]:36
[130]:45
[131]:38
[132]:42
[133]:31
[134]:22
[135]:13
[136]:19
[137]:12
[138]:10
[139]:5
[140]:6
[141]:5
[142]:4
[143]:4
[144]:1
[146]:1
[148]:1
[152]:1

t0_min: 1.08 us, round:18500
t0_max: 31.58 us, round:46775
t0_jitter: 30.50 us

t1_min: 2.71 us, round:50695
t1_max: 47.83 us, round:20370
t1_jitter: 45.13 us

t2_min: 98.00 us, round:420
t2_max: 152.96 us, round:20319
t2_jitter: 54.96 us

PMU diff samples: 52924
AVG DIFF LL_CACHE_RD: 134.65
AVG DIFF LL_CACHE_MISS_RD: 94.35
AVG DIFF L2D_CACHE_REFILL: 94.38
AVG DIFF L2D_CACHE_INVAL: 0.00
[cur diff] DIFF LL_CACHE_RD: 46, DIFF LL_CACHE_MISS_RD: 0, MISS_RATE: 0.00%
[cur diff] DIFF L2D_CACHE_REFILL: 0
[cur diff] DIFF L2D_CACHE_INVAL: 0
[max diff] DIFF LL_CACHE_RD: 170, DIFF LL_CACHE_MISS_RD: 134, MISS_RATE: 78.82%
[max diff] DIFF L2D_CACHE_REFILL: 135
[max diff] DIFF L2D_CACHE_INVAL: 0

===========================================================
taskpendcnt:53128
t0:5958 ns
t1:13250 ns
t2:111250 ns
benchmark: Franka-derived Cartesian-impedance kernel, input trace:8, timer period:10.000 ms
controller source: franka_ros2 jazzy@73a1501d, updates:53139, SVD sweeps:5
pose error:[0.010000 0.015000 0.010000 -0.000000 0.049979 -0.000000]
tau[0:6]:[-0.274004 -0.324180 0.001577 -0.231466 0.050986 -0.328952 0.010844]
kernel exec min/avg/max: 94.79 / 98.82 / 112.88 us, samples:53131
pressure status:1, copy rounds total/window:2553/10, 4.49 rounds/s
pressure logical copy:25530.00 MiB total, approx 44.93 MiB/s, checksum:3399808450560
pressure report window:2.225562 s
t0_region>
[1]:4723
[2]:165
[3]:1247
[4]:11886
[5]:19142
[6]:10160
[7]:2741
[8]:606
[9]:335
[10]:567
[11]:729
[12]:506
[13]:185
[14]:42
[15]:22
[16]:15
[17]:14
[18]:13
[19]:5
[20]:11
[21]:2
[22]:4
[24]:5
[27]:4
[28]:1
[29]:2
[30]:1
[31]:1

t1_region>
[2]:301
[3]:4057
[4]:389
[5]:102
[6]:28
[7]:10
[8]:102
[9]:277
[10]:950
[11]:3949
[12]:8120
[13]:9117
[14]:8603
[15]:7217
[16]:4267
[17]:1897
[18]:721
[19]:377
[20]:339
[21]:494
[22]:668
[23]:498
[24]:213
[25]:88
[26]:58
[27]:52
[28]:28
[29]:41
[30]:28
[31]:23
[32]:23
[33]:27
[34]:19
[35]:16
[36]:10
[37]:10
[38]:7
[39]:2
[40]:2
[41]:2
[42]:1
[45]:1
[46]:1
[47]:1

t2_region>
[98]:829
[99]:3099
[100]:560
[101]:208
[102]:106
[103]:49
[104]:35
[105]:115
[106]:128
[107]:216
[108]:722
[109]:2988
[110]:6696
[111]:6533
[112]:4712
[113]:5239
[114]:6383
[115]:5666
[116]:3330
[117]:1634
[118]:768
[119]:612
[120]:605
[121]:604
[122]:308
[123]:193
[124]:131
[125]:132
[126]:98
[127]:79
[128]:66
[129]:36
[130]:45
[131]:38
[132]:42
[133]:31
[134]:22
[135]:13
[136]:19
[137]:12
[138]:10
[139]:5
[140]:6
[141]:5
[142]:4
[143]:4
[144]:1
[146]:1
[148]:1
[152]:1

t0_min: 1.08 us, round:18500
t0_max: 31.58 us, round:46775
t0_jitter: 30.50 us

t1_min: 2.71 us, round:50695
t1_max: 47.83 us, round:20370
t1_jitter: 45.13 us

t2_min: 98.00 us, round:420
t2_max: 152.96 us, round:20319
t2_jitter: 54.96 us

PMU diff samples: 53146
AVG DIFF LL_CACHE_RD: 134.65
AVG DIFF LL_CACHE_MISS_RD: 94.35
AVG DIFF L2D_CACHE_REFILL: 94.38
AVG DIFF L2D_CACHE_INVAL: 0.00
[cur diff] DIFF LL_CACHE_RD: 33, DIFF LL_CACHE_MISS_RD: 0, MISS_RATE: 0.00%
[cur diff] DIFF L2D_CACHE_REFILL: 0
[cur diff] DIFF L2D_CACHE_INVAL: 0
[max diff] DIFF LL_CACHE_RD: 170, DIFF LL_CACHE_MISS_RD: 134, MISS_RATE: 78.82%
[max diff] DIFF L2D_CACHE_REFILL: 135
[max diff] DIFF L2D_CACHE_INVAL: 0

===========================================================
taskpendcnt:53351
t0:5000 ns
t1:13458 ns
t2:112333 ns
benchmark: Franka-derived Cartesian-impedance kernel, input trace:8, timer period:10.000 ms
controller source: franka_ros2 jazzy@73a1501d, updates:53362, SVD sweeps:5
pose error:[0.010000 0.015000 0.010000 -0.000000 0.049979 -0.000000]
tau[0:6]:[-2.379368 -1.292411 -1.655224 -1.570015 -1.185234 -0.066588 -0.610247]
kernel exec min/avg/max: 94.79 / 98.82 / 112.88 us, samples:53354
pressure status:1, copy rounds total/window:2564/11, 4.94 rounds/s
pressure logical copy:25640.00 MiB total, approx 49.43 MiB/s, checksum:3414457057280
pressure report window:2.225466 s
t0_region>
[1]:4742
[2]:167
[3]:1253
[4]:11937
[5]:19220
[6]:10212
[7]:2743
[8]:609
[9]:336
[10]:570
[11]:733
[12]:507
[13]:185
[14]:42
[15]:22
[16]:15
[17]:14
[18]:13
[19]:5
[20]:11
[21]:2
[22]:4
[24]:5
[27]:4
[28]:1
[29]:2
[30]:1
[31]:1

t1_region>
[2]:305
[3]:4073
[4]:390
[5]:102
[6]:28
[7]:11
[8]:102
[9]:277
[10]:951
[11]:3969
[12]:8159
[13]:9155
[14]:8639
[15]:7245
[16]:4288
[17]:1902
[18]:724
[19]:378
[20]:341
[21]:495
[22]:672
[23]:499
[24]:213
[25]:88
[26]:58
[27]:52
[28]:28
[29]:41
[30]:28
[31]:23
[32]:24
[33]:27
[34]:19
[35]:16
[36]:10
[37]:10
[38]:7
[39]:2
[40]:2
[41]:2
[42]:1
[45]:1
[46]:1
[47]:1

t2_region>
[98]:837
[99]:3107
[100]:563
[101]:209
[102]:106
[103]:49
[104]:35
[105]:115
[106]:129
[107]:216
[108]:724
[109]:3001
[110]:6723
[111]:6569
[112]:4727
[113]:5259
[114]:6411
[115]:5693
[116]:3347
[117]:1638
[118]:771
[119]:613
[120]:608
[121]:605
[122]:310
[123]:193
[124]:131
[125]:133
[126]:98
[127]:79
[128]:66
[129]:36
[130]:45
[131]:38
[132]:42
[133]:31
[134]:22
[135]:13
[136]:19
[137]:12
[138]:10
[139]:6
[140]:6
[141]:5
[142]:4
[143]:4
[144]:1
[146]:1
[148]:1
[152]:1

t0_min: 1.08 us, round:18500
t0_max: 31.58 us, round:46775
t0_jitter: 30.50 us

t1_min: 2.71 us, round:50695
t1_max: 47.83 us, round:20370
t1_jitter: 45.13 us

t2_min: 98.00 us, round:420
t2_max: 152.96 us, round:20319
t2_jitter: 54.96 us

PMU diff samples: 53369
AVG DIFF LL_CACHE_RD: 134.64
AVG DIFF LL_CACHE_MISS_RD: 94.34
AVG DIFF L2D_CACHE_REFILL: 94.38
AVG DIFF L2D_CACHE_INVAL: 0.00
[cur diff] DIFF LL_CACHE_RD: 40, DIFF LL_CACHE_MISS_RD: 0, MISS_RATE: 0.00%
[cur diff] DIFF L2D_CACHE_REFILL: 0
[cur diff] DIFF L2D_CACHE_INVAL: 0
[max diff] DIFF LL_CACHE_RD: 170, DIFF LL_CACHE_MISS_RD: 134, MISS_RATE: 78.82%
[max diff] DIFF L2D_CACHE_REFILL: 135
[max diff] DIFF L2D_CACHE_INVAL: 0

===========================================================
taskpendcnt:53573
t0:4250 ns
t1:9000 ns
t2:108166 ns
benchmark: Franka-derived Cartesian-impedance kernel, input trace:8, timer period:10.000 ms
controller source: franka_ros2 jazzy@73a1501d, updates:53585, SVD sweeps:5
pose error:[0.010000 0.015000 0.010000 -0.000000 0.049979 -0.000000]
tau[0:6]:[-2.781770 -1.613002 -1.930139 -1.581803 -1.382951 -0.390599 -0.663394]
kernel exec min/avg/max: 94.79 / 98.82 / 112.88 us, samples:53577
pressure status:1, copy rounds total/window:2574/10, 4.49 rounds/s
pressure logical copy:25740.00 MiB total, approx 44.91 MiB/s, checksum:3427773972480
pressure report window:2.226837 s
t0_region>
[1]:4763
[2]:168
[3]:1259
[4]:11970
[5]:19268
[6]:10255
[7]:2771
[8]:618
[9]:348
[10]:575
[11]:739
[12]:511
[13]:186
[14]:44
[15]:22
[16]:16
[17]:15
[18]:13
[19]:5
[20]:13
[21]:2
[22]:4
[24]:5
[27]:4
[28]:1
[29]:2
[30]:1
[31]:1

t1_region>
[2]:309
[3]:4088
[4]:391
[5]:103
[6]:28
[7]:11
[8]:102
[9]:282
[10]:957
[11]:3985
[12]:8178
[13]:9169
[14]:8662
[15]:7258
[16]:4307
[17]:1922
[18]:740
[19]:387
[20]:348
[21]:500
[22]:674
[23]:505
[24]:214
[25]:90
[26]:61
[27]:56
[28]:29
[29]:41
[30]:30
[31]:27
[32]:26
[33]:27
[34]:19
[35]:16
[36]:10
[37]:12
[38]:7
[39]:2
[40]:2
[41]:2
[42]:1
[45]:1
[46]:1
[47]:1

t2_region>
[98]:839
[99]:3124
[100]:564
[101]:210
[102]:107
[103]:49
[104]:35
[105]:115
[106]:130
[107]:216
[108]:730
[109]:3012
[110]:6736
[111]:6585
[112]:4742
[113]:5266
[114]:6424
[115]:5703
[116]:3359
[117]:1654
[118]:785
[119]:624
[120]:615
[121]:614
[122]:317
[123]:196
[124]:135
[125]:137
[126]:99
[127]:83
[128]:68
[129]:36
[130]:49
[131]:41
[132]:42
[133]:32
[134]:23
[135]:16
[136]:20
[137]:12
[138]:11
[139]:7
[140]:6
[141]:5
[142]:4
[143]:4
[144]:1
[146]:1
[148]:1
[152]:1

t0_min: 1.08 us, round:18500
t0_max: 31.58 us, round:46775
t0_jitter: 30.50 us

t1_min: 2.71 us, round:50695
t1_max: 47.83 us, round:20370
t1_jitter: 45.13 us

t2_min: 98.00 us, round:420
t2_max: 152.96 us, round:20319
t2_jitter: 54.96 us

PMU diff samples: 53592
AVG DIFF LL_CACHE_RD: 134.64
AVG DIFF LL_CACHE_MISS_RD: 94.33
AVG DIFF L2D_CACHE_REFILL: 94.37
AVG DIFF L2D_CACHE_INVAL: 0.00
[cur diff] DIFF LL_CACHE_RD: 31, DIFF LL_CACHE_MISS_RD: 0, MISS_RATE: 0.00%
[cur diff] DIFF L2D_CACHE_REFILL: 1
[cur diff] DIFF L2D_CACHE_INVAL: 0
[max diff] DIFF LL_CACHE_RD: 170, DIFF LL_CACHE_MISS_RD: 134, MISS_RATE: 78.82%
[max diff] DIFF L2D_CACHE_REFILL: 135
[max diff] DIFF L2D_CACHE_INVAL: 0

===========================================================
taskpendcnt:53796
t0:5333 ns
t1:13500 ns
t2:113250 ns
benchmark: Franka-derived Cartesian-impedance kernel, input trace:8, timer period:10.000 ms
controller source: franka_ros2 jazzy@73a1501d, updates:53807, SVD sweeps:5
pose error:[0.010000 0.015000 0.010000 -0.000000 0.049979 -0.000000]
tau[0:6]:[1.376914 -0.104433 0.790225 0.843903 0.642107 -0.956178 0.423547]
kernel exec min/avg/max: 94.79 / 98.82 / 112.88 us, samples:53799
pressure status:1, copy rounds total/window:2585/11, 4.94 rounds/s
pressure logical copy:25850.00 MiB total, approx 49.44 MiB/s, checksum:3442422579200
pressure report window:2.224854 s
t0_region>
[1]:4783
[2]:169
[3]:1261
[4]:12020
[5]:19345
[6]:10307
[7]:2782
[8]:618
[9]:349
[10]:578
[11]:740
[12]:515
[13]:186
[14]:44
[15]:22
[16]:16
[17]:15
[18]:13
[19]:5
[20]:13
[21]:2
[22]:4
[24]:5
[27]:4
[28]:1
[29]:2
[30]:1
[31]:1

t1_region>
[2]:312
[3]:4106
[4]:392
[5]:103
[6]:28
[7]:11
[8]:102
[9]:282
[10]:961
[11]:4001
[12]:8206
[13]:9212
[14]:8706
[15]:7288
[16]:4321
[17]:1935
[18]:740
[19]:387
[20]:350
[21]:502
[22]:679
[23]:505
[24]:214
[25]:90
[26]:61
[27]:56
[28]:29
[29]:41
[30]:30
[31]:27
[32]:26
[33]:27
[34]:19
[35]:16
[36]:10
[37]:12
[38]:7
[39]:2
[40]:2
[41]:2
[42]:1
[45]:1
[46]:1
[47]:1

t2_region>
[98]:840
[99]:3141
[100]:566
[101]:211
[102]:107
[103]:49
[104]:35
[105]:115
[106]:130
[107]:216
[108]:730
[109]:3023
[110]:6762
[111]:6607
[112]:4766
[113]:5297
[114]:6452
[115]:5726
[116]:3377
[117]:1660
[118]:785
[119]:629
[120]:619
[121]:616
[122]:317
[123]:196
[124]:135
[125]:138
[126]:99
[127]:83
[128]:68
[129]:36
[130]:49
[131]:41
[132]:42
[133]:32
[134]:23
[135]:16
[136]:20
[137]:12
[138]:11
[139]:7
[140]:6
[141]:5
[142]:4
[143]:4
[144]:1
[146]:1
[148]:1
[152]:1

t0_min: 1.08 us, round:18500
t0_max: 31.58 us, round:46775
t0_jitter: 30.50 us

t1_min: 2.71 us, round:50695
t1_max: 47.83 us, round:20370
t1_jitter: 45.13 us

t2_min: 98.00 us, round:420
t2_max: 152.96 us, round:20319
t2_jitter: 54.96 us

PMU diff samples: 53814
AVG DIFF LL_CACHE_RD: 134.64
AVG DIFF LL_CACHE_MISS_RD: 94.33
AVG DIFF L2D_CACHE_REFILL: 94.37
AVG DIFF L2D_CACHE_INVAL: 0.00
[cur diff] DIFF LL_CACHE_RD: 42, DIFF LL_CACHE_MISS_RD: 0, MISS_RATE: 0.00%
[cur diff] DIFF L2D_CACHE_REFILL: 0
[cur diff] DIFF L2D_CACHE_INVAL: 0
[max diff] DIFF LL_CACHE_RD: 170, DIFF LL_CACHE_MISS_RD: 134, MISS_RATE: 78.82%
[max diff] DIFF L2D_CACHE_REFILL: 135
[max diff] DIFF L2D_CACHE_INVAL: 0

===========================================================
taskpendcnt:54018
t0:5166 ns
t1:12833 ns
t2:114625 ns
benchmark: Franka-derived Cartesian-impedance kernel, input trace:8, timer period:10.000 ms
controller source: franka_ros2 jazzy@73a1501d, updates:54030, SVD sweeps:5
pose error:[0.010000 0.015000 0.010000 -0.000000 0.049979 -0.000000]
tau[0:6]:[1.228026 0.081850 0.819520 0.875435 0.745706 -0.833381 0.398995]
kernel exec min/avg/max: 94.79 / 98.82 / 112.88 us, samples:54022
pressure status:1, copy rounds total/window:2596/11, 4.94 rounds/s
pressure logical copy:25960.00 MiB total, approx 49.44 MiB/s, checksum:3457071185920
pressure report window:2.225125 s
t0_region>
[1]:4805
[2]:169
[3]:1264
[4]:12068
[5]:19440
[6]:10340
[7]:2791
[8]:622
[9]:350
[10]:581
[11]:743
[12]:517
[13]:186
[14]:44
[15]:22
[16]:16
[17]:15
[18]:13
[19]:5
[20]:13
[21]:2
[22]:4
[24]:5
[27]:4
[28]:1
[29]:2
[30]:1
[31]:1

t1_region>
[2]:313
[3]:4124
[4]:393
[5]:104
[6]:28
[7]:11
[8]:102
[9]:282
[10]:963
[11]:4015
[12]:8245
[13]:9258
[14]:8737
[15]:7316
[16]:4342
[17]:1943
[18]:742
[19]:388
[20]:351
[21]:504
[22]:682
[23]:508
[24]:214
[25]:90
[26]:61
[27]:56
[28]:29
[29]:41
[30]:30
[31]:27
[32]:26
[33]:27
[34]:19
[35]:16
[36]:10
[37]:12
[38]:7
[39]:2
[40]:2
[41]:2
[42]:1
[45]:1
[46]:1
[47]:1

t2_region>
[98]:842
[99]:3156
[100]:568
[101]:213
[102]:107
[103]:50
[104]:35
[105]:115
[106]:130
[107]:216
[108]:730
[109]:3039
[110]:6786
[111]:6639
[112]:4778
[113]:5331
[114]:6477
[115]:5749
[116]:3390
[117]:1671
[118]:785
[119]:633
[120]:622
[121]:617
[122]:319
[123]:196
[124]:135
[125]:138
[126]:100
[127]:83
[128]:68
[129]:36
[130]:49
[131]:41
[132]:42
[133]:32
[134]:23
[135]:16
[136]:20
[137]:12
[138]:11
[139]:7
[140]:6
[141]:5
[142]:4
[143]:4
[144]:1
[146]:1
[148]:1
[152]:1

t0_min: 1.08 us, round:18500
t0_max: 31.58 us, round:46775
t0_jitter: 30.50 us

t1_min: 2.71 us, round:50695
t1_max: 47.83 us, round:20370
t1_jitter: 45.13 us

t2_min: 98.00 us, round:420
t2_max: 152.96 us, round:20319
t2_jitter: 54.96 us

PMU diff samples: 54037
AVG DIFF LL_CACHE_RD: 134.63
AVG DIFF LL_CACHE_MISS_RD: 94.33
AVG DIFF L2D_CACHE_REFILL: 94.36
AVG DIFF L2D_CACHE_INVAL: 0.00
[cur diff] DIFF LL_CACHE_RD: 50, DIFF LL_CACHE_MISS_RD: 0, MISS_RATE: 0.00%
[cur diff] DIFF L2D_CACHE_REFILL: 0
[cur diff] DIFF L2D_CACHE_INVAL: 0
[max diff] DIFF LL_CACHE_RD: 170, DIFF LL_CACHE_MISS_RD: 134, MISS_RATE: 78.82%
[max diff] DIFF L2D_CACHE_REFILL: 135
[max diff] DIFF L2D_CACHE_INVAL: 0

===========================================================
taskpendcnt:54241
t0:4500 ns
t1:12958 ns
t2:111250 ns
benchmark: Franka-derived Cartesian-impedance kernel, input trace:8, timer period:10.000 ms
controller source: franka_ros2 jazzy@73a1501d, updates:54252, SVD sweeps:5
pose error:[0.010000 0.015000 0.010000 -0.000000 0.049979 -0.000000]
tau[0:6]:[-0.274004 -0.324180 0.001577 -0.231466 0.050986 -0.328952 0.010844]
kernel exec min/avg/max: 94.79 / 98.82 / 112.88 us, samples:54244
pressure status:1, copy rounds total/window:2606/10, 4.49 rounds/s
pressure logical copy:26060.00 MiB total, approx 44.93 MiB/s, checksum:3470388101120
pressure report window:2.225484 s
t0_region>
[1]:4826
[2]:169
[3]:1266
[4]:12123
[5]:19523
[6]:10377
[7]:2803
[8]:624
[9]:351
[10]:582
[11]:747
[12]:520
[13]:187
[14]:44
[15]:22
[16]:16
[17]:15
[18]:13
[19]:5
[20]:13
[21]:2
[22]:4
[24]:5
[27]:4
[28]:1
[29]:2
[30]:1
[31]:1

t1_region>
[2]:314
[3]:4144
[4]:394
[5]:104
[6]:28
[7]:11
[8]:102
[9]:282
[10]:964
[11]:4035
[12]:8277
[13]:9301
[14]:8765
[15]:7351
[16]:4362
[17]:1951
[18]:745
[19]:389
[20]:351
[21]:507
[22]:685
[23]:510
[24]:216
[25]:90
[26]:61
[27]:56
[28]:29
[29]:41
[30]:30
[31]:27
[32]:26
[33]:27
[34]:19
[35]:16
[36]:10
[37]:12
[38]:7
[39]:2
[40]:2
[41]:2
[42]:1
[45]:1
[46]:1
[47]:1

t2_region>
[98]:843
[99]:3171
[100]:572
[101]:214
[102]:107
[103]:50
[104]:35
[105]:115
[106]:130
[107]:216
[108]:731
[109]:3052
[110]:6811
[111]:6674
[112]:4794
[113]:5351
[114]:6506
[115]:5772
[116]:3408
[117]:1680
[118]:785
[119]:635
[120]:626
[121]:619
[122]:321
[123]:196
[124]:135
[125]:139
[126]:100
[127]:83
[128]:69
[129]:36
[130]:49
[131]:41
[132]:42
[133]:32
[134]:23
[135]:16
[136]:20
[137]:12
[138]:11
[139]:7
[140]:6
[141]:5
[142]:4
[143]:4
[144]:1
[146]:1
[148]:1
[152]:1

t0_min: 1.08 us, round:18500
t0_max: 31.58 us, round:46775
t0_jitter: 30.50 us

t1_min: 2.71 us, round:50695
t1_max: 47.83 us, round:20370
t1_jitter: 45.13 us

t2_min: 98.00 us, round:420
t2_max: 152.96 us, round:20319
t2_jitter: 54.96 us

PMU diff samples: 54259
AVG DIFF LL_CACHE_RD: 134.63
AVG DIFF LL_CACHE_MISS_RD: 94.33
AVG DIFF L2D_CACHE_REFILL: 94.37
AVG DIFF L2D_CACHE_INVAL: 0.00
[cur diff] DIFF LL_CACHE_RD: 38, DIFF LL_CACHE_MISS_RD: 0, MISS_RATE: 0.00%
[cur diff] DIFF L2D_CACHE_REFILL: 0
[cur diff] DIFF L2D_CACHE_INVAL: 0
[max diff] DIFF LL_CACHE_RD: 170, DIFF LL_CACHE_MISS_RD: 134, MISS_RATE: 78.82%
[max diff] DIFF L2D_CACHE_REFILL: 135
[max diff] DIFF L2D_CACHE_INVAL: 0

===========================================================
taskpendcnt:54463
t0:5208 ns
t1:13458 ns
t2:114666 ns
benchmark: Franka-derived Cartesian-impedance kernel, input trace:8, timer period:10.000 ms
controller source: franka_ros2 jazzy@73a1501d, updates:54475, SVD sweeps:5
pose error:[0.010000 0.015000 0.010000 -0.000000 0.049979 -0.000000]
tau[0:6]:[-1.839419 -0.921560 -1.193198 -1.195971 -0.861243 0.113634 -0.461388]
kernel exec min/avg/max: 94.79 / 98.82 / 112.88 us, samples:54467
pressure status:1, copy rounds total/window:2617/11, 4.94 rounds/s
pressure logical copy:26170.00 MiB total, approx 49.43 MiB/s, checksum:3485036707840
pressure report window:2.225332 s
t0_region>
[1]:4848
[2]:169
[3]:1271
[4]:12162
[5]:19619
[6]:10415
[7]:2815
[8]:626
[9]:352
[10]:583
[11]:749
[12]:524
[13]:188
[14]:44
[15]:22
[16]:16
[17]:15
[18]:13
[19]:5
[20]:13
[21]:2
[22]:4
[24]:5
[27]:4
[28]:1
[29]:2
[30]:1
[31]:1

t1_region>
[2]:316
[3]:4162
[4]:395
[5]:104
[6]:28
[7]:11
[8]:102
[9]:282
[10]:966
[11]:4058
[12]:8302
[13]:9343
[14]:8806
[15]:7381
[16]:4381
[17]:1958
[18]:748
[19]:389
[20]:352
[21]:508
[22]:687
[23]:514
[24]:217
[25]:90
[26]:61
[27]:56
[28]:29
[29]:41
[30]:30
[31]:27
[32]:26
[33]:27
[34]:19
[35]:16
[36]:10
[37]:12
[38]:7
[39]:2
[40]:2
[41]:2
[42]:1
[45]:1
[46]:1
[47]:1

t2_region>
[98]:847
[99]:3187
[100]:573
[101]:214
[102]:107
[103]:51
[104]:35
[105]:115
[106]:130
[107]:217
[108]:732
[109]:3069
[110]:6831
[111]:6709
[112]:4813
[113]:5367
[114]:6542
[115]:5797
[116]:3423
[117]:1683
[118]:788
[119]:638
[120]:626
[121]:622
[122]:323
[123]:197
[124]:135
[125]:140
[126]:100
[127]:83
[128]:69
[129]:36
[130]:49
[131]:41
[132]:42
[133]:32
[134]:23
[135]:16
[136]:20
[137]:12
[138]:11
[139]:7
[140]:6
[141]:5
[142]:4
[143]:4
[144]:1
[146]:1
[148]:1
[152]:1

t0_min: 1.08 us, round:18500
t0_max: 31.58 us, round:46775
t0_jitter: 30.50 us

t1_min: 2.71 us, round:50695
t1_max: 47.83 us, round:20370
t1_jitter: 45.13 us

t2_min: 98.00 us, round:420
t2_max: 152.96 us, round:20319
t2_jitter: 54.96 us

PMU diff samples: 54482
AVG DIFF LL_CACHE_RD: 134.63
AVG DIFF LL_CACHE_MISS_RD: 94.32
AVG DIFF L2D_CACHE_REFILL: 94.36
AVG DIFF L2D_CACHE_INVAL: 0.00
[cur diff] DIFF LL_CACHE_RD: 42, DIFF LL_CACHE_MISS_RD: 0, MISS_RATE: 0.00%
[cur diff] DIFF L2D_CACHE_REFILL: 0
[cur diff] DIFF L2D_CACHE_INVAL: 0
[max diff] DIFF LL_CACHE_RD: 170, DIFF LL_CACHE_MISS_RD: 134, MISS_RATE: 78.82%
[max diff] DIFF L2D_CACHE_REFILL: 135
[max diff] DIFF L2D_CACHE_INVAL: 0

===========================================================
taskpendcnt:54686
t0:4541 ns
t1:11833 ns
t2:110125 ns
benchmark: Franka-derived Cartesian-impedance kernel, input trace:8, timer period:10.000 ms
controller source: franka_ros2 jazzy@73a1501d, updates:54697, SVD sweeps:5
pose error:[0.010000 0.015000 0.010000 -0.000000 0.049979 -0.000000]
tau[0:6]:[-2.379368 -1.292411 -1.655224 -1.570015 -1.185234 -0.066588 -0.610247]
kernel exec min/avg/max: 94.79 / 98.82 / 112.88 us, samples:54689
pressure status:1, copy rounds total/window:2628/11, 4.94 rounds/s
pressure logical copy:26280.00 MiB total, approx 49.41 MiB/s, checksum:3499685314560
pressure report window:2.226354 s
t0_region>
[1]:4870
[2]:169
[3]:1275
[4]:12210
[5]:19708
[6]:10453
[7]:2828
[8]:627
[9]:352
[10]:586
[11]:751
[12]:526
[13]:189
[14]:44
[15]:22
[16]:16
[17]:15
[18]:13
[19]:5
[20]:13
[21]:2
[22]:4
[24]:5
[27]:4
[28]:1
[29]:2
[30]:1
[31]:1

t1_region>
[2]:318
[3]:4181
[4]:396
[5]:104
[6]:28
[7]:11
[8]:102
[9]:282
[10]:967
[11]:4079
[12]:8346
[13]:9371
[14]:8844
[15]:7405
[16]:4406
[17]:1966
[18]:751
[19]:390
[20]:352
[21]:511
[22]:689
[23]:514
[24]:220
[25]:90
[26]:61
[27]:56
[28]:29
[29]:41
[30]:30
[31]:27
[32]:26
[33]:27
[34]:19
[35]:16
[36]:10
[37]:12
[38]:7
[39]:2
[40]:2
[41]:2
[42]:1
[45]:1
[46]:1
[47]:1

t2_region>
[98]:850
[99]:3204
[100]:575
[101]:214
[102]:107
[103]:51
[104]:35
[105]:115
[106]:130
[107]:217
[108]:734
[109]:3088
[110]:6864
[111]:6736
[112]:4827
[113]:5380
[114]:6569
[115]:5821
[116]:3441
[117]:1695
[118]:790
[119]:640
[120]:628
[121]:625
[122]:324
[123]:199
[124]:135
[125]:140
[126]:100
[127]:83
[128]:69
[129]:36
[130]:49
[131]:41
[132]:42
[133]:32
[134]:23
[135]:16
[136]:20
[137]:12
[138]:11
[139]:7
[140]:6
[141]:5
[142]:4
[143]:4
[144]:1
[146]:1
[148]:1
[152]:1

t0_min: 1.08 us, round:18500
t0_max: 31.58 us, round:46775
t0_jitter: 30.50 us

t1_min: 2.71 us, round:50695
t1_max: 47.83 us, round:20370
t1_jitter: 45.13 us

t2_min: 98.00 us, round:420
t2_max: 152.96 us, round:20319
t2_jitter: 54.96 us

PMU diff samples: 54704
AVG DIFF LL_CACHE_RD: 134.62
AVG DIFF LL_CACHE_MISS_RD: 94.32
AVG DIFF L2D_CACHE_REFILL: 94.36
AVG DIFF L2D_CACHE_INVAL: 0.00
[cur diff] DIFF LL_CACHE_RD: 42, DIFF LL_CACHE_MISS_RD: 0, MISS_RATE: 0.00%
[cur diff] DIFF L2D_CACHE_REFILL: 0
[cur diff] DIFF L2D_CACHE_INVAL: 0
[max diff] DIFF LL_CACHE_RD: 170, DIFF LL_CACHE_MISS_RD: 134, MISS_RATE: 78.82%
[max diff] DIFF L2D_CACHE_REFILL: 135
[max diff] DIFF L2D_CACHE_INVAL: 0

===========================================================
taskpendcnt:54909
t0:4750 ns
t1:12625 ns
t2:110625 ns
benchmark: Franka-derived Cartesian-impedance kernel, input trace:8, timer period:10.000 ms
controller source: franka_ros2 jazzy@73a1501d, updates:54920, SVD sweeps:5
pose error:[0.010000 0.015000 0.010000 -0.000000 0.049979 -0.000000]
tau[0:6]:[-0.567483 -0.552304 -0.482512 -0.231067 -0.297494 -0.656094 -0.085004]
kernel exec min/avg/max: 94.79 / 98.82 / 112.88 us, samples:54912
pressure status:1, copy rounds total/window:2638/10, 4.49 rounds/s
pressure logical copy:26380.00 MiB total, approx 44.92 MiB/s, checksum:3513002229760
pressure report window:2.226216 s
t0_region>
[1]:4890
[2]:169
[3]:1281
[4]:12258
[5]:19797
[6]:10493
[7]:2837
[8]:628
[9]:353
[10]:588
[11]:753
[12]:529
[13]:190
[14]:44
[15]:22
[16]:16
[17]:15
[18]:13
[19]:5
[20]:13
[21]:2
[22]:4
[24]:5
[27]:4
[28]:1
[29]:2
[30]:1
[31]:1

t1_region>
[2]:319
[3]:4199
[4]:398
[5]:104
[6]:28
[7]:11
[8]:103
[9]:282
[10]:972
[11]:4092
[12]:8386
[13]:9404
[14]:8884
[15]:7440
[16]:4421
[17]:1975
[18]:753
[19]:391
[20]:353
[21]:511
[22]:694
[23]:516
[24]:220
[25]:90
[26]:61
[27]:56
[28]:29
[29]:41
[30]:30
[31]:27
[32]:26
[33]:27
[34]:19
[35]:16
[36]:10
[37]:12
[38]:7
[39]:2
[40]:2
[41]:2
[42]:1
[45]:1
[46]:1
[47]:1

t2_region>
[98]:852
[99]:3219
[100]:577
[101]:215
[102]:107
[103]:51
[104]:35
[105]:115
[106]:130
[107]:217
[108]:736
[109]:3099
[110]:6897
[111]:6763
[112]:4851
[113]:5402
[114]:6592
[115]:5847
[116]:3456
[117]:1701
[118]:795
[119]:641
[120]:631
[121]:628
[122]:324
[123]:199
[124]:135
[125]:141
[126]:100
[127]:83
[128]:69
[129]:36
[130]:49
[131]:41
[132]:42
[133]:32
[134]:23
[135]:16
[136]:20
[137]:12
[138]:11
[139]:7
[140]:6
[141]:5
[142]:4
[143]:4
[144]:1
[146]:1
[148]:1
[152]:1

t0_min: 1.08 us, round:18500
t0_max: 31.58 us, round:46775
t0_jitter: 30.50 us

t1_min: 2.71 us, round:50695
t1_max: 47.83 us, round:20370
t1_jitter: 45.13 us

t2_min: 98.00 us, round:420
t2_max: 152.96 us, round:20319
t2_jitter: 54.96 us

PMU diff samples: 54927
AVG DIFF LL_CACHE_RD: 134.63
AVG DIFF LL_CACHE_MISS_RD: 94.32
AVG DIFF L2D_CACHE_REFILL: 94.36
AVG DIFF L2D_CACHE_INVAL: 0.00
[cur diff] DIFF LL_CACHE_RD: 43, DIFF LL_CACHE_MISS_RD: 0, MISS_RATE: 0.00%
[cur diff] DIFF L2D_CACHE_REFILL: 0
[cur diff] DIFF L2D_CACHE_INVAL: 0
[max diff] DIFF LL_CACHE_RD: 170, DIFF LL_CACHE_MISS_RD: 134, MISS_RATE: 78.82%
[max diff] DIFF L2D_CACHE_REFILL: 135
[max diff] DIFF L2D_CACHE_INVAL: 0

===========================================================
taskpendcnt:55131
t0:6625 ns
t1:17125 ns
t2:119583 ns
benchmark: Franka-derived Cartesian-impedance kernel, input trace:8, timer period:10.000 ms
controller source: franka_ros2 jazzy@73a1501d, updates:55142, SVD sweeps:5
pose error:[0.010000 0.015000 0.010000 -0.000000 0.049979 -0.000000]
tau[0:6]:[1.376914 -0.104433 0.790225 0.843903 0.642107 -0.956178 0.423547]
kernel exec min/avg/max: 94.79 / 98.82 / 112.88 us, samples:55134
pressure status:1, copy rounds total/window:2649/11, 4.94 rounds/s
pressure logical copy:26490.00 MiB total, approx 49.42 MiB/s, checksum:3527650836480
pressure report window:2.225744 s
t0_region>
[1]:4912
[2]:169
[3]:1287
[4]:12314
[5]:19878
[6]:10524
[7]:2853
[8]:629
[9]:354
[10]:590
[11]:755
[12]:533
[13]:191
[14]:44
[15]:22
[16]:16
[17]:15
[18]:13
[19]:5
[20]:13
[21]:2
[22]:4
[24]:5
[27]:4
[28]:1
[29]:2
[30]:1
[31]:1

t1_region>
[2]:320
[3]:4216
[4]:401
[5]:104
[6]:28
[7]:11
[8]:103
[9]:282
[10]:980
[11]:4110
[12]:8420
[13]:9432
[14]:8925
[15]:7476
[16]:4437
[17]:1983
[18]:755
[19]:391
[20]:355
[21]:513
[22]:697
[23]:518
[24]:220
[25]:91
[26]:61
[27]:56
[28]:29
[29]:41
[30]:30
[31]:27
[32]:26
[33]:27
[34]:19
[35]:16
[36]:10
[37]:12
[38]:7
[39]:2
[40]:2
[41]:2
[42]:1
[45]:1
[46]:1
[47]:1

t2_region>
[98]:854
[99]:3233
[100]:581
[101]:216
[102]:107
[103]:51
[104]:36
[105]:115
[106]:130
[107]:217
[108]:741
[109]:3113
[110]:6924
[111]:6794
[112]:4866
[113]:5425
[114]:6618
[115]:5874
[116]:3469
[117]:1707
[118]:799
[119]:644
[120]:633
[121]:629
[122]:326
[123]:199
[124]:136
[125]:141
[126]:101
[127]:83
[128]:69
[129]:36
[130]:49
[131]:41
[132]:42
[133]:32
[134]:23
[135]:16
[136]:20
[137]:12
[138]:11
[139]:7
[140]:6
[141]:5
[142]:4
[143]:4
[144]:1
[146]:1
[148]:1
[152]:1

t0_min: 1.08 us, round:18500
t0_max: 31.58 us, round:46775
t0_jitter: 30.50 us

t1_min: 2.71 us, round:50695
t1_max: 47.83 us, round:20370
t1_jitter: 45.13 us

t2_min: 98.00 us, round:420
t2_max: 152.96 us, round:20319
t2_jitter: 54.96 us

PMU diff samples: 55149
AVG DIFF LL_CACHE_RD: 134.63
AVG DIFF LL_CACHE_MISS_RD: 94.32
AVG DIFF L2D_CACHE_REFILL: 94.35
AVG DIFF L2D_CACHE_INVAL: 0.00
[cur diff] DIFF LL_CACHE_RD: 39, DIFF LL_CACHE_MISS_RD: 0, MISS_RATE: 0.00%
[cur diff] DIFF L2D_CACHE_REFILL: 0
[cur diff] DIFF L2D_CACHE_INVAL: 0
[max diff] DIFF LL_CACHE_RD: 170, DIFF LL_CACHE_MISS_RD: 134, MISS_RATE: 78.82%
[max diff] DIFF L2D_CACHE_REFILL: 135
[max diff] DIFF L2D_CACHE_INVAL: 0

===========================================================
taskpendcnt:55354
t0:4791 ns
t1:12375 ns
t2:110375 ns
benchmark: Franka-derived Cartesian-impedance kernel, input trace:8, timer period:10.000 ms
controller source: franka_ros2 jazzy@73a1501d, updates:55365, SVD sweeps:5
pose error:[0.010000 0.015000 0.010000 -0.000000 0.049979 -0.000000]
tau[0:6]:[0.839771 0.130674 0.617691 0.624912 0.653099 -0.592692 0.265887]
kernel exec min/avg/max: 94.79 / 98.82 / 112.88 us, samples:55357
pressure status:1, copy rounds total/window:2659/10, 4.49 rounds/s
pressure logical copy:26590.00 MiB total, approx 44.94 MiB/s, checksum:3540967751680
pressure report window:2.225193 s
t0_region>
[1]:4933
[2]:169
[3]:1290
[4]:12356
[5]:19958
[6]:10577
[7]:2866
[8]:630
[9]:355
[10]:593
[11]:757
[12]:535
[13]:192
[14]:44
[15]:22
[16]:16
[17]:15
[18]:13
[19]:5
[20]:13
[21]:2
[22]:4
[24]:5
[27]:4
[28]:1
[29]:2
[30]:1
[31]:1

t1_region>
[2]:322
[3]:4235
[4]:402
[5]:104
[6]:28
[7]:11
[8]:103
[9]:282
[10]:983
[11]:4128
[12]:8450
[13]:9477
[14]:8954
[15]:7512
[16]:4453
[17]:1994
[18]:758
[19]:392
[20]:356
[21]:514
[22]:701
[23]:519
[24]:222
[25]:91
[26]:61
[27]:56
[28]:29
[29]:41
[30]:30
[31]:27
[32]:26
[33]:27
[34]:19
[35]:16
[36]:10
[37]:12
[38]:7
[39]:2
[40]:2
[41]:2
[42]:1
[45]:1
[46]:1
[47]:1

t2_region>
[98]:855
[99]:3250
[100]:583
[101]:217
[102]:107
[103]:51
[104]:36
[105]:115
[106]:130
[107]:217
[108]:744
[109]:3122
[110]:6956
[111]:6831
[112]:4878
[113]:5446
[114]:6640
[115]:5896
[116]:3488
[117]:1715
[118]:806
[119]:646
[120]:636
[121]:629
[122]:328
[123]:199
[124]:138
[125]:141
[126]:101
[127]:83
[128]:69
[129]:36
[130]:49
[131]:41
[132]:42
[133]:32
[134]:23
[135]:16
[136]:20
[137]:12
[138]:11
[139]:7
[140]:6
[141]:5
[142]:4
[143]:4
[144]:1
[146]:1
[148]:1
[152]:1

t0_min: 1.08 us, round:18500
t0_max: 31.58 us, round:46775
t0_jitter: 30.50 us

t1_min: 2.71 us, round:50695
t1_max: 47.83 us, round:20370
t1_jitter: 45.13 us

t2_min: 98.00 us, round:420
t2_max: 152.96 us, round:20319
t2_jitter: 54.96 us

PMU diff samples: 55372
AVG DIFF LL_CACHE_RD: 134.63
AVG DIFF LL_CACHE_MISS_RD: 94.32
AVG DIFF L2D_CACHE_REFILL: 94.35
AVG DIFF L2D_CACHE_INVAL: 0.00
[cur diff] DIFF LL_CACHE_RD: 44, DIFF LL_CACHE_MISS_RD: 0, MISS_RATE: 0.00%
[cur diff] DIFF L2D_CACHE_REFILL: 0
[cur diff] DIFF L2D_CACHE_INVAL: 0
[max diff] DIFF LL_CACHE_RD: 170, DIFF LL_CACHE_MISS_RD: 134, MISS_RATE: 78.82%
[max diff] DIFF L2D_CACHE_REFILL: 135
[max diff] DIFF L2D_CACHE_INVAL: 0

===========================================================
taskpendcnt:55576
t0:5208 ns
t1:12291 ns
t2:112625 ns
benchmark: Franka-derived Cartesian-impedance kernel, input trace:8, timer period:10.000 ms
controller source: franka_ros2 jazzy@73a1501d, updates:55588, SVD sweeps:5
pose error:[0.010000 0.015000 0.010000 -0.000000 0.049979 -0.000000]
tau[0:6]:[-0.274004 -0.324180 0.001577 -0.231466 0.050986 -0.328952 0.010844]
kernel exec min/avg/max: 94.79 / 98.82 / 112.88 us, samples:55579
pressure status:1, copy rounds total/window:2670/11, 4.94 rounds/s
pressure logical copy:26700.00 MiB total, approx 49.43 MiB/s, checksum:3555616358400
pressure report window:2.225536 s
t0_region>
[1]:4955
[2]:169
[3]:1292
[4]:12405
[5]:20047
[6]:10617
[7]:2876
[8]:633
[9]:356
[10]:594
[11]:761
[12]:536
[13]:193
[14]:44
[15]:22
[16]:16
[17]:15
[18]:13
[19]:5
[20]:13
[21]:2
[22]:4
[24]:5
[27]:4
[28]:1
[29]:2
[30]:1
[31]:1

t1_region>
[2]:325
[3]:4252
[4]:403
[5]:104
[6]:28
[7]:11
[8]:103
[9]:282
[10]:984
[11]:4139
[12]:8488
[13]:9520
[14]:8983
[15]:7544
[16]:4480
[17]:2003
[18]:759
[19]:393
[20]:357
[21]:519
[22]:702
[23]:520
[24]:222
[25]:91
[26]:61
[27]:56
[28]:30
[29]:41
[30]:30
[31]:27
[32]:26
[33]:27
[34]:19
[35]:16
[36]:10
[37]:12
[38]:7
[39]:2
[40]:2
[41]:2
[42]:1
[45]:1
[46]:1
[47]:1

t2_region>
[98]:859
[99]:3266
[100]:584
[101]:218
[102]:107
[103]:51
[104]:36
[105]:115
[106]:130
[107]:217
[108]:746
[109]:3129
[110]:6983
[111]:6865
[112]:4890
[113]:5472
[114]:6669
[115]:5920
[116]:3509
[117]:1724
[118]:807
[119]:649
[120]:638
[121]:630
[122]:329
[123]:200
[124]:138
[125]:141
[126]:101
[127]:83
[128]:69
[129]:37
[130]:49
[131]:41
[132]:42
[133]:32
[134]:23
[135]:16
[136]:20
[137]:12
[138]:11
[139]:7
[140]:6
[141]:5
[142]:4
[143]:4
[144]:1
[146]:1
[148]:1
[152]:1

t0_min: 1.08 us, round:18500
t0_max: 31.58 us, round:46775
t0_jitter: 30.50 us

t1_min: 2.71 us, round:50695
t1_max: 47.83 us, round:20370
t1_jitter: 45.13 us

t2_min: 98.00 us, round:420
t2_max: 152.96 us, round:20319
t2_jitter: 54.96 us

PMU diff samples: 55595
AVG DIFF LL_CACHE_RD: 134.63
AVG DIFF LL_CACHE_MISS_RD: 94.32
AVG DIFF L2D_CACHE_REFILL: 94.36
AVG DIFF L2D_CACHE_INVAL: 0.00
[cur diff] DIFF LL_CACHE_RD: 37, DIFF LL_CACHE_MISS_RD: 1, MISS_RATE: 2.70%
[cur diff] DIFF L2D_CACHE_REFILL: 0
[cur diff] DIFF L2D_CACHE_INVAL: 0
[max diff] DIFF LL_CACHE_RD: 170, DIFF LL_CACHE_MISS_RD: 134, MISS_RATE: 78.82%
[max diff] DIFF L2D_CACHE_REFILL: 135
[max diff] DIFF L2D_CACHE_INVAL: 0

===========================================================
taskpendcnt:55799
t0:6000 ns
t1:15041 ns
t2:115083 ns
benchmark: Franka-derived Cartesian-impedance kernel, input trace:8, timer period:10.000 ms
controller source: franka_ros2 jazzy@73a1501d, updates:55810, SVD sweeps:5
pose error:[0.010000 0.015000 0.010000 -0.000000 0.049979 -0.000000]
tau[0:6]:[-2.379368 -1.292411 -1.655224 -1.570015 -1.185234 -0.066588 -0.610247]
kernel exec min/avg/max: 94.79 / 98.82 / 112.88 us, samples:55802
pressure status:1, copy rounds total/window:2681/11, 4.94 rounds/s
pressure logical copy:26810.00 MiB total, approx 49.43 MiB/s, checksum:3570264965120
pressure report window:2.225487 s
t0_region>
[1]:4975
[2]:170
[3]:1295
[4]:12461
[5]:20132
[6]:10654
[7]:2885
[8]:635
[9]:357
[10]:596
[11]:763
[12]:539
[13]:194
[14]:44
[15]:22
[16]:16
[17]:15
[18]:13
[19]:5
[20]:13
[21]:2
[22]:4
[24]:5
[27]:4
[28]:1
[29]:2
[30]:1
[31]:1

t1_region>
[2]:328
[3]:4268
[4]:406
[5]:104
[6]:28
[7]:11
[8]:103
[9]:282
[10]:987
[11]:4157
[12]:8526
[13]:9563
[14]:9020
[15]:7574
[16]:4492
[17]:2012
[18]:760
[19]:394
[20]:357
[21]:522
[22]:705
[23]:522
[24]:222
[25]:91
[26]:62
[27]:56
[28]:30
[29]:41
[30]:30
[31]:27
[32]:26
[33]:27
[34]:19
[35]:16
[36]:10
[37]:12
[38]:7
[39]:2
[40]:2
[41]:2
[42]:1
[45]:1
[46]:1
[47]:1

t2_region>
[98]:862
[99]:3282
[100]:586
[101]:218
[102]:107
[103]:51
[104]:36
[105]:115
[106]:130
[107]:217
[108]:749
[109]:3139
[110]:7014
[111]:6892
[112]:4909
[113]:5508
[114]:6694
[115]:5942
[116]:3519
[117]:1730
[118]:809
[119]:651
[120]:640
[121]:633
[122]:330
[123]:200
[124]:138
[125]:142
[126]:102
[127]:83
[128]:69
[129]:37
[130]:49
[131]:41
[132]:42
[133]:32
[134]:23
[135]:16
[136]:20
[137]:12
[138]:11
[139]:7
[140]:6
[141]:5
[142]:4
[143]:4
[144]:1
[146]:1
[148]:1
[152]:1

t0_min: 1.08 us, round:18500
t0_max: 31.58 us, round:46775
t0_jitter: 30.50 us

t1_min: 2.71 us, round:50695
t1_max: 47.83 us, round:20370
t1_jitter: 45.13 us

t2_min: 98.00 us, round:420
t2_max: 152.96 us, round:20319
t2_jitter: 54.96 us

PMU diff samples: 55817
AVG DIFF LL_CACHE_RD: 134.63
AVG DIFF LL_CACHE_MISS_RD: 94.32
AVG DIFF L2D_CACHE_REFILL: 94.35
AVG DIFF L2D_CACHE_INVAL: 0.00
[cur diff] DIFF LL_CACHE_RD: 41, DIFF LL_CACHE_MISS_RD: 0, MISS_RATE: 0.00%
[cur diff] DIFF L2D_CACHE_REFILL: 0
[cur diff] DIFF L2D_CACHE_INVAL: 0
[max diff] DIFF LL_CACHE_RD: 170, DIFF LL_CACHE_MISS_RD: 134, MISS_RATE: 78.82%
[max diff] DIFF L2D_CACHE_REFILL: 135
[max diff] DIFF L2D_CACHE_INVAL: 0

===========================================================
taskpendcnt:56021
t0:5041 ns
t1:10583 ns
t2:111500 ns
benchmark: Franka-derived Cartesian-impedance kernel, input trace:8, timer period:10.000 ms
controller source: franka_ros2 jazzy@73a1501d, updates:56033, SVD sweeps:5
pose error:[0.010000 0.015000 0.010000 -0.000000 0.049979 -0.000000]
tau[0:6]:[-2.781770 -1.613002 -1.930139 -1.581803 -1.382951 -0.390599 -0.663394]
kernel exec min/avg/max: 94.79 / 98.82 / 112.88 us, samples:56025
pressure status:1, copy rounds total/window:2691/10, 4.49 rounds/s
pressure logical copy:26910.00 MiB total, approx 44.92 MiB/s, checksum:3583581880320
pressure report window:2.226290 s
t0_region>
[1]:4996
[2]:171
[3]:1301
[4]:12507
[5]:20210
[6]:10701
[7]:2896
[8]:639
[9]:359
[10]:596
[11]:768
[12]:539
[13]:195
[14]:44
[15]:22
[16]:16
[17]:16
[18]:13
[19]:5
[20]:13
[21]:2
[22]:4
[24]:5
[27]:4
[28]:1
[29]:2
[30]:1
[31]:1

t1_region>
[2]:329
[3]:4286
[4]:407
[5]:105
[6]:28
[7]:11
[8]:103
[9]:282
[10]:990
[11]:4169
[12]:8567
[13]:9604
[14]:9049
[15]:7599
[16]:4512
[17]:2027
[18]:764
[19]:397
[20]:360
[21]:523
[22]:706
[23]:523
[24]:223
[25]:91
[26]:62
[27]:56
[28]:30
[29]:41
[30]:30
[31]:27
[32]:26
[33]:27
[34]:20
[35]:16
[36]:10
[37]:12
[38]:7
[39]:2
[40]:2
[41]:2
[42]:1
[45]:1
[46]:1
[47]:1

t2_region>
[98]:867
[99]:3296
[100]:588
[101]:218
[102]:107
[103]:52
[104]:36
[105]:115
[106]:130
[107]:217
[108]:749
[109]:3146
[110]:7045
[111]:6927
[112]:4929
[113]:5534
[114]:6710
[115]:5963
[116]:3538
[117]:1742
[118]:813
[119]:653
[120]:644
[121]:634
[122]:330
[123]:201
[124]:139
[125]:142
[126]:102
[127]:83
[128]:69
[129]:37
[130]:49
[131]:41
[132]:42
[133]:32
[134]:24
[135]:16
[136]:20
[137]:12
[138]:11
[139]:7
[140]:6
[141]:5
[142]:4
[143]:4
[144]:1
[146]:1
[148]:1
[152]:1

t0_min: 1.08 us, round:18500
t0_max: 31.58 us, round:46775
t0_jitter: 30.50 us

t1_min: 2.71 us, round:50695
t1_max: 47.83 us, round:20370
t1_jitter: 45.13 us

t2_min: 98.00 us, round:420
t2_max: 152.96 us, round:20319
t2_jitter: 54.96 us

PMU diff samples: 56040
AVG DIFF LL_CACHE_RD: 134.63
AVG DIFF LL_CACHE_MISS_RD: 94.32
AVG DIFF L2D_CACHE_REFILL: 94.35
AVG DIFF L2D_CACHE_INVAL: 0.00
[cur diff] DIFF LL_CACHE_RD: 46, DIFF LL_CACHE_MISS_RD: 0, MISS_RATE: 0.00%
[cur diff] DIFF L2D_CACHE_REFILL: 0
[cur diff] DIFF L2D_CACHE_INVAL: 0
[max diff] DIFF LL_CACHE_RD: 170, DIFF LL_CACHE_MISS_RD: 134, MISS_RATE: 78.82%
[max diff] DIFF L2D_CACHE_REFILL: 135
[max diff] DIFF L2D_CACHE_INVAL: 0

===========================================================
taskpendcnt:56244
t0:6625 ns
t1:15666 ns
t2:113666 ns
benchmark: Franka-derived Cartesian-impedance kernel, input trace:8, timer period:10.000 ms
controller source: franka_ros2 jazzy@73a1501d, updates:56255, SVD sweeps:5
pose error:[0.010000 0.015000 0.010000 -0.000000 0.049979 -0.000000]
tau[0:6]:[-0.567483 -0.552304 -0.482512 -0.231067 -0.297494 -0.656094 -0.085004]
kernel exec min/avg/max: 94.79 / 98.82 / 112.88 us, samples:56247
pressure status:1, copy rounds total/window:2702/11, 4.94 rounds/s
pressure logical copy:27020.00 MiB total, approx 49.41 MiB/s, checksum:3598230487040
pressure report window:2.226320 s
t0_region>
[1]:5018
[2]:171
[3]:1305
[4]:12553
[5]:20294
[6]:10743
[7]:2909
[8]:640
[9]:361
[10]:600
[11]:771
[12]:541
[13]:195
[14]:44
[15]:22
[16]:16
[17]:16
[18]:13
[19]:5
[20]:13
[21]:2
[22]:4
[24]:5
[27]:4
[28]:1
[29]:2
[30]:1
[31]:1

t1_region>
[2]:331
[3]:4304
[4]:409
[5]:105
[6]:28
[7]:11
[8]:103
[9]:282
[10]:993
[11]:4184
[12]:8602
[13]:9649
[14]:9080
[15]:7631
[16]:4531
[17]:2034
[18]:766
[19]:399
[20]:362
[21]:525
[22]:708
[23]:526
[24]:223
[25]:91
[26]:62
[27]:56
[28]:30
[29]:41
[30]:30
[31]:28
[32]:26
[33]:27
[34]:20
[35]:16
[36]:10
[37]:12
[38]:7
[39]:2
[40]:2
[41]:2
[42]:1
[45]:1
[46]:1
[47]:1

t2_region>
[98]:871
[99]:3311
[100]:589
[101]:219
[102]:108
[103]:52
[104]:36
[105]:115
[106]:130
[107]:217
[108]:751
[109]:3157
[110]:7077
[111]:6954
[112]:4943
[113]:5561
[114]:6741
[115]:5985
[116]:3552
[117]:1749
[118]:818
[119]:656
[120]:646
[121]:635
[122]:331
[123]:201
[124]:139
[125]:143
[126]:102
[127]:83
[128]:69
[129]:37
[130]:49
[131]:42
[132]:42
[133]:32
[134]:24
[135]:16
[136]:20
[137]:12
[138]:11
[139]:7
[140]:6
[141]:5
[142]:4
[143]:4
[144]:1
[146]:1
[148]:1
[152]:1

t0_min: 1.08 us, round:18500
t0_max: 31.58 us, round:46775
t0_jitter: 30.50 us

t1_min: 2.71 us, round:50695
t1_max: 47.83 us, round:20370
t1_jitter: 45.13 us

t2_min: 98.00 us, round:420
t2_max: 152.96 us, round:20319
t2_jitter: 54.96 us

PMU diff samples: 56262
AVG DIFF LL_CACHE_RD: 134.62
AVG DIFF LL_CACHE_MISS_RD: 94.32
AVG DIFF L2D_CACHE_REFILL: 94.35
AVG DIFF L2D_CACHE_INVAL: 0.00
[cur diff] DIFF LL_CACHE_RD: 26, DIFF LL_CACHE_MISS_RD: 0, MISS_RATE: 0.00%
[cur diff] DIFF L2D_CACHE_REFILL: 0
[cur diff] DIFF L2D_CACHE_INVAL: 0
[max diff] DIFF LL_CACHE_RD: 170, DIFF LL_CACHE_MISS_RD: 134, MISS_RATE: 78.82%
[max diff] DIFF L2D_CACHE_REFILL: 135
[max diff] DIFF L2D_CACHE_INVAL: 0

===========================================================
taskpendcnt:56467
t0:5666 ns
t1:15000 ns
t2:114458 ns
benchmark: Franka-derived Cartesian-impedance kernel, input trace:8, timer period:10.000 ms
controller source: franka_ros2 jazzy@73a1501d, updates:56478, SVD sweeps:5
pose error:[0.010000 0.015000 0.010000 -0.000000 0.049979 -0.000000]
tau[0:6]:[1.228026 0.081850 0.819520 0.875435 0.745706 -0.833381 0.398995]
kernel exec min/avg/max: 94.79 / 98.82 / 112.88 us, samples:56470
pressure status:1, copy rounds total/window:2713/11, 4.94 rounds/s
pressure logical copy:27130.00 MiB total, approx 49.42 MiB/s, checksum:3612879093760
pressure report window:2.225670 s
t0_region>
[1]:5037
[2]:173
[3]:1306
[4]:12613
[5]:20378
[6]:10778
[7]:2921
[8]:641
[9]:361
[10]:602
[11]:773
[12]:542
[13]:198
[14]:44
[15]:22
[16]:16
[17]:16
[18]:13
[19]:5
[20]:13
[21]:2
[22]:4
[24]:5
[27]:4
[28]:1
[29]:2
[30]:1
[31]:1

t1_region>
[2]:332
[3]:4323
[4]:409
[5]:106
[6]:28
[7]:11
[8]:104
[9]:283
[10]:995
[11]:4196
[12]:8638
[13]:9699
[14]:9118
[15]:7659
[16]:4548
[17]:2041
[18]:768
[19]:399
[20]:362
[21]:526
[22]:711
[23]:529
[24]:224
[25]:91
[26]:62
[27]:56
[28]:30
[29]:41
[30]:30
[31]:28
[32]:26
[33]:27
[34]:20
[35]:16
[36]:10
[37]:12
[38]:7
[39]:2
[40]:2
[41]:2
[42]:1
[45]:1
[46]:1
[47]:1

t2_region>
[98]:873
[99]:3326
[100]:591
[101]:220
[102]:108
[103]:52
[104]:36
[105]:115
[106]:131
[107]:218
[108]:752
[109]:3166
[110]:7104
[111]:6989
[112]:4963
[113]:5584
[114]:6777
[115]:6003
[116]:3565
[117]:1759
[118]:818
[119]:657
[120]:647
[121]:638
[122]:332
[123]:201
[124]:139
[125]:143
[126]:104
[127]:83
[128]:69
[129]:37
[130]:49
[131]:42
[132]:42
[133]:32
[134]:24
[135]:16
[136]:20
[137]:12
[138]:11
[139]:7
[140]:6
[141]:5
[142]:4
[143]:4
[144]:1
[146]:1
[148]:1
[152]:1

t0_min: 1.08 us, round:18500
t0_max: 31.58 us, round:46775
t0_jitter: 30.50 us

t1_min: 2.71 us, round:50695
t1_max: 47.83 us, round:20370
t1_jitter: 45.13 us

t2_min: 98.00 us, round:420
t2_max: 152.96 us, round:20319
t2_jitter: 54.96 us

PMU diff samples: 56485
AVG DIFF LL_CACHE_RD: 134.62
AVG DIFF LL_CACHE_MISS_RD: 94.31
AVG DIFF L2D_CACHE_REFILL: 94.34
AVG DIFF L2D_CACHE_INVAL: 0.00
[cur diff] DIFF LL_CACHE_RD: 45, DIFF LL_CACHE_MISS_RD: 0, MISS_RATE: 0.00%
[cur diff] DIFF L2D_CACHE_REFILL: 0
[cur diff] DIFF L2D_CACHE_INVAL: 0
[max diff] DIFF LL_CACHE_RD: 170, DIFF LL_CACHE_MISS_RD: 134, MISS_RATE: 78.82%
[max diff] DIFF L2D_CACHE_REFILL: 135
[max diff] DIFF L2D_CACHE_INVAL: 0

===========================================================
taskpendcnt:56689
t0:4333 ns
t1:10750 ns
t2:109416 ns
benchmark: Franka-derived Cartesian-impedance kernel, input trace:8, timer period:10.000 ms
controller source: franka_ros2 jazzy@73a1501d, updates:56700, SVD sweeps:5
pose error:[0.010000 0.015000 0.010000 -0.000000 0.049979 -0.000000]
tau[0:6]:[0.839771 0.130674 0.617691 0.624912 0.653099 -0.592692 0.265887]
kernel exec min/avg/max: 94.79 / 98.82 / 112.88 us, samples:56692
pressure status:1, copy rounds total/window:2723/10, 4.49 rounds/s
pressure logical copy:27230.00 MiB total, approx 44.94 MiB/s, checksum:3626196008960
pressure report window:2.225306 s
t0_region>
[1]:5058
[2]:174
[3]:1313
[4]:12659
[5]:20468
[6]:10817
[7]:2930
[8]:642
[9]:361
[10]:604
[11]:778
[12]:544
[13]:198
[14]:44
[15]:22
[16]:16
[17]:16
[18]:13
[19]:5
[20]:13
[21]:2
[22]:4
[24]:5
[27]:4
[28]:1
[29]:2
[30]:1
[31]:1

t1_region>
[2]:333
[3]:4341
[4]:411
[5]:106
[6]:28
[7]:11
[8]:104
[9]:284
[10]:999
[11]:4213
[12]:8676
[13]:9743
[14]:9162
[15]:7679
[16]:4565
[17]:2047
[18]:768
[19]:399
[20]:364
[21]:528
[22]:713
[23]:531
[24]:225
[25]:91
[26]:63
[27]:56
[28]:30
[29]:41
[30]:30
[31]:28
[32]:26
[33]:27
[34]:20
[35]:16
[36]:10
[37]:12
[38]:7
[39]:2
[40]:2
[41]:2
[42]:1
[45]:1
[46]:1
[47]:1

t2_region>
[98]:875
[99]:3342
[100]:594
[101]:221
[102]:108
[103]:52
[104]:36
[105]:115
[106]:131
[107]:218
[108]:756
[109]:3185
[110]:7127
[111]:7016
[112]:4990
[113]:5610
[114]:6806
[115]:6021
[116]:3575
[117]:1765
[118]:821
[119]:659
[120]:648
[121]:640
[122]:333
[123]:201
[124]:141
[125]:144
[126]:104
[127]:83
[128]:69
[129]:37
[130]:49
[131]:42
[132]:42
[133]:32
[134]:24
[135]:16
[136]:20
[137]:12
[138]:11
[139]:7
[140]:6
[141]:5
[142]:4
[143]:4
[144]:1
[146]:1
[148]:1
[152]:1

t0_min: 1.08 us, round:18500
t0_max: 31.58 us, round:46775
t0_jitter: 30.50 us

t1_min: 2.71 us, round:50695
t1_max: 47.83 us, round:20370
t1_jitter: 45.13 us

t2_min: 98.00 us, round:420
t2_max: 152.96 us, round:20319
t2_jitter: 54.96 us

PMU diff samples: 56707
AVG DIFF LL_CACHE_RD: 134.62
AVG DIFF LL_CACHE_MISS_RD: 94.31
AVG DIFF L2D_CACHE_REFILL: 94.34
AVG DIFF L2D_CACHE_INVAL: 0.00
[cur diff] DIFF LL_CACHE_RD: 55, DIFF LL_CACHE_MISS_RD: 7, MISS_RATE: 12.73%
[cur diff] DIFF L2D_CACHE_REFILL: 7
[cur diff] DIFF L2D_CACHE_INVAL: 0
[max diff] DIFF LL_CACHE_RD: 170, DIFF LL_CACHE_MISS_RD: 134, MISS_RATE: 78.82%
[max diff] DIFF L2D_CACHE_REFILL: 135
[max diff] DIFF L2D_CACHE_INVAL: 0

===========================================================
taskpendcnt:56912
t0:5125 ns
t1:15041 ns
t2:115666 ns
benchmark: Franka-derived Cartesian-impedance kernel, input trace:8, timer period:10.000 ms
controller source: franka_ros2 jazzy@73a1501d, updates:56923, SVD sweeps:5
pose error:[0.010000 0.015000 0.010000 -0.000000 0.049979 -0.000000]
tau[0:6]:[-1.839419 -0.921560 -1.193198 -1.195971 -0.861243 0.113634 -0.461388]
kernel exec min/avg/max: 94.79 / 98.82 / 112.88 us, samples:56915
pressure status:1, copy rounds total/window:2734/11, 4.94 rounds/s
pressure logical copy:27340.00 MiB total, approx 49.41 MiB/s, checksum:3640844615680
pressure report window:2.226211 s
t0_region>
[1]:5078
[2]:174
[3]:1321
[4]:12696
[5]:20518
[6]:10860
[7]:2944
[8]:653
[9]:374
[10]:607
[11]:786
[12]:548
[13]:202
[14]:47
[15]:23
[16]:18
[17]:16
[18]:13
[19]:5
[20]:13
[21]:3
[22]:4
[24]:5
[27]:4
[28]:1
[29]:2
[30]:1
[31]:1

t1_region>
[2]:333
[3]:4360
[4]:413
[5]:106
[6]:29
[7]:11
[8]:104
[9]:290
[10]:1010
[11]:4227
[12]:8695
[13]:9755
[14]:9179
[15]:7703
[16]:4582
[17]:2067
[18]:771
[19]:406
[20]:373
[21]:534
[22]:719
[23]:534
[24]:233
[25]:93
[26]:66
[27]:57
[28]:30
[29]:44
[30]:31
[31]:32
[32]:28
[33]:28
[34]:20
[35]:17
[36]:10
[37]:12
[38]:8
[39]:2
[40]:2
[41]:2
[42]:1
[45]:1
[46]:1
[47]:1

t2_region>
[98]:875
[99]:3353
[100]:600
[101]:223
[102]:109
[103]:52
[104]:37
[105]:115
[106]:132
[107]:223
[108]:763
[109]:3197
[110]:7138
[111]:7028
[112]:4999
[113]:5627
[114]:6824
[115]:6032
[116]:3586
[117]:1772
[118]:833
[119]:664
[120]:654
[121]:648
[122]:336
[123]:206
[124]:151
[125]:149
[126]:109
[127]:85
[128]:73
[129]:38
[130]:51
[131]:46
[132]:42
[133]:34
[134]:26
[135]:19
[136]:20
[137]:13
[138]:11
[139]:7
[140]:6
[141]:5
[142]:4
[143]:4
[144]:1
[146]:1
[148]:1
[152]:1

t0_min: 1.08 us, round:18500
t0_max: 31.58 us, round:46775
t0_jitter: 30.50 us

t1_min: 2.71 us, round:50695
t1_max: 47.83 us, round:20370
t1_jitter: 45.13 us

t2_min: 98.00 us, round:420
t2_max: 152.96 us, round:20319
t2_jitter: 54.96 us

PMU diff samples: 56930
AVG DIFF LL_CACHE_RD: 134.62
AVG DIFF LL_CACHE_MISS_RD: 94.30
AVG DIFF L2D_CACHE_REFILL: 94.33
AVG DIFF L2D_CACHE_INVAL: 0.00
[cur diff] DIFF LL_CACHE_RD: 45, DIFF LL_CACHE_MISS_RD: 0, MISS_RATE: 0.00%
[cur diff] DIFF L2D_CACHE_REFILL: 0
[cur diff] DIFF L2D_CACHE_INVAL: 0
[max diff] DIFF LL_CACHE_RD: 170, DIFF LL_CACHE_MISS_RD: 134, MISS_RATE: 78.82%
[max diff] DIFF L2D_CACHE_REFILL: 135
[max diff] DIFF L2D_CACHE_INVAL: 0

===========================================================
taskpendcnt:57134
t0:4166 ns
t1:11750 ns
t2:110916 ns
benchmark: Franka-derived Cartesian-impedance kernel, input trace:8, timer period:10.000 ms
controller source: franka_ros2 jazzy@73a1501d, updates:57146, SVD sweeps:5
pose error:[0.010000 0.015000 0.010000 -0.000000 0.049979 -0.000000]
tau[0:6]:[-2.379368 -1.292411 -1.655224 -1.570015 -1.185234 -0.066588 -0.610247]
kernel exec min/avg/max: 94.79 / 98.82 / 112.88 us, samples:57138
pressure status:1, copy rounds total/window:2744/10, 4.49 rounds/s
pressure logical copy:27440.00 MiB total, approx 44.92 MiB/s, checksum:3654161530880
pressure report window:2.226395 s
t0_region>
[1]:5099
[2]:175
[3]:1327
[4]:12746
[5]:20608
[6]:10893
[7]:2955
[8]:654
[9]:375
[10]:609
[11]:790
[12]:551
[13]:202
[14]:47
[15]:23
[16]:18
[17]:16
[18]:13
[19]:5
[20]:13
[21]:3
[22]:4
[24]:5
[27]:4
[28]:1
[29]:2
[30]:1
[31]:1

t1_region>
[2]:333
[3]:4379
[4]:414
[5]:107
[6]:29
[7]:11
[8]:104
[9]:290
[10]:1012
[11]:4246
[12]:8729
[13]:9803
[14]:9215
[15]:7729
[16]:4596
[17]:2075
[18]:775
[19]:407
[20]:373
[21]:538
[22]:721
[23]:537
[24]:233
[25]:93
[26]:66
[27]:57
[28]:30
[29]:44
[30]:31
[31]:32
[32]:28
[33]:28
[34]:20
[35]:17
[36]:10
[37]:12
[38]:8
[39]:2
[40]:2
[41]:2
[42]:1
[45]:1
[46]:1
[47]:1

t2_region>
[98]:877
[99]:3367
[100]:603
[101]:225
[102]:109
[103]:52
[104]:38
[105]:115
[106]:132
[107]:223
[108]:765
[109]:3206
[110]:7168
[111]:7058
[112]:5023
[113]:5652
[114]:6852
[115]:6050
[116]:3602
[117]:1778
[118]:835
[119]:668
[120]:657
[121]:651
[122]:337
[123]:206
[124]:151
[125]:149
[126]:109
[127]:85
[128]:73
[129]:38
[130]:51
[131]:46
[132]:42
[133]:34
[134]:26
[135]:19
[136]:20
[137]:13
[138]:11
[139]:7
[140]:6
[141]:5
[142]:4
[143]:4
[144]:1
[146]:1
[148]:1
[152]:1

t0_min: 1.08 us, round:18500
t0_max: 31.58 us, round:46775
t0_jitter: 30.50 us

t1_min: 2.71 us, round:50695
t1_max: 47.83 us, round:20370
t1_jitter: 45.13 us

t2_min: 98.00 us, round:420
t2_max: 152.96 us, round:20319
t2_jitter: 54.96 us

PMU diff samples: 57153
AVG DIFF LL_CACHE_RD: 134.61
AVG DIFF LL_CACHE_MISS_RD: 94.29
AVG DIFF L2D_CACHE_REFILL: 94.33
AVG DIFF L2D_CACHE_INVAL: 0.00
[cur diff] DIFF LL_CACHE_RD: 55, DIFF LL_CACHE_MISS_RD: 0, MISS_RATE: 0.00%
[cur diff] DIFF L2D_CACHE_REFILL: 1
[cur diff] DIFF L2D_CACHE_INVAL: 0
[max diff] DIFF LL_CACHE_RD: 170, DIFF LL_CACHE_MISS_RD: 134, MISS_RATE: 78.82%
[max diff] DIFF L2D_CACHE_REFILL: 135
[max diff] DIFF L2D_CACHE_INVAL: 0

===========================================================
taskpendcnt:57357
t0:5166 ns
t1:12166 ns
t2:110750 ns
benchmark: Franka-derived Cartesian-impedance kernel, input trace:8, timer period:10.000 ms
controller source: franka_ros2 jazzy@73a1501d, updates:57368, SVD sweeps:5
pose error:[0.010000 0.015000 0.010000 -0.000000 0.049979 -0.000000]
tau[0:6]:[-2.781770 -1.613002 -1.930139 -1.581803 -1.382951 -0.390599 -0.663394]
kernel exec min/avg/max: 94.79 / 98.82 / 112.88 us, samples:57360
pressure status:1, copy rounds total/window:2755/11, 4.94 rounds/s
pressure logical copy:27550.00 MiB total, approx 49.41 MiB/s, checksum:3668810137600
pressure report window:2.226249 s
t0_region>
[1]:5120
[2]:176
[3]:1331
[4]:12786
[5]:20691
[6]:10938
[7]:2972
[8]:656
[9]:378
[10]:611
[11]:793
[12]:553
[13]:202
[14]:47
[15]:23
[16]:18
[17]:16
[18]:13
[19]:5
[20]:13
[21]:3
[22]:4
[24]:5
[27]:4
[28]:1
[29]:2
[30]:1
[31]:1

t1_region>
[2]:337
[3]:4395
[4]:415
[5]:108
[6]:29
[7]:11
[8]:104
[9]:290
[10]:1013
[11]:4270
[12]:8764
[13]:9833
[14]:9251
[15]:7759
[16]:4619
[17]:2082
[18]:781
[19]:407
[20]:375
[21]:541
[22]:723
[23]:539
[24]:233
[25]:93
[26]:66
[27]:57
[28]:30
[29]:44
[30]:31
[31]:32
[32]:28
[33]:28
[34]:20
[35]:17
[36]:10
[37]:12
[38]:8
[39]:2
[40]:2
[41]:2
[42]:1
[45]:1
[46]:1
[47]:1

t2_region>
[98]:878
[99]:3384
[100]:605
[101]:226
[102]:110
[103]:52
[104]:38
[105]:115
[106]:132
[107]:223
[108]:767
[109]:3222
[110]:7197
[111]:7084
[112]:5042
[113]:5673
[114]:6875
[115]:6073
[116]:3620
[117]:1788
[118]:841
[119]:671
[120]:660
[121]:653
[122]:337
[123]:206
[124]:151
[125]:149
[126]:109
[127]:85
[128]:73
[129]:38
[130]:51
[131]:46
[132]:42
[133]:34
[134]:26
[135]:19
[136]:20
[137]:13
[138]:11
[139]:7
[140]:6
[141]:5
[142]:4
[143]:4
[144]:1
[146]:1
[148]:1
[152]:1

t0_min: 1.08 us, round:18500
t0_max: 31.58 us, round:46775
t0_jitter: 30.50 us

t1_min: 2.71 us, round:50695
t1_max: 47.83 us, round:20370
t1_jitter: 45.13 us

t2_min: 98.00 us, round:420
t2_max: 152.96 us, round:20319
t2_jitter: 54.96 us

PMU diff samples: 57375
AVG DIFF LL_CACHE_RD: 134.61
AVG DIFF LL_CACHE_MISS_RD: 94.29
AVG DIFF L2D_CACHE_REFILL: 94.33
AVG DIFF L2D_CACHE_INVAL: 0.00
[cur diff] DIFF LL_CACHE_RD: 29, DIFF LL_CACHE_MISS_RD: 0, MISS_RATE: 0.00%
[cur diff] DIFF L2D_CACHE_REFILL: 0
[cur diff] DIFF L2D_CACHE_INVAL: 0
[max diff] DIFF LL_CACHE_RD: 170, DIFF LL_CACHE_MISS_RD: 134, MISS_RATE: 78.82%
[max diff] DIFF L2D_CACHE_REFILL: 135
[max diff] DIFF L2D_CACHE_INVAL: 0

===========================================================
taskpendcnt:57580
t0:6250 ns
t1:15875 ns
t2:115041 ns
benchmark: Franka-derived Cartesian-impedance kernel, input trace:8, timer period:10.000 ms
controller source: franka_ros2 jazzy@73a1501d, updates:57591, SVD sweeps:5
pose error:[0.010000 0.015000 0.010000 -0.000000 0.049979 -0.000000]
tau[0:6]:[1.376914 -0.104433 0.790225 0.843903 0.642107 -0.956178 0.423547]
kernel exec min/avg/max: 94.79 / 98.82 / 112.88 us, samples:57583
pressure status:1, copy rounds total/window:2766/11, 4.94 rounds/s
pressure logical copy:27660.00 MiB total, approx 49.42 MiB/s, checksum:3683458744320
pressure report window:2.225776 s
t0_region>
[1]:5139
[2]:177
[3]:1332
[4]:12845
[5]:20767
[6]:10984
[7]:2981
[8]:660
[9]:378
[10]:612
[11]:798
[12]:554
[13]:202
[14]:47
[15]:23
[16]:18
[17]:16
[18]:13
[19]:5
[20]:13
[21]:3
[22]:4
[24]:5
[27]:4
[28]:1
[29]:2
[30]:1
[31]:1

t1_region>
[2]:338
[3]:4413
[4]:417
[5]:108
[6]:29
[7]:11
[8]:104
[9]:290
[10]:1018
[11]:4283
[12]:8806
[13]:9877
[14]:9284
[15]:7789
[16]:4639
[17]:2087
[18]:781
[19]:410
[20]:376
[21]:542
[22]:725
[23]:541
[24]:234
[25]:93
[26]:66
[27]:57
[28]:30
[29]:44
[30]:31
[31]:32
[32]:28
[33]:28
[34]:20
[35]:17
[36]:10
[37]:12
[38]:8
[39]:2
[40]:2
[41]:2
[42]:1
[45]:1
[46]:1
[47]:1

t2_region>
[98]:883
[99]:3396
[100]:606
[101]:227
[102]:111
[103]:52
[104]:38
[105]:115
[106]:132
[107]:223
[108]:767
[109]:3236
[110]:7229
[111]:7114
[112]:5062
[113]:5700
[114]:6898
[115]:6103
[116]:3634
[117]:1791
[118]:842
[119]:673
[120]:662
[121]:655
[122]:338
[123]:207
[124]:151
[125]:149
[126]:109
[127]:85
[128]:73
[129]:38
[130]:51
[131]:46
[132]:42
[133]:34
[134]:26
[135]:19
[136]:20
[137]:13
[138]:11
[139]:7
[140]:6
[141]:5
[142]:4
[143]:4
[144]:1
[146]:1
[148]:1
[152]:1

t0_min: 1.08 us, round:18500
t0_max: 31.58 us, round:46775
t0_jitter: 30.50 us

t1_min: 2.71 us, round:50695
t1_max: 47.83 us, round:20370
t1_jitter: 45.13 us

t2_min: 98.00 us, round:420
t2_max: 152.96 us, round:20319
t2_jitter: 54.96 us

PMU diff samples: 57598
AVG DIFF LL_CACHE_RD: 134.61
AVG DIFF LL_CACHE_MISS_RD: 94.29
AVG DIFF L2D_CACHE_REFILL: 94.32
AVG DIFF L2D_CACHE_INVAL: 0.00
[cur diff] DIFF LL_CACHE_RD: 48, DIFF LL_CACHE_MISS_RD: 0, MISS_RATE: 0.00%
[cur diff] DIFF L2D_CACHE_REFILL: 1
[cur diff] DIFF L2D_CACHE_INVAL: 0
[max diff] DIFF LL_CACHE_RD: 170, DIFF LL_CACHE_MISS_RD: 134, MISS_RATE: 78.82%
[max diff] DIFF L2D_CACHE_REFILL: 135
[max diff] DIFF L2D_CACHE_INVAL: 0

===========================================================
taskpendcnt:57802
t0:5500 ns
t1:13083 ns
t2:110875 ns
benchmark: Franka-derived Cartesian-impedance kernel, input trace:8, timer period:10.000 ms
controller source: franka_ros2 jazzy@73a1501d, updates:57813, SVD sweeps:5
pose error:[0.010000 0.015000 0.010000 -0.000000 0.049979 -0.000000]
tau[0:6]:[1.228026 0.081850 0.819520 0.875435 0.745706 -0.833381 0.398995]
kernel exec min/avg/max: 94.79 / 98.82 / 112.88 us, samples:57805
pressure status:1, copy rounds total/window:2776/10, 4.49 rounds/s
pressure logical copy:27760.00 MiB total, approx 44.94 MiB/s, checksum:3696775659520
pressure report window:2.225182 s
t0_region>
[1]:5161
[2]:177
[3]:1335
[4]:12900
[5]:20844
[6]:11032
[7]:2989
[8]:661
[9]:378
[10]:614
[11]:802
[12]:557
[13]:202
[14]:47
[15]:23
[16]:18
[17]:16
[18]:13
[19]:5
[20]:13
[21]:3
[22]:4
[24]:5
[27]:4
[28]:1
[29]:2
[30]:1
[31]:1

t1_region>
[2]:341
[3]:4429
[4]:418
[5]:109
[6]:29
[7]:11
[8]:104
[9]:290
[10]:1019
[11]:4300
[12]:8842
[13]:9907
[14]:9332
[15]:7816
[16]:4662
[17]:2093
[18]:785
[19]:410
[20]:377
[21]:545
[22]:727
[23]:542
[24]:235
[25]:94
[26]:66
[27]:57
[28]:30
[29]:44
[30]:31
[31]:32
[32]:28
[33]:28
[34]:20
[35]:17
[36]:10
[37]:12
[38]:8
[39]:2
[40]:2
[41]:2
[42]:1
[45]:1
[46]:1
[47]:1

t2_region>
[98]:890
[99]:3408
[100]:608
[101]:228
[102]:111
[103]:52
[104]:38
[105]:115
[106]:132
[107]:223
[108]:769
[109]:3248
[110]:7253
[111]:7141
[112]:5087
[113]:5721
[114]:6933
[115]:6124
[116]:3647
[117]:1798
[118]:847
[119]:676
[120]:663
[121]:657
[122]:340
[123]:207
[124]:151
[125]:149
[126]:109
[127]:85
[128]:74
[129]:38
[130]:51
[131]:46
[132]:42
[133]:34
[134]:26
[135]:19
[136]:20
[137]:13
[138]:11
[139]:7
[140]:6
[141]:5
[142]:4
[143]:4
[144]:1
[146]:1
[148]:1
[152]:1

t0_min: 1.08 us, round:18500
t0_max: 31.58 us, round:46775
t0_jitter: 30.50 us

t1_min: 2.71 us, round:50695
t1_max: 47.83 us, round:20370
t1_jitter: 45.13 us

t2_min: 98.00 us, round:420
t2_max: 152.96 us, round:20319
t2_jitter: 54.96 us

PMU diff samples: 57820
AVG DIFF LL_CACHE_RD: 134.61
AVG DIFF LL_CACHE_MISS_RD: 94.29
AVG DIFF L2D_CACHE_REFILL: 94.32
AVG DIFF L2D_CACHE_INVAL: 0.00
[cur diff] DIFF LL_CACHE_RD: 32, DIFF LL_CACHE_MISS_RD: 0, MISS_RATE: 0.00%
[cur diff] DIFF L2D_CACHE_REFILL: 0
[cur diff] DIFF L2D_CACHE_INVAL: 0
[max diff] DIFF LL_CACHE_RD: 170, DIFF LL_CACHE_MISS_RD: 134, MISS_RATE: 78.82%
[max diff] DIFF L2D_CACHE_REFILL: 135
[max diff] DIFF L2D_CACHE_INVAL: 0

===========================================================
taskpendcnt:58025
t0:4833 ns
t1:11250 ns
t2:108666 ns
benchmark: Franka-derived Cartesian-impedance kernel, input trace:8, timer period:10.000 ms
controller source: franka_ros2 jazzy@73a1501d, updates:58036, SVD sweeps:5
pose error:[0.010000 0.015000 0.010000 -0.000000 0.049979 -0.000000]
tau[0:6]:[-0.274004 -0.324180 0.001577 -0.231466 0.050986 -0.328952 0.010844]
kernel exec min/avg/max: 94.79 / 98.82 / 112.88 us, samples:58028
pressure status:1, copy rounds total/window:2787/11, 4.94 rounds/s
pressure logical copy:27870.00 MiB total, approx 49.43 MiB/s, checksum:3711424266240
pressure report window:2.225480 s
t0_region>
[1]:5182
[2]:177
[3]:1337
[4]:12954
[5]:20913
[6]:11082
[7]:3005
[8]:661
[9]:380
[10]:615
[11]:805
[12]:561
[13]:202
[14]:47
[15]:23
[16]:18
[17]:16
[18]:13
[19]:5
[20]:13
[21]:3
[22]:4
[24]:5
[27]:4
[28]:1
[29]:2
[30]:1
[31]:1

t1_region>
[2]:342
[3]:4447
[4]:421
[5]:109
[6]:29
[7]:11
[8]:104
[9]:290
[10]:1021
[11]:4312
[12]:8886
[13]:9941
[14]:9364
[15]:7851
[16]:4682
[17]:2100
[18]:790
[19]:411
[20]:377
[21]:548
[22]:729
[23]:545
[24]:235
[25]:94
[26]:66
[27]:57
[28]:30
[29]:45
[30]:31
[31]:32
[32]:28
[33]:28
[34]:20
[35]:17
[36]:10
[37]:12
[38]:8
[39]:2
[40]:2
[41]:2
[42]:1
[45]:1
[46]:1
[47]:1

t2_region>
[98]:892
[99]:3424
[100]:609
[101]:230
[102]:111
[103]:52
[104]:38
[105]:115
[106]:132
[107]:223
[108]:771
[109]:3259
[110]:7281
[111]:7172
[112]:5108
[113]:5748
[114]:6955
[115]:6145
[116]:3666
[117]:1805
[118]:849
[119]:677
[120]:665
[121]:661
[122]:340
[123]:208
[124]:151
[125]:150
[126]:109
[127]:85
[128]:74
[129]:38
[130]:51
[131]:46
[132]:42
[133]:34
[134]:26
[135]:19
[136]:20
[137]:13
[138]:12
[139]:7
[140]:6
[141]:5
[142]:4
[143]:4
[144]:1
[146]:1
[148]:1
[152]:1

t0_min: 1.08 us, round:18500
t0_max: 31.58 us, round:46775
t0_jitter: 30.50 us

t1_min: 2.71 us, round:50695
t1_max: 47.83 us, round:20370
t1_jitter: 45.13 us

t2_min: 98.00 us, round:420
t2_max: 152.96 us, round:20319
t2_jitter: 54.96 us

PMU diff samples: 58043
AVG DIFF LL_CACHE_RD: 134.61
AVG DIFF LL_CACHE_MISS_RD: 94.29
AVG DIFF L2D_CACHE_REFILL: 94.32
AVG DIFF L2D_CACHE_INVAL: 0.00
[cur diff] DIFF LL_CACHE_RD: 74, DIFF LL_CACHE_MISS_RD: 1, MISS_RATE: 1.35%
[cur diff] DIFF L2D_CACHE_REFILL: 1
[cur diff] DIFF L2D_CACHE_INVAL: 0
[max diff] DIFF LL_CACHE_RD: 170, DIFF LL_CACHE_MISS_RD: 134, MISS_RATE: 78.82%
[max diff] DIFF L2D_CACHE_REFILL: 135
[max diff] DIFF L2D_CACHE_INVAL: 0

===========================================================
taskpendcnt:58247
t0:5250 ns
t1:15750 ns
t2:115000 ns
benchmark: Franka-derived Cartesian-impedance kernel, input trace:8, timer period:10.000 ms
controller source: franka_ros2 jazzy@73a1501d, updates:58259, SVD sweeps:5
pose error:[0.010000 0.015000 0.010000 -0.000000 0.049979 -0.000000]
tau[0:6]:[-1.839419 -0.921560 -1.193198 -1.195971 -0.861243 0.113634 -0.461388]
kernel exec min/avg/max: 94.79 / 98.82 / 112.88 us, samples:58250
pressure status:1, copy rounds total/window:2798/11, 4.94 rounds/s
pressure logical copy:27980.00 MiB total, approx 49.43 MiB/s, checksum:3726072872960
pressure report window:2.225380 s
t0_region>
[1]:5204
[2]:177
[3]:1340
[4]:13008
[5]:20998
[6]:11120
[7]:3014
[8]:662
[9]:382
[10]:617
[11]:807
[12]:565
[13]:202
[14]:47
[15]:23
[16]:18
[17]:17
[18]:13
[19]:5
[20]:13
[21]:3
[22]:4
[24]:5
[27]:4
[28]:1
[29]:2
[30]:1
[31]:1

t1_region>
[2]:345
[3]:4464
[4]:421
[5]:110
[6]:29
[7]:11
[8]:104
[9]:290
[10]:1021
[11]:4325
[12]:8925
[13]:9982
[14]:9404
[15]:7880
[16]:4701
[17]:2108
[18]:791
[19]:413
[20]:377
[21]:549
[22]:734
[23]:547
[24]:235
[25]:94
[26]:66
[27]:57
[28]:30
[29]:45
[30]:31
[31]:32
[32]:28
[33]:28
[34]:21
[35]:17
[36]:10
[37]:12
[38]:8
[39]:2
[40]:2
[41]:2
[42]:1
[45]:1
[46]:1
[47]:1

t2_region>
[98]:893
[99]:3437
[100]:616
[101]:230
[102]:111
[103]:53
[104]:38
[105]:115
[106]:132
[107]:223
[108]:771
[109]:3271
[110]:7307
[111]:7198
[112]:5135
[113]:5785
[114]:6972
[115]:6171
[116]:3678
[117]:1810
[118]:852
[119]:679
[120]:668
[121]:664
[122]:340
[123]:208
[124]:151
[125]:150
[126]:109
[127]:86
[128]:74
[129]:38
[130]:51
[131]:46
[132]:42
[133]:34
[134]:26
[135]:19
[136]:20
[137]:13
[138]:13
[139]:7
[140]:6
[141]:5
[142]:4
[143]:4
[144]:1
[146]:1
[148]:1
[152]:1

t0_min: 1.08 us, round:18500
t0_max: 31.58 us, round:46775
t0_jitter: 30.50 us

t1_min: 2.71 us, round:50695
t1_max: 47.83 us, round:20370
t1_jitter: 45.13 us

t2_min: 98.00 us, round:420
t2_max: 152.96 us, round:20319
t2_jitter: 54.96 us

PMU diff samples: 58266
AVG DIFF LL_CACHE_RD: 134.61
AVG DIFF LL_CACHE_MISS_RD: 94.29
AVG DIFF L2D_CACHE_REFILL: 94.33
AVG DIFF L2D_CACHE_INVAL: 0.00
[cur diff] DIFF LL_CACHE_RD: 39, DIFF LL_CACHE_MISS_RD: 0, MISS_RATE: 0.00%
[cur diff] DIFF L2D_CACHE_REFILL: 0
[cur diff] DIFF L2D_CACHE_INVAL: 0
[max diff] DIFF LL_CACHE_RD: 170, DIFF LL_CACHE_MISS_RD: 134, MISS_RATE: 78.82%
[max diff] DIFF L2D_CACHE_REFILL: 135
[max diff] DIFF L2D_CACHE_INVAL: 0

===========================================================
taskpendcnt:58470
t0:5750 ns
t1:13625 ns
t2:111916 ns
benchmark: Franka-derived Cartesian-impedance kernel, input trace:8, timer period:10.000 ms
controller source: franka_ros2 jazzy@73a1501d, updates:58481, SVD sweeps:5
pose error:[0.010000 0.015000 0.010000 -0.000000 0.049979 -0.000000]
tau[0:6]:[-2.781770 -1.613002 -1.930139 -1.581803 -1.382951 -0.390599 -0.663394]
kernel exec min/avg/max: 94.79 / 98.82 / 112.88 us, samples:58473
pressure status:1, copy rounds total/window:2808/10, 4.49 rounds/s
pressure logical copy:28080.00 MiB total, approx 44.92 MiB/s, checksum:3739389788160
pressure report window:2.226384 s
t0_region>
[1]:5224
[2]:178
[3]:1345
[4]:13056
[5]:21086
[6]:11157
[7]:3029
[8]:662
[9]:382
[10]:620
[11]:808
[12]:568
[13]:203
[14]:47
[15]:23
[16]:18
[17]:17
[18]:13
[19]:5
[20]:13
[21]:3
[22]:4
[24]:5
[27]:4
[28]:1
[29]:2
[30]:1
[31]:1

t1_region>
[2]:346
[3]:4484
[4]:422
[5]:110
[6]:29
[7]:11
[8]:104
[9]:290
[10]:1022
[11]:4339
[12]:8950
[13]:10039
[14]:9451
[15]:7907
[16]:4718
[17]:2111
[18]:793
[19]:413
[20]:379
[21]:549
[22]:735
[23]:550
[24]:237
[25]:94
[26]:66
[27]:57
[28]:30
[29]:45
[30]:31
[31]:32
[32]:28
[33]:28
[34]:21
[35]:17
[36]:10
[37]:12
[38]:8
[39]:2
[40]:2
[41]:2
[42]:1
[45]:1
[46]:1
[47]:1

t2_region>
[98]:898
[99]:3452
[100]:617
[101]:231
[102]:111
[103]:53
[104]:38
[105]:115
[106]:132
[107]:223
[108]:771
[109]:3281
[110]:7336
[111]:7230
[112]:5148
[113]:5814
[114]:7007
[115]:6197
[116]:3692
[117]:1813
[118]:854
[119]:680
[120]:670
[121]:667
[122]:341
[123]:208
[124]:152
[125]:150
[126]:109
[127]:86
[128]:74
[129]:38
[130]:51
[131]:46
[132]:42
[133]:34
[134]:26
[135]:19
[136]:20
[137]:13
[138]:13
[139]:7
[140]:6
[141]:5
[142]:4
[143]:4
[144]:1
[146]:1
[148]:1
[152]:1

t0_min: 1.08 us, round:18500
t0_max: 31.58 us, round:46775
t0_jitter: 30.50 us

t1_min: 2.71 us, round:50695
t1_max: 47.83 us, round:20370
t1_jitter: 45.13 us

t2_min: 98.00 us, round:420
t2_max: 152.96 us, round:20319
t2_jitter: 54.96 us

PMU diff samples: 58488
AVG DIFF LL_CACHE_RD: 134.61
AVG DIFF LL_CACHE_MISS_RD: 94.29
AVG DIFF L2D_CACHE_REFILL: 94.33
AVG DIFF L2D_CACHE_INVAL: 0.00
[cur diff] DIFF LL_CACHE_RD: 29, DIFF LL_CACHE_MISS_RD: 0, MISS_RATE: 0.00%
[cur diff] DIFF L2D_CACHE_REFILL: 0
[cur diff] DIFF L2D_CACHE_INVAL: 0
[max diff] DIFF LL_CACHE_RD: 170, DIFF LL_CACHE_MISS_RD: 134, MISS_RATE: 78.82%
[max diff] DIFF L2D_CACHE_REFILL: 135
[max diff] DIFF L2D_CACHE_INVAL: 0

===========================================================
taskpendcnt:58692
t0:4791 ns
t1:12666 ns
t2:112416 ns
benchmark: Franka-derived Cartesian-impedance kernel, input trace:8, timer period:10.000 ms
controller source: franka_ros2 jazzy@73a1501d, updates:58704, SVD sweeps:5
pose error:[0.010000 0.015000 0.010000 -0.000000 0.049979 -0.000000]
tau[0:6]:[-0.567483 -0.552304 -0.482512 -0.231067 -0.297494 -0.656094 -0.085004]
kernel exec min/avg/max: 94.79 / 98.82 / 112.88 us, samples:58696
pressure status:1, copy rounds total/window:2819/11, 4.94 rounds/s
pressure logical copy:28190.00 MiB total, approx 49.41 MiB/s, checksum:3754038394880
pressure report window:2.226273 s
t0_region>
[1]:5246
[2]:178
[3]:1350
[4]:13101
[5]:21179
[6]:11199
[7]:3033
[8]:664
[9]:383
[10]:623
[11]:810
[12]:572
[13]:203
[14]:47
[15]:23
[16]:18
[17]:17
[18]:13
[19]:5
[20]:13
[21]:3
[22]:4
[24]:5
[27]:4
[28]:1
[29]:2
[30]:1
[31]:1

t1_region>
[2]:347
[3]:4502
[4]:424
[5]:110
[6]:29
[7]:11
[8]:104
[9]:290
[10]:1023
[11]:4349
[12]:8988
[13]:10082
[14]:9492
[15]:7938
[16]:4735
[17]:2120
[18]:794
[19]:413
[20]:379
[21]:554
[22]:738
[23]:551
[24]:238
[25]:94
[26]:66
[27]:57
[28]:30
[29]:45
[30]:31
[31]:32
[32]:28
[33]:28
[34]:21
[35]:17
[36]:10
[37]:12
[38]:8
[39]:2
[40]:2
[41]:2
[42]:1
[45]:1
[46]:1
[47]:1

t2_region>
[98]:902
[99]:3467
[100]:617
[101]:232
[102]:112
[103]:53
[104]:38
[105]:115
[106]:132
[107]:223
[108]:772
[109]:3291
[110]:7361
[111]:7265
[112]:5168
[113]:5838
[114]:7032
[115]:6220
[116]:3712
[117]:1817
[118]:858
[119]:682
[120]:673
[121]:670
[122]:342
[123]:208
[124]:153
[125]:150
[126]:109
[127]:86
[128]:74
[129]:38
[130]:51
[131]:46
[132]:42
[133]:34
[134]:26
[135]:19
[136]:20
[137]:13
[138]:13
[139]:7
[140]:6
[141]:5
[142]:4
[143]:4
[144]:1
[146]:1
[148]:1
[152]:1

t0_min: 1.08 us, round:18500
t0_max: 31.58 us, round:46775
t0_jitter: 30.50 us

t1_min: 2.71 us, round:50695
t1_max: 47.83 us, round:20370
t1_jitter: 45.13 us

t2_min: 98.00 us, round:420
t2_max: 152.96 us, round:20319
t2_jitter: 54.96 us

PMU diff samples: 58711
AVG DIFF LL_CACHE_RD: 134.61
AVG DIFF LL_CACHE_MISS_RD: 94.29
AVG DIFF L2D_CACHE_REFILL: 94.32
AVG DIFF L2D_CACHE_INVAL: 0.00
[cur diff] DIFF LL_CACHE_RD: 41, DIFF LL_CACHE_MISS_RD: 0, MISS_RATE: 0.00%
[cur diff] DIFF L2D_CACHE_REFILL: 0
[cur diff] DIFF L2D_CACHE_INVAL: 0
[max diff] DIFF LL_CACHE_RD: 170, DIFF LL_CACHE_MISS_RD: 134, MISS_RATE: 78.82%
[max diff] DIFF L2D_CACHE_REFILL: 135
[max diff] DIFF L2D_CACHE_INVAL: 0

===========================================================
taskpendcnt:58915
t0:6375 ns
t1:16000 ns
t2:116041 ns
benchmark: Franka-derived Cartesian-impedance kernel, input trace:8, timer period:10.000 ms
controller source: franka_ros2 jazzy@73a1501d, updates:58926, SVD sweeps:5
pose error:[0.010000 0.015000 0.010000 -0.000000 0.049979 -0.000000]
tau[0:6]:[1.376914 -0.104433 0.790225 0.843903 0.642107 -0.956178 0.423547]
kernel exec min/avg/max: 94.79 / 98.82 / 112.88 us, samples:58918
pressure status:1, copy rounds total/window:2830/11, 4.94 rounds/s
pressure logical copy:28300.00 MiB total, approx 49.42 MiB/s, checksum:3768687001600
pressure report window:2.225751 s
t0_region>
[1]:5268
[2]:178
[3]:1352
[4]:13158
[5]:21255
[6]:11244
[7]:3046
[8]:665
[9]:383
[10]:623
[11]:814
[12]:575
[13]:203
[14]:47
[15]:23
[16]:18
[17]:17
[18]:13
[19]:5
[20]:13
[21]:3
[22]:4
[24]:5
[27]:4
[28]:1
[29]:2
[30]:1
[31]:1

t1_region>
[2]:351
[3]:4519
[4]:425
[5]:110
[6]:29
[7]:11
[8]:104
[9]:290
[10]:1025
[11]:4365
[12]:9030
[13]:10117
[14]:9525
[15]:7972
[16]:4755
[17]:2131
[18]:795
[19]:413
[20]:380
[21]:556
[22]:740
[23]:553
[24]:238
[25]:94
[26]:66
[27]:57
[28]:30
[29]:45
[30]:31
[31]:32
[32]:28
[33]:28
[34]:21
[35]:17
[36]:10
[37]:12
[38]:8
[39]:2
[40]:2
[41]:2
[42]:1
[45]:1
[46]:1
[47]:1

t2_region>
[98]:907
[99]:3482
[100]:618
[101]:232
[102]:112
[103]:54
[104]:38
[105]:115
[106]:132
[107]:224
[108]:772
[109]:3306
[110]:7399
[111]:7288
[112]:5189
[113]:5859
[114]:7053
[115]:6246
[116]:3730
[117]:1825
[118]:859
[119]:686
[120]:674
[121]:670
[122]:343
[123]:208
[124]:153
[125]:150
[126]:110
[127]:87
[128]:74
[129]:38
[130]:51
[131]:46
[132]:42
[133]:34
[134]:26
[135]:19
[136]:20
[137]:13
[138]:13
[139]:7
[140]:6
[141]:5
[142]:4
[143]:4
[144]:1
[146]:1
[148]:1
[152]:1

t0_min: 1.08 us, round:18500
t0_max: 31.58 us, round:46775
t0_jitter: 30.50 us

t1_min: 2.71 us, round:50695
t1_max: 47.83 us, round:20370
t1_jitter: 45.13 us

t2_min: 98.00 us, round:420
t2_max: 152.96 us, round:20319
t2_jitter: 54.96 us

PMU diff samples: 58933
AVG DIFF LL_CACHE_RD: 134.60
AVG DIFF LL_CACHE_MISS_RD: 94.29
AVG DIFF L2D_CACHE_REFILL: 94.32
AVG DIFF L2D_CACHE_INVAL: 0.00
[cur diff] DIFF LL_CACHE_RD: 40, DIFF LL_CACHE_MISS_RD: 0, MISS_RATE: 0.00%
[cur diff] DIFF L2D_CACHE_REFILL: 0
[cur diff] DIFF L2D_CACHE_INVAL: 0
[max diff] DIFF LL_CACHE_RD: 170, DIFF LL_CACHE_MISS_RD: 134, MISS_RATE: 78.82%
[max diff] DIFF L2D_CACHE_REFILL: 135
[max diff] DIFF L2D_CACHE_INVAL: 0

===========================================================
taskpendcnt:59138
t0:6000 ns
t1:13875 ns
t2:112458 ns
benchmark: Franka-derived Cartesian-impedance kernel, input trace:8, timer period:10.000 ms
controller source: franka_ros2 jazzy@73a1501d, updates:59149, SVD sweeps:5
pose error:[0.010000 0.015000 0.010000 -0.000000 0.049979 -0.000000]
tau[0:6]:[0.839771 0.130674 0.617691 0.624912 0.653099 -0.592692 0.265887]
kernel exec min/avg/max: 94.79 / 98.82 / 112.88 us, samples:59141
pressure status:1, copy rounds total/window:2840/10, 4.49 rounds/s
pressure logical copy:28400.00 MiB total, approx 44.94 MiB/s, checksum:3782003916800
pressure report window:2.225128 s
t0_region>
[1]:5287
[2]:180
[3]:1356
[4]:13206
[5]:21339
[6]:11287
[7]:3059
[8]:666
[9]:383
[10]:626
[11]:816
[12]:578
[13]:203
[14]:47
[15]:23
[16]:18
[17]:17
[18]:13
[19]:5
[20]:13
[21]:3
[22]:4
[24]:5
[27]:4
[28]:1
[29]:2
[30]:1
[31]:1

t1_region>
[2]:354
[3]:4536
[4]:426
[5]:110
[6]:29
[7]:11
[8]:106
[9]:290
[10]:1026
[11]:4377
[12]:9060
[13]:10170
[14]:9561
[15]:8000
[16]:4774
[17]:2139
[18]:800
[19]:413
[20]:382
[21]:558
[22]:741
[23]:555
[24]:238
[25]:95
[26]:66
[27]:57
[28]:30
[29]:45
[30]:31
[31]:32
[32]:28
[33]:28
[34]:21
[35]:17
[36]:10
[37]:12
[38]:8
[39]:2
[40]:2
[41]:2
[42]:1
[45]:1
[46]:1
[47]:1

t2_region>
[98]:911
[99]:3496
[100]:619
[101]:233
[102]:112
[103]:54
[104]:38
[105]:115
[106]:133
[107]:225
[108]:773
[109]:3315
[110]:7423
[111]:7324
[112]:5211
[113]:5882
[114]:7089
[115]:6258
[116]:3746
[117]:1833
[118]:863
[119]:688
[120]:677
[121]:670
[122]:344
[123]:209
[124]:153
[125]:151
[126]:111
[127]:87
[128]:74
[129]:38
[130]:51
[131]:46
[132]:42
[133]:34
[134]:26
[135]:19
[136]:20
[137]:13
[138]:13
[139]:7
[140]:6
[141]:5
[142]:4
[143]:4
[144]:1
[146]:1
[148]:1
[152]:1

t0_min: 1.08 us, round:18500
t0_max: 31.58 us, round:46775
t0_jitter: 30.50 us

t1_min: 2.71 us, round:50695
t1_max: 47.83 us, round:20370
t1_jitter: 45.13 us

t2_min: 98.00 us, round:420
t2_max: 152.96 us, round:20319
t2_jitter: 54.96 us

PMU diff samples: 59156
AVG DIFF LL_CACHE_RD: 134.60
AVG DIFF LL_CACHE_MISS_RD: 94.29
AVG DIFF L2D_CACHE_REFILL: 94.32
AVG DIFF L2D_CACHE_INVAL: 0.00
[cur diff] DIFF LL_CACHE_RD: 39, DIFF LL_CACHE_MISS_RD: 0, MISS_RATE: 0.00%
[cur diff] DIFF L2D_CACHE_REFILL: 1
[cur diff] DIFF L2D_CACHE_INVAL: 0
[max diff] DIFF LL_CACHE_RD: 170, DIFF LL_CACHE_MISS_RD: 134, MISS_RATE: 78.82%
[max diff] DIFF L2D_CACHE_REFILL: 135
[max diff] DIFF L2D_CACHE_INVAL: 0

===========================================================
taskpendcnt:59360
t0:5250 ns
t1:14291 ns
t2:114041 ns
benchmark: Franka-derived Cartesian-impedance kernel, input trace:8, timer period:10.000 ms
controller source: franka_ros2 jazzy@73a1501d, updates:59371, SVD sweeps:5
pose error:[0.010000 0.015000 0.010000 -0.000000 0.049979 -0.000000]
tau[0:6]:[-0.274004 -0.324180 0.001577 -0.231466 0.050986 -0.328952 0.010844]
kernel exec min/avg/max: 94.79 / 98.82 / 112.88 us, samples:59363
pressure status:1, copy rounds total/window:2851/11, 4.94 rounds/s
pressure logical copy:28510.00 MiB total, approx 49.43 MiB/s, checksum:3796652523520
pressure report window:2.225445 s
t0_region>
[1]:5308
[2]:181
[3]:1357
[4]:13256
[5]:21425
[6]:11333
[7]:3068
[8]:667
[9]:383
[10]:631
[11]:818
[12]:578
[13]:203
[14]:47
[15]:23
[16]:18
[17]:17
[18]:13
[19]:5
[20]:13
[21]:3
[22]:4
[24]:5
[27]:4
[28]:2
[29]:2
[30]:1
[31]:1

t1_region>
[2]:357
[3]:4552
[4]:427
[5]:111
[6]:29
[7]:11
[8]:106
[9]:290
[10]:1027
[11]:4390
[12]:9099
[13]:10216
[14]:9591
[15]:8035
[16]:4791
[17]:2148
[18]:804
[19]:414
[20]:383
[21]:560
[22]:741
[23]:557
[24]:238
[25]:95
[26]:66
[27]:57
[28]:30
[29]:45
[30]:31
[31]:32
[32]:28
[33]:28
[34]:21
[35]:17
[36]:10
[37]:12
[38]:8
[39]:2
[40]:2
[41]:3
[42]:1
[45]:1
[46]:1
[47]:1

t2_region>
[98]:918
[99]:3507
[100]:622
[101]:233
[102]:113
[103]:54
[104]:38
[105]:115
[106]:133
[107]:225
[108]:774
[109]:3327
[110]:7449
[111]:7356
[112]:5229
[113]:5910
[114]:7119
[115]:6284
[116]:3757
[117]:1841
[118]:867
[119]:689
[120]:678
[121]:671
[122]:345
[123]:209
[124]:153
[125]:151
[126]:111
[127]:87
[128]:74
[129]:38
[130]:51
[131]:46
[132]:42
[133]:34
[134]:26
[135]:19
[136]:20
[137]:13
[138]:13
[139]:7
[140]:6
[141]:5
[142]:4
[143]:5
[144]:1
[146]:1
[148]:1
[152]:1

t0_min: 1.08 us, round:18500
t0_max: 31.58 us, round:46775
t0_jitter: 30.50 us

t1_min: 2.71 us, round:50695
t1_max: 47.83 us, round:20370
t1_jitter: 45.13 us

t2_min: 98.00 us, round:420
t2_max: 152.96 us, round:20319
t2_jitter: 54.96 us

PMU diff samples: 59378
AVG DIFF LL_CACHE_RD: 134.60
AVG DIFF LL_CACHE_MISS_RD: 94.28
AVG DIFF L2D_CACHE_REFILL: 94.32
AVG DIFF L2D_CACHE_INVAL: 0.00
[cur diff] DIFF LL_CACHE_RD: 33, DIFF LL_CACHE_MISS_RD: 0, MISS_RATE: 0.00%
[cur diff] DIFF L2D_CACHE_REFILL: 0
[cur diff] DIFF L2D_CACHE_INVAL: 0
[max diff] DIFF LL_CACHE_RD: 170, DIFF LL_CACHE_MISS_RD: 134, MISS_RATE: 78.82%
[max diff] DIFF L2D_CACHE_REFILL: 135
[max diff] DIFF L2D_CACHE_INVAL: 0

===========================================================
taskpendcnt:59583
t0:5458 ns
t1:14791 ns
t2:113958 ns
benchmark: Franka-derived Cartesian-impedance kernel, input trace:8, timer period:10.000 ms
controller source: franka_ros2 jazzy@73a1501d, updates:59594, SVD sweeps:5
pose error:[0.010000 0.015000 0.010000 -0.000000 0.049979 -0.000000]
tau[0:6]:[-2.379368 -1.292411 -1.655224 -1.570015 -1.185234 -0.066588 -0.610247]
kernel exec min/avg/max: 94.79 / 98.82 / 112.88 us, samples:59586
pressure status:1, copy rounds total/window:2862/11, 4.94 rounds/s
pressure logical copy:28620.00 MiB total, approx 49.41 MiB/s, checksum:3811301130240
pressure report window:2.226494 s
t0_region>
[1]:5327
[2]:182
[3]:1358
[4]:13313
[5]:21498
[6]:11379
[7]:3081
[8]:669
[9]:384
[10]:634
[11]:821
[12]:581
[13]:203
[14]:47
[15]:23
[16]:18
[17]:17
[18]:13
[19]:5
[20]:13
[21]:3
[22]:4
[24]:5
[27]:4
[28]:2
[29]:2
[30]:1
[31]:1

t1_region>
[2]:359
[3]:4569
[4]:428
[5]:112
[6]:29
[7]:11
[8]:106
[9]:290
[10]:1029
[11]:4403
[12]:9134
[13]:10262
[14]:9629
[15]:8061
[16]:4814
[17]:2152
[18]:806
[19]:416
[20]:385
[21]:562
[22]:745
[23]:559
[24]:238
[25]:95
[26]:66
[27]:58
[28]:30
[29]:45
[30]:31
[31]:32
[32]:28
[33]:28
[34]:21
[35]:17
[36]:10
[37]:12
[38]:8
[39]:2
[40]:2
[41]:3
[42]:1
[45]:1
[46]:1
[47]:1

t2_region>
[98]:921
[99]:3521
[100]:622
[101]:235
[102]:114
[103]:54
[104]:38
[105]:115
[106]:133
[107]:225
[108]:776
[109]:3339
[110]:7475
[111]:7386
[112]:5258
[113]:5931
[114]:7147
[115]:6309
[116]:3767
[117]:1847
[118]:868
[119]:691
[120]:681
[121]:673
[122]:349
[123]:209
[124]:153
[125]:151
[126]:111
[127]:88
[128]:74
[129]:38
[130]:51
[131]:46
[132]:42
[133]:34
[134]:26
[135]:19
[136]:20
[137]:13
[138]:13
[139]:7
[140]:6
[141]:5
[142]:4
[143]:5
[144]:1
[146]:1
[148]:1
[152]:1

t0_min: 1.08 us, round:18500
t0_max: 31.58 us, round:46775
t0_jitter: 30.50 us

t1_min: 2.71 us, round:50695
t1_max: 47.83 us, round:20370
t1_jitter: 45.13 us

t2_min: 98.00 us, round:420
t2_max: 152.96 us, round:20319
t2_jitter: 54.96 us

PMU diff samples: 59601
AVG DIFF LL_CACHE_RD: 134.60
AVG DIFF LL_CACHE_MISS_RD: 94.29
AVG DIFF L2D_CACHE_REFILL: 94.32
AVG DIFF L2D_CACHE_INVAL: 0.00
[cur diff] DIFF LL_CACHE_RD: 48, DIFF LL_CACHE_MISS_RD: 0, MISS_RATE: 0.00%
[cur diff] DIFF L2D_CACHE_REFILL: 0
[cur diff] DIFF L2D_CACHE_INVAL: 0
[max diff] DIFF LL_CACHE_RD: 170, DIFF LL_CACHE_MISS_RD: 134, MISS_RATE: 78.82%
[max diff] DIFF L2D_CACHE_REFILL: 135
[max diff] DIFF L2D_CACHE_INVAL: 0

===========================================================
taskpendcnt:59805
t0:3625 ns
t1:10625 ns
t2:109500 ns
benchmark: Franka-derived Cartesian-impedance kernel, input trace:8, timer period:10.000 ms
controller source: franka_ros2 jazzy@73a1501d, updates:59817, SVD sweeps:5
pose error:[0.010000 0.015000 0.010000 -0.000000 0.049979 -0.000000]
tau[0:6]:[-2.781770 -1.613002 -1.930139 -1.581803 -1.382951 -0.390599 -0.663394]
kernel exec min/avg/max: 94.79 / 98.82 / 112.88 us, samples:59809
pressure status:1, copy rounds total/window:2872/10, 4.49 rounds/s
pressure logical copy:28720.00 MiB total, approx 44.92 MiB/s, checksum:3824618045440
pressure report window:2.226221 s
t0_region>
[1]:5348
[2]:183
[3]:1363
[4]:13364
[5]:21577
[6]:11422
[7]:3092
[8]:672
[9]:386
[10]:634
[11]:826
[12]:583
[13]:203
[14]:47
[15]:23
[16]:18
[17]:17
[18]:13
[19]:5
[20]:13
[21]:3
[22]:4
[24]:5
[27]:4
[28]:2
[29]:2
[30]:1
[31]:1

t1_region>
[2]:360
[3]:4587
[4]:430
[5]:112
[6]:29
[7]:11
[8]:106
[9]:290
[10]:1034
[11]:4420
[12]:9161
[13]:10299
[14]:9678
[15]:8090
[16]:4835
[17]:2158
[18]:807
[19]:417
[20]:385
[21]:566
[22]:746
[23]:561
[24]:239
[25]:95
[26]:66
[27]:58
[28]:30
[29]:45
[30]:31
[31]:32
[32]:28
[33]:28
[34]:21
[35]:17
[36]:10
[37]:12
[38]:8
[39]:2
[40]:2
[41]:3
[42]:1
[45]:1
[46]:1
[47]:1

t2_region>
[98]:925
[99]:3536
[100]:624
[101]:235
[102]:115
[103]:54
[104]:38
[105]:115
[106]:133
[107]:225
[108]:779
[109]:3355
[110]:7499
[111]:7412
[112]:5280
[113]:5960
[114]:7177
[115]:6334
[116]:3778
[117]:1852
[118]:870
[119]:693
[120]:683
[121]:674
[122]:350
[123]:210
[124]:153
[125]:151
[126]:111
[127]:88
[128]:74
[129]:39
[130]:51
[131]:46
[132]:42
[133]:34
[134]:26
[135]:19
[136]:20
[137]:13
[138]:13
[139]:7
[140]:6
[141]:5
[142]:4
[143]:5
[144]:1
[146]:1
[148]:1
[152]:1

t0_min: 1.08 us, round:18500
t0_max: 31.58 us, round:46775
t0_jitter: 30.50 us

t1_min: 2.71 us, round:50695
t1_max: 47.83 us, round:20370
t1_jitter: 45.13 us

t2_min: 98.00 us, round:420
t2_max: 152.96 us, round:20319
t2_jitter: 54.96 us

PMU diff samples: 59824
AVG DIFF LL_CACHE_RD: 134.59
AVG DIFF LL_CACHE_MISS_RD: 94.28
AVG DIFF L2D_CACHE_REFILL: 94.32
AVG DIFF L2D_CACHE_INVAL: 0.00
[cur diff] DIFF LL_CACHE_RD: 41, DIFF LL_CACHE_MISS_RD: 0, MISS_RATE: 0.00%
[cur diff] DIFF L2D_CACHE_REFILL: 0
[cur diff] DIFF L2D_CACHE_INVAL: 0
[max diff] DIFF LL_CACHE_RD: 170, DIFF LL_CACHE_MISS_RD: 134, MISS_RATE: 78.82%
[max diff] DIFF L2D_CACHE_REFILL: 135
[max diff] DIFF L2D_CACHE_INVAL: 0

===========================================================
taskpendcnt:60000
t0:7250 ns
t1:18333 ns
t2:118666 ns
benchmark: Franka-derived Cartesian-impedance kernel, input trace:8, timer period:10.000 ms
controller source: franka_ros2 jazzy@73a1501d, updates:60010, SVD sweeps:5
pose error:[0.010000 0.015000 0.010000 -0.000000 0.049979 -0.000000]
tau[0:6]:[-2.781770 -1.613002 -1.930139 -1.581803 -1.382951 -0.390599 -0.663394]
kernel exec min/avg/max: 94.79 / 98.82 / 112.88 us, samples:60000
pressure status:1, copy rounds total/window:2883/11, 4.94 rounds/s
pressure logical copy:28830.00 MiB total, approx 49.41 MiB/s, checksum:3839266652160
pressure report window:2.226190 s
t0_region>
[1]:5365
[2]:183
[3]:1367
[4]:13410
[5]:21646
[6]:11454
[7]:3100
[8]:673
[9]:388
[10]:638
[11]:828
[12]:585
[13]:203
[14]:48
[15]:24
[16]:18
[17]:17
[18]:13
[19]:5
[20]:13
[21]:3
[22]:4
[24]:5
[27]:4
[28]:2
[29]:2
[30]:1
[31]:1

t1_region>
[2]:362
[3]:4600
[4]:430
[5]:112
[6]:29
[7]:11
[8]:106
[9]:292
[10]:1044
[11]:4433
[12]:9189
[13]:10331
[14]:9702
[15]:8117
[16]:4851
[17]:2164
[18]:809
[19]:419
[20]:385
[21]:567
[22]:750
[23]:563
[24]:239
[25]:96
[26]:66
[27]:58
[28]:30
[29]:45
[30]:31
[31]:32
[32]:28
[33]:28
[34]:22
[35]:17
[36]:11
[37]:12
[38]:8
[39]:2
[40]:2
[41]:3
[42]:1
[45]:1
[46]:1
[47]:1

t2_region>
[98]:928
[99]:3544
[100]:624
[101]:235
[102]:115
[103]:54
[104]:38
[105]:115
[106]:133
[107]:228
[108]:787
[109]:3366
[110]:7520
[111]:7430
[112]:5298
[113]:5976
[114]:7200
[115]:6360
[116]:3787
[117]:1857
[118]:873
[119]:694
[120]:684
[121]:678
[122]:351
[123]:210
[124]:153
[125]:152
[126]:111
[127]:88
[128]:74
[129]:39
[130]:52
[131]:46
[132]:42
[133]:34
[134]:26
[135]:19
[136]:20
[137]:13
[138]:13
[139]:9
[140]:6
[141]:5
[142]:4
[143]:5
[144]:1
[146]:1
[148]:1
[152]:1

t0_min: 1.08 us, round:18500
t0_max: 31.58 us, round:46775
t0_jitter: 30.50 us

t1_min: 2.71 us, round:50695
t1_max: 47.83 us, round:20370
t1_jitter: 45.13 us

t2_min: 98.00 us, round:420
t2_max: 152.96 us, round:20319
t2_jitter: 54.96 us

PMU diff samples: 60000
AVG DIFF LL_CACHE_RD: 134.61
AVG DIFF LL_CACHE_MISS_RD: 94.30
AVG DIFF L2D_CACHE_REFILL: 94.34
AVG DIFF L2D_CACHE_INVAL: 0.00
[cur diff] DIFF LL_CACHE_RD: 122, DIFF LL_CACHE_MISS_RD: 89, MISS_RATE: 72.95%
[cur diff] DIFF L2D_CACHE_REFILL: 88
[cur diff] DIFF L2D_CACHE_INVAL: 0
[max diff] DIFF LL_CACHE_RD: 170, DIFF LL_CACHE_MISS_RD: 134, MISS_RATE: 78.82%
[max diff] DIFF L2D_CACHE_REFILL: 135
[max diff] DIFF L2D_CACHE_INVAL: 0

===========================================================
taskpendcnt:60000
t0:7250 ns
t1:18333 ns
t2:118666 ns
benchmark: Franka-derived Cartesian-impedance kernel, input trace:8, timer period:10.000 ms
controller source: franka_ros2 jazzy@73a1501d, updates:60010, SVD sweeps:5
pose error:[0.010000 0.015000 0.010000 -0.000000 0.049979 -0.000000]
tau[0:6]:[-2.781770 -1.613002 -1.930139 -1.581803 -1.382951 -0.390599 -0.663394]
kernel exec min/avg/max: 94.79 / 98.82 / 112.88 us, samples:60000
pressure status:1, copy rounds total/window:2894/11, 4.91 rounds/s
pressure logical copy:28940.00 MiB total, approx 49.08 MiB/s, checksum:3853915258880
pressure report window:2.241413 s
t0_region>
[1]:5365
[2]:183
[3]:1367
[4]:13410
[5]:21646
[6]:11454
[7]:3100
[8]:673
[9]:388
[10]:638
[11]:828
[12]:585
[13]:203
[14]:48
[15]:24
[16]:18
[17]:17
[18]:13
[19]:5
[20]:13
[21]:3
[22]:4
[24]:5
[27]:4
[28]:2
[29]:2
[30]:1
[31]:1

t1_region>
[2]:362
[3]:4600
[4]:430
[5]:112
[6]:29
[7]:11
[8]:106
[9]:292
[10]:1044
[11]:4433
[12]:9189
[13]:10331
[14]:9702
[15]:8117
[16]:4851
[17]:2164
[18]:809
[19]:419
[20]:385
[21]:567
[22]:750
[23]:563
[24]:239
[25]:96
[26]:66
[27]:58
[28]:30
[29]:45
[30]:31
[31]:32
[32]:28
[33]:28
[34]:22
[35]:17
[36]:11
[37]:12
[38]:8
[39]:2
[40]:2
[41]:3
[42]:1
[45]:1
[46]:1
[47]:1

t2_region>
[98]:928
[99]:3544
[100]:624
[101]:235
[102]:115
[103]:54
[104]:38
[105]:115
[106]:133
[107]:228
[108]:787
[109]:3366
[110]:7520
[111]:7430
[112]:5298
[113]:5976
[114]:7200
[115]:6360
[116]:3787
[117]:1857
[118]:873
[119]:694
[120]:684
[121]:678
[122]:351
[123]:210
[124]:153
[125]:152
[126]:111
[127]:88
[128]:74
[129]:39
[130]:52
[131]:46
[132]:42
[133]:34
[134]:26
[135]:19
[136]:20
[137]:13
[138]:13
[139]:9
[140]:6
[141]:5
[142]:4
[143]:5
[144]:1
[146]:1
[148]:1
[152]:1

t0_min: 1.08 us, round:18500
t0_max: 31.58 us, round:46775
t0_jitter: 30.50 us

t1_min: 2.71 us, round:50695
t1_max: 47.83 us, round:20370
t1_jitter: 45.13 us

t2_min: 98.00 us, round:420
t2_max: 152.96 us, round:20319
t2_jitter: 54.96 us

PMU diff samples: 60000
AVG DIFF LL_CACHE_RD: 134.61
AVG DIFF LL_CACHE_MISS_RD: 94.30
AVG DIFF L2D_CACHE_REFILL: 94.34
AVG DIFF L2D_CACHE_INVAL: 0.00
[cur diff] DIFF LL_CACHE_RD: 122, DIFF LL_CACHE_MISS_RD: 89, MISS_RATE: 72.95%
[cur diff] DIFF L2D_CACHE_REFILL: 88
[cur diff] DIFF L2D_CACHE_INVAL: 0
[max diff] DIFF LL_CACHE_RD: 170, DIFF LL_CACHE_MISS_RD: 134, MISS_RATE: 78.82%
[max diff] DIFF L2D_CACHE_REFILL: 135
[max diff] DIFF L2D_CACHE_INVAL: 0
