Hello, QSemOS-RT 24.03-LTS @ v1.3.4-unknown git time-unknown git ID
OsMainTask apps_entry done!
TL3588-EVM @ Jul 18 2026 07:59:55
timer_rt_test_demo running ...
Starting timer_rt_test_demo...sleep 25s
open interrupt and realtime performance control
HRTIMER NOSTRESS TEST Demo
OsSysGetClock():24000000
task_cycles:10000 
=======begin========

cache_partitioning_task_stack done
pressurTaskEntry start 
src addr: 0x0x41587000
dst addr: 0x0x40b86000 
TEST_MEMSIZE: 0xa00000 

===========================================================
taskpendcnt:190
t0:666 ns
t1:1541 ns
t2:30708 ns
benchmark: Franka-derived Cartesian-impedance kernel, input trace:8, timer period:10.000 ms
controller source: franka_ros2 jazzy@73a1501d, updates:201, SVD sweeps:5
pose error:[0.010000 0.015000 0.010000 -0.000000 0.049979 -0.000000]
tau[0:6]:[-2.781770 -1.613002 -1.930139 -1.581803 -1.382951 -0.390599 -0.663394]
kernel exec min/avg/max: 28.58 / 29.19 / 30.04 us, samples:193
pressure status:1, copy rounds total/window:16/16, 8.00 rounds/s
pressure logical copy:160.00 MiB total, approx 80.00 MiB/s, checksum:21307064320
pressure report window:2.000000 s
t0_region>
[0]:170
[1]:25

t1_region>
[1]:172
[2]:23

t2_region>
[30]:130
[31]:63
[32]:3

t0_min: 0.58 us, round:7
t0_max: 1.79 us, round:172
t0_jitter: 1.21 us

t1_min: 1.46 us, round:21
t1_max: 2.83 us, round:160
t1_jitter: 1.38 us

t2_min: 30.38 us, round:39
t2_max: 32.46 us, round:36
t2_jitter: 2.08 us

PMU diff samples: 198
AVG DIFF LL_CACHE_RD: 43.49
AVG DIFF LL_CACHE_MISS_RD: 23.30
AVG DIFF L2D_CACHE_REFILL: 5.22
AVG DIFF L2D_CACHE_INVAL: 0.09
[cur diff] DIFF LL_CACHE_RD: 0, DIFF LL_CACHE_MISS_RD: 0, MISS_RATE: 0.00%
[cur diff] DIFF L2D_CACHE_REFILL: 0
[cur diff] DIFF L2D_CACHE_INVAL: 0
[max diff] DIFF LL_CACHE_RD: 57, DIFF LL_CACHE_MISS_RD: 31, MISS_RATE: 54.39%
[max diff] DIFF L2D_CACHE_REFILL: 16
[max diff] DIFF L2D_CACHE_INVAL: 17

===========================================================
taskpendcnt:402
t0:833 ns
t1:1708 ns
t2:30875 ns
benchmark: Franka-derived Cartesian-impedance kernel, input trace:8, timer period:10.000 ms
controller source: franka_ros2 jazzy@73a1501d, updates:413, SVD sweeps:5
pose error:[0.010000 0.015000 0.010000 -0.000000 0.049979 -0.000000]
tau[0:6]:[0.839771 0.130674 0.617691 0.624912 0.653099 -0.592692 0.265887]
kernel exec min/avg/max: 28.58 / 29.19 / 31.21 us, samples:405
pressure status:1, copy rounds total/window:32/16, 7.54 rounds/s
pressure logical copy:320.00 MiB total, approx 75.42 MiB/s, checksum:42614128640
pressure report window:2.121351 s
t0_region>
[0]:354
[1]:53

t1_region>
[1]:358
[2]:48
[3]:1

t2_region>
[30]:275
[31]:128
[32]:4
[34]:1

t0_min: 0.58 us, round:7
t0_max: 1.79 us, round:172
t0_jitter: 1.21 us

t1_min: 1.38 us, round:405
t1_max: 3.25 us, round:382
t1_jitter: 1.88 us

t2_min: 30.38 us, round:39
t2_max: 34.46 us, round:382
t2_jitter: 4.08 us

PMU diff samples: 410
AVG DIFF LL_CACHE_RD: 43.21
AVG DIFF LL_CACHE_MISS_RD: 21.52
AVG DIFF L2D_CACHE_REFILL: 5.39
AVG DIFF L2D_CACHE_INVAL: 0.13
[cur diff] DIFF LL_CACHE_RD: 0, DIFF LL_CACHE_MISS_RD: 0, MISS_RATE: 0.00%
[cur diff] DIFF L2D_CACHE_REFILL: 0
[cur diff] DIFF L2D_CACHE_INVAL: 0
[max diff] DIFF LL_CACHE_RD: 156, DIFF LL_CACHE_MISS_RD: 129, MISS_RATE: 82.69%
[max diff] DIFF L2D_CACHE_REFILL: 122
[max diff] DIFF L2D_CACHE_INVAL: 17

===========================================================
taskpendcnt:614
t0:708 ns
t1:1583 ns
t2:30750 ns
benchmark: Franka-derived Cartesian-impedance kernel, input trace:8, timer period:10.000 ms
controller source: franka_ros2 jazzy@73a1501d, updates:625, SVD sweeps:5
pose error:[0.010000 0.015000 0.010000 -0.000000 0.049979 -0.000000]
tau[0:6]:[-2.379368 -1.292411 -1.655224 -1.570015 -1.185234 -0.066588 -0.610247]
kernel exec min/avg/max: 28.58 / 29.19 / 31.21 us, samples:617
pressure status:1, copy rounds total/window:48/16, 7.54 rounds/s
pressure logical copy:480.00 MiB total, approx 75.35 MiB/s, checksum:63921192960
pressure report window:2.123384 s
t0_region>
[0]:541
[1]:78

t1_region>
[1]:550
[2]:69
[3]:1

t2_region>
[30]:419
[31]:194
[32]:6
[34]:1

t0_min: 0.58 us, round:7
t0_max: 1.79 us, round:172
t0_jitter: 1.21 us

t1_min: 1.38 us, round:405
t1_max: 3.25 us, round:382
t1_jitter: 1.88 us

t2_min: 30.38 us, round:39
t2_max: 34.46 us, round:382
t2_jitter: 4.08 us

PMU diff samples: 622
AVG DIFF LL_CACHE_RD: 43.84
AVG DIFF LL_CACHE_MISS_RD: 22.21
AVG DIFF L2D_CACHE_REFILL: 5.25
AVG DIFF L2D_CACHE_INVAL: 0.09
[cur diff] DIFF LL_CACHE_RD: 0, DIFF LL_CACHE_MISS_RD: 0, MISS_RATE: 0.00%
[cur diff] DIFF L2D_CACHE_REFILL: 0
[cur diff] DIFF L2D_CACHE_INVAL: 0
[max diff] DIFF LL_CACHE_RD: 156, DIFF LL_CACHE_MISS_RD: 129, MISS_RATE: 82.69%
[max diff] DIFF L2D_CACHE_REFILL: 122
[max diff] DIFF L2D_CACHE_INVAL: 17

===========================================================
taskpendcnt:826
t0:1250 ns
t1:2125 ns
t2:31583 ns
benchmark: Franka-derived Cartesian-impedance kernel, input trace:8, timer period:10.000 ms
controller source: franka_ros2 jazzy@73a1501d, updates:838, SVD sweeps:5
pose error:[0.010000 0.015000 0.010000 -0.000000 0.049979 -0.000000]
tau[0:6]:[1.228026 0.081850 0.819520 0.875435 0.745706 -0.833381 0.398995]
kernel exec min/avg/max: 28.58 / 29.18 / 31.21 us, samples:830
pressure status:1, copy rounds total/window:64/16, 7.53 rounds/s
pressure logical copy:640.00 MiB total, approx 75.35 MiB/s, checksum:85228257280
pressure report window:2.123444 s
t0_region>
[0]:725
[1]:107

t1_region>
[1]:738
[2]:92
[3]:2

t2_region>
[30]:568
[31]:255
[32]:9
[34]:1

t0_min: 0.58 us, round:7
t0_max: 1.92 us, round:716
t0_jitter: 1.33 us

t1_min: 1.38 us, round:405
t1_max: 3.25 us, round:382
t1_jitter: 1.88 us

t2_min: 30.33 us, round:826
t2_max: 34.46 us, round:382
t2_jitter: 4.13 us

PMU diff samples: 835
AVG DIFF LL_CACHE_RD: 44.22
AVG DIFF LL_CACHE_MISS_RD: 22.72
AVG DIFF L2D_CACHE_REFILL: 5.14
AVG DIFF L2D_CACHE_INVAL: 0.07
[cur diff] DIFF LL_CACHE_RD: 0, DIFF LL_CACHE_MISS_RD: 0, MISS_RATE: 0.00%
[cur diff] DIFF L2D_CACHE_REFILL: 0
[cur diff] DIFF L2D_CACHE_INVAL: 0
[max diff] DIFF LL_CACHE_RD: 156, DIFF LL_CACHE_MISS_RD: 129, MISS_RATE: 82.69%
[max diff] DIFF L2D_CACHE_REFILL: 122
[max diff] DIFF L2D_CACHE_INVAL: 17

===========================================================
taskpendcnt:1039
t0:833 ns
t1:1708 ns
t2:30875 ns
benchmark: Franka-derived Cartesian-impedance kernel, input trace:8, timer period:10.000 ms
controller source: franka_ros2 jazzy@73a1501d, updates:1050, SVD sweeps:5
pose error:[0.010000 0.015000 0.010000 -0.000000 0.049979 -0.000000]
tau[0:6]:[-2.379368 -1.292411 -1.655224 -1.570015 -1.185234 -0.066588 -0.610247]
kernel exec min/avg/max: 28.58 / 29.19 / 31.21 us, samples:1042
pressure status:1, copy rounds total/window:80/16, 7.53 rounds/s
pressure logical copy:800.00 MiB total, approx 75.34 MiB/s, checksum:106535321600
pressure report window:2.123569 s
t0_region>
[0]:912
[1]:132

t1_region>
[1]:922
[2]:120
[3]:2

t2_region>
[30]:704
[31]:331
[32]:9
[34]:1

t0_min: 0.58 us, round:7
t0_max: 1.92 us, round:716
t0_jitter: 1.33 us

t1_min: 1.38 us, round:405
t1_max: 3.25 us, round:382
t1_jitter: 1.88 us

t2_min: 30.29 us, round:997
t2_max: 34.46 us, round:382
t2_jitter: 4.17 us

PMU diff samples: 1047
AVG DIFF LL_CACHE_RD: 44.72
AVG DIFF LL_CACHE_MISS_RD: 22.93
AVG DIFF L2D_CACHE_REFILL: 5.34
AVG DIFF L2D_CACHE_INVAL: 0.06
[cur diff] DIFF LL_CACHE_RD: 0, DIFF LL_CACHE_MISS_RD: 0, MISS_RATE: 0.00%
[cur diff] DIFF L2D_CACHE_REFILL: 0
[cur diff] DIFF L2D_CACHE_INVAL: 0
[max diff] DIFF LL_CACHE_RD: 156, DIFF LL_CACHE_MISS_RD: 129, MISS_RATE: 82.69%
[max diff] DIFF L2D_CACHE_REFILL: 122
[max diff] DIFF L2D_CACHE_INVAL: 17

===========================================================
taskpendcnt:1251
t0:708 ns
t1:1875 ns
t2:31625 ns
benchmark: Franka-derived Cartesian-impedance kernel, input trace:8, timer period:10.000 ms
controller source: franka_ros2 jazzy@73a1501d, updates:1262, SVD sweeps:5
pose error:[0.010000 0.015000 0.010000 -0.000000 0.049979 -0.000000]
tau[0:6]:[1.376914 -0.104433 0.790225 0.843903 0.642107 -0.956178 0.423547]
kernel exec min/avg/max: 28.58 / 29.18 / 31.21 us, samples:1254
pressure status:1, copy rounds total/window:97/17, 8.01 rounds/s
pressure logical copy:970.00 MiB total, approx 80.06 MiB/s, checksum:129174077440
pressure report window:2.123448 s
t0_region>
[0]:1100
[1]:157

t1_region>
[1]:1112
[2]:142
[3]:3

t2_region>
[30]:842
[31]:402
[32]:12
[34]:1

t0_min: 0.58 us, round:7
t0_max: 1.92 us, round:716
t0_jitter: 1.33 us

t1_min: 1.38 us, round:405
t1_max: 3.25 us, round:382
t1_jitter: 1.88 us

t2_min: 30.29 us, round:997
t2_max: 34.46 us, round:382
t2_jitter: 4.17 us

PMU diff samples: 1260
AVG DIFF LL_CACHE_RD: 44.97
AVG DIFF LL_CACHE_MISS_RD: 22.83
AVG DIFF L2D_CACHE_REFILL: 5.37
AVG DIFF L2D_CACHE_INVAL: 0.05
[cur diff] DIFF LL_CACHE_RD: 0, DIFF LL_CACHE_MISS_RD: 0, MISS_RATE: 0.00%
[cur diff] DIFF L2D_CACHE_REFILL: 0
[cur diff] DIFF L2D_CACHE_INVAL: 0
[max diff] DIFF LL_CACHE_RD: 156, DIFF LL_CACHE_MISS_RD: 129, MISS_RATE: 82.69%
[max diff] DIFF L2D_CACHE_REFILL: 122
[max diff] DIFF L2D_CACHE_INVAL: 17

===========================================================
taskpendcnt:1463
t0:958 ns
t1:1833 ns
t2:31000 ns
benchmark: Franka-derived Cartesian-impedance kernel, input trace:8, timer period:10.000 ms
controller source: franka_ros2 jazzy@73a1501d, updates:1475, SVD sweeps:5
pose error:[0.010000 0.015000 0.010000 -0.000000 0.049979 -0.000000]
tau[0:6]:[-1.839419 -0.921560 -1.193198 -1.195971 -0.861243 0.113634 -0.461388]
kernel exec min/avg/max: 28.58 / 29.19 / 31.21 us, samples:1467
pressure status:1, copy rounds total/window:113/16, 7.53 rounds/s
pressure logical copy:1130.00 MiB total, approx 75.32 MiB/s, checksum:150481141760
pressure report window:2.124221 s
t0_region>
[0]:1289
[1]:180

t1_region>
[1]:1302
[2]:162
[3]:5

t2_region>
[30]:972
[31]:482
[32]:15
[34]:1

t0_min: 0.58 us, round:7
t0_max: 1.92 us, round:716
t0_jitter: 1.33 us

t1_min: 1.38 us, round:405
t1_max: 3.25 us, round:382
t1_jitter: 1.88 us

t2_min: 30.29 us, round:997
t2_max: 34.46 us, round:382
t2_jitter: 4.17 us

PMU diff samples: 1472
AVG DIFF LL_CACHE_RD: 44.79
AVG DIFF LL_CACHE_MISS_RD: 22.34
AVG DIFF L2D_CACHE_REFILL: 5.27
AVG DIFF L2D_CACHE_INVAL: 0.04
[cur diff] DIFF LL_CACHE_RD: 0, DIFF LL_CACHE_MISS_RD: 0, MISS_RATE: 0.00%
[cur diff] DIFF L2D_CACHE_REFILL: 0
[cur diff] DIFF L2D_CACHE_INVAL: 0
[max diff] DIFF LL_CACHE_RD: 156, DIFF LL_CACHE_MISS_RD: 129, MISS_RATE: 82.69%
[max diff] DIFF L2D_CACHE_REFILL: 122
[max diff] DIFF L2D_CACHE_INVAL: 17

===========================================================
taskpendcnt:1676
t0:833 ns
t1:1708 ns
t2:30875 ns
benchmark: Franka-derived Cartesian-impedance kernel, input trace:8, timer period:10.000 ms
controller source: franka_ros2 jazzy@73a1501d, updates:1687, SVD sweeps:5
pose error:[0.010000 0.015000 0.010000 -0.000000 0.049979 -0.000000]
tau[0:6]:[1.376914 -0.104433 0.790225 0.843903 0.642107 -0.956178 0.423547]
kernel exec min/avg/max: 28.58 / 29.19 / 31.21 us, samples:1679
pressure status:1, copy rounds total/window:129/16, 7.53 rounds/s
pressure logical copy:1290.00 MiB total, approx 75.31 MiB/s, checksum:171788206080
pressure report window:2.124524 s
t0_region>
[0]:1474
[1]:207

t1_region>
[1]:1492
[2]:185
[3]:5

t2_region>
[30]:1105
[31]:556
[32]:20
[34]:1

t0_min: 0.58 us, round:7
t0_max: 1.92 us, round:716
t0_jitter: 1.33 us

t1_min: 1.38 us, round:405
t1_max: 3.25 us, round:382
t1_jitter: 1.88 us

t2_min: 30.29 us, round:997
t2_max: 34.46 us, round:382
t2_jitter: 4.17 us

PMU diff samples: 1684
AVG DIFF LL_CACHE_RD: 45.00
AVG DIFF LL_CACHE_MISS_RD: 22.45
AVG DIFF L2D_CACHE_REFILL: 5.29
AVG DIFF L2D_CACHE_INVAL: 0.04
[cur diff] DIFF LL_CACHE_RD: 0, DIFF LL_CACHE_MISS_RD: 0, MISS_RATE: 0.00%
[cur diff] DIFF L2D_CACHE_REFILL: 0
[cur diff] DIFF L2D_CACHE_INVAL: 0
[max diff] DIFF LL_CACHE_RD: 156, DIFF LL_CACHE_MISS_RD: 129, MISS_RATE: 82.69%
[max diff] DIFF L2D_CACHE_REFILL: 122
[max diff] DIFF L2D_CACHE_INVAL: 17

===========================================================
taskpendcnt:1888
t0:708 ns
t1:1666 ns
t2:30833 ns
benchmark: Franka-derived Cartesian-impedance kernel, input trace:8, timer period:10.000 ms
controller source: franka_ros2 jazzy@73a1501d, updates:1900, SVD sweeps:5
pose error:[0.010000 0.015000 0.010000 -0.000000 0.049979 -0.000000]
tau[0:6]:[-0.274004 -0.324180 0.001577 -0.231466 0.050986 -0.328952 0.010844]
kernel exec min/avg/max: 28.58 / 29.19 / 31.21 us, samples:1892
pressure status:1, copy rounds total/window:145/16, 7.53 rounds/s
pressure logical copy:1450.00 MiB total, approx 75.33 MiB/s, checksum:193095270400
pressure report window:2.124041 s
t0_region>
[0]:1657
[1]:237

t1_region>
[1]:1676
[2]:211
[3]:7

t2_region>
[30]:1250
[31]:618
[32]:25
[34]:1

t0_min: 0.58 us, round:7
t0_max: 1.92 us, round:716
t0_jitter: 1.33 us

t1_min: 1.38 us, round:405
t1_max: 3.25 us, round:382
t1_jitter: 1.88 us

t2_min: 30.29 us, round:997
t2_max: 34.46 us, round:382
t2_jitter: 4.17 us

PMU diff samples: 1897
AVG DIFF LL_CACHE_RD: 45.08
AVG DIFF LL_CACHE_MISS_RD: 23.00
AVG DIFF L2D_CACHE_REFILL: 5.25
AVG DIFF L2D_CACHE_INVAL: 0.04
[cur diff] DIFF LL_CACHE_RD: 0, DIFF LL_CACHE_MISS_RD: 0, MISS_RATE: 0.00%
[cur diff] DIFF L2D_CACHE_REFILL: 0
[cur diff] DIFF L2D_CACHE_INVAL: 0
[max diff] DIFF LL_CACHE_RD: 156, DIFF LL_CACHE_MISS_RD: 129, MISS_RATE: 82.69%
[max diff] DIFF L2D_CACHE_REFILL: 122
[max diff] DIFF L2D_CACHE_INVAL: 17

===========================================================
taskpendcnt:2101
t0:958 ns
t1:1833 ns
t2:31000 ns
benchmark: Franka-derived Cartesian-impedance kernel, input trace:8, timer period:10.000 ms
controller source: franka_ros2 jazzy@73a1501d, updates:2112, SVD sweeps:5
pose error:[0.010000 0.015000 0.010000 -0.000000 0.049979 -0.000000]
tau[0:6]:[-0.567483 -0.552304 -0.482512 -0.231067 -0.297494 -0.656094 -0.085004]
kernel exec min/avg/max: 28.58 / 29.19 / 31.21 us, samples:2104
pressure status:1, copy rounds total/window:161/16, 7.53 rounds/s
pressure logical copy:1610.00 MiB total, approx 75.29 MiB/s, checksum:214402334720
pressure report window:2.125132 s
t0_region>
[0]:1837
[1]:269

t1_region>
[1]:1860
[2]:238
[3]:9

t2_region>
[30]:1368
[31]:710
[32]:28
[34]:1

t0_min: 0.58 us, round:7
t0_max: 1.92 us, round:716
t0_jitter: 1.33 us

t1_min: 1.38 us, round:405
t1_max: 3.25 us, round:382
t1_jitter: 1.88 us

t2_min: 30.29 us, round:997
t2_max: 34.46 us, round:382
t2_jitter: 4.17 us

PMU diff samples: 2109
AVG DIFF LL_CACHE_RD: 45.23
AVG DIFF LL_CACHE_MISS_RD: 23.68
AVG DIFF L2D_CACHE_REFILL: 5.29
AVG DIFF L2D_CACHE_INVAL: 0.03
[cur diff] DIFF LL_CACHE_RD: 0, DIFF LL_CACHE_MISS_RD: 0, MISS_RATE: 0.00%
[cur diff] DIFF L2D_CACHE_REFILL: 0
[cur diff] DIFF L2D_CACHE_INVAL: 0
[max diff] DIFF LL_CACHE_RD: 156, DIFF LL_CACHE_MISS_RD: 129, MISS_RATE: 82.69%
[max diff] DIFF L2D_CACHE_REFILL: 122
[max diff] DIFF L2D_CACHE_INVAL: 17

===========================================================
taskpendcnt:2313
t0:833 ns
t1:1791 ns
t2:30958 ns
benchmark: Franka-derived Cartesian-impedance kernel, input trace:8, timer period:10.000 ms
controller source: franka_ros2 jazzy@73a1501d, updates:2325, SVD sweeps:5
pose error:[0.010000 0.015000 0.010000 -0.000000 0.049979 -0.000000]
tau[0:6]:[0.839771 0.130674 0.617691 0.624912 0.653099 -0.592692 0.265887]
kernel exec min/avg/max: 28.58 / 29.20 / 31.21 us, samples:2317
pressure status:1, copy rounds total/window:177/16, 7.53 rounds/s
pressure logical copy:1770.00 MiB total, approx 75.32 MiB/s, checksum:235709399040
pressure report window:2.124359 s
t0_region>
[0]:2024
[1]:295

t1_region>
[1]:2049
[2]:261
[3]:9

t2_region>
[30]:1499
[31]:787
[32]:32
[34]:1

t0_min: 0.58 us, round:7
t0_max: 1.92 us, round:716
t0_jitter: 1.33 us

t1_min: 1.38 us, round:405
t1_max: 3.25 us, round:382
t1_jitter: 1.88 us

t2_min: 30.29 us, round:997
t2_max: 34.46 us, round:382
t2_jitter: 4.17 us

PMU diff samples: 2322
AVG DIFF LL_CACHE_RD: 45.46
AVG DIFF LL_CACHE_MISS_RD: 24.04
AVG DIFF L2D_CACHE_REFILL: 5.25
AVG DIFF L2D_CACHE_INVAL: 0.03
[cur diff] DIFF LL_CACHE_RD: 0, DIFF LL_CACHE_MISS_RD: 0, MISS_RATE: 0.00%
[cur diff] DIFF L2D_CACHE_REFILL: 0
[cur diff] DIFF L2D_CACHE_INVAL: 0
[max diff] DIFF LL_CACHE_RD: 156, DIFF LL_CACHE_MISS_RD: 129, MISS_RATE: 82.69%
[max diff] DIFF L2D_CACHE_REFILL: 122
[max diff] DIFF L2D_CACHE_INVAL: 17

===========================================================
taskpendcnt:2526
t0:791 ns
t1:1666 ns
t2:31125 ns
benchmark: Franka-derived Cartesian-impedance kernel, input trace:8, timer period:10.000 ms
controller source: franka_ros2 jazzy@73a1501d, updates:2537, SVD sweeps:5
pose error:[0.010000 0.015000 0.010000 -0.000000 0.049979 -0.000000]
tau[0:6]:[-2.781770 -1.613002 -1.930139 -1.581803 -1.382951 -0.390599 -0.663394]
kernel exec min/avg/max: 28.58 / 29.20 / 31.21 us, samples:2529
pressure status:1, copy rounds total/window:194/17, 8.00 rounds/s
pressure logical copy:1940.00 MiB total, approx 80.02 MiB/s, checksum:258348154880
pressure report window:2.124396 s
t0_region>
[0]:2207
[1]:324

t1_region>
[1]:2236
[2]:287
[3]:9

t2_region>
[30]:1625
[31]:872
[32]:34
[34]:1

t0_min: 0.58 us, round:7
t0_max: 1.96 us, round:2484
t0_jitter: 1.38 us

t1_min: 1.38 us, round:405
t1_max: 3.25 us, round:382
t1_jitter: 1.88 us

t2_min: 30.29 us, round:997
t2_max: 34.46 us, round:382
t2_jitter: 4.17 us

PMU diff samples: 2534
AVG DIFF LL_CACHE_RD: 45.58
AVG DIFF LL_CACHE_MISS_RD: 24.41
AVG DIFF L2D_CACHE_REFILL: 5.26
AVG DIFF L2D_CACHE_INVAL: 0.03
[cur diff] DIFF LL_CACHE_RD: 0, DIFF LL_CACHE_MISS_RD: 0, MISS_RATE: 0.00%
[cur diff] DIFF L2D_CACHE_REFILL: 0
[cur diff] DIFF L2D_CACHE_INVAL: 0
[max diff] DIFF LL_CACHE_RD: 156, DIFF LL_CACHE_MISS_RD: 129, MISS_RATE: 82.69%
[max diff] DIFF L2D_CACHE_REFILL: 122
[max diff] DIFF L2D_CACHE_INVAL: 17

===========================================================
taskpendcnt:2738
t0:666 ns
t1:1541 ns
t2:31083 ns
benchmark: Franka-derived Cartesian-impedance kernel, input trace:8, timer period:10.000 ms
controller source: franka_ros2 jazzy@73a1501d, updates:2749, SVD sweeps:5
pose error:[0.010000 0.015000 0.010000 -0.000000 0.049979 -0.000000]
tau[0:6]:[1.228026 0.081850 0.819520 0.875435 0.745706 -0.833381 0.398995]
kernel exec min/avg/max: 28.58 / 29.20 / 31.21 us, samples:2741
pressure status:1, copy rounds total/window:210/16, 7.53 rounds/s
pressure logical copy:2100.00 MiB total, approx 75.32 MiB/s, checksum:279655219200
pressure report window:2.124356 s
t0_region>
[0]:2392
[1]:352

t1_region>
[1]:2422
[2]:312
[3]:10

t2_region>
[30]:1761
[31]:943
[32]:39
[34]:1

t0_min: 0.58 us, round:7
t0_max: 1.96 us, round:2484
t0_jitter: 1.38 us

t1_min: 1.38 us, round:405
t1_max: 3.25 us, round:382
t1_jitter: 1.88 us

t2_min: 30.29 us, round:997
t2_max: 34.46 us, round:382
t2_jitter: 4.17 us

PMU diff samples: 2747
AVG DIFF LL_CACHE_RD: 45.48
AVG DIFF LL_CACHE_MISS_RD: 24.34
AVG DIFF L2D_CACHE_REFILL: 5.24
AVG DIFF L2D_CACHE_INVAL: 0.03
[cur diff] DIFF LL_CACHE_RD: 0, DIFF LL_CACHE_MISS_RD: 0, MISS_RATE: 0.00%
[cur diff] DIFF L2D_CACHE_REFILL: 0
[cur diff] DIFF L2D_CACHE_INVAL: 0
[max diff] DIFF LL_CACHE_RD: 156, DIFF LL_CACHE_MISS_RD: 129, MISS_RATE: 82.69%
[max diff] DIFF L2D_CACHE_REFILL: 122
[max diff] DIFF L2D_CACHE_INVAL: 17

===========================================================
taskpendcnt:2951
t0:625 ns
t1:1791 ns
t2:31541 ns
benchmark: Franka-derived Cartesian-impedance kernel, input trace:8, timer period:10.000 ms
controller source: franka_ros2 jazzy@73a1501d, updates:2962, SVD sweeps:5
pose error:[0.010000 0.015000 0.010000 -0.000000 0.049979 -0.000000]
tau[0:6]:[-2.379368 -1.292411 -1.655224 -1.570015 -1.185234 -0.066588 -0.610247]
kernel exec min/avg/max: 28.58 / 29.20 / 31.21 us, samples:2954
pressure status:1, copy rounds total/window:226/16, 7.53 rounds/s
pressure logical copy:2260.00 MiB total, approx 75.28 MiB/s, checksum:300962283520
pressure report window:2.125399 s
t0_region>
[0]:2579
[1]:377

t1_region>
[1]:2613
[2]:333
[3]:10

t2_region>
[30]:1886
[31]:1029
[32]:41
[34]:1

t0_min: 0.58 us, round:7
t0_max: 1.96 us, round:2484
t0_jitter: 1.38 us

t1_min: 1.38 us, round:405
t1_max: 3.25 us, round:382
t1_jitter: 1.88 us

t2_min: 30.29 us, round:997
t2_max: 34.46 us, round:382
t2_jitter: 4.17 us

PMU diff samples: 2959
AVG DIFF LL_CACHE_RD: 45.53
AVG DIFF LL_CACHE_MISS_RD: 24.56
AVG DIFF L2D_CACHE_REFILL: 5.25
AVG DIFF L2D_CACHE_INVAL: 0.02
[cur diff] DIFF LL_CACHE_RD: 0, DIFF LL_CACHE_MISS_RD: 0, MISS_RATE: 0.00%
[cur diff] DIFF L2D_CACHE_REFILL: 0
[cur diff] DIFF L2D_CACHE_INVAL: 0
[max diff] DIFF LL_CACHE_RD: 156, DIFF LL_CACHE_MISS_RD: 129, MISS_RATE: 82.69%
[max diff] DIFF L2D_CACHE_REFILL: 122
[max diff] DIFF L2D_CACHE_INVAL: 17

===========================================================
taskpendcnt:3163
t0:791 ns
t1:1666 ns
t2:32083 ns
benchmark: Franka-derived Cartesian-impedance kernel, input trace:8, timer period:10.000 ms
controller source: franka_ros2 jazzy@73a1501d, updates:3174, SVD sweeps:5
pose error:[0.010000 0.015000 0.010000 -0.000000 0.049979 -0.000000]
tau[0:6]:[1.376914 -0.104433 0.790225 0.843903 0.642107 -0.956178 0.423547]
kernel exec min/avg/max: 28.58 / 29.20 / 31.21 us, samples:3166
pressure status:1, copy rounds total/window:242/16, 7.53 rounds/s
pressure logical copy:2420.00 MiB total, approx 75.31 MiB/s, checksum:322269347840
pressure report window:2.124439 s
t0_region>
[0]:2758
[1]:411

t1_region>
[1]:2802
[2]:356
[3]:11

t2_region>
[30]:2031
[31]:1090
[32]:47
[34]:1

t0_min: 0.58 us, round:7
t0_max: 1.96 us, round:2484
t0_jitter: 1.38 us

t1_min: 1.38 us, round:405
t1_max: 3.25 us, round:382
t1_jitter: 1.88 us

t2_min: 30.29 us, round:997
t2_max: 34.46 us, round:382
t2_jitter: 4.17 us

PMU diff samples: 3172
AVG DIFF LL_CACHE_RD: 45.44
AVG DIFF LL_CACHE_MISS_RD: 24.62
AVG DIFF L2D_CACHE_REFILL: 5.24
AVG DIFF L2D_CACHE_INVAL: 0.02
[cur diff] DIFF LL_CACHE_RD: 0, DIFF LL_CACHE_MISS_RD: 0, MISS_RATE: 0.00%
[cur diff] DIFF L2D_CACHE_REFILL: 0
[cur diff] DIFF L2D_CACHE_INVAL: 0
[max diff] DIFF LL_CACHE_RD: 156, DIFF LL_CACHE_MISS_RD: 129, MISS_RATE: 82.69%
[max diff] DIFF L2D_CACHE_REFILL: 122
[max diff] DIFF L2D_CACHE_INVAL: 17

===========================================================
taskpendcnt:3376
t0:750 ns
t1:1625 ns
t2:30791 ns
benchmark: Franka-derived Cartesian-impedance kernel, input trace:8, timer period:10.000 ms
controller source: franka_ros2 jazzy@73a1501d, updates:3387, SVD sweeps:5
pose error:[0.010000 0.015000 0.010000 -0.000000 0.049979 -0.000000]
tau[0:6]:[-1.839419 -0.921560 -1.193198 -1.195971 -0.861243 0.113634 -0.461388]
kernel exec min/avg/max: 28.58 / 29.20 / 31.21 us, samples:3379
pressure status:1, copy rounds total/window:258/16, 7.53 rounds/s
pressure logical copy:2580.00 MiB total, approx 75.29 MiB/s, checksum:343576412160
pressure report window:2.125220 s
t0_region>
[0]:2948
[1]:432
[2]:1

t1_region>
[1]:2990
[2]:380
[3]:12

t2_region>
[30]:2152
[31]:1179
[32]:50
[34]:1

t0_min: 0.58 us, round:7
t0_max: 2.04 us, round:3325
t0_jitter: 1.46 us

t1_min: 1.38 us, round:405
t1_max: 3.25 us, round:382
t1_jitter: 1.88 us

t2_min: 30.29 us, round:997
t2_max: 34.46 us, round:382
t2_jitter: 4.17 us

PMU diff samples: 3384
AVG DIFF LL_CACHE_RD: 45.56
AVG DIFF LL_CACHE_MISS_RD: 24.96
AVG DIFF L2D_CACHE_REFILL: 5.27
AVG DIFF L2D_CACHE_INVAL: 0.02
[cur diff] DIFF LL_CACHE_RD: 0, DIFF LL_CACHE_MISS_RD: 0, MISS_RATE: 0.00%
[cur diff] DIFF L2D_CACHE_REFILL: 0
[cur diff] DIFF L2D_CACHE_INVAL: 0
[max diff] DIFF LL_CACHE_RD: 156, DIFF LL_CACHE_MISS_RD: 129, MISS_RATE: 82.69%
[max diff] DIFF L2D_CACHE_REFILL: 122
[max diff] DIFF L2D_CACHE_INVAL: 17

===========================================================
taskpendcnt:3588
t0:625 ns
t1:1500 ns
t2:31041 ns
benchmark: Franka-derived Cartesian-impedance kernel, input trace:8, timer period:10.000 ms
controller source: franka_ros2 jazzy@73a1501d, updates:3600, SVD sweeps:5
pose error:[0.010000 0.015000 0.010000 -0.000000 0.049979 -0.000000]
tau[0:6]:[-0.567483 -0.552304 -0.482512 -0.231067 -0.297494 -0.656094 -0.085004]
kernel exec min/avg/max: 28.58 / 29.20 / 31.21 us, samples:3591
pressure status:1, copy rounds total/window:275/17, 8.00 rounds/s
pressure logical copy:2750.00 MiB total, approx 79.96 MiB/s, checksum:366215168000
pressure report window:2.125959 s
t0_region>
[0]:3131
[1]:462
[2]:1

t1_region>
[1]:3183
[2]:398
[3]:13

t2_region>
[30]:2286
[31]:1251
[32]:55
[34]:2

t0_min: 0.58 us, round:7
t0_max: 2.04 us, round:3325
t0_jitter: 1.46 us

t1_min: 1.38 us, round:405
t1_max: 3.25 us, round:382
t1_jitter: 1.88 us

t2_min: 30.29 us, round:997
t2_max: 34.46 us, round:382
t2_jitter: 4.17 us

PMU diff samples: 3597
AVG DIFF LL_CACHE_RD: 45.54
AVG DIFF LL_CACHE_MISS_RD: 24.94
AVG DIFF L2D_CACHE_REFILL: 5.28
AVG DIFF L2D_CACHE_INVAL: 0.02
[cur diff] DIFF LL_CACHE_RD: 0, DIFF LL_CACHE_MISS_RD: 0, MISS_RATE: 0.00%
[cur diff] DIFF L2D_CACHE_REFILL: 0
[cur diff] DIFF L2D_CACHE_INVAL: 0
[max diff] DIFF LL_CACHE_RD: 156, DIFF LL_CACHE_MISS_RD: 129, MISS_RATE: 82.69%
[max diff] DIFF L2D_CACHE_REFILL: 122
[max diff] DIFF L2D_CACHE_INVAL: 17

===========================================================
taskpendcnt:3801
t0:875 ns
t1:1750 ns
t2:30916 ns
benchmark: Franka-derived Cartesian-impedance kernel, input trace:8, timer period:10.000 ms
controller source: franka_ros2 jazzy@73a1501d, updates:3812, SVD sweeps:5
pose error:[0.010000 0.015000 0.010000 -0.000000 0.049979 -0.000000]
tau[0:6]:[-0.274004 -0.324180 0.001577 -0.231466 0.050986 -0.328952 0.010844]
kernel exec min/avg/max: 28.58 / 29.20 / 31.21 us, samples:3804
pressure status:1, copy rounds total/window:291/16, 7.53 rounds/s
pressure logical copy:2910.00 MiB total, approx 75.27 MiB/s, checksum:387522232320
pressure report window:2.125606 s
t0_region>
[0]:3319
[1]:486
[2]:1

t1_region>
[1]:3372
[2]:422
[3]:13

t2_region>
[30]:2412
[31]:1335
[32]:58
[34]:2

t0_min: 0.58 us, round:7
t0_max: 2.04 us, round:3325
t0_jitter: 1.46 us

t1_min: 1.38 us, round:405
t1_max: 3.25 us, round:382
t1_jitter: 1.88 us

t2_min: 30.29 us, round:997
t2_max: 34.46 us, round:382
t2_jitter: 4.17 us

PMU diff samples: 3809
AVG DIFF LL_CACHE_RD: 45.49
AVG DIFF LL_CACHE_MISS_RD: 24.99
AVG DIFF L2D_CACHE_REFILL: 5.28
AVG DIFF L2D_CACHE_INVAL: 0.02
[cur diff] DIFF LL_CACHE_RD: 0, DIFF LL_CACHE_MISS_RD: 0, MISS_RATE: 0.00%
[cur diff] DIFF L2D_CACHE_REFILL: 0
[cur diff] DIFF L2D_CACHE_INVAL: 0
[max diff] DIFF LL_CACHE_RD: 156, DIFF LL_CACHE_MISS_RD: 129, MISS_RATE: 82.69%
[max diff] DIFF L2D_CACHE_REFILL: 122
[max diff] DIFF L2D_CACHE_INVAL: 17

===========================================================
taskpendcnt:4013
t0:833 ns
t1:1708 ns
t2:31166 ns
benchmark: Franka-derived Cartesian-impedance kernel, input trace:8, timer period:10.000 ms
controller source: franka_ros2 jazzy@73a1501d, updates:4025, SVD sweeps:5
pose error:[0.010000 0.015000 0.010000 -0.000000 0.049979 -0.000000]
tau[0:6]:[-2.781770 -1.613002 -1.930139 -1.581803 -1.382951 -0.390599 -0.663394]
kernel exec min/avg/max: 28.58 / 29.21 / 31.21 us, samples:4017
pressure status:1, copy rounds total/window:307/16, 7.53 rounds/s
pressure logical copy:3070.00 MiB total, approx 75.25 MiB/s, checksum:408829296640
pressure report window:2.126129 s
t0_region>
[0]:3505
[1]:513
[2]:1

t1_region>
[1]:3558
[2]:447
[3]:14

t2_region>
[30]:2521
[31]:1434
[32]:63
[34]:2

t0_min: 0.58 us, round:7
t0_max: 2.04 us, round:3325
t0_jitter: 1.46 us

t1_min: 1.38 us, round:405
t1_max: 3.29 us, round:3956
t1_jitter: 1.92 us

t2_min: 30.29 us, round:997
t2_max: 34.46 us, round:382
t2_jitter: 4.17 us

PMU diff samples: 4022
AVG DIFF LL_CACHE_RD: 45.45
AVG DIFF LL_CACHE_MISS_RD: 25.14
AVG DIFF L2D_CACHE_REFILL: 5.28
AVG DIFF L2D_CACHE_INVAL: 0.02
[cur diff] DIFF LL_CACHE_RD: 0, DIFF LL_CACHE_MISS_RD: 0, MISS_RATE: 0.00%
[cur diff] DIFF L2D_CACHE_REFILL: 0
[cur diff] DIFF L2D_CACHE_INVAL: 0
[max diff] DIFF LL_CACHE_RD: 61, DIFF LL_CACHE_MISS_RD: 45, MISS_RATE: 73.77%
[max diff] DIFF L2D_CACHE_REFILL: 23
[max diff] DIFF L2D_CACHE_INVAL: 17

===========================================================
taskpendcnt:4226
t0:708 ns
t1:1583 ns
t2:30750 ns
benchmark: Franka-derived Cartesian-impedance kernel, input trace:8, timer period:10.000 ms
controller source: franka_ros2 jazzy@73a1501d, updates:4237, SVD sweeps:5
pose error:[0.010000 0.015000 0.010000 -0.000000 0.049979 -0.000000]
tau[0:6]:[1.228026 0.081850 0.819520 0.875435 0.745706 -0.833381 0.398995]
kernel exec min/avg/max: 28.58 / 29.21 / 31.21 us, samples:4229
pressure status:1, copy rounds total/window:323/16, 7.53 rounds/s
pressure logical copy:3230.00 MiB total, approx 75.28 MiB/s, checksum:430136360960
pressure report window:2.125356 s
t0_region>
[0]:3693
[1]:537
[2]:1

t1_region>
[1]:3749
[2]:469
[3]:14

t2_region>
[30]:2651
[31]:1513
[32]:66
[34]:2

t0_min: 0.58 us, round:7
t0_max: 2.04 us, round:3325
t0_jitter: 1.46 us

t1_min: 1.38 us, round:405
t1_max: 3.29 us, round:3956
t1_jitter: 1.92 us

t2_min: 30.29 us, round:997
t2_max: 34.46 us, round:382
t2_jitter: 4.17 us

PMU diff samples: 4235
AVG DIFF LL_CACHE_RD: 45.43
AVG DIFF LL_CACHE_MISS_RD: 25.21
AVG DIFF L2D_CACHE_REFILL: 5.28
AVG DIFF L2D_CACHE_INVAL: 0.02
[cur diff] DIFF LL_CACHE_RD: 0, DIFF LL_CACHE_MISS_RD: 0, MISS_RATE: 0.00%
[cur diff] DIFF L2D_CACHE_REFILL: 0
[cur diff] DIFF L2D_CACHE_INVAL: 0
[max diff] DIFF LL_CACHE_RD: 61, DIFF LL_CACHE_MISS_RD: 45, MISS_RATE: 73.77%
[max diff] DIFF L2D_CACHE_REFILL: 23
[max diff] DIFF L2D_CACHE_INVAL: 17

===========================================================
taskpendcnt:4439
t0:958 ns
t1:1541 ns
t2:30708 ns
benchmark: Franka-derived Cartesian-impedance kernel, input trace:8, timer period:10.000 ms
controller source: franka_ros2 jazzy@73a1501d, updates:4450, SVD sweeps:5
pose error:[0.010000 0.015000 0.010000 -0.000000 0.049979 -0.000000]
tau[0:6]:[-2.379368 -1.292411 -1.655224 -1.570015 -1.185234 -0.066588 -0.610247]
kernel exec min/avg/max: 28.58 / 29.21 / 31.21 us, samples:4442
pressure status:1, copy rounds total/window:339/16, 7.53 rounds/s
pressure logical copy:3390.00 MiB total, approx 75.28 MiB/s, checksum:451443425280
pressure report window:2.125397 s
t0_region>
[0]:3874
[1]:569
[2]:1

t1_region>
[1]:3936
[2]:494
[3]:14

t2_region>
[30]:2792
[31]:1583
[32]:68
[34]:2

t0_min: 0.58 us, round:7
t0_max: 2.04 us, round:3325
t0_jitter: 1.46 us

t1_min: 1.38 us, round:405
t1_max: 3.29 us, round:3956
t1_jitter: 1.92 us

t2_min: 30.29 us, round:997
t2_max: 34.46 us, round:382
t2_jitter: 4.17 us

PMU diff samples: 4447
AVG DIFF LL_CACHE_RD: 45.40
AVG DIFF LL_CACHE_MISS_RD: 25.25
AVG DIFF L2D_CACHE_REFILL: 5.27
AVG DIFF L2D_CACHE_INVAL: 0.02
[cur diff] DIFF LL_CACHE_RD: 0, DIFF LL_CACHE_MISS_RD: 0, MISS_RATE: 0.00%
[cur diff] DIFF L2D_CACHE_REFILL: 0
[cur diff] DIFF L2D_CACHE_INVAL: 0
[max diff] DIFF LL_CACHE_RD: 61, DIFF LL_CACHE_MISS_RD: 45, MISS_RATE: 73.77%
[max diff] DIFF L2D_CACHE_REFILL: 23
[max diff] DIFF L2D_CACHE_INVAL: 17

===========================================================
taskpendcnt:4651
t0:833 ns
t1:2000 ns
t2:31166 ns
benchmark: Franka-derived Cartesian-impedance kernel, input trace:8, timer period:10.000 ms
controller source: franka_ros2 jazzy@73a1501d, updates:4662, SVD sweeps:5
pose error:[0.010000 0.015000 0.010000 -0.000000 0.049979 -0.000000]
tau[0:6]:[1.376914 -0.104433 0.790225 0.843903 0.642107 -0.956178 0.423547]
kernel exec min/avg/max: 28.58 / 29.21 / 31.21 us, samples:4654
pressure status:1, copy rounds total/window:355/16, 7.53 rounds/s
pressure logical copy:3550.00 MiB total, approx 75.28 MiB/s, checksum:472750489600
pressure report window:2.125445 s
t0_region>
[0]:4057
[1]:599
[2]:1

t1_region>
[1]:4122
[2]:521
[3]:14

t2_region>
[30]:2917
[31]:1670
[32]:68
[34]:2

t0_min: 0.58 us, round:7
t0_max: 2.04 us, round:3325
t0_jitter: 1.46 us

t1_min: 1.38 us, round:405
t1_max: 3.29 us, round:3956
t1_jitter: 1.92 us

t2_min: 30.29 us, round:997
t2_max: 34.46 us, round:382
t2_jitter: 4.17 us

PMU diff samples: 4660
AVG DIFF LL_CACHE_RD: 45.32
AVG DIFF LL_CACHE_MISS_RD: 25.07
AVG DIFF L2D_CACHE_REFILL: 5.24
AVG DIFF L2D_CACHE_INVAL: 0.02
[cur diff] DIFF LL_CACHE_RD: 0, DIFF LL_CACHE_MISS_RD: 0, MISS_RATE: 0.00%
[cur diff] DIFF L2D_CACHE_REFILL: 0
[cur diff] DIFF L2D_CACHE_INVAL: 0
[max diff] DIFF LL_CACHE_RD: 61, DIFF LL_CACHE_MISS_RD: 45, MISS_RATE: 73.77%
[max diff] DIFF L2D_CACHE_REFILL: 23
[max diff] DIFF L2D_CACHE_INVAL: 17

===========================================================
taskpendcnt:4864
t0:791 ns
t1:1666 ns
t2:30833 ns
benchmark: Franka-derived Cartesian-impedance kernel, input trace:8, timer period:10.000 ms
controller source: franka_ros2 jazzy@73a1501d, updates:4875, SVD sweeps:5
pose error:[0.010000 0.015000 0.010000 -0.000000 0.049979 -0.000000]
tau[0:6]:[-1.839419 -0.921560 -1.193198 -1.195971 -0.861243 0.113634 -0.461388]
kernel exec min/avg/max: 28.58 / 29.21 / 31.21 us, samples:4867
pressure status:1, copy rounds total/window:372/17, 8.00 rounds/s
pressure logical copy:3720.00 MiB total, approx 79.99 MiB/s, checksum:495389245440
pressure report window:2.125217 s
t0_region>
[0]:4242
[1]:626
[2]:1

t1_region>
[1]:4315
[2]:540
[3]:14

t2_region>
[30]:3049
[31]:1748
[32]:71
[34]:2

t0_min: 0.58 us, round:7
t0_max: 2.04 us, round:3325
t0_jitter: 1.46 us

t1_min: 1.38 us, round:405
t1_max: 3.29 us, round:3956
t1_jitter: 1.92 us

t2_min: 30.29 us, round:997
t2_max: 34.46 us, round:382
t2_jitter: 4.17 us

PMU diff samples: 4872
AVG DIFF LL_CACHE_RD: 45.41
AVG DIFF LL_CACHE_MISS_RD: 25.01
AVG DIFF L2D_CACHE_REFILL: 5.23
AVG DIFF L2D_CACHE_INVAL: 0.02
[cur diff] DIFF LL_CACHE_RD: 0, DIFF LL_CACHE_MISS_RD: 0, MISS_RATE: 0.00%
[cur diff] DIFF L2D_CACHE_REFILL: 0
[cur diff] DIFF L2D_CACHE_INVAL: 0
[max diff] DIFF LL_CACHE_RD: 61, DIFF LL_CACHE_MISS_RD: 45, MISS_RATE: 73.77%
[max diff] DIFF L2D_CACHE_REFILL: 23
[max diff] DIFF L2D_CACHE_INVAL: 17

===========================================================
taskpendcnt:5076
t0:666 ns
t1:1833 ns
t2:31083 ns
benchmark: Franka-derived Cartesian-impedance kernel, input trace:8, timer period:10.000 ms
controller source: franka_ros2 jazzy@73a1501d, updates:5087, SVD sweeps:5
pose error:[0.010000 0.015000 0.010000 -0.000000 0.049979 -0.000000]
tau[0:6]:[-0.567483 -0.552304 -0.482512 -0.231067 -0.297494 -0.656094 -0.085004]
kernel exec min/avg/max: 28.58 / 29.21 / 31.21 us, samples:5079
pressure status:1, copy rounds total/window:388/16, 7.53 rounds/s
pressure logical copy:3880.00 MiB total, approx 75.26 MiB/s, checksum:516696309760
pressure report window:2.125957 s
t0_region>
[0]:4423
[1]:658
[2]:1

t1_region>
[1]:4502
[2]:565
[3]:15

t2_region>
[30]:3177
[31]:1831
[32]:72
[34]:2

t0_min: 0.58 us, round:7
t0_max: 2.04 us, round:3325
t0_jitter: 1.46 us

t1_min: 1.38 us, round:405
t1_max: 3.29 us, round:3956
t1_jitter: 1.92 us

t2_min: 30.29 us, round:997
t2_max: 34.46 us, round:382
t2_jitter: 4.17 us

PMU diff samples: 5085
AVG DIFF LL_CACHE_RD: 45.42
AVG DIFF LL_CACHE_MISS_RD: 25.14
AVG DIFF L2D_CACHE_REFILL: 5.25
AVG DIFF L2D_CACHE_INVAL: 0.02
[cur diff] DIFF LL_CACHE_RD: 0, DIFF LL_CACHE_MISS_RD: 0, MISS_RATE: 0.00%
[cur diff] DIFF L2D_CACHE_REFILL: 0
[cur diff] DIFF L2D_CACHE_INVAL: 0
[max diff] DIFF LL_CACHE_RD: 61, DIFF LL_CACHE_MISS_RD: 45, MISS_RATE: 73.77%
[max diff] DIFF L2D_CACHE_REFILL: 23
[max diff] DIFF L2D_CACHE_INVAL: 17

===========================================================
taskpendcnt:5289
t0:625 ns
t1:1500 ns
t2:30666 ns
benchmark: Franka-derived Cartesian-impedance kernel, input trace:8, timer period:10.000 ms
controller source: franka_ros2 jazzy@73a1501d, updates:5300, SVD sweeps:5
pose error:[0.010000 0.015000 0.010000 -0.000000 0.049979 -0.000000]
tau[0:6]:[-0.274004 -0.324180 0.001577 -0.231466 0.050986 -0.328952 0.010844]
kernel exec min/avg/max: 28.58 / 29.21 / 31.21 us, samples:5292
pressure status:1, copy rounds total/window:404/16, 7.53 rounds/s
pressure logical copy:4040.00 MiB total, approx 75.27 MiB/s, checksum:538003374080
pressure report window:2.125610 s
t0_region>
[0]:4607
[1]:686
[2]:1

t1_region>
[1]:4689
[2]:591
[3]:15

t2_region>
[30]:3326
[31]:1893
[32]:74
[34]:2

t0_min: 0.58 us, round:7
t0_max: 2.04 us, round:3325
t0_jitter: 1.46 us

t1_min: 1.38 us, round:405
t1_max: 3.29 us, round:3956
t1_jitter: 1.92 us

t2_min: 30.29 us, round:997
t2_max: 34.46 us, round:382
t2_jitter: 4.17 us

PMU diff samples: 5297
AVG DIFF LL_CACHE_RD: 45.47
AVG DIFF LL_CACHE_MISS_RD: 25.26
AVG DIFF L2D_CACHE_REFILL: 5.24
AVG DIFF L2D_CACHE_INVAL: 0.02
[cur diff] DIFF LL_CACHE_RD: 0, DIFF LL_CACHE_MISS_RD: 0, MISS_RATE: 0.00%
[cur diff] DIFF L2D_CACHE_REFILL: 0
[cur diff] DIFF L2D_CACHE_INVAL: 0
[max diff] DIFF LL_CACHE_RD: 61, DIFF LL_CACHE_MISS_RD: 45, MISS_RATE: 73.77%
[max diff] DIFF L2D_CACHE_REFILL: 23
[max diff] DIFF L2D_CACHE_INVAL: 17

===========================================================
taskpendcnt:5501
t0:791 ns
t1:1666 ns
t2:30916 ns
benchmark: Franka-derived Cartesian-impedance kernel, input trace:8, timer period:10.000 ms
controller source: franka_ros2 jazzy@73a1501d, updates:5512, SVD sweeps:5
pose error:[0.010000 0.015000 0.010000 -0.000000 0.049979 -0.000000]
tau[0:6]:[-2.781770 -1.613002 -1.930139 -1.581803 -1.382951 -0.390599 -0.663394]
kernel exec min/avg/max: 28.58 / 29.21 / 31.21 us, samples:5504
pressure status:1, copy rounds total/window:420/16, 7.53 rounds/s
pressure logical copy:4200.00 MiB total, approx 75.29 MiB/s, checksum:559310438400
pressure report window:2.125136 s
t0_region>
[0]:4797
[1]:709
[2]:1

t1_region>
[1]:4876
[2]:615
[3]:16

t2_region>
[30]:3465
[31]:1964
[32]:76
[34]:2

t0_min: 0.58 us, round:7
t0_max: 2.04 us, round:3325
t0_jitter: 1.46 us

t1_min: 1.38 us, round:405
t1_max: 3.29 us, round:3956
t1_jitter: 1.92 us

t2_min: 30.29 us, round:997
t2_max: 34.46 us, round:382
t2_jitter: 4.17 us

PMU diff samples: 5510
AVG DIFF LL_CACHE_RD: 45.59
AVG DIFF LL_CACHE_MISS_RD: 25.33
AVG DIFF L2D_CACHE_REFILL: 5.23
AVG DIFF L2D_CACHE_INVAL: 0.02
[cur diff] DIFF LL_CACHE_RD: 0, DIFF LL_CACHE_MISS_RD: 0, MISS_RATE: 0.00%
[cur diff] DIFF L2D_CACHE_REFILL: 0
[cur diff] DIFF L2D_CACHE_INVAL: 0
[max diff] DIFF LL_CACHE_RD: 61, DIFF LL_CACHE_MISS_RD: 45, MISS_RATE: 73.77%
[max diff] DIFF L2D_CACHE_REFILL: 23
[max diff] DIFF L2D_CACHE_INVAL: 17

===========================================================
taskpendcnt:5714
t0:1041 ns
t1:1916 ns
t2:31083 ns
benchmark: Franka-derived Cartesian-impedance kernel, input trace:8, timer period:10.000 ms
controller source: franka_ros2 jazzy@73a1501d, updates:5725, SVD sweeps:5
pose error:[0.010000 0.015000 0.010000 -0.000000 0.049979 -0.000000]
tau[0:6]:[0.839771 0.130674 0.617691 0.624912 0.653099 -0.592692 0.265887]
kernel exec min/avg/max: 28.58 / 29.21 / 31.21 us, samples:5717
pressure status:1, copy rounds total/window:436/16, 7.53 rounds/s
pressure logical copy:4360.00 MiB total, approx 75.28 MiB/s, checksum:580617502720
pressure report window:2.125436 s
t0_region>
[0]:4984
[1]:734
[2]:1

t1_region>
[1]:5069
[2]:635
[3]:16

t2_region>
[30]:3615
[31]:2026
[32]:77
[34]:2

t0_min: 0.58 us, round:7
t0_max: 2.04 us, round:3325
t0_jitter: 1.46 us

t1_min: 1.38 us, round:405
t1_max: 3.29 us, round:3956
t1_jitter: 1.92 us

t2_min: 30.25 us, round:5613
t2_max: 34.46 us, round:382
t2_jitter: 4.21 us

PMU diff samples: 5722
AVG DIFF LL_CACHE_RD: 45.60
AVG DIFF LL_CACHE_MISS_RD: 25.33
AVG DIFF L2D_CACHE_REFILL: 5.23
AVG DIFF L2D_CACHE_INVAL: 0.02
[cur diff] DIFF LL_CACHE_RD: 0, DIFF LL_CACHE_MISS_RD: 0, MISS_RATE: 0.00%
[cur diff] DIFF L2D_CACHE_REFILL: 0
[cur diff] DIFF L2D_CACHE_INVAL: 0
[max diff] DIFF LL_CACHE_RD: 61, DIFF LL_CACHE_MISS_RD: 45, MISS_RATE: 73.77%
[max diff] DIFF L2D_CACHE_REFILL: 23
[max diff] DIFF L2D_CACHE_INVAL: 17

===========================================================
taskpendcnt:5926
t0:916 ns
t1:1875 ns
t2:30750 ns
benchmark: Franka-derived Cartesian-impedance kernel, input trace:8, timer period:10.000 ms
controller source: franka_ros2 jazzy@73a1501d, updates:5938, SVD sweeps:5
pose error:[0.010000 0.015000 0.010000 -0.000000 0.049979 -0.000000]
tau[0:6]:[-2.379368 -1.292411 -1.655224 -1.570015 -1.185234 -0.066588 -0.610247]
kernel exec min/avg/max: 28.58 / 29.21 / 31.21 us, samples:5930
pressure status:1, copy rounds total/window:452/16, 7.53 rounds/s
pressure logical copy:4520.00 MiB total, approx 75.28 MiB/s, checksum:601924567040
pressure report window:2.125311 s
t0_region>
[0]:5162
[1]:769
[2]:1

t1_region>
[1]:5254
[2]:661
[3]:17

t2_region>
[30]:3749
[31]:2103
[32]:79
[34]:2

t0_min: 0.58 us, round:7
t0_max: 2.04 us, round:3325
t0_jitter: 1.46 us

t1_min: 1.38 us, round:405
t1_max: 3.29 us, round:3956
t1_jitter: 1.92 us

t2_min: 30.25 us, round:5613
t2_max: 34.46 us, round:382
t2_jitter: 4.21 us

PMU diff samples: 5935
AVG DIFF LL_CACHE_RD: 45.61
AVG DIFF LL_CACHE_MISS_RD: 25.45
AVG DIFF L2D_CACHE_REFILL: 5.24
AVG DIFF L2D_CACHE_INVAL: 0.02
[cur diff] DIFF LL_CACHE_RD: 0, DIFF LL_CACHE_MISS_RD: 0, MISS_RATE: 0.00%
[cur diff] DIFF L2D_CACHE_REFILL: 0
[cur diff] DIFF L2D_CACHE_INVAL: 0
[max diff] DIFF LL_CACHE_RD: 61, DIFF LL_CACHE_MISS_RD: 45, MISS_RATE: 73.77%
[max diff] DIFF L2D_CACHE_REFILL: 23
[max diff] DIFF L2D_CACHE_INVAL: 17

===========================================================
taskpendcnt:6139
t0:875 ns
t1:1750 ns
t2:31208 ns
benchmark: Franka-derived Cartesian-impedance kernel, input trace:8, timer period:10.000 ms
controller source: franka_ros2 jazzy@73a1501d, updates:6150, SVD sweeps:5
pose error:[0.010000 0.015000 0.010000 -0.000000 0.049979 -0.000000]
tau[0:6]:[1.228026 0.081850 0.819520 0.875435 0.745706 -0.833381 0.398995]
kernel exec min/avg/max: 28.58 / 29.21 / 31.21 us, samples:6142
pressure status:1, copy rounds total/window:469/17, 8.00 rounds/s
pressure logical copy:4690.00 MiB total, approx 79.99 MiB/s, checksum:624563322880
pressure report window:2.125359 s
t0_region>
[0]:5349
[1]:794
[2]:1

t1_region>
[1]:5443
[2]:685
[3]:17

t2_region>
[30]:3873
[31]:2189
[32]:81
[34]:2

t0_min: 0.58 us, round:7
t0_max: 2.04 us, round:3325
t0_jitter: 1.46 us

t1_min: 1.38 us, round:405
t1_max: 3.29 us, round:3956
t1_jitter: 1.92 us

t2_min: 30.25 us, round:5613
t2_max: 34.46 us, round:382
t2_jitter: 4.21 us

PMU diff samples: 6147
AVG DIFF LL_CACHE_RD: 45.61
AVG DIFF LL_CACHE_MISS_RD: 25.57
AVG DIFF L2D_CACHE_REFILL: 5.26
AVG DIFF L2D_CACHE_INVAL: 0.02
[cur diff] DIFF LL_CACHE_RD: 0, DIFF LL_CACHE_MISS_RD: 0, MISS_RATE: 0.00%
[cur diff] DIFF L2D_CACHE_REFILL: 0
[cur diff] DIFF L2D_CACHE_INVAL: 0
[max diff] DIFF LL_CACHE_RD: 61, DIFF LL_CACHE_MISS_RD: 45, MISS_RATE: 73.77%
[max diff] DIFF L2D_CACHE_REFILL: 23
[max diff] DIFF L2D_CACHE_INVAL: 17

===========================================================
taskpendcnt:6351
t0:833 ns
t1:1708 ns
t2:30875 ns
benchmark: Franka-derived Cartesian-impedance kernel, input trace:8, timer period:10.000 ms
controller source: franka_ros2 jazzy@73a1501d, updates:6363, SVD sweeps:5
pose error:[0.010000 0.015000 0.010000 -0.000000 0.049979 -0.000000]
tau[0:6]:[-1.839419 -0.921560 -1.193198 -1.195971 -0.861243 0.113634 -0.461388]
kernel exec min/avg/max: 28.58 / 29.21 / 31.21 us, samples:6355
pressure status:1, copy rounds total/window:485/16, 7.53 rounds/s
pressure logical copy:4850.00 MiB total, approx 75.28 MiB/s, checksum:645870387200
pressure report window:2.125311 s
t0_region>
[0]:5535
[1]:821
[2]:1

t1_region>
[1]:5631
[2]:709
[3]:17

t2_region>
[30]:4013
[31]:2258
[32]:85
[34]:2

t0_min: 0.58 us, round:7
t0_max: 2.04 us, round:3325
t0_jitter: 1.46 us

t1_min: 1.38 us, round:405
t1_max: 3.29 us, round:3956
t1_jitter: 1.92 us

t2_min: 30.25 us, round:5613
t2_max: 34.46 us, round:382
t2_jitter: 4.21 us

PMU diff samples: 6360
AVG DIFF LL_CACHE_RD: 45.50
AVG DIFF LL_CACHE_MISS_RD: 25.46
AVG DIFF L2D_CACHE_REFILL: 5.24
AVG DIFF L2D_CACHE_INVAL: 0.02
[cur diff] DIFF LL_CACHE_RD: 0, DIFF LL_CACHE_MISS_RD: 0, MISS_RATE: 0.00%
[cur diff] DIFF L2D_CACHE_REFILL: 0
[cur diff] DIFF L2D_CACHE_INVAL: 0
[max diff] DIFF LL_CACHE_RD: 61, DIFF LL_CACHE_MISS_RD: 45, MISS_RATE: 73.77%
[max diff] DIFF L2D_CACHE_REFILL: 23
[max diff] DIFF L2D_CACHE_INVAL: 17

===========================================================
taskpendcnt:6564
t0:708 ns
t1:1583 ns
t2:30750 ns
benchmark: Franka-derived Cartesian-impedance kernel, input trace:8, timer period:10.000 ms
controller source: franka_ros2 jazzy@73a1501d, updates:6575, SVD sweeps:5
pose error:[0.010000 0.015000 0.010000 -0.000000 0.049979 -0.000000]
tau[0:6]:[1.376914 -0.104433 0.790225 0.843903 0.642107 -0.956178 0.423547]
kernel exec min/avg/max: 28.58 / 29.21 / 31.21 us, samples:6567
pressure status:1, copy rounds total/window:501/16, 7.53 rounds/s
pressure logical copy:5010.00 MiB total, approx 75.28 MiB/s, checksum:667177451520
pressure report window:2.125524 s
t0_region>
[0]:5725
[1]:843
[2]:1

t1_region>
[1]:5824
[2]:729
[3]:17

t2_region>
[30]:4152
[31]:2328
[32]:88
[34]:2

t0_min: 0.58 us, round:7
t0_max: 2.04 us, round:3325
t0_jitter: 1.46 us

t1_min: 1.38 us, round:405
t1_max: 3.29 us, round:3956
t1_jitter: 1.92 us

t2_min: 30.25 us, round:5613
t2_max: 34.46 us, round:382
t2_jitter: 4.21 us

PMU diff samples: 6573
AVG DIFF LL_CACHE_RD: 45.40
AVG DIFF LL_CACHE_MISS_RD: 25.42
AVG DIFF L2D_CACHE_REFILL: 5.23
AVG DIFF L2D_CACHE_INVAL: 0.02
[cur diff] DIFF LL_CACHE_RD: 0, DIFF LL_CACHE_MISS_RD: 0, MISS_RATE: 0.00%
[cur diff] DIFF L2D_CACHE_REFILL: 0
[cur diff] DIFF L2D_CACHE_INVAL: 0
[max diff] DIFF LL_CACHE_RD: 61, DIFF LL_CACHE_MISS_RD: 45, MISS_RATE: 73.77%
[max diff] DIFF L2D_CACHE_REFILL: 23
[max diff] DIFF L2D_CACHE_INVAL: 17

===========================================================
taskpendcnt:6776
t0:1541 ns
t1:2708 ns
t2:31875 ns
benchmark: Franka-derived Cartesian-impedance kernel, input trace:8, timer period:10.000 ms
controller source: franka_ros2 jazzy@73a1501d, updates:6788, SVD sweeps:5
pose error:[0.010000 0.015000 0.010000 -0.000000 0.049979 -0.000000]
tau[0:6]:[-0.274004 -0.324180 0.001577 -0.231466 0.050986 -0.328952 0.010844]
kernel exec min/avg/max: 28.58 / 29.21 / 31.21 us, samples:6780
pressure status:1, copy rounds total/window:517/16, 7.53 rounds/s
pressure logical copy:5170.00 MiB total, approx 75.29 MiB/s, checksum:688484515840
pressure report window:2.125132 s
t0_region>
[0]:5913
[1]:868
[2]:1

t1_region>
[1]:6014
[2]:751
[3]:17

t2_region>
[30]:4291
[31]:2399
[32]:91
[34]:2

t0_min: 0.58 us, round:7
t0_max: 2.04 us, round:3325
t0_jitter: 1.46 us

t1_min: 1.38 us, round:405
t1_max: 3.29 us, round:3956
t1_jitter: 1.92 us

t2_min: 30.25 us, round:5613
t2_max: 34.46 us, round:382
t2_jitter: 4.21 us

PMU diff samples: 6785
AVG DIFF LL_CACHE_RD: 45.37
AVG DIFF LL_CACHE_MISS_RD: 25.43
AVG DIFF L2D_CACHE_REFILL: 5.22
AVG DIFF L2D_CACHE_INVAL: 0.02
[cur diff] DIFF LL_CACHE_RD: 0, DIFF LL_CACHE_MISS_RD: 0, MISS_RATE: 0.00%
[cur diff] DIFF L2D_CACHE_REFILL: 0
[cur diff] DIFF L2D_CACHE_INVAL: 0
[max diff] DIFF LL_CACHE_RD: 61, DIFF LL_CACHE_MISS_RD: 45, MISS_RATE: 73.77%
[max diff] DIFF L2D_CACHE_REFILL: 23
[max diff] DIFF L2D_CACHE_INVAL: 17

===========================================================
taskpendcnt:6989
t0:833 ns
t1:2000 ns
t2:31458 ns
benchmark: Franka-derived Cartesian-impedance kernel, input trace:8, timer period:10.000 ms
controller source: franka_ros2 jazzy@73a1501d, updates:7000, SVD sweeps:5
pose error:[0.010000 0.015000 0.010000 -0.000000 0.049979 -0.000000]
tau[0:6]:[-2.781770 -1.613002 -1.930139 -1.581803 -1.382951 -0.390599 -0.663394]
kernel exec min/avg/max: 28.58 / 29.21 / 31.21 us, samples:6992
pressure status:1, copy rounds total/window:533/16, 7.53 rounds/s
pressure logical copy:5330.00 MiB total, approx 75.26 MiB/s, checksum:709791580160
pressure report window:2.126044 s
t0_region>
[0]:6102
[1]:892
[2]:1

t1_region>
[1]:6201
[2]:777
[3]:17

t2_region>
[30]:4427
[31]:2473
[32]:93
[34]:2

t0_min: 0.58 us, round:7
t0_max: 2.04 us, round:3325
t0_jitter: 1.46 us

t1_min: 1.38 us, round:405
t1_max: 3.29 us, round:3956
t1_jitter: 1.92 us

t2_min: 30.25 us, round:5613
t2_max: 34.46 us, round:382
t2_jitter: 4.21 us

PMU diff samples: 6998
AVG DIFF LL_CACHE_RD: 45.39
AVG DIFF LL_CACHE_MISS_RD: 25.46
AVG DIFF L2D_CACHE_REFILL: 5.20
AVG DIFF L2D_CACHE_INVAL: 0.02
[cur diff] DIFF LL_CACHE_RD: 0, DIFF LL_CACHE_MISS_RD: 0, MISS_RATE: 0.00%
[cur diff] DIFF L2D_CACHE_REFILL: 0
[cur diff] DIFF L2D_CACHE_INVAL: 0
[max diff] DIFF LL_CACHE_RD: 61, DIFF LL_CACHE_MISS_RD: 45, MISS_RATE: 73.77%
[max diff] DIFF L2D_CACHE_REFILL: 23
[max diff] DIFF L2D_CACHE_INVAL: 17

===========================================================
taskpendcnt:7202
t0:791 ns
t1:1666 ns
t2:31125 ns
benchmark: Franka-derived Cartesian-impedance kernel, input trace:8, timer period:10.000 ms
controller source: franka_ros2 jazzy@73a1501d, updates:7213, SVD sweeps:5
pose error:[0.010000 0.015000 0.010000 -0.000000 0.049979 -0.000000]
tau[0:6]:[0.839771 0.130674 0.617691 0.624912 0.653099 -0.592692 0.265887]
kernel exec min/avg/max: 28.58 / 29.21 / 31.21 us, samples:7205
pressure status:1, copy rounds total/window:550/17, 8.00 rounds/s
pressure logical copy:5500.00 MiB total, approx 79.99 MiB/s, checksum:732430336000
pressure report window:2.125350 s
t0_region>
[0]:6286
[1]:920
[2]:1

t1_region>
[1]:6383
[2]:807
[3]:17

t2_region>
[30]:4560
[31]:2551
[32]:95
[34]:2

t0_min: 0.58 us, round:7
t0_max: 2.04 us, round:3325
t0_jitter: 1.46 us

t1_min: 1.38 us, round:405
t1_max: 3.29 us, round:3956
t1_jitter: 1.92 us

t2_min: 30.25 us, round:5613
t2_max: 34.46 us, round:382
t2_jitter: 4.21 us

PMU diff samples: 7210
AVG DIFF LL_CACHE_RD: 45.37
AVG DIFF LL_CACHE_MISS_RD: 25.54
AVG DIFF L2D_CACHE_REFILL: 5.20
AVG DIFF L2D_CACHE_INVAL: 0.02
[cur diff] DIFF LL_CACHE_RD: 0, DIFF LL_CACHE_MISS_RD: 0, MISS_RATE: 0.00%
[cur diff] DIFF L2D_CACHE_REFILL: 0
[cur diff] DIFF L2D_CACHE_INVAL: 0
[max diff] DIFF LL_CACHE_RD: 61, DIFF LL_CACHE_MISS_RD: 45, MISS_RATE: 73.77%
[max diff] DIFF L2D_CACHE_REFILL: 23
[max diff] DIFF L2D_CACHE_INVAL: 17

===========================================================
taskpendcnt:7414
t0:958 ns
t1:2125 ns
t2:31000 ns
benchmark: Franka-derived Cartesian-impedance kernel, input trace:8, timer period:10.000 ms
controller source: franka_ros2 jazzy@73a1501d, updates:7425, SVD sweeps:5
pose error:[0.010000 0.015000 0.010000 -0.000000 0.049979 -0.000000]
tau[0:6]:[-2.379368 -1.292411 -1.655224 -1.570015 -1.185234 -0.066588 -0.610247]
kernel exec min/avg/max: 28.58 / 29.21 / 31.21 us, samples:7417
pressure status:1, copy rounds total/window:566/16, 7.53 rounds/s
pressure logical copy:5660.00 MiB total, approx 75.28 MiB/s, checksum:753737400320
pressure report window:2.125393 s
t0_region>
[0]:6474
[1]:945
[2]:1

t1_region>
[1]:6577
[2]:826
[3]:17

t2_region>
[30]:4698
[31]:2624
[32]:96
[34]:2

t0_min: 0.58 us, round:7
t0_max: 2.04 us, round:3325
t0_jitter: 1.46 us

t1_min: 1.38 us, round:405
t1_max: 3.29 us, round:3956
t1_jitter: 1.92 us

t2_min: 30.25 us, round:5613
t2_max: 34.46 us, round:382
t2_jitter: 4.21 us

PMU diff samples: 7423
AVG DIFF LL_CACHE_RD: 45.36
AVG DIFF LL_CACHE_MISS_RD: 25.66
AVG DIFF L2D_CACHE_REFILL: 5.20
AVG DIFF L2D_CACHE_INVAL: 0.02
[cur diff] DIFF LL_CACHE_RD: 0, DIFF LL_CACHE_MISS_RD: 0, MISS_RATE: 0.00%
[cur diff] DIFF L2D_CACHE_REFILL: 0
[cur diff] DIFF L2D_CACHE_INVAL: 0
[max diff] DIFF LL_CACHE_RD: 61, DIFF LL_CACHE_MISS_RD: 45, MISS_RATE: 73.77%
[max diff] DIFF L2D_CACHE_REFILL: 23
[max diff] DIFF L2D_CACHE_INVAL: 17

===========================================================
taskpendcnt:7627
t0:916 ns
t1:1500 ns
t2:30666 ns
benchmark: Franka-derived Cartesian-impedance kernel, input trace:8, timer period:10.000 ms
controller source: franka_ros2 jazzy@73a1501d, updates:7638, SVD sweeps:5
pose error:[0.010000 0.015000 0.010000 -0.000000 0.049979 -0.000000]
tau[0:6]:[1.228026 0.081850 0.819520 0.875435 0.745706 -0.833381 0.398995]
kernel exec min/avg/max: 28.58 / 29.21 / 31.21 us, samples:7630
pressure status:1, copy rounds total/window:582/16, 7.53 rounds/s
pressure logical copy:5820.00 MiB total, approx 75.28 MiB/s, checksum:775044464640
pressure report window:2.125355 s
t0_region>
[0]:6660
[1]:971
[2]:1

t1_region>
[1]:6766
[2]:850
[3]:17

t2_region>
[30]:4826
[31]:2705
[32]:100
[34]:2

t0_min: 0.58 us, round:7
t0_max: 2.04 us, round:3325
t0_jitter: 1.46 us

t1_min: 1.38 us, round:405
t1_max: 3.29 us, round:3956
t1_jitter: 1.92 us

t2_min: 30.25 us, round:5613
t2_max: 34.46 us, round:382
t2_jitter: 4.21 us

PMU diff samples: 7635
AVG DIFF LL_CACHE_RD: 45.35
AVG DIFF LL_CACHE_MISS_RD: 25.80
AVG DIFF L2D_CACHE_REFILL: 5.20
AVG DIFF L2D_CACHE_INVAL: 0.01
[cur diff] DIFF LL_CACHE_RD: 0, DIFF LL_CACHE_MISS_RD: 0, MISS_RATE: 0.00%
[cur diff] DIFF L2D_CACHE_REFILL: 0
[cur diff] DIFF L2D_CACHE_INVAL: 0
[max diff] DIFF LL_CACHE_RD: 61, DIFF LL_CACHE_MISS_RD: 45, MISS_RATE: 73.77%
[max diff] DIFF L2D_CACHE_REFILL: 23
[max diff] DIFF L2D_CACHE_INVAL: 17

===========================================================
taskpendcnt:7839
t0:791 ns
t1:1666 ns
t2:30916 ns
benchmark: Franka-derived Cartesian-impedance kernel, input trace:8, timer period:10.000 ms
controller source: franka_ros2 jazzy@73a1501d, updates:7850, SVD sweeps:5
pose error:[0.010000 0.015000 0.010000 -0.000000 0.049979 -0.000000]
tau[0:6]:[-1.839419 -0.921560 -1.193198 -1.195971 -0.861243 0.113634 -0.461388]
kernel exec min/avg/max: 28.58 / 29.21 / 31.21 us, samples:7842
pressure status:1, copy rounds total/window:598/16, 7.53 rounds/s
pressure logical copy:5980.00 MiB total, approx 75.28 MiB/s, checksum:796351528960
pressure report window:2.125315 s
t0_region>
[0]:6846
[1]:998
[2]:1

t1_region>
[1]:6953
[2]:874
[3]:18

t2_region>
[30]:4955
[31]:2786
[32]:102
[34]:2

t0_min: 0.58 us, round:7
t0_max: 2.04 us, round:3325
t0_jitter: 1.46 us

t1_min: 1.38 us, round:405
t1_max: 3.29 us, round:3956
t1_jitter: 1.92 us

t2_min: 30.25 us, round:5613
t2_max: 34.46 us, round:382
t2_jitter: 4.21 us

PMU diff samples: 7848
AVG DIFF LL_CACHE_RD: 45.36
AVG DIFF LL_CACHE_MISS_RD: 25.83
AVG DIFF L2D_CACHE_REFILL: 5.20
AVG DIFF L2D_CACHE_INVAL: 0.01
[cur diff] DIFF LL_CACHE_RD: 0, DIFF LL_CACHE_MISS_RD: 0, MISS_RATE: 0.00%
[cur diff] DIFF L2D_CACHE_REFILL: 0
[cur diff] DIFF L2D_CACHE_INVAL: 0
[max diff] DIFF LL_CACHE_RD: 61, DIFF LL_CACHE_MISS_RD: 45, MISS_RATE: 73.77%
[max diff] DIFF L2D_CACHE_REFILL: 23
[max diff] DIFF L2D_CACHE_INVAL: 17

===========================================================
taskpendcnt:8052
t0:1041 ns
t1:1916 ns
t2:31375 ns
benchmark: Franka-derived Cartesian-impedance kernel, input trace:8, timer period:10.000 ms
controller source: franka_ros2 jazzy@73a1501d, updates:8063, SVD sweeps:5
pose error:[0.010000 0.015000 0.010000 -0.000000 0.049979 -0.000000]
tau[0:6]:[1.376914 -0.104433 0.790225 0.843903 0.642107 -0.956178 0.423547]
kernel exec min/avg/max: 28.58 / 29.21 / 31.21 us, samples:8055
pressure status:1, copy rounds total/window:614/16, 7.53 rounds/s
pressure logical copy:6140.00 MiB total, approx 75.27 MiB/s, checksum:817658593280
pressure report window:2.125622 s
t0_region>
[0]:7025
[1]:1030
[2]:2

t1_region>
[1]:7138
[2]:900
[3]:20

t2_region>
[30]:5072
[31]:2878
[32]:106
[34]:2

t0_min: 0.58 us, round:7
t0_max: 2.08 us, round:7928
t0_jitter: 1.50 us

t1_min: 1.38 us, round:405
t1_max: 3.29 us, round:3956
t1_jitter: 1.92 us

t2_min: 30.25 us, round:5613
t2_max: 34.46 us, round:382
t2_jitter: 4.21 us

PMU diff samples: 8060
AVG DIFF LL_CACHE_RD: 45.33
AVG DIFF LL_CACHE_MISS_RD: 25.83
AVG DIFF L2D_CACHE_REFILL: 5.22
AVG DIFF L2D_CACHE_INVAL: 0.01
[cur diff] DIFF LL_CACHE_RD: 0, DIFF LL_CACHE_MISS_RD: 0, MISS_RATE: 0.00%
[cur diff] DIFF L2D_CACHE_REFILL: 0
[cur diff] DIFF L2D_CACHE_INVAL: 0
[max diff] DIFF LL_CACHE_RD: 61, DIFF LL_CACHE_MISS_RD: 45, MISS_RATE: 73.77%
[max diff] DIFF L2D_CACHE_REFILL: 23
[max diff] DIFF L2D_CACHE_INVAL: 17

===========================================================
taskpendcnt:8264
t0:1000 ns
t1:1875 ns
t2:31041 ns
benchmark: Franka-derived Cartesian-impedance kernel, input trace:8, timer period:10.000 ms
controller source: franka_ros2 jazzy@73a1501d, updates:8276, SVD sweeps:5
pose error:[0.010000 0.015000 0.010000 -0.000000 0.049979 -0.000000]
tau[0:6]:[-0.274004 -0.324180 0.001577 -0.231466 0.050986 -0.328952 0.010844]
kernel exec min/avg/max: 28.58 / 29.21 / 31.21 us, samples:8268
pressure status:1, copy rounds total/window:630/16, 7.53 rounds/s
pressure logical copy:6300.00 MiB total, approx 75.26 MiB/s, checksum:838965657600
pressure report window:2.126038 s
t0_region>
[0]:7207
[1]:1061
[2]:2

t1_region>
[1]:7323
[2]:926
[3]:21

t2_region>
[30]:5200
[31]:2959
[32]:110
[34]:2

t0_min: 0.58 us, round:7
t0_max: 2.08 us, round:7928
t0_jitter: 1.50 us

t1_min: 1.38 us, round:405
t1_max: 3.29 us, round:3956
t1_jitter: 1.92 us

t2_min: 30.25 us, round:5613
t2_max: 34.46 us, round:382
t2_jitter: 4.21 us

PMU diff samples: 8273
AVG DIFF LL_CACHE_RD: 45.28
AVG DIFF LL_CACHE_MISS_RD: 25.85
AVG DIFF L2D_CACHE_REFILL: 5.22
AVG DIFF L2D_CACHE_INVAL: 0.01
[cur diff] DIFF LL_CACHE_RD: 0, DIFF LL_CACHE_MISS_RD: 0, MISS_RATE: 0.00%
[cur diff] DIFF L2D_CACHE_REFILL: 0
[cur diff] DIFF L2D_CACHE_INVAL: 0
[max diff] DIFF LL_CACHE_RD: 61, DIFF LL_CACHE_MISS_RD: 45, MISS_RATE: 73.77%
[max diff] DIFF L2D_CACHE_REFILL: 23
[max diff] DIFF L2D_CACHE_INVAL: 17

===========================================================
taskpendcnt:8477
t0:875 ns
t1:1750 ns
t2:31208 ns
benchmark: Franka-derived Cartesian-impedance kernel, input trace:8, timer period:10.000 ms
controller source: franka_ros2 jazzy@73a1501d, updates:8488, SVD sweeps:5
pose error:[0.010000 0.015000 0.010000 -0.000000 0.049979 -0.000000]
tau[0:6]:[-0.567483 -0.552304 -0.482512 -0.231067 -0.297494 -0.656094 -0.085004]
kernel exec min/avg/max: 28.58 / 29.21 / 31.21 us, samples:8480
pressure status:1, copy rounds total/window:647/17, 8.00 rounds/s
pressure logical copy:6470.00 MiB total, approx 79.96 MiB/s, checksum:861604413440
pressure report window:2.126043 s
t0_region>
[0]:7387
[1]:1093
[2]:2

t1_region>
[1]:7508
[2]:954
[3]:21

t2_region>
[30]:5329
[31]:3040
[32]:112
[34]:2

t0_min: 0.58 us, round:7
t0_max: 2.08 us, round:7928
t0_jitter: 1.50 us

t1_min: 1.38 us, round:405
t1_max: 3.29 us, round:3956
t1_jitter: 1.92 us

t2_min: 30.25 us, round:5613
t2_max: 34.46 us, round:382
t2_jitter: 4.21 us

PMU diff samples: 8486
AVG DIFF LL_CACHE_RD: 45.34
AVG DIFF LL_CACHE_MISS_RD: 25.79
AVG DIFF L2D_CACHE_REFILL: 5.22
AVG DIFF L2D_CACHE_INVAL: 0.01
[cur diff] DIFF LL_CACHE_RD: 0, DIFF LL_CACHE_MISS_RD: 0, MISS_RATE: 0.00%
[cur diff] DIFF L2D_CACHE_REFILL: 0
[cur diff] DIFF L2D_CACHE_INVAL: 0
[max diff] DIFF LL_CACHE_RD: 61, DIFF LL_CACHE_MISS_RD: 45, MISS_RATE: 73.77%
[max diff] DIFF L2D_CACHE_REFILL: 23
[max diff] DIFF L2D_CACHE_INVAL: 17

===========================================================
taskpendcnt:8690
t0:833 ns
t1:1708 ns
t2:30583 ns
benchmark: Franka-derived Cartesian-impedance kernel, input trace:8, timer period:10.000 ms
controller source: franka_ros2 jazzy@73a1501d, updates:8701, SVD sweeps:5
pose error:[0.010000 0.015000 0.010000 -0.000000 0.049979 -0.000000]
tau[0:6]:[0.839771 0.130674 0.617691 0.624912 0.653099 -0.592692 0.265887]
kernel exec min/avg/max: 28.58 / 29.21 / 31.21 us, samples:8693
pressure status:1, copy rounds total/window:663/16, 7.53 rounds/s
pressure logical copy:6630.00 MiB total, approx 75.28 MiB/s, checksum:882911477760
pressure report window:2.125351 s
t0_region>
[0]:7575
[1]:1118
[2]:2

t1_region>
[1]:7697
[2]:976
[3]:22

t2_region>
[30]:5472
[31]:3105
[32]:117
[34]:2

t0_min: 0.58 us, round:7
t0_max: 2.08 us, round:7928
t0_jitter: 1.50 us

t1_min: 1.38 us, round:405
t1_max: 3.29 us, round:3956
t1_jitter: 1.92 us

t2_min: 30.25 us, round:5613
t2_max: 34.46 us, round:382
t2_jitter: 4.21 us

PMU diff samples: 8698
AVG DIFF LL_CACHE_RD: 45.35
AVG DIFF LL_CACHE_MISS_RD: 25.88
AVG DIFF L2D_CACHE_REFILL: 5.23
AVG DIFF L2D_CACHE_INVAL: 0.01
[cur diff] DIFF LL_CACHE_RD: 0, DIFF LL_CACHE_MISS_RD: 0, MISS_RATE: 0.00%
[cur diff] DIFF L2D_CACHE_REFILL: 0
[cur diff] DIFF L2D_CACHE_INVAL: 0
[max diff] DIFF LL_CACHE_RD: 61, DIFF LL_CACHE_MISS_RD: 45, MISS_RATE: 73.77%
[max diff] DIFF L2D_CACHE_REFILL: 23
[max diff] DIFF L2D_CACHE_INVAL: 17

===========================================================
taskpendcnt:8902
t0:708 ns
t1:1583 ns
t2:31041 ns
benchmark: Franka-derived Cartesian-impedance kernel, input trace:8, timer period:10.000 ms
controller source: franka_ros2 jazzy@73a1501d, updates:8913, SVD sweeps:5
pose error:[0.010000 0.015000 0.010000 -0.000000 0.049979 -0.000000]
tau[0:6]:[-2.379368 -1.292411 -1.655224 -1.570015 -1.185234 -0.066588 -0.610247]
kernel exec min/avg/max: 28.58 / 29.21 / 31.21 us, samples:8905
pressure status:1, copy rounds total/window:679/16, 7.53 rounds/s
pressure logical copy:6790.00 MiB total, approx 75.28 MiB/s, checksum:904218542080
pressure report window:2.125392 s
t0_region>
[0]:7763
[1]:1143
[2]:2

t1_region>
[1]:7886
[2]:1000
[3]:22

t2_region>
[30]:5606
[31]:3181
[32]:119
[34]:2

t0_min: 0.58 us, round:7
t0_max: 2.08 us, round:7928
t0_jitter: 1.50 us

t1_min: 1.38 us, round:405
t1_max: 3.29 us, round:3956
t1_jitter: 1.92 us

t2_min: 30.25 us, round:5613
t2_max: 34.46 us, round:382
t2_jitter: 4.21 us

PMU diff samples: 8911
AVG DIFF LL_CACHE_RD: 45.39
AVG DIFF LL_CACHE_MISS_RD: 25.87
AVG DIFF L2D_CACHE_REFILL: 5.23
AVG DIFF L2D_CACHE_INVAL: 0.01
[cur diff] DIFF LL_CACHE_RD: 0, DIFF LL_CACHE_MISS_RD: 0, MISS_RATE: 0.00%
[cur diff] DIFF L2D_CACHE_REFILL: 0
[cur diff] DIFF L2D_CACHE_INVAL: 0
[max diff] DIFF LL_CACHE_RD: 61, DIFF LL_CACHE_MISS_RD: 45, MISS_RATE: 73.77%
[max diff] DIFF L2D_CACHE_REFILL: 23
[max diff] DIFF L2D_CACHE_INVAL: 17

===========================================================
taskpendcnt:9115
t0:1250 ns
t1:2125 ns
t2:31291 ns
benchmark: Franka-derived Cartesian-impedance kernel, input trace:8, timer period:10.000 ms
controller source: franka_ros2 jazzy@73a1501d, updates:9126, SVD sweeps:5
pose error:[0.010000 0.015000 0.010000 -0.000000 0.049979 -0.000000]
tau[0:6]:[1.228026 0.081850 0.819520 0.875435 0.745706 -0.833381 0.398995]
kernel exec min/avg/max: 28.58 / 29.21 / 31.21 us, samples:9118
pressure status:1, copy rounds total/window:695/16, 7.53 rounds/s
pressure logical copy:6950.00 MiB total, approx 75.28 MiB/s, checksum:925525606400
pressure report window:2.125444 s
t0_region>
[0]:7943
[1]:1175
[2]:2

t1_region>
[1]:8079
[2]:1019
[3]:22

t2_region>
[30]:5752
[31]:3247
[32]:120
[34]:2

t0_min: 0.58 us, round:7
t0_max: 2.08 us, round:7928
t0_jitter: 1.50 us

t1_min: 1.38 us, round:405
t1_max: 3.29 us, round:3956
t1_jitter: 1.92 us

t2_min: 30.25 us, round:5613
t2_max: 34.46 us, round:382
t2_jitter: 4.21 us

PMU diff samples: 9123
AVG DIFF LL_CACHE_RD: 45.39
AVG DIFF LL_CACHE_MISS_RD: 25.84
AVG DIFF L2D_CACHE_REFILL: 5.22
AVG DIFF L2D_CACHE_INVAL: 0.01
[cur diff] DIFF LL_CACHE_RD: 0, DIFF LL_CACHE_MISS_RD: 0, MISS_RATE: 0.00%
[cur diff] DIFF L2D_CACHE_REFILL: 0
[cur diff] DIFF L2D_CACHE_INVAL: 0
[max diff] DIFF LL_CACHE_RD: 61, DIFF LL_CACHE_MISS_RD: 45, MISS_RATE: 73.77%
[max diff] DIFF L2D_CACHE_REFILL: 23
[max diff] DIFF L2D_CACHE_INVAL: 17

===========================================================
taskpendcnt:9327
t0:1125 ns
t1:2291 ns
t2:30958 ns
benchmark: Franka-derived Cartesian-impedance kernel, input trace:8, timer period:10.000 ms
controller source: franka_ros2 jazzy@73a1501d, updates:9338, SVD sweeps:5
pose error:[0.010000 0.015000 0.010000 -0.000000 0.049979 -0.000000]
tau[0:6]:[-1.839419 -0.921560 -1.193198 -1.195971 -0.861243 0.113634 -0.461388]
kernel exec min/avg/max: 28.58 / 29.21 / 31.21 us, samples:9330
pressure status:1, copy rounds total/window:711/16, 7.52 rounds/s
pressure logical copy:7110.00 MiB total, approx 75.25 MiB/s, checksum:946832670720
pressure report window:2.126310 s
t0_region>
[0]:8123
[1]:1208
[2]:2

t1_region>
[1]:8268
[2]:1043
[3]:22

t2_region>
[30]:5885
[31]:3324
[32]:122
[34]:2

t0_min: 0.58 us, round:7
t0_max: 2.08 us, round:7928
t0_jitter: 1.50 us

t1_min: 1.38 us, round:405
t1_max: 3.29 us, round:3956
t1_jitter: 1.92 us

t2_min: 30.25 us, round:5613
t2_max: 34.46 us, round:382
t2_jitter: 4.21 us

PMU diff samples: 9336
AVG DIFF LL_CACHE_RD: 45.35
AVG DIFF LL_CACHE_MISS_RD: 25.76
AVG DIFF L2D_CACHE_REFILL: 5.23
AVG DIFF L2D_CACHE_INVAL: 0.01
[cur diff] DIFF LL_CACHE_RD: 0, DIFF LL_CACHE_MISS_RD: 0, MISS_RATE: 0.00%
[cur diff] DIFF L2D_CACHE_REFILL: 0
[cur diff] DIFF L2D_CACHE_INVAL: 0
[max diff] DIFF LL_CACHE_RD: 61, DIFF LL_CACHE_MISS_RD: 45, MISS_RATE: 73.77%
[max diff] DIFF L2D_CACHE_REFILL: 23
[max diff] DIFF L2D_CACHE_INVAL: 17

===========================================================
taskpendcnt:9540
t0:791 ns
t1:1666 ns
t2:30833 ns
benchmark: Franka-derived Cartesian-impedance kernel, input trace:8, timer period:10.000 ms
controller source: franka_ros2 jazzy@73a1501d, updates:9551, SVD sweeps:5
pose error:[0.010000 0.015000 0.010000 -0.000000 0.049979 -0.000000]
tau[0:6]:[1.376914 -0.104433 0.790225 0.843903 0.642107 -0.956178 0.423547]
kernel exec min/avg/max: 28.58 / 29.21 / 31.21 us, samples:9543
pressure status:1, copy rounds total/window:727/16, 7.53 rounds/s
pressure logical copy:7270.00 MiB total, approx 75.28 MiB/s, checksum:968139735040
pressure report window:2.125442 s
t0_region>
[0]:8305
[1]:1238
[2]:2

t1_region>
[1]:8452
[2]:1072
[3]:22

t2_region>
[30]:6021
[31]:3395
[32]:128
[34]:2

t0_min: 0.58 us, round:7
t0_max: 2.08 us, round:7928
t0_jitter: 1.50 us

t1_min: 1.38 us, round:405
t1_max: 3.29 us, round:3956
t1_jitter: 1.92 us

t2_min: 30.25 us, round:5613
t2_max: 34.46 us, round:382
t2_jitter: 4.21 us

PMU diff samples: 9548
AVG DIFF LL_CACHE_RD: 45.39
AVG DIFF LL_CACHE_MISS_RD: 25.79
AVG DIFF L2D_CACHE_REFILL: 5.23
AVG DIFF L2D_CACHE_INVAL: 0.01
[cur diff] DIFF LL_CACHE_RD: 0, DIFF LL_CACHE_MISS_RD: 0, MISS_RATE: 0.00%
[cur diff] DIFF L2D_CACHE_REFILL: 0
[cur diff] DIFF L2D_CACHE_INVAL: 0
[max diff] DIFF LL_CACHE_RD: 61, DIFF LL_CACHE_MISS_RD: 45, MISS_RATE: 73.77%
[max diff] DIFF L2D_CACHE_REFILL: 23
[max diff] DIFF L2D_CACHE_INVAL: 17

===========================================================
taskpendcnt:9752
t0:1041 ns
t1:1916 ns
t2:31083 ns
benchmark: Franka-derived Cartesian-impedance kernel, input trace:8, timer period:10.000 ms
controller source: franka_ros2 jazzy@73a1501d, updates:9764, SVD sweeps:5
pose error:[0.010000 0.015000 0.010000 -0.000000 0.049979 -0.000000]
tau[0:6]:[-0.274004 -0.324180 0.001577 -0.231466 0.050986 -0.328952 0.010844]
kernel exec min/avg/max: 28.58 / 29.21 / 31.21 us, samples:9756
pressure status:1, copy rounds total/window:744/17, 8.00 rounds/s
pressure logical copy:7440.00 MiB total, approx 79.96 MiB/s, checksum:990778490880
pressure report window:2.126142 s
t0_region>
[0]:8494
[1]:1262
[2]:2

t1_region>
[1]:8644
[2]:1091
[3]:23

t2_region>
[30]:6160
[31]:3466
[32]:131
[34]:2

t0_min: 0.58 us, round:7
t0_max: 2.08 us, round:7928
t0_jitter: 1.50 us

t1_min: 1.38 us, round:405
t1_max: 3.29 us, round:3956
t1_jitter: 1.92 us

t2_min: 30.25 us, round:5613
t2_max: 34.46 us, round:382
t2_jitter: 4.21 us

PMU diff samples: 9761
AVG DIFF LL_CACHE_RD: 45.39
AVG DIFF LL_CACHE_MISS_RD: 25.81
AVG DIFF L2D_CACHE_REFILL: 5.22
AVG DIFF L2D_CACHE_INVAL: 0.01
[cur diff] DIFF LL_CACHE_RD: 0, DIFF LL_CACHE_MISS_RD: 0, MISS_RATE: 0.00%
[cur diff] DIFF L2D_CACHE_REFILL: 0
[cur diff] DIFF L2D_CACHE_INVAL: 0
[max diff] DIFF LL_CACHE_RD: 61, DIFF LL_CACHE_MISS_RD: 45, MISS_RATE: 73.77%
[max diff] DIFF L2D_CACHE_REFILL: 23
[max diff] DIFF L2D_CACHE_INVAL: 17

===========================================================
taskpendcnt:9965
t0:625 ns
t1:1500 ns
t2:30958 ns
benchmark: Franka-derived Cartesian-impedance kernel, input trace:8, timer period:10.000 ms
controller source: franka_ros2 jazzy@73a1501d, updates:9976, SVD sweeps:5
pose error:[0.010000 0.015000 0.010000 -0.000000 0.049979 -0.000000]
tau[0:6]:[-0.567483 -0.552304 -0.482512 -0.231067 -0.297494 -0.656094 -0.085004]
kernel exec min/avg/max: 28.58 / 29.21 / 31.21 us, samples:9968
pressure status:1, copy rounds total/window:760/16, 7.53 rounds/s
pressure logical copy:7600.00 MiB total, approx 75.26 MiB/s, checksum:1012085555200
pressure report window:2.126040 s
t0_region>
[0]:8678
[1]:1289
[2]:3

t1_region>
[1]:8833
[2]:1113
[3]:25

t2_region>
[30]:6289
[31]:3547
[32]:133
[34]:2

t0_min: 0.58 us, round:7
t0_max: 2.08 us, round:7928
t0_jitter: 1.50 us

t1_min: 1.38 us, round:405
t1_max: 3.29 us, round:3956
t1_jitter: 1.92 us

t2_min: 30.25 us, round:5613
t2_max: 34.46 us, round:382
t2_jitter: 4.21 us

PMU diff samples: 9974
AVG DIFF LL_CACHE_RD: 45.36
AVG DIFF LL_CACHE_MISS_RD: 25.71
AVG DIFF L2D_CACHE_REFILL: 5.21
AVG DIFF L2D_CACHE_INVAL: 0.01
[cur diff] DIFF LL_CACHE_RD: 0, DIFF LL_CACHE_MISS_RD: 0, MISS_RATE: 0.00%
[cur diff] DIFF L2D_CACHE_REFILL: 0
[cur diff] DIFF L2D_CACHE_INVAL: 0
[max diff] DIFF LL_CACHE_RD: 61, DIFF LL_CACHE_MISS_RD: 45, MISS_RATE: 73.77%
[max diff] DIFF L2D_CACHE_REFILL: 23
[max diff] DIFF L2D_CACHE_INVAL: 17

===========================================================
taskpendcnt:10178
t0:875 ns
t1:1458 ns
t2:30625 ns
benchmark: Franka-derived Cartesian-impedance kernel, input trace:8, timer period:10.000 ms
controller source: franka_ros2 jazzy@73a1501d, updates:10189, SVD sweeps:5
pose error:[0.010000 0.015000 0.010000 -0.000000 0.049979 -0.000000]
tau[0:6]:[0.839771 0.130674 0.617691 0.624912 0.653099 -0.592692 0.265887]
kernel exec min/avg/max: 28.58 / 29.21 / 31.21 us, samples:10181
pressure status:1, copy rounds total/window:776/16, 7.53 rounds/s
pressure logical copy:7760.00 MiB total, approx 75.27 MiB/s, checksum:1033392619520
pressure report window:2.125611 s
t0_region>
[0]:8863
[1]:1316
[2]:4

t1_region>
[1]:9020
[2]:1138
[3]:25

t2_region>
[30]:6421
[31]:3622
[32]:139
[34]:2

t0_min: 0.58 us, round:7
t0_max: 2.08 us, round:7928
t0_jitter: 1.50 us

t1_min: 1.38 us, round:405
t1_max: 3.29 us, round:3956
t1_jitter: 1.92 us

t2_min: 30.25 us, round:5613
t2_max: 34.46 us, round:382
t2_jitter: 4.21 us

PMU diff samples: 10186
AVG DIFF LL_CACHE_RD: 45.37
AVG DIFF LL_CACHE_MISS_RD: 25.72
AVG DIFF L2D_CACHE_REFILL: 5.21
AVG DIFF L2D_CACHE_INVAL: 0.01
[cur diff] DIFF LL_CACHE_RD: 0, DIFF LL_CACHE_MISS_RD: 0, MISS_RATE: 0.00%
[cur diff] DIFF L2D_CACHE_REFILL: 0
[cur diff] DIFF L2D_CACHE_INVAL: 0
[max diff] DIFF LL_CACHE_RD: 61, DIFF LL_CACHE_MISS_RD: 45, MISS_RATE: 73.77%
[max diff] DIFF L2D_CACHE_REFILL: 23
[max diff] DIFF L2D_CACHE_INVAL: 17

===========================================================
taskpendcnt:10390
t0:1333 ns
t1:2500 ns
t2:31166 ns
benchmark: Franka-derived Cartesian-impedance kernel, input trace:8, timer period:10.000 ms
controller source: franka_ros2 jazzy@73a1501d, updates:10401, SVD sweeps:5
pose error:[0.010000 0.015000 0.010000 -0.000000 0.049979 -0.000000]
tau[0:6]:[-2.379368 -1.292411 -1.655224 -1.570015 -1.185234 -0.066588 -0.610247]
kernel exec min/avg/max: 28.58 / 29.21 / 31.21 us, samples:10393
pressure status:1, copy rounds total/window:792/16, 7.52 rounds/s
pressure logical copy:7920.00 MiB total, approx 75.24 MiB/s, checksum:1054699683840
pressure report window:2.126474 s
t0_region>
[0]:9052
[1]:1339
[2]:5

t1_region>
[1]:9209
[2]:1161
[3]:26

t2_region>
[30]:6561
[31]:3690
[32]:143
[34]:2

t0_min: 0.58 us, round:7
t0_max: 2.08 us, round:7928
t0_jitter: 1.50 us

t1_min: 1.38 us, round:405
t1_max: 3.29 us, round:3956
t1_jitter: 1.92 us

t2_min: 30.25 us, round:5613
t2_max: 34.46 us, round:382
t2_jitter: 4.21 us

PMU diff samples: 10399
AVG DIFF LL_CACHE_RD: 45.38
AVG DIFF LL_CACHE_MISS_RD: 25.69
AVG DIFF L2D_CACHE_REFILL: 5.20
AVG DIFF L2D_CACHE_INVAL: 0.01
[cur diff] DIFF LL_CACHE_RD: 0, DIFF LL_CACHE_MISS_RD: 0, MISS_RATE: 0.00%
[cur diff] DIFF L2D_CACHE_REFILL: 0
[cur diff] DIFF L2D_CACHE_INVAL: 0
[max diff] DIFF LL_CACHE_RD: 61, DIFF LL_CACHE_MISS_RD: 45, MISS_RATE: 73.77%
[max diff] DIFF L2D_CACHE_REFILL: 23
[max diff] DIFF L2D_CACHE_INVAL: 17

===========================================================
taskpendcnt:10603
t0:708 ns
t1:1583 ns
t2:31041 ns
benchmark: Franka-derived Cartesian-impedance kernel, input trace:8, timer period:10.000 ms
controller source: franka_ros2 jazzy@73a1501d, updates:10614, SVD sweeps:5
pose error:[0.010000 0.015000 0.010000 -0.000000 0.049979 -0.000000]
tau[0:6]:[1.228026 0.081850 0.819520 0.875435 0.745706 -0.833381 0.398995]
kernel exec min/avg/max: 28.58 / 29.21 / 31.21 us, samples:10606
pressure status:1, copy rounds total/window:808/16, 7.53 rounds/s
pressure logical copy:8080.00 MiB total, approx 75.28 MiB/s, checksum:1076006748160
pressure report window:2.125269 s
t0_region>
[0]:9237
[1]:1366
[2]:5

t1_region>
[1]:9398
[2]:1184
[3]:27

t2_region>
[30]:6667
[31]:3791
[32]:149
[34]:2

t0_min: 0.58 us, round:7
t0_max: 2.08 us, round:7928
t0_jitter: 1.50 us

t1_min: 1.38 us, round:405
t1_max: 3.29 us, round:3956
t1_jitter: 1.92 us

t2_min: 30.25 us, round:5613
t2_max: 34.46 us, round:382
t2_jitter: 4.21 us

PMU diff samples: 10611
AVG DIFF LL_CACHE_RD: 45.42
AVG DIFF LL_CACHE_MISS_RD: 25.74
AVG DIFF L2D_CACHE_REFILL: 5.22
AVG DIFF L2D_CACHE_INVAL: 0.01
[cur diff] DIFF LL_CACHE_RD: 0, DIFF LL_CACHE_MISS_RD: 0, MISS_RATE: 0.00%
[cur diff] DIFF L2D_CACHE_REFILL: 0
[cur diff] DIFF L2D_CACHE_INVAL: 0
[max diff] DIFF LL_CACHE_RD: 61, DIFF LL_CACHE_MISS_RD: 45, MISS_RATE: 73.77%
[max diff] DIFF L2D_CACHE_REFILL: 23
[max diff] DIFF L2D_CACHE_INVAL: 17

===========================================================
taskpendcnt:10815
t0:875 ns
t1:1833 ns
t2:31000 ns
benchmark: Franka-derived Cartesian-impedance kernel, input trace:8, timer period:10.000 ms
controller source: franka_ros2 jazzy@73a1501d, updates:10827, SVD sweeps:5
pose error:[0.010000 0.015000 0.010000 -0.000000 0.049979 -0.000000]
tau[0:6]:[-1.839419 -0.921560 -1.193198 -1.195971 -0.861243 0.113634 -0.461388]
kernel exec min/avg/max: 28.58 / 29.21 / 31.21 us, samples:10819
pressure status:1, copy rounds total/window:825/17, 8.00 rounds/s
pressure logical copy:8250.00 MiB total, approx 79.95 MiB/s, checksum:1098645504000
pressure report window:2.126303 s
t0_region>
[0]:9423
[1]:1393
[2]:5

t1_region>
[1]:9583
[2]:1211
[3]:27

t2_region>
[30]:6795
[31]:3873
[32]:152
[34]:2

t0_min: 0.58 us, round:7
t0_max: 2.08 us, round:7928
t0_jitter: 1.50 us

t1_min: 1.38 us, round:405
t1_max: 3.29 us, round:3956
t1_jitter: 1.92 us

t2_min: 30.25 us, round:5613
t2_max: 34.46 us, round:382
t2_jitter: 4.21 us

PMU diff samples: 10824
AVG DIFF LL_CACHE_RD: 45.43
AVG DIFF LL_CACHE_MISS_RD: 25.76
AVG DIFF L2D_CACHE_REFILL: 5.22
AVG DIFF L2D_CACHE_INVAL: 0.01
[cur diff] DIFF LL_CACHE_RD: 0, DIFF LL_CACHE_MISS_RD: 0, MISS_RATE: 0.00%
[cur diff] DIFF L2D_CACHE_REFILL: 0
[cur diff] DIFF L2D_CACHE_INVAL: 0
[max diff] DIFF LL_CACHE_RD: 61, DIFF LL_CACHE_MISS_RD: 45, MISS_RATE: 73.77%
[max diff] DIFF L2D_CACHE_REFILL: 23
[max diff] DIFF L2D_CACHE_INVAL: 17

===========================================================
taskpendcnt:11028
t0:833 ns
t1:1708 ns
t2:30583 ns
benchmark: Franka-derived Cartesian-impedance kernel, input trace:8, timer period:10.000 ms
controller source: franka_ros2 jazzy@73a1501d, updates:11039, SVD sweeps:5
pose error:[0.010000 0.015000 0.010000 -0.000000 0.049979 -0.000000]
tau[0:6]:[1.376914 -0.104433 0.790225 0.843903 0.642107 -0.956178 0.423547]
kernel exec min/avg/max: 28.58 / 29.21 / 31.21 us, samples:11031
pressure status:1, copy rounds total/window:841/16, 7.53 rounds/s
pressure logical copy:8410.00 MiB total, approx 75.28 MiB/s, checksum:1119952568320
pressure report window:2.125526 s
t0_region>
[0]:9612
[1]:1416
[2]:5

t1_region>
[1]:9777
[2]:1230
[3]:27

t2_region>
[30]:6933
[31]:3945
[32]:154
[34]:2

t0_min: 0.58 us, round:7
t0_max: 2.08 us, round:7928
t0_jitter: 1.50 us

t1_min: 1.38 us, round:405
t1_max: 3.29 us, round:3956
t1_jitter: 1.92 us

t2_min: 30.25 us, round:5613
t2_max: 34.46 us, round:382
t2_jitter: 4.21 us

PMU diff samples: 11037
AVG DIFF LL_CACHE_RD: 45.44
AVG DIFF LL_CACHE_MISS_RD: 25.80
AVG DIFF L2D_CACHE_REFILL: 5.22
AVG DIFF L2D_CACHE_INVAL: 0.01
[cur diff] DIFF LL_CACHE_RD: 0, DIFF LL_CACHE_MISS_RD: 0, MISS_RATE: 0.00%
[cur diff] DIFF L2D_CACHE_REFILL: 0
[cur diff] DIFF L2D_CACHE_INVAL: 0
[max diff] DIFF LL_CACHE_RD: 61, DIFF LL_CACHE_MISS_RD: 45, MISS_RATE: 73.77%
[max diff] DIFF L2D_CACHE_REFILL: 23
[max diff] DIFF L2D_CACHE_INVAL: 17

===========================================================
taskpendcnt:11241
t0:791 ns
t1:1666 ns
t2:30833 ns
benchmark: Franka-derived Cartesian-impedance kernel, input trace:8, timer period:10.000 ms
controller source: franka_ros2 jazzy@73a1501d, updates:11252, SVD sweeps:5
pose error:[0.010000 0.015000 0.010000 -0.000000 0.049979 -0.000000]
tau[0:6]:[-0.274004 -0.324180 0.001577 -0.231466 0.050986 -0.328952 0.010844]
kernel exec min/avg/max: 28.58 / 29.21 / 31.21 us, samples:11244
pressure status:1, copy rounds total/window:857/16, 7.53 rounds/s
pressure logical copy:8570.00 MiB total, approx 75.26 MiB/s, checksum:1141259632640
pressure report window:2.126054 s
t0_region>
[0]:9799
[1]:1442
[2]:5

t1_region>
[1]:9967
[2]:1251
[3]:28

t2_region>
[30]:7069
[31]:4019
[32]:157
[34]:2

t0_min: 0.58 us, round:7
t0_max: 2.08 us, round:7928
t0_jitter: 1.50 us

t1_min: 1.38 us, round:405
t1_max: 3.29 us, round:3956
t1_jitter: 1.92 us

t2_min: 30.25 us, round:5613
t2_max: 34.46 us, round:382
t2_jitter: 4.21 us

PMU diff samples: 11249
AVG DIFF LL_CACHE_RD: 45.43
AVG DIFF LL_CACHE_MISS_RD: 25.80
AVG DIFF L2D_CACHE_REFILL: 5.23
AVG DIFF L2D_CACHE_INVAL: 0.01
[cur diff] DIFF LL_CACHE_RD: 0, DIFF LL_CACHE_MISS_RD: 0, MISS_RATE: 0.00%
[cur diff] DIFF L2D_CACHE_REFILL: 0
[cur diff] DIFF L2D_CACHE_INVAL: 0
[max diff] DIFF LL_CACHE_RD: 61, DIFF LL_CACHE_MISS_RD: 45, MISS_RATE: 73.77%
[max diff] DIFF L2D_CACHE_REFILL: 23
[max diff] DIFF L2D_CACHE_INVAL: 17

===========================================================
taskpendcnt:11453
t0:666 ns
t1:1541 ns
t2:30708 ns
benchmark: Franka-derived Cartesian-impedance kernel, input trace:8, timer period:10.000 ms
controller source: franka_ros2 jazzy@73a1501d, updates:11464, SVD sweeps:5
pose error:[0.010000 0.015000 0.010000 -0.000000 0.049979 -0.000000]
tau[0:6]:[-2.781770 -1.613002 -1.930139 -1.581803 -1.382951 -0.390599 -0.663394]
kernel exec min/avg/max: 28.58 / 29.21 / 31.21 us, samples:11456
pressure status:1, copy rounds total/window:873/16, 7.53 rounds/s
pressure logical copy:8730.00 MiB total, approx 75.25 MiB/s, checksum:1162566696960
pressure report window:2.126141 s
t0_region>
[0]:9984
[1]:1470
[2]:5

t1_region>
[1]:10155
[2]:1276
[3]:28

t2_region>
[30]:7200
[31]:4096
[32]:161
[34]:2

t0_min: 0.58 us, round:7
t0_max: 2.08 us, round:7928
t0_jitter: 1.50 us

t1_min: 1.38 us, round:405
t1_max: 3.29 us, round:3956
t1_jitter: 1.92 us

t2_min: 30.25 us, round:5613
t2_max: 34.46 us, round:382
t2_jitter: 4.21 us

PMU diff samples: 11462
AVG DIFF LL_CACHE_RD: 45.33
AVG DIFF LL_CACHE_MISS_RD: 25.76
AVG DIFF L2D_CACHE_REFILL: 5.23
AVG DIFF L2D_CACHE_INVAL: 0.01
[cur diff] DIFF LL_CACHE_RD: 0, DIFF LL_CACHE_MISS_RD: 0, MISS_RATE: 0.00%
[cur diff] DIFF L2D_CACHE_REFILL: 0
[cur diff] DIFF L2D_CACHE_INVAL: 0
[max diff] DIFF LL_CACHE_RD: 61, DIFF LL_CACHE_MISS_RD: 45, MISS_RATE: 73.77%
[max diff] DIFF L2D_CACHE_REFILL: 23
[max diff] DIFF L2D_CACHE_INVAL: 17

===========================================================
taskpendcnt:11666
t0:1208 ns
t1:2083 ns
t2:31541 ns
benchmark: Franka-derived Cartesian-impedance kernel, input trace:8, timer period:10.000 ms
controller source: franka_ros2 jazzy@73a1501d, updates:11677, SVD sweeps:5
pose error:[0.010000 0.015000 0.010000 -0.000000 0.049979 -0.000000]
tau[0:6]:[0.839771 0.130674 0.617691 0.624912 0.653099 -0.592692 0.265887]
kernel exec min/avg/max: 28.58 / 29.21 / 31.21 us, samples:11669
pressure status:1, copy rounds total/window:889/16, 7.53 rounds/s
pressure logical copy:8890.00 MiB total, approx 75.28 MiB/s, checksum:1183873761280
pressure report window:2.125432 s
t0_region>
[0]:10167
[1]:1499
[2]:5

t1_region>
[1]:10345
[2]:1298
[3]:29

t2_region>
[30]:7343
[31]:4163
[32]:164
[34]:2

t0_min: 0.50 us, round:11465
t0_max: 2.08 us, round:7928
t0_jitter: 1.58 us

t1_min: 1.38 us, round:405
t1_max: 3.29 us, round:3956
t1_jitter: 1.92 us

t2_min: 30.25 us, round:5613
t2_max: 34.46 us, round:382
t2_jitter: 4.21 us

PMU diff samples: 11674
AVG DIFF LL_CACHE_RD: 45.29
AVG DIFF LL_CACHE_MISS_RD: 25.65
AVG DIFF L2D_CACHE_REFILL: 5.22
AVG DIFF L2D_CACHE_INVAL: 0.01
[cur diff] DIFF LL_CACHE_RD: 0, DIFF LL_CACHE_MISS_RD: 0, MISS_RATE: 0.00%
[cur diff] DIFF L2D_CACHE_REFILL: 0
[cur diff] DIFF L2D_CACHE_INVAL: 0
[max diff] DIFF LL_CACHE_RD: 61, DIFF LL_CACHE_MISS_RD: 45, MISS_RATE: 73.77%
[max diff] DIFF L2D_CACHE_REFILL: 23
[max diff] DIFF L2D_CACHE_INVAL: 17

===========================================================
taskpendcnt:11878
t0:791 ns
t1:1750 ns
t2:30625 ns
benchmark: Franka-derived Cartesian-impedance kernel, input trace:8, timer period:10.000 ms
controller source: franka_ros2 jazzy@73a1501d, updates:11890, SVD sweeps:5
pose error:[0.010000 0.015000 0.010000 -0.000000 0.049979 -0.000000]
tau[0:6]:[-2.379368 -1.292411 -1.655224 -1.570015 -1.185234 -0.066588 -0.610247]
kernel exec min/avg/max: 28.58 / 29.21 / 31.21 us, samples:11882
pressure status:1, copy rounds total/window:905/16, 7.52 rounds/s
pressure logical copy:9050.00 MiB total, approx 75.25 MiB/s, checksum:1205180825600
pressure report window:2.126306 s
t0_region>
[0]:10354
[1]:1525
[2]:5

t1_region>
[1]:10533
[2]:1321
[3]:30

t2_region>
[30]:7482
[31]:4234
[32]:167
[34]:2

t0_min: 0.50 us, round:11465
t0_max: 2.08 us, round:7928
t0_jitter: 1.58 us

t1_min: 1.38 us, round:405
t1_max: 3.29 us, round:3956
t1_jitter: 1.92 us

t2_min: 30.25 us, round:5613
t2_max: 34.46 us, round:382
t2_jitter: 4.21 us

PMU diff samples: 11887
AVG DIFF LL_CACHE_RD: 45.31
AVG DIFF LL_CACHE_MISS_RD: 25.63
AVG DIFF L2D_CACHE_REFILL: 5.20
AVG DIFF L2D_CACHE_INVAL: 0.01
[cur diff] DIFF LL_CACHE_RD: 0, DIFF LL_CACHE_MISS_RD: 0, MISS_RATE: 0.00%
[cur diff] DIFF L2D_CACHE_REFILL: 0
[cur diff] DIFF L2D_CACHE_INVAL: 0
[max diff] DIFF LL_CACHE_RD: 61, DIFF LL_CACHE_MISS_RD: 45, MISS_RATE: 73.77%
[max diff] DIFF L2D_CACHE_REFILL: 23
[max diff] DIFF L2D_CACHE_INVAL: 17

===========================================================
taskpendcnt:12091
t0:750 ns
t1:1625 ns
t2:31083 ns
benchmark: Franka-derived Cartesian-impedance kernel, input trace:8, timer period:10.000 ms
controller source: franka_ros2 jazzy@73a1501d, updates:12102, SVD sweeps:5
pose error:[0.010000 0.015000 0.010000 -0.000000 0.049979 -0.000000]
tau[0:6]:[1.228026 0.081850 0.819520 0.875435 0.745706 -0.833381 0.398995]
kernel exec min/avg/max: 28.58 / 29.21 / 31.21 us, samples:12094
pressure status:1, copy rounds total/window:922/17, 7.99 rounds/s
pressure logical copy:9220.00 MiB total, approx 79.95 MiB/s, checksum:1227819581440
pressure report window:2.126347 s
t0_region>
[0]:10544
[1]:1546
[2]:6

t1_region>
[1]:10726
[2]:1339
[3]:32

t2_region>
[30]:7614
[31]:4306
[32]:175
[34]:2

t0_min: 0.50 us, round:11465
t0_max: 2.13 us, round:12062
t0_jitter: 1.63 us

t1_min: 1.38 us, round:405
t1_max: 3.29 us, round:3956
t1_jitter: 1.92 us

t2_min: 30.25 us, round:5613
t2_max: 34.46 us, round:382
t2_jitter: 4.21 us

PMU diff samples: 12100
AVG DIFF LL_CACHE_RD: 45.33
AVG DIFF LL_CACHE_MISS_RD: 25.64
AVG DIFF L2D_CACHE_REFILL: 5.20
AVG DIFF L2D_CACHE_INVAL: 0.01
[cur diff] DIFF LL_CACHE_RD: 0, DIFF LL_CACHE_MISS_RD: 0, MISS_RATE: 0.00%
[cur diff] DIFF L2D_CACHE_REFILL: 0
[cur diff] DIFF L2D_CACHE_INVAL: 0
[max diff] DIFF LL_CACHE_RD: 61, DIFF LL_CACHE_MISS_RD: 45, MISS_RATE: 73.77%
[max diff] DIFF L2D_CACHE_REFILL: 23
[max diff] DIFF L2D_CACHE_INVAL: 17

===========================================================
taskpendcnt:12304
t0:708 ns
t1:1583 ns
t2:30750 ns
benchmark: Franka-derived Cartesian-impedance kernel, input trace:8, timer period:10.000 ms
controller source: franka_ros2 jazzy@73a1501d, updates:12315, SVD sweeps:5
pose error:[0.010000 0.015000 0.010000 -0.000000 0.049979 -0.000000]
tau[0:6]:[-1.839419 -0.921560 -1.193198 -1.195971 -0.861243 0.113634 -0.461388]
kernel exec min/avg/max: 28.58 / 29.21 / 31.21 us, samples:12307
pressure status:1, copy rounds total/window:938/16, 7.52 rounds/s
pressure logical copy:9380.00 MiB total, approx 75.25 MiB/s, checksum:1249126645760
pressure report window:2.126304 s
t0_region>
[0]:10736
[1]:1567
[2]:6

t1_region>
[1]:10914
[2]:1363
[3]:32

t2_region>
[30]:7744
[31]:4388
[32]:176
[34]:2

t0_min: 0.50 us, round:11465
t0_max: 2.13 us, round:12062
t0_jitter: 1.63 us

t1_min: 1.38 us, round:405
t1_max: 3.29 us, round:3956
t1_jitter: 1.92 us

t2_min: 30.25 us, round:5613
t2_max: 34.46 us, round:382
t2_jitter: 4.21 us

PMU diff samples: 12312
AVG DIFF LL_CACHE_RD: 45.37
AVG DIFF LL_CACHE_MISS_RD: 25.70
AVG DIFF L2D_CACHE_REFILL: 5.20
AVG DIFF L2D_CACHE_INVAL: 0.01
[cur diff] DIFF LL_CACHE_RD: 0, DIFF LL_CACHE_MISS_RD: 0, MISS_RATE: 0.00%
[cur diff] DIFF L2D_CACHE_REFILL: 0
[cur diff] DIFF L2D_CACHE_INVAL: 0
[max diff] DIFF LL_CACHE_RD: 61, DIFF LL_CACHE_MISS_RD: 45, MISS_RATE: 73.77%
[max diff] DIFF L2D_CACHE_REFILL: 23
[max diff] DIFF L2D_CACHE_INVAL: 17

===========================================================
taskpendcnt:12516
t0:875 ns
t1:1750 ns
t2:31000 ns
benchmark: Franka-derived Cartesian-impedance kernel, input trace:8, timer period:10.000 ms
controller source: franka_ros2 jazzy@73a1501d, updates:12527, SVD sweeps:5
pose error:[0.010000 0.015000 0.010000 -0.000000 0.049979 -0.000000]
tau[0:6]:[-0.567483 -0.552304 -0.482512 -0.231067 -0.297494 -0.656094 -0.085004]
kernel exec min/avg/max: 28.58 / 29.21 / 31.21 us, samples:12519
pressure status:1, copy rounds total/window:954/16, 7.52 rounds/s
pressure logical copy:9540.00 MiB total, approx 75.22 MiB/s, checksum:1270433710080
pressure report window:2.126968 s
t0_region>
[0]:10924
[1]:1592
[2]:6

t1_region>
[1]:11102
[2]:1388
[3]:32

t2_region>
[30]:7866
[31]:4477
[32]:177
[34]:2

t0_min: 0.50 us, round:11465
t0_max: 2.13 us, round:12062
t0_jitter: 1.63 us

t1_min: 1.38 us, round:405
t1_max: 3.29 us, round:3956
t1_jitter: 1.92 us

t2_min: 30.25 us, round:5613
t2_max: 34.46 us, round:382
t2_jitter: 4.21 us

PMU diff samples: 12525
AVG DIFF LL_CACHE_RD: 45.38
AVG DIFF LL_CACHE_MISS_RD: 25.73
AVG DIFF L2D_CACHE_REFILL: 5.20
AVG DIFF L2D_CACHE_INVAL: 0.01
[cur diff] DIFF LL_CACHE_RD: 0, DIFF LL_CACHE_MISS_RD: 0, MISS_RATE: 0.00%
[cur diff] DIFF L2D_CACHE_REFILL: 0
[cur diff] DIFF L2D_CACHE_INVAL: 0
[max diff] DIFF LL_CACHE_RD: 61, DIFF LL_CACHE_MISS_RD: 45, MISS_RATE: 73.77%
[max diff] DIFF L2D_CACHE_REFILL: 23
[max diff] DIFF L2D_CACHE_INVAL: 17

===========================================================
taskpendcnt:12729
t0:833 ns
t1:1708 ns
t2:30875 ns
benchmark: Franka-derived Cartesian-impedance kernel, input trace:8, timer period:10.000 ms
controller source: franka_ros2 jazzy@73a1501d, updates:12740, SVD sweeps:5
pose error:[0.010000 0.015000 0.010000 -0.000000 0.049979 -0.000000]
tau[0:6]:[-0.274004 -0.324180 0.001577 -0.231466 0.050986 -0.328952 0.010844]
kernel exec min/avg/max: 28.58 / 29.21 / 31.21 us, samples:12732
pressure status:1, copy rounds total/window:970/16, 7.52 rounds/s
pressure logical copy:9700.00 MiB total, approx 75.24 MiB/s, checksum:1291740774400
pressure report window:2.126613 s
t0_region>
[0]:11106
[1]:1623
[2]:6

t1_region>
[1]:11293
[2]:1407
[3]:35

t2_region>
[30]:8002
[31]:4550
[32]:181
[34]:2

t0_min: 0.50 us, round:11465
t0_max: 2.13 us, round:12062
t0_jitter: 1.63 us

t1_min: 1.38 us, round:405
t1_max: 3.29 us, round:3956
t1_jitter: 1.92 us

t2_min: 30.25 us, round:5613
t2_max: 34.46 us, round:382
t2_jitter: 4.21 us

PMU diff samples: 12738
AVG DIFF LL_CACHE_RD: 45.37
AVG DIFF LL_CACHE_MISS_RD: 25.75
AVG DIFF L2D_CACHE_REFILL: 5.20
AVG DIFF L2D_CACHE_INVAL: 0.01
[cur diff] DIFF LL_CACHE_RD: 0, DIFF LL_CACHE_MISS_RD: 0, MISS_RATE: 0.00%
[cur diff] DIFF L2D_CACHE_REFILL: 0
[cur diff] DIFF L2D_CACHE_INVAL: 0
[max diff] DIFF LL_CACHE_RD: 61, DIFF LL_CACHE_MISS_RD: 45, MISS_RATE: 73.77%
[max diff] DIFF L2D_CACHE_REFILL: 23
[max diff] DIFF L2D_CACHE_INVAL: 17

===========================================================
taskpendcnt:12942
t0:1083 ns
t1:2250 ns
t2:31416 ns
benchmark: Franka-derived Cartesian-impedance kernel, input trace:8, timer period:10.000 ms
controller source: franka_ros2 jazzy@73a1501d, updates:12953, SVD sweeps:5
pose error:[0.010000 0.015000 0.010000 -0.000000 0.049979 -0.000000]
tau[0:6]:[-2.781770 -1.613002 -1.930139 -1.581803 -1.382951 -0.390599 -0.663394]
kernel exec min/avg/max: 28.58 / 29.21 / 31.21 us, samples:12945
pressure status:1, copy rounds total/window:986/16, 7.52 rounds/s
pressure logical copy:9860.00 MiB total, approx 75.22 MiB/s, checksum:1313047838720
pressure report window:2.127233 s
t0_region>
[0]:11286
[1]:1655
[2]:6

t1_region>
[1]:11477
[2]:1436
[3]:35

t2_region>
[30]:8127
[31]:4634
[32]:185
[34]:2

t0_min: 0.50 us, round:11465
t0_max: 2.13 us, round:12062
t0_jitter: 1.63 us

t1_min: 1.38 us, round:405
t1_max: 3.29 us, round:3956
t1_jitter: 1.92 us

t2_min: 30.25 us, round:5613
t2_max: 34.46 us, round:382
t2_jitter: 4.21 us

PMU diff samples: 12950
AVG DIFF LL_CACHE_RD: 45.41
AVG DIFF LL_CACHE_MISS_RD: 25.79
AVG DIFF L2D_CACHE_REFILL: 5.20
AVG DIFF L2D_CACHE_INVAL: 0.01
[cur diff] DIFF LL_CACHE_RD: 0, DIFF LL_CACHE_MISS_RD: 0, MISS_RATE: 0.00%
[cur diff] DIFF L2D_CACHE_REFILL: 0
[cur diff] DIFF L2D_CACHE_INVAL: 0
[max diff] DIFF LL_CACHE_RD: 61, DIFF LL_CACHE_MISS_RD: 45, MISS_RATE: 73.77%
[max diff] DIFF L2D_CACHE_REFILL: 23
[max diff] DIFF L2D_CACHE_INVAL: 17

===========================================================
taskpendcnt:13154
t0:666 ns
t1:1916 ns
t2:31375 ns
benchmark: Franka-derived Cartesian-impedance kernel, input trace:8, timer period:10.000 ms
controller source: franka_ros2 jazzy@73a1501d, updates:13166, SVD sweeps:5
pose error:[0.010000 0.015000 0.010000 -0.000000 0.049979 -0.000000]
tau[0:6]:[1.228026 0.081850 0.819520 0.875435 0.745706 -0.833381 0.398995]
kernel exec min/avg/max: 28.58 / 29.21 / 31.21 us, samples:13157
pressure status:1, copy rounds total/window:1002/16, 7.52 rounds/s
pressure logical copy:10020.00 MiB total, approx 75.25 MiB/s, checksum:1334354903040
pressure report window:2.126267 s
t0_region>
[0]:11470
[1]:1684
[2]:6

t1_region>
[1]:11664
[2]:1460
[3]:36

t2_region>
[30]:8261
[31]:4710
[32]:188
[34]:2

t0_min: 0.50 us, round:11465
t0_max: 2.13 us, round:12062
t0_jitter: 1.63 us

t1_min: 1.38 us, round:405
t1_max: 3.29 us, round:3956
t1_jitter: 1.92 us

t2_min: 30.25 us, round:5613
t2_max: 34.46 us, round:382
t2_jitter: 4.21 us

PMU diff samples: 13163
AVG DIFF LL_CACHE_RD: 45.38
AVG DIFF LL_CACHE_MISS_RD: 25.68
AVG DIFF L2D_CACHE_REFILL: 5.20
AVG DIFF L2D_CACHE_INVAL: 0.01
[cur diff] DIFF LL_CACHE_RD: 0, DIFF LL_CACHE_MISS_RD: 0, MISS_RATE: 0.00%
[cur diff] DIFF L2D_CACHE_REFILL: 0
[cur diff] DIFF L2D_CACHE_INVAL: 0
[max diff] DIFF LL_CACHE_RD: 61, DIFF LL_CACHE_MISS_RD: 45, MISS_RATE: 73.77%
[max diff] DIFF L2D_CACHE_REFILL: 23
[max diff] DIFF L2D_CACHE_INVAL: 17

===========================================================
taskpendcnt:13367
t0:625 ns
t1:1791 ns
t2:30958 ns
benchmark: Franka-derived Cartesian-impedance kernel, input trace:8, timer period:10.000 ms
controller source: franka_ros2 jazzy@73a1501d, updates:13378, SVD sweeps:5
pose error:[0.010000 0.015000 0.010000 -0.000000 0.049979 -0.000000]
tau[0:6]:[-1.839419 -0.921560 -1.193198 -1.195971 -0.861243 0.113634 -0.461388]
kernel exec min/avg/max: 28.58 / 29.21 / 31.21 us, samples:13370
pressure status:1, copy rounds total/window:1019/17, 7.99 rounds/s
pressure logical copy:10190.00 MiB total, approx 79.91 MiB/s, checksum:1356993658880
pressure report window:2.127299 s
t0_region>
[0]:11655
[1]:1712
[2]:6

t1_region>
[1]:11850
[2]:1487
[3]:36

t2_region>
[30]:8389
[31]:4790
[32]:192
[34]:2

t0_min: 0.50 us, round:11465
t0_max: 2.13 us, round:12062
t0_jitter: 1.63 us

t1_min: 1.38 us, round:405
t1_max: 3.29 us, round:3956
t1_jitter: 1.92 us

t2_min: 30.25 us, round:5613
t2_max: 34.46 us, round:382
t2_jitter: 4.21 us

PMU diff samples: 13376
AVG DIFF LL_CACHE_RD: 45.43
AVG DIFF LL_CACHE_MISS_RD: 25.70
AVG DIFF L2D_CACHE_REFILL: 5.20
AVG DIFF L2D_CACHE_INVAL: 0.01
[cur diff] DIFF LL_CACHE_RD: 0, DIFF LL_CACHE_MISS_RD: 0, MISS_RATE: 0.00%
[cur diff] DIFF L2D_CACHE_REFILL: 0
[cur diff] DIFF L2D_CACHE_INVAL: 0
[max diff] DIFF LL_CACHE_RD: 61, DIFF LL_CACHE_MISS_RD: 45, MISS_RATE: 73.77%
[max diff] DIFF L2D_CACHE_REFILL: 23
[max diff] DIFF L2D_CACHE_INVAL: 17

===========================================================
taskpendcnt:13580
t0:875 ns
t1:1750 ns
t2:30625 ns
benchmark: Franka-derived Cartesian-impedance kernel, input trace:8, timer period:10.000 ms
controller source: franka_ros2 jazzy@73a1501d, updates:13591, SVD sweeps:5
pose error:[0.010000 0.015000 0.010000 -0.000000 0.049979 -0.000000]
tau[0:6]:[1.376914 -0.104433 0.790225 0.843903 0.642107 -0.956178 0.423547]
kernel exec min/avg/max: 28.58 / 29.21 / 31.21 us, samples:13583
pressure status:1, copy rounds total/window:1035/16, 7.52 rounds/s
pressure logical copy:10350.00 MiB total, approx 75.24 MiB/s, checksum:1378300723200
pressure report window:2.126533 s
t0_region>
[0]:11846
[1]:1733
[2]:6

t1_region>
[1]:12039
[2]:1506
[3]:41

t2_region>
[30]:8507
[31]:4876
[32]:201
[34]:2

t0_min: 0.50 us, round:11465
t0_max: 2.13 us, round:12062
t0_jitter: 1.63 us

t1_min: 1.38 us, round:405
t1_max: 3.29 us, round:3956
t1_jitter: 1.92 us

t2_min: 30.25 us, round:5613
t2_max: 34.46 us, round:382
t2_jitter: 4.21 us

PMU diff samples: 13588
AVG DIFF LL_CACHE_RD: 45.44
AVG DIFF LL_CACHE_MISS_RD: 25.70
AVG DIFF L2D_CACHE_REFILL: 5.21
AVG DIFF L2D_CACHE_INVAL: 0.01
[cur diff] DIFF LL_CACHE_RD: 0, DIFF LL_CACHE_MISS_RD: 0, MISS_RATE: 0.00%
[cur diff] DIFF L2D_CACHE_REFILL: 0
[cur diff] DIFF L2D_CACHE_INVAL: 0
[max diff] DIFF LL_CACHE_RD: 61, DIFF LL_CACHE_MISS_RD: 45, MISS_RATE: 73.77%
[max diff] DIFF L2D_CACHE_REFILL: 23
[max diff] DIFF L2D_CACHE_INVAL: 17

===========================================================
taskpendcnt:13792
t0:750 ns
t1:1708 ns
t2:30875 ns
benchmark: Franka-derived Cartesian-impedance kernel, input trace:8, timer period:10.000 ms
controller source: franka_ros2 jazzy@73a1501d, updates:13804, SVD sweeps:5
pose error:[0.010000 0.015000 0.010000 -0.000000 0.049979 -0.000000]
tau[0:6]:[-0.274004 -0.324180 0.001577 -0.231466 0.050986 -0.328952 0.010844]
kernel exec min/avg/max: 28.58 / 29.21 / 31.21 us, samples:13796
pressure status:1, copy rounds total/window:1051/16, 7.52 rounds/s
pressure logical copy:10510.00 MiB total, approx 75.22 MiB/s, checksum:1399607787520
pressure report window:2.127044 s
t0_region>
[0]:12034
[1]:1758
[2]:6

t1_region>
[1]:12228
[2]:1528
[3]:42

t2_region>
[30]:8650
[31]:4944
[32]:203
[34]:2

t0_min: 0.50 us, round:11465
t0_max: 2.13 us, round:12062
t0_jitter: 1.63 us

t1_min: 1.38 us, round:405
t1_max: 3.29 us, round:3956
t1_jitter: 1.92 us

t2_min: 30.25 us, round:5613
t2_max: 34.46 us, round:382
t2_jitter: 4.21 us

PMU diff samples: 13801
AVG DIFF LL_CACHE_RD: 45.43
AVG DIFF LL_CACHE_MISS_RD: 25.72
AVG DIFF L2D_CACHE_REFILL: 5.20
AVG DIFF L2D_CACHE_INVAL: 0.01
[cur diff] DIFF LL_CACHE_RD: 0, DIFF LL_CACHE_MISS_RD: 0, MISS_RATE: 0.00%
[cur diff] DIFF L2D_CACHE_REFILL: 0
[cur diff] DIFF L2D_CACHE_INVAL: 0
[max diff] DIFF LL_CACHE_RD: 61, DIFF LL_CACHE_MISS_RD: 45, MISS_RATE: 73.77%
[max diff] DIFF L2D_CACHE_REFILL: 23
[max diff] DIFF L2D_CACHE_INVAL: 17

===========================================================
taskpendcnt:14005
t0:708 ns
t1:1583 ns
t2:30750 ns
benchmark: Franka-derived Cartesian-impedance kernel, input trace:8, timer period:10.000 ms
controller source: franka_ros2 jazzy@73a1501d, updates:14016, SVD sweeps:5
pose error:[0.010000 0.015000 0.010000 -0.000000 0.049979 -0.000000]
tau[0:6]:[-2.781770 -1.613002 -1.930139 -1.581803 -1.382951 -0.390599 -0.663394]
kernel exec min/avg/max: 28.58 / 29.21 / 31.21 us, samples:14008
pressure status:1, copy rounds total/window:1067/16, 7.52 rounds/s
pressure logical copy:10670.00 MiB total, approx 75.22 MiB/s, checksum:1420914851840
pressure report window:2.127131 s
t0_region>
[0]:12217
[1]:1788
[2]:6

t1_region>
[1]:12414
[2]:1555
[3]:42

t2_region>
[30]:8769
[31]:5031
[32]:209
[34]:2

t0_min: 0.50 us, round:11465
t0_max: 2.13 us, round:12062
t0_jitter: 1.63 us

t1_min: 1.38 us, round:405
t1_max: 3.29 us, round:3956
t1_jitter: 1.92 us

t2_min: 30.25 us, round:5613
t2_max: 34.46 us, round:382
t2_jitter: 4.21 us

PMU diff samples: 14014
AVG DIFF LL_CACHE_RD: 45.44
AVG DIFF LL_CACHE_MISS_RD: 25.77
AVG DIFF L2D_CACHE_REFILL: 5.21
AVG DIFF L2D_CACHE_INVAL: 0.01
[cur diff] DIFF LL_CACHE_RD: 0, DIFF LL_CACHE_MISS_RD: 0, MISS_RATE: 0.00%
[cur diff] DIFF L2D_CACHE_REFILL: 0
[cur diff] DIFF L2D_CACHE_INVAL: 0
[max diff] DIFF LL_CACHE_RD: 61, DIFF LL_CACHE_MISS_RD: 45, MISS_RATE: 73.77%
[max diff] DIFF L2D_CACHE_REFILL: 23
[max diff] DIFF L2D_CACHE_INVAL: 17

===========================================================
taskpendcnt:14218
t0:666 ns
t1:1833 ns
t2:30708 ns
benchmark: Franka-derived Cartesian-impedance kernel, input trace:8, timer period:10.000 ms
controller source: franka_ros2 jazzy@73a1501d, updates:14229, SVD sweeps:5
pose error:[0.010000 0.015000 0.010000 -0.000000 0.049979 -0.000000]
tau[0:6]:[0.839771 0.130674 0.617691 0.624912 0.653099 -0.592692 0.265887]
kernel exec min/avg/max: 28.58 / 29.21 / 31.21 us, samples:14221
pressure status:1, copy rounds total/window:1083/16, 7.52 rounds/s
pressure logical copy:10830.00 MiB total, approx 75.25 MiB/s, checksum:1442221916160
pressure report window:2.126356 s
t0_region>
[0]:12398
[1]:1819
[2]:6

t1_region>
[1]:12601
[2]:1581
[3]:42

t2_region>
[30]:8891
[31]:5117
[32]:214
[34]:2

t0_min: 0.50 us, round:11465
t0_max: 2.13 us, round:12062
t0_jitter: 1.63 us

t1_min: 1.38 us, round:405
t1_max: 3.29 us, round:3956
t1_jitter: 1.92 us

t2_min: 30.25 us, round:5613
t2_max: 34.46 us, round:382
t2_jitter: 4.21 us

PMU diff samples: 14226
AVG DIFF LL_CACHE_RD: 45.44
AVG DIFF LL_CACHE_MISS_RD: 25.81
AVG DIFF L2D_CACHE_REFILL: 5.22
AVG DIFF L2D_CACHE_INVAL: 0.01
[cur diff] DIFF LL_CACHE_RD: 0, DIFF LL_CACHE_MISS_RD: 0, MISS_RATE: 0.00%
[cur diff] DIFF L2D_CACHE_REFILL: 0
[cur diff] DIFF L2D_CACHE_INVAL: 0
[max diff] DIFF LL_CACHE_RD: 61, DIFF LL_CACHE_MISS_RD: 45, MISS_RATE: 73.77%
[max diff] DIFF L2D_CACHE_REFILL: 23
[max diff] DIFF L2D_CACHE_INVAL: 17

===========================================================
taskpendcnt:14430
t0:916 ns
t1:1791 ns
t2:30958 ns
benchmark: Franka-derived Cartesian-impedance kernel, input trace:8, timer period:10.000 ms
controller source: franka_ros2 jazzy@73a1501d, updates:14442, SVD sweeps:5
pose error:[0.010000 0.015000 0.010000 -0.000000 0.049979 -0.000000]
tau[0:6]:[-2.379368 -1.292411 -1.655224 -1.570015 -1.185234 -0.066588 -0.610247]
kernel exec min/avg/max: 28.58 / 29.21 / 31.21 us, samples:14434
pressure status:1, copy rounds total/window:1100/17, 7.99 rounds/s
pressure logical copy:11000.00 MiB total, approx 79.91 MiB/s, checksum:1464860672000
pressure report window:2.127399 s
t0_region>
[0]:12583
[1]:1846
[2]:7

t1_region>
[1]:12789
[2]:1604
[3]:43

t2_region>
[30]:9025
[31]:5192
[32]:218
[34]:2

t0_min: 0.50 us, round:11465
t0_max: 2.13 us, round:12062
t0_jitter: 1.63 us

t1_min: 1.38 us, round:405
t1_max: 3.29 us, round:3956
t1_jitter: 1.92 us

t2_min: 30.25 us, round:5613
t2_max: 34.46 us, round:382
t2_jitter: 4.21 us

PMU diff samples: 14439
AVG DIFF LL_CACHE_RD: 45.42
AVG DIFF LL_CACHE_MISS_RD: 25.80
AVG DIFF L2D_CACHE_REFILL: 5.22
AVG DIFF L2D_CACHE_INVAL: 0.01
[cur diff] DIFF LL_CACHE_RD: 0, DIFF LL_CACHE_MISS_RD: 0, MISS_RATE: 0.00%
[cur diff] DIFF L2D_CACHE_REFILL: 0
[cur diff] DIFF L2D_CACHE_INVAL: 0
[max diff] DIFF LL_CACHE_RD: 61, DIFF LL_CACHE_MISS_RD: 45, MISS_RATE: 73.77%
[max diff] DIFF L2D_CACHE_REFILL: 23
[max diff] DIFF L2D_CACHE_INVAL: 17

===========================================================
taskpendcnt:14643
t0:791 ns
t1:1666 ns
t2:31125 ns
benchmark: Franka-derived Cartesian-impedance kernel, input trace:8, timer period:10.000 ms
controller source: franka_ros2 jazzy@73a1501d, updates:14654, SVD sweeps:5
pose error:[0.010000 0.015000 0.010000 -0.000000 0.049979 -0.000000]
tau[0:6]:[1.376914 -0.104433 0.790225 0.843903 0.642107 -0.956178 0.423547]
kernel exec min/avg/max: 28.58 / 29.21 / 31.21 us, samples:14646
pressure status:1, copy rounds total/window:1116/16, 7.52 rounds/s
pressure logical copy:11160.00 MiB total, approx 75.24 MiB/s, checksum:1486167736320
pressure report window:2.126445 s
t0_region>
[0]:12764
[1]:1878
[2]:7

t1_region>
[1]:12981
[2]:1625
[3]:43

t2_region>
[30]:9156
[31]:5271
[32]:220
[34]:2

t0_min: 0.50 us, round:11465
t0_max: 2.13 us, round:12062
t0_jitter: 1.63 us

t1_min: 1.38 us, round:405
t1_max: 3.29 us, round:3956
t1_jitter: 1.92 us

t2_min: 30.25 us, round:5613
t2_max: 34.46 us, round:382
t2_jitter: 4.21 us

PMU diff samples: 14652
AVG DIFF LL_CACHE_RD: 45.41
AVG DIFF LL_CACHE_MISS_RD: 25.77
AVG DIFF L2D_CACHE_REFILL: 5.21
AVG DIFF L2D_CACHE_INVAL: 0.01
[cur diff] DIFF LL_CACHE_RD: 0, DIFF LL_CACHE_MISS_RD: 0, MISS_RATE: 0.00%
[cur diff] DIFF L2D_CACHE_REFILL: 0
[cur diff] DIFF L2D_CACHE_INVAL: 0
[max diff] DIFF LL_CACHE_RD: 61, DIFF LL_CACHE_MISS_RD: 45, MISS_RATE: 73.77%
[max diff] DIFF L2D_CACHE_REFILL: 23
[max diff] DIFF L2D_CACHE_INVAL: 17

===========================================================
taskpendcnt:14856
t0:750 ns
t1:1625 ns
t2:31083 ns
benchmark: Franka-derived Cartesian-impedance kernel, input trace:8, timer period:10.000 ms
controller source: franka_ros2 jazzy@73a1501d, updates:14867, SVD sweeps:5
pose error:[0.010000 0.015000 0.010000 -0.000000 0.049979 -0.000000]
tau[0:6]:[-1.839419 -0.921560 -1.193198 -1.195971 -0.861243 0.113634 -0.461388]
kernel exec min/avg/max: 28.58 / 29.21 / 31.21 us, samples:14859
pressure status:1, copy rounds total/window:1132/16, 7.52 rounds/s
pressure logical copy:11320.00 MiB total, approx 75.22 MiB/s, checksum:1507474800640
pressure report window:2.127219 s
t0_region>
[0]:12948
[1]:1906
[2]:7

t1_region>
[1]:13170
[2]:1649
[3]:43

t2_region>
[30]:9301
[31]:5335
[32]:224
[34]:2

t0_min: 0.50 us, round:11465
t0_max: 2.13 us, round:12062
t0_jitter: 1.63 us

t1_min: 1.38 us, round:405
t1_max: 3.29 us, round:3956
t1_jitter: 1.92 us

t2_min: 30.25 us, round:5613
t2_max: 34.46 us, round:382
t2_jitter: 4.21 us

PMU diff samples: 14865
AVG DIFF LL_CACHE_RD: 45.37
AVG DIFF LL_CACHE_MISS_RD: 25.76
AVG DIFF L2D_CACHE_REFILL: 5.21
AVG DIFF L2D_CACHE_INVAL: 0.01
[cur diff] DIFF LL_CACHE_RD: 0, DIFF LL_CACHE_MISS_RD: 0, MISS_RATE: 0.00%
[cur diff] DIFF L2D_CACHE_REFILL: 0
[cur diff] DIFF L2D_CACHE_INVAL: 0
[max diff] DIFF LL_CACHE_RD: 61, DIFF LL_CACHE_MISS_RD: 45, MISS_RATE: 73.77%
[max diff] DIFF L2D_CACHE_REFILL: 23
[max diff] DIFF L2D_CACHE_INVAL: 17

===========================================================
taskpendcnt:15068
t0:1000 ns
t1:1875 ns
t2:30750 ns
benchmark: Franka-derived Cartesian-impedance kernel, input trace:8, timer period:10.000 ms
controller source: franka_ros2 jazzy@73a1501d, updates:15080, SVD sweeps:5
pose error:[0.010000 0.015000 0.010000 -0.000000 0.049979 -0.000000]
tau[0:6]:[-0.567483 -0.552304 -0.482512 -0.231067 -0.297494 -0.656094 -0.085004]
kernel exec min/avg/max: 28.58 / 29.21 / 31.21 us, samples:15072
pressure status:1, copy rounds total/window:1148/16, 7.52 rounds/s
pressure logical copy:11480.00 MiB total, approx 75.22 MiB/s, checksum:1528781864960
pressure report window:2.127047 s
t0_region>
[0]:13138
[1]:1929
[2]:7

t1_region>
[1]:13357
[2]:1674
[3]:43

t2_region>
[30]:9425
[31]:5421
[32]:227
[34]:2

t0_min: 0.50 us, round:11465
t0_max: 2.13 us, round:12062
t0_jitter: 1.63 us

t1_min: 1.38 us, round:405
t1_max: 3.29 us, round:3956
t1_jitter: 1.92 us

t2_min: 30.25 us, round:5613
t2_max: 34.46 us, round:382
t2_jitter: 4.21 us

PMU diff samples: 15077
AVG DIFF LL_CACHE_RD: 45.38
AVG DIFF LL_CACHE_MISS_RD: 25.73
AVG DIFF L2D_CACHE_REFILL: 5.21
AVG DIFF L2D_CACHE_INVAL: 0.01
[cur diff] DIFF LL_CACHE_RD: 0, DIFF LL_CACHE_MISS_RD: 0, MISS_RATE: 0.00%
[cur diff] DIFF L2D_CACHE_REFILL: 0
[cur diff] DIFF L2D_CACHE_INVAL: 0
[max diff] DIFF LL_CACHE_RD: 61, DIFF LL_CACHE_MISS_RD: 45, MISS_RATE: 73.77%
[max diff] DIFF L2D_CACHE_REFILL: 23
[max diff] DIFF L2D_CACHE_INVAL: 17

===========================================================
taskpendcnt:15281
t0:1458 ns
t1:2333 ns
t2:31000 ns
benchmark: Franka-derived Cartesian-impedance kernel, input trace:8, timer period:10.000 ms
controller source: franka_ros2 jazzy@73a1501d, updates:15292, SVD sweeps:5
pose error:[0.010000 0.015000 0.010000 -0.000000 0.049979 -0.000000]
tau[0:6]:[0.839771 0.130674 0.617691 0.624912 0.653099 -0.592692 0.265887]
kernel exec min/avg/max: 28.58 / 29.21 / 31.21 us, samples:15284
pressure status:1, copy rounds total/window:1164/16, 7.52 rounds/s
pressure logical copy:11640.00 MiB total, approx 75.25 MiB/s, checksum:1550088929280
pressure report window:2.126350 s
t0_region>
[0]:13324
[1]:1956
[2]:7

t1_region>
[1]:13545
[2]:1698
[3]:44

t2_region>
[30]:9548
[31]:5508
[32]:228
[33]:1
[34]:2

t0_min: 0.50 us, round:11465
t0_max: 2.13 us, round:12062
t0_jitter: 1.63 us

t1_min: 1.38 us, round:405
t1_max: 3.29 us, round:3956
t1_jitter: 1.92 us

t2_min: 30.25 us, round:5613
t2_max: 34.46 us, round:382
t2_jitter: 4.21 us

PMU diff samples: 15290
AVG DIFF LL_CACHE_RD: 45.38
AVG DIFF LL_CACHE_MISS_RD: 25.76
AVG DIFF L2D_CACHE_REFILL: 5.21
AVG DIFF L2D_CACHE_INVAL: 0.01
[cur diff] DIFF LL_CACHE_RD: 0, DIFF LL_CACHE_MISS_RD: 0, MISS_RATE: 0.00%
[cur diff] DIFF L2D_CACHE_REFILL: 0
[cur diff] DIFF L2D_CACHE_INVAL: 0
[max diff] DIFF LL_CACHE_RD: 61, DIFF LL_CACHE_MISS_RD: 45, MISS_RATE: 73.77%
[max diff] DIFF L2D_CACHE_REFILL: 23
[max diff] DIFF L2D_CACHE_INVAL: 17

===========================================================
taskpendcnt:15494
t0:833 ns
t1:1708 ns
t2:30875 ns
benchmark: Franka-derived Cartesian-impedance kernel, input trace:8, timer period:10.000 ms
controller source: franka_ros2 jazzy@73a1501d, updates:15505, SVD sweeps:5
pose error:[0.010000 0.015000 0.010000 -0.000000 0.049979 -0.000000]
tau[0:6]:[-2.781770 -1.613002 -1.930139 -1.581803 -1.382951 -0.390599 -0.663394]
kernel exec min/avg/max: 28.58 / 29.21 / 31.21 us, samples:15497
pressure status:1, copy rounds total/window:1180/16, 7.52 rounds/s
pressure logical copy:11800.00 MiB total, approx 75.21 MiB/s, checksum:1571395993600
pressure report window:2.127308 s
t0_region>
[0]:13505
[1]:1987
[2]:7

t1_region>
[1]:13733
[2]:1723
[3]:44

t2_region>
[30]:9669
[31]:5600
[32]:228
[33]:1
[34]:2

t0_min: 0.50 us, round:11465
t0_max: 2.13 us, round:12062
t0_jitter: 1.63 us

t1_min: 1.38 us, round:405
t1_max: 3.29 us, round:3956
t1_jitter: 1.92 us

t2_min: 30.25 us, round:5613
t2_max: 34.46 us, round:382
t2_jitter: 4.21 us

PMU diff samples: 15503
AVG DIFF LL_CACHE_RD: 45.39
AVG DIFF LL_CACHE_MISS_RD: 25.76
AVG DIFF L2D_CACHE_REFILL: 5.21
AVG DIFF L2D_CACHE_INVAL: 0.01
[cur diff] DIFF LL_CACHE_RD: 0, DIFF LL_CACHE_MISS_RD: 0, MISS_RATE: 0.00%
[cur diff] DIFF L2D_CACHE_REFILL: 0
[cur diff] DIFF L2D_CACHE_INVAL: 0
[max diff] DIFF LL_CACHE_RD: 61, DIFF LL_CACHE_MISS_RD: 45, MISS_RATE: 73.77%
[max diff] DIFF L2D_CACHE_REFILL: 23
[max diff] DIFF L2D_CACHE_INVAL: 17

===========================================================
taskpendcnt:15707
t0:791 ns
t1:1666 ns
t2:31125 ns
benchmark: Franka-derived Cartesian-impedance kernel, input trace:8, timer period:10.000 ms
controller source: franka_ros2 jazzy@73a1501d, updates:15718, SVD sweeps:5
pose error:[0.010000 0.015000 0.010000 -0.000000 0.049979 -0.000000]
tau[0:6]:[1.228026 0.081850 0.819520 0.875435 0.745706 -0.833381 0.398995]
kernel exec min/avg/max: 28.58 / 29.21 / 31.21 us, samples:15710
pressure status:1, copy rounds total/window:1197/17, 7.99 rounds/s
pressure logical copy:11970.00 MiB total, approx 79.91 MiB/s, checksum:1594034749440
pressure report window:2.127349 s
t0_region>
[0]:13691
[1]:2014
[2]:7

t1_region>
[1]:13920
[2]:1749
[3]:44

t2_region>
[30]:9807
[31]:5673
[32]:230
[33]:1
[34]:2

t0_min: 0.50 us, round:11465
t0_max: 2.13 us, round:12062
t0_jitter: 1.63 us

t1_min: 1.38 us, round:405
t1_max: 3.29 us, round:3956
t1_jitter: 1.92 us

t2_min: 30.25 us, round:5613
t2_max: 34.46 us, round:382
t2_jitter: 4.21 us

PMU diff samples: 15715
AVG DIFF LL_CACHE_RD: 45.39
AVG DIFF LL_CACHE_MISS_RD: 25.80
AVG DIFF L2D_CACHE_REFILL: 5.21
AVG DIFF L2D_CACHE_INVAL: 0.01
[cur diff] DIFF LL_CACHE_RD: 0, DIFF LL_CACHE_MISS_RD: 0, MISS_RATE: 0.00%
[cur diff] DIFF L2D_CACHE_REFILL: 0
[cur diff] DIFF L2D_CACHE_INVAL: 0
[max diff] DIFF LL_CACHE_RD: 61, DIFF LL_CACHE_MISS_RD: 45, MISS_RATE: 73.77%
[max diff] DIFF L2D_CACHE_REFILL: 23
[max diff] DIFF L2D_CACHE_INVAL: 17

===========================================================
taskpendcnt:15919
t0:666 ns
t1:1625 ns
t2:30791 ns
benchmark: Franka-derived Cartesian-impedance kernel, input trace:8, timer period:10.000 ms
controller source: franka_ros2 jazzy@73a1501d, updates:15931, SVD sweeps:5
pose error:[0.010000 0.015000 0.010000 -0.000000 0.049979 -0.000000]
tau[0:6]:[-1.839419 -0.921560 -1.193198 -1.195971 -0.861243 0.113634 -0.461388]
kernel exec min/avg/max: 28.58 / 29.21 / 31.21 us, samples:15923
pressure status:1, copy rounds total/window:1213/16, 7.52 rounds/s
pressure logical copy:12130.00 MiB total, approx 75.21 MiB/s, checksum:1615341813760
pressure report window:2.127310 s
t0_region>
[0]:13877
[1]:2041
[2]:7

t1_region>
[1]:14101
[2]:1779
[3]:45

t2_region>
[30]:9943
[31]:5748
[32]:232
[33]:1
[34]:2

t0_min: 0.50 us, round:11465
t0_max: 2.13 us, round:12062
t0_jitter: 1.63 us

t1_min: 1.38 us, round:405
t1_max: 3.29 us, round:3956
t1_jitter: 1.92 us

t2_min: 30.25 us, round:5613
t2_max: 34.46 us, round:382
t2_jitter: 4.21 us

PMU diff samples: 15928
AVG DIFF LL_CACHE_RD: 45.39
AVG DIFF LL_CACHE_MISS_RD: 25.79
AVG DIFF L2D_CACHE_REFILL: 5.21
AVG DIFF L2D_CACHE_INVAL: 0.01
[cur diff] DIFF LL_CACHE_RD: 0, DIFF LL_CACHE_MISS_RD: 0, MISS_RATE: 0.00%
[cur diff] DIFF L2D_CACHE_REFILL: 0
[cur diff] DIFF L2D_CACHE_INVAL: 0
[max diff] DIFF LL_CACHE_RD: 61, DIFF LL_CACHE_MISS_RD: 45, MISS_RATE: 73.77%
[max diff] DIFF L2D_CACHE_REFILL: 23
[max diff] DIFF L2D_CACHE_INVAL: 17

===========================================================
taskpendcnt:16132
t0:916 ns
t1:1791 ns
t2:30666 ns
benchmark: Franka-derived Cartesian-impedance kernel, input trace:8, timer period:10.000 ms
controller source: franka_ros2 jazzy@73a1501d, updates:16143, SVD sweeps:5
pose error:[0.010000 0.015000 0.010000 -0.000000 0.049979 -0.000000]
tau[0:6]:[-0.567483 -0.552304 -0.482512 -0.231067 -0.297494 -0.656094 -0.085004]
kernel exec min/avg/max: 28.58 / 29.21 / 31.21 us, samples:16135
pressure status:1, copy rounds total/window:1229/16, 7.52 rounds/s
pressure logical copy:12290.00 MiB total, approx 75.19 MiB/s, checksum:1636648878080
pressure report window:2.127964 s
t0_region>
[0]:14064
[1]:2067
[2]:7

t1_region>
[1]:14293
[2]:1800
[3]:45

t2_region>
[30]:10090
[31]:5811
[32]:234
[33]:1
[34]:2

t0_min: 0.50 us, round:11465
t0_max: 2.13 us, round:12062
t0_jitter: 1.63 us

t1_min: 1.38 us, round:405
t1_max: 3.29 us, round:3956
t1_jitter: 1.92 us

t2_min: 30.25 us, round:5613
t2_max: 34.46 us, round:382
t2_jitter: 4.21 us

PMU diff samples: 16141
AVG DIFF LL_CACHE_RD: 45.39
AVG DIFF LL_CACHE_MISS_RD: 25.76
AVG DIFF L2D_CACHE_REFILL: 5.20
AVG DIFF L2D_CACHE_INVAL: 0.01
[cur diff] DIFF LL_CACHE_RD: 0, DIFF LL_CACHE_MISS_RD: 0, MISS_RATE: 0.00%
[cur diff] DIFF L2D_CACHE_REFILL: 0
[cur diff] DIFF L2D_CACHE_INVAL: 0
[max diff] DIFF LL_CACHE_RD: 61, DIFF LL_CACHE_MISS_RD: 45, MISS_RATE: 73.77%
[max diff] DIFF L2D_CACHE_REFILL: 23
[max diff] DIFF L2D_CACHE_INVAL: 17

===========================================================
taskpendcnt:16345
t0:875 ns
t1:1750 ns
t2:31208 ns
benchmark: Franka-derived Cartesian-impedance kernel, input trace:8, timer period:10.000 ms
controller source: franka_ros2 jazzy@73a1501d, updates:16356, SVD sweeps:5
pose error:[0.010000 0.015000 0.010000 -0.000000 0.049979 -0.000000]
tau[0:6]:[-0.274004 -0.324180 0.001577 -0.231466 0.050986 -0.328952 0.010844]
kernel exec min/avg/max: 28.58 / 29.21 / 31.21 us, samples:16348
pressure status:1, copy rounds total/window:1245/16, 7.52 rounds/s
pressure logical copy:12450.00 MiB total, approx 75.20 MiB/s, checksum:1657955942400
pressure report window:2.127623 s
t0_region>
[0]:14254
[1]:2089
[2]:7

t1_region>
[1]:14480
[2]:1826
[3]:45

t2_region>
[30]:10228
[31]:5885
[32]:235
[33]:1
[34]:2

t0_min: 0.50 us, round:11465
t0_max: 2.13 us, round:12062
t0_jitter: 1.63 us

t1_min: 1.38 us, round:405
t1_max: 3.29 us, round:3956
t1_jitter: 1.92 us

t2_min: 30.25 us, round:5613
t2_max: 34.46 us, round:382
t2_jitter: 4.21 us

PMU diff samples: 16354
AVG DIFF LL_CACHE_RD: 45.38
AVG DIFF LL_CACHE_MISS_RD: 25.78
AVG DIFF L2D_CACHE_REFILL: 5.20
AVG DIFF L2D_CACHE_INVAL: 0.01
[cur diff] DIFF LL_CACHE_RD: 0, DIFF LL_CACHE_MISS_RD: 0, MISS_RATE: 0.00%
[cur diff] DIFF L2D_CACHE_REFILL: 0
[cur diff] DIFF L2D_CACHE_INVAL: 0
[max diff] DIFF LL_CACHE_RD: 61, DIFF LL_CACHE_MISS_RD: 45, MISS_RATE: 73.77%
[max diff] DIFF L2D_CACHE_REFILL: 23
[max diff] DIFF L2D_CACHE_INVAL: 17

===========================================================
taskpendcnt:16558
t0:1125 ns
t1:2000 ns
t2:31166 ns
benchmark: Franka-derived Cartesian-impedance kernel, input trace:8, timer period:10.000 ms
controller source: franka_ros2 jazzy@73a1501d, updates:16569, SVD sweeps:5
pose error:[0.010000 0.015000 0.010000 -0.000000 0.049979 -0.000000]
tau[0:6]:[-2.781770 -1.613002 -1.930139 -1.581803 -1.382951 -0.390599 -0.663394]
kernel exec min/avg/max: 28.58 / 29.21 / 31.21 us, samples:16561
pressure status:1, copy rounds total/window:1261/16, 7.52 rounds/s
pressure logical copy:12610.00 MiB total, approx 75.18 MiB/s, checksum:1679263006720
pressure report window:2.128223 s
t0_region>
[0]:14439
[1]:2117
[2]:7

t1_region>
[1]:14671
[2]:1848
[3]:45

t2_region>
[30]:10381
[31]:5944
[32]:236
[33]:1
[34]:2

t0_min: 0.50 us, round:11465
t0_max: 2.13 us, round:12062
t0_jitter: 1.63 us

t1_min: 1.38 us, round:405
t1_max: 3.29 us, round:3956
t1_jitter: 1.92 us

t2_min: 30.25 us, round:5613
t2_max: 34.46 us, round:382
t2_jitter: 4.21 us

PMU diff samples: 16567
AVG DIFF LL_CACHE_RD: 45.38
AVG DIFF LL_CACHE_MISS_RD: 25.78
AVG DIFF L2D_CACHE_REFILL: 5.20
AVG DIFF L2D_CACHE_INVAL: 0.01
[cur diff] DIFF LL_CACHE_RD: 0, DIFF LL_CACHE_MISS_RD: 0, MISS_RATE: 0.00%
[cur diff] DIFF L2D_CACHE_REFILL: 0
[cur diff] DIFF L2D_CACHE_INVAL: 0
[max diff] DIFF LL_CACHE_RD: 61, DIFF LL_CACHE_MISS_RD: 45, MISS_RATE: 73.77%
[max diff] DIFF L2D_CACHE_REFILL: 23
[max diff] DIFF L2D_CACHE_INVAL: 17

===========================================================
taskpendcnt:16770
t0:1083 ns
t1:1958 ns
t2:31416 ns
benchmark: Franka-derived Cartesian-impedance kernel, input trace:8, timer period:10.000 ms
controller source: franka_ros2 jazzy@73a1501d, updates:16782, SVD sweeps:5
pose error:[0.010000 0.015000 0.010000 -0.000000 0.049979 -0.000000]
tau[0:6]:[1.228026 0.081850 0.819520 0.875435 0.745706 -0.833381 0.398995]
kernel exec min/avg/max: 28.58 / 29.21 / 31.21 us, samples:16774
pressure status:1, copy rounds total/window:1277/16, 7.52 rounds/s
pressure logical copy:12770.00 MiB total, approx 75.21 MiB/s, checksum:1700570071040
pressure report window:2.127348 s
t0_region>
[0]:14620
[1]:2149
[2]:7

t1_region>
[1]:14861
[2]:1869
[3]:46

t2_region>
[30]:10521
[31]:6013
[32]:240
[33]:1
[34]:2

t0_min: 0.50 us, round:11465
t0_max: 2.13 us, round:12062
t0_jitter: 1.63 us

t1_min: 1.38 us, round:405
t1_max: 3.29 us, round:3956
t1_jitter: 1.92 us

t2_min: 30.25 us, round:5613
t2_max: 34.46 us, round:382
t2_jitter: 4.21 us

PMU diff samples: 16779
AVG DIFF LL_CACHE_RD: 45.37
AVG DIFF LL_CACHE_MISS_RD: 25.73
AVG DIFF L2D_CACHE_REFILL: 5.20
AVG DIFF L2D_CACHE_INVAL: 0.01
[cur diff] DIFF LL_CACHE_RD: 0, DIFF LL_CACHE_MISS_RD: 0, MISS_RATE: 0.00%
[cur diff] DIFF L2D_CACHE_REFILL: 0
[cur diff] DIFF L2D_CACHE_INVAL: 0
[max diff] DIFF LL_CACHE_RD: 61, DIFF LL_CACHE_MISS_RD: 45, MISS_RATE: 73.77%
[max diff] DIFF L2D_CACHE_REFILL: 23
[max diff] DIFF L2D_CACHE_INVAL: 17

===========================================================
taskpendcnt:16983
t0:666 ns
t1:1916 ns
t2:31375 ns
benchmark: Franka-derived Cartesian-impedance kernel, input trace:8, timer period:10.000 ms
controller source: franka_ros2 jazzy@73a1501d, updates:16995, SVD sweeps:5
pose error:[0.010000 0.015000 0.010000 -0.000000 0.049979 -0.000000]
tau[0:6]:[-1.839419 -0.921560 -1.193198 -1.195971 -0.861243 0.113634 -0.461388]
kernel exec min/avg/max: 28.58 / 29.21 / 31.21 us, samples:16986
pressure status:1, copy rounds total/window:1294/17, 7.99 rounds/s
pressure logical copy:12940.00 MiB total, approx 79.88 MiB/s, checksum:1723208826880
pressure report window:2.128223 s
t0_region>
[0]:14805
[1]:2177
[2]:7

t1_region>
[1]:15050
[2]:1893
[3]:46

t2_region>
[30]:10645
[31]:6100
[32]:242
[33]:1
[34]:2

t0_min: 0.50 us, round:11465
t0_max: 2.13 us, round:12062
t0_jitter: 1.63 us

t1_min: 1.38 us, round:405
t1_max: 3.29 us, round:3956
t1_jitter: 1.92 us

t2_min: 30.25 us, round:5613
t2_max: 34.46 us, round:382
t2_jitter: 4.21 us

PMU diff samples: 16992
AVG DIFF LL_CACHE_RD: 45.37
AVG DIFF LL_CACHE_MISS_RD: 25.73
AVG DIFF L2D_CACHE_REFILL: 5.20
AVG DIFF L2D_CACHE_INVAL: 0.01
[cur diff] DIFF LL_CACHE_RD: 0, DIFF LL_CACHE_MISS_RD: 0, MISS_RATE: 0.00%
[cur diff] DIFF L2D_CACHE_REFILL: 0
[cur diff] DIFF L2D_CACHE_INVAL: 0
[max diff] DIFF LL_CACHE_RD: 61, DIFF LL_CACHE_MISS_RD: 45, MISS_RATE: 73.77%
[max diff] DIFF L2D_CACHE_REFILL: 23
[max diff] DIFF L2D_CACHE_INVAL: 17

===========================================================
taskpendcnt:17196
t0:916 ns
t1:1500 ns
t2:30666 ns
benchmark: Franka-derived Cartesian-impedance kernel, input trace:8, timer period:10.000 ms
controller source: franka_ros2 jazzy@73a1501d, updates:17207, SVD sweeps:5
pose error:[0.010000 0.015000 0.010000 -0.000000 0.049979 -0.000000]
tau[0:6]:[-0.567483 -0.552304 -0.482512 -0.231067 -0.297494 -0.656094 -0.085004]
kernel exec min/avg/max: 28.58 / 29.21 / 31.21 us, samples:17199
pressure status:1, copy rounds total/window:1310/16, 7.52 rounds/s
pressure logical copy:13100.00 MiB total, approx 75.19 MiB/s, checksum:1744515891200
pressure report window:2.127962 s
t0_region>
[0]:14987
[1]:2208
[2]:7

t1_region>
[1]:15237
[2]:1919
[3]:46

t2_region>
[30]:10781
[31]:6175
[32]:243
[33]:1
[34]:2

t0_min: 0.50 us, round:11465
t0_max: 2.13 us, round:12062
t0_jitter: 1.63 us

t1_min: 1.38 us, round:405
t1_max: 3.29 us, round:3956
t1_jitter: 1.92 us

t2_min: 30.25 us, round:5613
t2_max: 34.46 us, round:382
t2_jitter: 4.21 us

PMU diff samples: 17205
AVG DIFF LL_CACHE_RD: 45.40
AVG DIFF LL_CACHE_MISS_RD: 25.83
AVG DIFF L2D_CACHE_REFILL: 5.20
AVG DIFF L2D_CACHE_INVAL: 0.01
[cur diff] DIFF LL_CACHE_RD: 0, DIFF LL_CACHE_MISS_RD: 0, MISS_RATE: 0.00%
[cur diff] DIFF L2D_CACHE_REFILL: 0
[cur diff] DIFF L2D_CACHE_INVAL: 0
[max diff] DIFF LL_CACHE_RD: 61, DIFF LL_CACHE_MISS_RD: 45, MISS_RATE: 73.77%
[max diff] DIFF L2D_CACHE_REFILL: 23
[max diff] DIFF L2D_CACHE_INVAL: 17

===========================================================
taskpendcnt:17409
t0:875 ns
t1:1458 ns
t2:30625 ns
benchmark: Franka-derived Cartesian-impedance kernel, input trace:8, timer period:10.000 ms
controller source: franka_ros2 jazzy@73a1501d, updates:17420, SVD sweeps:5
pose error:[0.010000 0.015000 0.010000 -0.000000 0.049979 -0.000000]
tau[0:6]:[-0.274004 -0.324180 0.001577 -0.231466 0.050986 -0.328952 0.010844]
kernel exec min/avg/max: 28.58 / 29.21 / 31.21 us, samples:17412
pressure status:1, copy rounds total/window:1326/16, 7.52 rounds/s
pressure logical copy:13260.00 MiB total, approx 75.20 MiB/s, checksum:1765822955520
pressure report window:2.127608 s
t0_region>
[0]:15176
[1]:2231
[2]:7

t1_region>
[1]:15423
[2]:1946
[3]:46

t2_region>
[30]:10915
[31]:6251
[32]:246
[33]:1
[34]:2

t0_min: 0.50 us, round:11465
t0_max: 2.13 us, round:12062
t0_jitter: 1.63 us

t1_min: 1.38 us, round:405
t1_max: 3.29 us, round:3956
t1_jitter: 1.92 us

t2_min: 30.25 us, round:5613
t2_max: 34.46 us, round:382
t2_jitter: 4.21 us

PMU diff samples: 17418
AVG DIFF LL_CACHE_RD: 45.41
AVG DIFF LL_CACHE_MISS_RD: 25.86
AVG DIFF L2D_CACHE_REFILL: 5.20
AVG DIFF L2D_CACHE_INVAL: 0.01
[cur diff] DIFF LL_CACHE_RD: 0, DIFF LL_CACHE_MISS_RD: 0, MISS_RATE: 0.00%
[cur diff] DIFF L2D_CACHE_REFILL: 0
[cur diff] DIFF L2D_CACHE_INVAL: 0
[max diff] DIFF LL_CACHE_RD: 61, DIFF LL_CACHE_MISS_RD: 45, MISS_RATE: 73.77%
[max diff] DIFF L2D_CACHE_REFILL: 23
[max diff] DIFF L2D_CACHE_INVAL: 17

===========================================================
taskpendcnt:17622
t0:833 ns
t1:1708 ns
t2:30875 ns
benchmark: Franka-derived Cartesian-impedance kernel, input trace:8, timer period:10.000 ms
controller source: franka_ros2 jazzy@73a1501d, updates:17633, SVD sweeps:5
pose error:[0.010000 0.015000 0.010000 -0.000000 0.049979 -0.000000]
tau[0:6]:[-2.781770 -1.613002 -1.930139 -1.581803 -1.382951 -0.390599 -0.663394]
kernel exec min/avg/max: 28.58 / 29.21 / 31.21 us, samples:17625
pressure status:1, copy rounds total/window:1342/16, 7.52 rounds/s
pressure logical copy:13420.00 MiB total, approx 75.18 MiB/s, checksum:1787130019840
pressure report window:2.128135 s
t0_region>
[0]:15365
[1]:2255
[2]:7

t1_region>
[1]:15606
[2]:1976
[3]:46

t2_region>
[30]:11034
[31]:6340
[32]:251
[33]:1
[34]:2

t0_min: 0.50 us, round:11465
t0_max: 2.13 us, round:12062
t0_jitter: 1.63 us

t1_min: 1.38 us, round:405
t1_max: 3.29 us, round:3956
t1_jitter: 1.92 us

t2_min: 30.25 us, round:5613
t2_max: 34.46 us, round:382
t2_jitter: 4.21 us

PMU diff samples: 17630
AVG DIFF LL_CACHE_RD: 45.40
AVG DIFF LL_CACHE_MISS_RD: 25.84
AVG DIFF L2D_CACHE_REFILL: 5.20
AVG DIFF L2D_CACHE_INVAL: 0.01
[cur diff] DIFF LL_CACHE_RD: 0, DIFF LL_CACHE_MISS_RD: 0, MISS_RATE: 0.00%
[cur diff] DIFF L2D_CACHE_REFILL: 0
[cur diff] DIFF L2D_CACHE_INVAL: 0
[max diff] DIFF LL_CACHE_RD: 61, DIFF LL_CACHE_MISS_RD: 45, MISS_RATE: 73.77%
[max diff] DIFF L2D_CACHE_REFILL: 23
[max diff] DIFF L2D_CACHE_INVAL: 17

===========================================================
taskpendcnt:17834
t0:791 ns
t1:1958 ns
t2:31416 ns
benchmark: Franka-derived Cartesian-impedance kernel, input trace:8, timer period:10.000 ms
controller source: franka_ros2 jazzy@73a1501d, updates:17846, SVD sweeps:5
pose error:[0.010000 0.015000 0.010000 -0.000000 0.049979 -0.000000]
tau[0:6]:[1.228026 0.081850 0.819520 0.875435 0.745706 -0.833381 0.398995]
kernel exec min/avg/max: 28.58 / 29.21 / 31.21 us, samples:17838
pressure status:1, copy rounds total/window:1358/16, 7.52 rounds/s
pressure logical copy:13580.00 MiB total, approx 75.21 MiB/s, checksum:1808437084160
pressure report window:2.127359 s
t0_region>
[0]:15549
[1]:2284
[2]:7

t1_region>
[1]:15788
[2]:2003
[3]:49

t2_region>
[30]:11140
[31]:6440
[32]:257
[33]:2
[34]:2

t0_min: 0.50 us, round:11465
t0_max: 2.13 us, round:12062
t0_jitter: 1.63 us

t1_min: 1.38 us, round:405
t1_max: 3.29 us, round:3956
t1_jitter: 1.92 us

t2_min: 30.25 us, round:5613
t2_max: 34.46 us, round:382
t2_jitter: 4.21 us

PMU diff samples: 17843
AVG DIFF LL_CACHE_RD: 45.40
AVG DIFF LL_CACHE_MISS_RD: 25.84
AVG DIFF L2D_CACHE_REFILL: 5.20
AVG DIFF L2D_CACHE_INVAL: 0.01
[cur diff] DIFF LL_CACHE_RD: 0, DIFF LL_CACHE_MISS_RD: 0, MISS_RATE: 0.00%
[cur diff] DIFF L2D_CACHE_REFILL: 0
[cur diff] DIFF L2D_CACHE_INVAL: 0
[max diff] DIFF LL_CACHE_RD: 61, DIFF LL_CACHE_MISS_RD: 45, MISS_RATE: 73.77%
[max diff] DIFF L2D_CACHE_REFILL: 23
[max diff] DIFF L2D_CACHE_INVAL: 17

===========================================================
taskpendcnt:18047
t0:666 ns
t1:1833 ns
t2:31000 ns
benchmark: Franka-derived Cartesian-impedance kernel, input trace:8, timer period:10.000 ms
controller source: franka_ros2 jazzy@73a1501d, updates:18058, SVD sweeps:5
pose error:[0.010000 0.015000 0.010000 -0.000000 0.049979 -0.000000]
tau[0:6]:[-1.839419 -0.921560 -1.193198 -1.195971 -0.861243 0.113634 -0.461388]
kernel exec min/avg/max: 28.58 / 29.21 / 31.21 us, samples:18050
pressure status:1, copy rounds total/window:1374/16, 7.52 rounds/s
pressure logical copy:13740.00 MiB total, approx 75.21 MiB/s, checksum:1829744148480
pressure report window:2.127315 s
t0_region>
[0]:15737
[1]:2309
[2]:7

t1_region>
[1]:15979
[2]:2024
[3]:50

t2_region>
[30]:11267
[31]:6518
[32]:264
[33]:2
[34]:2

t0_min: 0.50 us, round:11465
t0_max: 2.13 us, round:12062
t0_jitter: 1.63 us

t1_min: 1.38 us, round:405
t1_max: 3.29 us, round:3956
t1_jitter: 1.92 us

t2_min: 30.25 us, round:5613
t2_max: 34.46 us, round:382
t2_jitter: 4.21 us

PMU diff samples: 18056
AVG DIFF LL_CACHE_RD: 45.38
AVG DIFF LL_CACHE_MISS_RD: 25.88
AVG DIFF L2D_CACHE_REFILL: 5.20
AVG DIFF L2D_CACHE_INVAL: 0.01
[cur diff] DIFF LL_CACHE_RD: 0, DIFF LL_CACHE_MISS_RD: 0, MISS_RATE: 0.00%
[cur diff] DIFF L2D_CACHE_REFILL: 0
[cur diff] DIFF L2D_CACHE_INVAL: 0
[max diff] DIFF LL_CACHE_RD: 61, DIFF LL_CACHE_MISS_RD: 45, MISS_RATE: 73.77%
[max diff] DIFF L2D_CACHE_REFILL: 23
[max diff] DIFF L2D_CACHE_INVAL: 17

===========================================================
taskpendcnt:18260
t0:916 ns
t1:1791 ns
t2:31250 ns
benchmark: Franka-derived Cartesian-impedance kernel, input trace:8, timer period:10.000 ms
controller source: franka_ros2 jazzy@73a1501d, updates:18271, SVD sweeps:5
pose error:[0.010000 0.015000 0.010000 -0.000000 0.049979 -0.000000]
tau[0:6]:[1.376914 -0.104433 0.790225 0.843903 0.642107 -0.956178 0.423547]
kernel exec min/avg/max: 28.58 / 29.21 / 31.21 us, samples:18263
pressure status:1, copy rounds total/window:1391/17, 7.99 rounds/s
pressure logical copy:13910.00 MiB total, approx 79.90 MiB/s, checksum:1852382904320
pressure report window:2.127531 s
t0_region>
[0]:15926
[1]:2332
[2]:7

t1_region>
[1]:16172
[2]:2044
[3]:50

t2_region>
[30]:11385
[31]:6609
[32]:268
[33]:2
[34]:2

t0_min: 0.50 us, round:11465
t0_max: 2.13 us, round:12062
t0_jitter: 1.63 us

t1_min: 1.38 us, round:405
t1_max: 3.29 us, round:3956
t1_jitter: 1.92 us

t2_min: 30.25 us, round:5613
t2_max: 34.46 us, round:382
t2_jitter: 4.21 us

PMU diff samples: 18269
AVG DIFF LL_CACHE_RD: 45.38
AVG DIFF LL_CACHE_MISS_RD: 25.91
AVG DIFF L2D_CACHE_REFILL: 5.21
AVG DIFF L2D_CACHE_INVAL: 0.01
[cur diff] DIFF LL_CACHE_RD: 0, DIFF LL_CACHE_MISS_RD: 0, MISS_RATE: 0.00%
[cur diff] DIFF L2D_CACHE_REFILL: 0
[cur diff] DIFF L2D_CACHE_INVAL: 0
[max diff] DIFF LL_CACHE_RD: 61, DIFF LL_CACHE_MISS_RD: 45, MISS_RATE: 73.77%
[max diff] DIFF L2D_CACHE_REFILL: 23
[max diff] DIFF L2D_CACHE_INVAL: 17

===========================================================
taskpendcnt:18473
t0:583 ns
t1:1750 ns
t2:30916 ns
benchmark: Franka-derived Cartesian-impedance kernel, input trace:8, timer period:10.000 ms
controller source: franka_ros2 jazzy@73a1501d, updates:18484, SVD sweeps:5
pose error:[0.010000 0.015000 0.010000 -0.000000 0.049979 -0.000000]
tau[0:6]:[-0.274004 -0.324180 0.001577 -0.231466 0.050986 -0.328952 0.010844]
kernel exec min/avg/max: 28.58 / 29.21 / 31.21 us, samples:18476
pressure status:1, copy rounds total/window:1407/16, 7.52 rounds/s
pressure logical copy:14070.00 MiB total, approx 75.19 MiB/s, checksum:1873689968640
pressure report window:2.128045 s
t0_region>
[0]:16110
[1]:2360
[2]:8

t1_region>
[1]:16355
[2]:2074
[3]:50

t2_region>
[30]:11492
[31]:6710
[32]:273
[33]:2
[34]:2

t0_min: 0.50 us, round:11465
t0_max: 2.13 us, round:12062
t0_jitter: 1.63 us

t1_min: 1.38 us, round:405
t1_max: 3.29 us, round:3956
t1_jitter: 1.92 us

t2_min: 30.25 us, round:5613
t2_max: 34.46 us, round:382
t2_jitter: 4.21 us

PMU diff samples: 18481
AVG DIFF LL_CACHE_RD: 45.39
AVG DIFF LL_CACHE_MISS_RD: 25.91
AVG DIFF L2D_CACHE_REFILL: 5.21
AVG DIFF L2D_CACHE_INVAL: 0.01
[cur diff] DIFF LL_CACHE_RD: 0, DIFF LL_CACHE_MISS_RD: 0, MISS_RATE: 0.00%
[cur diff] DIFF L2D_CACHE_REFILL: 0
[cur diff] DIFF L2D_CACHE_INVAL: 0
[max diff] DIFF LL_CACHE_RD: 61, DIFF LL_CACHE_MISS_RD: 45, MISS_RATE: 73.77%
[max diff] DIFF L2D_CACHE_REFILL: 23
[max diff] DIFF L2D_CACHE_INVAL: 17

===========================================================
taskpendcnt:18685
t0:833 ns
t1:1708 ns
t2:30583 ns
benchmark: Franka-derived Cartesian-impedance kernel, input trace:8, timer period:10.000 ms
controller source: franka_ros2 jazzy@73a1501d, updates:18697, SVD sweeps:5
pose error:[0.010000 0.015000 0.010000 -0.000000 0.049979 -0.000000]
tau[0:6]:[-2.781770 -1.613002 -1.930139 -1.581803 -1.382951 -0.390599 -0.663394]
kernel exec min/avg/max: 28.58 / 29.21 / 31.21 us, samples:18689
pressure status:1, copy rounds total/window:1423/16, 7.52 rounds/s
pressure logical copy:14230.00 MiB total, approx 75.18 MiB/s, checksum:1894997032960
pressure report window:2.128137 s
t0_region>
[0]:16300
[1]:2382
[2]:9

t1_region>
[1]:16544
[2]:2097
[3]:50

t2_region>
[30]:11619
[31]:6790
[32]:279
[33]:2
[34]:2

t0_min: 0.50 us, round:11465
t0_max: 2.13 us, round:12062
t0_jitter: 1.63 us

t1_min: 1.38 us, round:405
t1_max: 3.29 us, round:3956
t1_jitter: 1.92 us

t2_min: 30.25 us, round:5613
t2_max: 34.46 us, round:382
t2_jitter: 4.21 us

PMU diff samples: 18694
AVG DIFF LL_CACHE_RD: 45.42
AVG DIFF LL_CACHE_MISS_RD: 25.91
AVG DIFF L2D_CACHE_REFILL: 5.21
AVG DIFF L2D_CACHE_INVAL: 0.01
[cur diff] DIFF LL_CACHE_RD: 0, DIFF LL_CACHE_MISS_RD: 0, MISS_RATE: 0.00%
[cur diff] DIFF L2D_CACHE_REFILL: 0
[cur diff] DIFF L2D_CACHE_INVAL: 0
[max diff] DIFF LL_CACHE_RD: 61, DIFF LL_CACHE_MISS_RD: 45, MISS_RATE: 73.77%
[max diff] DIFF L2D_CACHE_REFILL: 23
[max diff] DIFF L2D_CACHE_INVAL: 17

===========================================================
taskpendcnt:18898
t0:708 ns
t1:1583 ns
t2:31708 ns
benchmark: Franka-derived Cartesian-impedance kernel, input trace:8, timer period:10.000 ms
controller source: franka_ros2 jazzy@73a1501d, updates:18910, SVD sweeps:5
pose error:[0.010000 0.015000 0.010000 -0.000000 0.049979 -0.000000]
tau[0:6]:[1.228026 0.081850 0.819520 0.875435 0.745706 -0.833381 0.398995]
kernel exec min/avg/max: 28.58 / 29.21 / 31.21 us, samples:18901
pressure status:1, copy rounds total/window:1439/16, 7.52 rounds/s
pressure logical copy:14390.00 MiB total, approx 75.21 MiB/s, checksum:1916304097280
pressure report window:2.127348 s
t0_region>
[0]:16487
[1]:2408
[2]:9

t1_region>
[1]:16733
[2]:2121
[3]:50

t2_region>
[30]:11737
[31]:6882
[32]:282
[33]:2
[34]:2

t0_min: 0.50 us, round:11465
t0_max: 2.13 us, round:12062
t0_jitter: 1.63 us

t1_min: 1.38 us, round:405
t1_max: 3.29 us, round:3956
t1_jitter: 1.92 us

t2_min: 30.25 us, round:5613
t2_max: 34.46 us, round:382
t2_jitter: 4.21 us

PMU diff samples: 18907
AVG DIFF LL_CACHE_RD: 45.42
AVG DIFF LL_CACHE_MISS_RD: 25.91
AVG DIFF L2D_CACHE_REFILL: 5.21
AVG DIFF L2D_CACHE_INVAL: 0.01
[cur diff] DIFF LL_CACHE_RD: 0, DIFF LL_CACHE_MISS_RD: 0, MISS_RATE: 0.00%
[cur diff] DIFF L2D_CACHE_REFILL: 0
[cur diff] DIFF L2D_CACHE_INVAL: 0
[max diff] DIFF LL_CACHE_RD: 61, DIFF LL_CACHE_MISS_RD: 45, MISS_RATE: 73.77%
[max diff] DIFF L2D_CACHE_REFILL: 23
[max diff] DIFF L2D_CACHE_INVAL: 17

===========================================================
taskpendcnt:19111
t0:958 ns
t1:1833 ns
t2:30708 ns
benchmark: Franka-derived Cartesian-impedance kernel, input trace:8, timer period:10.000 ms
controller source: franka_ros2 jazzy@73a1501d, updates:19122, SVD sweeps:5
pose error:[0.010000 0.015000 0.010000 -0.000000 0.049979 -0.000000]
tau[0:6]:[-2.379368 -1.292411 -1.655224 -1.570015 -1.185234 -0.066588 -0.610247]
kernel exec min/avg/max: 28.58 / 29.21 / 31.21 us, samples:19114
pressure status:1, copy rounds total/window:1455/16, 7.52 rounds/s
pressure logical copy:14550.00 MiB total, approx 75.21 MiB/s, checksum:1937611161600
pressure report window:2.127394 s
t0_region>
[0]:16674
[1]:2432
[2]:10

t1_region>
[1]:16923
[2]:2143
[3]:51

t2_region>
[30]:11861
[31]:6968
[32]:284
[33]:2
[34]:2

t0_min: 0.50 us, round:11465
t0_max: 2.13 us, round:12062
t0_jitter: 1.63 us

t1_min: 1.38 us, round:405
t1_max: 3.29 us, round:3956
t1_jitter: 1.92 us

t2_min: 30.25 us, round:5613
t2_max: 34.46 us, round:382
t2_jitter: 4.21 us

PMU diff samples: 19120
AVG DIFF LL_CACHE_RD: 45.42
AVG DIFF LL_CACHE_MISS_RD: 25.93
AVG DIFF L2D_CACHE_REFILL: 5.21
AVG DIFF L2D_CACHE_INVAL: 0.01
[cur diff] DIFF LL_CACHE_RD: 0, DIFF LL_CACHE_MISS_RD: 0, MISS_RATE: 0.00%
[cur diff] DIFF L2D_CACHE_REFILL: 0
[cur diff] DIFF L2D_CACHE_INVAL: 0
[max diff] DIFF LL_CACHE_RD: 61, DIFF LL_CACHE_MISS_RD: 45, MISS_RATE: 73.77%
[max diff] DIFF L2D_CACHE_REFILL: 23
[max diff] DIFF L2D_CACHE_INVAL: 17

===========================================================
taskpendcnt:19324
t0:916 ns
t1:1791 ns
t2:30958 ns
benchmark: Franka-derived Cartesian-impedance kernel, input trace:8, timer period:10.000 ms
controller source: franka_ros2 jazzy@73a1501d, updates:19335, SVD sweeps:5
pose error:[0.010000 0.015000 0.010000 -0.000000 0.049979 -0.000000]
tau[0:6]:[1.376914 -0.104433 0.790225 0.843903 0.642107 -0.956178 0.423547]
kernel exec min/avg/max: 28.58 / 29.21 / 31.21 us, samples:19327
pressure status:1, copy rounds total/window:1471/16, 7.52 rounds/s
pressure logical copy:14710.00 MiB total, approx 75.21 MiB/s, checksum:1958918225920
pressure report window:2.127439 s
t0_region>
[0]:16861
[1]:2458
[2]:10

t1_region>
[1]:17106
[2]:2173
[3]:51

t2_region>
[30]:11986
[31]:7053
[32]:287
[33]:2
[34]:2

t0_min: 0.50 us, round:11465
t0_max: 2.13 us, round:12062
t0_jitter: 1.63 us

t1_min: 1.38 us, round:405
t1_max: 3.29 us, round:3956
t1_jitter: 1.92 us

t2_min: 30.25 us, round:5613
t2_max: 34.46 us, round:382
t2_jitter: 4.21 us

PMU diff samples: 19332
AVG DIFF LL_CACHE_RD: 45.42
AVG DIFF LL_CACHE_MISS_RD: 25.97
AVG DIFF L2D_CACHE_REFILL: 5.21
AVG DIFF L2D_CACHE_INVAL: 0.01
[cur diff] DIFF LL_CACHE_RD: 0, DIFF LL_CACHE_MISS_RD: 0, MISS_RATE: 0.00%
[cur diff] DIFF L2D_CACHE_REFILL: 0
[cur diff] DIFF L2D_CACHE_INVAL: 0
[max diff] DIFF LL_CACHE_RD: 61, DIFF LL_CACHE_MISS_RD: 45, MISS_RATE: 73.77%
[max diff] DIFF L2D_CACHE_REFILL: 23
[max diff] DIFF L2D_CACHE_INVAL: 17

===========================================================
taskpendcnt:19537
t0:875 ns
t1:1750 ns
t2:30916 ns
benchmark: Franka-derived Cartesian-impedance kernel, input trace:8, timer period:10.000 ms
controller source: franka_ros2 jazzy@73a1501d, updates:19548, SVD sweeps:5
pose error:[0.010000 0.015000 0.010000 -0.000000 0.049979 -0.000000]
tau[0:6]:[-0.274004 -0.324180 0.001577 -0.231466 0.050986 -0.328952 0.010844]
kernel exec min/avg/max: 28.58 / 29.21 / 31.21 us, samples:19540
pressure status:1, copy rounds total/window:1488/17, 7.99 rounds/s
pressure logical copy:14880.00 MiB total, approx 79.89 MiB/s, checksum:1981556981760
pressure report window:2.128052 s
t0_region>
[0]:17044
[1]:2488
[2]:10

t1_region>
[1]:17295
[2]:2196
[3]:51

t2_region>
[30]:12108
[31]:7142
[32]:289
[33]:2
[34]:2

t0_min: 0.50 us, round:11465
t0_max: 2.13 us, round:12062
t0_jitter: 1.63 us

t1_min: 1.38 us, round:405
t1_max: 3.29 us, round:3956
t1_jitter: 1.92 us

t2_min: 30.25 us, round:5613
t2_max: 34.46 us, round:382
t2_jitter: 4.21 us

PMU diff samples: 19545
AVG DIFF LL_CACHE_RD: 45.41
AVG DIFF LL_CACHE_MISS_RD: 25.98
AVG DIFF L2D_CACHE_REFILL: 5.21
AVG DIFF L2D_CACHE_INVAL: 0.01
[cur diff] DIFF LL_CACHE_RD: 0, DIFF LL_CACHE_MISS_RD: 0, MISS_RATE: 0.00%
[cur diff] DIFF L2D_CACHE_REFILL: 0
[cur diff] DIFF L2D_CACHE_INVAL: 0
[max diff] DIFF LL_CACHE_RD: 61, DIFF LL_CACHE_MISS_RD: 45, MISS_RATE: 73.77%
[max diff] DIFF L2D_CACHE_REFILL: 23
[max diff] DIFF L2D_CACHE_INVAL: 17

===========================================================
taskpendcnt:19749
t0:750 ns
t1:1708 ns
t2:31166 ns
benchmark: Franka-derived Cartesian-impedance kernel, input trace:8, timer period:10.000 ms
controller source: franka_ros2 jazzy@73a1501d, updates:19761, SVD sweeps:5
pose error:[0.010000 0.015000 0.010000 -0.000000 0.049979 -0.000000]
tau[0:6]:[-2.781770 -1.613002 -1.930139 -1.581803 -1.382951 -0.390599 -0.663394]
kernel exec min/avg/max: 28.58 / 29.21 / 31.21 us, samples:19753
pressure status:1, copy rounds total/window:1504/16, 7.52 rounds/s
pressure logical copy:15040.00 MiB total, approx 75.18 MiB/s, checksum:2002864046080
pressure report window:2.128146 s
t0_region>
[0]:17233
[1]:2512
[2]:10

t1_region>
[1]:17483
[2]:2221
[3]:51

t2_region>
[30]:12235
[31]:7227
[32]:290
[33]:2
[34]:2

t0_min: 0.50 us, round:11465
t0_max: 2.13 us, round:12062
t0_jitter: 1.63 us

t1_min: 1.38 us, round:405
t1_max: 3.29 us, round:3956
t1_jitter: 1.92 us

t2_min: 30.25 us, round:5613
t2_max: 34.46 us, round:382
t2_jitter: 4.21 us

PMU diff samples: 19758
AVG DIFF LL_CACHE_RD: 45.45
AVG DIFF LL_CACHE_MISS_RD: 26.02
AVG DIFF L2D_CACHE_REFILL: 5.21
AVG DIFF L2D_CACHE_INVAL: 0.01
[cur diff] DIFF LL_CACHE_RD: 0, DIFF LL_CACHE_MISS_RD: 0, MISS_RATE: 0.00%
[cur diff] DIFF L2D_CACHE_REFILL: 0
[cur diff] DIFF L2D_CACHE_INVAL: 0
[max diff] DIFF LL_CACHE_RD: 61, DIFF LL_CACHE_MISS_RD: 45, MISS_RATE: 73.77%
[max diff] DIFF L2D_CACHE_REFILL: 23
[max diff] DIFF L2D_CACHE_INVAL: 17

===========================================================
taskpendcnt:19962
t0:708 ns
t1:1583 ns
t2:30750 ns
benchmark: Franka-derived Cartesian-impedance kernel, input trace:8, timer period:10.000 ms
controller source: franka_ros2 jazzy@73a1501d, updates:19973, SVD sweeps:5
pose error:[0.010000 0.015000 0.010000 -0.000000 0.049979 -0.000000]
tau[0:6]:[1.228026 0.081850 0.819520 0.875435 0.745706 -0.833381 0.398995]
kernel exec min/avg/max: 28.58 / 29.21 / 31.21 us, samples:19965
pressure status:1, copy rounds total/window:1520/16, 7.52 rounds/s
pressure logical copy:15200.00 MiB total, approx 75.21 MiB/s, checksum:2024171110400
pressure report window:2.127356 s
t0_region>
[0]:17422
[1]:2536
[2]:10

t1_region>
[1]:17677
[2]:2240
[3]:51

t2_region>
[30]:12371
[31]:7302
[32]:291
[33]:2
[34]:2

t0_min: 0.50 us, round:11465
t0_max: 2.13 us, round:12062
t0_jitter: 1.63 us

t1_min: 1.38 us, round:405
t1_max: 3.29 us, round:3956
t1_jitter: 1.92 us

t2_min: 30.25 us, round:5613
t2_max: 34.46 us, round:382
t2_jitter: 4.21 us

PMU diff samples: 19971
AVG DIFF LL_CACHE_RD: 45.42
AVG DIFF LL_CACHE_MISS_RD: 26.00
AVG DIFF L2D_CACHE_REFILL: 5.21
AVG DIFF L2D_CACHE_INVAL: 0.01
[cur diff] DIFF LL_CACHE_RD: 0, DIFF LL_CACHE_MISS_RD: 0, MISS_RATE: 0.00%
[cur diff] DIFF L2D_CACHE_REFILL: 0
[cur diff] DIFF L2D_CACHE_INVAL: 0
[max diff] DIFF LL_CACHE_RD: 61, DIFF LL_CACHE_MISS_RD: 45, MISS_RATE: 73.77%
[max diff] DIFF L2D_CACHE_REFILL: 23
[max diff] DIFF L2D_CACHE_INVAL: 17

===========================================================
taskpendcnt:20175
t0:1541 ns
t1:2708 ns
t2:31583 ns
benchmark: Franka-derived Cartesian-impedance kernel, input trace:8, timer period:10.000 ms
controller source: franka_ros2 jazzy@73a1501d, updates:20186, SVD sweeps:5
pose error:[0.010000 0.015000 0.010000 -0.000000 0.049979 -0.000000]
tau[0:6]:[-2.379368 -1.292411 -1.655224 -1.570015 -1.185234 -0.066588 -0.610247]
kernel exec min/avg/max: 28.58 / 29.21 / 31.21 us, samples:20178
pressure status:1, copy rounds total/window:1536/16, 7.52 rounds/s
pressure logical copy:15360.00 MiB total, approx 75.17 MiB/s, checksum:2045478174720
pressure report window:2.128477 s
t0_region>
[0]:17607
[1]:2563
[2]:10

t1_region>
[1]:17866
[2]:2264
[3]:51

t2_region>
[30]:12502
[31]:7379
[32]:296
[33]:2
[34]:2

t0_min: 0.50 us, round:11465
t0_max: 2.13 us, round:12062
t0_jitter: 1.63 us

t1_min: 1.38 us, round:405
t1_max: 3.29 us, round:3956
t1_jitter: 1.92 us

t2_min: 30.25 us, round:5613
t2_max: 34.46 us, round:382
t2_jitter: 4.21 us

PMU diff samples: 20184
AVG DIFF LL_CACHE_RD: 45.43
AVG DIFF LL_CACHE_MISS_RD: 26.00
AVG DIFF L2D_CACHE_REFILL: 5.21
AVG DIFF L2D_CACHE_INVAL: 0.01
[cur diff] DIFF LL_CACHE_RD: 0, DIFF LL_CACHE_MISS_RD: 0, MISS_RATE: 0.00%
[cur diff] DIFF L2D_CACHE_REFILL: 0
[cur diff] DIFF L2D_CACHE_INVAL: 0
[max diff] DIFF LL_CACHE_RD: 61, DIFF LL_CACHE_MISS_RD: 45, MISS_RATE: 73.77%
[max diff] DIFF L2D_CACHE_REFILL: 23
[max diff] DIFF L2D_CACHE_INVAL: 17

===========================================================
taskpendcnt:20388
t0:916 ns
t1:2083 ns
t2:31250 ns
benchmark: Franka-derived Cartesian-impedance kernel, input trace:8, timer period:10.000 ms
controller source: franka_ros2 jazzy@73a1501d, updates:20399, SVD sweeps:5
pose error:[0.010000 0.015000 0.010000 -0.000000 0.049979 -0.000000]
tau[0:6]:[1.376914 -0.104433 0.790225 0.843903 0.642107 -0.956178 0.423547]
kernel exec min/avg/max: 28.58 / 29.21 / 31.21 us, samples:20391
pressure status:1, copy rounds total/window:1552/16, 7.52 rounds/s
pressure logical copy:15520.00 MiB total, approx 75.21 MiB/s, checksum:2066785239040
pressure report window:2.127346 s
t0_region>
[0]:17794
[1]:2589
[2]:10

t1_region>
[1]:18051
[2]:2292
[3]:51

t2_region>
[30]:12621
[31]:7471
[32]:298
[33]:2
[34]:2

t0_min: 0.50 us, round:11465
t0_max: 2.13 us, round:12062
t0_jitter: 1.63 us

t1_min: 1.38 us, round:405
t1_max: 3.29 us, round:3956
t1_jitter: 1.92 us

t2_min: 30.25 us, round:5613
t2_max: 34.46 us, round:382
t2_jitter: 4.21 us

PMU diff samples: 20396
AVG DIFF LL_CACHE_RD: 45.44
AVG DIFF LL_CACHE_MISS_RD: 26.03
AVG DIFF L2D_CACHE_REFILL: 5.21
AVG DIFF L2D_CACHE_INVAL: 0.01
[cur diff] DIFF LL_CACHE_RD: 0, DIFF LL_CACHE_MISS_RD: 0, MISS_RATE: 0.00%
[cur diff] DIFF L2D_CACHE_REFILL: 0
[cur diff] DIFF L2D_CACHE_INVAL: 0
[max diff] DIFF LL_CACHE_RD: 61, DIFF LL_CACHE_MISS_RD: 45, MISS_RATE: 73.77%
[max diff] DIFF L2D_CACHE_REFILL: 23
[max diff] DIFF L2D_CACHE_INVAL: 17

===========================================================
taskpendcnt:20600
t0:875 ns
t1:1750 ns
t2:30916 ns
benchmark: Franka-derived Cartesian-impedance kernel, input trace:8, timer period:10.000 ms
controller source: franka_ros2 jazzy@73a1501d, updates:20612, SVD sweeps:5
pose error:[0.010000 0.015000 0.010000 -0.000000 0.049979 -0.000000]
tau[0:6]:[-0.274004 -0.324180 0.001577 -0.231466 0.050986 -0.328952 0.010844]
kernel exec min/avg/max: 28.58 / 29.21 / 31.21 us, samples:20604
pressure status:1, copy rounds total/window:1569/17, 7.99 rounds/s
pressure logical copy:15690.00 MiB total, approx 79.89 MiB/s, checksum:2089423994880
pressure report window:2.128049 s
t0_region>
[0]:17982
[1]:2614
[2]:10

t1_region>
[1]:18236
[2]:2318
[3]:52

t2_region>
[30]:12744
[31]:7557
[32]:302
[33]:2
[34]:2

t0_min: 0.50 us, round:11465
t0_max: 2.13 us, round:12062
t0_jitter: 1.63 us

t1_min: 1.38 us, round:405
t1_max: 3.29 us, round:3956
t1_jitter: 1.92 us

t2_min: 30.25 us, round:5613
t2_max: 34.46 us, round:382
t2_jitter: 4.21 us

PMU diff samples: 20609
AVG DIFF LL_CACHE_RD: 45.44
AVG DIFF LL_CACHE_MISS_RD: 26.03
AVG DIFF L2D_CACHE_REFILL: 5.21
AVG DIFF L2D_CACHE_INVAL: 0.01
[cur diff] DIFF LL_CACHE_RD: 0, DIFF LL_CACHE_MISS_RD: 0, MISS_RATE: 0.00%
[cur diff] DIFF L2D_CACHE_REFILL: 0
[cur diff] DIFF L2D_CACHE_INVAL: 0
[max diff] DIFF LL_CACHE_RD: 61, DIFF LL_CACHE_MISS_RD: 45, MISS_RATE: 73.77%
[max diff] DIFF L2D_CACHE_REFILL: 23
[max diff] DIFF L2D_CACHE_INVAL: 17

===========================================================
taskpendcnt:20813
t0:750 ns
t1:1916 ns
t2:31166 ns
benchmark: Franka-derived Cartesian-impedance kernel, input trace:8, timer period:10.000 ms
controller source: franka_ros2 jazzy@73a1501d, updates:20825, SVD sweeps:5
pose error:[0.010000 0.015000 0.010000 -0.000000 0.049979 -0.000000]
tau[0:6]:[-2.781770 -1.613002 -1.930139 -1.581803 -1.382951 -0.390599 -0.663394]
kernel exec min/avg/max: 28.58 / 29.21 / 31.21 us, samples:20816
pressure status:1, copy rounds total/window:1585/16, 7.52 rounds/s
pressure logical copy:15850.00 MiB total, approx 75.18 MiB/s, checksum:2110731059200
pressure report window:2.128133 s
t0_region>
[0]:18171
[1]:2638
[2]:10

t1_region>
[1]:18426
[2]:2340
[3]:53

t2_region>
[30]:12871
[31]:7641
[32]:304
[33]:2
[34]:2

t0_min: 0.50 us, round:11465
t0_max: 2.13 us, round:12062
t0_jitter: 1.63 us

t1_min: 1.38 us, round:405
t1_max: 3.29 us, round:3956
t1_jitter: 1.92 us

t2_min: 30.25 us, round:5613
t2_max: 34.46 us, round:382
t2_jitter: 4.21 us

PMU diff samples: 20822
AVG DIFF LL_CACHE_RD: 45.46
AVG DIFF LL_CACHE_MISS_RD: 26.04
AVG DIFF L2D_CACHE_REFILL: 5.21
AVG DIFF L2D_CACHE_INVAL: 0.01
[cur diff] DIFF LL_CACHE_RD: 0, DIFF LL_CACHE_MISS_RD: 0, MISS_RATE: 0.00%
[cur diff] DIFF L2D_CACHE_REFILL: 0
[cur diff] DIFF L2D_CACHE_INVAL: 0
[max diff] DIFF LL_CACHE_RD: 61, DIFF LL_CACHE_MISS_RD: 45, MISS_RATE: 73.77%
[max diff] DIFF L2D_CACHE_REFILL: 23
[max diff] DIFF L2D_CACHE_INVAL: 17

===========================================================
taskpendcnt:21026
t0:708 ns
t1:1583 ns
t2:30750 ns
benchmark: Franka-derived Cartesian-impedance kernel, input trace:8, timer period:10.000 ms
controller source: franka_ros2 jazzy@73a1501d, updates:21037, SVD sweeps:5
pose error:[0.010000 0.015000 0.010000 -0.000000 0.049979 -0.000000]
tau[0:6]:[1.228026 0.081850 0.819520 0.875435 0.745706 -0.833381 0.398995]
kernel exec min/avg/max: 28.58 / 29.21 / 31.21 us, samples:21029
pressure status:1, copy rounds total/window:1601/16, 7.52 rounds/s
pressure logical copy:16010.00 MiB total, approx 75.21 MiB/s, checksum:2132038123520
pressure report window:2.127351 s
t0_region>
[0]:18361
[1]:2661
[2]:10

t1_region>
[1]:18618
[2]:2360
[3]:54

t2_region>
[30]:13016
[31]:7705
[32]:307
[33]:2
[34]:2

t0_min: 0.50 us, round:11465
t0_max: 2.13 us, round:12062
t0_jitter: 1.63 us

t1_min: 1.38 us, round:405
t1_max: 3.29 us, round:3956
t1_jitter: 1.92 us

t2_min: 30.25 us, round:5613
t2_max: 34.46 us, round:382
t2_jitter: 4.21 us

PMU diff samples: 21035
AVG DIFF LL_CACHE_RD: 45.44
AVG DIFF LL_CACHE_MISS_RD: 26.04
AVG DIFF L2D_CACHE_REFILL: 5.21
AVG DIFF L2D_CACHE_INVAL: 0.01
[cur diff] DIFF LL_CACHE_RD: 0, DIFF LL_CACHE_MISS_RD: 0, MISS_RATE: 0.00%
[cur diff] DIFF L2D_CACHE_REFILL: 0
[cur diff] DIFF L2D_CACHE_INVAL: 0
[max diff] DIFF LL_CACHE_RD: 61, DIFF LL_CACHE_MISS_RD: 45, MISS_RATE: 73.77%
[max diff] DIFF L2D_CACHE_REFILL: 23
[max diff] DIFF L2D_CACHE_INVAL: 17

===========================================================
taskpendcnt:21239
t0:666 ns
t1:1541 ns
t2:30708 ns
benchmark: Franka-derived Cartesian-impedance kernel, input trace:8, timer period:10.000 ms
controller source: franka_ros2 jazzy@73a1501d, updates:21250, SVD sweeps:5
pose error:[0.010000 0.015000 0.010000 -0.000000 0.049979 -0.000000]
tau[0:6]:[-2.379368 -1.292411 -1.655224 -1.570015 -1.185234 -0.066588 -0.610247]
kernel exec min/avg/max: 28.58 / 29.21 / 31.21 us, samples:21242
pressure status:1, copy rounds total/window:1617/16, 7.52 rounds/s
pressure logical copy:16170.00 MiB total, approx 75.17 MiB/s, checksum:2153345187840
pressure report window:2.128403 s
t0_region>
[0]:18545
[1]:2689
[2]:10

t1_region>
[1]:18808
[2]:2382
[3]:55

t2_region>
[30]:13144
[31]:7788
[32]:309
[33]:2
[34]:2

t0_min: 0.50 us, round:11465
t0_max: 2.13 us, round:12062
t0_jitter: 1.63 us

t1_min: 1.38 us, round:405
t1_max: 3.29 us, round:3956
t1_jitter: 1.92 us

t2_min: 30.25 us, round:5613
t2_max: 34.46 us, round:382
t2_jitter: 4.21 us

PMU diff samples: 21248
AVG DIFF LL_CACHE_RD: 45.46
AVG DIFF LL_CACHE_MISS_RD: 26.00
AVG DIFF L2D_CACHE_REFILL: 5.21
AVG DIFF L2D_CACHE_INVAL: 0.01
[cur diff] DIFF LL_CACHE_RD: 0, DIFF LL_CACHE_MISS_RD: 0, MISS_RATE: 0.00%
[cur diff] DIFF L2D_CACHE_REFILL: 0
[cur diff] DIFF L2D_CACHE_INVAL: 0
[max diff] DIFF LL_CACHE_RD: 61, DIFF LL_CACHE_MISS_RD: 45, MISS_RATE: 73.77%
[max diff] DIFF L2D_CACHE_REFILL: 23
[max diff] DIFF L2D_CACHE_INVAL: 17

===========================================================
taskpendcnt:21452
t0:916 ns
t1:1791 ns
t2:30958 ns
benchmark: Franka-derived Cartesian-impedance kernel, input trace:8, timer period:10.000 ms
controller source: franka_ros2 jazzy@73a1501d, updates:21463, SVD sweeps:5
pose error:[0.010000 0.015000 0.010000 -0.000000 0.049979 -0.000000]
tau[0:6]:[1.376914 -0.104433 0.790225 0.843903 0.642107 -0.956178 0.423547]
kernel exec min/avg/max: 28.58 / 29.21 / 31.21 us, samples:21455
pressure status:1, copy rounds total/window:1633/16, 7.52 rounds/s
pressure logical copy:16330.00 MiB total, approx 75.21 MiB/s, checksum:2174652252160
pressure report window:2.127444 s
t0_region>
[0]:18730
[1]:2717
[2]:10

t1_region>
[1]:18993
[2]:2409
[3]:55

t2_region>
[30]:13275
[31]:7867
[32]:312
[33]:2
[34]:2

t0_min: 0.50 us, round:11465
t0_max: 2.13 us, round:12062
t0_jitter: 1.63 us

t1_min: 1.38 us, round:405
t1_max: 3.29 us, round:3956
t1_jitter: 1.92 us

t2_min: 30.25 us, round:5613
t2_max: 34.46 us, round:382
t2_jitter: 4.21 us

PMU diff samples: 21460
AVG DIFF LL_CACHE_RD: 45.46
AVG DIFF LL_CACHE_MISS_RD: 26.03
AVG DIFF L2D_CACHE_REFILL: 5.21
AVG DIFF L2D_CACHE_INVAL: 0.01
[cur diff] DIFF LL_CACHE_RD: 0, DIFF LL_CACHE_MISS_RD: 0, MISS_RATE: 0.00%
[cur diff] DIFF L2D_CACHE_REFILL: 0
[cur diff] DIFF L2D_CACHE_INVAL: 0
[max diff] DIFF LL_CACHE_RD: 61, DIFF LL_CACHE_MISS_RD: 45, MISS_RATE: 73.77%
[max diff] DIFF L2D_CACHE_REFILL: 23
[max diff] DIFF L2D_CACHE_INVAL: 17

===========================================================
taskpendcnt:21664
t0:875 ns
t1:1750 ns
t2:30916 ns
benchmark: Franka-derived Cartesian-impedance kernel, input trace:8, timer period:10.000 ms
controller source: franka_ros2 jazzy@73a1501d, updates:21676, SVD sweeps:5
pose error:[0.010000 0.015000 0.010000 -0.000000 0.049979 -0.000000]
tau[0:6]:[-0.274004 -0.324180 0.001577 -0.231466 0.050986 -0.328952 0.010844]
kernel exec min/avg/max: 28.58 / 29.21 / 31.21 us, samples:21668
pressure status:1, copy rounds total/window:1649/16, 7.52 rounds/s
pressure logical copy:16490.00 MiB total, approx 75.19 MiB/s, checksum:2195959316480
pressure report window:2.128052 s
t0_region>
[0]:18918
[1]:2741
[2]:11

t1_region>
[1]:19186
[2]:2428
[3]:56

t2_region>
[30]:13402
[31]:7950
[32]:315
[33]:2
[34]:2

t0_min: 0.50 us, round:11465
t0_max: 2.13 us, round:12062
t0_jitter: 1.63 us

t1_min: 1.38 us, round:405
t1_max: 3.29 us, round:3956
t1_jitter: 1.92 us

t2_min: 30.25 us, round:5613
t2_max: 34.46 us, round:382
t2_jitter: 4.21 us

PMU diff samples: 21673
AVG DIFF LL_CACHE_RD: 45.45
AVG DIFF LL_CACHE_MISS_RD: 26.00
AVG DIFF L2D_CACHE_REFILL: 5.21
AVG DIFF L2D_CACHE_INVAL: 0.01
[cur diff] DIFF LL_CACHE_RD: 0, DIFF LL_CACHE_MISS_RD: 0, MISS_RATE: 0.00%
[cur diff] DIFF L2D_CACHE_REFILL: 0
[cur diff] DIFF L2D_CACHE_INVAL: 0
[max diff] DIFF LL_CACHE_RD: 61, DIFF LL_CACHE_MISS_RD: 45, MISS_RATE: 73.77%
[max diff] DIFF L2D_CACHE_REFILL: 23
[max diff] DIFF L2D_CACHE_INVAL: 17

===========================================================
taskpendcnt:21877
t0:750 ns
t1:1916 ns
t2:31458 ns
benchmark: Franka-derived Cartesian-impedance kernel, input trace:8, timer period:10.000 ms
controller source: franka_ros2 jazzy@73a1501d, updates:21888, SVD sweeps:5
pose error:[0.010000 0.015000 0.010000 -0.000000 0.049979 -0.000000]
tau[0:6]:[-2.781770 -1.613002 -1.930139 -1.581803 -1.382951 -0.390599 -0.663394]
kernel exec min/avg/max: 28.58 / 29.21 / 31.21 us, samples:21880
pressure status:1, copy rounds total/window:1666/17, 7.99 rounds/s
pressure logical copy:16660.00 MiB total, approx 79.88 MiB/s, checksum:2218598072320
pressure report window:2.128134 s
t0_region>
[0]:19101
[1]:2771
[2]:11

t1_region>
[1]:19374
[2]:2452
[3]:57

t2_region>
[30]:13529
[31]:8032
[32]:319
[33]:2
[34]:2

t0_min: 0.50 us, round:11465
t0_max: 2.13 us, round:12062
t0_jitter: 1.63 us

t1_min: 1.38 us, round:405
t1_max: 3.29 us, round:3956
t1_jitter: 1.92 us

t2_min: 30.25 us, round:5613
t2_max: 34.46 us, round:382
t2_jitter: 4.21 us

PMU diff samples: 21886
AVG DIFF LL_CACHE_RD: 45.47
AVG DIFF LL_CACHE_MISS_RD: 26.01
AVG DIFF L2D_CACHE_REFILL: 5.20
AVG DIFF L2D_CACHE_INVAL: 0.01
[cur diff] DIFF LL_CACHE_RD: 0, DIFF LL_CACHE_MISS_RD: 0, MISS_RATE: 0.00%
[cur diff] DIFF L2D_CACHE_REFILL: 0
[cur diff] DIFF L2D_CACHE_INVAL: 0
[max diff] DIFF LL_CACHE_RD: 61, DIFF LL_CACHE_MISS_RD: 45, MISS_RATE: 73.77%
[max diff] DIFF L2D_CACHE_REFILL: 23
[max diff] DIFF L2D_CACHE_INVAL: 17

===========================================================
taskpendcnt:22090
t0:708 ns
t1:1583 ns
t2:31041 ns
benchmark: Franka-derived Cartesian-impedance kernel, input trace:8, timer period:10.000 ms
controller source: franka_ros2 jazzy@73a1501d, updates:22101, SVD sweeps:5
pose error:[0.010000 0.015000 0.010000 -0.000000 0.049979 -0.000000]
tau[0:6]:[0.839771 0.130674 0.617691 0.624912 0.653099 -0.592692 0.265887]
kernel exec min/avg/max: 28.58 / 29.21 / 31.21 us, samples:22093
pressure status:1, copy rounds total/window:1682/16, 7.52 rounds/s
pressure logical copy:16820.00 MiB total, approx 75.21 MiB/s, checksum:2239905136640
pressure report window:2.127350 s
t0_region>
[0]:19286
[1]:2798
[2]:11

t1_region>
[1]:19564
[2]:2473
[3]:59

t2_region>
[30]:13656
[31]:8113
[32]:323
[33]:2
[34]:2

t0_min: 0.50 us, round:11465
t0_max: 2.13 us, round:12062
t0_jitter: 1.63 us

t1_min: 1.38 us, round:405
t1_max: 3.29 us, round:3956
t1_jitter: 1.92 us

t2_min: 30.25 us, round:5613
t2_max: 34.46 us, round:382
t2_jitter: 4.21 us

PMU diff samples: 22099
AVG DIFF LL_CACHE_RD: 45.47
AVG DIFF LL_CACHE_MISS_RD: 26.02
AVG DIFF L2D_CACHE_REFILL: 5.20
AVG DIFF L2D_CACHE_INVAL: 0.01
[cur diff] DIFF LL_CACHE_RD: 0, DIFF LL_CACHE_MISS_RD: 0, MISS_RATE: 0.00%
[cur diff] DIFF L2D_CACHE_REFILL: 0
[cur diff] DIFF L2D_CACHE_INVAL: 0
[max diff] DIFF LL_CACHE_RD: 61, DIFF LL_CACHE_MISS_RD: 45, MISS_RATE: 73.77%
[max diff] DIFF L2D_CACHE_REFILL: 23
[max diff] DIFF L2D_CACHE_INVAL: 17

===========================================================
taskpendcnt:22303
t0:666 ns
t1:1541 ns
t2:30708 ns
benchmark: Franka-derived Cartesian-impedance kernel, input trace:8, timer period:10.000 ms
controller source: franka_ros2 jazzy@73a1501d, updates:22314, SVD sweeps:5
pose error:[0.010000 0.015000 0.010000 -0.000000 0.049979 -0.000000]
tau[0:6]:[-2.379368 -1.292411 -1.655224 -1.570015 -1.185234 -0.066588 -0.610247]
kernel exec min/avg/max: 28.58 / 29.21 / 31.21 us, samples:22306
pressure status:1, copy rounds total/window:1698/16, 7.52 rounds/s
pressure logical copy:16980.00 MiB total, approx 75.17 MiB/s, checksum:2261212200960
pressure report window:2.128397 s
t0_region>
[0]:19468
[1]:2829
[2]:11

t1_region>
[1]:19752
[2]:2496
[3]:61

t2_region>
[30]:13768
[31]:8210
[32]:327
[33]:2
[34]:2

t0_min: 0.50 us, round:11465
t0_max: 2.13 us, round:12062
t0_jitter: 1.63 us

t1_min: 1.38 us, round:405
t1_max: 3.29 us, round:3956
t1_jitter: 1.92 us

t2_min: 30.25 us, round:5613
t2_max: 34.46 us, round:382
t2_jitter: 4.21 us

PMU diff samples: 22312
AVG DIFF LL_CACHE_RD: 45.49
AVG DIFF LL_CACHE_MISS_RD: 26.06
AVG DIFF L2D_CACHE_REFILL: 5.21
AVG DIFF L2D_CACHE_INVAL: 0.01
[cur diff] DIFF LL_CACHE_RD: 0, DIFF LL_CACHE_MISS_RD: 0, MISS_RATE: 0.00%
[cur diff] DIFF L2D_CACHE_REFILL: 0
[cur diff] DIFF L2D_CACHE_INVAL: 0
[max diff] DIFF LL_CACHE_RD: 61, DIFF LL_CACHE_MISS_RD: 45, MISS_RATE: 73.77%
[max diff] DIFF L2D_CACHE_REFILL: 23
[max diff] DIFF L2D_CACHE_INVAL: 17

===========================================================
taskpendcnt:22516
t0:916 ns
t1:1791 ns
t2:30666 ns
benchmark: Franka-derived Cartesian-impedance kernel, input trace:8, timer period:10.000 ms
controller source: franka_ros2 jazzy@73a1501d, updates:22527, SVD sweeps:5
pose error:[0.010000 0.015000 0.010000 -0.000000 0.049979 -0.000000]
tau[0:6]:[1.376914 -0.104433 0.790225 0.843903 0.642107 -0.956178 0.423547]
kernel exec min/avg/max: 28.58 / 29.21 / 31.21 us, samples:22519
pressure status:1, copy rounds total/window:1714/16, 7.52 rounds/s
pressure logical copy:17140.00 MiB total, approx 75.21 MiB/s, checksum:2282519265280
pressure report window:2.127436 s
t0_region>
[0]:19652
[1]:2858
[2]:11

t1_region>
[1]:19937
[2]:2523
[3]:61

t2_region>
[30]:13887
[31]:8302
[32]:329
[33]:2
[34]:2

t0_min: 0.50 us, round:11465
t0_max: 2.13 us, round:12062
t0_jitter: 1.63 us

t1_min: 1.38 us, round:405
t1_max: 3.29 us, round:3956
t1_jitter: 1.92 us

t2_min: 30.25 us, round:5613
t2_max: 34.46 us, round:382
t2_jitter: 4.21 us

PMU diff samples: 22524
AVG DIFF LL_CACHE_RD: 45.50
AVG DIFF LL_CACHE_MISS_RD: 26.08
AVG DIFF L2D_CACHE_REFILL: 5.21
AVG DIFF L2D_CACHE_INVAL: 0.01
[cur diff] DIFF LL_CACHE_RD: 0, DIFF LL_CACHE_MISS_RD: 0, MISS_RATE: 0.00%
[cur diff] DIFF L2D_CACHE_REFILL: 0
[cur diff] DIFF L2D_CACHE_INVAL: 0
[max diff] DIFF LL_CACHE_RD: 61, DIFF LL_CACHE_MISS_RD: 45, MISS_RATE: 73.77%
[max diff] DIFF L2D_CACHE_REFILL: 23
[max diff] DIFF L2D_CACHE_INVAL: 17

===========================================================
taskpendcnt:22728
t0:1666 ns
t1:2041 ns
t2:31208 ns
benchmark: Franka-derived Cartesian-impedance kernel, input trace:8, timer period:10.000 ms
controller source: franka_ros2 jazzy@73a1501d, updates:22740, SVD sweeps:5
pose error:[0.010000 0.015000 0.010000 -0.000000 0.049979 -0.000000]
tau[0:6]:[-0.274004 -0.324180 0.001577 -0.231466 0.050986 -0.328952 0.010844]
kernel exec min/avg/max: 28.58 / 29.21 / 31.21 us, samples:22732
pressure status:1, copy rounds total/window:1730/16, 7.52 rounds/s
pressure logical copy:17300.00 MiB total, approx 75.18 MiB/s, checksum:2303826329600
pressure report window:2.128134 s
t0_region>
[0]:19836
[1]:2886
[2]:12

t1_region>
[1]:20125
[2]:2548
[3]:61

t2_region>
[30]:14008
[31]:8389
[32]:334
[33]:2
[34]:2

t0_min: 0.50 us, round:11465
t0_max: 2.13 us, round:12062
t0_jitter: 1.63 us

t1_min: 1.38 us, round:405
t1_max: 3.29 us, round:3956
t1_jitter: 1.92 us

t2_min: 30.25 us, round:5613
t2_max: 34.46 us, round:382
t2_jitter: 4.21 us

PMU diff samples: 22737
AVG DIFF LL_CACHE_RD: 45.52
AVG DIFF LL_CACHE_MISS_RD: 26.07
AVG DIFF L2D_CACHE_REFILL: 5.21
AVG DIFF L2D_CACHE_INVAL: 0.01
[cur diff] DIFF LL_CACHE_RD: 0, DIFF LL_CACHE_MISS_RD: 0, MISS_RATE: 0.00%
[cur diff] DIFF L2D_CACHE_REFILL: 0
[cur diff] DIFF L2D_CACHE_INVAL: 0
[max diff] DIFF LL_CACHE_RD: 61, DIFF LL_CACHE_MISS_RD: 45, MISS_RATE: 73.77%
[max diff] DIFF L2D_CACHE_REFILL: 23
[max diff] DIFF L2D_CACHE_INVAL: 17

===========================================================
taskpendcnt:22941
t0:750 ns
t1:1916 ns
t2:30791 ns
benchmark: Franka-derived Cartesian-impedance kernel, input trace:8, timer period:10.000 ms
controller source: franka_ros2 jazzy@73a1501d, updates:22952, SVD sweeps:5
pose error:[0.010000 0.015000 0.010000 -0.000000 0.049979 -0.000000]
tau[0:6]:[-2.781770 -1.613002 -1.930139 -1.581803 -1.382951 -0.390599 -0.663394]
kernel exec min/avg/max: 28.58 / 29.21 / 31.21 us, samples:22944
pressure status:1, copy rounds total/window:1746/16, 7.52 rounds/s
pressure logical copy:17460.00 MiB total, approx 75.19 MiB/s, checksum:2325133393920
pressure report window:2.128053 s
t0_region>
[0]:20022
[1]:2913
[2]:12

t1_region>
[1]:20314
[2]:2570
[3]:63

t2_region>
[30]:14132
[31]:8474
[32]:338
[33]:2
[34]:2

t0_min: 0.50 us, round:11465
t0_max: 2.13 us, round:12062
t0_jitter: 1.63 us

t1_min: 1.38 us, round:405
t1_max: 3.29 us, round:3956
t1_jitter: 1.92 us

t2_min: 30.25 us, round:5613
t2_max: 34.46 us, round:382
t2_jitter: 4.21 us

PMU diff samples: 22950
AVG DIFF LL_CACHE_RD: 45.54
AVG DIFF LL_CACHE_MISS_RD: 26.08
AVG DIFF L2D_CACHE_REFILL: 5.21
AVG DIFF L2D_CACHE_INVAL: 0.01
[cur diff] DIFF LL_CACHE_RD: 0, DIFF LL_CACHE_MISS_RD: 0, MISS_RATE: 0.00%
[cur diff] DIFF L2D_CACHE_REFILL: 0
[cur diff] DIFF L2D_CACHE_INVAL: 0
[max diff] DIFF LL_CACHE_RD: 61, DIFF LL_CACHE_MISS_RD: 45, MISS_RATE: 73.77%
[max diff] DIFF L2D_CACHE_REFILL: 23
[max diff] DIFF L2D_CACHE_INVAL: 17

===========================================================
taskpendcnt:23154
t0:708 ns
t1:1583 ns
t2:31041 ns
benchmark: Franka-derived Cartesian-impedance kernel, input trace:8, timer period:10.000 ms
controller source: franka_ros2 jazzy@73a1501d, updates:23165, SVD sweeps:5
pose error:[0.010000 0.015000 0.010000 -0.000000 0.049979 -0.000000]
tau[0:6]:[0.839771 0.130674 0.617691 0.624912 0.653099 -0.592692 0.265887]
kernel exec min/avg/max: 28.58 / 29.21 / 31.21 us, samples:23157
pressure status:1, copy rounds total/window:1763/17, 7.99 rounds/s
pressure logical copy:17630.00 MiB total, approx 79.91 MiB/s, checksum:2347772149760
pressure report window:2.127363 s
t0_region>
[0]:20206
[1]:2941
[2]:12

t1_region>
[1]:20504
[2]:2593
[3]:63

t2_region>
[30]:14259
[31]:8554
[32]:343
[33]:2
[34]:2

t0_min: 0.50 us, round:11465
t0_max: 2.13 us, round:12062
t0_jitter: 1.63 us

t1_min: 1.38 us, round:405
t1_max: 3.29 us, round:3956
t1_jitter: 1.92 us

t2_min: 30.25 us, round:5613
t2_max: 34.46 us, round:382
t2_jitter: 4.21 us

PMU diff samples: 23163
AVG DIFF LL_CACHE_RD: 45.53
AVG DIFF LL_CACHE_MISS_RD: 26.09
AVG DIFF L2D_CACHE_REFILL: 5.21
AVG DIFF L2D_CACHE_INVAL: 0.01
[cur diff] DIFF LL_CACHE_RD: 0, DIFF LL_CACHE_MISS_RD: 0, MISS_RATE: 0.00%
[cur diff] DIFF L2D_CACHE_REFILL: 0
[cur diff] DIFF L2D_CACHE_INVAL: 0
[max diff] DIFF LL_CACHE_RD: 61, DIFF LL_CACHE_MISS_RD: 45, MISS_RATE: 73.77%
[max diff] DIFF L2D_CACHE_REFILL: 23
[max diff] DIFF L2D_CACHE_INVAL: 17

===========================================================
taskpendcnt:23367
t0:666 ns
t1:1833 ns
t2:31000 ns
benchmark: Franka-derived Cartesian-impedance kernel, input trace:8, timer period:10.000 ms
controller source: franka_ros2 jazzy@73a1501d, updates:23378, SVD sweeps:5
pose error:[0.010000 0.015000 0.010000 -0.000000 0.049979 -0.000000]
tau[0:6]:[-2.379368 -1.292411 -1.655224 -1.570015 -1.185234 -0.066588 -0.610247]
kernel exec min/avg/max: 28.58 / 29.21 / 31.21 us, samples:23370
pressure status:1, copy rounds total/window:1779/16, 7.52 rounds/s
pressure logical copy:17790.00 MiB total, approx 75.17 MiB/s, checksum:2369079214080
pressure report window:2.128427 s
t0_region>
[0]:20392
[1]:2968
[2]:12

t1_region>
[1]:20687
[2]:2622
[3]:64

t2_region>
[30]:14380
[31]:8644
[32]:345
[33]:2
[34]:2

t0_min: 0.50 us, round:11465
t0_max: 2.13 us, round:12062
t0_jitter: 1.63 us

t1_min: 1.38 us, round:405
t1_max: 3.29 us, round:3956
t1_jitter: 1.92 us

t2_min: 30.25 us, round:5613
t2_max: 34.46 us, round:382
t2_jitter: 4.21 us

PMU diff samples: 23376
AVG DIFF LL_CACHE_RD: 45.52
AVG DIFF LL_CACHE_MISS_RD: 26.07
AVG DIFF L2D_CACHE_REFILL: 5.21
AVG DIFF L2D_CACHE_INVAL: 0.01
[cur diff] DIFF LL_CACHE_RD: 0, DIFF LL_CACHE_MISS_RD: 0, MISS_RATE: 0.00%
[cur diff] DIFF L2D_CACHE_REFILL: 0
[cur diff] DIFF L2D_CACHE_INVAL: 0
[max diff] DIFF LL_CACHE_RD: 61, DIFF LL_CACHE_MISS_RD: 45, MISS_RATE: 73.77%
[max diff] DIFF L2D_CACHE_REFILL: 23
[max diff] DIFF L2D_CACHE_INVAL: 17

===========================================================
taskpendcnt:23579
t0:916 ns
t1:1791 ns
t2:30958 ns
benchmark: Franka-derived Cartesian-impedance kernel, input trace:8, timer period:10.000 ms
controller source: franka_ros2 jazzy@73a1501d, updates:23591, SVD sweeps:5
pose error:[0.010000 0.015000 0.010000 -0.000000 0.049979 -0.000000]
tau[0:6]:[1.376914 -0.104433 0.790225 0.843903 0.642107 -0.956178 0.423547]
kernel exec min/avg/max: 28.58 / 29.21 / 31.21 us, samples:23583
pressure status:1, copy rounds total/window:1795/16, 7.52 rounds/s
pressure logical copy:17950.00 MiB total, approx 75.21 MiB/s, checksum:2390386278400
pressure report window:2.127402 s
t0_region>
[0]:20578
[1]:2995
[2]:12

t1_region>
[1]:20871
[2]:2650
[3]:64

t2_region>
[30]:14502
[31]:8730
[32]:350
[33]:2
[34]:2

t0_min: 0.50 us, round:11465
t0_max: 2.13 us, round:12062
t0_jitter: 1.63 us

t1_min: 1.38 us, round:405
t1_max: 3.29 us, round:3956
t1_jitter: 1.92 us

t2_min: 30.25 us, round:5613
t2_max: 34.46 us, round:382
t2_jitter: 4.21 us

PMU diff samples: 23588
AVG DIFF LL_CACHE_RD: 45.54
AVG DIFF LL_CACHE_MISS_RD: 26.07
AVG DIFF L2D_CACHE_REFILL: 5.21
AVG DIFF L2D_CACHE_INVAL: 0.01
[cur diff] DIFF LL_CACHE_RD: 0, DIFF LL_CACHE_MISS_RD: 0, MISS_RATE: 0.00%
[cur diff] DIFF L2D_CACHE_REFILL: 0
[cur diff] DIFF L2D_CACHE_INVAL: 0
[max diff] DIFF LL_CACHE_RD: 61, DIFF LL_CACHE_MISS_RD: 45, MISS_RATE: 73.77%
[max diff] DIFF L2D_CACHE_REFILL: 23
[max diff] DIFF L2D_CACHE_INVAL: 17

===========================================================
taskpendcnt:23792
t0:791 ns
t1:2333 ns
t2:31500 ns
benchmark: Franka-derived Cartesian-impedance kernel, input trace:8, timer period:10.000 ms
controller source: franka_ros2 jazzy@73a1501d, updates:23804, SVD sweeps:5
pose error:[0.010000 0.015000 0.010000 -0.000000 0.049979 -0.000000]
tau[0:6]:[-0.274004 -0.324180 0.001577 -0.231466 0.050986 -0.328952 0.010844]
kernel exec min/avg/max: 28.58 / 29.21 / 31.21 us, samples:23795
pressure status:1, copy rounds total/window:1811/16, 7.52 rounds/s
pressure logical copy:18110.00 MiB total, approx 75.19 MiB/s, checksum:2411693342720
pressure report window:2.128046 s
t0_region>
[0]:20761
[1]:3025
[2]:12

t1_region>
[1]:21059
[2]:2675
[3]:64

t2_region>
[30]:14635
[31]:8809
[32]:351
[33]:2
[34]:2

t0_min: 0.50 us, round:11465
t0_max: 2.13 us, round:12062
t0_jitter: 1.63 us

t1_min: 1.38 us, round:405
t1_max: 3.29 us, round:3956
t1_jitter: 1.92 us

t2_min: 30.25 us, round:5613
t2_max: 34.46 us, round:382
t2_jitter: 4.21 us

PMU diff samples: 23801
AVG DIFF LL_CACHE_RD: 45.53
AVG DIFF LL_CACHE_MISS_RD: 26.10
AVG DIFF L2D_CACHE_REFILL: 5.20
AVG DIFF L2D_CACHE_INVAL: 0.01
[cur diff] DIFF LL_CACHE_RD: 0, DIFF LL_CACHE_MISS_RD: 0, MISS_RATE: 0.00%
[cur diff] DIFF L2D_CACHE_REFILL: 0
[cur diff] DIFF L2D_CACHE_INVAL: 0
[max diff] DIFF LL_CACHE_RD: 61, DIFF LL_CACHE_MISS_RD: 45, MISS_RATE: 73.77%
[max diff] DIFF L2D_CACHE_REFILL: 23
[max diff] DIFF L2D_CACHE_INVAL: 17

===========================================================
taskpendcnt:24005
t0:750 ns
t1:1916 ns
t2:31083 ns
benchmark: Franka-derived Cartesian-impedance kernel, input trace:8, timer period:10.000 ms
controller source: franka_ros2 jazzy@73a1501d, updates:24016, SVD sweeps:5
pose error:[0.010000 0.015000 0.010000 -0.000000 0.049979 -0.000000]
tau[0:6]:[-2.781770 -1.613002 -1.930139 -1.581803 -1.382951 -0.390599 -0.663394]
kernel exec min/avg/max: 28.58 / 29.21 / 31.21 us, samples:24008
pressure status:1, copy rounds total/window:1827/16, 7.52 rounds/s
pressure logical copy:18270.00 MiB total, approx 75.18 MiB/s, checksum:2433000407040
pressure report window:2.128133 s
t0_region>
[0]:20951
[1]:3048
[2]:12

t1_region>
[1]:21250
[2]:2697
[3]:64

t2_region>
[30]:14755
[31]:8900
[32]:352
[33]:2
[34]:2

t0_min: 0.50 us, round:11465
t0_max: 2.13 us, round:12062
t0_jitter: 1.63 us

t1_min: 1.38 us, round:405
t1_max: 3.29 us, round:3956
t1_jitter: 1.92 us

t2_min: 30.25 us, round:5613
t2_max: 34.46 us, round:382
t2_jitter: 4.21 us

PMU diff samples: 24014
AVG DIFF LL_CACHE_RD: 45.54
AVG DIFF LL_CACHE_MISS_RD: 26.13
AVG DIFF L2D_CACHE_REFILL: 5.20
AVG DIFF L2D_CACHE_INVAL: 0.01
[cur diff] DIFF LL_CACHE_RD: 0, DIFF LL_CACHE_MISS_RD: 0, MISS_RATE: 0.00%
[cur diff] DIFF L2D_CACHE_REFILL: 0
[cur diff] DIFF L2D_CACHE_INVAL: 0
[max diff] DIFF LL_CACHE_RD: 61, DIFF LL_CACHE_MISS_RD: 45, MISS_RATE: 73.77%
[max diff] DIFF L2D_CACHE_REFILL: 23
[max diff] DIFF L2D_CACHE_INVAL: 17

===========================================================
taskpendcnt:24218
t0:1000 ns
t1:1875 ns
t2:30750 ns
benchmark: Franka-derived Cartesian-impedance kernel, input trace:8, timer period:10.000 ms
controller source: franka_ros2 jazzy@73a1501d, updates:24229, SVD sweeps:5
pose error:[0.010000 0.015000 0.010000 -0.000000 0.049979 -0.000000]
tau[0:6]:[0.839771 0.130674 0.617691 0.624912 0.653099 -0.592692 0.265887]
kernel exec min/avg/max: 28.58 / 29.21 / 31.21 us, samples:24221
pressure status:1, copy rounds total/window:1843/16, 7.52 rounds/s
pressure logical copy:18430.00 MiB total, approx 75.21 MiB/s, checksum:2454307471360
pressure report window:2.127440 s
t0_region>
[0]:21142
[1]:3069
[2]:12

t1_region>
[1]:21442
[2]:2718
[3]:64

t2_region>
[30]:14887
[31]:8980
[32]:353
[33]:2
[34]:2

t0_min: 0.50 us, round:11465
t0_max: 2.13 us, round:12062
t0_jitter: 1.63 us

t1_min: 1.38 us, round:405
t1_max: 3.29 us, round:3956
t1_jitter: 1.92 us

t2_min: 30.25 us, round:5613
t2_max: 34.46 us, round:382
t2_jitter: 4.21 us

PMU diff samples: 24227
AVG DIFF LL_CACHE_RD: 45.53
AVG DIFF LL_CACHE_MISS_RD: 26.12
AVG DIFF L2D_CACHE_REFILL: 5.20
AVG DIFF L2D_CACHE_INVAL: 0.01
[cur diff] DIFF LL_CACHE_RD: 0, DIFF LL_CACHE_MISS_RD: 0, MISS_RATE: 0.00%
[cur diff] DIFF L2D_CACHE_REFILL: 0
[cur diff] DIFF L2D_CACHE_INVAL: 0
[max diff] DIFF LL_CACHE_RD: 61, DIFF LL_CACHE_MISS_RD: 45, MISS_RATE: 73.77%
[max diff] DIFF L2D_CACHE_REFILL: 23
[max diff] DIFF L2D_CACHE_INVAL: 17

===========================================================
taskpendcnt:24431
t0:666 ns
t1:1541 ns
t2:30708 ns
benchmark: Franka-derived Cartesian-impedance kernel, input trace:8, timer period:10.000 ms
controller source: franka_ros2 jazzy@73a1501d, updates:24442, SVD sweeps:5
pose error:[0.010000 0.015000 0.010000 -0.000000 0.049979 -0.000000]
tau[0:6]:[-2.379368 -1.292411 -1.655224 -1.570015 -1.185234 -0.066588 -0.610247]
kernel exec min/avg/max: 28.58 / 29.21 / 31.21 us, samples:24434
pressure status:1, copy rounds total/window:1860/17, 7.99 rounds/s
pressure logical copy:18600.00 MiB total, approx 79.88 MiB/s, checksum:2476946227200
pressure report window:2.128308 s
t0_region>
[0]:21325
[1]:3099
[2]:12

t1_region>
[1]:21628
[2]:2744
[3]:65

t2_region>
[30]:15021
[31]:9055
[32]:357
[33]:2
[34]:2

t0_min: 0.50 us, round:11465
t0_max: 2.13 us, round:12062
t0_jitter: 1.63 us

t1_min: 1.38 us, round:405
t1_max: 3.29 us, round:3956
t1_jitter: 1.92 us

t2_min: 30.25 us, round:5613
t2_max: 34.46 us, round:382
t2_jitter: 4.21 us

PMU diff samples: 24439
AVG DIFF LL_CACHE_RD: 45.56
AVG DIFF LL_CACHE_MISS_RD: 26.12
AVG DIFF L2D_CACHE_REFILL: 5.21
AVG DIFF L2D_CACHE_INVAL: 0.01
[cur diff] DIFF LL_CACHE_RD: 0, DIFF LL_CACHE_MISS_RD: 0, MISS_RATE: 0.00%
[cur diff] DIFF L2D_CACHE_REFILL: 0
[cur diff] DIFF L2D_CACHE_INVAL: 0
[max diff] DIFF LL_CACHE_RD: 61, DIFF LL_CACHE_MISS_RD: 45, MISS_RATE: 73.77%
[max diff] DIFF L2D_CACHE_REFILL: 23
[max diff] DIFF L2D_CACHE_INVAL: 17

===========================================================
taskpendcnt:24643
t0:625 ns
t1:1500 ns
t2:30958 ns
benchmark: Franka-derived Cartesian-impedance kernel, input trace:8, timer period:10.000 ms
controller source: franka_ros2 jazzy@73a1501d, updates:24655, SVD sweeps:5
pose error:[0.010000 0.015000 0.010000 -0.000000 0.049979 -0.000000]
tau[0:6]:[1.376914 -0.104433 0.790225 0.843903 0.642107 -0.956178 0.423547]
kernel exec min/avg/max: 28.58 / 29.21 / 31.21 us, samples:24647
pressure status:1, copy rounds total/window:1876/16, 7.52 rounds/s
pressure logical copy:18760.00 MiB total, approx 75.21 MiB/s, checksum:2498253291520
pressure report window:2.127442 s
t0_region>
[0]:21509
[1]:3128
[2]:12

t1_region>
[1]:21817
[2]:2766
[3]:66

t2_region>
[30]:15157
[31]:9130
[32]:359
[33]:2
[34]:2

t0_min: 0.50 us, round:11465
t0_max: 2.13 us, round:12062
t0_jitter: 1.63 us

t1_min: 1.38 us, round:405
t1_max: 3.29 us, round:3956
t1_jitter: 1.92 us

t2_min: 30.25 us, round:5613
t2_max: 34.46 us, round:382
t2_jitter: 4.21 us

PMU diff samples: 24652
AVG DIFF LL_CACHE_RD: 45.57
AVG DIFF LL_CACHE_MISS_RD: 26.11
AVG DIFF L2D_CACHE_REFILL: 5.21
AVG DIFF L2D_CACHE_INVAL: 0.01
[cur diff] DIFF LL_CACHE_RD: 0, DIFF LL_CACHE_MISS_RD: 0, MISS_RATE: 0.00%
[cur diff] DIFF L2D_CACHE_REFILL: 0
[cur diff] DIFF L2D_CACHE_INVAL: 0
[max diff] DIFF LL_CACHE_RD: 61, DIFF LL_CACHE_MISS_RD: 45, MISS_RATE: 73.77%
[max diff] DIFF L2D_CACHE_REFILL: 23
[max diff] DIFF L2D_CACHE_INVAL: 17

===========================================================
taskpendcnt:24856
t0:791 ns
t1:1666 ns
t2:30916 ns
benchmark: Franka-derived Cartesian-impedance kernel, input trace:8, timer period:10.000 ms
controller source: franka_ros2 jazzy@73a1501d, updates:24867, SVD sweeps:5
pose error:[0.010000 0.015000 0.010000 -0.000000 0.049979 -0.000000]
tau[0:6]:[-0.274004 -0.324180 0.001577 -0.231466 0.050986 -0.328952 0.010844]
kernel exec min/avg/max: 28.58 / 29.21 / 31.21 us, samples:24859
pressure status:1, copy rounds total/window:1892/16, 7.52 rounds/s
pressure logical copy:18920.00 MiB total, approx 75.19 MiB/s, checksum:2519560355840
pressure report window:2.128057 s
t0_region>
[0]:21697
[1]:3153
[2]:12

t1_region>
[1]:22006
[2]:2790
[3]:66

t2_region>
[30]:15291
[31]:9204
[32]:363
[33]:2
[34]:2

t0_min: 0.50 us, round:11465
t0_max: 2.13 us, round:12062
t0_jitter: 1.63 us

t1_min: 1.38 us, round:405
t1_max: 3.29 us, round:3956
t1_jitter: 1.92 us

t2_min: 30.25 us, round:5613
t2_max: 34.46 us, round:382
t2_jitter: 4.21 us

PMU diff samples: 24865
AVG DIFF LL_CACHE_RD: 45.56
AVG DIFF LL_CACHE_MISS_RD: 26.14
AVG DIFF L2D_CACHE_REFILL: 5.21
AVG DIFF L2D_CACHE_INVAL: 0.01
[cur diff] DIFF LL_CACHE_RD: 0, DIFF LL_CACHE_MISS_RD: 0, MISS_RATE: 0.00%
[cur diff] DIFF L2D_CACHE_REFILL: 0
[cur diff] DIFF L2D_CACHE_INVAL: 0
[max diff] DIFF LL_CACHE_RD: 61, DIFF LL_CACHE_MISS_RD: 45, MISS_RATE: 73.77%
[max diff] DIFF L2D_CACHE_REFILL: 23
[max diff] DIFF L2D_CACHE_INVAL: 17

===========================================================
taskpendcnt:25069
t0:750 ns
t1:1625 ns
t2:30791 ns
benchmark: Franka-derived Cartesian-impedance kernel, input trace:8, timer period:10.000 ms
controller source: franka_ros2 jazzy@73a1501d, updates:25080, SVD sweeps:5
pose error:[0.010000 0.015000 0.010000 -0.000000 0.049979 -0.000000]
tau[0:6]:[-2.781770 -1.613002 -1.930139 -1.581803 -1.382951 -0.390599 -0.663394]
kernel exec min/avg/max: 28.58 / 29.21 / 31.21 us, samples:25072
pressure status:1, copy rounds total/window:1908/16, 7.52 rounds/s
pressure logical copy:19080.00 MiB total, approx 75.18 MiB/s, checksum:2540867420160
pressure report window:2.128141 s
t0_region>
[0]:21879
[1]:3184
[2]:12

t1_region>
[1]:22194
[2]:2815
[3]:66

t2_region>
[30]:15428
[31]:9280
[32]:363
[33]:2
[34]:2

t0_min: 0.50 us, round:11465
t0_max: 2.13 us, round:12062
t0_jitter: 1.63 us

t1_min: 1.38 us, round:405
t1_max: 3.29 us, round:3956
t1_jitter: 1.92 us

t2_min: 30.25 us, round:5613
t2_max: 34.46 us, round:382
t2_jitter: 4.21 us

PMU diff samples: 25078
AVG DIFF LL_CACHE_RD: 45.54
AVG DIFF LL_CACHE_MISS_RD: 26.13
AVG DIFF L2D_CACHE_REFILL: 5.20
AVG DIFF L2D_CACHE_INVAL: 0.01
[cur diff] DIFF LL_CACHE_RD: 0, DIFF LL_CACHE_MISS_RD: 0, MISS_RATE: 0.00%
[cur diff] DIFF L2D_CACHE_REFILL: 0
[cur diff] DIFF L2D_CACHE_INVAL: 0
[max diff] DIFF LL_CACHE_RD: 61, DIFF LL_CACHE_MISS_RD: 45, MISS_RATE: 73.77%
[max diff] DIFF L2D_CACHE_REFILL: 23
[max diff] DIFF L2D_CACHE_INVAL: 17

===========================================================
taskpendcnt:25282
t0:708 ns
t1:1583 ns
t2:31041 ns
benchmark: Franka-derived Cartesian-impedance kernel, input trace:8, timer period:10.000 ms
controller source: franka_ros2 jazzy@73a1501d, updates:25293, SVD sweeps:5
pose error:[0.010000 0.015000 0.010000 -0.000000 0.049979 -0.000000]
tau[0:6]:[0.839771 0.130674 0.617691 0.624912 0.653099 -0.592692 0.265887]
kernel exec min/avg/max: 28.58 / 29.21 / 31.21 us, samples:25285
pressure status:1, copy rounds total/window:1924/16, 7.52 rounds/s
pressure logical copy:19240.00 MiB total, approx 75.21 MiB/s, checksum:2562174484480
pressure report window:2.127346 s
t0_region>
[0]:22065
[1]:3210
[2]:12

t1_region>
[1]:22379
[2]:2842
[3]:67

t2_region>
[30]:15553
[31]:9365
[32]:366
[33]:2
[34]:2

t0_min: 0.50 us, round:11465
t0_max: 2.13 us, round:12062
t0_jitter: 1.63 us

t1_min: 1.38 us, round:405
t1_max: 3.29 us, round:3956
t1_jitter: 1.92 us

t2_min: 30.25 us, round:5613
t2_max: 34.46 us, round:382
t2_jitter: 4.21 us

PMU diff samples: 25291
AVG DIFF LL_CACHE_RD: 45.53
AVG DIFF LL_CACHE_MISS_RD: 26.11
AVG DIFF L2D_CACHE_REFILL: 5.21
AVG DIFF L2D_CACHE_INVAL: 0.01
[cur diff] DIFF LL_CACHE_RD: 0, DIFF LL_CACHE_MISS_RD: 0, MISS_RATE: 0.00%
[cur diff] DIFF L2D_CACHE_REFILL: 0
[cur diff] DIFF L2D_CACHE_INVAL: 0
[max diff] DIFF LL_CACHE_RD: 61, DIFF LL_CACHE_MISS_RD: 45, MISS_RATE: 73.77%
[max diff] DIFF L2D_CACHE_REFILL: 23
[max diff] DIFF L2D_CACHE_INVAL: 17

===========================================================
taskpendcnt:25495
t0:666 ns
t1:1541 ns
t2:30416 ns
benchmark: Franka-derived Cartesian-impedance kernel, input trace:8, timer period:10.000 ms
controller source: franka_ros2 jazzy@73a1501d, updates:25506, SVD sweeps:5
pose error:[0.010000 0.015000 0.010000 -0.000000 0.049979 -0.000000]
tau[0:6]:[-2.379368 -1.292411 -1.655224 -1.570015 -1.185234 -0.066588 -0.610247]
kernel exec min/avg/max: 28.58 / 29.21 / 31.21 us, samples:25498
pressure status:1, copy rounds total/window:1941/17, 7.99 rounds/s
pressure logical copy:19410.00 MiB total, approx 79.87 MiB/s, checksum:2584813240320
pressure report window:2.128396 s
t0_region>
[0]:22253
[1]:3235
[2]:12

t1_region>
[1]:22566
[2]:2867
[3]:67

t2_region>
[30]:15695
[31]:9433
[32]:369
[33]:2
[34]:2

t0_min: 0.50 us, round:11465
t0_max: 2.13 us, round:12062
t0_jitter: 1.63 us

t1_min: 1.38 us, round:405
t1_max: 3.29 us, round:3956
t1_jitter: 1.92 us

t2_min: 30.25 us, round:5613
t2_max: 34.46 us, round:382
t2_jitter: 4.21 us

PMU diff samples: 25503
AVG DIFF LL_CACHE_RD: 45.53
AVG DIFF LL_CACHE_MISS_RD: 26.09
AVG DIFF L2D_CACHE_REFILL: 5.21
AVG DIFF L2D_CACHE_INVAL: 0.01
[cur diff] DIFF LL_CACHE_RD: 0, DIFF LL_CACHE_MISS_RD: 0, MISS_RATE: 0.00%
[cur diff] DIFF L2D_CACHE_REFILL: 0
[cur diff] DIFF L2D_CACHE_INVAL: 0
[max diff] DIFF LL_CACHE_RD: 61, DIFF LL_CACHE_MISS_RD: 45, MISS_RATE: 73.77%
[max diff] DIFF L2D_CACHE_REFILL: 23
[max diff] DIFF L2D_CACHE_INVAL: 17

===========================================================
taskpendcnt:25707
t0:833 ns
t1:2083 ns
t2:31541 ns
benchmark: Franka-derived Cartesian-impedance kernel, input trace:8, timer period:10.000 ms
controller source: franka_ros2 jazzy@73a1501d, updates:25719, SVD sweeps:5
pose error:[0.010000 0.015000 0.010000 -0.000000 0.049979 -0.000000]
tau[0:6]:[1.376914 -0.104433 0.790225 0.843903 0.642107 -0.956178 0.423547]
kernel exec min/avg/max: 28.58 / 29.21 / 31.21 us, samples:25711
pressure status:1, copy rounds total/window:1957/16, 7.52 rounds/s
pressure logical copy:19570.00 MiB total, approx 75.21 MiB/s, checksum:2606120304640
pressure report window:2.127436 s
t0_region>
[0]:22435
[1]:3266
[2]:12

t1_region>
[1]:22753
[2]:2893
[3]:67

t2_region>
[30]:15829
[31]:9509
[32]:372
[33]:2
[34]:2

t0_min: 0.50 us, round:11465
t0_max: 2.13 us, round:12062
t0_jitter: 1.63 us

t1_min: 1.38 us, round:405
t1_max: 3.29 us, round:3956
t1_jitter: 1.92 us

t2_min: 30.25 us, round:5613
t2_max: 34.46 us, round:382
t2_jitter: 4.21 us

PMU diff samples: 25716
AVG DIFF LL_CACHE_RD: 45.54
AVG DIFF LL_CACHE_MISS_RD: 26.09
AVG DIFF L2D_CACHE_REFILL: 5.21
AVG DIFF L2D_CACHE_INVAL: 0.01
[cur diff] DIFF LL_CACHE_RD: 0, DIFF LL_CACHE_MISS_RD: 0, MISS_RATE: 0.00%
[cur diff] DIFF L2D_CACHE_REFILL: 0
[cur diff] DIFF L2D_CACHE_INVAL: 0
[max diff] DIFF LL_CACHE_RD: 61, DIFF LL_CACHE_MISS_RD: 45, MISS_RATE: 73.77%
[max diff] DIFF L2D_CACHE_REFILL: 23
[max diff] DIFF L2D_CACHE_INVAL: 17

===========================================================
taskpendcnt:25920
t0:791 ns
t1:1666 ns
t2:30833 ns
benchmark: Franka-derived Cartesian-impedance kernel, input trace:8, timer period:10.000 ms
controller source: franka_ros2 jazzy@73a1501d, updates:25931, SVD sweeps:5
pose error:[0.010000 0.015000 0.010000 -0.000000 0.049979 -0.000000]
tau[0:6]:[-0.274004 -0.324180 0.001577 -0.231466 0.050986 -0.328952 0.010844]
kernel exec min/avg/max: 28.58 / 29.21 / 31.21 us, samples:25923
pressure status:1, copy rounds total/window:1973/16, 7.52 rounds/s
pressure logical copy:19730.00 MiB total, approx 75.19 MiB/s, checksum:2627427368960
pressure report window:2.128041 s
t0_region>
[0]:22620
[1]:3294
[2]:12

t1_region>
[1]:22938
[2]:2921
[3]:67

t2_region>
[30]:15958
[31]:9591
[32]:373
[33]:2
[34]:2

t0_min: 0.50 us, round:11465
t0_max: 2.13 us, round:12062
t0_jitter: 1.63 us

t1_min: 1.38 us, round:405
t1_max: 3.29 us, round:3956
t1_jitter: 1.92 us

t2_min: 30.25 us, round:5613
t2_max: 34.46 us, round:382
t2_jitter: 4.21 us

PMU diff samples: 25929
AVG DIFF LL_CACHE_RD: 45.55
AVG DIFF LL_CACHE_MISS_RD: 26.10
AVG DIFF L2D_CACHE_REFILL: 5.21
AVG DIFF L2D_CACHE_INVAL: 0.01
[cur diff] DIFF LL_CACHE_RD: 0, DIFF LL_CACHE_MISS_RD: 0, MISS_RATE: 0.00%
[cur diff] DIFF L2D_CACHE_REFILL: 0
[cur diff] DIFF L2D_CACHE_INVAL: 0
[max diff] DIFF LL_CACHE_RD: 61, DIFF LL_CACHE_MISS_RD: 45, MISS_RATE: 73.77%
[max diff] DIFF L2D_CACHE_REFILL: 23
[max diff] DIFF L2D_CACHE_INVAL: 17

===========================================================
taskpendcnt:26133
t0:750 ns
t1:1625 ns
t2:31083 ns
benchmark: Franka-derived Cartesian-impedance kernel, input trace:8, timer period:10.000 ms
controller source: franka_ros2 jazzy@73a1501d, updates:26144, SVD sweeps:5
pose error:[0.010000 0.015000 0.010000 -0.000000 0.049979 -0.000000]
tau[0:6]:[-0.567483 -0.552304 -0.482512 -0.231067 -0.297494 -0.656094 -0.085004]
kernel exec min/avg/max: 28.58 / 29.21 / 31.21 us, samples:26136
pressure status:1, copy rounds total/window:1989/16, 7.52 rounds/s
pressure logical copy:19890.00 MiB total, approx 75.18 MiB/s, checksum:2648734433280
pressure report window:2.128137 s
t0_region>
[0]:22810
[1]:3315
[2]:13

t1_region>
[1]:23126
[2]:2946
[3]:67

t2_region>
[30]:16091
[31]:9669
[32]:375
[33]:2
[34]:2

t0_min: 0.50 us, round:11465
t0_max: 2.13 us, round:12062
t0_jitter: 1.63 us

t1_min: 1.38 us, round:405
t1_max: 3.29 us, round:3956
t1_jitter: 1.92 us

t2_min: 30.25 us, round:5613
t2_max: 34.46 us, round:382
t2_jitter: 4.21 us

PMU diff samples: 26142
AVG DIFF LL_CACHE_RD: 45.55
AVG DIFF LL_CACHE_MISS_RD: 26.10
AVG DIFF L2D_CACHE_REFILL: 5.21
AVG DIFF L2D_CACHE_INVAL: 0.01
[cur diff] DIFF LL_CACHE_RD: 0, DIFF LL_CACHE_MISS_RD: 0, MISS_RATE: 0.00%
[cur diff] DIFF L2D_CACHE_REFILL: 0
[cur diff] DIFF L2D_CACHE_INVAL: 0
[max diff] DIFF LL_CACHE_RD: 61, DIFF LL_CACHE_MISS_RD: 45, MISS_RATE: 73.77%
[max diff] DIFF L2D_CACHE_REFILL: 23
[max diff] DIFF L2D_CACHE_INVAL: 17

===========================================================
taskpendcnt:26346
t0:1291 ns
t1:2166 ns
t2:31333 ns
benchmark: Franka-derived Cartesian-impedance kernel, input trace:8, timer period:10.000 ms
controller source: franka_ros2 jazzy@73a1501d, updates:26357, SVD sweeps:5
pose error:[0.010000 0.015000 0.010000 -0.000000 0.049979 -0.000000]
tau[0:6]:[0.839771 0.130674 0.617691 0.624912 0.653099 -0.592692 0.265887]
kernel exec min/avg/max: 28.58 / 29.21 / 31.21 us, samples:26349
pressure status:1, copy rounds total/window:2005/16, 7.52 rounds/s
pressure logical copy:20050.00 MiB total, approx 75.21 MiB/s, checksum:2670041497600
pressure report window:2.127448 s
t0_region>
[0]:22997
[1]:3341
[2]:13

t1_region>
[1]:23316
[2]:2969
[3]:67

t2_region>
[30]:16194
[31]:9776
[32]:378
[33]:2
[34]:2

t0_min: 0.50 us, round:11465
t0_max: 2.13 us, round:12062
t0_jitter: 1.63 us

t1_min: 1.38 us, round:405
t1_max: 3.29 us, round:3956
t1_jitter: 1.92 us

t2_min: 30.25 us, round:5613
t2_max: 34.46 us, round:382
t2_jitter: 4.21 us

PMU diff samples: 26354
AVG DIFF LL_CACHE_RD: 45.56
AVG DIFF LL_CACHE_MISS_RD: 26.11
AVG DIFF L2D_CACHE_REFILL: 5.21
AVG DIFF L2D_CACHE_INVAL: 0.01
[cur diff] DIFF LL_CACHE_RD: 0, DIFF LL_CACHE_MISS_RD: 0, MISS_RATE: 0.00%
[cur diff] DIFF L2D_CACHE_REFILL: 0
[cur diff] DIFF L2D_CACHE_INVAL: 0
[max diff] DIFF LL_CACHE_RD: 61, DIFF LL_CACHE_MISS_RD: 45, MISS_RATE: 73.77%
[max diff] DIFF L2D_CACHE_REFILL: 23
[max diff] DIFF L2D_CACHE_INVAL: 17

===========================================================
taskpendcnt:26559
t0:666 ns
t1:1833 ns
t2:31000 ns
benchmark: Franka-derived Cartesian-impedance kernel, input trace:8, timer period:10.000 ms
controller source: franka_ros2 jazzy@73a1501d, updates:26570, SVD sweeps:5
pose error:[0.010000 0.015000 0.010000 -0.000000 0.049979 -0.000000]
tau[0:6]:[-2.379368 -1.292411 -1.655224 -1.570015 -1.185234 -0.066588 -0.610247]
kernel exec min/avg/max: 28.58 / 29.21 / 31.21 us, samples:26562
pressure status:1, copy rounds total/window:2021/16, 7.52 rounds/s
pressure logical copy:20210.00 MiB total, approx 75.18 MiB/s, checksum:2691348561920
pressure report window:2.128318 s
t0_region>
[0]:23183
[1]:3368
[2]:13

t1_region>
[1]:23505
[2]:2992
[3]:67

t2_region>
[30]:16316
[31]:9863
[32]:382
[33]:2
[34]:2

t0_min: 0.50 us, round:11465
t0_max: 2.13 us, round:12062
t0_jitter: 1.63 us

t1_min: 1.38 us, round:405
t1_max: 3.29 us, round:3956
t1_jitter: 1.92 us

t2_min: 30.25 us, round:5613
t2_max: 34.46 us, round:382
t2_jitter: 4.21 us

PMU diff samples: 26567
AVG DIFF LL_CACHE_RD: 45.56
AVG DIFF LL_CACHE_MISS_RD: 26.12
AVG DIFF L2D_CACHE_REFILL: 5.21
AVG DIFF L2D_CACHE_INVAL: 0.01
[cur diff] DIFF LL_CACHE_RD: 0, DIFF LL_CACHE_MISS_RD: 0, MISS_RATE: 0.00%
[cur diff] DIFF L2D_CACHE_REFILL: 0
[cur diff] DIFF L2D_CACHE_INVAL: 0
[max diff] DIFF LL_CACHE_RD: 61, DIFF LL_CACHE_MISS_RD: 45, MISS_RATE: 73.77%
[max diff] DIFF L2D_CACHE_REFILL: 23
[max diff] DIFF L2D_CACHE_INVAL: 17

===========================================================
taskpendcnt:26771
t0:833 ns
t1:1500 ns
t2:30958 ns
benchmark: Franka-derived Cartesian-impedance kernel, input trace:8, timer period:10.000 ms
controller source: franka_ros2 jazzy@73a1501d, updates:26783, SVD sweeps:5
pose error:[0.010000 0.015000 0.010000 -0.000000 0.049979 -0.000000]
tau[0:6]:[1.376914 -0.104433 0.790225 0.843903 0.642107 -0.956178 0.423547]
kernel exec min/avg/max: 28.58 / 29.21 / 31.21 us, samples:26774
pressure status:1, copy rounds total/window:2038/17, 7.99 rounds/s
pressure logical copy:20380.00 MiB total, approx 79.91 MiB/s, checksum:2713987317760
pressure report window:2.127445 s
t0_region>
[0]:23374
[1]:3390
[2]:13

t1_region>
[1]:23698
[2]:3012
[3]:67

t2_region>
[30]:16443
[31]:9947
[32]:384
[33]:2
[34]:2

t0_min: 0.50 us, round:11465
t0_max: 2.13 us, round:12062
t0_jitter: 1.63 us

t1_min: 1.38 us, round:405
t1_max: 3.29 us, round:3956
t1_jitter: 1.92 us

t2_min: 30.25 us, round:5613
t2_max: 34.46 us, round:382
t2_jitter: 4.21 us

PMU diff samples: 26780
AVG DIFF LL_CACHE_RD: 45.52
AVG DIFF LL_CACHE_MISS_RD: 26.09
AVG DIFF L2D_CACHE_REFILL: 5.20
AVG DIFF L2D_CACHE_INVAL: 0.01
[cur diff] DIFF LL_CACHE_RD: 0, DIFF LL_CACHE_MISS_RD: 0, MISS_RATE: 0.00%
[cur diff] DIFF L2D_CACHE_REFILL: 0
[cur diff] DIFF L2D_CACHE_INVAL: 0
[max diff] DIFF LL_CACHE_RD: 61, DIFF LL_CACHE_MISS_RD: 45, MISS_RATE: 73.77%
[max diff] DIFF L2D_CACHE_REFILL: 23
[max diff] DIFF L2D_CACHE_INVAL: 17

===========================================================
taskpendcnt:26984
t0:791 ns
t1:1666 ns
t2:30833 ns
benchmark: Franka-derived Cartesian-impedance kernel, input trace:8, timer period:10.000 ms
controller source: franka_ros2 jazzy@73a1501d, updates:26995, SVD sweeps:5
pose error:[0.010000 0.015000 0.010000 -0.000000 0.049979 -0.000000]
tau[0:6]:[-0.274004 -0.324180 0.001577 -0.231466 0.050986 -0.328952 0.010844]
kernel exec min/avg/max: 28.58 / 29.21 / 31.21 us, samples:26987
pressure status:1, copy rounds total/window:2054/16, 7.52 rounds/s
pressure logical copy:20540.00 MiB total, approx 75.19 MiB/s, checksum:2735294382080
pressure report window:2.128044 s
t0_region>
[0]:23568
[1]:3409
[2]:13

t1_region>
[1]:23890
[2]:3033
[3]:67

t2_region>
[30]:16582
[31]:10018
[32]:386
[33]:2
[34]:2

t0_min: 0.50 us, round:11465
t0_max: 2.13 us, round:12062
t0_jitter: 1.63 us

t1_min: 1.38 us, round:405
t1_max: 3.29 us, round:3956
t1_jitter: 1.92 us

t2_min: 30.25 us, round:5613
t2_max: 34.46 us, round:382
t2_jitter: 4.21 us

PMU diff samples: 26993
AVG DIFF LL_CACHE_RD: 45.52
AVG DIFF LL_CACHE_MISS_RD: 26.10
AVG DIFF L2D_CACHE_REFILL: 5.21
AVG DIFF L2D_CACHE_INVAL: 0.01
[cur diff] DIFF LL_CACHE_RD: 0, DIFF LL_CACHE_MISS_RD: 0, MISS_RATE: 0.00%
[cur diff] DIFF L2D_CACHE_REFILL: 0
[cur diff] DIFF L2D_CACHE_INVAL: 0
[max diff] DIFF LL_CACHE_RD: 61, DIFF LL_CACHE_MISS_RD: 45, MISS_RATE: 73.77%
[max diff] DIFF L2D_CACHE_REFILL: 23
[max diff] DIFF L2D_CACHE_INVAL: 17

===========================================================
taskpendcnt:27197
t0:750 ns
t1:1625 ns
t2:30791 ns
benchmark: Franka-derived Cartesian-impedance kernel, input trace:8, timer period:10.000 ms
controller source: franka_ros2 jazzy@73a1501d, updates:27208, SVD sweeps:5
pose error:[0.010000 0.015000 0.010000 -0.000000 0.049979 -0.000000]
tau[0:6]:[-0.567483 -0.552304 -0.482512 -0.231067 -0.297494 -0.656094 -0.085004]
kernel exec min/avg/max: 28.58 / 29.21 / 31.21 us, samples:27200
pressure status:1, copy rounds total/window:2070/16, 7.52 rounds/s
pressure logical copy:20700.00 MiB total, approx 75.18 MiB/s, checksum:2756601446400
pressure report window:2.128133 s
t0_region>
[0]:23757
[1]:3432
[2]:13

t1_region>
[1]:24079
[2]:3057
[3]:67

t2_region>
[30]:16699
[31]:10112
[32]:388
[33]:2
[34]:2

t0_min: 0.50 us, round:11465
t0_max: 2.13 us, round:12062
t0_jitter: 1.63 us

t1_min: 1.38 us, round:405
t1_max: 3.29 us, round:3956
t1_jitter: 1.92 us

t2_min: 30.25 us, round:5613
t2_max: 34.46 us, round:382
t2_jitter: 4.21 us

PMU diff samples: 27206
AVG DIFF LL_CACHE_RD: 45.53
AVG DIFF LL_CACHE_MISS_RD: 26.10
AVG DIFF L2D_CACHE_REFILL: 5.20
AVG DIFF L2D_CACHE_INVAL: 0.01
[cur diff] DIFF LL_CACHE_RD: 0, DIFF LL_CACHE_MISS_RD: 0, MISS_RATE: 0.00%
[cur diff] DIFF L2D_CACHE_REFILL: 0
[cur diff] DIFF L2D_CACHE_INVAL: 0
[max diff] DIFF LL_CACHE_RD: 61, DIFF LL_CACHE_MISS_RD: 45, MISS_RATE: 73.77%
[max diff] DIFF L2D_CACHE_REFILL: 23
[max diff] DIFF L2D_CACHE_INVAL: 17

===========================================================
taskpendcnt:27410
t0:708 ns
t1:1583 ns
t2:30458 ns
benchmark: Franka-derived Cartesian-impedance kernel, input trace:8, timer period:10.000 ms
controller source: franka_ros2 jazzy@73a1501d, updates:27421, SVD sweeps:5
pose error:[0.010000 0.015000 0.010000 -0.000000 0.049979 -0.000000]
tau[0:6]:[0.839771 0.130674 0.617691 0.624912 0.653099 -0.592692 0.265887]
kernel exec min/avg/max: 28.58 / 29.21 / 31.21 us, samples:27413
pressure status:1, copy rounds total/window:2086/16, 7.52 rounds/s
pressure logical copy:20860.00 MiB total, approx 75.21 MiB/s, checksum:2777908510720
pressure report window:2.127350 s
t0_region>
[0]:23943
[1]:3459
[2]:13

t1_region>
[1]:24265
[2]:3084
[3]:67

t2_region>
[30]:16826
[31]:10195
[32]:391
[33]:2
[34]:2

t0_min: 0.50 us, round:11465
t0_max: 2.13 us, round:12062
t0_jitter: 1.63 us

t1_min: 1.38 us, round:405
t1_max: 3.29 us, round:3956
t1_jitter: 1.92 us

t2_min: 30.25 us, round:5613
t2_max: 34.46 us, round:382
t2_jitter: 4.21 us

PMU diff samples: 27418
AVG DIFF LL_CACHE_RD: 45.54
AVG DIFF LL_CACHE_MISS_RD: 26.14
AVG DIFF L2D_CACHE_REFILL: 5.20
AVG DIFF L2D_CACHE_INVAL: 0.01
[cur diff] DIFF LL_CACHE_RD: 0, DIFF LL_CACHE_MISS_RD: 0, MISS_RATE: 0.00%
[cur diff] DIFF L2D_CACHE_REFILL: 0
[cur diff] DIFF L2D_CACHE_INVAL: 0
[max diff] DIFF LL_CACHE_RD: 61, DIFF LL_CACHE_MISS_RD: 45, MISS_RATE: 73.77%
[max diff] DIFF L2D_CACHE_REFILL: 23
[max diff] DIFF L2D_CACHE_INVAL: 17

===========================================================
taskpendcnt:27622
t0:958 ns
t1:1833 ns
t2:31291 ns
benchmark: Franka-derived Cartesian-impedance kernel, input trace:8, timer period:10.000 ms
controller source: franka_ros2 jazzy@73a1501d, updates:27634, SVD sweeps:5
pose error:[0.010000 0.015000 0.010000 -0.000000 0.049979 -0.000000]
tau[0:6]:[-2.379368 -1.292411 -1.655224 -1.570015 -1.185234 -0.066588 -0.610247]
kernel exec min/avg/max: 28.58 / 29.21 / 31.21 us, samples:27626
pressure status:1, copy rounds total/window:2102/16, 7.52 rounds/s
pressure logical copy:21020.00 MiB total, approx 75.17 MiB/s, checksum:2799215575040
pressure report window:2.128390 s
t0_region>
[0]:24126
[1]:3489
[2]:13

t1_region>
[1]:24451
[2]:3109
[3]:68

t2_region>
[30]:16957
[31]:10275
[32]:393
[33]:2
[34]:2

t0_min: 0.50 us, round:11465
t0_max: 2.13 us, round:12062
t0_jitter: 1.63 us

t1_min: 1.38 us, round:405
t1_max: 3.29 us, round:3956
t1_jitter: 1.92 us

t2_min: 30.25 us, round:5613
t2_max: 34.46 us, round:382
t2_jitter: 4.21 us

PMU diff samples: 27631
AVG DIFF LL_CACHE_RD: 45.54
AVG DIFF LL_CACHE_MISS_RD: 26.11
AVG DIFF L2D_CACHE_REFILL: 5.20
AVG DIFF L2D_CACHE_INVAL: 0.01
[cur diff] DIFF LL_CACHE_RD: 0, DIFF LL_CACHE_MISS_RD: 0, MISS_RATE: 0.00%
[cur diff] DIFF L2D_CACHE_REFILL: 0
[cur diff] DIFF L2D_CACHE_INVAL: 0
[max diff] DIFF LL_CACHE_RD: 61, DIFF LL_CACHE_MISS_RD: 45, MISS_RATE: 73.77%
[max diff] DIFF L2D_CACHE_REFILL: 23
[max diff] DIFF L2D_CACHE_INVAL: 17

===========================================================
taskpendcnt:27835
t0:833 ns
t1:1708 ns
t2:30958 ns
benchmark: Franka-derived Cartesian-impedance kernel, input trace:8, timer period:10.000 ms
controller source: franka_ros2 jazzy@73a1501d, updates:27846, SVD sweeps:5
pose error:[0.010000 0.015000 0.010000 -0.000000 0.049979 -0.000000]
tau[0:6]:[1.376914 -0.104433 0.790225 0.843903 0.642107 -0.956178 0.423547]
kernel exec min/avg/max: 28.58 / 29.21 / 31.21 us, samples:27838
pressure status:1, copy rounds total/window:2118/16, 7.52 rounds/s
pressure logical copy:21180.00 MiB total, approx 75.21 MiB/s, checksum:2820522639360
pressure report window:2.127440 s
t0_region>
[0]:24314
[1]:3514
[2]:13

t1_region>
[1]:24640
[2]:3132
[3]:69

t2_region>
[30]:17081
[31]:10362
[32]:394
[33]:2
[34]:2

t0_min: 0.50 us, round:11465
t0_max: 2.13 us, round:12062
t0_jitter: 1.63 us

t1_min: 1.38 us, round:405
t1_max: 3.29 us, round:3956
t1_jitter: 1.92 us

t2_min: 30.25 us, round:5613
t2_max: 34.46 us, round:382
t2_jitter: 4.21 us

PMU diff samples: 27844
AVG DIFF LL_CACHE_RD: 45.55
AVG DIFF LL_CACHE_MISS_RD: 26.10
AVG DIFF L2D_CACHE_REFILL: 5.20
AVG DIFF L2D_CACHE_INVAL: 0.01
[cur diff] DIFF LL_CACHE_RD: 0, DIFF LL_CACHE_MISS_RD: 0, MISS_RATE: 0.00%
[cur diff] DIFF L2D_CACHE_REFILL: 0
[cur diff] DIFF L2D_CACHE_INVAL: 0
[max diff] DIFF LL_CACHE_RD: 61, DIFF LL_CACHE_MISS_RD: 45, MISS_RATE: 73.77%
[max diff] DIFF L2D_CACHE_REFILL: 23
[max diff] DIFF L2D_CACHE_INVAL: 17

===========================================================
taskpendcnt:28048
t0:791 ns
t1:1666 ns
t2:30833 ns
benchmark: Franka-derived Cartesian-impedance kernel, input trace:8, timer period:10.000 ms
controller source: franka_ros2 jazzy@73a1501d, updates:28059, SVD sweeps:5
pose error:[0.010000 0.015000 0.010000 -0.000000 0.049979 -0.000000]
tau[0:6]:[-0.274004 -0.324180 0.001577 -0.231466 0.050986 -0.328952 0.010844]
kernel exec min/avg/max: 28.58 / 29.21 / 31.21 us, samples:28051
pressure status:1, copy rounds total/window:2135/17, 7.99 rounds/s
pressure logical copy:21350.00 MiB total, approx 79.89 MiB/s, checksum:2843161395200
pressure report window:2.128054 s
t0_region>
[0]:24498
[1]:3543
[2]:13

t1_region>
[1]:24831
[2]:3154
[3]:69

t2_region>
[30]:17211
[31]:10440
[32]:399
[33]:2
[34]:2

t0_min: 0.50 us, round:11465
t0_max: 2.13 us, round:12062
t0_jitter: 1.63 us

t1_min: 1.38 us, round:405
t1_max: 3.29 us, round:3956
t1_jitter: 1.92 us

t2_min: 30.25 us, round:5613
t2_max: 34.46 us, round:382
t2_jitter: 4.21 us

PMU diff samples: 28057
AVG DIFF LL_CACHE_RD: 45.53
AVG DIFF LL_CACHE_MISS_RD: 26.10
AVG DIFF L2D_CACHE_REFILL: 5.20
AVG DIFF L2D_CACHE_INVAL: 0.01
[cur diff] DIFF LL_CACHE_RD: 0, DIFF LL_CACHE_MISS_RD: 0, MISS_RATE: 0.00%
[cur diff] DIFF L2D_CACHE_REFILL: 0
[cur diff] DIFF L2D_CACHE_INVAL: 0
[max diff] DIFF LL_CACHE_RD: 61, DIFF LL_CACHE_MISS_RD: 45, MISS_RATE: 73.77%
[max diff] DIFF L2D_CACHE_REFILL: 23
[max diff] DIFF L2D_CACHE_INVAL: 17

===========================================================
taskpendcnt:28261
t0:750 ns
t1:1625 ns
t2:30791 ns
benchmark: Franka-derived Cartesian-impedance kernel, input trace:8, timer period:10.000 ms
controller source: franka_ros2 jazzy@73a1501d, updates:28272, SVD sweeps:5
pose error:[0.010000 0.015000 0.010000 -0.000000 0.049979 -0.000000]
tau[0:6]:[-0.567483 -0.552304 -0.482512 -0.231067 -0.297494 -0.656094 -0.085004]
kernel exec min/avg/max: 28.58 / 29.21 / 31.21 us, samples:28264
pressure status:1, copy rounds total/window:2151/16, 7.52 rounds/s
pressure logical copy:21510.00 MiB total, approx 75.18 MiB/s, checksum:2864468459520
pressure report window:2.128140 s
t0_region>
[0]:24678
[1]:3573
[2]:15

t1_region>
[1]:25017
[2]:3180
[3]:70

t2_region>
[30]:17326
[31]:10534
[32]:403
[33]:2
[34]:2

t0_min: 0.50 us, round:11465
t0_max: 2.13 us, round:12062
t0_jitter: 1.63 us

t1_min: 1.38 us, round:405
t1_max: 3.29 us, round:3956
t1_jitter: 1.92 us

t2_min: 30.25 us, round:5613
t2_max: 34.46 us, round:382
t2_jitter: 4.21 us

PMU diff samples: 28270
AVG DIFF LL_CACHE_RD: 45.54
AVG DIFF LL_CACHE_MISS_RD: 26.12
AVG DIFF L2D_CACHE_REFILL: 5.20
AVG DIFF L2D_CACHE_INVAL: 0.01
[cur diff] DIFF LL_CACHE_RD: 0, DIFF LL_CACHE_MISS_RD: 0, MISS_RATE: 0.00%
[cur diff] DIFF L2D_CACHE_REFILL: 0
[cur diff] DIFF L2D_CACHE_INVAL: 0
[max diff] DIFF LL_CACHE_RD: 61, DIFF LL_CACHE_MISS_RD: 45, MISS_RATE: 73.77%
[max diff] DIFF L2D_CACHE_REFILL: 23
[max diff] DIFF L2D_CACHE_INVAL: 17

===========================================================
taskpendcnt:28474
t0:708 ns
t1:1583 ns
t2:30458 ns
benchmark: Franka-derived Cartesian-impedance kernel, input trace:8, timer period:10.000 ms
controller source: franka_ros2 jazzy@73a1501d, updates:28485, SVD sweeps:5
pose error:[0.010000 0.015000 0.010000 -0.000000 0.049979 -0.000000]
tau[0:6]:[0.839771 0.130674 0.617691 0.624912 0.653099 -0.592692 0.265887]
kernel exec min/avg/max: 28.58 / 29.21 / 31.21 us, samples:28477
pressure status:1, copy rounds total/window:2167/16, 7.52 rounds/s
pressure logical copy:21670.00 MiB total, approx 75.21 MiB/s, checksum:2885775523840
pressure report window:2.127351 s
t0_region>
[0]:24862
[1]:3601
[2]:16

t1_region>
[1]:25201
[2]:3208
[3]:70

t2_region>
[30]:17433
[31]:10635
[32]:408
[33]:2
[34]:2

t0_min: 0.50 us, round:11465
t0_max: 2.13 us, round:12062
t0_jitter: 1.63 us

t1_min: 1.38 us, round:405
t1_max: 3.29 us, round:3956
t1_jitter: 1.92 us

t2_min: 30.25 us, round:5613
t2_max: 34.46 us, round:382
t2_jitter: 4.21 us

PMU diff samples: 28482
AVG DIFF LL_CACHE_RD: 45.54
AVG DIFF LL_CACHE_MISS_RD: 26.12
AVG DIFF L2D_CACHE_REFILL: 5.20
AVG DIFF L2D_CACHE_INVAL: 0.01
[cur diff] DIFF LL_CACHE_RD: 0, DIFF LL_CACHE_MISS_RD: 0, MISS_RATE: 0.00%
[cur diff] DIFF L2D_CACHE_REFILL: 0
[cur diff] DIFF L2D_CACHE_INVAL: 0
[max diff] DIFF LL_CACHE_RD: 61, DIFF LL_CACHE_MISS_RD: 45, MISS_RATE: 73.77%
[max diff] DIFF L2D_CACHE_REFILL: 23
[max diff] DIFF L2D_CACHE_INVAL: 17

===========================================================
taskpendcnt:28686
t0:666 ns
t1:1541 ns
t2:31000 ns
benchmark: Franka-derived Cartesian-impedance kernel, input trace:8, timer period:10.000 ms
controller source: franka_ros2 jazzy@73a1501d, updates:28698, SVD sweeps:5
pose error:[0.010000 0.015000 0.010000 -0.000000 0.049979 -0.000000]
tau[0:6]:[-2.379368 -1.292411 -1.655224 -1.570015 -1.185234 -0.066588 -0.610247]
kernel exec min/avg/max: 28.58 / 29.21 / 31.21 us, samples:28690
pressure status:1, copy rounds total/window:2183/16, 7.52 rounds/s
pressure logical copy:21830.00 MiB total, approx 75.17 MiB/s, checksum:2907082588160
pressure report window:2.128395 s
t0_region>
[0]:25049
[1]:3627
[2]:16

t1_region>
[1]:25390
[2]:3232
[3]:70

t2_region>
[30]:17558
[31]:10721
[32]:410
[33]:2
[34]:2

t0_min: 0.50 us, round:11465
t0_max: 2.13 us, round:12062
t0_jitter: 1.63 us

t1_min: 1.38 us, round:405
t1_max: 3.29 us, round:3956
t1_jitter: 1.92 us

t2_min: 30.25 us, round:5613
t2_max: 34.46 us, round:382
t2_jitter: 4.21 us

PMU diff samples: 28695
AVG DIFF LL_CACHE_RD: 45.54
AVG DIFF LL_CACHE_MISS_RD: 26.15
AVG DIFF L2D_CACHE_REFILL: 5.20
AVG DIFF L2D_CACHE_INVAL: 0.01
[cur diff] DIFF LL_CACHE_RD: 0, DIFF LL_CACHE_MISS_RD: 0, MISS_RATE: 0.00%
[cur diff] DIFF L2D_CACHE_REFILL: 0
[cur diff] DIFF L2D_CACHE_INVAL: 0
[max diff] DIFF LL_CACHE_RD: 61, DIFF LL_CACHE_MISS_RD: 45, MISS_RATE: 73.77%
[max diff] DIFF L2D_CACHE_REFILL: 23
[max diff] DIFF L2D_CACHE_INVAL: 17

===========================================================
taskpendcnt:28899
t0:1416 ns
t1:2291 ns
t2:31250 ns
benchmark: Franka-derived Cartesian-impedance kernel, input trace:8, timer period:10.000 ms
controller source: franka_ros2 jazzy@73a1501d, updates:28910, SVD sweeps:5
pose error:[0.010000 0.015000 0.010000 -0.000000 0.049979 -0.000000]
tau[0:6]:[1.376914 -0.104433 0.790225 0.843903 0.642107 -0.956178 0.423547]
kernel exec min/avg/max: 28.58 / 29.22 / 31.21 us, samples:28902
pressure status:1, copy rounds total/window:2199/16, 7.52 rounds/s
pressure logical copy:21990.00 MiB total, approx 75.20 MiB/s, checksum:2928389652480
pressure report window:2.127519 s
t0_region>
[0]:25230
[1]:3659
[2]:16

t1_region>
[1]:25580
[2]:3255
[3]:70

t2_region>
[30]:17675
[31]:10811
[32]:415
[33]:2
[34]:2

t0_min: 0.50 us, round:11465
t0_max: 2.13 us, round:12062
t0_jitter: 1.63 us

t1_min: 1.38 us, round:405
t1_max: 3.29 us, round:3956
t1_jitter: 1.92 us

t2_min: 30.25 us, round:5613
t2_max: 34.46 us, round:382
t2_jitter: 4.21 us

PMU diff samples: 28908
AVG DIFF LL_CACHE_RD: 45.55
AVG DIFF LL_CACHE_MISS_RD: 26.16
AVG DIFF L2D_CACHE_REFILL: 5.20
AVG DIFF L2D_CACHE_INVAL: 0.01
[cur diff] DIFF LL_CACHE_RD: 0, DIFF LL_CACHE_MISS_RD: 0, MISS_RATE: 0.00%
[cur diff] DIFF L2D_CACHE_REFILL: 0
[cur diff] DIFF L2D_CACHE_INVAL: 0
[max diff] DIFF LL_CACHE_RD: 61, DIFF LL_CACHE_MISS_RD: 45, MISS_RATE: 73.77%
[max diff] DIFF L2D_CACHE_REFILL: 23
[max diff] DIFF L2D_CACHE_INVAL: 17

===========================================================
taskpendcnt:29112
t0:791 ns
t1:1958 ns
t2:30833 ns
benchmark: Franka-derived Cartesian-impedance kernel, input trace:8, timer period:10.000 ms
controller source: franka_ros2 jazzy@73a1501d, updates:29123, SVD sweeps:5
pose error:[0.010000 0.015000 0.010000 -0.000000 0.049979 -0.000000]
tau[0:6]:[-1.839419 -0.921560 -1.193198 -1.195971 -0.861243 0.113634 -0.461388]
kernel exec min/avg/max: 28.58 / 29.22 / 31.21 us, samples:29115
pressure status:1, copy rounds total/window:2215/16, 7.52 rounds/s
pressure logical copy:22150.00 MiB total, approx 75.18 MiB/s, checksum:2949696716800
pressure report window:2.128134 s
t0_region>
[0]:25418
[1]:3683
[2]:16

t1_region>
[1]:25768
[2]:3280
[3]:70

t2_region>
[30]:17802
[31]:10896
[32]:416
[33]:2
[34]:2

t0_min: 0.50 us, round:11465
t0_max: 2.13 us, round:12062
t0_jitter: 1.63 us

t1_min: 1.38 us, round:405
t1_max: 3.29 us, round:3956
t1_jitter: 1.92 us

t2_min: 30.25 us, round:5613
t2_max: 34.46 us, round:382
t2_jitter: 4.21 us

PMU diff samples: 29121
AVG DIFF LL_CACHE_RD: 45.55
AVG DIFF LL_CACHE_MISS_RD: 26.16
AVG DIFF L2D_CACHE_REFILL: 5.20
AVG DIFF L2D_CACHE_INVAL: 0.01
[cur diff] DIFF LL_CACHE_RD: 0, DIFF LL_CACHE_MISS_RD: 0, MISS_RATE: 0.00%
[cur diff] DIFF L2D_CACHE_REFILL: 0
[cur diff] DIFF L2D_CACHE_INVAL: 0
[max diff] DIFF LL_CACHE_RD: 61, DIFF LL_CACHE_MISS_RD: 45, MISS_RATE: 73.77%
[max diff] DIFF L2D_CACHE_REFILL: 23
[max diff] DIFF L2D_CACHE_INVAL: 17

===========================================================
taskpendcnt:29325
t0:750 ns
t1:1625 ns
t2:31083 ns
benchmark: Franka-derived Cartesian-impedance kernel, input trace:8, timer period:10.000 ms
controller source: franka_ros2 jazzy@73a1501d, updates:29336, SVD sweeps:5
pose error:[0.010000 0.015000 0.010000 -0.000000 0.049979 -0.000000]
tau[0:6]:[-0.567483 -0.552304 -0.482512 -0.231067 -0.297494 -0.656094 -0.085004]
kernel exec min/avg/max: 28.58 / 29.21 / 31.21 us, samples:29328
pressure status:1, copy rounds total/window:2232/17, 7.99 rounds/s
pressure logical copy:22320.00 MiB total, approx 79.89 MiB/s, checksum:2972335472640
pressure report window:2.127964 s
t0_region>
[0]:25601
[1]:3713
[2]:16

t1_region>
[1]:25955
[2]:3306
[3]:70

t2_region>
[30]:17943
[31]:10965
[32]:419
[33]:2
[34]:2

t0_min: 0.50 us, round:11465
t0_max: 2.13 us, round:12062
t0_jitter: 1.63 us

t1_min: 1.38 us, round:405
t1_max: 3.29 us, round:3956
t1_jitter: 1.92 us

t2_min: 30.25 us, round:5613
t2_max: 34.46 us, round:382
t2_jitter: 4.21 us

PMU diff samples: 29334
AVG DIFF LL_CACHE_RD: 45.55
AVG DIFF LL_CACHE_MISS_RD: 26.16
AVG DIFF L2D_CACHE_REFILL: 5.20
AVG DIFF L2D_CACHE_INVAL: 0.01
[cur diff] DIFF LL_CACHE_RD: 0, DIFF LL_CACHE_MISS_RD: 0, MISS_RATE: 0.00%
[cur diff] DIFF L2D_CACHE_REFILL: 0
[cur diff] DIFF L2D_CACHE_INVAL: 0
[max diff] DIFF LL_CACHE_RD: 61, DIFF LL_CACHE_MISS_RD: 45, MISS_RATE: 73.77%
[max diff] DIFF L2D_CACHE_REFILL: 23
[max diff] DIFF L2D_CACHE_INVAL: 17

===========================================================
taskpendcnt:29538
t0:708 ns
t1:1583 ns
t2:31041 ns
benchmark: Franka-derived Cartesian-impedance kernel, input trace:8, timer period:10.000 ms
controller source: franka_ros2 jazzy@73a1501d, updates:29549, SVD sweeps:5
pose error:[0.010000 0.015000 0.010000 -0.000000 0.049979 -0.000000]
tau[0:6]:[0.839771 0.130674 0.617691 0.624912 0.653099 -0.592692 0.265887]
kernel exec min/avg/max: 28.58 / 29.22 / 31.21 us, samples:29541
pressure status:1, copy rounds total/window:2248/16, 7.52 rounds/s
pressure logical copy:22480.00 MiB total, approx 75.21 MiB/s, checksum:2993642536960
pressure report window:2.127351 s
t0_region>
[0]:25781
[1]:3746
[2]:16

t1_region>
[1]:26142
[2]:3329
[3]:72

t2_region>
[30]:18072
[31]:11045
[32]:423
[33]:2
[34]:2

t0_min: 0.50 us, round:11465
t0_max: 2.13 us, round:12062
t0_jitter: 1.63 us

t1_min: 1.38 us, round:405
t1_max: 3.29 us, round:3956
t1_jitter: 1.92 us

t2_min: 30.25 us, round:5613
t2_max: 34.46 us, round:382
t2_jitter: 4.21 us

PMU diff samples: 29546
AVG DIFF LL_CACHE_RD: 45.55
AVG DIFF LL_CACHE_MISS_RD: 26.17
AVG DIFF L2D_CACHE_REFILL: 5.20
AVG DIFF L2D_CACHE_INVAL: 0.01
[cur diff] DIFF LL_CACHE_RD: 0, DIFF LL_CACHE_MISS_RD: 0, MISS_RATE: 0.00%
[cur diff] DIFF L2D_CACHE_REFILL: 0
[cur diff] DIFF L2D_CACHE_INVAL: 0
[max diff] DIFF LL_CACHE_RD: 61, DIFF LL_CACHE_MISS_RD: 45, MISS_RATE: 73.77%
[max diff] DIFF L2D_CACHE_REFILL: 23
[max diff] DIFF L2D_CACHE_INVAL: 17

===========================================================
taskpendcnt:29750
t0:875 ns
t1:1833 ns
t2:31000 ns
benchmark: Franka-derived Cartesian-impedance kernel, input trace:8, timer period:10.000 ms
controller source: franka_ros2 jazzy@73a1501d, updates:29762, SVD sweeps:5
pose error:[0.010000 0.015000 0.010000 -0.000000 0.049979 -0.000000]
tau[0:6]:[-2.379368 -1.292411 -1.655224 -1.570015 -1.185234 -0.066588 -0.610247]
kernel exec min/avg/max: 28.58 / 29.22 / 31.21 us, samples:29754
pressure status:1, copy rounds total/window:2264/16, 7.52 rounds/s
pressure logical copy:22640.00 MiB total, approx 75.17 MiB/s, checksum:3014949601280
pressure report window:2.128402 s
t0_region>
[0]:25968
[1]:3772
[2]:16

t1_region>
[1]:26331
[2]:3353
[3]:72

t2_region>
[30]:18204
[31]:11126
[32]:423
[33]:2
[34]:2

t0_min: 0.50 us, round:11465
t0_max: 2.13 us, round:12062
t0_jitter: 1.63 us

t1_min: 1.38 us, round:405
t1_max: 3.29 us, round:3956
t1_jitter: 1.92 us

t2_min: 30.25 us, round:5613
t2_max: 34.46 us, round:382
t2_jitter: 4.21 us

PMU diff samples: 29759
AVG DIFF LL_CACHE_RD: 45.54
AVG DIFF LL_CACHE_MISS_RD: 26.15
AVG DIFF L2D_CACHE_REFILL: 5.20
AVG DIFF L2D_CACHE_INVAL: 0.01
[cur diff] DIFF LL_CACHE_RD: 0, DIFF LL_CACHE_MISS_RD: 0, MISS_RATE: 0.00%
[cur diff] DIFF L2D_CACHE_REFILL: 0
[cur diff] DIFF L2D_CACHE_INVAL: 0
[max diff] DIFF LL_CACHE_RD: 61, DIFF LL_CACHE_MISS_RD: 45, MISS_RATE: 73.77%
[max diff] DIFF L2D_CACHE_REFILL: 23
[max diff] DIFF L2D_CACHE_INVAL: 17

===========================================================
taskpendcnt:29963
t0:833 ns
t1:1708 ns
t2:30583 ns
benchmark: Franka-derived Cartesian-impedance kernel, input trace:8, timer period:10.000 ms
controller source: franka_ros2 jazzy@73a1501d, updates:29974, SVD sweeps:5
pose error:[0.010000 0.015000 0.010000 -0.000000 0.049979 -0.000000]
tau[0:6]:[1.376914 -0.104433 0.790225 0.843903 0.642107 -0.956178 0.423547]
kernel exec min/avg/max: 28.58 / 29.22 / 31.21 us, samples:29966
pressure status:1, copy rounds total/window:2280/16, 7.52 rounds/s
pressure logical copy:22800.00 MiB total, approx 75.21 MiB/s, checksum:3036256665600
pressure report window:2.127444 s
t0_region>
[0]:26147
[1]:3806
[2]:16

t1_region>
[1]:26516
[2]:3381
[3]:72

t2_region>
[30]:18311
[31]:11226
[32]:428
[33]:2
[34]:2

t0_min: 0.50 us, round:11465
t0_max: 2.13 us, round:12062
t0_jitter: 1.63 us

t1_min: 1.38 us, round:405
t1_max: 3.29 us, round:3956
t1_jitter: 1.92 us

t2_min: 30.25 us, round:5613
t2_max: 34.46 us, round:382
t2_jitter: 4.21 us

PMU diff samples: 29972
AVG DIFF LL_CACHE_RD: 45.54
AVG DIFF LL_CACHE_MISS_RD: 26.15
AVG DIFF L2D_CACHE_REFILL: 5.20
AVG DIFF L2D_CACHE_INVAL: 0.01
[cur diff] DIFF LL_CACHE_RD: 0, DIFF LL_CACHE_MISS_RD: 0, MISS_RATE: 0.00%
[cur diff] DIFF L2D_CACHE_REFILL: 0
[cur diff] DIFF L2D_CACHE_INVAL: 0
[max diff] DIFF LL_CACHE_RD: 61, DIFF LL_CACHE_MISS_RD: 45, MISS_RATE: 73.77%
[max diff] DIFF L2D_CACHE_REFILL: 23
[max diff] DIFF L2D_CACHE_INVAL: 17

===========================================================
taskpendcnt:30176
t0:791 ns
t1:1666 ns
t2:30833 ns
benchmark: Franka-derived Cartesian-impedance kernel, input trace:8, timer period:10.000 ms
controller source: franka_ros2 jazzy@73a1501d, updates:30187, SVD sweeps:5
pose error:[0.010000 0.015000 0.010000 -0.000000 0.049979 -0.000000]
tau[0:6]:[-1.839419 -0.921560 -1.193198 -1.195971 -0.861243 0.113634 -0.461388]
kernel exec min/avg/max: 28.58 / 29.22 / 31.21 us, samples:30179
pressure status:1, copy rounds total/window:2296/16, 7.52 rounds/s
pressure logical copy:22960.00 MiB total, approx 75.18 MiB/s, checksum:3057563729920
pressure report window:2.128227 s
t0_region>
[0]:26329
[1]:3836
[2]:16

t1_region>
[1]:26702
[2]:3407
[3]:73

t2_region>
[30]:18451
[31]:11297
[32]:430
[33]:2
[34]:2

t0_min: 0.50 us, round:11465
t0_max: 2.13 us, round:12062
t0_jitter: 1.63 us

t1_min: 1.38 us, round:405
t1_max: 3.29 us, round:3956
t1_jitter: 1.92 us

t2_min: 30.25 us, round:5613
t2_max: 34.46 us, round:382
t2_jitter: 4.21 us

PMU diff samples: 30185
AVG DIFF LL_CACHE_RD: 45.53
AVG DIFF LL_CACHE_MISS_RD: 26.13
AVG DIFF L2D_CACHE_REFILL: 5.20
AVG DIFF L2D_CACHE_INVAL: 0.01
[cur diff] DIFF LL_CACHE_RD: 0, DIFF LL_CACHE_MISS_RD: 0, MISS_RATE: 0.00%
[cur diff] DIFF L2D_CACHE_REFILL: 0
[cur diff] DIFF L2D_CACHE_INVAL: 0
[max diff] DIFF LL_CACHE_RD: 61, DIFF LL_CACHE_MISS_RD: 45, MISS_RATE: 73.77%
[max diff] DIFF L2D_CACHE_REFILL: 23
[max diff] DIFF L2D_CACHE_INVAL: 17

===========================================================
taskpendcnt:30389
t0:750 ns
t1:1625 ns
t2:30791 ns
benchmark: Franka-derived Cartesian-impedance kernel, input trace:8, timer period:10.000 ms
controller source: franka_ros2 jazzy@73a1501d, updates:30400, SVD sweeps:5
pose error:[0.010000 0.015000 0.010000 -0.000000 0.049979 -0.000000]
tau[0:6]:[-0.567483 -0.552304 -0.482512 -0.231067 -0.297494 -0.656094 -0.085004]
kernel exec min/avg/max: 28.58 / 29.22 / 31.21 us, samples:30392
pressure status:1, copy rounds total/window:2312/16, 7.52 rounds/s
pressure logical copy:23120.00 MiB total, approx 75.19 MiB/s, checksum:3078870794240
pressure report window:2.127956 s
t0_region>
[0]:26515
[1]:3863
[2]:16

t1_region>
[1]:26890
[2]:3431
[3]:74

t2_region>
[30]:18585
[31]:11372
[32]:434
[33]:2
[34]:2

t0_min: 0.50 us, round:11465
t0_max: 2.13 us, round:12062
t0_jitter: 1.63 us

t1_min: 1.38 us, round:405
t1_max: 3.29 us, round:3956
t1_jitter: 1.92 us

t2_min: 30.25 us, round:5613
t2_max: 34.46 us, round:382
t2_jitter: 4.21 us

PMU diff samples: 30397
AVG DIFF LL_CACHE_RD: 45.54
AVG DIFF LL_CACHE_MISS_RD: 26.17
AVG DIFF L2D_CACHE_REFILL: 5.20
AVG DIFF L2D_CACHE_INVAL: 0.01
[cur diff] DIFF LL_CACHE_RD: 0, DIFF LL_CACHE_MISS_RD: 0, MISS_RATE: 0.00%
[cur diff] DIFF L2D_CACHE_REFILL: 0
[cur diff] DIFF L2D_CACHE_INVAL: 0
[max diff] DIFF LL_CACHE_RD: 61, DIFF LL_CACHE_MISS_RD: 45, MISS_RATE: 73.77%
[max diff] DIFF L2D_CACHE_REFILL: 23
[max diff] DIFF L2D_CACHE_INVAL: 17

===========================================================
taskpendcnt:30601
t0:1000 ns
t1:1875 ns
t2:31041 ns
benchmark: Franka-derived Cartesian-impedance kernel, input trace:8, timer period:10.000 ms
controller source: franka_ros2 jazzy@73a1501d, updates:30613, SVD sweeps:5
pose error:[0.010000 0.015000 0.010000 -0.000000 0.049979 -0.000000]
tau[0:6]:[0.839771 0.130674 0.617691 0.624912 0.653099 -0.592692 0.265887]
kernel exec min/avg/max: 28.58 / 29.22 / 31.21 us, samples:30605
pressure status:1, copy rounds total/window:2329/17, 7.99 rounds/s
pressure logical copy:23290.00 MiB total, approx 79.91 MiB/s, checksum:3101509550080
pressure report window:2.127437 s
t0_region>
[0]:26701
[1]:3890
[2]:16

t1_region>
[1]:27071
[2]:3462
[3]:74

t2_region>
[30]:18712
[31]:11457
[32]:435
[33]:2
[34]:2

t0_min: 0.50 us, round:11465
t0_max: 2.13 us, round:12062
t0_jitter: 1.63 us

t1_min: 1.38 us, round:405
t1_max: 3.29 us, round:3956
t1_jitter: 1.92 us

t2_min: 30.25 us, round:5613
t2_max: 34.46 us, round:382
t2_jitter: 4.21 us

PMU diff samples: 30610
AVG DIFF LL_CACHE_RD: 45.55
AVG DIFF LL_CACHE_MISS_RD: 26.14
AVG DIFF L2D_CACHE_REFILL: 5.20
AVG DIFF L2D_CACHE_INVAL: 0.01
[cur diff] DIFF LL_CACHE_RD: 0, DIFF LL_CACHE_MISS_RD: 0, MISS_RATE: 0.00%
[cur diff] DIFF L2D_CACHE_REFILL: 0
[cur diff] DIFF L2D_CACHE_INVAL: 0
[max diff] DIFF LL_CACHE_RD: 61, DIFF LL_CACHE_MISS_RD: 45, MISS_RATE: 73.77%
[max diff] DIFF L2D_CACHE_REFILL: 23
[max diff] DIFF L2D_CACHE_INVAL: 17

===========================================================
taskpendcnt:30814
t0:875 ns
t1:1750 ns
t2:30708 ns
benchmark: Franka-derived Cartesian-impedance kernel, input trace:8, timer period:10.000 ms
controller source: franka_ros2 jazzy@73a1501d, updates:30826, SVD sweeps:5
pose error:[0.010000 0.015000 0.010000 -0.000000 0.049979 -0.000000]
tau[0:6]:[-2.379368 -1.292411 -1.655224 -1.570015 -1.185234 -0.066588 -0.610247]
kernel exec min/avg/max: 28.58 / 29.22 / 31.21 us, samples:30817
pressure status:1, copy rounds total/window:2345/16, 7.52 rounds/s
pressure logical copy:23450.00 MiB total, approx 75.18 MiB/s, checksum:3122816614400
pressure report window:2.128310 s
t0_region>
[0]:26886
[1]:3918
[2]:16

t1_region>
[1]:27255
[2]:3491
[3]:74

t2_region>
[30]:18839
[31]:11537
[32]:441
[33]:2
[34]:2

t0_min: 0.50 us, round:11465
t0_max: 2.13 us, round:12062
t0_jitter: 1.63 us

t1_min: 1.38 us, round:405
t1_max: 3.29 us, round:3956
t1_jitter: 1.92 us

t2_min: 30.25 us, round:5613
t2_max: 34.46 us, round:382
t2_jitter: 4.21 us

PMU diff samples: 30823
AVG DIFF LL_CACHE_RD: 45.55
AVG DIFF LL_CACHE_MISS_RD: 26.16
AVG DIFF L2D_CACHE_REFILL: 5.20
AVG DIFF L2D_CACHE_INVAL: 0.01
[cur diff] DIFF LL_CACHE_RD: 0, DIFF LL_CACHE_MISS_RD: 0, MISS_RATE: 0.00%
[cur diff] DIFF L2D_CACHE_REFILL: 0
[cur diff] DIFF L2D_CACHE_INVAL: 0
[max diff] DIFF LL_CACHE_RD: 61, DIFF LL_CACHE_MISS_RD: 45, MISS_RATE: 73.77%
[max diff] DIFF L2D_CACHE_REFILL: 23
[max diff] DIFF L2D_CACHE_INVAL: 17

===========================================================
taskpendcnt:31027
t0:833 ns
t1:1708 ns
t2:30875 ns
benchmark: Franka-derived Cartesian-impedance kernel, input trace:8, timer period:10.000 ms
controller source: franka_ros2 jazzy@73a1501d, updates:31038, SVD sweeps:5
pose error:[0.010000 0.015000 0.010000 -0.000000 0.049979 -0.000000]
tau[0:6]:[1.376914 -0.104433 0.790225 0.843903 0.642107 -0.956178 0.423547]
kernel exec min/avg/max: 28.58 / 29.22 / 31.21 us, samples:31030
pressure status:1, copy rounds total/window:2361/16, 7.52 rounds/s
pressure logical copy:23610.00 MiB total, approx 75.21 MiB/s, checksum:3144123678720
pressure report window:2.127438 s
t0_region>
[0]:27071
[1]:3946
[2]:16

t1_region>
[1]:27443
[2]:3516
[3]:74

t2_region>
[30]:18962
[31]:11624
[32]:443
[33]:2
[34]:2

t0_min: 0.50 us, round:11465
t0_max: 2.13 us, round:12062
t0_jitter: 1.63 us

t1_min: 1.38 us, round:405
t1_max: 3.29 us, round:3956
t1_jitter: 1.92 us

t2_min: 30.25 us, round:5613
t2_max: 34.46 us, round:382
t2_jitter: 4.21 us

PMU diff samples: 31036
AVG DIFF LL_CACHE_RD: 45.56
AVG DIFF LL_CACHE_MISS_RD: 26.19
AVG DIFF L2D_CACHE_REFILL: 5.20
AVG DIFF L2D_CACHE_INVAL: 0.01
[cur diff] DIFF LL_CACHE_RD: 0, DIFF LL_CACHE_MISS_RD: 0, MISS_RATE: 0.00%
[cur diff] DIFF L2D_CACHE_REFILL: 0
[cur diff] DIFF L2D_CACHE_INVAL: 0
[max diff] DIFF LL_CACHE_RD: 61, DIFF LL_CACHE_MISS_RD: 45, MISS_RATE: 73.77%
[max diff] DIFF L2D_CACHE_REFILL: 23
[max diff] DIFF L2D_CACHE_INVAL: 17

===========================================================
taskpendcnt:31240
t0:1666 ns
t1:2541 ns
t2:31708 ns
benchmark: Franka-derived Cartesian-impedance kernel, input trace:8, timer period:10.000 ms
controller source: franka_ros2 jazzy@73a1501d, updates:31251, SVD sweeps:5
pose error:[0.010000 0.015000 0.010000 -0.000000 0.049979 -0.000000]
tau[0:6]:[-1.839419 -0.921560 -1.193198 -1.195971 -0.861243 0.113634 -0.461388]
kernel exec min/avg/max: 28.58 / 29.22 / 31.21 us, samples:31243
pressure status:1, copy rounds total/window:2377/16, 7.52 rounds/s
pressure logical copy:23770.00 MiB total, approx 75.18 MiB/s, checksum:3165430743040
pressure report window:2.128310 s
t0_region>
[0]:27254
[1]:3975
[2]:16

t1_region>
[1]:27630
[2]:3539
[3]:77

t2_region>
[30]:19087
[31]:11705
[32]:450
[33]:2
[34]:2

t0_min: 0.50 us, round:11465
t0_max: 2.13 us, round:12062
t0_jitter: 1.63 us

t1_min: 1.38 us, round:405
t1_max: 3.29 us, round:3956
t1_jitter: 1.92 us

t2_min: 30.25 us, round:5613
t2_max: 34.46 us, round:382
t2_jitter: 4.21 us

PMU diff samples: 31249
AVG DIFF LL_CACHE_RD: 45.56
AVG DIFF LL_CACHE_MISS_RD: 26.19
AVG DIFF L2D_CACHE_REFILL: 5.20
AVG DIFF L2D_CACHE_INVAL: 0.01
[cur diff] DIFF LL_CACHE_RD: 0, DIFF LL_CACHE_MISS_RD: 0, MISS_RATE: 0.00%
[cur diff] DIFF L2D_CACHE_REFILL: 0
[cur diff] DIFF L2D_CACHE_INVAL: 0
[max diff] DIFF LL_CACHE_RD: 61, DIFF LL_CACHE_MISS_RD: 45, MISS_RATE: 73.77%
[max diff] DIFF L2D_CACHE_REFILL: 23
[max diff] DIFF L2D_CACHE_INVAL: 17

===========================================================
taskpendcnt:31453
t0:750 ns
t1:1625 ns
t2:31083 ns
benchmark: Franka-derived Cartesian-impedance kernel, input trace:8, timer period:10.000 ms
controller source: franka_ros2 jazzy@73a1501d, updates:31464, SVD sweeps:5
pose error:[0.010000 0.015000 0.010000 -0.000000 0.049979 -0.000000]
tau[0:6]:[-0.567483 -0.552304 -0.482512 -0.231067 -0.297494 -0.656094 -0.085004]
kernel exec min/avg/max: 28.58 / 29.22 / 31.21 us, samples:31456
pressure status:1, copy rounds total/window:2393/16, 7.52 rounds/s
pressure logical copy:23930.00 MiB total, approx 75.19 MiB/s, checksum:3186737807360
pressure report window:2.127879 s
t0_region>
[0]:27439
[1]:4003
[2]:16

t1_region>
[1]:27822
[2]:3560
[3]:77

t2_region>
[30]:19207
[31]:11791
[32]:457
[33]:2
[34]:2

t0_min: 0.50 us, round:11465
t0_max: 2.13 us, round:12062
t0_jitter: 1.63 us

t1_min: 1.38 us, round:405
t1_max: 3.29 us, round:3956
t1_jitter: 1.92 us

t2_min: 30.25 us, round:5613
t2_max: 34.46 us, round:382
t2_jitter: 4.21 us

PMU diff samples: 31461
AVG DIFF LL_CACHE_RD: 45.56
AVG DIFF LL_CACHE_MISS_RD: 26.21
AVG DIFF L2D_CACHE_REFILL: 5.20
AVG DIFF L2D_CACHE_INVAL: 0.01
[cur diff] DIFF LL_CACHE_RD: 0, DIFF LL_CACHE_MISS_RD: 0, MISS_RATE: 0.00%
[cur diff] DIFF L2D_CACHE_REFILL: 0
[cur diff] DIFF L2D_CACHE_INVAL: 0
[max diff] DIFF LL_CACHE_RD: 61, DIFF LL_CACHE_MISS_RD: 45, MISS_RATE: 73.77%
[max diff] DIFF L2D_CACHE_REFILL: 23
[max diff] DIFF L2D_CACHE_INVAL: 17

===========================================================
taskpendcnt:31665
t0:1000 ns
t1:1875 ns
t2:31041 ns
benchmark: Franka-derived Cartesian-impedance kernel, input trace:8, timer period:10.000 ms
controller source: franka_ros2 jazzy@73a1501d, updates:31677, SVD sweeps:5
pose error:[0.010000 0.015000 0.010000 -0.000000 0.049979 -0.000000]
tau[0:6]:[0.839771 0.130674 0.617691 0.624912 0.653099 -0.592692 0.265887]
kernel exec min/avg/max: 28.58 / 29.22 / 31.21 us, samples:31669
pressure status:1, copy rounds total/window:2410/17, 7.99 rounds/s
pressure logical copy:24100.00 MiB total, approx 79.91 MiB/s, checksum:3209376563200
pressure report window:2.127449 s
t0_region>
[0]:27629
[1]:4026
[2]:16

t1_region>
[1]:28015
[2]:3579
[3]:77

t2_region>
[30]:19338
[31]:11869
[32]:461
[33]:2
[34]:2

t0_min: 0.50 us, round:11465
t0_max: 2.13 us, round:12062
t0_jitter: 1.63 us

t1_min: 1.38 us, round:405
t1_max: 3.29 us, round:3956
t1_jitter: 1.92 us

t2_min: 30.25 us, round:5613
t2_max: 34.46 us, round:382
t2_jitter: 4.21 us

PMU diff samples: 31674
AVG DIFF LL_CACHE_RD: 45.56
AVG DIFF LL_CACHE_MISS_RD: 26.18
AVG DIFF L2D_CACHE_REFILL: 5.20
AVG DIFF L2D_CACHE_INVAL: 0.01
[cur diff] DIFF LL_CACHE_RD: 0, DIFF LL_CACHE_MISS_RD: 0, MISS_RATE: 0.00%
[cur diff] DIFF L2D_CACHE_REFILL: 0
[cur diff] DIFF L2D_CACHE_INVAL: 0
[max diff] DIFF LL_CACHE_RD: 61, DIFF LL_CACHE_MISS_RD: 45, MISS_RATE: 73.77%
[max diff] DIFF L2D_CACHE_REFILL: 23
[max diff] DIFF L2D_CACHE_INVAL: 17

===========================================================
taskpendcnt:31878
t0:875 ns
t1:1750 ns
t2:31000 ns
benchmark: Franka-derived Cartesian-impedance kernel, input trace:8, timer period:10.000 ms
controller source: franka_ros2 jazzy@73a1501d, updates:31889, SVD sweeps:5
pose error:[0.010000 0.015000 0.010000 -0.000000 0.049979 -0.000000]
tau[0:6]:[-2.379368 -1.292411 -1.655224 -1.570015 -1.185234 -0.066588 -0.610247]
kernel exec min/avg/max: 28.58 / 29.22 / 31.21 us, samples:31881
pressure status:1, copy rounds total/window:2426/16, 7.52 rounds/s
pressure logical copy:24260.00 MiB total, approx 75.18 MiB/s, checksum:3230683627520
pressure report window:2.128308 s
t0_region>
[0]:27818
[1]:4050
[2]:16

t1_region>
[1]:28206
[2]:3601
[3]:77

t2_region>
[30]:19472
[31]:11943
[32]:465
[33]:2
[34]:2

t0_min: 0.50 us, round:11465
t0_max: 2.13 us, round:12062
t0_jitter: 1.63 us

t1_min: 1.38 us, round:405
t1_max: 3.29 us, round:3956
t1_jitter: 1.92 us

t2_min: 30.25 us, round:5613
t2_max: 34.46 us, round:382
t2_jitter: 4.21 us

PMU diff samples: 31887
AVG DIFF LL_CACHE_RD: 45.55
AVG DIFF LL_CACHE_MISS_RD: 26.18
AVG DIFF L2D_CACHE_REFILL: 5.20
AVG DIFF L2D_CACHE_INVAL: 0.01
[cur diff] DIFF LL_CACHE_RD: 0, DIFF LL_CACHE_MISS_RD: 0, MISS_RATE: 0.00%
[cur diff] DIFF L2D_CACHE_REFILL: 0
[cur diff] DIFF L2D_CACHE_INVAL: 0
[max diff] DIFF LL_CACHE_RD: 61, DIFF LL_CACHE_MISS_RD: 45, MISS_RATE: 73.77%
[max diff] DIFF L2D_CACHE_REFILL: 23
[max diff] DIFF L2D_CACHE_INVAL: 17

===========================================================
taskpendcnt:32091
t0:833 ns
t1:1708 ns
t2:30875 ns
benchmark: Franka-derived Cartesian-impedance kernel, input trace:8, timer period:10.000 ms
controller source: franka_ros2 jazzy@73a1501d, updates:32102, SVD sweeps:5
pose error:[0.010000 0.015000 0.010000 -0.000000 0.049979 -0.000000]
tau[0:6]:[1.376914 -0.104433 0.790225 0.843903 0.642107 -0.956178 0.423547]
kernel exec min/avg/max: 28.58 / 29.22 / 31.21 us, samples:32094
pressure status:1, copy rounds total/window:2442/16, 7.52 rounds/s
pressure logical copy:24420.00 MiB total, approx 75.21 MiB/s, checksum:3251990691840
pressure report window:2.127439 s
t0_region>
[0]:28008
[1]:4073
[2]:16

t1_region>
[1]:28390
[2]:3629
[3]:78

t2_region>
[30]:19600
[31]:12026
[32]:467
[33]:2
[34]:2

t0_min: 0.50 us, round:11465
t0_max: 2.13 us, round:12062
t0_jitter: 1.63 us

t1_min: 1.38 us, round:405
t1_max: 3.29 us, round:3956
t1_jitter: 1.92 us

t2_min: 30.25 us, round:5613
t2_max: 34.46 us, round:382
t2_jitter: 4.21 us

PMU diff samples: 32100
AVG DIFF LL_CACHE_RD: 45.55
AVG DIFF LL_CACHE_MISS_RD: 26.17
AVG DIFF L2D_CACHE_REFILL: 5.20
AVG DIFF L2D_CACHE_INVAL: 0.01
[cur diff] DIFF LL_CACHE_RD: 0, DIFF LL_CACHE_MISS_RD: 0, MISS_RATE: 0.00%
[cur diff] DIFF L2D_CACHE_REFILL: 0
[cur diff] DIFF L2D_CACHE_INVAL: 0
[max diff] DIFF LL_CACHE_RD: 61, DIFF LL_CACHE_MISS_RD: 45, MISS_RATE: 73.77%
[max diff] DIFF L2D_CACHE_REFILL: 23
[max diff] DIFF L2D_CACHE_INVAL: 17

===========================================================
taskpendcnt:32304
t0:791 ns
t1:1666 ns
t2:30833 ns
benchmark: Franka-derived Cartesian-impedance kernel, input trace:8, timer period:10.000 ms
controller source: franka_ros2 jazzy@73a1501d, updates:32315, SVD sweeps:5
pose error:[0.010000 0.015000 0.010000 -0.000000 0.049979 -0.000000]
tau[0:6]:[-1.839419 -0.921560 -1.193198 -1.195971 -0.861243 0.113634 -0.461388]
kernel exec min/avg/max: 28.58 / 29.22 / 31.21 us, samples:32307
pressure status:1, copy rounds total/window:2458/16, 7.52 rounds/s
pressure logical copy:24580.00 MiB total, approx 75.18 MiB/s, checksum:3273297756160
pressure report window:2.128214 s
t0_region>
[0]:28190
[1]:4103
[2]:16

t1_region>
[1]:28572
[2]:3659
[3]:79

t2_region>
[30]:19718
[31]:12117
[32]:471
[33]:2
[34]:2

t0_min: 0.50 us, round:11465
t0_max: 2.13 us, round:12062
t0_jitter: 1.63 us

t1_min: 1.38 us, round:405
t1_max: 3.33 us, round:32121
t1_jitter: 1.96 us

t2_min: 30.25 us, round:5613
t2_max: 34.46 us, round:382
t2_jitter: 4.21 us

PMU diff samples: 32313
AVG DIFF LL_CACHE_RD: 45.55
AVG DIFF LL_CACHE_MISS_RD: 26.19
AVG DIFF L2D_CACHE_REFILL: 5.20
AVG DIFF L2D_CACHE_INVAL: 0.01
[cur diff] DIFF LL_CACHE_RD: 0, DIFF LL_CACHE_MISS_RD: 0, MISS_RATE: 0.00%
[cur diff] DIFF L2D_CACHE_REFILL: 0
[cur diff] DIFF L2D_CACHE_INVAL: 0
[max diff] DIFF LL_CACHE_RD: 77, DIFF LL_CACHE_MISS_RD: 64, MISS_RATE: 83.12%
[max diff] DIFF L2D_CACHE_REFILL: 25
[max diff] DIFF L2D_CACHE_INVAL: 17

===========================================================
taskpendcnt:32517
t0:1333 ns
t1:2208 ns
t2:31375 ns
benchmark: Franka-derived Cartesian-impedance kernel, input trace:8, timer period:10.000 ms
controller source: franka_ros2 jazzy@73a1501d, updates:32528, SVD sweeps:5
pose error:[0.010000 0.015000 0.010000 -0.000000 0.049979 -0.000000]
tau[0:6]:[-0.567483 -0.552304 -0.482512 -0.231067 -0.297494 -0.656094 -0.085004]
kernel exec min/avg/max: 28.58 / 29.22 / 31.21 us, samples:32520
pressure status:1, copy rounds total/window:2474/16, 7.52 rounds/s
pressure logical copy:24740.00 MiB total, approx 75.19 MiB/s, checksum:3294604820480
pressure report window:2.128048 s
t0_region>
[0]:28376
[1]:4130
[2]:16

t1_region>
[1]:28759
[2]:3684
[3]:79

t2_region>
[30]:19854
[31]:12192
[32]:473
[33]:2
[34]:2

t0_min: 0.50 us, round:11465
t0_max: 2.13 us, round:12062
t0_jitter: 1.63 us

t1_min: 1.38 us, round:405
t1_max: 3.33 us, round:32121
t1_jitter: 1.96 us

t2_min: 30.25 us, round:5613
t2_max: 34.46 us, round:382
t2_jitter: 4.21 us

PMU diff samples: 32525
AVG DIFF LL_CACHE_RD: 45.55
AVG DIFF LL_CACHE_MISS_RD: 26.18
AVG DIFF L2D_CACHE_REFILL: 5.20
AVG DIFF L2D_CACHE_INVAL: 0.01
[cur diff] DIFF LL_CACHE_RD: 0, DIFF LL_CACHE_MISS_RD: 0, MISS_RATE: 0.00%
[cur diff] DIFF L2D_CACHE_REFILL: 0
[cur diff] DIFF L2D_CACHE_INVAL: 0
[max diff] DIFF LL_CACHE_RD: 77, DIFF LL_CACHE_MISS_RD: 64, MISS_RATE: 83.12%
[max diff] DIFF L2D_CACHE_REFILL: 25
[max diff] DIFF L2D_CACHE_INVAL: 17

===========================================================
taskpendcnt:32729
t0:916 ns
t1:1875 ns
t2:31041 ns
benchmark: Franka-derived Cartesian-impedance kernel, input trace:8, timer period:10.000 ms
controller source: franka_ros2 jazzy@73a1501d, updates:32741, SVD sweeps:5
pose error:[0.010000 0.015000 0.010000 -0.000000 0.049979 -0.000000]
tau[0:6]:[0.839771 0.130674 0.617691 0.624912 0.653099 -0.592692 0.265887]
kernel exec min/avg/max: 28.58 / 29.22 / 31.21 us, samples:32733
pressure status:1, copy rounds total/window:2490/16, 7.52 rounds/s
pressure logical copy:24900.00 MiB total, approx 75.21 MiB/s, checksum:3315911884800
pressure report window:2.127264 s
t0_region>
[0]:28559
[1]:4160
[2]:16

t1_region>
[1]:28945
[2]:3711
[3]:79

t2_region>
[30]:19984
[31]:12272
[32]:476
[33]:2
[34]:2

t0_min: 0.50 us, round:11465
t0_max: 2.13 us, round:12062
t0_jitter: 1.63 us

t1_min: 1.38 us, round:405
t1_max: 3.33 us, round:32121
t1_jitter: 1.96 us

t2_min: 30.25 us, round:5613
t2_max: 34.46 us, round:382
t2_jitter: 4.21 us

PMU diff samples: 32738
AVG DIFF LL_CACHE_RD: 45.55
AVG DIFF LL_CACHE_MISS_RD: 26.16
AVG DIFF L2D_CACHE_REFILL: 5.20
AVG DIFF L2D_CACHE_INVAL: 0.01
[cur diff] DIFF LL_CACHE_RD: 0, DIFF LL_CACHE_MISS_RD: 0, MISS_RATE: 0.00%
[cur diff] DIFF L2D_CACHE_REFILL: 0
[cur diff] DIFF L2D_CACHE_INVAL: 0
[max diff] DIFF LL_CACHE_RD: 77, DIFF LL_CACHE_MISS_RD: 64, MISS_RATE: 83.12%
[max diff] DIFF L2D_CACHE_REFILL: 25
[max diff] DIFF L2D_CACHE_INVAL: 17

===========================================================
taskpendcnt:32942
t0:875 ns
t1:1750 ns
t2:31208 ns
benchmark: Franka-derived Cartesian-impedance kernel, input trace:8, timer period:10.000 ms
controller source: franka_ros2 jazzy@73a1501d, updates:32953, SVD sweeps:5
pose error:[0.010000 0.015000 0.010000 -0.000000 0.049979 -0.000000]
tau[0:6]:[-2.379368 -1.292411 -1.655224 -1.570015 -1.185234 -0.066588 -0.610247]
kernel exec min/avg/max: 28.58 / 29.22 / 31.21 us, samples:32945
pressure status:1, copy rounds total/window:2507/17, 7.99 rounds/s
pressure logical copy:25070.00 MiB total, approx 79.87 MiB/s, checksum:3338550640640
pressure report window:2.128395 s
t0_region>
[0]:28744
[1]:4188
[2]:16

t1_region>
[1]:29134
[2]:3735
[3]:79

t2_region>
[30]:20116
[31]:12349
[32]:479
[33]:2
[34]:2

t0_min: 0.50 us, round:11465
t0_max: 2.13 us, round:12062
t0_jitter: 1.63 us

t1_min: 1.38 us, round:405
t1_max: 3.33 us, round:32121
t1_jitter: 1.96 us

t2_min: 30.25 us, round:5613
t2_max: 34.46 us, round:382
t2_jitter: 4.21 us

PMU diff samples: 32951
AVG DIFF LL_CACHE_RD: 45.55
AVG DIFF LL_CACHE_MISS_RD: 26.17
AVG DIFF L2D_CACHE_REFILL: 5.20
AVG DIFF L2D_CACHE_INVAL: 0.01
[cur diff] DIFF LL_CACHE_RD: 0, DIFF LL_CACHE_MISS_RD: 0, MISS_RATE: 0.00%
[cur diff] DIFF L2D_CACHE_REFILL: 0
[cur diff] DIFF L2D_CACHE_INVAL: 0
[max diff] DIFF LL_CACHE_RD: 77, DIFF LL_CACHE_MISS_RD: 64, MISS_RATE: 83.12%
[max diff] DIFF L2D_CACHE_REFILL: 25
[max diff] DIFF L2D_CACHE_INVAL: 17

===========================================================
taskpendcnt:33155
t0:833 ns
t1:1708 ns
t2:30875 ns
benchmark: Franka-derived Cartesian-impedance kernel, input trace:8, timer period:10.000 ms
controller source: franka_ros2 jazzy@73a1501d, updates:33166, SVD sweeps:5
pose error:[0.010000 0.015000 0.010000 -0.000000 0.049979 -0.000000]
tau[0:6]:[1.228026 0.081850 0.819520 0.875435 0.745706 -0.833381 0.398995]
kernel exec min/avg/max: 28.58 / 29.22 / 31.21 us, samples:33158
pressure status:1, copy rounds total/window:2523/16, 7.52 rounds/s
pressure logical copy:25230.00 MiB total, approx 75.21 MiB/s, checksum:3359857704960
pressure report window:2.127356 s
t0_region>
[0]:28934
[1]:4211
[2]:16

t1_region>
[1]:29323
[2]:3759
[3]:79

t2_region>
[30]:20256
[31]:12420
[32]:481
[33]:2
[34]:2

t0_min: 0.50 us, round:11465
t0_max: 2.13 us, round:12062
t0_jitter: 1.63 us

t1_min: 1.38 us, round:405
t1_max: 3.33 us, round:32121
t1_jitter: 1.96 us

t2_min: 30.25 us, round:5613
t2_max: 34.46 us, round:382
t2_jitter: 4.21 us

PMU diff samples: 33164
AVG DIFF LL_CACHE_RD: 45.55
AVG DIFF LL_CACHE_MISS_RD: 26.17
AVG DIFF L2D_CACHE_REFILL: 5.20
AVG DIFF L2D_CACHE_INVAL: 0.01
[cur diff] DIFF LL_CACHE_RD: 0, DIFF LL_CACHE_MISS_RD: 0, MISS_RATE: 0.00%
[cur diff] DIFF L2D_CACHE_REFILL: 0
[cur diff] DIFF L2D_CACHE_INVAL: 0
[max diff] DIFF LL_CACHE_RD: 77, DIFF LL_CACHE_MISS_RD: 64, MISS_RATE: 83.12%
[max diff] DIFF L2D_CACHE_REFILL: 25
[max diff] DIFF L2D_CACHE_INVAL: 17

===========================================================
taskpendcnt:33368
t0:791 ns
t1:1666 ns
t2:31125 ns
benchmark: Franka-derived Cartesian-impedance kernel, input trace:8, timer period:10.000 ms
controller source: franka_ros2 jazzy@73a1501d, updates:33379, SVD sweeps:5
pose error:[0.010000 0.015000 0.010000 -0.000000 0.049979 -0.000000]
tau[0:6]:[-1.839419 -0.921560 -1.193198 -1.195971 -0.861243 0.113634 -0.461388]
kernel exec min/avg/max: 28.58 / 29.22 / 31.21 us, samples:33371
pressure status:1, copy rounds total/window:2539/16, 7.52 rounds/s
pressure logical copy:25390.00 MiB total, approx 75.18 MiB/s, checksum:3381164769280
pressure report window:2.128324 s
t0_region>
[0]:29117
[1]:4240
[2]:16

t1_region>
[1]:29511
[2]:3784
[3]:79

t2_region>
[30]:20385
[31]:12502
[32]:483
[33]:2
[34]:2

t0_min: 0.50 us, round:11465
t0_max: 2.13 us, round:12062
t0_jitter: 1.63 us

t1_min: 1.38 us, round:405
t1_max: 3.33 us, round:32121
t1_jitter: 1.96 us

t2_min: 30.25 us, round:5613
t2_max: 34.46 us, round:382
t2_jitter: 4.21 us

PMU diff samples: 33377
AVG DIFF LL_CACHE_RD: 45.56
AVG DIFF LL_CACHE_MISS_RD: 26.17
AVG DIFF L2D_CACHE_REFILL: 5.20
AVG DIFF L2D_CACHE_INVAL: 0.01
[cur diff] DIFF LL_CACHE_RD: 0, DIFF LL_CACHE_MISS_RD: 0, MISS_RATE: 0.00%
[cur diff] DIFF L2D_CACHE_REFILL: 0
[cur diff] DIFF L2D_CACHE_INVAL: 0
[max diff] DIFF LL_CACHE_RD: 77, DIFF LL_CACHE_MISS_RD: 64, MISS_RATE: 83.12%
[max diff] DIFF L2D_CACHE_REFILL: 25
[max diff] DIFF L2D_CACHE_INVAL: 17

===========================================================
taskpendcnt:33580
t0:750 ns
t1:1625 ns
t2:31083 ns
benchmark: Franka-derived Cartesian-impedance kernel, input trace:8, timer period:10.000 ms
controller source: franka_ros2 jazzy@73a1501d, updates:33592, SVD sweeps:5
pose error:[0.010000 0.015000 0.010000 -0.000000 0.049979 -0.000000]
tau[0:6]:[-0.567483 -0.552304 -0.482512 -0.231067 -0.297494 -0.656094 -0.085004]
kernel exec min/avg/max: 28.58 / 29.22 / 31.21 us, samples:33584
pressure status:1, copy rounds total/window:2555/16, 7.52 rounds/s
pressure logical copy:25550.00 MiB total, approx 75.19 MiB/s, checksum:3402471833600
pressure report window:2.127959 s
t0_region>
[0]:29305
[1]:4265
[2]:16

t1_region>
[1]:29699
[2]:3808
[3]:79

t2_region>
[30]:20520
[31]:12579
[32]:484
[33]:2
[34]:2

t0_min: 0.50 us, round:11465
t0_max: 2.13 us, round:12062
t0_jitter: 1.63 us

t1_min: 1.38 us, round:405
t1_max: 3.33 us, round:32121
t1_jitter: 1.96 us

t2_min: 30.25 us, round:5613
t2_max: 34.46 us, round:382
t2_jitter: 4.21 us

PMU diff samples: 33589
AVG DIFF LL_CACHE_RD: 45.55
AVG DIFF LL_CACHE_MISS_RD: 26.16
AVG DIFF L2D_CACHE_REFILL: 5.20
AVG DIFF L2D_CACHE_INVAL: 0.01
[cur diff] DIFF LL_CACHE_RD: 0, DIFF LL_CACHE_MISS_RD: 0, MISS_RATE: 0.00%
[cur diff] DIFF L2D_CACHE_REFILL: 0
[cur diff] DIFF L2D_CACHE_INVAL: 0
[max diff] DIFF LL_CACHE_RD: 77, DIFF LL_CACHE_MISS_RD: 64, MISS_RATE: 83.12%
[max diff] DIFF L2D_CACHE_REFILL: 25
[max diff] DIFF L2D_CACHE_INVAL: 17

===========================================================
taskpendcnt:33793
t0:1208 ns
t1:1875 ns
t2:31041 ns
benchmark: Franka-derived Cartesian-impedance kernel, input trace:8, timer period:10.000 ms
controller source: franka_ros2 jazzy@73a1501d, updates:33805, SVD sweeps:5
pose error:[0.010000 0.015000 0.010000 -0.000000 0.049979 -0.000000]
tau[0:6]:[0.839771 0.130674 0.617691 0.624912 0.653099 -0.592692 0.265887]
kernel exec min/avg/max: 28.58 / 29.22 / 31.21 us, samples:33796
pressure status:1, copy rounds total/window:2571/16, 7.52 rounds/s
pressure logical copy:25710.00 MiB total, approx 75.21 MiB/s, checksum:3423778897920
pressure report window:2.127440 s
t0_region>
[0]:29493
[1]:4290
[2]:16

t1_region>
[1]:29887
[2]:3833
[3]:79

t2_region>
[30]:20655
[31]:12654
[32]:487
[33]:2
[34]:2

t0_min: 0.50 us, round:11465
t0_max: 2.13 us, round:12062
t0_jitter: 1.63 us

t1_min: 1.38 us, round:405
t1_max: 3.33 us, round:32121
t1_jitter: 1.96 us

t2_min: 30.25 us, round:5613
t2_max: 34.46 us, round:382
t2_jitter: 4.21 us

PMU diff samples: 33802
AVG DIFF LL_CACHE_RD: 45.56
AVG DIFF LL_CACHE_MISS_RD: 26.16
AVG DIFF L2D_CACHE_REFILL: 5.19
AVG DIFF L2D_CACHE_INVAL: 0.01
[cur diff] DIFF LL_CACHE_RD: 0, DIFF LL_CACHE_MISS_RD: 0, MISS_RATE: 0.00%
[cur diff] DIFF L2D_CACHE_REFILL: 0
[cur diff] DIFF L2D_CACHE_INVAL: 0
[max diff] DIFF LL_CACHE_RD: 77, DIFF LL_CACHE_MISS_RD: 64, MISS_RATE: 83.12%
[max diff] DIFF L2D_CACHE_REFILL: 25
[max diff] DIFF L2D_CACHE_INVAL: 17

===========================================================
taskpendcnt:34006
t0:875 ns
t1:1750 ns
t2:30916 ns
benchmark: Franka-derived Cartesian-impedance kernel, input trace:8, timer period:10.000 ms
controller source: franka_ros2 jazzy@73a1501d, updates:34017, SVD sweeps:5
pose error:[0.010000 0.015000 0.010000 -0.000000 0.049979 -0.000000]
tau[0:6]:[-2.379368 -1.292411 -1.655224 -1.570015 -1.185234 -0.066588 -0.610247]
kernel exec min/avg/max: 28.58 / 29.22 / 31.21 us, samples:34009
pressure status:1, copy rounds total/window:2587/16, 7.52 rounds/s
pressure logical copy:25870.00 MiB total, approx 75.18 MiB/s, checksum:3445085962240
pressure report window:2.128305 s
t0_region>
[0]:29681
[1]:4315
[2]:16

t1_region>
[1]:30077
[2]:3855
[3]:80

t2_region>
[30]:20794
[31]:12722
[32]:492
[33]:2
[34]:2

t0_min: 0.50 us, round:11465
t0_max: 2.13 us, round:12062
t0_jitter: 1.63 us

t1_min: 1.38 us, round:405
t1_max: 3.33 us, round:32121
t1_jitter: 1.96 us

t2_min: 30.25 us, round:5613
t2_max: 34.46 us, round:382
t2_jitter: 4.21 us

PMU diff samples: 34015
AVG DIFF LL_CACHE_RD: 45.57
AVG DIFF LL_CACHE_MISS_RD: 26.16
AVG DIFF L2D_CACHE_REFILL: 5.19
AVG DIFF L2D_CACHE_INVAL: 0.01
[cur diff] DIFF LL_CACHE_RD: 0, DIFF LL_CACHE_MISS_RD: 0, MISS_RATE: 0.00%
[cur diff] DIFF L2D_CACHE_REFILL: 0
[cur diff] DIFF L2D_CACHE_INVAL: 0
[max diff] DIFF LL_CACHE_RD: 77, DIFF LL_CACHE_MISS_RD: 64, MISS_RATE: 83.12%
[max diff] DIFF L2D_CACHE_REFILL: 25
[max diff] DIFF L2D_CACHE_INVAL: 17

===========================================================
taskpendcnt:34219
t0:833 ns
t1:1708 ns
t2:31166 ns
benchmark: Franka-derived Cartesian-impedance kernel, input trace:8, timer period:10.000 ms
controller source: franka_ros2 jazzy@73a1501d, updates:34230, SVD sweeps:5
pose error:[0.010000 0.015000 0.010000 -0.000000 0.049979 -0.000000]
tau[0:6]:[1.228026 0.081850 0.819520 0.875435 0.745706 -0.833381 0.398995]
kernel exec min/avg/max: 28.58 / 29.22 / 31.21 us, samples:34222
pressure status:1, copy rounds total/window:2604/17, 7.99 rounds/s
pressure logical copy:26040.00 MiB total, approx 79.91 MiB/s, checksum:3467724718080
pressure report window:2.127347 s
t0_region>
[0]:29862
[1]:4346
[2]:16

t1_region>
[1]:30263
[2]:3881
[3]:81

t2_region>
[30]:20931
[31]:12796
[32]:494
[33]:2
[34]:2

t0_min: 0.50 us, round:11465
t0_max: 2.13 us, round:12062
t0_jitter: 1.63 us

t1_min: 1.38 us, round:405
t1_max: 3.33 us, round:32121
t1_jitter: 1.96 us

t2_min: 30.25 us, round:5613
t2_max: 34.46 us, round:382
t2_jitter: 4.21 us

PMU diff samples: 34228
AVG DIFF LL_CACHE_RD: 45.58
AVG DIFF LL_CACHE_MISS_RD: 26.16
AVG DIFF L2D_CACHE_REFILL: 5.19
AVG DIFF L2D_CACHE_INVAL: 0.01
[cur diff] DIFF LL_CACHE_RD: 0, DIFF LL_CACHE_MISS_RD: 0, MISS_RATE: 0.00%
[cur diff] DIFF L2D_CACHE_REFILL: 0
[cur diff] DIFF L2D_CACHE_INVAL: 0
[max diff] DIFF LL_CACHE_RD: 77, DIFF LL_CACHE_MISS_RD: 64, MISS_RATE: 83.12%
[max diff] DIFF L2D_CACHE_REFILL: 25
[max diff] DIFF L2D_CACHE_INVAL: 17

===========================================================
taskpendcnt:34432
t0:791 ns
t1:1666 ns
t2:30833 ns
benchmark: Franka-derived Cartesian-impedance kernel, input trace:8, timer period:10.000 ms
controller source: franka_ros2 jazzy@73a1501d, updates:34443, SVD sweeps:5
pose error:[0.010000 0.015000 0.010000 -0.000000 0.049979 -0.000000]
tau[0:6]:[-1.839419 -0.921560 -1.193198 -1.195971 -0.861243 0.113634 -0.461388]
kernel exec min/avg/max: 28.58 / 29.22 / 31.21 us, samples:34435
pressure status:1, copy rounds total/window:2620/16, 7.52 rounds/s
pressure logical copy:26200.00 MiB total, approx 75.18 MiB/s, checksum:3489031782400
pressure report window:2.128307 s
t0_region>
[0]:30046
[1]:4374
[2]:17

t1_region>
[1]:30450
[2]:3906
[3]:82

t2_region>
[30]:21056
[31]:12881
[32]:497
[33]:2
[34]:2

t0_min: 0.50 us, round:11465
t0_max: 2.13 us, round:12062
t0_jitter: 1.63 us

t1_min: 1.38 us, round:405
t1_max: 3.33 us, round:32121
t1_jitter: 1.96 us

t2_min: 30.25 us, round:5613
t2_max: 34.46 us, round:382
t2_jitter: 4.21 us

PMU diff samples: 34440
AVG DIFF LL_CACHE_RD: 45.58
AVG DIFF LL_CACHE_MISS_RD: 26.16
AVG DIFF L2D_CACHE_REFILL: 5.20
AVG DIFF L2D_CACHE_INVAL: 0.01
[cur diff] DIFF LL_CACHE_RD: 0, DIFF LL_CACHE_MISS_RD: 0, MISS_RATE: 0.00%
[cur diff] DIFF L2D_CACHE_REFILL: 0
[cur diff] DIFF L2D_CACHE_INVAL: 0
[max diff] DIFF LL_CACHE_RD: 77, DIFF LL_CACHE_MISS_RD: 64, MISS_RATE: 83.12%
[max diff] DIFF L2D_CACHE_REFILL: 25
[max diff] DIFF L2D_CACHE_INVAL: 17

===========================================================
taskpendcnt:34644
t0:1041 ns
t1:1916 ns
t2:31083 ns
benchmark: Franka-derived Cartesian-impedance kernel, input trace:8, timer period:10.000 ms
controller source: franka_ros2 jazzy@73a1501d, updates:34656, SVD sweeps:5
pose error:[0.010000 0.015000 0.010000 -0.000000 0.049979 -0.000000]
tau[0:6]:[-0.567483 -0.552304 -0.482512 -0.231067 -0.297494 -0.656094 -0.085004]
kernel exec min/avg/max: 28.58 / 29.22 / 31.21 us, samples:34648
pressure status:1, copy rounds total/window:2636/16, 7.52 rounds/s
pressure logical copy:26360.00 MiB total, approx 75.19 MiB/s, checksum:3510338846720
pressure report window:2.128052 s
t0_region>
[0]:30228
[1]:4405
[2]:17

t1_region>
[1]:30636
[2]:3932
[3]:82

t2_region>
[30]:21188
[31]:12957
[32]:502
[33]:2
[34]:2

t0_min: 0.50 us, round:11465
t0_max: 2.13 us, round:12062
t0_jitter: 1.63 us

t1_min: 1.38 us, round:405
t1_max: 3.33 us, round:32121
t1_jitter: 1.96 us

t2_min: 30.25 us, round:5613
t2_max: 34.46 us, round:382
t2_jitter: 4.21 us

PMU diff samples: 34653
AVG DIFF LL_CACHE_RD: 45.59
AVG DIFF LL_CACHE_MISS_RD: 26.16
AVG DIFF L2D_CACHE_REFILL: 5.20
AVG DIFF L2D_CACHE_INVAL: 0.01
[cur diff] DIFF LL_CACHE_RD: 0, DIFF LL_CACHE_MISS_RD: 0, MISS_RATE: 0.00%
[cur diff] DIFF L2D_CACHE_REFILL: 0
[cur diff] DIFF L2D_CACHE_INVAL: 0
[max diff] DIFF LL_CACHE_RD: 77, DIFF LL_CACHE_MISS_RD: 64, MISS_RATE: 83.12%
[max diff] DIFF L2D_CACHE_REFILL: 25
[max diff] DIFF L2D_CACHE_INVAL: 17

===========================================================
taskpendcnt:34857
t0:916 ns
t1:1791 ns
t2:30750 ns
benchmark: Franka-derived Cartesian-impedance kernel, input trace:8, timer period:10.000 ms
controller source: franka_ros2 jazzy@73a1501d, updates:34868, SVD sweeps:5
pose error:[0.010000 0.015000 0.010000 -0.000000 0.049979 -0.000000]
tau[0:6]:[0.839771 0.130674 0.617691 0.624912 0.653099 -0.592692 0.265887]
kernel exec min/avg/max: 28.58 / 29.22 / 31.21 us, samples:34860
pressure status:1, copy rounds total/window:2652/16, 7.52 rounds/s
pressure logical copy:26520.00 MiB total, approx 75.21 MiB/s, checksum:3531645911040
pressure report window:2.127267 s
t0_region>
[0]:30412
[1]:4433
[2]:18

t1_region>
[1]:30824
[2]:3956
[3]:83

t2_region>
[30]:21302
[31]:13051
[32]:506
[33]:2
[34]:2

t0_min: 0.50 us, round:11465
t0_max: 2.13 us, round:12062
t0_jitter: 1.63 us

t1_min: 1.38 us, round:405
t1_max: 3.33 us, round:32121
t1_jitter: 1.96 us

t2_min: 30.25 us, round:5613
t2_max: 34.46 us, round:382
t2_jitter: 4.21 us

PMU diff samples: 34866
AVG DIFF LL_CACHE_RD: 45.59
AVG DIFF LL_CACHE_MISS_RD: 26.16
AVG DIFF L2D_CACHE_REFILL: 5.20
AVG DIFF L2D_CACHE_INVAL: 0.01
[cur diff] DIFF LL_CACHE_RD: 0, DIFF LL_CACHE_MISS_RD: 0, MISS_RATE: 0.00%
[cur diff] DIFF L2D_CACHE_REFILL: 0
[cur diff] DIFF L2D_CACHE_INVAL: 0
[max diff] DIFF LL_CACHE_RD: 77, DIFF LL_CACHE_MISS_RD: 64, MISS_RATE: 83.12%
[max diff] DIFF L2D_CACHE_REFILL: 25
[max diff] DIFF L2D_CACHE_INVAL: 17

===========================================================
taskpendcnt:35070
t0:1166 ns
t1:2333 ns
t2:31208 ns
benchmark: Franka-derived Cartesian-impedance kernel, input trace:8, timer period:10.000 ms
controller source: franka_ros2 jazzy@73a1501d, updates:35081, SVD sweeps:5
pose error:[0.010000 0.015000 0.010000 -0.000000 0.049979 -0.000000]
tau[0:6]:[-2.379368 -1.292411 -1.655224 -1.570015 -1.185234 -0.066588 -0.610247]
kernel exec min/avg/max: 28.58 / 29.22 / 31.21 us, samples:35073
pressure status:1, copy rounds total/window:2668/16, 7.52 rounds/s
pressure logical copy:26680.00 MiB total, approx 75.17 MiB/s, checksum:3552952975360
pressure report window:2.128496 s
t0_region>
[0]:30599
[1]:4459
[2]:18

t1_region>
[1]:31003
[2]:3988
[3]:85

t2_region>
[30]:21429
[31]:13133
[32]:510
[33]:2
[34]:2

t0_min: 0.50 us, round:11465
t0_max: 2.13 us, round:12062
t0_jitter: 1.63 us

t1_min: 1.38 us, round:405
t1_max: 3.33 us, round:32121
t1_jitter: 1.96 us

t2_min: 30.25 us, round:5613
t2_max: 34.46 us, round:382
t2_jitter: 4.21 us

PMU diff samples: 35079
AVG DIFF LL_CACHE_RD: 45.59
AVG DIFF LL_CACHE_MISS_RD: 26.17
AVG DIFF L2D_CACHE_REFILL: 5.20
AVG DIFF L2D_CACHE_INVAL: 0.01
[cur diff] DIFF LL_CACHE_RD: 0, DIFF LL_CACHE_MISS_RD: 0, MISS_RATE: 0.00%
[cur diff] DIFF L2D_CACHE_REFILL: 0
[cur diff] DIFF L2D_CACHE_INVAL: 0
[max diff] DIFF LL_CACHE_RD: 77, DIFF LL_CACHE_MISS_RD: 64, MISS_RATE: 83.12%
[max diff] DIFF L2D_CACHE_REFILL: 25
[max diff] DIFF L2D_CACHE_INVAL: 17

===========================================================
taskpendcnt:35283
t0:833 ns
t1:2000 ns
t2:30875 ns
benchmark: Franka-derived Cartesian-impedance kernel, input trace:8, timer period:10.000 ms
controller source: franka_ros2 jazzy@73a1501d, updates:35294, SVD sweeps:5
pose error:[0.010000 0.015000 0.010000 -0.000000 0.049979 -0.000000]
tau[0:6]:[1.228026 0.081850 0.819520 0.875435 0.745706 -0.833381 0.398995]
kernel exec min/avg/max: 28.58 / 29.22 / 31.21 us, samples:35286
pressure status:1, copy rounds total/window:2684/16, 7.52 rounds/s
pressure logical copy:26840.00 MiB total, approx 75.21 MiB/s, checksum:3574260039680
pressure report window:2.127265 s
t0_region>
[0]:30785
[1]:4485
[2]:18

t1_region>
[1]:31191
[2]:4011
[3]:87

t2_region>
[30]:21568
[31]:13203
[32]:514
[33]:2
[34]:2

t0_min: 0.50 us, round:11465
t0_max: 2.13 us, round:12062
t0_jitter: 1.63 us

t1_min: 1.38 us, round:405
t1_max: 3.33 us, round:32121
t1_jitter: 1.96 us

t2_min: 30.25 us, round:5613
t2_max: 34.46 us, round:382
t2_jitter: 4.21 us

PMU diff samples: 35292
AVG DIFF LL_CACHE_RD: 45.59
AVG DIFF LL_CACHE_MISS_RD: 26.16
AVG DIFF L2D_CACHE_REFILL: 5.20
AVG DIFF L2D_CACHE_INVAL: 0.01
[cur diff] DIFF LL_CACHE_RD: 0, DIFF LL_CACHE_MISS_RD: 0, MISS_RATE: 0.00%
[cur diff] DIFF L2D_CACHE_REFILL: 0
[cur diff] DIFF L2D_CACHE_INVAL: 0
[max diff] DIFF LL_CACHE_RD: 77, DIFF LL_CACHE_MISS_RD: 64, MISS_RATE: 83.12%
[max diff] DIFF L2D_CACHE_REFILL: 25
[max diff] DIFF L2D_CACHE_INVAL: 17

===========================================================
taskpendcnt:35496
t0:791 ns
t1:1666 ns
t2:31125 ns
benchmark: Franka-derived Cartesian-impedance kernel, input trace:8, timer period:10.000 ms
controller source: franka_ros2 jazzy@73a1501d, updates:35507, SVD sweeps:5
pose error:[0.010000 0.015000 0.010000 -0.000000 0.049979 -0.000000]
tau[0:6]:[-1.839419 -0.921560 -1.193198 -1.195971 -0.861243 0.113634 -0.461388]
kernel exec min/avg/max: 28.58 / 29.22 / 31.21 us, samples:35499
pressure status:1, copy rounds total/window:2701/17, 7.99 rounds/s
pressure logical copy:27010.00 MiB total, approx 79.88 MiB/s, checksum:3596898795520
pressure report window:2.128309 s
t0_region>
[0]:30966
[1]:4517
[2]:18

t1_region>
[1]:31382
[2]:4032
[3]:87

t2_region>
[30]:21692
[31]:13289
[32]:517
[33]:2
[34]:2

t0_min: 0.50 us, round:11465
t0_max: 2.13 us, round:12062
t0_jitter: 1.63 us

t1_min: 1.38 us, round:405
t1_max: 3.33 us, round:32121
t1_jitter: 1.96 us

t2_min: 30.25 us, round:5613
t2_max: 34.46 us, round:382
t2_jitter: 4.21 us

PMU diff samples: 35504
AVG DIFF LL_CACHE_RD: 45.59
AVG DIFF LL_CACHE_MISS_RD: 26.17
AVG DIFF L2D_CACHE_REFILL: 5.20
AVG DIFF L2D_CACHE_INVAL: 0.01
[cur diff] DIFF LL_CACHE_RD: 0, DIFF LL_CACHE_MISS_RD: 0, MISS_RATE: 0.00%
[cur diff] DIFF L2D_CACHE_REFILL: 0
[cur diff] DIFF L2D_CACHE_INVAL: 0
[max diff] DIFF LL_CACHE_RD: 77, DIFF LL_CACHE_MISS_RD: 64, MISS_RATE: 83.12%
[max diff] DIFF L2D_CACHE_REFILL: 25
[max diff] DIFF L2D_CACHE_INVAL: 17

===========================================================
taskpendcnt:35708
t0:750 ns
t1:1625 ns
t2:31083 ns
benchmark: Franka-derived Cartesian-impedance kernel, input trace:8, timer period:10.000 ms
controller source: franka_ros2 jazzy@73a1501d, updates:35720, SVD sweeps:5
pose error:[0.010000 0.015000 0.010000 -0.000000 0.049979 -0.000000]
tau[0:6]:[-0.567483 -0.552304 -0.482512 -0.231067 -0.297494 -0.656094 -0.085004]
kernel exec min/avg/max: 28.58 / 29.22 / 31.21 us, samples:35712
pressure status:1, copy rounds total/window:2717/16, 7.52 rounds/s
pressure logical copy:27170.00 MiB total, approx 75.19 MiB/s, checksum:3618205859840
pressure report window:2.127957 s
t0_region>
[0]:31153
[1]:4543
[2]:18

t1_region>
[1]:31568
[2]:4059
[3]:87

t2_region>
[30]:21812
[31]:13377
[32]:522
[33]:2
[34]:2

t0_min: 0.50 us, round:11465
t0_max: 2.13 us, round:12062
t0_jitter: 1.63 us

t1_min: 1.38 us, round:405
t1_max: 3.33 us, round:32121
t1_jitter: 1.96 us

t2_min: 30.25 us, round:5613
t2_max: 34.46 us, round:382
t2_jitter: 4.21 us

PMU diff samples: 35717
AVG DIFF LL_CACHE_RD: 45.58
AVG DIFF LL_CACHE_MISS_RD: 26.17
AVG DIFF L2D_CACHE_REFILL: 5.20
AVG DIFF L2D_CACHE_INVAL: 0.01
[cur diff] DIFF LL_CACHE_RD: 0, DIFF LL_CACHE_MISS_RD: 0, MISS_RATE: 0.00%
[cur diff] DIFF L2D_CACHE_REFILL: 0
[cur diff] DIFF L2D_CACHE_INVAL: 0
[max diff] DIFF LL_CACHE_RD: 77, DIFF LL_CACHE_MISS_RD: 64, MISS_RATE: 83.12%
[max diff] DIFF L2D_CACHE_REFILL: 25
[max diff] DIFF L2D_CACHE_INVAL: 17

===========================================================
taskpendcnt:35921
t0:916 ns
t1:1791 ns
t2:30958 ns
benchmark: Franka-derived Cartesian-impedance kernel, input trace:8, timer period:10.000 ms
controller source: franka_ros2 jazzy@73a1501d, updates:35932, SVD sweeps:5
pose error:[0.010000 0.015000 0.010000 -0.000000 0.049979 -0.000000]
tau[0:6]:[0.839771 0.130674 0.617691 0.624912 0.653099 -0.592692 0.265887]
kernel exec min/avg/max: 28.58 / 29.22 / 31.21 us, samples:35924
pressure status:1, copy rounds total/window:2733/16, 7.52 rounds/s
pressure logical copy:27330.00 MiB total, approx 75.21 MiB/s, checksum:3639512924160
pressure report window:2.127346 s
t0_region>
[0]:31334
[1]:4575
[2]:18

t1_region>
[1]:31753
[2]:4087
[3]:87

t2_region>
[30]:21932
[31]:13463
[32]:527
[33]:3
[34]:2

t0_min: 0.50 us, round:11465
t0_max: 2.13 us, round:12062
t0_jitter: 1.63 us

t1_min: 1.38 us, round:405
t1_max: 3.33 us, round:32121
t1_jitter: 1.96 us

t2_min: 30.25 us, round:5613
t2_max: 34.46 us, round:382
t2_jitter: 4.21 us

PMU diff samples: 35930
AVG DIFF LL_CACHE_RD: 45.58
AVG DIFF LL_CACHE_MISS_RD: 26.18
AVG DIFF L2D_CACHE_REFILL: 5.20
AVG DIFF L2D_CACHE_INVAL: 0.01
[cur diff] DIFF LL_CACHE_RD: 0, DIFF LL_CACHE_MISS_RD: 0, MISS_RATE: 0.00%
[cur diff] DIFF L2D_CACHE_REFILL: 0
[cur diff] DIFF L2D_CACHE_INVAL: 0
[max diff] DIFF LL_CACHE_RD: 77, DIFF LL_CACHE_MISS_RD: 64, MISS_RATE: 83.12%
[max diff] DIFF L2D_CACHE_REFILL: 25
[max diff] DIFF L2D_CACHE_INVAL: 17

===========================================================
taskpendcnt:36134
t0:875 ns
t1:1750 ns
t2:30625 ns
benchmark: Franka-derived Cartesian-impedance kernel, input trace:8, timer period:10.000 ms
controller source: franka_ros2 jazzy@73a1501d, updates:36145, SVD sweeps:5
pose error:[0.010000 0.015000 0.010000 -0.000000 0.049979 -0.000000]
tau[0:6]:[-2.781770 -1.613002 -1.930139 -1.581803 -1.382951 -0.390599 -0.663394]
kernel exec min/avg/max: 28.58 / 29.22 / 31.21 us, samples:36137
pressure status:1, copy rounds total/window:2749/16, 7.52 rounds/s
pressure logical copy:27490.00 MiB total, approx 75.17 MiB/s, checksum:3660819988480
pressure report window:2.128395 s
t0_region>
[0]:31516
[1]:4605
[2]:18

t1_region>
[1]:31946
[2]:4107
[3]:87

t2_region>
[30]:22072
[31]:13533
[32]:530
[33]:3
[34]:2

t0_min: 0.50 us, round:11465
t0_max: 2.13 us, round:12062
t0_jitter: 1.63 us

t1_min: 1.38 us, round:405
t1_max: 3.33 us, round:32121
t1_jitter: 1.96 us

t2_min: 30.25 us, round:5613
t2_max: 34.46 us, round:382
t2_jitter: 4.21 us

PMU diff samples: 36143
AVG DIFF LL_CACHE_RD: 45.58
AVG DIFF LL_CACHE_MISS_RD: 26.18
AVG DIFF L2D_CACHE_REFILL: 5.20
AVG DIFF L2D_CACHE_INVAL: 0.01
[cur diff] DIFF LL_CACHE_RD: 0, DIFF LL_CACHE_MISS_RD: 0, MISS_RATE: 0.00%
[cur diff] DIFF L2D_CACHE_REFILL: 0
[cur diff] DIFF L2D_CACHE_INVAL: 0
[max diff] DIFF LL_CACHE_RD: 77, DIFF LL_CACHE_MISS_RD: 64, MISS_RATE: 83.12%
[max diff] DIFF L2D_CACHE_REFILL: 25
[max diff] DIFF L2D_CACHE_INVAL: 17

===========================================================
taskpendcnt:36347
t0:1125 ns
t1:2000 ns
t2:31458 ns
benchmark: Franka-derived Cartesian-impedance kernel, input trace:8, timer period:10.000 ms
controller source: franka_ros2 jazzy@73a1501d, updates:36358, SVD sweeps:5
pose error:[0.010000 0.015000 0.010000 -0.000000 0.049979 -0.000000]
tau[0:6]:[1.228026 0.081850 0.819520 0.875435 0.745706 -0.833381 0.398995]
kernel exec min/avg/max: 28.58 / 29.22 / 31.21 us, samples:36350
pressure status:1, copy rounds total/window:2765/16, 7.52 rounds/s
pressure logical copy:27650.00 MiB total, approx 75.21 MiB/s, checksum:3682127052800
pressure report window:2.127440 s
t0_region>
[0]:31703
[1]:4631
[2]:18

t1_region>
[1]:32132
[2]:4134
[3]:87

t2_region>
[30]:22204
[31]:13614
[32]:530
[33]:3
[34]:2

t0_min: 0.50 us, round:11465
t0_max: 2.13 us, round:12062
t0_jitter: 1.63 us

t1_min: 1.38 us, round:405
t1_max: 3.33 us, round:32121
t1_jitter: 1.96 us

t2_min: 30.25 us, round:5613
t2_max: 34.46 us, round:382
t2_jitter: 4.21 us

PMU diff samples: 36356
AVG DIFF LL_CACHE_RD: 45.58
AVG DIFF LL_CACHE_MISS_RD: 26.17
AVG DIFF L2D_CACHE_REFILL: 5.20
AVG DIFF L2D_CACHE_INVAL: 0.01
[cur diff] DIFF LL_CACHE_RD: 0, DIFF LL_CACHE_MISS_RD: 0, MISS_RATE: 0.00%
[cur diff] DIFF L2D_CACHE_REFILL: 0
[cur diff] DIFF L2D_CACHE_INVAL: 0
[max diff] DIFF LL_CACHE_RD: 77, DIFF LL_CACHE_MISS_RD: 64, MISS_RATE: 83.12%
[max diff] DIFF L2D_CACHE_REFILL: 25
[max diff] DIFF L2D_CACHE_INVAL: 17

===========================================================
taskpendcnt:36560
t0:791 ns
t1:1666 ns
t2:30833 ns
benchmark: Franka-derived Cartesian-impedance kernel, input trace:8, timer period:10.000 ms
controller source: franka_ros2 jazzy@73a1501d, updates:36571, SVD sweeps:5
pose error:[0.010000 0.015000 0.010000 -0.000000 0.049979 -0.000000]
tau[0:6]:[-1.839419 -0.921560 -1.193198 -1.195971 -0.861243 0.113634 -0.461388]
kernel exec min/avg/max: 28.58 / 29.22 / 31.21 us, samples:36563
pressure status:1, copy rounds total/window:2781/16, 7.52 rounds/s
pressure logical copy:27810.00 MiB total, approx 75.18 MiB/s, checksum:3703434117120
pressure report window:2.128220 s
t0_region>
[0]:31892
[1]:4655
[2]:18

t1_region>
[1]:32323
[2]:4155
[3]:87

t2_region>
[30]:22333
[31]:13694
[32]:534
[33]:3
[34]:2

t0_min: 0.50 us, round:11465
t0_max: 2.13 us, round:12062
t0_jitter: 1.63 us

t1_min: 1.38 us, round:405
t1_max: 3.33 us, round:32121
t1_jitter: 1.96 us

t2_min: 30.25 us, round:5613
t2_max: 34.46 us, round:382
t2_jitter: 4.21 us

PMU diff samples: 36568
AVG DIFF LL_CACHE_RD: 45.58
AVG DIFF LL_CACHE_MISS_RD: 26.15
AVG DIFF L2D_CACHE_REFILL: 5.20
AVG DIFF L2D_CACHE_INVAL: 0.01
[cur diff] DIFF LL_CACHE_RD: 0, DIFF LL_CACHE_MISS_RD: 0, MISS_RATE: 0.00%
[cur diff] DIFF L2D_CACHE_REFILL: 0
[cur diff] DIFF L2D_CACHE_INVAL: 0
[max diff] DIFF LL_CACHE_RD: 77, DIFF LL_CACHE_MISS_RD: 64, MISS_RATE: 83.12%
[max diff] DIFF L2D_CACHE_REFILL: 25
[max diff] DIFF L2D_CACHE_INVAL: 17

===========================================================
taskpendcnt:36772
t0:958 ns
t1:1916 ns
t2:31083 ns
benchmark: Franka-derived Cartesian-impedance kernel, input trace:8, timer period:10.000 ms
controller source: franka_ros2 jazzy@73a1501d, updates:36784, SVD sweeps:5
pose error:[0.010000 0.015000 0.010000 -0.000000 0.049979 -0.000000]
tau[0:6]:[-0.567483 -0.552304 -0.482512 -0.231067 -0.297494 -0.656094 -0.085004]
kernel exec min/avg/max: 28.58 / 29.22 / 31.21 us, samples:36776
pressure status:1, copy rounds total/window:2798/17, 7.99 rounds/s
pressure logical copy:27980.00 MiB total, approx 79.89 MiB/s, checksum:3726072872960
pressure report window:2.127973 s
t0_region>
[0]:32073
[1]:4687
[2]:18

t1_region>
[1]:32498
[2]:4193
[3]:87

t2_region>
[30]:22451
[31]:13787
[32]:536
[33]:3
[34]:2

t0_min: 0.50 us, round:11465
t0_max: 2.13 us, round:12062
t0_jitter: 1.63 us

t1_min: 1.38 us, round:405
t1_max: 3.33 us, round:32121
t1_jitter: 1.96 us

t2_min: 30.25 us, round:5613
t2_max: 34.46 us, round:382
t2_jitter: 4.21 us

PMU diff samples: 36781
AVG DIFF LL_CACHE_RD: 45.57
AVG DIFF LL_CACHE_MISS_RD: 26.15
AVG DIFF L2D_CACHE_REFILL: 5.20
AVG DIFF L2D_CACHE_INVAL: 0.01
[cur diff] DIFF LL_CACHE_RD: 0, DIFF LL_CACHE_MISS_RD: 0, MISS_RATE: 0.00%
[cur diff] DIFF L2D_CACHE_REFILL: 0
[cur diff] DIFF L2D_CACHE_INVAL: 0
[max diff] DIFF LL_CACHE_RD: 77, DIFF LL_CACHE_MISS_RD: 64, MISS_RATE: 83.12%
[max diff] DIFF L2D_CACHE_REFILL: 25
[max diff] DIFF L2D_CACHE_INVAL: 17

===========================================================
taskpendcnt:36985
t0:625 ns
t1:1500 ns
t2:30666 ns
benchmark: Franka-derived Cartesian-impedance kernel, input trace:8, timer period:10.000 ms
controller source: franka_ros2 jazzy@73a1501d, updates:36996, SVD sweeps:5
pose error:[0.010000 0.015000 0.010000 -0.000000 0.049979 -0.000000]
tau[0:6]:[0.839771 0.130674 0.617691 0.624912 0.653099 -0.592692 0.265887]
kernel exec min/avg/max: 28.58 / 29.22 / 31.21 us, samples:36988
pressure status:1, copy rounds total/window:2814/16, 7.52 rounds/s
pressure logical copy:28140.00 MiB total, approx 75.21 MiB/s, checksum:3747379937280
pressure report window:2.127350 s
t0_region>
[0]:32254
[1]:4719
[2]:18

t1_region>
[1]:32689
[2]:4214
[3]:88

t2_region>
[30]:22570
[31]:13875
[32]:541
[33]:3
[34]:2

t0_min: 0.50 us, round:11465
t0_max: 2.13 us, round:12062
t0_jitter: 1.63 us

t1_min: 1.38 us, round:405
t1_max: 3.33 us, round:32121
t1_jitter: 1.96 us

t2_min: 30.25 us, round:5613
t2_max: 34.46 us, round:382
t2_jitter: 4.21 us

PMU diff samples: 36994
AVG DIFF LL_CACHE_RD: 45.56
AVG DIFF LL_CACHE_MISS_RD: 26.15
AVG DIFF L2D_CACHE_REFILL: 5.20
AVG DIFF L2D_CACHE_INVAL: 0.01
[cur diff] DIFF LL_CACHE_RD: 0, DIFF LL_CACHE_MISS_RD: 0, MISS_RATE: 0.00%
[cur diff] DIFF L2D_CACHE_REFILL: 0
[cur diff] DIFF L2D_CACHE_INVAL: 0
[max diff] DIFF LL_CACHE_RD: 77, DIFF LL_CACHE_MISS_RD: 64, MISS_RATE: 83.12%
[max diff] DIFF L2D_CACHE_REFILL: 25
[max diff] DIFF L2D_CACHE_INVAL: 17

===========================================================
taskpendcnt:37198
t0:875 ns
t1:1750 ns
t2:30916 ns
benchmark: Franka-derived Cartesian-impedance kernel, input trace:8, timer period:10.000 ms
controller source: franka_ros2 jazzy@73a1501d, updates:37209, SVD sweeps:5
pose error:[0.010000 0.015000 0.010000 -0.000000 0.049979 -0.000000]
tau[0:6]:[-2.781770 -1.613002 -1.930139 -1.581803 -1.382951 -0.390599 -0.663394]
kernel exec min/avg/max: 28.58 / 29.22 / 31.21 us, samples:37201
pressure status:1, copy rounds total/window:2830/16, 7.52 rounds/s
pressure logical copy:28300.00 MiB total, approx 75.17 MiB/s, checksum:3768687001600
pressure report window:2.128395 s
t0_region>
[0]:32436
[1]:4750
[2]:18

t1_region>
[1]:32874
[2]:4241
[3]:89

t2_region>
[30]:22688
[31]:13966
[32]:545
[33]:3
[34]:2

t0_min: 0.50 us, round:11465
t0_max: 2.13 us, round:12062
t0_jitter: 1.63 us

t1_min: 1.38 us, round:405
t1_max: 3.33 us, round:32121
t1_jitter: 1.96 us

t2_min: 30.25 us, round:5613
t2_max: 34.46 us, round:382
t2_jitter: 4.21 us

PMU diff samples: 37207
AVG DIFF LL_CACHE_RD: 45.56
AVG DIFF LL_CACHE_MISS_RD: 26.17
AVG DIFF L2D_CACHE_REFILL: 5.21
AVG DIFF L2D_CACHE_INVAL: 0.01
[cur diff] DIFF LL_CACHE_RD: 0, DIFF LL_CACHE_MISS_RD: 0, MISS_RATE: 0.00%
[cur diff] DIFF L2D_CACHE_REFILL: 0
[cur diff] DIFF L2D_CACHE_INVAL: 0
[max diff] DIFF LL_CACHE_RD: 77, DIFF LL_CACHE_MISS_RD: 64, MISS_RATE: 83.12%
[max diff] DIFF L2D_CACHE_REFILL: 25
[max diff] DIFF L2D_CACHE_INVAL: 17

===========================================================
taskpendcnt:37411
t0:833 ns
t1:1708 ns
t2:30875 ns
benchmark: Franka-derived Cartesian-impedance kernel, input trace:8, timer period:10.000 ms
controller source: franka_ros2 jazzy@73a1501d, updates:37422, SVD sweeps:5
pose error:[0.010000 0.015000 0.010000 -0.000000 0.049979 -0.000000]
tau[0:6]:[1.228026 0.081850 0.819520 0.875435 0.745706 -0.833381 0.398995]
kernel exec min/avg/max: 28.58 / 29.22 / 31.21 us, samples:37414
pressure status:1, copy rounds total/window:2846/16, 7.52 rounds/s
pressure logical copy:28460.00 MiB total, approx 75.21 MiB/s, checksum:3789994065920
pressure report window:2.127349 s
t0_region>
[0]:32619
[1]:4779
[2]:18

t1_region>
[1]:33065
[2]:4263
[3]:89

t2_region>
[30]:22812
[31]:14051
[32]:549
[33]:3
[34]:2

t0_min: 0.50 us, round:11465
t0_max: 2.13 us, round:12062
t0_jitter: 1.63 us

t1_min: 1.38 us, round:405
t1_max: 3.33 us, round:32121
t1_jitter: 1.96 us

t2_min: 30.25 us, round:5613
t2_max: 34.46 us, round:382
t2_jitter: 4.21 us

PMU diff samples: 37419
AVG DIFF LL_CACHE_RD: 45.56
AVG DIFF LL_CACHE_MISS_RD: 26.18
AVG DIFF L2D_CACHE_REFILL: 5.21
AVG DIFF L2D_CACHE_INVAL: 0.01
[cur diff] DIFF LL_CACHE_RD: 0, DIFF LL_CACHE_MISS_RD: 0, MISS_RATE: 0.00%
[cur diff] DIFF L2D_CACHE_REFILL: 0
[cur diff] DIFF L2D_CACHE_INVAL: 0
[max diff] DIFF LL_CACHE_RD: 77, DIFF LL_CACHE_MISS_RD: 64, MISS_RATE: 83.12%
[max diff] DIFF L2D_CACHE_REFILL: 25
[max diff] DIFF L2D_CACHE_INVAL: 17

===========================================================
taskpendcnt:37623
t0:1083 ns
t1:1666 ns
t2:31125 ns
benchmark: Franka-derived Cartesian-impedance kernel, input trace:8, timer period:10.000 ms
controller source: franka_ros2 jazzy@73a1501d, updates:37635, SVD sweeps:5
pose error:[0.010000 0.015000 0.010000 -0.000000 0.049979 -0.000000]
tau[0:6]:[-1.839419 -0.921560 -1.193198 -1.195971 -0.861243 0.113634 -0.461388]
kernel exec min/avg/max: 28.58 / 29.22 / 31.21 us, samples:37627
pressure status:1, copy rounds total/window:2862/16, 7.52 rounds/s
pressure logical copy:28620.00 MiB total, approx 75.17 MiB/s, checksum:3811301130240
pressure report window:2.128394 s
t0_region>
[0]:32799
[1]:4811
[2]:19

t1_region>
[1]:33252
[2]:4287
[3]:90

t2_region>
[30]:22926
[31]:14146
[32]:553
[33]:3
[34]:2

t0_min: 0.50 us, round:11465
t0_max: 2.13 us, round:12062
t0_jitter: 1.63 us

t1_min: 1.38 us, round:405
t1_max: 3.33 us, round:32121
t1_jitter: 1.96 us

t2_min: 30.25 us, round:5613
t2_max: 34.46 us, round:382
t2_jitter: 4.21 us

PMU diff samples: 37632
AVG DIFF LL_CACHE_RD: 45.54
AVG DIFF LL_CACHE_MISS_RD: 26.15
AVG DIFF L2D_CACHE_REFILL: 5.21
AVG DIFF L2D_CACHE_INVAL: 0.01
[cur diff] DIFF LL_CACHE_RD: 0, DIFF LL_CACHE_MISS_RD: 0, MISS_RATE: 0.00%
[cur diff] DIFF L2D_CACHE_REFILL: 0
[cur diff] DIFF L2D_CACHE_INVAL: 0
[max diff] DIFF LL_CACHE_RD: 77, DIFF LL_CACHE_MISS_RD: 64, MISS_RATE: 83.12%
[max diff] DIFF L2D_CACHE_REFILL: 25
[max diff] DIFF L2D_CACHE_INVAL: 17

===========================================================
taskpendcnt:37836
t0:666 ns
t1:1833 ns
t2:30791 ns
benchmark: Franka-derived Cartesian-impedance kernel, input trace:8, timer period:10.000 ms
controller source: franka_ros2 jazzy@73a1501d, updates:37847, SVD sweeps:5
pose error:[0.010000 0.015000 0.010000 -0.000000 0.049979 -0.000000]
tau[0:6]:[-0.567483 -0.552304 -0.482512 -0.231067 -0.297494 -0.656094 -0.085004]
kernel exec min/avg/max: 28.58 / 29.22 / 31.21 us, samples:37839
pressure status:1, copy rounds total/window:2878/16, 7.52 rounds/s
pressure logical copy:28780.00 MiB total, approx 75.19 MiB/s, checksum:3832608194560
pressure report window:2.127873 s
t0_region>
[0]:32991
[1]:4831
[2]:20

t1_region>
[1]:33446
[2]:4306
[3]:90

t2_region>
[30]:23049
[31]:14232
[32]:557
[33]:3
[34]:2

t0_min: 0.50 us, round:11465
t0_max: 2.13 us, round:12062
t0_jitter: 1.63 us

t1_min: 1.38 us, round:405
t1_max: 3.33 us, round:32121
t1_jitter: 1.96 us

t2_min: 30.25 us, round:5613
t2_max: 34.46 us, round:382
t2_jitter: 4.21 us

PMU diff samples: 37845
AVG DIFF LL_CACHE_RD: 45.56
AVG DIFF LL_CACHE_MISS_RD: 26.15
AVG DIFF L2D_CACHE_REFILL: 5.21
AVG DIFF L2D_CACHE_INVAL: 0.01
[cur diff] DIFF LL_CACHE_RD: 0, DIFF LL_CACHE_MISS_RD: 0, MISS_RATE: 0.00%
[cur diff] DIFF L2D_CACHE_REFILL: 0
[cur diff] DIFF L2D_CACHE_INVAL: 0
[max diff] DIFF LL_CACHE_RD: 77, DIFF LL_CACHE_MISS_RD: 64, MISS_RATE: 83.12%
[max diff] DIFF L2D_CACHE_REFILL: 25
[max diff] DIFF L2D_CACHE_INVAL: 17

===========================================================
taskpendcnt:38049
t0:916 ns
t1:1791 ns
t2:30666 ns
benchmark: Franka-derived Cartesian-impedance kernel, input trace:8, timer period:10.000 ms
controller source: franka_ros2 jazzy@73a1501d, updates:38060, SVD sweeps:5
pose error:[0.010000 0.015000 0.010000 -0.000000 0.049979 -0.000000]
tau[0:6]:[0.839771 0.130674 0.617691 0.624912 0.653099 -0.592692 0.265887]
kernel exec min/avg/max: 28.58 / 29.22 / 31.21 us, samples:38052
pressure status:1, copy rounds total/window:2895/17, 7.99 rounds/s
pressure logical copy:28950.00 MiB total, approx 79.91 MiB/s, checksum:3855246950400
pressure report window:2.127351 s
t0_region>
[0]:33181
[1]:4853
[2]:21

t1_region>
[1]:33633
[2]:4331
[3]:91

t2_region>
[30]:23164
[31]:14325
[32]:561
[33]:3
[34]:2

t0_min: 0.50 us, round:11465
t0_max: 2.13 us, round:12062
t0_jitter: 1.63 us

t1_min: 1.38 us, round:405
t1_max: 3.33 us, round:32121
t1_jitter: 1.96 us

t2_min: 30.25 us, round:5613
t2_max: 34.46 us, round:382
t2_jitter: 4.21 us

PMU diff samples: 38058
AVG DIFF LL_CACHE_RD: 45.56
AVG DIFF LL_CACHE_MISS_RD: 26.16
AVG DIFF L2D_CACHE_REFILL: 5.21
AVG DIFF L2D_CACHE_INVAL: 0.01
[cur diff] DIFF LL_CACHE_RD: 0, DIFF LL_CACHE_MISS_RD: 0, MISS_RATE: 0.00%
[cur diff] DIFF L2D_CACHE_REFILL: 0
[cur diff] DIFF L2D_CACHE_INVAL: 0
[max diff] DIFF LL_CACHE_RD: 77, DIFF LL_CACHE_MISS_RD: 64, MISS_RATE: 83.12%
[max diff] DIFF L2D_CACHE_REFILL: 25
[max diff] DIFF L2D_CACHE_INVAL: 17

===========================================================
taskpendcnt:38262
t0:875 ns
t1:1750 ns
t2:30916 ns
benchmark: Franka-derived Cartesian-impedance kernel, input trace:8, timer period:10.000 ms
controller source: franka_ros2 jazzy@73a1501d, updates:38273, SVD sweeps:5
pose error:[0.010000 0.015000 0.010000 -0.000000 0.049979 -0.000000]
tau[0:6]:[-2.781770 -1.613002 -1.930139 -1.581803 -1.382951 -0.390599 -0.663394]
kernel exec min/avg/max: 28.58 / 29.22 / 31.21 us, samples:38265
pressure status:1, copy rounds total/window:2911/16, 7.52 rounds/s
pressure logical copy:29110.00 MiB total, approx 75.17 MiB/s, checksum:3876554014720
pressure report window:2.128402 s
t0_region>
[0]:33367
[1]:4879
[2]:21

t1_region>
[1]:33823
[2]:4354
[3]:91

t2_region>
[30]:23295
[31]:14404
[32]:564
[33]:3
[34]:2

t0_min: 0.50 us, round:11465
t0_max: 2.13 us, round:12062
t0_jitter: 1.63 us

t1_min: 1.38 us, round:405
t1_max: 3.33 us, round:32121
t1_jitter: 1.96 us

t2_min: 30.25 us, round:5613
t2_max: 34.46 us, round:382
t2_jitter: 4.21 us

PMU diff samples: 38271
AVG DIFF LL_CACHE_RD: 45.56
AVG DIFF LL_CACHE_MISS_RD: 26.15
AVG DIFF L2D_CACHE_REFILL: 5.20
AVG DIFF L2D_CACHE_INVAL: 0.01
[cur diff] DIFF LL_CACHE_RD: 0, DIFF LL_CACHE_MISS_RD: 0, MISS_RATE: 0.00%
[cur diff] DIFF L2D_CACHE_REFILL: 0
[cur diff] DIFF L2D_CACHE_INVAL: 0
[max diff] DIFF LL_CACHE_RD: 77, DIFF LL_CACHE_MISS_RD: 64, MISS_RATE: 83.12%
[max diff] DIFF L2D_CACHE_REFILL: 25
[max diff] DIFF L2D_CACHE_INVAL: 17

===========================================================
taskpendcnt:38475
t0:833 ns
t1:1708 ns
t2:30875 ns
benchmark: Franka-derived Cartesian-impedance kernel, input trace:8, timer period:10.000 ms
controller source: franka_ros2 jazzy@73a1501d, updates:38486, SVD sweeps:5
pose error:[0.010000 0.015000 0.010000 -0.000000 0.049979 -0.000000]
tau[0:6]:[1.228026 0.081850 0.819520 0.875435 0.745706 -0.833381 0.398995]
kernel exec min/avg/max: 28.58 / 29.22 / 31.21 us, samples:38478
pressure status:1, copy rounds total/window:2927/16, 7.52 rounds/s
pressure logical copy:29270.00 MiB total, approx 75.21 MiB/s, checksum:3897861079040
pressure report window:2.127362 s
t0_region>
[0]:33551
[1]:4908
[2]:21

t1_region>
[1]:34007
[2]:4382
[3]:91

t2_region>
[30]:23423
[31]:14488
[32]:565
[33]:3
[34]:2

t0_min: 0.50 us, round:11465
t0_max: 2.13 us, round:12062
t0_jitter: 1.63 us

t1_min: 1.38 us, round:405
t1_max: 3.33 us, round:32121
t1_jitter: 1.96 us

t2_min: 30.25 us, round:5613
t2_max: 34.46 us, round:382
t2_jitter: 4.21 us

PMU diff samples: 38483
AVG DIFF LL_CACHE_RD: 45.57
AVG DIFF LL_CACHE_MISS_RD: 26.15
AVG DIFF L2D_CACHE_REFILL: 5.21
AVG DIFF L2D_CACHE_INVAL: 0.01
[cur diff] DIFF LL_CACHE_RD: 0, DIFF LL_CACHE_MISS_RD: 0, MISS_RATE: 0.00%
[cur diff] DIFF L2D_CACHE_REFILL: 0
[cur diff] DIFF L2D_CACHE_INVAL: 0
[max diff] DIFF LL_CACHE_RD: 77, DIFF LL_CACHE_MISS_RD: 64, MISS_RATE: 83.12%
[max diff] DIFF L2D_CACHE_REFILL: 25
[max diff] DIFF L2D_CACHE_INVAL: 17

===========================================================
taskpendcnt:38687
t0:1666 ns
t1:2541 ns
t2:32000 ns
benchmark: Franka-derived Cartesian-impedance kernel, input trace:8, timer period:10.000 ms
controller source: franka_ros2 jazzy@73a1501d, updates:38699, SVD sweeps:5
pose error:[0.010000 0.015000 0.010000 -0.000000 0.049979 -0.000000]
tau[0:6]:[-1.839419 -0.921560 -1.193198 -1.195971 -0.861243 0.113634 -0.461388]
kernel exec min/avg/max: 28.58 / 29.22 / 31.21 us, samples:38691
pressure status:1, copy rounds total/window:2943/16, 7.52 rounds/s
pressure logical copy:29430.00 MiB total, approx 75.17 MiB/s, checksum:3919168143360
pressure report window:2.128394 s
t0_region>
[0]:33733
[1]:4939
[2]:21

t1_region>
[1]:34198
[2]:4404
[3]:91

t2_region>
[30]:23575
[31]:14545
[32]:569
[33]:3
[34]:2

t0_min: 0.50 us, round:11465
t0_max: 2.13 us, round:12062
t0_jitter: 1.63 us

t1_min: 1.38 us, round:405
t1_max: 3.33 us, round:32121
t1_jitter: 1.96 us

t2_min: 30.25 us, round:5613
t2_max: 34.46 us, round:382
t2_jitter: 4.21 us

PMU diff samples: 38696
AVG DIFF LL_CACHE_RD: 45.56
AVG DIFF LL_CACHE_MISS_RD: 26.12
AVG DIFF L2D_CACHE_REFILL: 5.20
AVG DIFF L2D_CACHE_INVAL: 0.01
[cur diff] DIFF LL_CACHE_RD: 0, DIFF LL_CACHE_MISS_RD: 0, MISS_RATE: 0.00%
[cur diff] DIFF L2D_CACHE_REFILL: 0
[cur diff] DIFF L2D_CACHE_INVAL: 0
[max diff] DIFF LL_CACHE_RD: 77, DIFF LL_CACHE_MISS_RD: 64, MISS_RATE: 83.12%
[max diff] DIFF L2D_CACHE_REFILL: 25
[max diff] DIFF L2D_CACHE_INVAL: 17

===========================================================
taskpendcnt:38900
t0:666 ns
t1:1541 ns
t2:30791 ns
benchmark: Franka-derived Cartesian-impedance kernel, input trace:8, timer period:10.000 ms
controller source: franka_ros2 jazzy@73a1501d, updates:38911, SVD sweeps:5
pose error:[0.010000 0.015000 0.010000 -0.000000 0.049979 -0.000000]
tau[0:6]:[-0.567483 -0.552304 -0.482512 -0.231067 -0.297494 -0.656094 -0.085004]
kernel exec min/avg/max: 28.58 / 29.22 / 31.21 us, samples:38903
pressure status:1, copy rounds total/window:2959/16, 7.52 rounds/s
pressure logical copy:29590.00 MiB total, approx 75.19 MiB/s, checksum:3940475207680
pressure report window:2.127872 s
t0_region>
[0]:33923
[1]:4962
[2]:21

t1_region>
[1]:34393
[2]:4422
[3]:91

t2_region>
[30]:23728
[31]:14602
[32]:571
[33]:3
[34]:2

t0_min: 0.50 us, round:11465
t0_max: 2.13 us, round:12062
t0_jitter: 1.63 us

t1_min: 1.38 us, round:405
t1_max: 3.33 us, round:32121
t1_jitter: 1.96 us

t2_min: 30.25 us, round:5613
t2_max: 34.46 us, round:382
t2_jitter: 4.21 us

PMU diff samples: 38909
AVG DIFF LL_CACHE_RD: 45.55
AVG DIFF LL_CACHE_MISS_RD: 26.11
AVG DIFF L2D_CACHE_REFILL: 5.20
AVG DIFF L2D_CACHE_INVAL: 0.01
[cur diff] DIFF LL_CACHE_RD: 0, DIFF LL_CACHE_MISS_RD: 0, MISS_RATE: 0.00%
[cur diff] DIFF L2D_CACHE_REFILL: 0
[cur diff] DIFF L2D_CACHE_INVAL: 0
[max diff] DIFF LL_CACHE_RD: 77, DIFF LL_CACHE_MISS_RD: 64, MISS_RATE: 83.12%
[max diff] DIFF L2D_CACHE_REFILL: 25
[max diff] DIFF L2D_CACHE_INVAL: 17

===========================================================
taskpendcnt:39113
t0:916 ns
t1:1791 ns
t2:30958 ns
benchmark: Franka-derived Cartesian-impedance kernel, input trace:8, timer period:10.000 ms
controller source: franka_ros2 jazzy@73a1501d, updates:39124, SVD sweeps:5
pose error:[0.010000 0.015000 0.010000 -0.000000 0.049979 -0.000000]
tau[0:6]:[-0.274004 -0.324180 0.001577 -0.231466 0.050986 -0.328952 0.010844]
kernel exec min/avg/max: 28.58 / 29.22 / 31.21 us, samples:39116
pressure status:1, copy rounds total/window:2976/17, 7.99 rounds/s
pressure logical copy:29760.00 MiB total, approx 79.90 MiB/s, checksum:3963113963520
pressure report window:2.127607 s
t0_region>
[0]:34102
[1]:4995
[2]:21

t1_region>
[1]:34579
[2]:4448
[3]:92

t2_region>
[30]:23873
[31]:14667
[32]:574
[33]:3
[34]:2

t0_min: 0.50 us, round:11465
t0_max: 2.13 us, round:12062
t0_jitter: 1.63 us

t1_min: 1.38 us, round:405
t1_max: 3.33 us, round:32121
t1_jitter: 1.96 us

t2_min: 30.25 us, round:5613
t2_max: 34.46 us, round:382
t2_jitter: 4.21 us

PMU diff samples: 39122
AVG DIFF LL_CACHE_RD: 45.55
AVG DIFF LL_CACHE_MISS_RD: 26.12
AVG DIFF L2D_CACHE_REFILL: 5.20
AVG DIFF L2D_CACHE_INVAL: 0.01
[cur diff] DIFF LL_CACHE_RD: 0, DIFF LL_CACHE_MISS_RD: 0, MISS_RATE: 0.00%
[cur diff] DIFF L2D_CACHE_REFILL: 0
[cur diff] DIFF L2D_CACHE_INVAL: 0
[max diff] DIFF LL_CACHE_RD: 77, DIFF LL_CACHE_MISS_RD: 64, MISS_RATE: 83.12%
[max diff] DIFF L2D_CACHE_REFILL: 25
[max diff] DIFF L2D_CACHE_INVAL: 17

===========================================================
taskpendcnt:39326
t0:875 ns
t1:2041 ns
t2:31208 ns
benchmark: Franka-derived Cartesian-impedance kernel, input trace:8, timer period:10.000 ms
controller source: franka_ros2 jazzy@73a1501d, updates:39337, SVD sweeps:5
pose error:[0.010000 0.015000 0.010000 -0.000000 0.049979 -0.000000]
tau[0:6]:[-2.781770 -1.613002 -1.930139 -1.581803 -1.382951 -0.390599 -0.663394]
kernel exec min/avg/max: 28.58 / 29.22 / 31.21 us, samples:39329
pressure status:1, copy rounds total/window:2992/16, 7.52 rounds/s
pressure logical copy:29920.00 MiB total, approx 75.18 MiB/s, checksum:3984421027840
pressure report window:2.128134 s
t0_region>
[0]:34292
[1]:5018
[2]:21

t1_region>
[1]:34766
[2]:4474
[3]:92

t2_region>
[30]:23989
[31]:14757
[32]:581
[33]:3
[34]:2

t0_min: 0.50 us, round:11465
t0_max: 2.13 us, round:12062
t0_jitter: 1.63 us

t1_min: 1.33 us, round:39328
t1_max: 3.33 us, round:32121
t1_jitter: 2.00 us

t2_min: 30.25 us, round:5613
t2_max: 34.46 us, round:382
t2_jitter: 4.21 us

PMU diff samples: 39335
AVG DIFF LL_CACHE_RD: 45.55
AVG DIFF LL_CACHE_MISS_RD: 26.13
AVG DIFF L2D_CACHE_REFILL: 5.20
AVG DIFF L2D_CACHE_INVAL: 0.01
[cur diff] DIFF LL_CACHE_RD: 0, DIFF LL_CACHE_MISS_RD: 0, MISS_RATE: 0.00%
[cur diff] DIFF L2D_CACHE_REFILL: 0
[cur diff] DIFF L2D_CACHE_INVAL: 0
[max diff] DIFF LL_CACHE_RD: 77, DIFF LL_CACHE_MISS_RD: 64, MISS_RATE: 83.12%
[max diff] DIFF L2D_CACHE_REFILL: 25
[max diff] DIFF L2D_CACHE_INVAL: 17

===========================================================
taskpendcnt:39539
t0:833 ns
t1:1708 ns
t2:31166 ns
benchmark: Franka-derived Cartesian-impedance kernel, input trace:8, timer period:10.000 ms
controller source: franka_ros2 jazzy@73a1501d, updates:39550, SVD sweeps:5
pose error:[0.010000 0.015000 0.010000 -0.000000 0.049979 -0.000000]
tau[0:6]:[1.228026 0.081850 0.819520 0.875435 0.745706 -0.833381 0.398995]
kernel exec min/avg/max: 28.58 / 29.22 / 31.21 us, samples:39542
pressure status:1, copy rounds total/window:3008/16, 7.52 rounds/s
pressure logical copy:30080.00 MiB total, approx 75.21 MiB/s, checksum:4005728092160
pressure report window:2.127347 s
t0_region>
[0]:34483
[1]:5039
[2]:22

t1_region>
[1]:34954
[2]:4497
[3]:93

t2_region>
[30]:24112
[31]:14840
[32]:588
[33]:3
[34]:2

t0_min: 0.50 us, round:11465
t0_max: 2.13 us, round:12062
t0_jitter: 1.63 us

t1_min: 1.33 us, round:39328
t1_max: 3.33 us, round:32121
t1_jitter: 2.00 us

t2_min: 30.25 us, round:5613
t2_max: 34.46 us, round:382
t2_jitter: 4.21 us

PMU diff samples: 39547
AVG DIFF LL_CACHE_RD: 45.56
AVG DIFF LL_CACHE_MISS_RD: 26.14
AVG DIFF L2D_CACHE_REFILL: 5.20
AVG DIFF L2D_CACHE_INVAL: 0.01
[cur diff] DIFF LL_CACHE_RD: 0, DIFF LL_CACHE_MISS_RD: 0, MISS_RATE: 0.00%
[cur diff] DIFF L2D_CACHE_REFILL: 0
[cur diff] DIFF L2D_CACHE_INVAL: 0
[max diff] DIFF LL_CACHE_RD: 77, DIFF LL_CACHE_MISS_RD: 64, MISS_RATE: 83.12%
[max diff] DIFF L2D_CACHE_REFILL: 25
[max diff] DIFF L2D_CACHE_INVAL: 17

===========================================================
taskpendcnt:39751
t0:708 ns
t1:1666 ns
t2:30833 ns
benchmark: Franka-derived Cartesian-impedance kernel, input trace:8, timer period:10.000 ms
controller source: franka_ros2 jazzy@73a1501d, updates:39763, SVD sweeps:5
pose error:[0.010000 0.015000 0.010000 -0.000000 0.049979 -0.000000]
tau[0:6]:[-1.839419 -0.921560 -1.193198 -1.195971 -0.861243 0.113634 -0.461388]
kernel exec min/avg/max: 28.58 / 29.22 / 31.21 us, samples:39755
pressure status:1, copy rounds total/window:3024/16, 7.52 rounds/s
pressure logical copy:30240.00 MiB total, approx 75.18 MiB/s, checksum:4027035156480
pressure report window:2.128312 s
t0_region>
[0]:34673
[1]:5062
[2]:22

t1_region>
[1]:35147
[2]:4517
[3]:93

t2_region>
[30]:24237
[31]:14928
[32]:588
[33]:3
[34]:2

t0_min: 0.50 us, round:11465
t0_max: 2.13 us, round:12062
t0_jitter: 1.63 us

t1_min: 1.33 us, round:39328
t1_max: 3.33 us, round:32121
t1_jitter: 2.00 us

t2_min: 30.25 us, round:5613
t2_max: 34.46 us, round:382
t2_jitter: 4.21 us

PMU diff samples: 39760
AVG DIFF LL_CACHE_RD: 45.56
AVG DIFF LL_CACHE_MISS_RD: 26.14
AVG DIFF L2D_CACHE_REFILL: 5.20
AVG DIFF L2D_CACHE_INVAL: 0.01
[cur diff] DIFF LL_CACHE_RD: 0, DIFF LL_CACHE_MISS_RD: 0, MISS_RATE: 0.00%
[cur diff] DIFF L2D_CACHE_REFILL: 0
[cur diff] DIFF L2D_CACHE_INVAL: 0
[max diff] DIFF LL_CACHE_RD: 77, DIFF LL_CACHE_MISS_RD: 64, MISS_RATE: 83.12%
[max diff] DIFF L2D_CACHE_REFILL: 25
[max diff] DIFF L2D_CACHE_INVAL: 17

===========================================================
taskpendcnt:39964
t0:1541 ns
t1:3000 ns
t2:31875 ns
benchmark: Franka-derived Cartesian-impedance kernel, input trace:8, timer period:10.000 ms
controller source: franka_ros2 jazzy@73a1501d, updates:39975, SVD sweeps:5
pose error:[0.010000 0.015000 0.010000 -0.000000 0.049979 -0.000000]
tau[0:6]:[-0.567483 -0.552304 -0.482512 -0.231067 -0.297494 -0.656094 -0.085004]
kernel exec min/avg/max: 28.58 / 29.22 / 31.21 us, samples:39967
pressure status:1, copy rounds total/window:3040/16, 7.52 rounds/s
pressure logical copy:30400.00 MiB total, approx 75.19 MiB/s, checksum:4048342220800
pressure report window:2.128050 s
t0_region>
[0]:34853
[1]:5094
[2]:23

t1_region>
[1]:35337
[2]:4536
[3]:97

t2_region>
[30]:24353
[31]:15019
[32]:593
[33]:3
[34]:2

t0_min: 0.50 us, round:11465
t0_max: 2.13 us, round:12062
t0_jitter: 1.63 us

t1_min: 1.33 us, round:39328
t1_max: 3.33 us, round:32121
t1_jitter: 2.00 us

t2_min: 30.25 us, round:5613
t2_max: 34.46 us, round:382
t2_jitter: 4.21 us

PMU diff samples: 39973
AVG DIFF LL_CACHE_RD: 45.56
AVG DIFF LL_CACHE_MISS_RD: 26.13
AVG DIFF L2D_CACHE_REFILL: 5.20
AVG DIFF L2D_CACHE_INVAL: 0.01
[cur diff] DIFF LL_CACHE_RD: 0, DIFF LL_CACHE_MISS_RD: 0, MISS_RATE: 0.00%
[cur diff] DIFF L2D_CACHE_REFILL: 0
[cur diff] DIFF L2D_CACHE_INVAL: 0
[max diff] DIFF LL_CACHE_RD: 77, DIFF LL_CACHE_MISS_RD: 64, MISS_RATE: 83.12%
[max diff] DIFF L2D_CACHE_REFILL: 25
[max diff] DIFF L2D_CACHE_INVAL: 17

===========================================================
taskpendcnt:40177
t0:625 ns
t1:1791 ns
t2:30958 ns
benchmark: Franka-derived Cartesian-impedance kernel, input trace:8, timer period:10.000 ms
controller source: franka_ros2 jazzy@73a1501d, updates:40188, SVD sweeps:5
pose error:[0.010000 0.015000 0.010000 -0.000000 0.049979 -0.000000]
tau[0:6]:[-0.274004 -0.324180 0.001577 -0.231466 0.050986 -0.328952 0.010844]
kernel exec min/avg/max: 28.58 / 29.22 / 31.21 us, samples:40180
pressure status:1, copy rounds total/window:3056/16, 7.52 rounds/s
pressure logical copy:30560.00 MiB total, approx 75.20 MiB/s, checksum:4069649285120
pressure report window:2.127537 s
t0_region>
[0]:35041
[1]:5118
[2]:23

t1_region>
[1]:35528
[2]:4558
[3]:97

t2_region>
[30]:24483
[31]:15100
[32]:595
[33]:3
[34]:2

t0_min: 0.50 us, round:11465
t0_max: 2.13 us, round:12062
t0_jitter: 1.63 us

t1_min: 1.33 us, round:39328
t1_max: 3.33 us, round:32121
t1_jitter: 2.00 us

t2_min: 30.25 us, round:5613
t2_max: 34.46 us, round:382
t2_jitter: 4.21 us

PMU diff samples: 40186
AVG DIFF LL_CACHE_RD: 45.55
AVG DIFF LL_CACHE_MISS_RD: 26.14
AVG DIFF L2D_CACHE_REFILL: 5.20
AVG DIFF L2D_CACHE_INVAL: 0.01
[cur diff] DIFF LL_CACHE_RD: 0, DIFF LL_CACHE_MISS_RD: 0, MISS_RATE: 0.00%
[cur diff] DIFF L2D_CACHE_REFILL: 0
[cur diff] DIFF L2D_CACHE_INVAL: 0
[max diff] DIFF LL_CACHE_RD: 77, DIFF LL_CACHE_MISS_RD: 64, MISS_RATE: 83.12%
[max diff] DIFF L2D_CACHE_REFILL: 25
[max diff] DIFF L2D_CACHE_INVAL: 17

===========================================================
taskpendcnt:40390
t0:875 ns
t1:1750 ns
t2:30916 ns
benchmark: Franka-derived Cartesian-impedance kernel, input trace:8, timer period:10.000 ms
controller source: franka_ros2 jazzy@73a1501d, updates:40401, SVD sweeps:5
pose error:[0.010000 0.015000 0.010000 -0.000000 0.049979 -0.000000]
tau[0:6]:[-2.781770 -1.613002 -1.930139 -1.581803 -1.382951 -0.390599 -0.663394]
kernel exec min/avg/max: 28.58 / 29.22 / 31.21 us, samples:40393
pressure status:1, copy rounds total/window:3073/17, 7.99 rounds/s
pressure logical copy:30730.00 MiB total, approx 79.88 MiB/s, checksum:4092288040960
pressure report window:2.128139 s
t0_region>
[0]:35227
[1]:5145
[2]:23

t1_region>
[1]:35716
[2]:4583
[3]:97

t2_region>
[30]:24603
[31]:15191
[32]:597
[33]:3
[34]:2

t0_min: 0.50 us, round:11465
t0_max: 2.13 us, round:12062
t0_jitter: 1.63 us

t1_min: 1.33 us, round:39328
t1_max: 3.33 us, round:32121
t1_jitter: 2.00 us

t2_min: 30.25 us, round:5613
t2_max: 34.46 us, round:382
t2_jitter: 4.21 us

PMU diff samples: 40399
AVG DIFF LL_CACHE_RD: 45.54
AVG DIFF LL_CACHE_MISS_RD: 26.14
AVG DIFF L2D_CACHE_REFILL: 5.20
AVG DIFF L2D_CACHE_INVAL: 0.01
[cur diff] DIFF LL_CACHE_RD: 0, DIFF LL_CACHE_MISS_RD: 0, MISS_RATE: 0.00%
[cur diff] DIFF L2D_CACHE_REFILL: 0
[cur diff] DIFF L2D_CACHE_INVAL: 0
[max diff] DIFF LL_CACHE_RD: 77, DIFF LL_CACHE_MISS_RD: 64, MISS_RATE: 83.12%
[max diff] DIFF L2D_CACHE_REFILL: 25
[max diff] DIFF L2D_CACHE_INVAL: 17

===========================================================
taskpendcnt:40602
t0:833 ns
t1:1708 ns
t2:30875 ns
benchmark: Franka-derived Cartesian-impedance kernel, input trace:8, timer period:10.000 ms
controller source: franka_ros2 jazzy@73a1501d, updates:40614, SVD sweeps:5
pose error:[0.010000 0.015000 0.010000 -0.000000 0.049979 -0.000000]
tau[0:6]:[1.228026 0.081850 0.819520 0.875435 0.745706 -0.833381 0.398995]
kernel exec min/avg/max: 28.58 / 29.22 / 31.21 us, samples:40606
pressure status:1, copy rounds total/window:3089/16, 7.52 rounds/s
pressure logical copy:30890.00 MiB total, approx 75.21 MiB/s, checksum:4113595105280
pressure report window:2.127351 s
t0_region>
[0]:35419
[1]:5166
[2]:23

t1_region>
[1]:35908
[2]:4602
[3]:98

t2_region>
[30]:24727
[31]:15278
[32]:599
[33]:3
[34]:2

t0_min: 0.50 us, round:11465
t0_max: 2.13 us, round:12062
t0_jitter: 1.63 us

t1_min: 1.33 us, round:39328
t1_max: 3.33 us, round:32121
t1_jitter: 2.00 us

t2_min: 30.25 us, round:5613
t2_max: 34.46 us, round:382
t2_jitter: 4.21 us

PMU diff samples: 40611
AVG DIFF LL_CACHE_RD: 45.54
AVG DIFF LL_CACHE_MISS_RD: 26.13
AVG DIFF L2D_CACHE_REFILL: 5.20
AVG DIFF L2D_CACHE_INVAL: 0.01
[cur diff] DIFF LL_CACHE_RD: 0, DIFF LL_CACHE_MISS_RD: 0, MISS_RATE: 0.00%
[cur diff] DIFF L2D_CACHE_REFILL: 0
[cur diff] DIFF L2D_CACHE_INVAL: 0
[max diff] DIFF LL_CACHE_RD: 77, DIFF LL_CACHE_MISS_RD: 64, MISS_RATE: 83.12%
[max diff] DIFF L2D_CACHE_REFILL: 25
[max diff] DIFF L2D_CACHE_INVAL: 17

===========================================================
taskpendcnt:40815
t0:708 ns
t1:1666 ns
t2:30833 ns
benchmark: Franka-derived Cartesian-impedance kernel, input trace:8, timer period:10.000 ms
controller source: franka_ros2 jazzy@73a1501d, updates:40827, SVD sweeps:5
pose error:[0.010000 0.015000 0.010000 -0.000000 0.049979 -0.000000]
tau[0:6]:[-1.839419 -0.921560 -1.193198 -1.195971 -0.861243 0.113634 -0.461388]
kernel exec min/avg/max: 28.58 / 29.22 / 31.21 us, samples:40818
pressure status:1, copy rounds total/window:3105/16, 7.52 rounds/s
pressure logical copy:31050.00 MiB total, approx 75.18 MiB/s, checksum:4134902169600
pressure report window:2.128302 s
t0_region>
[0]:35612
[1]:5185
[2]:24

t1_region>
[1]:36099
[2]:4624
[3]:98

t2_region>
[30]:24862
[31]:15351
[32]:604
[33]:3
[34]:2

t0_min: 0.50 us, round:11465
t0_max: 2.13 us, round:12062
t0_jitter: 1.63 us

t1_min: 1.33 us, round:39328
t1_max: 3.33 us, round:32121
t1_jitter: 2.00 us

t2_min: 30.25 us, round:5613
t2_max: 34.46 us, round:382
t2_jitter: 4.21 us

PMU diff samples: 40824
AVG DIFF LL_CACHE_RD: 45.54
AVG DIFF LL_CACHE_MISS_RD: 26.13
AVG DIFF L2D_CACHE_REFILL: 5.20
AVG DIFF L2D_CACHE_INVAL: 0.01
[cur diff] DIFF LL_CACHE_RD: 0, DIFF LL_CACHE_MISS_RD: 0, MISS_RATE: 0.00%
[cur diff] DIFF L2D_CACHE_REFILL: 0
[cur diff] DIFF L2D_CACHE_INVAL: 0
[max diff] DIFF LL_CACHE_RD: 77, DIFF LL_CACHE_MISS_RD: 64, MISS_RATE: 83.12%
[max diff] DIFF L2D_CACHE_REFILL: 25
[max diff] DIFF L2D_CACHE_INVAL: 17

===========================================================
taskpendcnt:41028
t0:666 ns
t1:1541 ns
t2:31000 ns
benchmark: Franka-derived Cartesian-impedance kernel, input trace:8, timer period:10.000 ms
controller source: franka_ros2 jazzy@73a1501d, updates:41039, SVD sweeps:5
pose error:[0.010000 0.015000 0.010000 -0.000000 0.049979 -0.000000]
tau[0:6]:[-0.567483 -0.552304 -0.482512 -0.231067 -0.297494 -0.656094 -0.085004]
kernel exec min/avg/max: 28.58 / 29.22 / 31.21 us, samples:41031
pressure status:1, copy rounds total/window:3121/16, 7.52 rounds/s
pressure logical copy:31210.00 MiB total, approx 75.19 MiB/s, checksum:4156209233920
pressure report window:2.127959 s
t0_region>
[0]:35798
[1]:5212
[2]:24

t1_region>
[1]:36288
[2]:4648
[3]:98

t2_region>
[30]:24984
[31]:15440
[32]:605
[33]:3
[34]:2

t0_min: 0.50 us, round:11465
t0_max: 2.13 us, round:12062
t0_jitter: 1.63 us

t1_min: 1.33 us, round:39328
t1_max: 3.33 us, round:32121
t1_jitter: 2.00 us

t2_min: 30.25 us, round:5613
t2_max: 34.46 us, round:382
t2_jitter: 4.21 us

PMU diff samples: 41037
AVG DIFF LL_CACHE_RD: 45.54
AVG DIFF LL_CACHE_MISS_RD: 26.14
AVG DIFF L2D_CACHE_REFILL: 5.20
AVG DIFF L2D_CACHE_INVAL: 0.01
[cur diff] DIFF LL_CACHE_RD: 0, DIFF LL_CACHE_MISS_RD: 0, MISS_RATE: 0.00%
[cur diff] DIFF L2D_CACHE_REFILL: 0
[cur diff] DIFF L2D_CACHE_INVAL: 0
[max diff] DIFF LL_CACHE_RD: 77, DIFF LL_CACHE_MISS_RD: 64, MISS_RATE: 83.12%
[max diff] DIFF L2D_CACHE_REFILL: 25
[max diff] DIFF L2D_CACHE_INVAL: 17

===========================================================
taskpendcnt:41241
t0:1500 ns
t1:2666 ns
t2:31541 ns
benchmark: Franka-derived Cartesian-impedance kernel, input trace:8, timer period:10.000 ms
controller source: franka_ros2 jazzy@73a1501d, updates:41252, SVD sweeps:5
pose error:[0.010000 0.015000 0.010000 -0.000000 0.049979 -0.000000]
tau[0:6]:[-0.274004 -0.324180 0.001577 -0.231466 0.050986 -0.328952 0.010844]
kernel exec min/avg/max: 28.58 / 29.22 / 31.21 us, samples:41244
pressure status:1, copy rounds total/window:3137/16, 7.52 rounds/s
pressure logical copy:31370.00 MiB total, approx 75.20 MiB/s, checksum:4177516298240
pressure report window:2.127698 s
t0_region>
[0]:35981
[1]:5241
[2]:24

t1_region>
[1]:36476
[2]:4673
[3]:98

t2_region>
[30]:25111
[31]:15523
[32]:608
[33]:3
[34]:2

t0_min: 0.50 us, round:11465
t0_max: 2.13 us, round:12062
t0_jitter: 1.63 us

t1_min: 1.33 us, round:39328
t1_max: 3.33 us, round:32121
t1_jitter: 2.00 us

t2_min: 30.25 us, round:5613
t2_max: 34.46 us, round:382
t2_jitter: 4.21 us

PMU diff samples: 41250
AVG DIFF LL_CACHE_RD: 45.53
AVG DIFF LL_CACHE_MISS_RD: 26.14
AVG DIFF L2D_CACHE_REFILL: 5.20
AVG DIFF L2D_CACHE_INVAL: 0.01
[cur diff] DIFF LL_CACHE_RD: 0, DIFF LL_CACHE_MISS_RD: 0, MISS_RATE: 0.00%
[cur diff] DIFF L2D_CACHE_REFILL: 0
[cur diff] DIFF L2D_CACHE_INVAL: 0
[max diff] DIFF LL_CACHE_RD: 77, DIFF LL_CACHE_MISS_RD: 64, MISS_RATE: 83.12%
[max diff] DIFF L2D_CACHE_REFILL: 25
[max diff] DIFF L2D_CACHE_INVAL: 17

===========================================================
taskpendcnt:41454
t0:875 ns
t1:1750 ns
t2:30625 ns
benchmark: Franka-derived Cartesian-impedance kernel, input trace:8, timer period:10.000 ms
controller source: franka_ros2 jazzy@73a1501d, updates:41465, SVD sweeps:5
pose error:[0.010000 0.015000 0.010000 -0.000000 0.049979 -0.000000]
tau[0:6]:[-2.781770 -1.613002 -1.930139 -1.581803 -1.382951 -0.390599 -0.663394]
kernel exec min/avg/max: 28.58 / 29.22 / 31.21 us, samples:41457
pressure status:1, copy rounds total/window:3153/16, 7.52 rounds/s
pressure logical copy:31530.00 MiB total, approx 75.19 MiB/s, checksum:4198823362560
pressure report window:2.128048 s
t0_region>
[0]:36171
[1]:5264
[2]:24

t1_region>
[1]:36665
[2]:4697
[3]:98

t2_region>
[30]:25237
[31]:15607
[32]:611
[33]:3
[34]:2

t0_min: 0.50 us, round:11465
t0_max: 2.13 us, round:12062
t0_jitter: 1.63 us

t1_min: 1.33 us, round:39328
t1_max: 3.33 us, round:32121
t1_jitter: 2.00 us

t2_min: 30.25 us, round:5613
t2_max: 34.46 us, round:382
t2_jitter: 4.21 us

PMU diff samples: 41462
AVG DIFF LL_CACHE_RD: 45.53
AVG DIFF LL_CACHE_MISS_RD: 26.13
AVG DIFF L2D_CACHE_REFILL: 5.20
AVG DIFF L2D_CACHE_INVAL: 0.01
[cur diff] DIFF LL_CACHE_RD: 0, DIFF LL_CACHE_MISS_RD: 0, MISS_RATE: 0.00%
[cur diff] DIFF L2D_CACHE_REFILL: 0
[cur diff] DIFF L2D_CACHE_INVAL: 0
[max diff] DIFF LL_CACHE_RD: 77, DIFF LL_CACHE_MISS_RD: 64, MISS_RATE: 83.12%
[max diff] DIFF L2D_CACHE_REFILL: 25
[max diff] DIFF L2D_CACHE_INVAL: 17

===========================================================
taskpendcnt:41666
t0:833 ns
t1:1708 ns
t2:31166 ns
benchmark: Franka-derived Cartesian-impedance kernel, input trace:8, timer period:10.000 ms
controller source: franka_ros2 jazzy@73a1501d, updates:41678, SVD sweeps:5
pose error:[0.010000 0.015000 0.010000 -0.000000 0.049979 -0.000000]
tau[0:6]:[1.228026 0.081850 0.819520 0.875435 0.745706 -0.833381 0.398995]
kernel exec min/avg/max: 28.58 / 29.22 / 31.21 us, samples:41670
pressure status:1, copy rounds total/window:3170/17, 7.99 rounds/s
pressure logical copy:31700.00 MiB total, approx 79.91 MiB/s, checksum:4221462118400
pressure report window:2.127361 s
t0_region>
[0]:36356
[1]:5292
[2]:24

t1_region>
[1]:36855
[2]:4718
[3]:99

t2_region>
[30]:25366
[31]:15686
[32]:616
[33]:3
[34]:2

t0_min: 0.50 us, round:11465
t0_max: 2.13 us, round:12062
t0_jitter: 1.63 us

t1_min: 1.33 us, round:39328
t1_max: 3.33 us, round:32121
t1_jitter: 2.00 us

t2_min: 30.25 us, round:5613
t2_max: 34.46 us, round:382
t2_jitter: 4.21 us

PMU diff samples: 41675
AVG DIFF LL_CACHE_RD: 45.51
AVG DIFF LL_CACHE_MISS_RD: 26.11
AVG DIFF L2D_CACHE_REFILL: 5.20
AVG DIFF L2D_CACHE_INVAL: 0.01
[cur diff] DIFF LL_CACHE_RD: 0, DIFF LL_CACHE_MISS_RD: 0, MISS_RATE: 0.00%
[cur diff] DIFF L2D_CACHE_REFILL: 0
[cur diff] DIFF L2D_CACHE_INVAL: 0
[max diff] DIFF LL_CACHE_RD: 77, DIFF LL_CACHE_MISS_RD: 64, MISS_RATE: 83.12%
[max diff] DIFF L2D_CACHE_REFILL: 25
[max diff] DIFF L2D_CACHE_INVAL: 17

===========================================================
taskpendcnt:41879
t0:1000 ns
t1:1583 ns
t2:31125 ns
benchmark: Franka-derived Cartesian-impedance kernel, input trace:8, timer period:10.000 ms
controller source: franka_ros2 jazzy@73a1501d, updates:41890, SVD sweeps:5
pose error:[0.010000 0.015000 0.010000 -0.000000 0.049979 -0.000000]
tau[0:6]:[-1.839419 -0.921560 -1.193198 -1.195971 -0.861243 0.113634 -0.461388]
kernel exec min/avg/max: 28.58 / 29.22 / 31.21 us, samples:41882
pressure status:1, copy rounds total/window:3186/16, 7.52 rounds/s
pressure logical copy:31860.00 MiB total, approx 75.17 MiB/s, checksum:4242769182720
pressure report window:2.128401 s
t0_region>
[0]:36546
[1]:5315
[2]:24

t1_region>
[1]:37049
[2]:4737
[3]:99

t2_region>
[30]:25491
[31]:15772
[32]:617
[33]:3
[34]:2

t0_min: 0.50 us, round:11465
t0_max: 2.13 us, round:12062
t0_jitter: 1.63 us

t1_min: 1.33 us, round:39328
t1_max: 3.33 us, round:32121
t1_jitter: 2.00 us

t2_min: 30.25 us, round:5613
t2_max: 34.46 us, round:382
t2_jitter: 4.21 us

PMU diff samples: 41888
AVG DIFF LL_CACHE_RD: 45.50
AVG DIFF LL_CACHE_MISS_RD: 26.09
AVG DIFF L2D_CACHE_REFILL: 5.20
AVG DIFF L2D_CACHE_INVAL: 0.01
[cur diff] DIFF LL_CACHE_RD: 0, DIFF LL_CACHE_MISS_RD: 0, MISS_RATE: 0.00%
[cur diff] DIFF L2D_CACHE_REFILL: 0
[cur diff] DIFF L2D_CACHE_INVAL: 0
[max diff] DIFF LL_CACHE_RD: 77, DIFF LL_CACHE_MISS_RD: 64, MISS_RATE: 83.12%
[max diff] DIFF L2D_CACHE_REFILL: 25
[max diff] DIFF L2D_CACHE_INVAL: 17

===========================================================
taskpendcnt:42092
t0:666 ns
t1:1541 ns
t2:30708 ns
benchmark: Franka-derived Cartesian-impedance kernel, input trace:8, timer period:10.000 ms
controller source: franka_ros2 jazzy@73a1501d, updates:42103, SVD sweeps:5
pose error:[0.010000 0.015000 0.010000 -0.000000 0.049979 -0.000000]
tau[0:6]:[-0.567483 -0.552304 -0.482512 -0.231067 -0.297494 -0.656094 -0.085004]
kernel exec min/avg/max: 28.58 / 29.22 / 31.21 us, samples:42095
pressure status:1, copy rounds total/window:3202/16, 7.52 rounds/s
pressure logical copy:32020.00 MiB total, approx 75.19 MiB/s, checksum:4264076247040
pressure report window:2.127875 s
t0_region>
[0]:36731
[1]:5343
[2]:24

t1_region>
[1]:37241
[2]:4758
[3]:99

t2_region>
[30]:25614
[31]:15859
[32]:620
[33]:3
[34]:2

t0_min: 0.50 us, round:11465
t0_max: 2.13 us, round:12062
t0_jitter: 1.63 us

t1_min: 1.33 us, round:39328
t1_max: 3.33 us, round:32121
t1_jitter: 2.00 us

t2_min: 30.25 us, round:5613
t2_max: 34.46 us, round:382
t2_jitter: 4.21 us

PMU diff samples: 42101
AVG DIFF LL_CACHE_RD: 45.49
AVG DIFF LL_CACHE_MISS_RD: 26.10
AVG DIFF L2D_CACHE_REFILL: 5.20
AVG DIFF L2D_CACHE_INVAL: 0.01
[cur diff] DIFF LL_CACHE_RD: 0, DIFF LL_CACHE_MISS_RD: 0, MISS_RATE: 0.00%
[cur diff] DIFF L2D_CACHE_REFILL: 0
[cur diff] DIFF L2D_CACHE_INVAL: 0
[max diff] DIFF LL_CACHE_RD: 77, DIFF LL_CACHE_MISS_RD: 64, MISS_RATE: 83.12%
[max diff] DIFF L2D_CACHE_REFILL: 25
[max diff] DIFF L2D_CACHE_INVAL: 17

===========================================================
taskpendcnt:42305
t0:625 ns
t1:1791 ns
t2:30958 ns
benchmark: Franka-derived Cartesian-impedance kernel, input trace:8, timer period:10.000 ms
controller source: franka_ros2 jazzy@73a1501d, updates:42316, SVD sweeps:5
pose error:[0.010000 0.015000 0.010000 -0.000000 0.049979 -0.000000]
tau[0:6]:[-0.274004 -0.324180 0.001577 -0.231466 0.050986 -0.328952 0.010844]
kernel exec min/avg/max: 28.58 / 29.22 / 31.21 us, samples:42308
pressure status:1, copy rounds total/window:3218/16, 7.52 rounds/s
pressure logical copy:32180.00 MiB total, approx 75.20 MiB/s, checksum:4285383311360
pressure report window:2.127609 s
t0_region>
[0]:36914
[1]:5372
[2]:24

t1_region>
[1]:37428
[2]:4783
[3]:100

t2_region>
[30]:25722
[31]:15959
[32]:625
[33]:3
[34]:2

t0_min: 0.50 us, round:11465
t0_max: 2.13 us, round:12062
t0_jitter: 1.63 us

t1_min: 1.33 us, round:39328
t1_max: 3.33 us, round:32121
t1_jitter: 2.00 us

t2_min: 30.25 us, round:5613
t2_max: 34.46 us, round:382
t2_jitter: 4.21 us

PMU diff samples: 42314
AVG DIFF LL_CACHE_RD: 45.48
AVG DIFF LL_CACHE_MISS_RD: 26.11
AVG DIFF L2D_CACHE_REFILL: 5.20
AVG DIFF L2D_CACHE_INVAL: 0.01
[cur diff] DIFF LL_CACHE_RD: 0, DIFF LL_CACHE_MISS_RD: 0, MISS_RATE: 0.00%
[cur diff] DIFF L2D_CACHE_REFILL: 0
[cur diff] DIFF L2D_CACHE_INVAL: 0
[max diff] DIFF LL_CACHE_RD: 77, DIFF LL_CACHE_MISS_RD: 64, MISS_RATE: 83.12%
[max diff] DIFF L2D_CACHE_REFILL: 25
[max diff] DIFF L2D_CACHE_INVAL: 17

===========================================================
taskpendcnt:42518
t0:875 ns
t1:1750 ns
t2:30916 ns
benchmark: Franka-derived Cartesian-impedance kernel, input trace:8, timer period:10.000 ms
controller source: franka_ros2 jazzy@73a1501d, updates:42529, SVD sweeps:5
pose error:[0.010000 0.015000 0.010000 -0.000000 0.049979 -0.000000]
tau[0:6]:[-2.781770 -1.613002 -1.930139 -1.581803 -1.382951 -0.390599 -0.663394]
kernel exec min/avg/max: 28.58 / 29.22 / 31.21 us, samples:42521
pressure status:1, copy rounds total/window:3234/16, 7.52 rounds/s
pressure logical copy:32340.00 MiB total, approx 75.18 MiB/s, checksum:4306690375680
pressure report window:2.128131 s
t0_region>
[0]:37096
[1]:5403
[2]:24

t1_region>
[1]:37608
[2]:4814
[3]:101

t2_region>
[30]:25841
[31]:16050
[32]:628
[33]:3
[34]:2

t0_min: 0.50 us, round:11465
t0_max: 2.13 us, round:12062
t0_jitter: 1.63 us

t1_min: 1.33 us, round:39328
t1_max: 3.33 us, round:32121
t1_jitter: 2.00 us

t2_min: 30.25 us, round:5613
t2_max: 34.46 us, round:382
t2_jitter: 4.21 us

PMU diff samples: 42526
AVG DIFF LL_CACHE_RD: 45.49
AVG DIFF LL_CACHE_MISS_RD: 26.11
AVG DIFF L2D_CACHE_REFILL: 5.20
AVG DIFF L2D_CACHE_INVAL: 0.01
[cur diff] DIFF LL_CACHE_RD: 0, DIFF LL_CACHE_MISS_RD: 0, MISS_RATE: 0.00%
[cur diff] DIFF L2D_CACHE_REFILL: 0
[cur diff] DIFF L2D_CACHE_INVAL: 0
[max diff] DIFF LL_CACHE_RD: 77, DIFF LL_CACHE_MISS_RD: 64, MISS_RATE: 83.12%
[max diff] DIFF L2D_CACHE_REFILL: 25
[max diff] DIFF L2D_CACHE_INVAL: 17

===========================================================
taskpendcnt:42730
t0:750 ns
t1:1708 ns
t2:31166 ns
benchmark: Franka-derived Cartesian-impedance kernel, input trace:8, timer period:10.000 ms
controller source: franka_ros2 jazzy@73a1501d, updates:42742, SVD sweeps:5
pose error:[0.010000 0.015000 0.010000 -0.000000 0.049979 -0.000000]
tau[0:6]:[1.228026 0.081850 0.819520 0.875435 0.745706 -0.833381 0.398995]
kernel exec min/avg/max: 28.58 / 29.22 / 31.21 us, samples:42734
pressure status:1, copy rounds total/window:3250/16, 7.52 rounds/s
pressure logical copy:32500.00 MiB total, approx 75.21 MiB/s, checksum:4327997440000
pressure report window:2.127349 s
t0_region>
[0]:37285
[1]:5427
[2]:24

t1_region>
[1]:37797
[2]:4838
[3]:101

t2_region>
[30]:25979
[31]:16124
[32]:629
[33]:3
[34]:2

t0_min: 0.50 us, round:11465
t0_max: 2.13 us, round:12062
t0_jitter: 1.63 us

t1_min: 1.33 us, round:39328
t1_max: 3.33 us, round:32121
t1_jitter: 2.00 us

t2_min: 30.25 us, round:5613
t2_max: 34.46 us, round:382
t2_jitter: 4.21 us

PMU diff samples: 42739
AVG DIFF LL_CACHE_RD: 45.49
AVG DIFF LL_CACHE_MISS_RD: 26.09
AVG DIFF L2D_CACHE_REFILL: 5.19
AVG DIFF L2D_CACHE_INVAL: 0.01
[cur diff] DIFF LL_CACHE_RD: 0, DIFF LL_CACHE_MISS_RD: 0, MISS_RATE: 0.00%
[cur diff] DIFF L2D_CACHE_REFILL: 0
[cur diff] DIFF L2D_CACHE_INVAL: 0
[max diff] DIFF LL_CACHE_RD: 77, DIFF LL_CACHE_MISS_RD: 64, MISS_RATE: 83.12%
[max diff] DIFF L2D_CACHE_REFILL: 25
[max diff] DIFF L2D_CACHE_INVAL: 17

===========================================================
taskpendcnt:42943
t0:708 ns
t1:1583 ns
t2:30750 ns
benchmark: Franka-derived Cartesian-impedance kernel, input trace:8, timer period:10.000 ms
controller source: franka_ros2 jazzy@73a1501d, updates:42954, SVD sweeps:5
pose error:[0.010000 0.015000 0.010000 -0.000000 0.049979 -0.000000]
tau[0:6]:[-1.839419 -0.921560 -1.193198 -1.195971 -0.861243 0.113634 -0.461388]
kernel exec min/avg/max: 28.58 / 29.22 / 31.21 us, samples:42946
pressure status:1, copy rounds total/window:3267/17, 7.99 rounds/s
pressure logical copy:32670.00 MiB total, approx 79.88 MiB/s, checksum:4350636195840
pressure report window:2.128305 s
t0_region>
[0]:37472
[1]:5453
[2]:24

t1_region>
[1]:37983
[2]:4865
[3]:101

t2_region>
[30]:26105
[31]:16207
[32]:632
[33]:3
[34]:2

t0_min: 0.50 us, round:11465
t0_max: 2.13 us, round:12062
t0_jitter: 1.63 us

t1_min: 1.33 us, round:39328
t1_max: 3.33 us, round:32121
t1_jitter: 2.00 us

t2_min: 30.25 us, round:5613
t2_max: 34.46 us, round:382
t2_jitter: 4.21 us

PMU diff samples: 42952
AVG DIFF LL_CACHE_RD: 45.49
AVG DIFF LL_CACHE_MISS_RD: 26.09
AVG DIFF L2D_CACHE_REFILL: 5.20
AVG DIFF L2D_CACHE_INVAL: 0.01
[cur diff] DIFF LL_CACHE_RD: 0, DIFF LL_CACHE_MISS_RD: 0, MISS_RATE: 0.00%
[cur diff] DIFF L2D_CACHE_REFILL: 0
[cur diff] DIFF L2D_CACHE_INVAL: 0
[max diff] DIFF LL_CACHE_RD: 77, DIFF LL_CACHE_MISS_RD: 64, MISS_RATE: 83.12%
[max diff] DIFF L2D_CACHE_REFILL: 25
[max diff] DIFF L2D_CACHE_INVAL: 17

===========================================================
taskpendcnt:43156
t0:666 ns
t1:1541 ns
t2:30416 ns
benchmark: Franka-derived Cartesian-impedance kernel, input trace:8, timer period:10.000 ms
controller source: franka_ros2 jazzy@73a1501d, updates:43167, SVD sweeps:5
pose error:[0.010000 0.015000 0.010000 -0.000000 0.049979 -0.000000]
tau[0:6]:[1.376914 -0.104433 0.790225 0.843903 0.642107 -0.956178 0.423547]
kernel exec min/avg/max: 28.58 / 29.22 / 31.21 us, samples:43159
pressure status:1, copy rounds total/window:3283/16, 7.52 rounds/s
pressure logical copy:32830.00 MiB total, approx 75.20 MiB/s, checksum:4371943260160
pressure report window:2.127527 s
t0_region>
[0]:37654
[1]:5483
[2]:24

t1_region>
[1]:38173
[2]:4888
[3]:101

t2_region>
[30]:26230
[31]:16292
[32]:635
[33]:3
[34]:2

t0_min: 0.50 us, round:11465
t0_max: 2.13 us, round:12062
t0_jitter: 1.63 us

t1_min: 1.33 us, round:39328
t1_max: 3.33 us, round:32121
t1_jitter: 2.00 us

t2_min: 30.25 us, round:5613
t2_max: 34.46 us, round:382
t2_jitter: 4.21 us

PMU diff samples: 43165
AVG DIFF LL_CACHE_RD: 45.49
AVG DIFF LL_CACHE_MISS_RD: 26.11
AVG DIFF L2D_CACHE_REFILL: 5.19
AVG DIFF L2D_CACHE_INVAL: 0.01
[cur diff] DIFF LL_CACHE_RD: 0, DIFF LL_CACHE_MISS_RD: 0, MISS_RATE: 0.00%
[cur diff] DIFF L2D_CACHE_REFILL: 0
[cur diff] DIFF L2D_CACHE_INVAL: 0
[max diff] DIFF LL_CACHE_RD: 77, DIFF LL_CACHE_MISS_RD: 64, MISS_RATE: 83.12%
[max diff] DIFF L2D_CACHE_REFILL: 25
[max diff] DIFF L2D_CACHE_INVAL: 17

===========================================================
taskpendcnt:43369
t0:916 ns
t1:1791 ns
t2:30666 ns
benchmark: Franka-derived Cartesian-impedance kernel, input trace:8, timer period:10.000 ms
controller source: franka_ros2 jazzy@73a1501d, updates:43380, SVD sweeps:5
pose error:[0.010000 0.015000 0.010000 -0.000000 0.049979 -0.000000]
tau[0:6]:[-0.274004 -0.324180 0.001577 -0.231466 0.050986 -0.328952 0.010844]
kernel exec min/avg/max: 28.58 / 29.22 / 31.21 us, samples:43372
pressure status:1, copy rounds total/window:3299/16, 7.52 rounds/s
pressure logical copy:32990.00 MiB total, approx 75.19 MiB/s, checksum:4393250324480
pressure report window:2.128049 s
t0_region>
[0]:37841
[1]:5509
[2]:24

t1_region>
[1]:38361
[2]:4913
[3]:101

t2_region>
[30]:26345
[31]:16389
[32]:636
[33]:3
[34]:2

t0_min: 0.50 us, round:11465
t0_max: 2.13 us, round:12062
t0_jitter: 1.63 us

t1_min: 1.33 us, round:39328
t1_max: 3.33 us, round:32121
t1_jitter: 2.00 us

t2_min: 30.25 us, round:5613
t2_max: 34.46 us, round:382
t2_jitter: 4.21 us

PMU diff samples: 43378
AVG DIFF LL_CACHE_RD: 45.48
AVG DIFF LL_CACHE_MISS_RD: 26.12
AVG DIFF L2D_CACHE_REFILL: 5.19
AVG DIFF L2D_CACHE_INVAL: 0.01
[cur diff] DIFF LL_CACHE_RD: 0, DIFF LL_CACHE_MISS_RD: 0, MISS_RATE: 0.00%
[cur diff] DIFF L2D_CACHE_REFILL: 0
[cur diff] DIFF L2D_CACHE_INVAL: 0
[max diff] DIFF LL_CACHE_RD: 77, DIFF LL_CACHE_MISS_RD: 64, MISS_RATE: 83.12%
[max diff] DIFF L2D_CACHE_REFILL: 25
[max diff] DIFF L2D_CACHE_INVAL: 17

===========================================================
taskpendcnt:43582
t0:875 ns
t1:1750 ns
t2:32083 ns
benchmark: Franka-derived Cartesian-impedance kernel, input trace:8, timer period:10.000 ms
controller source: franka_ros2 jazzy@73a1501d, updates:43593, SVD sweeps:5
pose error:[0.010000 0.015000 0.010000 -0.000000 0.049979 -0.000000]
tau[0:6]:[-2.781770 -1.613002 -1.930139 -1.581803 -1.382951 -0.390599 -0.663394]
kernel exec min/avg/max: 28.58 / 29.22 / 31.21 us, samples:43585
pressure status:1, copy rounds total/window:3315/16, 7.52 rounds/s
pressure logical copy:33150.00 MiB total, approx 75.18 MiB/s, checksum:4414557388800
pressure report window:2.128151 s
t0_region>
[0]:38025
[1]:5538
[2]:24

t1_region>
[1]:38546
[2]:4940
[3]:101

t2_region>
[30]:26465
[31]:16477
[32]:641
[33]:3
[34]:2

t0_min: 0.50 us, round:11465
t0_max: 2.13 us, round:12062
t0_jitter: 1.63 us

t1_min: 1.33 us, round:39328
t1_max: 3.33 us, round:32121
t1_jitter: 2.00 us

t2_min: 30.25 us, round:5613
t2_max: 34.46 us, round:382
t2_jitter: 4.21 us

PMU diff samples: 43590
AVG DIFF LL_CACHE_RD: 45.49
AVG DIFF LL_CACHE_MISS_RD: 26.12
AVG DIFF L2D_CACHE_REFILL: 5.19
AVG DIFF L2D_CACHE_INVAL: 0.01
[cur diff] DIFF LL_CACHE_RD: 0, DIFF LL_CACHE_MISS_RD: 0, MISS_RATE: 0.00%
[cur diff] DIFF L2D_CACHE_REFILL: 0
[cur diff] DIFF L2D_CACHE_INVAL: 0
[max diff] DIFF LL_CACHE_RD: 77, DIFF LL_CACHE_MISS_RD: 64, MISS_RATE: 83.12%
[max diff] DIFF L2D_CACHE_REFILL: 25
[max diff] DIFF L2D_CACHE_INVAL: 17

===========================================================
taskpendcnt:43794
t0:1041 ns
t1:2000 ns
t2:31166 ns
benchmark: Franka-derived Cartesian-impedance kernel, input trace:8, timer period:10.000 ms
controller source: franka_ros2 jazzy@73a1501d, updates:43806, SVD sweeps:5
pose error:[0.010000 0.015000 0.010000 -0.000000 0.049979 -0.000000]
tau[0:6]:[1.228026 0.081850 0.819520 0.875435 0.745706 -0.833381 0.398995]
kernel exec min/avg/max: 28.58 / 29.22 / 31.21 us, samples:43797
pressure status:1, copy rounds total/window:3331/16, 7.52 rounds/s
pressure logical copy:33310.00 MiB total, approx 75.21 MiB/s, checksum:4435864453120
pressure report window:2.127430 s
t0_region>
[0]:38210
[1]:5566
[2]:24

t1_region>
[1]:38733
[2]:4966
[3]:101

t2_region>
[30]:26590
[31]:16563
[32]:643
[33]:3
[34]:2

t0_min: 0.50 us, round:11465
t0_max: 2.13 us, round:12062
t0_jitter: 1.63 us

t1_min: 1.33 us, round:39328
t1_max: 3.33 us, round:32121
t1_jitter: 2.00 us

t2_min: 30.25 us, round:5613
t2_max: 34.46 us, round:382
t2_jitter: 4.21 us

PMU diff samples: 43803
AVG DIFF LL_CACHE_RD: 45.49
AVG DIFF LL_CACHE_MISS_RD: 26.10
AVG DIFF L2D_CACHE_REFILL: 5.19
AVG DIFF L2D_CACHE_INVAL: 0.01
[cur diff] DIFF LL_CACHE_RD: 0, DIFF LL_CACHE_MISS_RD: 0, MISS_RATE: 0.00%
[cur diff] DIFF L2D_CACHE_REFILL: 0
[cur diff] DIFF L2D_CACHE_INVAL: 0
[max diff] DIFF LL_CACHE_RD: 77, DIFF LL_CACHE_MISS_RD: 64, MISS_RATE: 83.12%
[max diff] DIFF L2D_CACHE_REFILL: 25
[max diff] DIFF L2D_CACHE_INVAL: 17

===========================================================
taskpendcnt:44007
t0:708 ns
t1:1583 ns
t2:30750 ns
benchmark: Franka-derived Cartesian-impedance kernel, input trace:8, timer period:10.000 ms
controller source: franka_ros2 jazzy@73a1501d, updates:44018, SVD sweeps:5
pose error:[0.010000 0.015000 0.010000 -0.000000 0.049979 -0.000000]
tau[0:6]:[-1.839419 -0.921560 -1.193198 -1.195971 -0.861243 0.113634 -0.461388]
kernel exec min/avg/max: 28.58 / 29.22 / 31.21 us, samples:44010
pressure status:1, copy rounds total/window:3347/16, 7.52 rounds/s
pressure logical copy:33470.00 MiB total, approx 75.18 MiB/s, checksum:4457171517440
pressure report window:2.128218 s
t0_region>
[0]:38395
[1]:5594
[2]:24

t1_region>
[1]:38920
[2]:4991
[3]:102

t2_region>
[30]:26729
[31]:16632
[32]:647
[33]:3
[34]:2

t0_min: 0.50 us, round:11465
t0_max: 2.13 us, round:12062
t0_jitter: 1.63 us

t1_min: 1.33 us, round:39328
t1_max: 3.33 us, round:32121
t1_jitter: 2.00 us

t2_min: 30.25 us, round:5613
t2_max: 34.46 us, round:382
t2_jitter: 4.21 us

PMU diff samples: 44016
AVG DIFF LL_CACHE_RD: 45.48
AVG DIFF LL_CACHE_MISS_RD: 26.10
AVG DIFF L2D_CACHE_REFILL: 5.19
AVG DIFF L2D_CACHE_INVAL: 0.01
[cur diff] DIFF LL_CACHE_RD: 0, DIFF LL_CACHE_MISS_RD: 0, MISS_RATE: 0.00%
[cur diff] DIFF L2D_CACHE_REFILL: 0
[cur diff] DIFF L2D_CACHE_INVAL: 0
[max diff] DIFF LL_CACHE_RD: 77, DIFF LL_CACHE_MISS_RD: 64, MISS_RATE: 83.12%
[max diff] DIFF L2D_CACHE_REFILL: 25
[max diff] DIFF L2D_CACHE_INVAL: 17

===========================================================
taskpendcnt:44220
t0:666 ns
t1:1541 ns
t2:30708 ns
benchmark: Franka-derived Cartesian-impedance kernel, input trace:8, timer period:10.000 ms
controller source: franka_ros2 jazzy@73a1501d, updates:44231, SVD sweeps:5
pose error:[0.010000 0.015000 0.010000 -0.000000 0.049979 -0.000000]
tau[0:6]:[1.376914 -0.104433 0.790225 0.843903 0.642107 -0.956178 0.423547]
kernel exec min/avg/max: 28.58 / 29.22 / 31.21 us, samples:44223
pressure status:1, copy rounds total/window:3364/17, 7.99 rounds/s
pressure logical copy:33640.00 MiB total, approx 79.90 MiB/s, checksum:4479810273280
pressure report window:2.127530 s
t0_region>
[0]:38580
[1]:5621
[2]:24

t1_region>
[1]:39110
[2]:5014
[3]:102

t2_region>
[30]:26868
[31]:16704
[32]:649
[33]:3
[34]:2

t0_min: 0.50 us, round:11465
t0_max: 2.13 us, round:12062
t0_jitter: 1.63 us

t1_min: 1.33 us, round:39328
t1_max: 3.33 us, round:32121
t1_jitter: 2.00 us

t2_min: 30.25 us, round:5613
t2_max: 34.46 us, round:382
t2_jitter: 4.21 us

PMU diff samples: 44229
AVG DIFF LL_CACHE_RD: 45.48
AVG DIFF LL_CACHE_MISS_RD: 26.10
AVG DIFF L2D_CACHE_REFILL: 5.19
AVG DIFF L2D_CACHE_INVAL: 0.01
[cur diff] DIFF LL_CACHE_RD: 0, DIFF LL_CACHE_MISS_RD: 0, MISS_RATE: 0.00%
[cur diff] DIFF L2D_CACHE_REFILL: 0
[cur diff] DIFF L2D_CACHE_INVAL: 0
[max diff] DIFF LL_CACHE_RD: 77, DIFF LL_CACHE_MISS_RD: 64, MISS_RATE: 83.12%
[max diff] DIFF L2D_CACHE_REFILL: 25
[max diff] DIFF L2D_CACHE_INVAL: 17

===========================================================
taskpendcnt:44433
t0:916 ns
t1:1791 ns
t2:31250 ns
benchmark: Franka-derived Cartesian-impedance kernel, input trace:8, timer period:10.000 ms
controller source: franka_ros2 jazzy@73a1501d, updates:44444, SVD sweeps:5
pose error:[0.010000 0.015000 0.010000 -0.000000 0.049979 -0.000000]
tau[0:6]:[-0.274004 -0.324180 0.001577 -0.231466 0.050986 -0.328952 0.010844]
kernel exec min/avg/max: 28.58 / 29.22 / 31.21 us, samples:44436
pressure status:1, copy rounds total/window:3380/16, 7.52 rounds/s
pressure logical copy:33800.00 MiB total, approx 75.19 MiB/s, checksum:4501117337600
pressure report window:2.128042 s
t0_region>
[0]:38766
[1]:5647
[2]:25

t1_region>
[1]:39299
[2]:5037
[3]:103

t2_region>
[30]:26996
[31]:16786
[32]:652
[33]:3
[34]:2

t0_min: 0.50 us, round:11465
t0_max: 2.13 us, round:12062
t0_jitter: 1.63 us

t1_min: 1.33 us, round:39328
t1_max: 3.33 us, round:32121
t1_jitter: 2.00 us

t2_min: 30.25 us, round:5613
t2_max: 34.46 us, round:382
t2_jitter: 4.21 us

PMU diff samples: 44441
AVG DIFF LL_CACHE_RD: 45.48
AVG DIFF LL_CACHE_MISS_RD: 26.10
AVG DIFF L2D_CACHE_REFILL: 5.19
AVG DIFF L2D_CACHE_INVAL: 0.01
[cur diff] DIFF LL_CACHE_RD: 0, DIFF LL_CACHE_MISS_RD: 0, MISS_RATE: 0.00%
[cur diff] DIFF L2D_CACHE_REFILL: 0
[cur diff] DIFF L2D_CACHE_INVAL: 0
[max diff] DIFF LL_CACHE_RD: 77, DIFF LL_CACHE_MISS_RD: 64, MISS_RATE: 83.12%
[max diff] DIFF L2D_CACHE_REFILL: 25
[max diff] DIFF L2D_CACHE_INVAL: 17

===========================================================
taskpendcnt:44645
t0:875 ns
t1:1750 ns
t2:31208 ns
benchmark: Franka-derived Cartesian-impedance kernel, input trace:8, timer period:10.000 ms
controller source: franka_ros2 jazzy@73a1501d, updates:44657, SVD sweeps:5
pose error:[0.010000 0.015000 0.010000 -0.000000 0.049979 -0.000000]
tau[0:6]:[-2.781770 -1.613002 -1.930139 -1.581803 -1.382951 -0.390599 -0.663394]
kernel exec min/avg/max: 28.58 / 29.22 / 31.21 us, samples:44649
pressure status:1, copy rounds total/window:3396/16, 7.52 rounds/s
pressure logical copy:33960.00 MiB total, approx 75.18 MiB/s, checksum:4522424401920
pressure report window:2.128133 s
t0_region>
[0]:38952
[1]:5674
[2]:25

t1_region>
[1]:39486
[2]:5062
[3]:103

t2_region>
[30]:27136
[31]:16855
[32]:656
[33]:3
[34]:2

t0_min: 0.50 us, round:11465
t0_max: 2.13 us, round:12062
t0_jitter: 1.63 us

t1_min: 1.33 us, round:39328
t1_max: 3.33 us, round:32121
t1_jitter: 2.00 us

t2_min: 30.25 us, round:5613
t2_max: 34.46 us, round:382
t2_jitter: 4.21 us

PMU diff samples: 44654
AVG DIFF LL_CACHE_RD: 45.48
AVG DIFF LL_CACHE_MISS_RD: 26.09
AVG DIFF L2D_CACHE_REFILL: 5.19
AVG DIFF L2D_CACHE_INVAL: 0.01
[cur diff] DIFF LL_CACHE_RD: 0, DIFF LL_CACHE_MISS_RD: 0, MISS_RATE: 0.00%
[cur diff] DIFF L2D_CACHE_REFILL: 0
[cur diff] DIFF L2D_CACHE_INVAL: 0
[max diff] DIFF LL_CACHE_RD: 77, DIFF LL_CACHE_MISS_RD: 64, MISS_RATE: 83.12%
[max diff] DIFF L2D_CACHE_REFILL: 25
[max diff] DIFF L2D_CACHE_INVAL: 17

===========================================================
taskpendcnt:44858
t0:750 ns
t1:1625 ns
t2:31750 ns
benchmark: Franka-derived Cartesian-impedance kernel, input trace:8, timer period:10.000 ms
controller source: franka_ros2 jazzy@73a1501d, updates:44869, SVD sweeps:5
pose error:[0.010000 0.015000 0.010000 -0.000000 0.049979 -0.000000]
tau[0:6]:[1.228026 0.081850 0.819520 0.875435 0.745706 -0.833381 0.398995]
kernel exec min/avg/max: 28.58 / 29.22 / 31.21 us, samples:44861
pressure status:1, copy rounds total/window:3412/16, 7.52 rounds/s
pressure logical copy:34120.00 MiB total, approx 75.21 MiB/s, checksum:4543731466240
pressure report window:2.127356 s
t0_region>
[0]:39135
[1]:5704
[2]:25

t1_region>
[1]:39672
[2]:5088
[3]:104

t2_region>
[30]:27261
[31]:16939
[32]:659
[33]:3
[34]:2

t0_min: 0.50 us, round:11465
t0_max: 2.13 us, round:12062
t0_jitter: 1.63 us

t1_min: 1.33 us, round:39328
t1_max: 3.33 us, round:32121
t1_jitter: 2.00 us

t2_min: 30.25 us, round:5613
t2_max: 34.46 us, round:382
t2_jitter: 4.21 us

PMU diff samples: 44867
AVG DIFF LL_CACHE_RD: 45.48
AVG DIFF LL_CACHE_MISS_RD: 26.08
AVG DIFF L2D_CACHE_REFILL: 5.19
AVG DIFF L2D_CACHE_INVAL: 0.01
[cur diff] DIFF LL_CACHE_RD: 0, DIFF LL_CACHE_MISS_RD: 0, MISS_RATE: 0.00%
[cur diff] DIFF L2D_CACHE_REFILL: 0
[cur diff] DIFF L2D_CACHE_INVAL: 0
[max diff] DIFF LL_CACHE_RD: 77, DIFF LL_CACHE_MISS_RD: 64, MISS_RATE: 83.12%
[max diff] DIFF L2D_CACHE_REFILL: 25
[max diff] DIFF L2D_CACHE_INVAL: 17

===========================================================
taskpendcnt:45071
t0:708 ns
t1:1875 ns
t2:31041 ns
benchmark: Franka-derived Cartesian-impedance kernel, input trace:8, timer period:10.000 ms
controller source: franka_ros2 jazzy@73a1501d, updates:45082, SVD sweeps:5
pose error:[0.010000 0.015000 0.010000 -0.000000 0.049979 -0.000000]
tau[0:6]:[-1.839419 -0.921560 -1.193198 -1.195971 -0.861243 0.113634 -0.461388]
kernel exec min/avg/max: 28.58 / 29.22 / 31.21 us, samples:45074
pressure status:1, copy rounds total/window:3428/16, 7.52 rounds/s
pressure logical copy:34280.00 MiB total, approx 75.18 MiB/s, checksum:4565038530560
pressure report window:2.128309 s
t0_region>
[0]:39325
[1]:5727
[2]:25

t1_region>
[1]:39861
[2]:5112
[3]:104

t2_region>
[30]:27399
[31]:17009
[32]:664
[33]:3
[34]:2

t0_min: 0.50 us, round:11465
t0_max: 2.13 us, round:12062
t0_jitter: 1.63 us

t1_min: 1.33 us, round:39328
t1_max: 3.33 us, round:32121
t1_jitter: 2.00 us

t2_min: 30.25 us, round:5613
t2_max: 34.46 us, round:382
t2_jitter: 4.21 us

PMU diff samples: 45080
AVG DIFF LL_CACHE_RD: 45.49
AVG DIFF LL_CACHE_MISS_RD: 26.10
AVG DIFF L2D_CACHE_REFILL: 5.19
AVG DIFF L2D_CACHE_INVAL: 0.01
[cur diff] DIFF LL_CACHE_RD: 0, DIFF LL_CACHE_MISS_RD: 0, MISS_RATE: 0.00%
[cur diff] DIFF L2D_CACHE_REFILL: 0
[cur diff] DIFF L2D_CACHE_INVAL: 0
[max diff] DIFF LL_CACHE_RD: 77, DIFF LL_CACHE_MISS_RD: 64, MISS_RATE: 83.12%
[max diff] DIFF L2D_CACHE_REFILL: 25
[max diff] DIFF L2D_CACHE_INVAL: 17

===========================================================
taskpendcnt:45284
t0:958 ns
t1:1833 ns
t2:31583 ns
benchmark: Franka-derived Cartesian-impedance kernel, input trace:8, timer period:10.000 ms
controller source: franka_ros2 jazzy@73a1501d, updates:45295, SVD sweeps:5
pose error:[0.010000 0.015000 0.010000 -0.000000 0.049979 -0.000000]
tau[0:6]:[1.376914 -0.104433 0.790225 0.843903 0.642107 -0.956178 0.423547]
kernel exec min/avg/max: 28.58 / 29.22 / 31.21 us, samples:45287
pressure status:1, copy rounds total/window:3444/16, 7.52 rounds/s
pressure logical copy:34440.00 MiB total, approx 75.20 MiB/s, checksum:4586345594880
pressure report window:2.127535 s
t0_region>
[0]:39508
[1]:5756
[2]:25

t1_region>
[1]:40052
[2]:5134
[3]:104

t2_region>
[30]:27535
[31]:17084
[32]:666
[33]:3
[34]:2

t0_min: 0.50 us, round:11465
t0_max: 2.13 us, round:12062
t0_jitter: 1.63 us

t1_min: 1.33 us, round:39328
t1_max: 3.33 us, round:32121
t1_jitter: 2.00 us

t2_min: 30.25 us, round:5613
t2_max: 34.46 us, round:382
t2_jitter: 4.21 us

PMU diff samples: 45293
AVG DIFF LL_CACHE_RD: 45.49
AVG DIFF LL_CACHE_MISS_RD: 26.10
AVG DIFF L2D_CACHE_REFILL: 5.19
AVG DIFF L2D_CACHE_INVAL: 0.01
[cur diff] DIFF LL_CACHE_RD: 0, DIFF LL_CACHE_MISS_RD: 0, MISS_RATE: 0.00%
[cur diff] DIFF L2D_CACHE_REFILL: 0
[cur diff] DIFF L2D_CACHE_INVAL: 0
[max diff] DIFF LL_CACHE_RD: 77, DIFF LL_CACHE_MISS_RD: 64, MISS_RATE: 83.12%
[max diff] DIFF L2D_CACHE_REFILL: 25
[max diff] DIFF L2D_CACHE_INVAL: 17

===========================================================
taskpendcnt:45497
t0:625 ns
t1:1791 ns
t2:30958 ns
benchmark: Franka-derived Cartesian-impedance kernel, input trace:8, timer period:10.000 ms
controller source: franka_ros2 jazzy@73a1501d, updates:45508, SVD sweeps:5
pose error:[0.010000 0.015000 0.010000 -0.000000 0.049979 -0.000000]
tau[0:6]:[-0.274004 -0.324180 0.001577 -0.231466 0.050986 -0.328952 0.010844]
kernel exec min/avg/max: 28.58 / 29.22 / 31.21 us, samples:45500
pressure status:1, copy rounds total/window:3461/17, 7.99 rounds/s
pressure logical copy:34610.00 MiB total, approx 79.89 MiB/s, checksum:4608984350720
pressure report window:2.128046 s
t0_region>
[0]:39695
[1]:5782
[2]:25

t1_region>
[1]:40239
[2]:5158
[3]:105

t2_region>
[30]:27662
[31]:17165
[32]:671
[33]:3
[34]:2

t0_min: 0.50 us, round:11465
t0_max: 2.13 us, round:12062
t0_jitter: 1.63 us

t1_min: 1.33 us, round:39328
t1_max: 3.33 us, round:32121
t1_jitter: 2.00 us

t2_min: 30.25 us, round:5613
t2_max: 34.46 us, round:382
t2_jitter: 4.21 us

PMU diff samples: 45505
AVG DIFF LL_CACHE_RD: 45.48
AVG DIFF LL_CACHE_MISS_RD: 26.10
AVG DIFF L2D_CACHE_REFILL: 5.19
AVG DIFF L2D_CACHE_INVAL: 0.01
[cur diff] DIFF LL_CACHE_RD: 0, DIFF LL_CACHE_MISS_RD: 0, MISS_RATE: 0.00%
[cur diff] DIFF L2D_CACHE_REFILL: 0
[cur diff] DIFF L2D_CACHE_INVAL: 0
[max diff] DIFF LL_CACHE_RD: 77, DIFF LL_CACHE_MISS_RD: 64, MISS_RATE: 83.12%
[max diff] DIFF L2D_CACHE_REFILL: 25
[max diff] DIFF L2D_CACHE_INVAL: 17

===========================================================
taskpendcnt:45709
t0:875 ns
t1:1750 ns
t2:30916 ns
benchmark: Franka-derived Cartesian-impedance kernel, input trace:8, timer period:10.000 ms
controller source: franka_ros2 jazzy@73a1501d, updates:45721, SVD sweeps:5
pose error:[0.010000 0.015000 0.010000 -0.000000 0.049979 -0.000000]
tau[0:6]:[-2.781770 -1.613002 -1.930139 -1.581803 -1.382951 -0.390599 -0.663394]
kernel exec min/avg/max: 28.58 / 29.22 / 31.21 us, samples:45713
pressure status:1, copy rounds total/window:3477/16, 7.52 rounds/s
pressure logical copy:34770.00 MiB total, approx 75.18 MiB/s, checksum:4630291415040
pressure report window:2.128136 s
t0_region>
[0]:39874
[1]:5816
[2]:25

t1_region>
[1]:40425
[2]:5185
[3]:105

t2_region>
[30]:27780
[31]:17258
[32]:673
[33]:3
[34]:2

t0_min: 0.50 us, round:11465
t0_max: 2.13 us, round:12062
t0_jitter: 1.63 us

t1_min: 1.33 us, round:39328
t1_max: 3.33 us, round:32121
t1_jitter: 2.00 us

t2_min: 30.25 us, round:5613
t2_max: 34.46 us, round:382
t2_jitter: 4.21 us

PMU diff samples: 45718
AVG DIFF LL_CACHE_RD: 45.49
AVG DIFF LL_CACHE_MISS_RD: 26.10
AVG DIFF L2D_CACHE_REFILL: 5.20
AVG DIFF L2D_CACHE_INVAL: 0.01
[cur diff] DIFF LL_CACHE_RD: 0, DIFF LL_CACHE_MISS_RD: 0, MISS_RATE: 0.00%
[cur diff] DIFF L2D_CACHE_REFILL: 0
[cur diff] DIFF L2D_CACHE_INVAL: 0
[max diff] DIFF LL_CACHE_RD: 77, DIFF LL_CACHE_MISS_RD: 64, MISS_RATE: 83.12%
[max diff] DIFF L2D_CACHE_REFILL: 25
[max diff] DIFF L2D_CACHE_INVAL: 17

===========================================================
taskpendcnt:45922
t0:750 ns
t1:1625 ns
t2:30583 ns
benchmark: Franka-derived Cartesian-impedance kernel, input trace:8, timer period:10.000 ms
controller source: franka_ros2 jazzy@73a1501d, updates:45933, SVD sweeps:5
pose error:[0.010000 0.015000 0.010000 -0.000000 0.049979 -0.000000]
tau[0:6]:[1.228026 0.081850 0.819520 0.875435 0.745706 -0.833381 0.398995]
kernel exec min/avg/max: 28.58 / 29.22 / 31.21 us, samples:45925
pressure status:1, copy rounds total/window:3493/16, 7.52 rounds/s
pressure logical copy:34930.00 MiB total, approx 75.21 MiB/s, checksum:4651598479360
pressure report window:2.127346 s
t0_region>
[0]:40059
[1]:5844
[2]:25

t1_region>
[1]:40613
[2]:5210
[3]:105

t2_region>
[30]:27910
[31]:17335
[32]:678
[33]:3
[34]:2

t0_min: 0.50 us, round:11465
t0_max: 2.13 us, round:12062
t0_jitter: 1.63 us

t1_min: 1.33 us, round:39328
t1_max: 3.33 us, round:32121
t1_jitter: 2.00 us

t2_min: 30.25 us, round:5613
t2_max: 34.46 us, round:382
t2_jitter: 4.21 us

PMU diff samples: 45931
AVG DIFF LL_CACHE_RD: 45.48
AVG DIFF LL_CACHE_MISS_RD: 26.11
AVG DIFF L2D_CACHE_REFILL: 5.20
AVG DIFF L2D_CACHE_INVAL: 0.01
[cur diff] DIFF LL_CACHE_RD: 0, DIFF LL_CACHE_MISS_RD: 0, MISS_RATE: 0.00%
[cur diff] DIFF L2D_CACHE_REFILL: 0
[cur diff] DIFF L2D_CACHE_INVAL: 0
[max diff] DIFF LL_CACHE_RD: 77, DIFF LL_CACHE_MISS_RD: 64, MISS_RATE: 83.12%
[max diff] DIFF L2D_CACHE_REFILL: 25
[max diff] DIFF L2D_CACHE_INVAL: 17

===========================================================
taskpendcnt:46135
t0:708 ns
t1:1583 ns
t2:30458 ns
benchmark: Franka-derived Cartesian-impedance kernel, input trace:8, timer period:10.000 ms
controller source: franka_ros2 jazzy@73a1501d, updates:46146, SVD sweeps:5
pose error:[0.010000 0.015000 0.010000 -0.000000 0.049979 -0.000000]
tau[0:6]:[-2.379368 -1.292411 -1.655224 -1.570015 -1.185234 -0.066588 -0.610247]
kernel exec min/avg/max: 28.58 / 29.22 / 31.21 us, samples:46138
pressure status:1, copy rounds total/window:3509/16, 7.52 rounds/s
pressure logical copy:35090.00 MiB total, approx 75.17 MiB/s, checksum:4672905543680
pressure report window:2.128396 s
t0_region>
[0]:40239
[1]:5876
[2]:25

t1_region>
[1]:40798
[2]:5237
[3]:106

t2_region>
[30]:28032
[31]:17422
[32]:682
[33]:3
[34]:2

t0_min: 0.50 us, round:11465
t0_max: 2.13 us, round:12062
t0_jitter: 1.63 us

t1_min: 1.33 us, round:39328
t1_max: 3.33 us, round:32121
t1_jitter: 2.00 us

t2_min: 30.21 us, round:46132
t2_max: 34.46 us, round:382
t2_jitter: 4.25 us

PMU diff samples: 46144
AVG DIFF LL_CACHE_RD: 45.49
AVG DIFF LL_CACHE_MISS_RD: 26.12
AVG DIFF L2D_CACHE_REFILL: 5.20
AVG DIFF L2D_CACHE_INVAL: 0.01
[cur diff] DIFF LL_CACHE_RD: 0, DIFF LL_CACHE_MISS_RD: 0, MISS_RATE: 0.00%
[cur diff] DIFF L2D_CACHE_REFILL: 0
[cur diff] DIFF L2D_CACHE_INVAL: 0
[max diff] DIFF LL_CACHE_RD: 77, DIFF LL_CACHE_MISS_RD: 64, MISS_RATE: 83.12%
[max diff] DIFF L2D_CACHE_REFILL: 25
[max diff] DIFF L2D_CACHE_INVAL: 17

===========================================================
taskpendcnt:46348
t0:958 ns
t1:1833 ns
t2:31000 ns
benchmark: Franka-derived Cartesian-impedance kernel, input trace:8, timer period:10.000 ms
controller source: franka_ros2 jazzy@73a1501d, updates:46359, SVD sweeps:5
pose error:[0.010000 0.015000 0.010000 -0.000000 0.049979 -0.000000]
tau[0:6]:[1.376914 -0.104433 0.790225 0.843903 0.642107 -0.956178 0.423547]
kernel exec min/avg/max: 28.58 / 29.22 / 31.21 us, samples:46351
pressure status:1, copy rounds total/window:3525/16, 7.52 rounds/s
pressure logical copy:35250.00 MiB total, approx 75.17 MiB/s, checksum:4694212608000
pressure report window:2.128437 s
t0_region>
[0]:40426
[1]:5902
[2]:25

t1_region>
[1]:40985
[2]:5263
[3]:106

t2_region>
[30]:28161
[31]:17506
[32]:682
[33]:3
[34]:2

t0_min: 0.50 us, round:11465
t0_max: 2.13 us, round:12062
t0_jitter: 1.63 us

t1_min: 1.33 us, round:39328
t1_max: 3.33 us, round:32121
t1_jitter: 2.00 us

t2_min: 30.21 us, round:46132
t2_max: 34.46 us, round:382
t2_jitter: 4.25 us

PMU diff samples: 46357
AVG DIFF LL_CACHE_RD: 45.49
AVG DIFF LL_CACHE_MISS_RD: 26.14
AVG DIFF L2D_CACHE_REFILL: 5.20
AVG DIFF L2D_CACHE_INVAL: 0.01
[cur diff] DIFF LL_CACHE_RD: 0, DIFF LL_CACHE_MISS_RD: 0, MISS_RATE: 0.00%
[cur diff] DIFF L2D_CACHE_REFILL: 0
[cur diff] DIFF L2D_CACHE_INVAL: 0
[max diff] DIFF LL_CACHE_RD: 77, DIFF LL_CACHE_MISS_RD: 64, MISS_RATE: 83.12%
[max diff] DIFF L2D_CACHE_REFILL: 25
[max diff] DIFF L2D_CACHE_INVAL: 17

===========================================================
taskpendcnt:46561
t0:916 ns
t1:1791 ns
t2:30666 ns
benchmark: Franka-derived Cartesian-impedance kernel, input trace:8, timer period:10.000 ms
controller source: franka_ros2 jazzy@73a1501d, updates:46572, SVD sweeps:5
pose error:[0.010000 0.015000 0.010000 -0.000000 0.049979 -0.000000]
tau[0:6]:[-0.274004 -0.324180 0.001577 -0.231466 0.050986 -0.328952 0.010844]
kernel exec min/avg/max: 28.58 / 29.22 / 31.21 us, samples:46564
pressure status:1, copy rounds total/window:3542/17, 7.99 rounds/s
pressure logical copy:35420.00 MiB total, approx 79.89 MiB/s, checksum:4716851363840
pressure report window:2.128049 s
t0_region>
[0]:40613
[1]:5928
[2]:25

t1_region>
[1]:41176
[2]:5284
[3]:107

t2_region>
[30]:28304
[31]:17572
[32]:686
[33]:3
[34]:2

t0_min: 0.50 us, round:11465
t0_max: 2.13 us, round:12062
t0_jitter: 1.63 us

t1_min: 1.33 us, round:39328
t1_max: 3.33 us, round:32121
t1_jitter: 2.00 us

t2_min: 30.21 us, round:46132
t2_max: 34.46 us, round:382
t2_jitter: 4.25 us

PMU diff samples: 46569
AVG DIFF LL_CACHE_RD: 45.50
AVG DIFF LL_CACHE_MISS_RD: 26.16
AVG DIFF L2D_CACHE_REFILL: 5.20
AVG DIFF L2D_CACHE_INVAL: 0.01
[cur diff] DIFF LL_CACHE_RD: 0, DIFF LL_CACHE_MISS_RD: 0, MISS_RATE: 0.00%
[cur diff] DIFF L2D_CACHE_REFILL: 0
[cur diff] DIFF L2D_CACHE_INVAL: 0
[max diff] DIFF LL_CACHE_RD: 77, DIFF LL_CACHE_MISS_RD: 64, MISS_RATE: 83.12%
[max diff] DIFF L2D_CACHE_REFILL: 25
[max diff] DIFF L2D_CACHE_INVAL: 17

===========================================================
taskpendcnt:46773
t0:875 ns
t1:2041 ns
t2:30916 ns
benchmark: Franka-derived Cartesian-impedance kernel, input trace:8, timer period:10.000 ms
controller source: franka_ros2 jazzy@73a1501d, updates:46785, SVD sweeps:5
pose error:[0.010000 0.015000 0.010000 -0.000000 0.049979 -0.000000]
tau[0:6]:[-2.781770 -1.613002 -1.930139 -1.581803 -1.382951 -0.390599 -0.663394]
kernel exec min/avg/max: 28.58 / 29.22 / 31.21 us, samples:46777
pressure status:1, copy rounds total/window:3558/16, 7.52 rounds/s
pressure logical copy:35580.00 MiB total, approx 75.18 MiB/s, checksum:4738158428160
pressure report window:2.128144 s
t0_region>
[0]:40802
[1]:5952
[2]:25

t1_region>
[1]:41357
[2]:5315
[3]:107

t2_region>
[30]:28428
[31]:17658
[32]:689
[33]:3
[34]:2

t0_min: 0.50 us, round:11465
t0_max: 2.13 us, round:12062
t0_jitter: 1.63 us

t1_min: 1.33 us, round:39328
t1_max: 3.33 us, round:32121
t1_jitter: 2.00 us

t2_min: 30.21 us, round:46132
t2_max: 34.46 us, round:382
t2_jitter: 4.25 us

PMU diff samples: 46782
AVG DIFF LL_CACHE_RD: 45.50
AVG DIFF LL_CACHE_MISS_RD: 26.18
AVG DIFF L2D_CACHE_REFILL: 5.20
AVG DIFF L2D_CACHE_INVAL: 0.01
[cur diff] DIFF LL_CACHE_RD: 0, DIFF LL_CACHE_MISS_RD: 0, MISS_RATE: 0.00%
[cur diff] DIFF L2D_CACHE_REFILL: 0
[cur diff] DIFF L2D_CACHE_INVAL: 0
[max diff] DIFF LL_CACHE_RD: 77, DIFF LL_CACHE_MISS_RD: 64, MISS_RATE: 83.12%
[max diff] DIFF L2D_CACHE_REFILL: 25
[max diff] DIFF L2D_CACHE_INVAL: 17

===========================================================
taskpendcnt:46986
t0:750 ns
t1:1708 ns
t2:31458 ns
benchmark: Franka-derived Cartesian-impedance kernel, input trace:8, timer period:10.000 ms
controller source: franka_ros2 jazzy@73a1501d, updates:46998, SVD sweeps:5
pose error:[0.010000 0.015000 0.010000 -0.000000 0.049979 -0.000000]
tau[0:6]:[1.228026 0.081850 0.819520 0.875435 0.745706 -0.833381 0.398995]
kernel exec min/avg/max: 28.58 / 29.22 / 31.21 us, samples:46989
pressure status:1, copy rounds total/window:3574/16, 7.52 rounds/s
pressure logical copy:35740.00 MiB total, approx 75.18 MiB/s, checksum:4759465492480
pressure report window:2.128360 s
t0_region>
[0]:40995
[1]:5971
[2]:26

t1_region>
[1]:41545
[2]:5340
[3]:107

t2_region>
[30]:28568
[31]:17728
[32]:692
[33]:3
[34]:2

t0_min: 0.50 us, round:11465
t0_max: 2.13 us, round:12062
t0_jitter: 1.63 us

t1_min: 1.33 us, round:39328
t1_max: 3.33 us, round:32121
t1_jitter: 2.00 us

t2_min: 30.21 us, round:46132
t2_max: 34.46 us, round:382
t2_jitter: 4.25 us

PMU diff samples: 46995
AVG DIFF LL_CACHE_RD: 45.50
AVG DIFF LL_CACHE_MISS_RD: 26.17
AVG DIFF L2D_CACHE_REFILL: 5.20
AVG DIFF L2D_CACHE_INVAL: 0.01
[cur diff] DIFF LL_CACHE_RD: 0, DIFF LL_CACHE_MISS_RD: 0, MISS_RATE: 0.00%
[cur diff] DIFF L2D_CACHE_REFILL: 0
[cur diff] DIFF L2D_CACHE_INVAL: 0
[max diff] DIFF LL_CACHE_RD: 77, DIFF LL_CACHE_MISS_RD: 64, MISS_RATE: 83.12%
[max diff] DIFF L2D_CACHE_REFILL: 25
[max diff] DIFF L2D_CACHE_INVAL: 17

===========================================================
taskpendcnt:47199
t0:708 ns
t1:1583 ns
t2:30750 ns
benchmark: Franka-derived Cartesian-impedance kernel, input trace:8, timer period:10.000 ms
controller source: franka_ros2 jazzy@73a1501d, updates:47210, SVD sweeps:5
pose error:[0.010000 0.015000 0.010000 -0.000000 0.049979 -0.000000]
tau[0:6]:[-1.839419 -0.921560 -1.193198 -1.195971 -0.861243 0.113634 -0.461388]
kernel exec min/avg/max: 28.58 / 29.22 / 31.21 us, samples:47202
pressure status:1, copy rounds total/window:3590/16, 7.52 rounds/s
pressure logical copy:35900.00 MiB total, approx 75.18 MiB/s, checksum:4780772556800
pressure report window:2.128311 s
t0_region>
[0]:41184
[1]:5995
[2]:26

t1_region>
[1]:41737
[2]:5361
[3]:107

t2_region>
[30]:28715
[31]:17791
[32]:694
[33]:3
[34]:2

t0_min: 0.50 us, round:11465
t0_max: 2.13 us, round:12062
t0_jitter: 1.63 us

t1_min: 1.33 us, round:39328
t1_max: 3.33 us, round:32121
t1_jitter: 2.00 us

t2_min: 30.21 us, round:46132
t2_max: 34.46 us, round:382
t2_jitter: 4.25 us

PMU diff samples: 47208
AVG DIFF LL_CACHE_RD: 45.50
AVG DIFF LL_CACHE_MISS_RD: 26.18
AVG DIFF L2D_CACHE_REFILL: 5.20
AVG DIFF L2D_CACHE_INVAL: 0.01
[cur diff] DIFF LL_CACHE_RD: 0, DIFF LL_CACHE_MISS_RD: 0, MISS_RATE: 0.00%
[cur diff] DIFF L2D_CACHE_REFILL: 0
[cur diff] DIFF L2D_CACHE_INVAL: 0
[max diff] DIFF LL_CACHE_RD: 77, DIFF LL_CACHE_MISS_RD: 64, MISS_RATE: 83.12%
[max diff] DIFF L2D_CACHE_REFILL: 25
[max diff] DIFF L2D_CACHE_INVAL: 17

===========================================================
taskpendcnt:47412
t0:1541 ns
t1:2416 ns
t2:31583 ns
benchmark: Franka-derived Cartesian-impedance kernel, input trace:8, timer period:10.000 ms
controller source: franka_ros2 jazzy@73a1501d, updates:47423, SVD sweeps:5
pose error:[0.010000 0.015000 0.010000 -0.000000 0.049979 -0.000000]
tau[0:6]:[1.376914 -0.104433 0.790225 0.843903 0.642107 -0.956178 0.423547]
kernel exec min/avg/max: 28.58 / 29.22 / 31.21 us, samples:47415
pressure status:1, copy rounds total/window:3606/16, 7.52 rounds/s
pressure logical copy:36060.00 MiB total, approx 75.20 MiB/s, checksum:4802079621120
pressure report window:2.127610 s
t0_region>
[0]:41366
[1]:6025
[2]:26

t1_region>
[1]:41925
[2]:5385
[3]:108

t2_region>
[30]:28838
[31]:17877
[32]:698
[33]:3
[34]:2

t0_min: 0.50 us, round:11465
t0_max: 2.13 us, round:12062
t0_jitter: 1.63 us

t1_min: 1.33 us, round:39328
t1_max: 3.33 us, round:32121
t1_jitter: 2.00 us

t2_min: 30.21 us, round:46132
t2_max: 34.46 us, round:382
t2_jitter: 4.25 us

PMU diff samples: 47421
AVG DIFF LL_CACHE_RD: 45.50
AVG DIFF LL_CACHE_MISS_RD: 26.17
AVG DIFF L2D_CACHE_REFILL: 5.21
AVG DIFF L2D_CACHE_INVAL: 0.01
[cur diff] DIFF LL_CACHE_RD: 0, DIFF LL_CACHE_MISS_RD: 0, MISS_RATE: 0.00%
[cur diff] DIFF L2D_CACHE_REFILL: 0
[cur diff] DIFF L2D_CACHE_INVAL: 0
[max diff] DIFF LL_CACHE_RD: 77, DIFF LL_CACHE_MISS_RD: 64, MISS_RATE: 83.12%
[max diff] DIFF L2D_CACHE_REFILL: 25
[max diff] DIFF L2D_CACHE_INVAL: 17

===========================================================
taskpendcnt:47625
t0:916 ns
t1:1791 ns
t2:30958 ns
benchmark: Franka-derived Cartesian-impedance kernel, input trace:8, timer period:10.000 ms
controller source: franka_ros2 jazzy@73a1501d, updates:47636, SVD sweeps:5
pose error:[0.010000 0.015000 0.010000 -0.000000 0.049979 -0.000000]
tau[0:6]:[-0.274004 -0.324180 0.001577 -0.231466 0.050986 -0.328952 0.010844]
kernel exec min/avg/max: 28.58 / 29.22 / 31.21 us, samples:47628
pressure status:1, copy rounds total/window:3622/16, 7.52 rounds/s
pressure logical copy:36220.00 MiB total, approx 75.19 MiB/s, checksum:4823386685440
pressure report window:2.127959 s
t0_region>
[0]:41550
[1]:6053
[2]:27

t1_region>
[1]:42115
[2]:5408
[3]:108

t2_region>
[30]:28960
[31]:17965
[32]:701
[33]:3
[34]:2

t0_min: 0.50 us, round:11465
t0_max: 2.13 us, round:12062
t0_jitter: 1.63 us

t1_min: 1.33 us, round:39328
t1_max: 3.33 us, round:32121
t1_jitter: 2.00 us

t2_min: 30.21 us, round:46132
t2_max: 34.46 us, round:382
t2_jitter: 4.25 us

PMU diff samples: 47633
AVG DIFF LL_CACHE_RD: 45.51
AVG DIFF LL_CACHE_MISS_RD: 26.17
AVG DIFF L2D_CACHE_REFILL: 5.21
AVG DIFF L2D_CACHE_INVAL: 0.01
[cur diff] DIFF LL_CACHE_RD: 0, DIFF LL_CACHE_MISS_RD: 0, MISS_RATE: 0.00%
[cur diff] DIFF L2D_CACHE_REFILL: 0
[cur diff] DIFF L2D_CACHE_INVAL: 0
[max diff] DIFF LL_CACHE_RD: 77, DIFF LL_CACHE_MISS_RD: 64, MISS_RATE: 83.12%
[max diff] DIFF L2D_CACHE_REFILL: 25
[max diff] DIFF L2D_CACHE_INVAL: 17

===========================================================
taskpendcnt:47837
t0:1166 ns
t1:2041 ns
t2:31208 ns
benchmark: Franka-derived Cartesian-impedance kernel, input trace:8, timer period:10.000 ms
controller source: franka_ros2 jazzy@73a1501d, updates:47849, SVD sweeps:5
pose error:[0.010000 0.015000 0.010000 -0.000000 0.049979 -0.000000]
tau[0:6]:[-2.781770 -1.613002 -1.930139 -1.581803 -1.382951 -0.390599 -0.663394]
kernel exec min/avg/max: 28.58 / 29.22 / 31.21 us, samples:47841
pressure status:1, copy rounds total/window:3639/17, 7.99 rounds/s
pressure logical copy:36390.00 MiB total, approx 79.88 MiB/s, checksum:4846025441280
pressure report window:2.128218 s
t0_region>
[0]:41733
[1]:6083
[2]:27

t1_region>
[1]:42301
[2]:5434
[3]:108

t2_region>
[30]:29076
[31]:18058
[32]:705
[33]:3
[34]:2

t0_min: 0.50 us, round:11465
t0_max: 2.13 us, round:12062
t0_jitter: 1.63 us

t1_min: 1.33 us, round:39328
t1_max: 3.33 us, round:32121
t1_jitter: 2.00 us

t2_min: 30.21 us, round:46132
t2_max: 34.46 us, round:382
t2_jitter: 4.25 us

PMU diff samples: 47846
AVG DIFF LL_CACHE_RD: 45.51
AVG DIFF LL_CACHE_MISS_RD: 26.16
AVG DIFF L2D_CACHE_REFILL: 5.21
AVG DIFF L2D_CACHE_INVAL: 0.01
[cur diff] DIFF LL_CACHE_RD: 0, DIFF LL_CACHE_MISS_RD: 0, MISS_RATE: 0.00%
[cur diff] DIFF L2D_CACHE_REFILL: 0
[cur diff] DIFF L2D_CACHE_INVAL: 0
[max diff] DIFF LL_CACHE_RD: 77, DIFF LL_CACHE_MISS_RD: 64, MISS_RATE: 83.12%
[max diff] DIFF L2D_CACHE_REFILL: 25
[max diff] DIFF L2D_CACHE_INVAL: 17

===========================================================
taskpendcnt:48050
t0:750 ns
t1:1708 ns
t2:31166 ns
benchmark: Franka-derived Cartesian-impedance kernel, input trace:8, timer period:10.000 ms
controller source: franka_ros2 jazzy@73a1501d, updates:48062, SVD sweeps:5
pose error:[0.010000 0.015000 0.010000 -0.000000 0.049979 -0.000000]
tau[0:6]:[1.228026 0.081850 0.819520 0.875435 0.745706 -0.833381 0.398995]
kernel exec min/avg/max: 28.58 / 29.22 / 31.21 us, samples:48054
pressure status:1, copy rounds total/window:3655/16, 7.52 rounds/s
pressure logical copy:36550.00 MiB total, approx 75.18 MiB/s, checksum:4867332505600
pressure report window:2.128263 s
t0_region>
[0]:41917
[1]:6112
[2]:27

t1_region>
[1]:42489
[2]:5459
[3]:108

t2_region>
[30]:29208
[31]:18137
[32]:707
[33]:3
[34]:2

t0_min: 0.50 us, round:11465
t0_max: 2.13 us, round:12062
t0_jitter: 1.63 us

t1_min: 1.33 us, round:39328
t1_max: 3.33 us, round:32121
t1_jitter: 2.00 us

t2_min: 30.21 us, round:46132
t2_max: 34.46 us, round:382
t2_jitter: 4.25 us

PMU diff samples: 48059
AVG DIFF LL_CACHE_RD: 45.50
AVG DIFF LL_CACHE_MISS_RD: 26.15
AVG DIFF L2D_CACHE_REFILL: 5.21
AVG DIFF L2D_CACHE_INVAL: 0.01
[cur diff] DIFF LL_CACHE_RD: 0, DIFF LL_CACHE_MISS_RD: 0, MISS_RATE: 0.00%
[cur diff] DIFF L2D_CACHE_REFILL: 0
[cur diff] DIFF L2D_CACHE_INVAL: 0
[max diff] DIFF LL_CACHE_RD: 77, DIFF LL_CACHE_MISS_RD: 64, MISS_RATE: 83.12%
[max diff] DIFF L2D_CACHE_REFILL: 25
[max diff] DIFF L2D_CACHE_INVAL: 17

===========================================================
taskpendcnt:48263
t0:708 ns
t1:1583 ns
t2:30750 ns
benchmark: Franka-derived Cartesian-impedance kernel, input trace:8, timer period:10.000 ms
controller source: franka_ros2 jazzy@73a1501d, updates:48274, SVD sweeps:5
pose error:[0.010000 0.015000 0.010000 -0.000000 0.049979 -0.000000]
tau[0:6]:[-1.839419 -0.921560 -1.193198 -1.195971 -0.861243 0.113634 -0.461388]
kernel exec min/avg/max: 28.58 / 29.22 / 31.21 us, samples:48266
pressure status:1, copy rounds total/window:3671/16, 7.52 rounds/s
pressure logical copy:36710.00 MiB total, approx 75.18 MiB/s, checksum:4888639569920
pressure report window:2.128311 s
t0_region>
[0]:42103
[1]:6139
[2]:27

t1_region>
[1]:42672
[2]:5489
[3]:108

t2_region>
[30]:29352
[31]:18203
[32]:709
[33]:3
[34]:2

t0_min: 0.50 us, round:11465
t0_max: 2.13 us, round:12062
t0_jitter: 1.63 us

t1_min: 1.33 us, round:39328
t1_max: 3.33 us, round:32121
t1_jitter: 2.00 us

t2_min: 30.21 us, round:46132
t2_max: 34.46 us, round:382
t2_jitter: 4.25 us

PMU diff samples: 48272
AVG DIFF LL_CACHE_RD: 45.50
AVG DIFF LL_CACHE_MISS_RD: 26.15
AVG DIFF L2D_CACHE_REFILL: 5.21
AVG DIFF L2D_CACHE_INVAL: 0.01
[cur diff] DIFF LL_CACHE_RD: 0, DIFF LL_CACHE_MISS_RD: 0, MISS_RATE: 0.00%
[cur diff] DIFF L2D_CACHE_REFILL: 0
[cur diff] DIFF L2D_CACHE_INVAL: 0
[max diff] DIFF LL_CACHE_RD: 77, DIFF LL_CACHE_MISS_RD: 64, MISS_RATE: 83.12%
[max diff] DIFF L2D_CACHE_REFILL: 25
[max diff] DIFF L2D_CACHE_INVAL: 17

===========================================================
taskpendcnt:48476
t0:666 ns
t1:1541 ns
t2:30708 ns
benchmark: Franka-derived Cartesian-impedance kernel, input trace:8, timer period:10.000 ms
controller source: franka_ros2 jazzy@73a1501d, updates:48487, SVD sweeps:5
pose error:[0.010000 0.015000 0.010000 -0.000000 0.049979 -0.000000]
tau[0:6]:[1.376914 -0.104433 0.790225 0.843903 0.642107 -0.956178 0.423547]
kernel exec min/avg/max: 28.58 / 29.22 / 31.21 us, samples:48479
pressure status:1, copy rounds total/window:3687/16, 7.52 rounds/s
pressure logical copy:36870.00 MiB total, approx 75.20 MiB/s, checksum:4909946634240
pressure report window:2.127535 s
t0_region>
[0]:42288
[1]:6166
[2]:27

t1_region>
[1]:42859
[2]:5514
[3]:109

t2_region>
[30]:29492
[31]:18272
[32]:713
[33]:3
[34]:2

t0_min: 0.50 us, round:11465
t0_max: 2.13 us, round:12062
t0_jitter: 1.63 us

t1_min: 1.33 us, round:39328
t1_max: 3.33 us, round:32121
t1_jitter: 2.00 us

t2_min: 30.21 us, round:46132
t2_max: 34.46 us, round:382
t2_jitter: 4.25 us

PMU diff samples: 48485
AVG DIFF LL_CACHE_RD: 45.50
AVG DIFF LL_CACHE_MISS_RD: 26.14
AVG DIFF L2D_CACHE_REFILL: 5.21
AVG DIFF L2D_CACHE_INVAL: 0.01
[cur diff] DIFF LL_CACHE_RD: 0, DIFF LL_CACHE_MISS_RD: 0, MISS_RATE: 0.00%
[cur diff] DIFF L2D_CACHE_REFILL: 0
[cur diff] DIFF L2D_CACHE_INVAL: 0
[max diff] DIFF LL_CACHE_RD: 77, DIFF LL_CACHE_MISS_RD: 64, MISS_RATE: 83.12%
[max diff] DIFF L2D_CACHE_REFILL: 25
[max diff] DIFF L2D_CACHE_INVAL: 17

===========================================================
taskpendcnt:48689
t0:1500 ns
t1:2375 ns
t2:32416 ns
benchmark: Franka-derived Cartesian-impedance kernel, input trace:8, timer period:10.000 ms
controller source: franka_ros2 jazzy@73a1501d, updates:48700, SVD sweeps:5
pose error:[0.010000 0.015000 0.010000 -0.000000 0.049979 -0.000000]
tau[0:6]:[-0.274004 -0.324180 0.001577 -0.231466 0.050986 -0.328952 0.010844]
kernel exec min/avg/max: 28.58 / 29.22 / 31.21 us, samples:48692
pressure status:1, copy rounds total/window:3703/16, 7.52 rounds/s
pressure logical copy:37030.00 MiB total, approx 75.18 MiB/s, checksum:4931253698560
pressure report window:2.128148 s
t0_region>
[0]:42476
[1]:6191
[2]:27

t1_region>
[1]:43049
[2]:5537
[3]:109

t2_region>
[30]:29615
[31]:18358
[32]:717
[33]:3
[34]:2

t0_min: 0.50 us, round:11465
t0_max: 2.13 us, round:12062
t0_jitter: 1.63 us

t1_min: 1.33 us, round:39328
t1_max: 3.33 us, round:32121
t1_jitter: 2.00 us

t2_min: 30.21 us, round:46132
t2_max: 34.46 us, round:382
t2_jitter: 4.25 us

PMU diff samples: 48698
AVG DIFF LL_CACHE_RD: 45.51
AVG DIFF LL_CACHE_MISS_RD: 26.15
AVG DIFF L2D_CACHE_REFILL: 5.21
AVG DIFF L2D_CACHE_INVAL: 0.01
[cur diff] DIFF LL_CACHE_RD: 0, DIFF LL_CACHE_MISS_RD: 0, MISS_RATE: 0.00%
[cur diff] DIFF L2D_CACHE_REFILL: 0
[cur diff] DIFF L2D_CACHE_INVAL: 0
[max diff] DIFF LL_CACHE_RD: 77, DIFF LL_CACHE_MISS_RD: 64, MISS_RATE: 83.12%
[max diff] DIFF L2D_CACHE_REFILL: 25
[max diff] DIFF L2D_CACHE_INVAL: 17

===========================================================
taskpendcnt:48901
t0:875 ns
t1:2041 ns
t2:31208 ns
benchmark: Franka-derived Cartesian-impedance kernel, input trace:8, timer period:10.000 ms
controller source: franka_ros2 jazzy@73a1501d, updates:48913, SVD sweeps:5
pose error:[0.010000 0.015000 0.010000 -0.000000 0.049979 -0.000000]
tau[0:6]:[-2.781770 -1.613002 -1.930139 -1.581803 -1.382951 -0.390599 -0.663394]
kernel exec min/avg/max: 28.58 / 29.22 / 31.21 us, samples:48905
pressure status:1, copy rounds total/window:3719/16, 7.52 rounds/s
pressure logical copy:37190.00 MiB total, approx 75.19 MiB/s, checksum:4952560762880
pressure report window:2.128048 s
t0_region>
[0]:42662
[1]:6218
[2]:27

t1_region>
[1]:43238
[2]:5560
[3]:109

t2_region>
[30]:29729
[31]:18455
[32]:719
[33]:3
[34]:2

t0_min: 0.50 us, round:11465
t0_max: 2.13 us, round:12062
t0_jitter: 1.63 us

t1_min: 1.33 us, round:39328
t1_max: 3.33 us, round:32121
t1_jitter: 2.00 us

t2_min: 30.21 us, round:46132
t2_max: 34.46 us, round:382
t2_jitter: 4.25 us

PMU diff samples: 48910
AVG DIFF LL_CACHE_RD: 45.50
AVG DIFF LL_CACHE_MISS_RD: 26.16
AVG DIFF L2D_CACHE_REFILL: 5.21
AVG DIFF L2D_CACHE_INVAL: 0.01
[cur diff] DIFF LL_CACHE_RD: 0, DIFF LL_CACHE_MISS_RD: 0, MISS_RATE: 0.00%
[cur diff] DIFF L2D_CACHE_REFILL: 0
[cur diff] DIFF L2D_CACHE_INVAL: 0
[max diff] DIFF LL_CACHE_RD: 77, DIFF LL_CACHE_MISS_RD: 64, MISS_RATE: 83.12%
[max diff] DIFF L2D_CACHE_REFILL: 25
[max diff] DIFF L2D_CACHE_INVAL: 17

===========================================================
taskpendcnt:49114
t0:1125 ns
t1:1708 ns
t2:31166 ns
benchmark: Franka-derived Cartesian-impedance kernel, input trace:8, timer period:10.000 ms
controller source: franka_ros2 jazzy@73a1501d, updates:49126, SVD sweeps:5
pose error:[0.010000 0.015000 0.010000 -0.000000 0.049979 -0.000000]
tau[0:6]:[1.228026 0.081850 0.819520 0.875435 0.745706 -0.833381 0.398995]
kernel exec min/avg/max: 28.58 / 29.22 / 31.21 us, samples:49118
pressure status:1, copy rounds total/window:3736/17, 7.99 rounds/s
pressure logical copy:37360.00 MiB total, approx 79.87 MiB/s, checksum:4975199518720
pressure report window:2.128441 s
t0_region>
[0]:42847
[1]:6246
[2]:27

t1_region>
[1]:43428
[2]:5583
[3]:109

t2_region>
[30]:29863
[31]:18532
[32]:721
[33]:3
[34]:2

t0_min: 0.50 us, round:11465
t0_max: 2.13 us, round:12062
t0_jitter: 1.63 us

t1_min: 1.33 us, round:39328
t1_max: 3.33 us, round:32121
t1_jitter: 2.00 us

t2_min: 30.21 us, round:46132
t2_max: 34.46 us, round:382
t2_jitter: 4.25 us

PMU diff samples: 49123
AVG DIFF LL_CACHE_RD: 45.50
AVG DIFF LL_CACHE_MISS_RD: 26.17
AVG DIFF L2D_CACHE_REFILL: 5.21
AVG DIFF L2D_CACHE_INVAL: 0.01
[cur diff] DIFF LL_CACHE_RD: 0, DIFF LL_CACHE_MISS_RD: 0, MISS_RATE: 0.00%
[cur diff] DIFF L2D_CACHE_REFILL: 0
[cur diff] DIFF L2D_CACHE_INVAL: 0
[max diff] DIFF LL_CACHE_RD: 77, DIFF LL_CACHE_MISS_RD: 64, MISS_RATE: 83.12%
[max diff] DIFF L2D_CACHE_REFILL: 25
[max diff] DIFF L2D_CACHE_INVAL: 17

===========================================================
taskpendcnt:49327
t0:708 ns
t1:1875 ns
t2:31125 ns
benchmark: Franka-derived Cartesian-impedance kernel, input trace:8, timer period:10.000 ms
controller source: franka_ros2 jazzy@73a1501d, updates:49338, SVD sweeps:5
pose error:[0.010000 0.015000 0.010000 -0.000000 0.049979 -0.000000]
tau[0:6]:[-1.839419 -0.921560 -1.193198 -1.195971 -0.861243 0.113634 -0.461388]
kernel exec min/avg/max: 28.58 / 29.22 / 31.21 us, samples:49330
pressure status:1, copy rounds total/window:3752/16, 7.52 rounds/s
pressure logical copy:37520.00 MiB total, approx 75.18 MiB/s, checksum:4996506583040
pressure report window:2.128217 s
t0_region>
[0]:43036
[1]:6270
[2]:27

t1_region>
[1]:43615
[2]:5609
[3]:109

t2_region>
[30]:30000
[31]:18604
[32]:725
[33]:3
[34]:2

t0_min: 0.50 us, round:11465
t0_max: 2.13 us, round:12062
t0_jitter: 1.63 us

t1_min: 1.33 us, round:39328
t1_max: 3.33 us, round:32121
t1_jitter: 2.00 us

t2_min: 30.21 us, round:46132
t2_max: 34.46 us, round:382
t2_jitter: 4.25 us

PMU diff samples: 49336
AVG DIFF LL_CACHE_RD: 45.50
AVG DIFF LL_CACHE_MISS_RD: 26.16
AVG DIFF L2D_CACHE_REFILL: 5.21
AVG DIFF L2D_CACHE_INVAL: 0.01
[cur diff] DIFF LL_CACHE_RD: 0, DIFF LL_CACHE_MISS_RD: 0, MISS_RATE: 0.00%
[cur diff] DIFF L2D_CACHE_REFILL: 0
[cur diff] DIFF L2D_CACHE_INVAL: 0
[max diff] DIFF LL_CACHE_RD: 77, DIFF LL_CACHE_MISS_RD: 64, MISS_RATE: 83.12%
[max diff] DIFF L2D_CACHE_REFILL: 25
[max diff] DIFF L2D_CACHE_INVAL: 17

===========================================================
taskpendcnt:49540
t0:666 ns
t1:1541 ns
t2:31000 ns
benchmark: Franka-derived Cartesian-impedance kernel, input trace:8, timer period:10.000 ms
controller source: franka_ros2 jazzy@73a1501d, updates:49551, SVD sweeps:5
pose error:[0.010000 0.015000 0.010000 -0.000000 0.049979 -0.000000]
tau[0:6]:[1.376914 -0.104433 0.790225 0.843903 0.642107 -0.956178 0.423547]
kernel exec min/avg/max: 28.58 / 29.22 / 31.21 us, samples:49543
pressure status:1, copy rounds total/window:3768/16, 7.52 rounds/s
pressure logical copy:37680.00 MiB total, approx 75.20 MiB/s, checksum:5017813647360
pressure report window:2.127519 s
t0_region>
[0]:43221
[1]:6297
[2]:27

t1_region>
[1]:43804
[2]:5633
[3]:109

t2_region>
[30]:30135
[31]:18678
[32]:728
[33]:3
[34]:2

t0_min: 0.50 us, round:11465
t0_max: 2.13 us, round:12062
t0_jitter: 1.63 us

t1_min: 1.33 us, round:39328
t1_max: 3.33 us, round:32121
t1_jitter: 2.00 us

t2_min: 30.21 us, round:46132
t2_max: 34.46 us, round:382
t2_jitter: 4.25 us

PMU diff samples: 49549
AVG DIFF LL_CACHE_RD: 45.51
AVG DIFF LL_CACHE_MISS_RD: 26.17
AVG DIFF L2D_CACHE_REFILL: 5.21
AVG DIFF L2D_CACHE_INVAL: 0.01
[cur diff] DIFF LL_CACHE_RD: 0, DIFF LL_CACHE_MISS_RD: 0, MISS_RATE: 0.00%
[cur diff] DIFF L2D_CACHE_REFILL: 0
[cur diff] DIFF L2D_CACHE_INVAL: 0
[max diff] DIFF LL_CACHE_RD: 77, DIFF LL_CACHE_MISS_RD: 64, MISS_RATE: 83.12%
[max diff] DIFF L2D_CACHE_REFILL: 25
[max diff] DIFF L2D_CACHE_INVAL: 17

===========================================================
taskpendcnt:49753
t0:625 ns
t1:1791 ns
t2:30958 ns
benchmark: Franka-derived Cartesian-impedance kernel, input trace:8, timer period:10.000 ms
controller source: franka_ros2 jazzy@73a1501d, updates:49764, SVD sweeps:5
pose error:[0.010000 0.015000 0.010000 -0.000000 0.049979 -0.000000]
tau[0:6]:[-0.274004 -0.324180 0.001577 -0.231466 0.050986 -0.328952 0.010844]
kernel exec min/avg/max: 28.58 / 29.22 / 31.21 us, samples:49756
pressure status:1, copy rounds total/window:3784/16, 7.52 rounds/s
pressure logical copy:37840.00 MiB total, approx 75.19 MiB/s, checksum:5039120711680
pressure report window:2.128046 s
t0_region>
[0]:43411
[1]:6320
[2]:27

t1_region>
[1]:43990
[2]:5659
[3]:110

t2_region>
[30]:30276
[31]:18746
[32]:732
[33]:3
[34]:2

t0_min: 0.50 us, round:11465
t0_max: 2.13 us, round:12062
t0_jitter: 1.63 us

t1_min: 1.33 us, round:39328
t1_max: 3.33 us, round:32121
t1_jitter: 2.00 us

t2_min: 30.21 us, round:46132
t2_max: 34.46 us, round:382
t2_jitter: 4.25 us

PMU diff samples: 49762
AVG DIFF LL_CACHE_RD: 45.50
AVG DIFF LL_CACHE_MISS_RD: 26.18
AVG DIFF L2D_CACHE_REFILL: 5.21
AVG DIFF L2D_CACHE_INVAL: 0.01
[cur diff] DIFF LL_CACHE_RD: 0, DIFF LL_CACHE_MISS_RD: 0, MISS_RATE: 0.00%
[cur diff] DIFF L2D_CACHE_REFILL: 0
[cur diff] DIFF L2D_CACHE_INVAL: 0
[max diff] DIFF LL_CACHE_RD: 77, DIFF LL_CACHE_MISS_RD: 64, MISS_RATE: 83.12%
[max diff] DIFF L2D_CACHE_REFILL: 25
[max diff] DIFF L2D_CACHE_INVAL: 17

===========================================================
taskpendcnt:49966
t0:1166 ns
t1:2041 ns
t2:31500 ns
benchmark: Franka-derived Cartesian-impedance kernel, input trace:8, timer period:10.000 ms
controller source: franka_ros2 jazzy@73a1501d, updates:49977, SVD sweeps:5
pose error:[0.010000 0.015000 0.010000 -0.000000 0.049979 -0.000000]
tau[0:6]:[-2.781770 -1.613002 -1.930139 -1.581803 -1.382951 -0.390599 -0.663394]
kernel exec min/avg/max: 28.58 / 29.22 / 31.21 us, samples:49969
pressure status:1, copy rounds total/window:3800/16, 7.52 rounds/s
pressure logical copy:38000.00 MiB total, approx 75.18 MiB/s, checksum:5060427776000
pressure report window:2.128225 s
t0_region>
[0]:43597
[1]:6347
[2]:27

t1_region>
[1]:44175
[2]:5685
[3]:111

t2_region>
[30]:30415
[31]:18814
[32]:738
[33]:3
[34]:2

t0_min: 0.50 us, round:11465
t0_max: 2.13 us, round:12062
t0_jitter: 1.63 us

t1_min: 1.33 us, round:39328
t1_max: 3.33 us, round:32121
t1_jitter: 2.00 us

t2_min: 30.21 us, round:46132
t2_max: 34.46 us, round:382
t2_jitter: 4.25 us

PMU diff samples: 49974
AVG DIFF LL_CACHE_RD: 45.51
AVG DIFF LL_CACHE_MISS_RD: 26.17
AVG DIFF L2D_CACHE_REFILL: 5.21
AVG DIFF L2D_CACHE_INVAL: 0.01
[cur diff] DIFF LL_CACHE_RD: 0, DIFF LL_CACHE_MISS_RD: 0, MISS_RATE: 0.00%
[cur diff] DIFF L2D_CACHE_REFILL: 0
[cur diff] DIFF L2D_CACHE_INVAL: 0
[max diff] DIFF LL_CACHE_RD: 77, DIFF LL_CACHE_MISS_RD: 64, MISS_RATE: 83.12%
[max diff] DIFF L2D_CACHE_REFILL: 25
[max diff] DIFF L2D_CACHE_INVAL: 17

===========================================================
taskpendcnt:50178
t0:1125 ns
t1:2000 ns
t2:31458 ns
benchmark: Franka-derived Cartesian-impedance kernel, input trace:8, timer period:10.000 ms
controller source: franka_ros2 jazzy@73a1501d, updates:50190, SVD sweeps:5
pose error:[0.010000 0.015000 0.010000 -0.000000 0.049979 -0.000000]
tau[0:6]:[1.228026 0.081850 0.819520 0.875435 0.745706 -0.833381 0.398995]
kernel exec min/avg/max: 28.58 / 29.22 / 31.21 us, samples:50182
pressure status:1, copy rounds total/window:3816/16, 7.52 rounds/s
pressure logical copy:38160.00 MiB total, approx 75.18 MiB/s, checksum:5081734840320
pressure report window:2.128362 s
t0_region>
[0]:43776
[1]:6381
[2]:27

t1_region>
[1]:44361
[2]:5712
[3]:111

t2_region>
[30]:30555
[31]:18881
[32]:744
[33]:3
[34]:2

t0_min: 0.50 us, round:11465
t0_max: 2.13 us, round:12062
t0_jitter: 1.63 us

t1_min: 1.33 us, round:39328
t1_max: 3.33 us, round:32121
t1_jitter: 2.00 us

t2_min: 30.21 us, round:46132
t2_max: 34.46 us, round:382
t2_jitter: 4.25 us

PMU diff samples: 50187
AVG DIFF LL_CACHE_RD: 45.50
AVG DIFF LL_CACHE_MISS_RD: 26.18
AVG DIFF L2D_CACHE_REFILL: 5.21
AVG DIFF L2D_CACHE_INVAL: 0.01
[cur diff] DIFF LL_CACHE_RD: 0, DIFF LL_CACHE_MISS_RD: 0, MISS_RATE: 0.00%
[cur diff] DIFF L2D_CACHE_REFILL: 0
[cur diff] DIFF L2D_CACHE_INVAL: 0
[max diff] DIFF LL_CACHE_RD: 77, DIFF LL_CACHE_MISS_RD: 64, MISS_RATE: 83.12%
[max diff] DIFF L2D_CACHE_REFILL: 25
[max diff] DIFF L2D_CACHE_INVAL: 17

===========================================================
taskpendcnt:50391
t0:708 ns
t1:1583 ns
t2:31708 ns
benchmark: Franka-derived Cartesian-impedance kernel, input trace:8, timer period:10.000 ms
controller source: franka_ros2 jazzy@73a1501d, updates:50402, SVD sweeps:5
pose error:[0.010000 0.015000 0.010000 -0.000000 0.049979 -0.000000]
tau[0:6]:[-1.839419 -0.921560 -1.193198 -1.195971 -0.861243 0.113634 -0.461388]
kernel exec min/avg/max: 28.58 / 29.22 / 31.21 us, samples:50394
pressure status:1, copy rounds total/window:3833/17, 7.99 rounds/s
pressure logical copy:38330.00 MiB total, approx 79.88 MiB/s, checksum:5104373596160
pressure report window:2.128224 s
t0_region>
[0]:43961
[1]:6409
[2]:27

t1_region>
[1]:44551
[2]:5735
[3]:111

t2_region>
[30]:30690
[31]:18955
[32]:747
[33]:4
[34]:2

t0_min: 0.50 us, round:11465
t0_max: 2.13 us, round:12062
t0_jitter: 1.63 us

t1_min: 1.33 us, round:39328
t1_max: 3.33 us, round:32121
t1_jitter: 2.00 us

t2_min: 30.21 us, round:46132
t2_max: 34.46 us, round:382
t2_jitter: 4.25 us

PMU diff samples: 50400
AVG DIFF LL_CACHE_RD: 45.50
AVG DIFF LL_CACHE_MISS_RD: 26.19
AVG DIFF L2D_CACHE_REFILL: 5.21
AVG DIFF L2D_CACHE_INVAL: 0.01
[cur diff] DIFF LL_CACHE_RD: 0, DIFF LL_CACHE_MISS_RD: 0, MISS_RATE: 0.00%
[cur diff] DIFF L2D_CACHE_REFILL: 0
[cur diff] DIFF L2D_CACHE_INVAL: 0
[max diff] DIFF LL_CACHE_RD: 77, DIFF LL_CACHE_MISS_RD: 64, MISS_RATE: 83.12%
[max diff] DIFF L2D_CACHE_REFILL: 25
[max diff] DIFF L2D_CACHE_INVAL: 17

===========================================================
taskpendcnt:50604
t0:666 ns
t1:1541 ns
t2:30708 ns
benchmark: Franka-derived Cartesian-impedance kernel, input trace:8, timer period:10.000 ms
controller source: franka_ros2 jazzy@73a1501d, updates:50615, SVD sweeps:5
pose error:[0.010000 0.015000 0.010000 -0.000000 0.049979 -0.000000]
tau[0:6]:[-0.567483 -0.552304 -0.482512 -0.231067 -0.297494 -0.656094 -0.085004]
kernel exec min/avg/max: 28.58 / 29.22 / 31.21 us, samples:50607
pressure status:1, copy rounds total/window:3849/16, 7.52 rounds/s
pressure logical copy:38490.00 MiB total, approx 75.19 MiB/s, checksum:5125680660480
pressure report window:2.127964 s
t0_region>
[0]:44150
[1]:6433
[2]:27

t1_region>
[1]:44740
[2]:5759
[3]:111

t2_region>
[30]:30825
[31]:19031
[32]:748
[33]:4
[34]:2

t0_min: 0.50 us, round:11465
t0_max: 2.13 us, round:12062
t0_jitter: 1.63 us

t1_min: 1.33 us, round:39328
t1_max: 3.33 us, round:32121
t1_jitter: 2.00 us

t2_min: 30.21 us, round:46132
t2_max: 34.46 us, round:382
t2_jitter: 4.25 us

PMU diff samples: 50613
AVG DIFF LL_CACHE_RD: 45.50
AVG DIFF LL_CACHE_MISS_RD: 26.17
AVG DIFF L2D_CACHE_REFILL: 5.21
AVG DIFF L2D_CACHE_INVAL: 0.01
[cur diff] DIFF LL_CACHE_RD: 0, DIFF LL_CACHE_MISS_RD: 0, MISS_RATE: 0.00%
[cur diff] DIFF L2D_CACHE_REFILL: 0
[cur diff] DIFF L2D_CACHE_INVAL: 0
[max diff] DIFF LL_CACHE_RD: 77, DIFF LL_CACHE_MISS_RD: 64, MISS_RATE: 83.12%
[max diff] DIFF L2D_CACHE_REFILL: 25
[max diff] DIFF L2D_CACHE_INVAL: 17

===========================================================
taskpendcnt:50817
t0:625 ns
t1:1500 ns
t2:30666 ns
benchmark: Franka-derived Cartesian-impedance kernel, input trace:8, timer period:10.000 ms
controller source: franka_ros2 jazzy@73a1501d, updates:50828, SVD sweeps:5
pose error:[0.010000 0.015000 0.010000 -0.000000 0.049979 -0.000000]
tau[0:6]:[-0.274004 -0.324180 0.001577 -0.231466 0.050986 -0.328952 0.010844]
kernel exec min/avg/max: 28.58 / 29.22 / 31.21 us, samples:50820
pressure status:1, copy rounds total/window:3865/16, 7.52 rounds/s
pressure logical copy:38650.00 MiB total, approx 75.17 MiB/s, checksum:5146987724800
pressure report window:2.128611 s
t0_region>
[0]:44336
[1]:6459
[2]:27

t1_region>
[1]:44928
[2]:5784
[3]:111

t2_region>
[30]:30948
[31]:19119
[32]:750
[33]:4
[34]:2

t0_min: 0.50 us, round:11465
t0_max: 2.13 us, round:12062
t0_jitter: 1.63 us

t1_min: 1.33 us, round:39328
t1_max: 3.33 us, round:32121
t1_jitter: 2.00 us

t2_min: 30.21 us, round:46132
t2_max: 34.46 us, round:382
t2_jitter: 4.25 us

PMU diff samples: 50826
AVG DIFF LL_CACHE_RD: 45.50
AVG DIFF LL_CACHE_MISS_RD: 26.16
AVG DIFF L2D_CACHE_REFILL: 5.21
AVG DIFF L2D_CACHE_INVAL: 0.01
[cur diff] DIFF LL_CACHE_RD: 0, DIFF LL_CACHE_MISS_RD: 0, MISS_RATE: 0.00%
[cur diff] DIFF L2D_CACHE_REFILL: 0
[cur diff] DIFF L2D_CACHE_INVAL: 0
[max diff] DIFF LL_CACHE_RD: 77, DIFF LL_CACHE_MISS_RD: 64, MISS_RATE: 83.12%
[max diff] DIFF L2D_CACHE_REFILL: 25
[max diff] DIFF L2D_CACHE_INVAL: 17

===========================================================
taskpendcnt:51030
t0:875 ns
t1:1750 ns
t2:30916 ns
benchmark: Franka-derived Cartesian-impedance kernel, input trace:8, timer period:10.000 ms
controller source: franka_ros2 jazzy@73a1501d, updates:51041, SVD sweeps:5
pose error:[0.010000 0.015000 0.010000 -0.000000 0.049979 -0.000000]
tau[0:6]:[-2.781770 -1.613002 -1.930139 -1.581803 -1.382951 -0.390599 -0.663394]
kernel exec min/avg/max: 28.58 / 29.22 / 31.21 us, samples:51033
pressure status:1, copy rounds total/window:3881/16, 7.52 rounds/s
pressure logical copy:38810.00 MiB total, approx 75.18 MiB/s, checksum:5168294789120
pressure report window:2.128133 s
t0_region>
[0]:44527
[1]:6481
[2]:27

t1_region>
[1]:45114
[2]:5811
[3]:111

t2_region>
[30]:31063
[31]:19212
[32]:755
[33]:4
[34]:2

t0_min: 0.50 us, round:11465
t0_max: 2.13 us, round:12062
t0_jitter: 1.63 us

t1_min: 1.33 us, round:39328
t1_max: 3.33 us, round:32121
t1_jitter: 2.00 us

t2_min: 30.21 us, round:46132
t2_max: 34.46 us, round:382
t2_jitter: 4.25 us

PMU diff samples: 51039
AVG DIFF LL_CACHE_RD: 45.51
AVG DIFF LL_CACHE_MISS_RD: 26.17
AVG DIFF L2D_CACHE_REFILL: 5.21
AVG DIFF L2D_CACHE_INVAL: 0.01
[cur diff] DIFF LL_CACHE_RD: 0, DIFF LL_CACHE_MISS_RD: 0, MISS_RATE: 0.00%
[cur diff] DIFF L2D_CACHE_REFILL: 0
[cur diff] DIFF L2D_CACHE_INVAL: 0
[max diff] DIFF LL_CACHE_RD: 77, DIFF LL_CACHE_MISS_RD: 64, MISS_RATE: 83.12%
[max diff] DIFF L2D_CACHE_REFILL: 25
[max diff] DIFF L2D_CACHE_INVAL: 17

===========================================================
taskpendcnt:51243
t0:833 ns
t1:2000 ns
t2:31166 ns
benchmark: Franka-derived Cartesian-impedance kernel, input trace:8, timer period:10.000 ms
controller source: franka_ros2 jazzy@73a1501d, updates:51254, SVD sweeps:5
pose error:[0.010000 0.015000 0.010000 -0.000000 0.049979 -0.000000]
tau[0:6]:[1.228026 0.081850 0.819520 0.875435 0.745706 -0.833381 0.398995]
kernel exec min/avg/max: 28.58 / 29.22 / 31.21 us, samples:51246
pressure status:1, copy rounds total/window:3897/16, 7.52 rounds/s
pressure logical copy:38970.00 MiB total, approx 75.18 MiB/s, checksum:5189601853440
pressure report window:2.128347 s
t0_region>
[0]:44718
[1]:6502
[2]:28

t1_region>
[1]:45300
[2]:5836
[3]:112

t2_region>
[30]:31182
[31]:19298
[32]:763
[33]:4
[34]:2

t0_min: 0.50 us, round:11465
t0_max: 2.13 us, round:12062
t0_jitter: 1.63 us

t1_min: 1.33 us, round:39328
t1_max: 3.33 us, round:32121
t1_jitter: 2.00 us

t2_min: 30.21 us, round:46132
t2_max: 34.46 us, round:382
t2_jitter: 4.25 us

PMU diff samples: 51251
AVG DIFF LL_CACHE_RD: 45.52
AVG DIFF LL_CACHE_MISS_RD: 26.19
AVG DIFF L2D_CACHE_REFILL: 5.22
AVG DIFF L2D_CACHE_INVAL: 0.01
[cur diff] DIFF LL_CACHE_RD: 0, DIFF LL_CACHE_MISS_RD: 0, MISS_RATE: 0.00%
[cur diff] DIFF L2D_CACHE_REFILL: 0
[cur diff] DIFF L2D_CACHE_INVAL: 0
[max diff] DIFF LL_CACHE_RD: 77, DIFF LL_CACHE_MISS_RD: 64, MISS_RATE: 83.12%
[max diff] DIFF L2D_CACHE_REFILL: 25
[max diff] DIFF L2D_CACHE_INVAL: 17

===========================================================
taskpendcnt:51455
t0:1000 ns
t1:1666 ns
t2:30833 ns
benchmark: Franka-derived Cartesian-impedance kernel, input trace:8, timer period:10.000 ms
controller source: franka_ros2 jazzy@73a1501d, updates:51467, SVD sweeps:5
pose error:[0.010000 0.015000 0.010000 -0.000000 0.049979 -0.000000]
tau[0:6]:[-1.839419 -0.921560 -1.193198 -1.195971 -0.861243 0.113634 -0.461388]
kernel exec min/avg/max: 28.58 / 29.22 / 31.21 us, samples:51459
pressure status:1, copy rounds total/window:3913/16, 7.52 rounds/s
pressure logical copy:39130.00 MiB total, approx 75.17 MiB/s, checksum:5210908917760
pressure report window:2.128397 s
t0_region>
[0]:44901
[1]:6532
[2]:28

t1_region>
[1]:45482
[2]:5867
[3]:112

t2_region>
[30]:31304
[31]:19387
[32]:765
[33]:4
[34]:2

t0_min: 0.50 us, round:11465
t0_max: 2.13 us, round:12062
t0_jitter: 1.63 us

t1_min: 1.33 us, round:39328
t1_max: 3.33 us, round:32121
t1_jitter: 2.00 us

t2_min: 30.21 us, round:46132
t2_max: 34.46 us, round:382
t2_jitter: 4.25 us

PMU diff samples: 51464
AVG DIFF LL_CACHE_RD: 45.52
AVG DIFF LL_CACHE_MISS_RD: 26.19
AVG DIFF L2D_CACHE_REFILL: 5.22
AVG DIFF L2D_CACHE_INVAL: 0.01
[cur diff] DIFF LL_CACHE_RD: 0, DIFF LL_CACHE_MISS_RD: 0, MISS_RATE: 0.00%
[cur diff] DIFF L2D_CACHE_REFILL: 0
[cur diff] DIFF L2D_CACHE_INVAL: 0
[max diff] DIFF LL_CACHE_RD: 77, DIFF LL_CACHE_MISS_RD: 64, MISS_RATE: 83.12%
[max diff] DIFF L2D_CACHE_REFILL: 25
[max diff] DIFF L2D_CACHE_INVAL: 17

===========================================================
taskpendcnt:51668
t0:666 ns
t1:1541 ns
t2:31083 ns
benchmark: Franka-derived Cartesian-impedance kernel, input trace:8, timer period:10.000 ms
controller source: franka_ros2 jazzy@73a1501d, updates:51679, SVD sweeps:5
pose error:[0.010000 0.015000 0.010000 -0.000000 0.049979 -0.000000]
tau[0:6]:[-0.567483 -0.552304 -0.482512 -0.231067 -0.297494 -0.656094 -0.085004]
kernel exec min/avg/max: 28.58 / 29.22 / 31.21 us, samples:51671
pressure status:1, copy rounds total/window:3930/17, 7.99 rounds/s
pressure logical copy:39300.00 MiB total, approx 79.85 MiB/s, checksum:5233547673600
pressure report window:2.128877 s
t0_region>
[0]:45084
[1]:6562
[2]:28

t1_region>
[1]:45671
[2]:5891
[3]:112

t2_region>
[30]:31432
[31]:19469
[32]:768
[33]:4
[34]:2

t0_min: 0.50 us, round:11465
t0_max: 2.13 us, round:12062
t0_jitter: 1.63 us

t1_min: 1.33 us, round:39328
t1_max: 3.33 us, round:32121
t1_jitter: 2.00 us

t2_min: 30.21 us, round:46132
t2_max: 34.46 us, round:382
t2_jitter: 4.25 us

PMU diff samples: 51677
AVG DIFF LL_CACHE_RD: 45.52
AVG DIFF LL_CACHE_MISS_RD: 26.19
AVG DIFF L2D_CACHE_REFILL: 5.22
AVG DIFF L2D_CACHE_INVAL: 0.01
[cur diff] DIFF LL_CACHE_RD: 0, DIFF LL_CACHE_MISS_RD: 0, MISS_RATE: 0.00%
[cur diff] DIFF L2D_CACHE_REFILL: 0
[cur diff] DIFF L2D_CACHE_INVAL: 0
[max diff] DIFF LL_CACHE_RD: 77, DIFF LL_CACHE_MISS_RD: 64, MISS_RATE: 83.12%
[max diff] DIFF L2D_CACHE_REFILL: 25
[max diff] DIFF L2D_CACHE_INVAL: 17

===========================================================
taskpendcnt:51881
t0:916 ns
t1:1500 ns
t2:30666 ns
benchmark: Franka-derived Cartesian-impedance kernel, input trace:8, timer period:10.000 ms
controller source: franka_ros2 jazzy@73a1501d, updates:51892, SVD sweeps:5
pose error:[0.010000 0.015000 0.010000 -0.000000 0.049979 -0.000000]
tau[0:6]:[0.839771 0.130674 0.617691 0.624912 0.653099 -0.592692 0.265887]
kernel exec min/avg/max: 28.58 / 29.22 / 31.21 us, samples:51884
pressure status:1, copy rounds total/window:3946/16, 7.52 rounds/s
pressure logical copy:39460.00 MiB total, approx 75.18 MiB/s, checksum:5254854737920
pressure report window:2.128360 s
t0_region>
[0]:45272
[1]:6587
[2]:28

t1_region>
[1]:45860
[2]:5915
[3]:112

t2_region>
[30]:31552
[31]:19559
[32]:770
[33]:4
[34]:2

t0_min: 0.50 us, round:11465
t0_max: 2.13 us, round:12062
t0_jitter: 1.63 us

t1_min: 1.33 us, round:39328
t1_max: 3.33 us, round:32121
t1_jitter: 2.00 us

t2_min: 30.21 us, round:46132
t2_max: 34.46 us, round:382
t2_jitter: 4.25 us

PMU diff samples: 51890
AVG DIFF LL_CACHE_RD: 45.51
AVG DIFF LL_CACHE_MISS_RD: 26.19
AVG DIFF L2D_CACHE_REFILL: 5.22
AVG DIFF L2D_CACHE_INVAL: 0.01
[cur diff] DIFF LL_CACHE_RD: 0, DIFF LL_CACHE_MISS_RD: 0, MISS_RATE: 0.00%
[cur diff] DIFF L2D_CACHE_REFILL: 0
[cur diff] DIFF L2D_CACHE_INVAL: 0
[max diff] DIFF LL_CACHE_RD: 77, DIFF LL_CACHE_MISS_RD: 64, MISS_RATE: 83.12%
[max diff] DIFF L2D_CACHE_REFILL: 25
[max diff] DIFF L2D_CACHE_INVAL: 17

===========================================================
taskpendcnt:52094
t0:875 ns
t1:1750 ns
t2:31791 ns
benchmark: Franka-derived Cartesian-impedance kernel, input trace:8, timer period:10.000 ms
controller source: franka_ros2 jazzy@73a1501d, updates:52105, SVD sweeps:5
pose error:[0.010000 0.015000 0.010000 -0.000000 0.049979 -0.000000]
tau[0:6]:[-2.781770 -1.613002 -1.930139 -1.581803 -1.382951 -0.390599 -0.663394]
kernel exec min/avg/max: 28.58 / 29.22 / 31.21 us, samples:52097
pressure status:1, copy rounds total/window:3962/16, 7.52 rounds/s
pressure logical copy:39620.00 MiB total, approx 75.17 MiB/s, checksum:5276161802240
pressure report window:2.128401 s
t0_region>
[0]:45459
[1]:6612
[2]:28

t1_region>
[1]:46051
[2]:5937
[3]:112

t2_region>
[30]:31671
[31]:19650
[32]:773
[33]:4
[34]:2

t0_min: 0.50 us, round:11465
t0_max: 2.13 us, round:12062
t0_jitter: 1.63 us

t1_min: 1.33 us, round:39328
t1_max: 3.33 us, round:32121
t1_jitter: 2.00 us

t2_min: 30.21 us, round:46132
t2_max: 34.46 us, round:382
t2_jitter: 4.25 us

PMU diff samples: 52103
AVG DIFF LL_CACHE_RD: 45.51
AVG DIFF LL_CACHE_MISS_RD: 26.19
AVG DIFF L2D_CACHE_REFILL: 5.21
AVG DIFF L2D_CACHE_INVAL: 0.01
[cur diff] DIFF LL_CACHE_RD: 0, DIFF LL_CACHE_MISS_RD: 0, MISS_RATE: 0.00%
[cur diff] DIFF L2D_CACHE_REFILL: 0
[cur diff] DIFF L2D_CACHE_INVAL: 0
[max diff] DIFF LL_CACHE_RD: 77, DIFF LL_CACHE_MISS_RD: 64, MISS_RATE: 83.12%
[max diff] DIFF L2D_CACHE_REFILL: 25
[max diff] DIFF L2D_CACHE_INVAL: 17

===========================================================
taskpendcnt:52307
t0:833 ns
t1:1708 ns
t2:31166 ns
benchmark: Franka-derived Cartesian-impedance kernel, input trace:8, timer period:10.000 ms
controller source: franka_ros2 jazzy@73a1501d, updates:52318, SVD sweeps:5
pose error:[0.010000 0.015000 0.010000 -0.000000 0.049979 -0.000000]
tau[0:6]:[1.228026 0.081850 0.819520 0.875435 0.745706 -0.833381 0.398995]
kernel exec min/avg/max: 28.58 / 29.22 / 31.21 us, samples:52310
pressure status:1, copy rounds total/window:3978/16, 7.52 rounds/s
pressure logical copy:39780.00 MiB total, approx 75.18 MiB/s, checksum:5297468866560
pressure report window:2.128357 s
t0_region>
[0]:45650
[1]:6634
[2]:28

t1_region>
[1]:46245
[2]:5956
[3]:112

t2_region>
[30]:31806
[31]:19725
[32]:776
[33]:4
[34]:2

t0_min: 0.50 us, round:11465
t0_max: 2.13 us, round:12062
t0_jitter: 1.63 us

t1_min: 1.33 us, round:39328
t1_max: 3.33 us, round:32121
t1_jitter: 2.00 us

t2_min: 30.21 us, round:46132
t2_max: 34.46 us, round:382
t2_jitter: 4.25 us

PMU diff samples: 52316
AVG DIFF LL_CACHE_RD: 45.50
AVG DIFF LL_CACHE_MISS_RD: 26.18
AVG DIFF L2D_CACHE_REFILL: 5.21
AVG DIFF L2D_CACHE_INVAL: 0.01
[cur diff] DIFF LL_CACHE_RD: 0, DIFF LL_CACHE_MISS_RD: 0, MISS_RATE: 0.00%
[cur diff] DIFF L2D_CACHE_REFILL: 0
[cur diff] DIFF L2D_CACHE_INVAL: 0
[max diff] DIFF LL_CACHE_RD: 77, DIFF LL_CACHE_MISS_RD: 64, MISS_RATE: 83.12%
[max diff] DIFF L2D_CACHE_REFILL: 25
[max diff] DIFF L2D_CACHE_INVAL: 17

===========================================================
taskpendcnt:52520
t0:791 ns
t1:1666 ns
t2:30833 ns
benchmark: Franka-derived Cartesian-impedance kernel, input trace:8, timer period:10.000 ms
controller source: franka_ros2 jazzy@73a1501d, updates:52531, SVD sweeps:5
pose error:[0.010000 0.015000 0.010000 -0.000000 0.049979 -0.000000]
tau[0:6]:[-1.839419 -0.921560 -1.193198 -1.195971 -0.861243 0.113634 -0.461388]
kernel exec min/avg/max: 28.58 / 29.22 / 31.21 us, samples:52523
pressure status:1, copy rounds total/window:3994/16, 7.52 rounds/s
pressure logical copy:39940.00 MiB total, approx 75.18 MiB/s, checksum:5318775930880
pressure report window:2.128301 s
t0_region>
[0]:45830
[1]:6667
[2]:28

t1_region>
[1]:46431
[2]:5982
[3]:112

t2_region>
[30]:31938
[31]:19805
[32]:777
[33]:4
[34]:2

t0_min: 0.50 us, round:11465
t0_max: 2.13 us, round:12062
t0_jitter: 1.63 us

t1_min: 1.33 us, round:39328
t1_max: 3.33 us, round:32121
t1_jitter: 2.00 us

t2_min: 30.21 us, round:46132
t2_max: 34.46 us, round:382
t2_jitter: 4.25 us

PMU diff samples: 52528
AVG DIFF LL_CACHE_RD: 45.50
AVG DIFF LL_CACHE_MISS_RD: 26.18
AVG DIFF L2D_CACHE_REFILL: 5.21
AVG DIFF L2D_CACHE_INVAL: 0.01
[cur diff] DIFF LL_CACHE_RD: 0, DIFF LL_CACHE_MISS_RD: 0, MISS_RATE: 0.00%
[cur diff] DIFF L2D_CACHE_REFILL: 0
[cur diff] DIFF L2D_CACHE_INVAL: 0
[max diff] DIFF LL_CACHE_RD: 77, DIFF LL_CACHE_MISS_RD: 64, MISS_RATE: 83.12%
[max diff] DIFF L2D_CACHE_REFILL: 25
[max diff] DIFF L2D_CACHE_INVAL: 17

===========================================================
taskpendcnt:52732
t0:1041 ns
t1:1916 ns
t2:31083 ns
benchmark: Franka-derived Cartesian-impedance kernel, input trace:8, timer period:10.000 ms
controller source: franka_ros2 jazzy@73a1501d, updates:52744, SVD sweeps:5
pose error:[0.010000 0.015000 0.010000 -0.000000 0.049979 -0.000000]
tau[0:6]:[-0.567483 -0.552304 -0.482512 -0.231067 -0.297494 -0.656094 -0.085004]
kernel exec min/avg/max: 28.58 / 29.22 / 31.21 us, samples:52736
pressure status:1, copy rounds total/window:4010/16, 7.52 rounds/s
pressure logical copy:40100.00 MiB total, approx 75.19 MiB/s, checksum:5340082995200
pressure report window:2.128047 s
t0_region>
[0]:46017
[1]:6693
[2]:28

t1_region>
[1]:46620
[2]:6006
[3]:112

t2_region>
[30]:32069
[31]:19885
[32]:779
[33]:4
[34]:2

t0_min: 0.50 us, round:11465
t0_max: 2.13 us, round:12062
t0_jitter: 1.63 us

t1_min: 1.33 us, round:39328
t1_max: 3.33 us, round:32121
t1_jitter: 2.00 us

t2_min: 30.21 us, round:46132
t2_max: 34.46 us, round:382
t2_jitter: 4.25 us

PMU diff samples: 52741
AVG DIFF LL_CACHE_RD: 45.49
AVG DIFF LL_CACHE_MISS_RD: 26.17
AVG DIFF L2D_CACHE_REFILL: 5.21
AVG DIFF L2D_CACHE_INVAL: 0.01
[cur diff] DIFF LL_CACHE_RD: 0, DIFF LL_CACHE_MISS_RD: 0, MISS_RATE: 0.00%
[cur diff] DIFF L2D_CACHE_REFILL: 0
[cur diff] DIFF L2D_CACHE_INVAL: 0
[max diff] DIFF LL_CACHE_RD: 77, DIFF LL_CACHE_MISS_RD: 64, MISS_RATE: 83.12%
[max diff] DIFF L2D_CACHE_REFILL: 25
[max diff] DIFF L2D_CACHE_INVAL: 17

===========================================================
taskpendcnt:52945
t0:625 ns
t1:1500 ns
t2:31041 ns
benchmark: Franka-derived Cartesian-impedance kernel, input trace:8, timer period:10.000 ms
controller source: franka_ros2 jazzy@73a1501d, updates:52957, SVD sweeps:5
pose error:[0.010000 0.015000 0.010000 -0.000000 0.049979 -0.000000]
tau[0:6]:[0.839771 0.130674 0.617691 0.624912 0.653099 -0.592692 0.265887]
kernel exec min/avg/max: 28.58 / 29.22 / 31.21 us, samples:52948
pressure status:1, copy rounds total/window:4027/17, 7.99 rounds/s
pressure logical copy:40270.00 MiB total, approx 79.88 MiB/s, checksum:5362721751040
pressure report window:2.128269 s
t0_region>
[0]:46203
[1]:6720
[2]:28

t1_region>
[1]:46809
[2]:6030
[3]:112

t2_region>
[30]:32196
[31]:19971
[32]:779
[33]:4
[34]:2

t0_min: 0.50 us, round:11465
t0_max: 2.13 us, round:12062
t0_jitter: 1.63 us

t1_min: 1.33 us, round:39328
t1_max: 3.33 us, round:32121
t1_jitter: 2.00 us

t2_min: 30.21 us, round:46132
t2_max: 34.46 us, round:382
t2_jitter: 4.25 us

PMU diff samples: 52954
AVG DIFF LL_CACHE_RD: 45.50
AVG DIFF LL_CACHE_MISS_RD: 26.17
AVG DIFF L2D_CACHE_REFILL: 5.21
AVG DIFF L2D_CACHE_INVAL: 0.01
[cur diff] DIFF LL_CACHE_RD: 0, DIFF LL_CACHE_MISS_RD: 0, MISS_RATE: 0.00%
[cur diff] DIFF L2D_CACHE_REFILL: 0
[cur diff] DIFF L2D_CACHE_INVAL: 0
[max diff] DIFF LL_CACHE_RD: 77, DIFF LL_CACHE_MISS_RD: 64, MISS_RATE: 83.12%
[max diff] DIFF L2D_CACHE_REFILL: 25
[max diff] DIFF L2D_CACHE_INVAL: 17

===========================================================
taskpendcnt:53158
t0:875 ns
t1:1750 ns
t2:30916 ns
benchmark: Franka-derived Cartesian-impedance kernel, input trace:8, timer period:10.000 ms
controller source: franka_ros2 jazzy@73a1501d, updates:53169, SVD sweeps:5
pose error:[0.010000 0.015000 0.010000 -0.000000 0.049979 -0.000000]
tau[0:6]:[-2.379368 -1.292411 -1.655224 -1.570015 -1.185234 -0.066588 -0.610247]
kernel exec min/avg/max: 28.58 / 29.22 / 31.21 us, samples:53161
pressure status:1, copy rounds total/window:4043/16, 7.52 rounds/s
pressure logical copy:40430.00 MiB total, approx 75.17 MiB/s, checksum:5384028815360
pressure report window:2.128392 s
t0_region>
[0]:46390
[1]:6746
[2]:28

t1_region>
[1]:46996
[2]:6056
[3]:112

t2_region>
[30]:32318
[31]:20057
[32]:783
[33]:4
[34]:2

t0_min: 0.50 us, round:11465
t0_max: 2.13 us, round:12062
t0_jitter: 1.63 us

t1_min: 1.33 us, round:39328
t1_max: 3.33 us, round:32121
t1_jitter: 2.00 us

t2_min: 30.21 us, round:46132
t2_max: 34.46 us, round:382
t2_jitter: 4.25 us

PMU diff samples: 53167
AVG DIFF LL_CACHE_RD: 45.49
AVG DIFF LL_CACHE_MISS_RD: 26.17
AVG DIFF L2D_CACHE_REFILL: 5.22
AVG DIFF L2D_CACHE_INVAL: 0.01
[cur diff] DIFF LL_CACHE_RD: 0, DIFF LL_CACHE_MISS_RD: 0, MISS_RATE: 0.00%
[cur diff] DIFF L2D_CACHE_REFILL: 0
[cur diff] DIFF L2D_CACHE_INVAL: 0
[max diff] DIFF LL_CACHE_RD: 77, DIFF LL_CACHE_MISS_RD: 64, MISS_RATE: 83.12%
[max diff] DIFF L2D_CACHE_REFILL: 25
[max diff] DIFF L2D_CACHE_INVAL: 17

===========================================================
taskpendcnt:53371
t0:833 ns
t1:1708 ns
t2:31166 ns
benchmark: Franka-derived Cartesian-impedance kernel, input trace:8, timer period:10.000 ms
controller source: franka_ros2 jazzy@73a1501d, updates:53382, SVD sweeps:5
pose error:[0.010000 0.015000 0.010000 -0.000000 0.049979 -0.000000]
tau[0:6]:[1.228026 0.081850 0.819520 0.875435 0.745706 -0.833381 0.398995]
kernel exec min/avg/max: 28.58 / 29.22 / 31.21 us, samples:53374
pressure status:1, copy rounds total/window:4059/16, 7.52 rounds/s
pressure logical copy:40590.00 MiB total, approx 75.18 MiB/s, checksum:5405335879680
pressure report window:2.128353 s
t0_region>
[0]:46574
[1]:6774
[2]:28

t1_region>
[1]:47186
[2]:6078
[3]:113

t2_region>
[30]:32435
[31]:20150
[32]:786
[33]:4
[34]:2

t0_min: 0.50 us, round:11465
t0_max: 2.13 us, round:12062
t0_jitter: 1.63 us

t1_min: 1.33 us, round:39328
t1_max: 3.33 us, round:32121
t1_jitter: 2.00 us

t2_min: 30.21 us, round:46132
t2_max: 34.46 us, round:382
t2_jitter: 4.25 us

PMU diff samples: 53380
AVG DIFF LL_CACHE_RD: 45.50
AVG DIFF LL_CACHE_MISS_RD: 26.18
AVG DIFF L2D_CACHE_REFILL: 5.22
AVG DIFF L2D_CACHE_INVAL: 0.01
[cur diff] DIFF LL_CACHE_RD: 0, DIFF LL_CACHE_MISS_RD: 0, MISS_RATE: 0.00%
[cur diff] DIFF L2D_CACHE_REFILL: 0
[cur diff] DIFF L2D_CACHE_INVAL: 0
[max diff] DIFF LL_CACHE_RD: 77, DIFF LL_CACHE_MISS_RD: 64, MISS_RATE: 83.12%
[max diff] DIFF L2D_CACHE_REFILL: 25
[max diff] DIFF L2D_CACHE_INVAL: 17

===========================================================
taskpendcnt:53584
t0:1375 ns
t1:2250 ns
t2:31416 ns
benchmark: Franka-derived Cartesian-impedance kernel, input trace:8, timer period:10.000 ms
controller source: franka_ros2 jazzy@73a1501d, updates:53595, SVD sweeps:5
pose error:[0.010000 0.015000 0.010000 -0.000000 0.049979 -0.000000]
tau[0:6]:[-1.839419 -0.921560 -1.193198 -1.195971 -0.861243 0.113634 -0.461388]
kernel exec min/avg/max: 28.58 / 29.22 / 31.21 us, samples:53587
pressure status:1, copy rounds total/window:4075/16, 7.52 rounds/s
pressure logical copy:40750.00 MiB total, approx 75.17 MiB/s, checksum:5426642944000
pressure report window:2.128407 s
t0_region>
[0]:46762
[1]:6798
[2]:29

t1_region>
[1]:47375
[2]:6101
[3]:114

t2_region>
[30]:32567
[31]:20224
[32]:793
[33]:4
[34]:2

t0_min: 0.50 us, round:11465
t0_max: 2.13 us, round:12062
t0_jitter: 1.63 us

t1_min: 1.33 us, round:39328
t1_max: 3.33 us, round:32121
t1_jitter: 2.00 us

t2_min: 30.21 us, round:46132
t2_max: 34.46 us, round:382
t2_jitter: 4.25 us

PMU diff samples: 53593
AVG DIFF LL_CACHE_RD: 45.51
AVG DIFF LL_CACHE_MISS_RD: 26.18
AVG DIFF L2D_CACHE_REFILL: 5.21
AVG DIFF L2D_CACHE_INVAL: 0.01
[cur diff] DIFF LL_CACHE_RD: 0, DIFF LL_CACHE_MISS_RD: 0, MISS_RATE: 0.00%
[cur diff] DIFF L2D_CACHE_REFILL: 0
[cur diff] DIFF L2D_CACHE_INVAL: 0
[max diff] DIFF LL_CACHE_RD: 77, DIFF LL_CACHE_MISS_RD: 64, MISS_RATE: 83.12%
[max diff] DIFF L2D_CACHE_REFILL: 25
[max diff] DIFF L2D_CACHE_INVAL: 17

===========================================================
taskpendcnt:53797
t0:1041 ns
t1:1916 ns
t2:31083 ns
benchmark: Franka-derived Cartesian-impedance kernel, input trace:8, timer period:10.000 ms
controller source: franka_ros2 jazzy@73a1501d, updates:53808, SVD sweeps:5
pose error:[0.010000 0.015000 0.010000 -0.000000 0.049979 -0.000000]
tau[0:6]:[-0.567483 -0.552304 -0.482512 -0.231067 -0.297494 -0.656094 -0.085004]
kernel exec min/avg/max: 28.58 / 29.22 / 31.21 us, samples:53800
pressure status:1, copy rounds total/window:4091/16, 7.52 rounds/s
pressure logical copy:40910.00 MiB total, approx 75.15 MiB/s, checksum:5447950008320
pressure report window:2.128970 s
t0_region>
[0]:46952
[1]:6821
[2]:29

t1_region>
[1]:47566
[2]:6123
[3]:114

t2_region>
[30]:32691
[31]:20310
[32]:796
[33]:4
[34]:2

t0_min: 0.50 us, round:11465
t0_max: 2.13 us, round:12062
t0_jitter: 1.63 us

t1_min: 1.33 us, round:39328
t1_max: 3.33 us, round:32121
t1_jitter: 2.00 us

t2_min: 30.21 us, round:46132
t2_max: 34.46 us, round:382
t2_jitter: 4.25 us

PMU diff samples: 53805
AVG DIFF LL_CACHE_RD: 45.51
AVG DIFF LL_CACHE_MISS_RD: 26.18
AVG DIFF L2D_CACHE_REFILL: 5.21
AVG DIFF L2D_CACHE_INVAL: 0.01
[cur diff] DIFF LL_CACHE_RD: 0, DIFF LL_CACHE_MISS_RD: 0, MISS_RATE: 0.00%
[cur diff] DIFF L2D_CACHE_REFILL: 0
[cur diff] DIFF L2D_CACHE_INVAL: 0
[max diff] DIFF LL_CACHE_RD: 77, DIFF LL_CACHE_MISS_RD: 64, MISS_RATE: 83.12%
[max diff] DIFF L2D_CACHE_REFILL: 25
[max diff] DIFF L2D_CACHE_INVAL: 17

===========================================================
taskpendcnt:54009
t0:1000 ns
t1:1875 ns
t2:31041 ns
benchmark: Franka-derived Cartesian-impedance kernel, input trace:8, timer period:10.000 ms
controller source: franka_ros2 jazzy@73a1501d, updates:54021, SVD sweeps:5
pose error:[0.010000 0.015000 0.010000 -0.000000 0.049979 -0.000000]
tau[0:6]:[0.839771 0.130674 0.617691 0.624912 0.653099 -0.592692 0.265887]
kernel exec min/avg/max: 28.58 / 29.22 / 31.21 us, samples:54013
pressure status:1, copy rounds total/window:4108/17, 7.99 rounds/s
pressure logical copy:41080.00 MiB total, approx 79.87 MiB/s, checksum:5470588764160
pressure report window:2.128353 s
t0_region>
[0]:47138
[1]:6848
[2]:29

t1_region>
[1]:47755
[2]:6146
[3]:114

t2_region>
[30]:32821
[31]:20389
[32]:800
[33]:4
[34]:2

t0_min: 0.50 us, round:11465
t0_max: 2.13 us, round:12062
t0_jitter: 1.63 us

t1_min: 1.33 us, round:39328
t1_max: 3.33 us, round:32121
t1_jitter: 2.00 us

t2_min: 30.21 us, round:46132
t2_max: 34.46 us, round:382
t2_jitter: 4.25 us

PMU diff samples: 54018
AVG DIFF LL_CACHE_RD: 45.50
AVG DIFF LL_CACHE_MISS_RD: 26.19
AVG DIFF L2D_CACHE_REFILL: 5.21
AVG DIFF L2D_CACHE_INVAL: 0.01
[cur diff] DIFF LL_CACHE_RD: 0, DIFF LL_CACHE_MISS_RD: 0, MISS_RATE: 0.00%
[cur diff] DIFF L2D_CACHE_REFILL: 0
[cur diff] DIFF L2D_CACHE_INVAL: 0
[max diff] DIFF LL_CACHE_RD: 77, DIFF LL_CACHE_MISS_RD: 64, MISS_RATE: 83.12%
[max diff] DIFF L2D_CACHE_REFILL: 25
[max diff] DIFF L2D_CACHE_INVAL: 17

===========================================================
taskpendcnt:54222
t0:875 ns
t1:1833 ns
t2:30708 ns
benchmark: Franka-derived Cartesian-impedance kernel, input trace:8, timer period:10.000 ms
controller source: franka_ros2 jazzy@73a1501d, updates:54234, SVD sweeps:5
pose error:[0.010000 0.015000 0.010000 -0.000000 0.049979 -0.000000]
tau[0:6]:[-2.379368 -1.292411 -1.655224 -1.570015 -1.185234 -0.066588 -0.610247]
kernel exec min/avg/max: 28.58 / 29.22 / 31.21 us, samples:54226
pressure status:1, copy rounds total/window:4124/16, 7.52 rounds/s
pressure logical copy:41240.00 MiB total, approx 75.18 MiB/s, checksum:5491895828480
pressure report window:2.128310 s
t0_region>
[0]:47327
[1]:6871
[2]:30

t1_region>
[1]:47939
[2]:6174
[3]:115

t2_region>
[30]:32946
[31]:20474
[32]:803
[33]:4
[34]:2

t0_min: 0.50 us, round:11465
t0_max: 2.13 us, round:12062
t0_jitter: 1.63 us

t1_min: 1.33 us, round:39328
t1_max: 3.33 us, round:32121
t1_jitter: 2.00 us

t2_min: 30.21 us, round:46132
t2_max: 34.46 us, round:382
t2_jitter: 4.25 us

PMU diff samples: 54231
AVG DIFF LL_CACHE_RD: 45.49
AVG DIFF LL_CACHE_MISS_RD: 26.19
AVG DIFF L2D_CACHE_REFILL: 5.21
AVG DIFF L2D_CACHE_INVAL: 0.01
[cur diff] DIFF LL_CACHE_RD: 0, DIFF LL_CACHE_MISS_RD: 0, MISS_RATE: 0.00%
[cur diff] DIFF L2D_CACHE_REFILL: 0
[cur diff] DIFF L2D_CACHE_INVAL: 0
[max diff] DIFF LL_CACHE_RD: 77, DIFF LL_CACHE_MISS_RD: 64, MISS_RATE: 83.12%
[max diff] DIFF L2D_CACHE_REFILL: 25
[max diff] DIFF L2D_CACHE_INVAL: 17

===========================================================
taskpendcnt:54435
t0:833 ns
t1:1708 ns
t2:30958 ns
benchmark: Franka-derived Cartesian-impedance kernel, input trace:8, timer period:10.000 ms
controller source: franka_ros2 jazzy@73a1501d, updates:54446, SVD sweeps:5
pose error:[0.010000 0.015000 0.010000 -0.000000 0.049979 -0.000000]
tau[0:6]:[1.376914 -0.104433 0.790225 0.843903 0.642107 -0.956178 0.423547]
kernel exec min/avg/max: 28.58 / 29.22 / 31.21 us, samples:54438
pressure status:1, copy rounds total/window:4140/16, 7.52 rounds/s
pressure logical copy:41400.00 MiB total, approx 75.17 MiB/s, checksum:5513202892800
pressure report window:2.128438 s
t0_region>
[0]:47511
[1]:6900
[2]:30

t1_region>
[1]:48130
[2]:6196
[3]:115

t2_region>
[30]:33088
[31]:20543
[32]:804
[33]:4
[34]:2

t0_min: 0.50 us, round:11465
t0_max: 2.13 us, round:12062
t0_jitter: 1.63 us

t1_min: 1.33 us, round:39328
t1_max: 3.33 us, round:32121
t1_jitter: 2.00 us

t2_min: 30.21 us, round:46132
t2_max: 34.46 us, round:382
t2_jitter: 4.25 us

PMU diff samples: 54444
AVG DIFF LL_CACHE_RD: 45.49
AVG DIFF LL_CACHE_MISS_RD: 26.19
AVG DIFF L2D_CACHE_REFILL: 5.21
AVG DIFF L2D_CACHE_INVAL: 0.01
[cur diff] DIFF LL_CACHE_RD: 0, DIFF LL_CACHE_MISS_RD: 0, MISS_RATE: 0.00%
[cur diff] DIFF L2D_CACHE_REFILL: 0
[cur diff] DIFF L2D_CACHE_INVAL: 0
[max diff] DIFF LL_CACHE_RD: 77, DIFF LL_CACHE_MISS_RD: 64, MISS_RATE: 83.12%
[max diff] DIFF L2D_CACHE_REFILL: 25
[max diff] DIFF L2D_CACHE_INVAL: 17

===========================================================
taskpendcnt:54648
t0:791 ns
t1:1666 ns
t2:30833 ns
benchmark: Franka-derived Cartesian-impedance kernel, input trace:8, timer period:10.000 ms
controller source: franka_ros2 jazzy@73a1501d, updates:54659, SVD sweeps:5
pose error:[0.010000 0.015000 0.010000 -0.000000 0.049979 -0.000000]
tau[0:6]:[-1.839419 -0.921560 -1.193198 -1.195971 -0.861243 0.113634 -0.461388]
kernel exec min/avg/max: 28.58 / 29.22 / 31.21 us, samples:54651
pressure status:1, copy rounds total/window:4156/16, 7.52 rounds/s
pressure logical copy:41560.00 MiB total, approx 75.18 MiB/s, checksum:5534509957120
pressure report window:2.128221 s
t0_region>
[0]:47696
[1]:6927
[2]:30

t1_region>
[1]:48315
[2]:6223
[3]:116

t2_region>
[30]:33210
[31]:20632
[32]:806
[33]:4
[34]:2

t0_min: 0.50 us, round:11465
t0_max: 2.13 us, round:12062
t0_jitter: 1.63 us

t1_min: 1.33 us, round:39328
t1_max: 3.33 us, round:32121
t1_jitter: 2.00 us

t2_min: 30.21 us, round:46132
t2_max: 34.46 us, round:382
t2_jitter: 4.25 us

PMU diff samples: 54657
AVG DIFF LL_CACHE_RD: 45.49
AVG DIFF LL_CACHE_MISS_RD: 26.20
AVG DIFF L2D_CACHE_REFILL: 5.21
AVG DIFF L2D_CACHE_INVAL: 0.01
[cur diff] DIFF LL_CACHE_RD: 0, DIFF LL_CACHE_MISS_RD: 0, MISS_RATE: 0.00%
[cur diff] DIFF L2D_CACHE_REFILL: 0
[cur diff] DIFF L2D_CACHE_INVAL: 0
[max diff] DIFF LL_CACHE_RD: 77, DIFF LL_CACHE_MISS_RD: 64, MISS_RATE: 83.12%
[max diff] DIFF L2D_CACHE_REFILL: 25
[max diff] DIFF L2D_CACHE_INVAL: 17

===========================================================
taskpendcnt:54861
t0:1916 ns
t1:2791 ns
t2:31958 ns
benchmark: Franka-derived Cartesian-impedance kernel, input trace:8, timer period:10.000 ms
controller source: franka_ros2 jazzy@73a1501d, updates:54872, SVD sweeps:5
pose error:[0.010000 0.015000 0.010000 -0.000000 0.049979 -0.000000]
tau[0:6]:[-0.567483 -0.552304 -0.482512 -0.231067 -0.297494 -0.656094 -0.085004]
kernel exec min/avg/max: 28.58 / 29.22 / 31.21 us, samples:54864
pressure status:1, copy rounds total/window:4172/16, 7.52 rounds/s
pressure logical copy:41720.00 MiB total, approx 75.19 MiB/s, checksum:5555817021440
pressure report window:2.128040 s
t0_region>
[0]:47880
[1]:6956
[2]:30

t1_region>
[1]:48502
[2]:6249
[3]:116

t2_region>
[30]:33345
[31]:20707
[32]:809
[33]:4
[34]:2

t0_min: 0.50 us, round:11465
t0_max: 2.13 us, round:12062
t0_jitter: 1.63 us

t1_min: 1.33 us, round:39328
t1_max: 3.33 us, round:32121
t1_jitter: 2.00 us

t2_min: 30.21 us, round:46132
t2_max: 34.46 us, round:382
t2_jitter: 4.25 us

PMU diff samples: 54870
AVG DIFF LL_CACHE_RD: 45.50
AVG DIFF LL_CACHE_MISS_RD: 26.21
AVG DIFF L2D_CACHE_REFILL: 5.21
AVG DIFF L2D_CACHE_INVAL: 0.01
[cur diff] DIFF LL_CACHE_RD: 0, DIFF LL_CACHE_MISS_RD: 0, MISS_RATE: 0.00%
[cur diff] DIFF L2D_CACHE_REFILL: 0
[cur diff] DIFF L2D_CACHE_INVAL: 0
[max diff] DIFF LL_CACHE_RD: 77, DIFF LL_CACHE_MISS_RD: 64, MISS_RATE: 83.12%
[max diff] DIFF L2D_CACHE_REFILL: 25
[max diff] DIFF L2D_CACHE_INVAL: 17

===========================================================
taskpendcnt:55074
t0:708 ns
t1:1583 ns
t2:31041 ns
benchmark: Franka-derived Cartesian-impedance kernel, input trace:8, timer period:10.000 ms
controller source: franka_ros2 jazzy@73a1501d, updates:55085, SVD sweeps:5
pose error:[0.010000 0.015000 0.010000 -0.000000 0.049979 -0.000000]
tau[0:6]:[0.839771 0.130674 0.617691 0.624912 0.653099 -0.592692 0.265887]
kernel exec min/avg/max: 28.58 / 29.22 / 31.21 us, samples:55077
pressure status:1, copy rounds total/window:4188/16, 7.52 rounds/s
pressure logical copy:41880.00 MiB total, approx 75.18 MiB/s, checksum:5577124085760
pressure report window:2.128267 s
t0_region>
[0]:48062
[1]:6987
[2]:30

t1_region>
[1]:48690
[2]:6273
[3]:116

t2_region>
[30]:33475
[31]:20788
[32]:811
[33]:4
[34]:2

t0_min: 0.50 us, round:11465
t0_max: 2.13 us, round:12062
t0_jitter: 1.63 us

t1_min: 1.33 us, round:39328
t1_max: 3.33 us, round:32121
t1_jitter: 2.00 us

t2_min: 30.21 us, round:46132
t2_max: 34.46 us, round:382
t2_jitter: 4.25 us

PMU diff samples: 55082
AVG DIFF LL_CACHE_RD: 45.50
AVG DIFF LL_CACHE_MISS_RD: 26.21
AVG DIFF L2D_CACHE_REFILL: 5.21
AVG DIFF L2D_CACHE_INVAL: 0.01
[cur diff] DIFF LL_CACHE_RD: 0, DIFF LL_CACHE_MISS_RD: 0, MISS_RATE: 0.00%
[cur diff] DIFF L2D_CACHE_REFILL: 0
[cur diff] DIFF L2D_CACHE_INVAL: 0
[max diff] DIFF LL_CACHE_RD: 77, DIFF LL_CACHE_MISS_RD: 64, MISS_RATE: 83.12%
[max diff] DIFF L2D_CACHE_REFILL: 25
[max diff] DIFF L2D_CACHE_INVAL: 17

===========================================================
taskpendcnt:55286
t0:958 ns
t1:1833 ns
t2:31000 ns
benchmark: Franka-derived Cartesian-impedance kernel, input trace:8, timer period:10.000 ms
controller source: franka_ros2 jazzy@73a1501d, updates:55298, SVD sweeps:5
pose error:[0.010000 0.015000 0.010000 -0.000000 0.049979 -0.000000]
tau[0:6]:[-2.379368 -1.292411 -1.655224 -1.570015 -1.185234 -0.066588 -0.610247]
kernel exec min/avg/max: 28.58 / 29.22 / 31.21 us, samples:55290
pressure status:1, copy rounds total/window:4205/17, 7.99 rounds/s
pressure logical copy:42050.00 MiB total, approx 79.87 MiB/s, checksum:5599762841600
pressure report window:2.128405 s
t0_region>
[0]:48250
[1]:7012
[2]:30

t1_region>
[1]:48885
[2]:6291
[3]:116

t2_region>
[30]:33625
[31]:20850
[32]:812
[33]:4
[34]:2

t0_min: 0.50 us, round:11465
t0_max: 2.13 us, round:12062
t0_jitter: 1.63 us

t1_min: 1.33 us, round:39328
t1_max: 3.33 us, round:32121
t1_jitter: 2.00 us

t2_min: 30.21 us, round:46132
t2_max: 34.46 us, round:382
t2_jitter: 4.25 us

PMU diff samples: 55295
AVG DIFF LL_CACHE_RD: 45.50
AVG DIFF LL_CACHE_MISS_RD: 26.20
AVG DIFF L2D_CACHE_REFILL: 5.21
AVG DIFF L2D_CACHE_INVAL: 0.01
[cur diff] DIFF LL_CACHE_RD: 0, DIFF LL_CACHE_MISS_RD: 0, MISS_RATE: 0.00%
[cur diff] DIFF L2D_CACHE_REFILL: 0
[cur diff] DIFF L2D_CACHE_INVAL: 0
[max diff] DIFF LL_CACHE_RD: 77, DIFF LL_CACHE_MISS_RD: 64, MISS_RATE: 83.12%
[max diff] DIFF L2D_CACHE_REFILL: 25
[max diff] DIFF L2D_CACHE_INVAL: 17

===========================================================
taskpendcnt:55499
t0:833 ns
t1:1791 ns
t2:30958 ns
benchmark: Franka-derived Cartesian-impedance kernel, input trace:8, timer period:10.000 ms
controller source: franka_ros2 jazzy@73a1501d, updates:55511, SVD sweeps:5
pose error:[0.010000 0.015000 0.010000 -0.000000 0.049979 -0.000000]
tau[0:6]:[1.376914 -0.104433 0.790225 0.843903 0.642107 -0.956178 0.423547]
kernel exec min/avg/max: 28.58 / 29.22 / 31.21 us, samples:55502
pressure status:1, copy rounds total/window:4221/16, 7.52 rounds/s
pressure logical copy:42210.00 MiB total, approx 75.17 MiB/s, checksum:5621069905920
pressure report window:2.128445 s
t0_region>
[0]:48434
[1]:7041
[2]:30

t1_region>
[1]:49074
[2]:6315
[3]:116

t2_region>
[30]:33775
[31]:20909
[32]:816
[33]:4
[34]:2

t0_min: 0.50 us, round:11465
t0_max: 2.13 us, round:12062
t0_jitter: 1.63 us

t1_min: 1.33 us, round:39328
t1_max: 3.33 us, round:32121
t1_jitter: 2.00 us

t2_min: 30.21 us, round:46132
t2_max: 34.46 us, round:382
t2_jitter: 4.25 us

PMU diff samples: 55508
AVG DIFF LL_CACHE_RD: 45.51
AVG DIFF LL_CACHE_MISS_RD: 26.20
AVG DIFF L2D_CACHE_REFILL: 5.21
AVG DIFF L2D_CACHE_INVAL: 0.01
[cur diff] DIFF LL_CACHE_RD: 0, DIFF LL_CACHE_MISS_RD: 0, MISS_RATE: 0.00%
[cur diff] DIFF L2D_CACHE_REFILL: 0
[cur diff] DIFF L2D_CACHE_INVAL: 0
[max diff] DIFF LL_CACHE_RD: 77, DIFF LL_CACHE_MISS_RD: 64, MISS_RATE: 83.12%
[max diff] DIFF L2D_CACHE_REFILL: 25
[max diff] DIFF L2D_CACHE_INVAL: 17

===========================================================
taskpendcnt:55712
t0:791 ns
t1:1666 ns
t2:30541 ns
benchmark: Franka-derived Cartesian-impedance kernel, input trace:8, timer period:10.000 ms
controller source: franka_ros2 jazzy@73a1501d, updates:55723, SVD sweeps:5
pose error:[0.010000 0.015000 0.010000 -0.000000 0.049979 -0.000000]
tau[0:6]:[-0.274004 -0.324180 0.001577 -0.231466 0.050986 -0.328952 0.010844]
kernel exec min/avg/max: 28.58 / 29.22 / 31.21 us, samples:55715
pressure status:1, copy rounds total/window:4237/16, 7.52 rounds/s
pressure logical copy:42370.00 MiB total, approx 75.19 MiB/s, checksum:5642376970240
pressure report window:2.128050 s
t0_region>
[0]:48620
[1]:7067
[2]:31

t1_region>
[1]:49255
[2]:6345
[3]:118

t2_region>
[30]:33913
[31]:20980
[32]:819
[33]:4
[34]:2

t0_min: 0.50 us, round:11465
t0_max: 2.17 us, round:55704
t0_jitter: 1.67 us

t1_min: 1.33 us, round:39328
t1_max: 3.33 us, round:32121
t1_jitter: 2.00 us

t2_min: 30.21 us, round:46132
t2_max: 34.46 us, round:382
t2_jitter: 4.25 us

PMU diff samples: 55721
AVG DIFF LL_CACHE_RD: 45.49
AVG DIFF LL_CACHE_MISS_RD: 26.20
AVG DIFF L2D_CACHE_REFILL: 5.21
AVG DIFF L2D_CACHE_INVAL: 0.01
[cur diff] DIFF LL_CACHE_RD: 0, DIFF LL_CACHE_MISS_RD: 0, MISS_RATE: 0.00%
[cur diff] DIFF L2D_CACHE_REFILL: 0
[cur diff] DIFF L2D_CACHE_INVAL: 0
[max diff] DIFF LL_CACHE_RD: 77, DIFF LL_CACHE_MISS_RD: 64, MISS_RATE: 83.12%
[max diff] DIFF L2D_CACHE_REFILL: 25
[max diff] DIFF L2D_CACHE_INVAL: 17

===========================================================
taskpendcnt:55925
t0:750 ns
t1:1625 ns
t2:30791 ns
benchmark: Franka-derived Cartesian-impedance kernel, input trace:8, timer period:10.000 ms
controller source: franka_ros2 jazzy@73a1501d, updates:55936, SVD sweeps:5
pose error:[0.010000 0.015000 0.010000 -0.000000 0.049979 -0.000000]
tau[0:6]:[-0.567483 -0.552304 -0.482512 -0.231067 -0.297494 -0.656094 -0.085004]
kernel exec min/avg/max: 28.58 / 29.22 / 31.21 us, samples:55928
pressure status:1, copy rounds total/window:4253/16, 7.52 rounds/s
pressure logical copy:42530.00 MiB total, approx 75.18 MiB/s, checksum:5663684034560
pressure report window:2.128136 s
t0_region>
[0]:48811
[1]:7088
[2]:31

t1_region>
[1]:49444
[2]:6369
[3]:118

t2_region>
[30]:34033
[31]:21072
[32]:820
[33]:4
[34]:2

t0_min: 0.50 us, round:11465
t0_max: 2.17 us, round:55704
t0_jitter: 1.67 us

t1_min: 1.33 us, round:39328
t1_max: 3.33 us, round:32121
t1_jitter: 2.00 us

t2_min: 30.21 us, round:46132
t2_max: 34.46 us, round:382
t2_jitter: 4.25 us

PMU diff samples: 55934
AVG DIFF LL_CACHE_RD: 45.50
AVG DIFF LL_CACHE_MISS_RD: 26.20
AVG DIFF L2D_CACHE_REFILL: 5.21
AVG DIFF L2D_CACHE_INVAL: 0.01
[cur diff] DIFF LL_CACHE_RD: 0, DIFF LL_CACHE_MISS_RD: 0, MISS_RATE: 0.00%
[cur diff] DIFF L2D_CACHE_REFILL: 0
[cur diff] DIFF L2D_CACHE_INVAL: 0
[max diff] DIFF LL_CACHE_RD: 77, DIFF LL_CACHE_MISS_RD: 64, MISS_RATE: 83.12%
[max diff] DIFF L2D_CACHE_REFILL: 25
[max diff] DIFF L2D_CACHE_INVAL: 17

===========================================================
taskpendcnt:56138
t0:1000 ns
t1:1875 ns
t2:31041 ns
benchmark: Franka-derived Cartesian-impedance kernel, input trace:8, timer period:10.000 ms
controller source: franka_ros2 jazzy@73a1501d, updates:56149, SVD sweeps:5
pose error:[0.010000 0.015000 0.010000 -0.000000 0.049979 -0.000000]
tau[0:6]:[0.839771 0.130674 0.617691 0.624912 0.653099 -0.592692 0.265887]
kernel exec min/avg/max: 28.58 / 29.22 / 31.21 us, samples:56141
pressure status:1, copy rounds total/window:4269/16, 7.52 rounds/s
pressure logical copy:42690.00 MiB total, approx 75.17 MiB/s, checksum:5684991098880
pressure report window:2.128438 s
t0_region>
[0]:48995
[1]:7117
[2]:31

t1_region>
[1]:49629
[2]:6396
[3]:119

t2_region>
[30]:34149
[31]:21167
[32]:822
[33]:4
[34]:2

t0_min: 0.50 us, round:11465
t0_max: 2.17 us, round:55704
t0_jitter: 1.67 us

t1_min: 1.33 us, round:39328
t1_max: 3.33 us, round:32121
t1_jitter: 2.00 us

t2_min: 30.21 us, round:46132
t2_max: 34.46 us, round:382
t2_jitter: 4.25 us

PMU diff samples: 56147
AVG DIFF LL_CACHE_RD: 45.50
AVG DIFF LL_CACHE_MISS_RD: 26.21
AVG DIFF L2D_CACHE_REFILL: 5.21
AVG DIFF L2D_CACHE_INVAL: 0.01
[cur diff] DIFF LL_CACHE_RD: 0, DIFF LL_CACHE_MISS_RD: 0, MISS_RATE: 0.00%
[cur diff] DIFF L2D_CACHE_REFILL: 0
[cur diff] DIFF L2D_CACHE_INVAL: 0
[max diff] DIFF LL_CACHE_RD: 77, DIFF LL_CACHE_MISS_RD: 64, MISS_RATE: 83.12%
[max diff] DIFF L2D_CACHE_REFILL: 25
[max diff] DIFF L2D_CACHE_INVAL: 17

===========================================================
taskpendcnt:56351
t0:666 ns
t1:1833 ns
t2:31000 ns
benchmark: Franka-derived Cartesian-impedance kernel, input trace:8, timer period:10.000 ms
controller source: franka_ros2 jazzy@73a1501d, updates:56362, SVD sweeps:5
pose error:[0.010000 0.015000 0.010000 -0.000000 0.049979 -0.000000]
tau[0:6]:[-2.379368 -1.292411 -1.655224 -1.570015 -1.185234 -0.066588 -0.610247]
kernel exec min/avg/max: 28.58 / 29.22 / 31.21 us, samples:56354
pressure status:1, copy rounds total/window:4285/16, 7.52 rounds/s
pressure logical copy:42850.00 MiB total, approx 75.18 MiB/s, checksum:5706298163200
pressure report window:2.128305 s
t0_region>
[0]:49184
[1]:7141
[2]:31

t1_region>
[1]:49822
[2]:6415
[3]:119

t2_region>
[30]:34294
[31]:21230
[32]:827
[33]:4
[34]:2

t0_min: 0.50 us, round:11465
t0_max: 2.17 us, round:55704
t0_jitter: 1.67 us

t1_min: 1.33 us, round:39328
t1_max: 3.33 us, round:32121
t1_jitter: 2.00 us

t2_min: 30.21 us, round:46132
t2_max: 34.46 us, round:382
t2_jitter: 4.25 us

PMU diff samples: 56359
AVG DIFF LL_CACHE_RD: 45.50
AVG DIFF LL_CACHE_MISS_RD: 26.22
AVG DIFF L2D_CACHE_REFILL: 5.21
AVG DIFF L2D_CACHE_INVAL: 0.01
[cur diff] DIFF LL_CACHE_RD: 0, DIFF LL_CACHE_MISS_RD: 0, MISS_RATE: 0.00%
[cur diff] DIFF L2D_CACHE_REFILL: 0
[cur diff] DIFF L2D_CACHE_INVAL: 0
[max diff] DIFF LL_CACHE_RD: 77, DIFF LL_CACHE_MISS_RD: 64, MISS_RATE: 83.12%
[max diff] DIFF L2D_CACHE_REFILL: 25
[max diff] DIFF L2D_CACHE_INVAL: 17

===========================================================
taskpendcnt:56563
t0:916 ns
t1:1791 ns
t2:30958 ns
benchmark: Franka-derived Cartesian-impedance kernel, input trace:8, timer period:10.000 ms
controller source: franka_ros2 jazzy@73a1501d, updates:56575, SVD sweeps:5
pose error:[0.010000 0.015000 0.010000 -0.000000 0.049979 -0.000000]
tau[0:6]:[1.376914 -0.104433 0.790225 0.843903 0.642107 -0.956178 0.423547]
kernel exec min/avg/max: 28.58 / 29.22 / 31.21 us, samples:56567
pressure status:1, copy rounds total/window:4302/17, 7.99 rounds/s
pressure logical copy:43020.00 MiB total, approx 79.87 MiB/s, checksum:5728936919040
pressure report window:2.128441 s
t0_region>
[0]:49370
[1]:7167
[2]:32

t1_region>
[1]:50010
[2]:6440
[3]:119

t2_region>
[30]:34437
[31]:21299
[32]:828
[33]:4
[34]:2

t0_min: 0.50 us, round:11465
t0_max: 2.17 us, round:55704
t0_jitter: 1.67 us

t1_min: 1.33 us, round:39328
t1_max: 3.33 us, round:32121
t1_jitter: 2.00 us

t2_min: 30.21 us, round:46132
t2_max: 34.46 us, round:382
t2_jitter: 4.25 us

PMU diff samples: 56572
AVG DIFF LL_CACHE_RD: 45.50
AVG DIFF LL_CACHE_MISS_RD: 26.22
AVG DIFF L2D_CACHE_REFILL: 5.20
AVG DIFF L2D_CACHE_INVAL: 0.01
[cur diff] DIFF LL_CACHE_RD: 0, DIFF LL_CACHE_MISS_RD: 0, MISS_RATE: 0.00%
[cur diff] DIFF L2D_CACHE_REFILL: 0
[cur diff] DIFF L2D_CACHE_INVAL: 0
[max diff] DIFF LL_CACHE_RD: 77, DIFF LL_CACHE_MISS_RD: 64, MISS_RATE: 83.12%
[max diff] DIFF L2D_CACHE_REFILL: 25
[max diff] DIFF L2D_CACHE_INVAL: 17

===========================================================
taskpendcnt:56776
t0:791 ns
t1:1958 ns
t2:30916 ns
benchmark: Franka-derived Cartesian-impedance kernel, input trace:8, timer period:10.000 ms
controller source: franka_ros2 jazzy@73a1501d, updates:56787, SVD sweeps:5
pose error:[0.010000 0.015000 0.010000 -0.000000 0.049979 -0.000000]
tau[0:6]:[-0.274004 -0.324180 0.001577 -0.231466 0.050986 -0.328952 0.010844]
kernel exec min/avg/max: 28.58 / 29.22 / 31.21 us, samples:56779
pressure status:1, copy rounds total/window:4318/16, 7.52 rounds/s
pressure logical copy:43180.00 MiB total, approx 75.19 MiB/s, checksum:5750243983360
pressure report window:2.128043 s
t0_region>
[0]:49554
[1]:7196
[2]:32

t1_region>
[1]:50199
[2]:6463
[3]:120

t2_region>
[30]:34572
[31]:21369
[32]:836
[33]:4
[34]:2

t0_min: 0.50 us, round:11465
t0_max: 2.17 us, round:55704
t0_jitter: 1.67 us

t1_min: 1.33 us, round:39328
t1_max: 3.33 us, round:32121
t1_jitter: 2.00 us

t2_min: 30.21 us, round:46132
t2_max: 34.46 us, round:382
t2_jitter: 4.25 us

PMU diff samples: 56785
AVG DIFF LL_CACHE_RD: 45.51
AVG DIFF LL_CACHE_MISS_RD: 26.22
AVG DIFF L2D_CACHE_REFILL: 5.20
AVG DIFF L2D_CACHE_INVAL: 0.01
[cur diff] DIFF LL_CACHE_RD: 0, DIFF LL_CACHE_MISS_RD: 0, MISS_RATE: 0.00%
[cur diff] DIFF L2D_CACHE_REFILL: 0
[cur diff] DIFF L2D_CACHE_INVAL: 0
[max diff] DIFF LL_CACHE_RD: 77, DIFF LL_CACHE_MISS_RD: 64, MISS_RATE: 83.12%
[max diff] DIFF L2D_CACHE_REFILL: 25
[max diff] DIFF L2D_CACHE_INVAL: 17

===========================================================
taskpendcnt:56989
t0:750 ns
t1:1625 ns
t2:30791 ns
benchmark: Franka-derived Cartesian-impedance kernel, input trace:8, timer period:10.000 ms
controller source: franka_ros2 jazzy@73a1501d, updates:57000, SVD sweeps:5
pose error:[0.010000 0.015000 0.010000 -0.000000 0.049979 -0.000000]
tau[0:6]:[-2.781770 -1.613002 -1.930139 -1.581803 -1.382951 -0.390599 -0.663394]
kernel exec min/avg/max: 28.58 / 29.22 / 31.21 us, samples:56992
pressure status:1, copy rounds total/window:4334/16, 7.52 rounds/s
pressure logical copy:43340.00 MiB total, approx 75.18 MiB/s, checksum:5771551047680
pressure report window:2.128143 s
t0_region>
[0]:49741
[1]:7222
[2]:32

t1_region>
[1]:50391
[2]:6484
[3]:120

t2_region>
[30]:34710
[31]:21439
[32]:840
[33]:4
[34]:2

t0_min: 0.50 us, round:11465
t0_max: 2.17 us, round:55704
t0_jitter: 1.67 us

t1_min: 1.33 us, round:39328
t1_max: 3.33 us, round:32121
t1_jitter: 2.00 us

t2_min: 30.21 us, round:46132
t2_max: 34.46 us, round:382
t2_jitter: 4.25 us

PMU diff samples: 56998
AVG DIFF LL_CACHE_RD: 45.51
AVG DIFF LL_CACHE_MISS_RD: 26.21
AVG DIFF L2D_CACHE_REFILL: 5.20
AVG DIFF L2D_CACHE_INVAL: 0.01
[cur diff] DIFF LL_CACHE_RD: 0, DIFF LL_CACHE_MISS_RD: 0, MISS_RATE: 0.00%
[cur diff] DIFF L2D_CACHE_REFILL: 0
[cur diff] DIFF L2D_CACHE_INVAL: 0
[max diff] DIFF LL_CACHE_RD: 77, DIFF LL_CACHE_MISS_RD: 64, MISS_RATE: 83.12%
[max diff] DIFF L2D_CACHE_REFILL: 25
[max diff] DIFF L2D_CACHE_INVAL: 17

===========================================================
taskpendcnt:57202
t0:708 ns
t1:1583 ns
t2:30750 ns
benchmark: Franka-derived Cartesian-impedance kernel, input trace:8, timer period:10.000 ms
controller source: franka_ros2 jazzy@73a1501d, updates:57213, SVD sweeps:5
pose error:[0.010000 0.015000 0.010000 -0.000000 0.049979 -0.000000]
tau[0:6]:[0.839771 0.130674 0.617691 0.624912 0.653099 -0.592692 0.265887]
kernel exec min/avg/max: 28.58 / 29.22 / 31.21 us, samples:57205
pressure status:1, copy rounds total/window:4350/16, 7.52 rounds/s
pressure logical copy:43500.00 MiB total, approx 75.18 MiB/s, checksum:5792858112000
pressure report window:2.128358 s
t0_region>
[0]:49931
[1]:7244
[2]:32

t1_region>
[1]:50577
[2]:6510
[3]:121

t2_region>
[30]:34840
[31]:21520
[32]:842
[33]:4
[34]:2

t0_min: 0.50 us, round:11465
t0_max: 2.17 us, round:55704
t0_jitter: 1.67 us

t1_min: 1.33 us, round:39328
t1_max: 3.33 us, round:32121
t1_jitter: 2.00 us

t2_min: 30.21 us, round:46132
t2_max: 34.46 us, round:382
t2_jitter: 4.25 us

PMU diff samples: 57211
AVG DIFF LL_CACHE_RD: 45.51
AVG DIFF LL_CACHE_MISS_RD: 26.23
AVG DIFF L2D_CACHE_REFILL: 5.21
AVG DIFF L2D_CACHE_INVAL: 0.01
[cur diff] DIFF LL_CACHE_RD: 0, DIFF LL_CACHE_MISS_RD: 0, MISS_RATE: 0.00%
[cur diff] DIFF L2D_CACHE_REFILL: 0
[cur diff] DIFF L2D_CACHE_INVAL: 0
[max diff] DIFF LL_CACHE_RD: 77, DIFF LL_CACHE_MISS_RD: 64, MISS_RATE: 83.12%
[max diff] DIFF L2D_CACHE_REFILL: 25
[max diff] DIFF L2D_CACHE_INVAL: 17

===========================================================
taskpendcnt:57415
t0:1250 ns
t1:2416 ns
t2:31583 ns
benchmark: Franka-derived Cartesian-impedance kernel, input trace:8, timer period:10.000 ms
controller source: franka_ros2 jazzy@73a1501d, updates:57426, SVD sweeps:5
pose error:[0.010000 0.015000 0.010000 -0.000000 0.049979 -0.000000]
tau[0:6]:[-2.379368 -1.292411 -1.655224 -1.570015 -1.185234 -0.066588 -0.610247]
kernel exec min/avg/max: 28.58 / 29.22 / 31.21 us, samples:57418
pressure status:1, copy rounds total/window:4366/16, 7.52 rounds/s
pressure logical copy:43660.00 MiB total, approx 75.17 MiB/s, checksum:5814165176320
pressure report window:2.128483 s
t0_region>
[0]:50115
[1]:7273
[2]:32

t1_region>
[1]:50765
[2]:6535
[3]:121

t2_region>
[30]:34976
[31]:21595
[32]:844
[33]:4
[34]:2

t0_min: 0.50 us, round:11465
t0_max: 2.17 us, round:55704
t0_jitter: 1.67 us

t1_min: 1.33 us, round:39328
t1_max: 3.33 us, round:32121
t1_jitter: 2.00 us

t2_min: 30.21 us, round:46132
t2_max: 34.46 us, round:382
t2_jitter: 4.25 us

PMU diff samples: 57424
AVG DIFF LL_CACHE_RD: 45.51
AVG DIFF LL_CACHE_MISS_RD: 26.21
AVG DIFF L2D_CACHE_REFILL: 5.21
AVG DIFF L2D_CACHE_INVAL: 0.01
[cur diff] DIFF LL_CACHE_RD: 0, DIFF LL_CACHE_MISS_RD: 0, MISS_RATE: 0.00%
[cur diff] DIFF L2D_CACHE_REFILL: 0
[cur diff] DIFF L2D_CACHE_INVAL: 0
[max diff] DIFF LL_CACHE_RD: 77, DIFF LL_CACHE_MISS_RD: 64, MISS_RATE: 83.12%
[max diff] DIFF L2D_CACHE_REFILL: 25
[max diff] DIFF L2D_CACHE_INVAL: 17

===========================================================
taskpendcnt:57628
t0:625 ns
t1:1791 ns
t2:30958 ns
benchmark: Franka-derived Cartesian-impedance kernel, input trace:8, timer period:10.000 ms
controller source: franka_ros2 jazzy@73a1501d, updates:57639, SVD sweeps:5
pose error:[0.010000 0.015000 0.010000 -0.000000 0.049979 -0.000000]
tau[0:6]:[1.376914 -0.104433 0.790225 0.843903 0.642107 -0.956178 0.423547]
kernel exec min/avg/max: 28.58 / 29.22 / 31.21 us, samples:57631
pressure status:1, copy rounds total/window:4382/16, 7.52 rounds/s
pressure logical copy:43820.00 MiB total, approx 75.18 MiB/s, checksum:5835472240640
pressure report window:2.128351 s
t0_region>
[0]:50302
[1]:7299
[2]:32

t1_region>
[1]:50949
[2]:6563
[3]:121

t2_region>
[30]:35109
[31]:21670
[32]:849
[33]:4
[34]:2

t0_min: 0.50 us, round:11465
t0_max: 2.17 us, round:55704
t0_jitter: 1.67 us

t1_min: 1.33 us, round:39328
t1_max: 3.33 us, round:32121
t1_jitter: 2.00 us

t2_min: 30.21 us, round:46132
t2_max: 34.46 us, round:382
t2_jitter: 4.25 us

PMU diff samples: 57636
AVG DIFF LL_CACHE_RD: 45.51
AVG DIFF LL_CACHE_MISS_RD: 26.21
AVG DIFF L2D_CACHE_REFILL: 5.21
AVG DIFF L2D_CACHE_INVAL: 0.01
[cur diff] DIFF LL_CACHE_RD: 0, DIFF LL_CACHE_MISS_RD: 0, MISS_RATE: 0.00%
[cur diff] DIFF L2D_CACHE_REFILL: 0
[cur diff] DIFF L2D_CACHE_INVAL: 0
[max diff] DIFF LL_CACHE_RD: 77, DIFF LL_CACHE_MISS_RD: 64, MISS_RATE: 83.12%
[max diff] DIFF L2D_CACHE_REFILL: 25
[max diff] DIFF L2D_CACHE_INVAL: 17

===========================================================
taskpendcnt:57840
t0:875 ns
t1:1750 ns
t2:30916 ns
benchmark: Franka-derived Cartesian-impedance kernel, input trace:8, timer period:10.000 ms
controller source: franka_ros2 jazzy@73a1501d, updates:57852, SVD sweeps:5
pose error:[0.010000 0.015000 0.010000 -0.000000 0.049979 -0.000000]
tau[0:6]:[-0.274004 -0.324180 0.001577 -0.231466 0.050986 -0.328952 0.010844]
kernel exec min/avg/max: 28.58 / 29.22 / 31.21 us, samples:57844
pressure status:1, copy rounds total/window:4399/17, 7.99 rounds/s
pressure logical copy:43990.00 MiB total, approx 79.89 MiB/s, checksum:5858110996480
pressure report window:2.128041 s
t0_region>
[0]:50489
[1]:7325
[2]:32

t1_region>
[1]:51141
[2]:6584
[3]:121

t2_region>
[30]:35236
[31]:21753
[32]:852
[33]:4
[34]:2

t0_min: 0.50 us, round:11465
t0_max: 2.17 us, round:55704
t0_jitter: 1.67 us

t1_min: 1.33 us, round:39328
t1_max: 3.33 us, round:32121
t1_jitter: 2.00 us

t2_min: 30.21 us, round:46132
t2_max: 34.46 us, round:382
t2_jitter: 4.25 us

PMU diff samples: 57849
AVG DIFF LL_CACHE_RD: 45.52
AVG DIFF LL_CACHE_MISS_RD: 26.21
AVG DIFF L2D_CACHE_REFILL: 5.21
AVG DIFF L2D_CACHE_INVAL: 0.01
[cur diff] DIFF LL_CACHE_RD: 0, DIFF LL_CACHE_MISS_RD: 0, MISS_RATE: 0.00%
[cur diff] DIFF L2D_CACHE_REFILL: 0
[cur diff] DIFF L2D_CACHE_INVAL: 0
[max diff] DIFF LL_CACHE_RD: 77, DIFF LL_CACHE_MISS_RD: 64, MISS_RATE: 83.12%
[max diff] DIFF L2D_CACHE_REFILL: 25
[max diff] DIFF L2D_CACHE_INVAL: 17

===========================================================
taskpendcnt:58053
t0:750 ns
t1:1625 ns
t2:30791 ns
benchmark: Franka-derived Cartesian-impedance kernel, input trace:8, timer period:10.000 ms
controller source: franka_ros2 jazzy@73a1501d, updates:58064, SVD sweeps:5
pose error:[0.010000 0.015000 0.010000 -0.000000 0.049979 -0.000000]
tau[0:6]:[-2.781770 -1.613002 -1.930139 -1.581803 -1.382951 -0.390599 -0.663394]
kernel exec min/avg/max: 28.58 / 29.22 / 31.21 us, samples:58056
pressure status:1, copy rounds total/window:4415/16, 7.52 rounds/s
pressure logical copy:44150.00 MiB total, approx 75.18 MiB/s, checksum:5879418060800
pressure report window:2.128137 s
t0_region>
[0]:50676
[1]:7351
[2]:32

t1_region>
[1]:51330
[2]:6607
[3]:122

t2_region>
[30]:35366
[31]:21834
[32]:854
[33]:4
[34]:2

t0_min: 0.50 us, round:11465
t0_max: 2.17 us, round:55704
t0_jitter: 1.67 us

t1_min: 1.33 us, round:39328
t1_max: 3.33 us, round:32121
t1_jitter: 2.00 us

t2_min: 30.21 us, round:46132
t2_max: 34.46 us, round:382
t2_jitter: 4.25 us

PMU diff samples: 58062
AVG DIFF LL_CACHE_RD: 45.52
AVG DIFF LL_CACHE_MISS_RD: 26.23
AVG DIFF L2D_CACHE_REFILL: 5.21
AVG DIFF L2D_CACHE_INVAL: 0.01
[cur diff] DIFF LL_CACHE_RD: 0, DIFF LL_CACHE_MISS_RD: 0, MISS_RATE: 0.00%
[cur diff] DIFF L2D_CACHE_REFILL: 0
[cur diff] DIFF L2D_CACHE_INVAL: 0
[max diff] DIFF LL_CACHE_RD: 77, DIFF LL_CACHE_MISS_RD: 64, MISS_RATE: 83.12%
[max diff] DIFF L2D_CACHE_REFILL: 25
[max diff] DIFF L2D_CACHE_INVAL: 17

===========================================================
taskpendcnt:58266
t0:708 ns
t1:1875 ns
t2:31041 ns
benchmark: Franka-derived Cartesian-impedance kernel, input trace:8, timer period:10.000 ms
controller source: franka_ros2 jazzy@73a1501d, updates:58277, SVD sweeps:5
pose error:[0.010000 0.015000 0.010000 -0.000000 0.049979 -0.000000]
tau[0:6]:[1.228026 0.081850 0.819520 0.875435 0.745706 -0.833381 0.398995]
kernel exec min/avg/max: 28.58 / 29.22 / 31.21 us, samples:58269
pressure status:1, copy rounds total/window:4431/16, 7.52 rounds/s
pressure logical copy:44310.00 MiB total, approx 75.18 MiB/s, checksum:5900725125120
pressure report window:2.128353 s
t0_region>
[0]:50863
[1]:7377
[2]:32

t1_region>
[1]:51519
[2]:6631
[3]:122

t2_region>
[30]:35503
[31]:21904
[32]:859
[33]:4
[34]:2

t0_min: 0.50 us, round:11465
t0_max: 2.17 us, round:55704
t0_jitter: 1.67 us

t1_min: 1.33 us, round:39328
t1_max: 3.33 us, round:32121
t1_jitter: 2.00 us

t2_min: 30.21 us, round:46132
t2_max: 34.46 us, round:382
t2_jitter: 4.25 us

PMU diff samples: 58275
AVG DIFF LL_CACHE_RD: 45.51
AVG DIFF LL_CACHE_MISS_RD: 26.23
AVG DIFF L2D_CACHE_REFILL: 5.21
AVG DIFF L2D_CACHE_INVAL: 0.01
[cur diff] DIFF LL_CACHE_RD: 0, DIFF LL_CACHE_MISS_RD: 0, MISS_RATE: 0.00%
[cur diff] DIFF L2D_CACHE_REFILL: 0
[cur diff] DIFF L2D_CACHE_INVAL: 0
[max diff] DIFF LL_CACHE_RD: 77, DIFF LL_CACHE_MISS_RD: 64, MISS_RATE: 83.12%
[max diff] DIFF L2D_CACHE_REFILL: 25
[max diff] DIFF L2D_CACHE_INVAL: 17

===========================================================
taskpendcnt:58479
t0:666 ns
t1:1541 ns
t2:30708 ns
benchmark: Franka-derived Cartesian-impedance kernel, input trace:8, timer period:10.000 ms
controller source: franka_ros2 jazzy@73a1501d, updates:58490, SVD sweeps:5
pose error:[0.010000 0.015000 0.010000 -0.000000 0.049979 -0.000000]
tau[0:6]:[-2.379368 -1.292411 -1.655224 -1.570015 -1.185234 -0.066588 -0.610247]
kernel exec min/avg/max: 28.58 / 29.22 / 31.21 us, samples:58482
pressure status:1, copy rounds total/window:4447/16, 7.52 rounds/s
pressure logical copy:44470.00 MiB total, approx 75.17 MiB/s, checksum:5922032189440
pressure report window:2.128395 s
t0_region>
[0]:51049
[1]:7403
[2]:32

t1_region>
[1]:51707
[2]:6656
[3]:122

t2_region>
[30]:35646
[31]:21971
[32]:862
[33]:4
[34]:2

t0_min: 0.50 us, round:11465
t0_max: 2.17 us, round:55704
t0_jitter: 1.67 us

t1_min: 1.33 us, round:39328
t1_max: 3.33 us, round:32121
t1_jitter: 2.00 us

t2_min: 30.21 us, round:46132
t2_max: 34.46 us, round:382
t2_jitter: 4.25 us

PMU diff samples: 58488
AVG DIFF LL_CACHE_RD: 45.52
AVG DIFF LL_CACHE_MISS_RD: 26.22
AVG DIFF L2D_CACHE_REFILL: 5.21
AVG DIFF L2D_CACHE_INVAL: 0.01
[cur diff] DIFF LL_CACHE_RD: 0, DIFF LL_CACHE_MISS_RD: 0, MISS_RATE: 0.00%
[cur diff] DIFF L2D_CACHE_REFILL: 0
[cur diff] DIFF L2D_CACHE_INVAL: 0
[max diff] DIFF LL_CACHE_RD: 77, DIFF LL_CACHE_MISS_RD: 64, MISS_RATE: 83.12%
[max diff] DIFF L2D_CACHE_REFILL: 25
[max diff] DIFF L2D_CACHE_INVAL: 17

===========================================================
taskpendcnt:58692
t0:916 ns
t1:1791 ns
t2:31250 ns
benchmark: Franka-derived Cartesian-impedance kernel, input trace:8, timer period:10.000 ms
controller source: franka_ros2 jazzy@73a1501d, updates:58703, SVD sweeps:5
pose error:[0.010000 0.015000 0.010000 -0.000000 0.049979 -0.000000]
tau[0:6]:[1.376914 -0.104433 0.790225 0.843903 0.642107 -0.956178 0.423547]
kernel exec min/avg/max: 28.58 / 29.22 / 31.21 us, samples:58695
pressure status:1, copy rounds total/window:4463/16, 7.52 rounds/s
pressure logical copy:44630.00 MiB total, approx 75.17 MiB/s, checksum:5943339253760
pressure report window:2.128450 s
t0_region>
[0]:51234
[1]:7430
[2]:33

t1_region>
[1]:51894
[2]:6680
[3]:124

t2_region>
[30]:35783
[31]:22039
[32]:870
[33]:4
[34]:2

t0_min: 0.50 us, round:11465
t0_max: 2.17 us, round:55704
t0_jitter: 1.67 us

t1_min: 1.33 us, round:39328
t1_max: 3.33 us, round:32121
t1_jitter: 2.00 us

t2_min: 30.21 us, round:46132
t2_max: 34.46 us, round:382
t2_jitter: 4.25 us

PMU diff samples: 58701
AVG DIFF LL_CACHE_RD: 45.52
AVG DIFF LL_CACHE_MISS_RD: 26.22
AVG DIFF L2D_CACHE_REFILL: 5.21
AVG DIFF L2D_CACHE_INVAL: 0.01
[cur diff] DIFF LL_CACHE_RD: 0, DIFF LL_CACHE_MISS_RD: 0, MISS_RATE: 0.00%
[cur diff] DIFF L2D_CACHE_REFILL: 0
[cur diff] DIFF L2D_CACHE_INVAL: 0
[max diff] DIFF LL_CACHE_RD: 77, DIFF LL_CACHE_MISS_RD: 64, MISS_RATE: 83.12%
[max diff] DIFF L2D_CACHE_REFILL: 25
[max diff] DIFF L2D_CACHE_INVAL: 17

===========================================================
taskpendcnt:58905
t0:875 ns
t1:1750 ns
t2:30916 ns
benchmark: Franka-derived Cartesian-impedance kernel, input trace:8, timer period:10.000 ms
controller source: franka_ros2 jazzy@73a1501d, updates:58916, SVD sweeps:5
pose error:[0.010000 0.015000 0.010000 -0.000000 0.049979 -0.000000]
tau[0:6]:[-0.274004 -0.324180 0.001577 -0.231466 0.050986 -0.328952 0.010844]
kernel exec min/avg/max: 28.58 / 29.22 / 31.21 us, samples:58908
pressure status:1, copy rounds total/window:4479/16, 7.52 rounds/s
pressure logical copy:44790.00 MiB total, approx 75.19 MiB/s, checksum:5964646318080
pressure report window:2.128054 s
t0_region>
[0]:51420
[1]:7457
[2]:33

t1_region>
[1]:52080
[2]:6705
[3]:125

t2_region>
[30]:35925
[31]:22106
[32]:874
[33]:4
[34]:2

t0_min: 0.50 us, round:11465
t0_max: 2.17 us, round:55704
t0_jitter: 1.67 us

t1_min: 1.33 us, round:39328
t1_max: 3.33 us, round:32121
t1_jitter: 2.00 us

t2_min: 30.21 us, round:46132
t2_max: 34.46 us, round:382
t2_jitter: 4.25 us

PMU diff samples: 58913
AVG DIFF LL_CACHE_RD: 45.52
AVG DIFF LL_CACHE_MISS_RD: 26.21
AVG DIFF L2D_CACHE_REFILL: 5.21
AVG DIFF L2D_CACHE_INVAL: 0.01
[cur diff] DIFF LL_CACHE_RD: 0, DIFF LL_CACHE_MISS_RD: 0, MISS_RATE: 0.00%
[cur diff] DIFF L2D_CACHE_REFILL: 0
[cur diff] DIFF L2D_CACHE_INVAL: 0
[max diff] DIFF LL_CACHE_RD: 77, DIFF LL_CACHE_MISS_RD: 64, MISS_RATE: 83.12%
[max diff] DIFF L2D_CACHE_REFILL: 25
[max diff] DIFF L2D_CACHE_INVAL: 17

===========================================================
taskpendcnt:59117
t0:750 ns
t1:2000 ns
t2:31458 ns
benchmark: Franka-derived Cartesian-impedance kernel, input trace:8, timer period:10.000 ms
controller source: franka_ros2 jazzy@73a1501d, updates:59129, SVD sweeps:5
pose error:[0.010000 0.015000 0.010000 -0.000000 0.049979 -0.000000]
tau[0:6]:[-2.781770 -1.613002 -1.930139 -1.581803 -1.382951 -0.390599 -0.663394]
kernel exec min/avg/max: 28.58 / 29.22 / 31.21 us, samples:59121
pressure status:1, copy rounds total/window:4496/17, 7.99 rounds/s
pressure logical copy:44960.00 MiB total, approx 79.88 MiB/s, checksum:5987285073920
pressure report window:2.128140 s
t0_region>
[0]:51609
[1]:7481
[2]:33

t1_region>
[1]:52271
[2]:6727
[3]:125

t2_region>
[30]:36055
[31]:22188
[32]:875
[33]:4
[34]:2

t0_min: 0.50 us, round:11465
t0_max: 2.17 us, round:55704
t0_jitter: 1.67 us

t1_min: 1.33 us, round:39328
t1_max: 3.33 us, round:32121
t1_jitter: 2.00 us

t2_min: 30.21 us, round:46132
t2_max: 34.46 us, round:382
t2_jitter: 4.25 us

PMU diff samples: 59126
AVG DIFF LL_CACHE_RD: 45.52
AVG DIFF LL_CACHE_MISS_RD: 26.20
AVG DIFF L2D_CACHE_REFILL: 5.21
AVG DIFF L2D_CACHE_INVAL: 0.01
[cur diff] DIFF LL_CACHE_RD: 0, DIFF LL_CACHE_MISS_RD: 0, MISS_RATE: 0.00%
[cur diff] DIFF L2D_CACHE_REFILL: 0
[cur diff] DIFF L2D_CACHE_INVAL: 0
[max diff] DIFF LL_CACHE_RD: 77, DIFF LL_CACHE_MISS_RD: 64, MISS_RATE: 83.12%
[max diff] DIFF L2D_CACHE_REFILL: 25
[max diff] DIFF L2D_CACHE_INVAL: 17

===========================================================
taskpendcnt:59330
t0:708 ns
t1:1583 ns
t2:30833 ns
benchmark: Franka-derived Cartesian-impedance kernel, input trace:8, timer period:10.000 ms
controller source: franka_ros2 jazzy@73a1501d, updates:59341, SVD sweeps:5
pose error:[0.010000 0.015000 0.010000 -0.000000 0.049979 -0.000000]
tau[0:6]:[1.228026 0.081850 0.819520 0.875435 0.745706 -0.833381 0.398995]
kernel exec min/avg/max: 28.58 / 29.22 / 31.21 us, samples:59333
pressure status:1, copy rounds total/window:4512/16, 7.52 rounds/s
pressure logical copy:45120.00 MiB total, approx 75.18 MiB/s, checksum:6008592138240
pressure report window:2.128349 s
t0_region>
[0]:51800
[1]:7502
[2]:34

t1_region>
[1]:52460
[2]:6749
[3]:127

t2_region>
[30]:36185
[31]:22268
[32]:878
[33]:4
[34]:2

t0_min: 0.50 us, round:11465
t0_max: 2.17 us, round:55704
t0_jitter: 1.67 us

t1_min: 1.33 us, round:39328
t1_max: 3.33 us, round:32121
t1_jitter: 2.00 us

t2_min: 30.21 us, round:46132
t2_max: 34.46 us, round:382
t2_jitter: 4.25 us

PMU diff samples: 59339
AVG DIFF LL_CACHE_RD: 45.52
AVG DIFF LL_CACHE_MISS_RD: 26.19
AVG DIFF L2D_CACHE_REFILL: 5.21
AVG DIFF L2D_CACHE_INVAL: 0.01
[cur diff] DIFF LL_CACHE_RD: 0, DIFF LL_CACHE_MISS_RD: 0, MISS_RATE: 0.00%
[cur diff] DIFF L2D_CACHE_REFILL: 0
[cur diff] DIFF L2D_CACHE_INVAL: 0
[max diff] DIFF LL_CACHE_RD: 77, DIFF LL_CACHE_MISS_RD: 64, MISS_RATE: 83.12%
[max diff] DIFF L2D_CACHE_REFILL: 25
[max diff] DIFF L2D_CACHE_INVAL: 21

===========================================================
taskpendcnt:59543
t0:666 ns
t1:1541 ns
t2:30708 ns
benchmark: Franka-derived Cartesian-impedance kernel, input trace:8, timer period:10.000 ms
controller source: franka_ros2 jazzy@73a1501d, updates:59554, SVD sweeps:5
pose error:[0.010000 0.015000 0.010000 -0.000000 0.049979 -0.000000]
tau[0:6]:[-2.379368 -1.292411 -1.655224 -1.570015 -1.185234 -0.066588 -0.610247]
kernel exec min/avg/max: 28.58 / 29.22 / 31.21 us, samples:59546
pressure status:1, copy rounds total/window:4528/16, 7.52 rounds/s
pressure logical copy:45280.00 MiB total, approx 75.17 MiB/s, checksum:6029899202560
pressure report window:2.128397 s
t0_region>
[0]:51983
[1]:7532
[2]:34

t1_region>
[1]:52649
[2]:6773
[3]:127

t2_region>
[30]:36309
[31]:22355
[32]:879
[33]:4
[34]:2

t0_min: 0.50 us, round:11465
t0_max: 2.17 us, round:55704
t0_jitter: 1.67 us

t1_min: 1.33 us, round:39328
t1_max: 3.33 us, round:32121
t1_jitter: 2.00 us

t2_min: 30.21 us, round:46132
t2_max: 34.46 us, round:382
t2_jitter: 4.25 us

PMU diff samples: 59552
AVG DIFF LL_CACHE_RD: 45.52
AVG DIFF LL_CACHE_MISS_RD: 26.19
AVG DIFF L2D_CACHE_REFILL: 5.21
AVG DIFF L2D_CACHE_INVAL: 0.01
[cur diff] DIFF LL_CACHE_RD: 0, DIFF LL_CACHE_MISS_RD: 0, MISS_RATE: 0.00%
[cur diff] DIFF L2D_CACHE_REFILL: 0
[cur diff] DIFF L2D_CACHE_INVAL: 0
[max diff] DIFF LL_CACHE_RD: 77, DIFF LL_CACHE_MISS_RD: 64, MISS_RATE: 83.12%
[max diff] DIFF L2D_CACHE_REFILL: 25
[max diff] DIFF L2D_CACHE_INVAL: 21

===========================================================
taskpendcnt:59756
t0:1208 ns
t1:2083 ns
t2:31250 ns
benchmark: Franka-derived Cartesian-impedance kernel, input trace:8, timer period:10.000 ms
controller source: franka_ros2 jazzy@73a1501d, updates:59767, SVD sweeps:5
pose error:[0.010000 0.015000 0.010000 -0.000000 0.049979 -0.000000]
tau[0:6]:[1.376914 -0.104433 0.790225 0.843903 0.642107 -0.956178 0.423547]
kernel exec min/avg/max: 28.58 / 29.22 / 31.21 us, samples:59759
pressure status:1, copy rounds total/window:4544/16, 7.52 rounds/s
pressure logical copy:45440.00 MiB total, approx 75.17 MiB/s, checksum:6051206266880
pressure report window:2.128521 s
t0_region>
[0]:52169
[1]:7558
[2]:34

t1_region>
[1]:52841
[2]:6794
[3]:127

t2_region>
[30]:36453
[31]:22424
[32]:879
[33]:4
[34]:2

t0_min: 0.50 us, round:11465
t0_max: 2.17 us, round:55704
t0_jitter: 1.67 us

t1_min: 1.33 us, round:39328
t1_max: 3.33 us, round:32121
t1_jitter: 2.00 us

t2_min: 30.21 us, round:46132
t2_max: 34.46 us, round:382
t2_jitter: 4.25 us

PMU diff samples: 59765
AVG DIFF LL_CACHE_RD: 45.52
AVG DIFF LL_CACHE_MISS_RD: 26.18
AVG DIFF L2D_CACHE_REFILL: 5.20
AVG DIFF L2D_CACHE_INVAL: 0.01
[cur diff] DIFF LL_CACHE_RD: 0, DIFF LL_CACHE_MISS_RD: 0, MISS_RATE: 0.00%
[cur diff] DIFF L2D_CACHE_REFILL: 0
[cur diff] DIFF L2D_CACHE_INVAL: 0
[max diff] DIFF LL_CACHE_RD: 77, DIFF LL_CACHE_MISS_RD: 64, MISS_RATE: 83.12%
[max diff] DIFF L2D_CACHE_REFILL: 25
[max diff] DIFF L2D_CACHE_INVAL: 21

===========================================================
taskpendcnt:59969
t0:875 ns
t1:1750 ns
t2:30625 ns
benchmark: Franka-derived Cartesian-impedance kernel, input trace:8, timer period:10.000 ms
controller source: franka_ros2 jazzy@73a1501d, updates:59980, SVD sweeps:5
pose error:[0.010000 0.015000 0.010000 -0.000000 0.049979 -0.000000]
tau[0:6]:[-0.274004 -0.324180 0.001577 -0.231466 0.050986 -0.328952 0.010844]
kernel exec min/avg/max: 28.58 / 29.22 / 31.21 us, samples:59972
pressure status:1, copy rounds total/window:4560/16, 7.52 rounds/s
pressure logical copy:45600.00 MiB total, approx 75.19 MiB/s, checksum:6072513331200
pressure report window:2.127964 s
t0_region>
[0]:52352
[1]:7588
[2]:34

t1_region>
[1]:53032
[2]:6816
[3]:127

t2_region>
[30]:36591
[31]:22496
[32]:882
[33]:4
[34]:2

t0_min: 0.50 us, round:11465
t0_max: 2.17 us, round:55704
t0_jitter: 1.67 us

t1_min: 1.33 us, round:39328
t1_max: 3.33 us, round:32121
t1_jitter: 2.00 us

t2_min: 30.21 us, round:46132
t2_max: 34.46 us, round:382
t2_jitter: 4.25 us

PMU diff samples: 59977
AVG DIFF LL_CACHE_RD: 45.52
AVG DIFF LL_CACHE_MISS_RD: 26.18
AVG DIFF L2D_CACHE_REFILL: 5.20
AVG DIFF L2D_CACHE_INVAL: 0.01
[cur diff] DIFF LL_CACHE_RD: 0, DIFF LL_CACHE_MISS_RD: 0, MISS_RATE: 0.00%
[cur diff] DIFF L2D_CACHE_REFILL: 0
[cur diff] DIFF L2D_CACHE_INVAL: 0
[max diff] DIFF LL_CACHE_RD: 77, DIFF LL_CACHE_MISS_RD: 64, MISS_RATE: 83.12%
[max diff] DIFF L2D_CACHE_REFILL: 25
[max diff] DIFF L2D_CACHE_INVAL: 21

===========================================================
taskpendcnt:60000
t0:833 ns
t1:1708 ns
t2:30875 ns
benchmark: Franka-derived Cartesian-impedance kernel, input trace:8, timer period:10.000 ms
controller source: franka_ros2 jazzy@73a1501d, updates:60010, SVD sweeps:5
pose error:[0.010000 0.015000 0.010000 -0.000000 0.049979 -0.000000]
tau[0:6]:[-2.781770 -1.613002 -1.930139 -1.581803 -1.382951 -0.390599 -0.663394]
kernel exec min/avg/max: 28.58 / 29.22 / 31.21 us, samples:60000
pressure status:1, copy rounds total/window:4577/17, 7.99 rounds/s
pressure logical copy:45770.00 MiB total, approx 79.88 MiB/s, checksum:6095152087040
pressure report window:2.128152 s
t0_region>
[0]:52375
[1]:7591
[2]:34

t1_region>
[1]:53055
[2]:6818
[3]:127

t2_region>
[30]:36609
[31]:22503
[32]:882
[33]:4
[34]:2

t0_min: 0.50 us, round:11465
t0_max: 2.17 us, round:55704
t0_jitter: 1.67 us

t1_min: 1.33 us, round:39328
t1_max: 3.33 us, round:32121
t1_jitter: 2.00 us

t2_min: 30.21 us, round:46132
t2_max: 34.46 us, round:382
t2_jitter: 4.25 us

PMU diff samples: 60000
AVG DIFF LL_CACHE_RD: 45.51
AVG DIFF LL_CACHE_MISS_RD: 26.17
AVG DIFF L2D_CACHE_REFILL: 5.20
AVG DIFF L2D_CACHE_INVAL: 0.01
[cur diff] DIFF LL_CACHE_RD: 41, DIFF LL_CACHE_MISS_RD: 12, MISS_RATE: 29.27%
[cur diff] DIFF L2D_CACHE_REFILL: 2
[cur diff] DIFF L2D_CACHE_INVAL: 0
[max diff] DIFF LL_CACHE_RD: 77, DIFF LL_CACHE_MISS_RD: 64, MISS_RATE: 83.12%
[max diff] DIFF L2D_CACHE_REFILL: 25
[max diff] DIFF L2D_CACHE_INVAL: 21

===========================================================
taskpendcnt:60000
t0:833 ns
t1:1708 ns
t2:30875 ns
benchmark: Franka-derived Cartesian-impedance kernel, input trace:8, timer period:10.000 ms
controller source: franka_ros2 jazzy@73a1501d, updates:60010, SVD sweeps:5
pose error:[0.010000 0.015000 0.010000 -0.000000 0.049979 -0.000000]
tau[0:6]:[-2.781770 -1.613002 -1.930139 -1.581803 -1.382951 -0.390599 -0.663394]
kernel exec min/avg/max: 28.58 / 29.22 / 31.21 us, samples:60000
pressure status:1, copy rounds total/window:4593/16, 7.51 rounds/s
pressure logical copy:45930.00 MiB total, approx 75.07 MiB/s, checksum:6116459151360
pressure report window:2.131240 s
t0_region>
[0]:52375
[1]:7591
[2]:34

t1_region>
[1]:53055
[2]:6818
[3]:127

t2_region>
[30]:36609
[31]:22503
[32]:882
[33]:4
[34]:2

t0_min: 0.50 us, round:11465
t0_max: 2.17 us, round:55704
t0_jitter: 1.67 us

t1_min: 1.33 us, round:39328
t1_max: 3.33 us, round:32121
t1_jitter: 2.00 us

t2_min: 30.21 us, round:46132
t2_max: 34.46 us, round:382
t2_jitter: 4.25 us

PMU diff samples: 60000
AVG DIFF LL_CACHE_RD: 45.51
AVG DIFF LL_CACHE_MISS_RD: 26.17
AVG DIFF L2D_CACHE_REFILL: 5.20
AVG DIFF L2D_CACHE_INVAL: 0.01
[cur diff] DIFF LL_CACHE_RD: 41, DIFF LL_CACHE_MISS_RD: 12, MISS_RATE: 29.27%
[cur diff] DIFF L2D_CACHE_REFILL: 2
[cur diff] DIFF L2D_CACHE_INVAL: 0
[max diff] DIFF LL_CACHE_RD: 77, DIFF LL_CACHE_MISS_RD: 64, MISS_RATE: 83.12%
[max diff] DIFF L2D_CACHE_REFILL: 25
[max diff] DIFF L2D_CACHE_INVAL: 21

===========================================================
taskpendcnt:60000
t0:833 ns
t1:1708 ns
t2:30875 ns
benchmark: Franka-derived Cartesian-impedance kernel, input trace:8, timer period:10.000 ms
controller source: franka_ros2 jazzy@73a1501d, updates:60010, SVD sweeps:5
pose error:[0.010000 0.015000 0.010000 -0.000000 0.049979 -0.000000]
tau[0:6]:[-2.781770 -1.613002 -1.930139 -1.581803 -1.382951 -0.390599 -0.663394]
kernel exec min/avg/max: 28.58 / 29.22 / 31.21 us, samples:60000
pressure status:1, copy rounds total/window:4609/16, 7.51 rounds/s
pressure logical copy:46090.00 MiB total, approx 75.07 MiB/s, checksum:6137766215680
pressure report window:2.131413 s
t0_region>
[0]:52375
[1]:7591
[2]:34

t1_region>
[1]:53055
[2]:6818
[3]:127

t2_region>
[30]:36609
[31]:22503
[32]:882
[33]:4
[34]:2

t0_min: 0.50 us, round:11465
t0_max: 2.17 us, round:55704
t0_jitter: 1.67 us

t1_min: 1.33 us, round:39328
t1_max: 3.33 us, round:32121
t1_jitter: 2.00 us

t2_min: 30.21 us, round:46132
t2_max: 34.46 us, round:382
t2_jitter: 4.25 us

PMU diff samples: 60000
AVG DIFF LL_CACHE_RD: 45.51
AVG DIFF LL_CACHE_MISS_RD: 26.17
AVG DIFF L2D_CACHE_REFILL: 5.20
AVG DIFF L2D_CACHE_INVAL: 0.01
[cur diff] DIFF LL_CACHE_RD: 41, DIFF LL_CACHE_MISS_RD: 12, MISS_RATE: 29.27%
[cur diff] DIFF L2D_CACHE_REFILL: 2
[cur diff] DIFF L2D_CACHE_INVAL: 0
[max diff] DIFF LL_CACHE_RD: 77, DIFF LL_CACHE_MISS_RD: 64, MISS_RATE: 83.12%
[max diff] DIFF L2D_CACHE_REFILL: 25
[max diff] DIFF L2D_CACHE_INVAL: 21

===========================================================
taskpendcnt:60000
t0:833 ns
t1:1708 ns
t2:30875 ns
benchmark: Franka-derived Cartesian-impedance kernel, input trace:8, timer period:10.000 ms
controller source: franka_ros2 jazzy@73a1501d, updates:60010, SVD sweeps:5
pose error:[0.010000 0.015000 0.010000 -0.000000 0.049979 -0.000000]
tau[0:6]:[-2.781770 -1.613002 -1.930139 -1.581803 -1.382951 -0.390599 -0.663394]
kernel exec min/avg/max: 28.58 / 29.22 / 31.21 us, samples:60000
pressure status:1, copy rounds total/window:4625/16, 7.51 rounds/s
pressure logical copy:46250.00 MiB total, approx 75.07 MiB/s, checksum:6159073280000
pressure report window:2.131399 s
t0_region>
[0]:52375
[1]:7591
[2]:34

t1_region>
[1]:53055
[2]:6818
[3]:127

t2_region>
[30]:36609
[31]:22503
[32]:882
[33]:4
[34]:2

t0_min: 0.50 us, round:11465
t0_max: 2.17 us, round:55704
t0_jitter: 1.67 us

t1_min: 1.33 us, round:39328
t1_max: 3.33 us, round:32121
t1_jitter: 2.00 us

t2_min: 30.21 us, round:46132
t2_max: 34.46 us, round:382
t2_jitter: 4.25 us

PMU diff samples: 60000
AVG DIFF LL_CACHE_RD: 45.51
AVG DIFF LL_CACHE_MISS_RD: 26.17
AVG DIFF L2D_CACHE_REFILL: 5.20
AVG DIFF L2D_CACHE_INVAL: 0.01
[cur diff] DIFF LL_CACHE_RD: 41, DIFF LL_CACHE_MISS_RD: 12, MISS_RATE: 29.27%
[cur diff] DIFF L2D_CACHE_REFILL: 2
[cur diff] DIFF L2D_CACHE_INVAL: 0
[max diff] DIFF LL_CACHE_RD: 77, DIFF LL_CACHE_MISS_RD: 64, MISS_RATE: 83.12%
[max diff] DIFF L2D_CACHE_REFILL: 25
[max diff] DIFF L2D_CACHE_INVAL: 21

===========================================================
taskpendcnt:60000
t0:833 ns
t1:1708 ns
t2:30875 ns
benchmark: Franka-derived Cartesian-impedance kernel, input trace:8, timer period:10.000 ms
controller source: franka_ros2 jazzy@73a1501d, updates:60010, SVD sweeps:5
pose error:[0.010000 0.015000 0.010000 -0.000000 0.049979 -0.000000]
tau[0:6]:[-2.781770 -1.613002 -1.930139 -1.581803 -1.382951 -0.390599 -0.663394]
kernel exec min/avg/max: 28.58 / 29.22 / 31.21 us, samples:60000
pressure status:1, copy rounds total/window:4641/16, 7.51 rounds/s
pressure logical copy:46410.00 MiB total, approx 75.07 MiB/s, checksum:6180380344320
pressure report window:2.131394 s
t0_region>
[0]:52375
[1]:7591
[2]:34

t1_region>
[1]:53055
[2]:6818
[3]:127

t2_region>
[30]:36609
[31]:22503
[32]:882
[33]:4
[34]:2

t0_min: 0.50 us, round:11465
t0_max: 2.17 us, round:55704
t0_jitter: 1.67 us

t1_min: 1.33 us, round:39328
t1_max: 3.33 us, round:32121
t1_jitter: 2.00 us

t2_min: 30.21 us, round:46132
t2_max: 34.46 us, round:382
t2_jitter: 4.25 us

PMU diff samples: 60000
AVG DIFF LL_CACHE_RD: 45.51
AVG DIFF LL_CACHE_MISS_RD: 26.17
AVG DIFF L2D_CACHE_REFILL: 5.20
AVG DIFF L2D_CACHE_INVAL: 0.01
[cur diff] DIFF LL_CACHE_RD: 41, DIFF LL_CACHE_MISS_RD: 12, MISS_RATE: 29.27%
[cur diff] DIFF L2D_CACHE_REFILL: 2
[cur diff] DIFF L2D_CACHE_INVAL: 0
[max diff] DIFF LL_CACHE_RD: 77, DIFF LL_CACHE_MISS_RD: 64, MISS_RATE: 83.12%
[max diff] DIFF L2D_CACHE_REFILL: 25
[max diff] DIFF L2D_CACHE_INVAL: 21

===========================================================
taskpendcnt:60000
t0:833 ns
t1:1708 ns
t2:30875 ns
benchmark: Franka-derived Cartesian-impedance kernel, input trace:8, timer period:10.000 ms
controller source: franka_ros2 jazzy@73a1501d, updates:60010, SVD sweeps:5
pose error:[0.010000 0.015000 0.010000 -0.000000 0.049979 -0.000000]
tau[0:6]:[-2.781770 -1.613002 -1.930139 -1.581803 -1.382951 -0.390599 -0.663394]
kernel exec min/avg/max: 28.58 / 29.22 / 31.21 us, samples:60000
pressure status:1, copy rounds total/window:4658/17, 7.98 rounds/s
pressure logical copy:46580.00 MiB total, approx 79.76 MiB/s, checksum:6203019100160
pressure report window:2.131411 s
t0_region>
[0]:52375
[1]:7591
[2]:34

t1_region>
[1]:53055
[2]:6818
[3]:127

t2_region>
[30]:36609
[31]:22503
[32]:882
[33]:4
[34]:2

t0_min: 0.50 us, round:11465
t0_max: 2.17 us, round:55704
t0_jitter: 1.67 us

t1_min: 1.33 us, round:39328
t1_max: 3.33 us, round:32121
t1_jitter: 2.00 us

t2_min: 30.21 us, round:46132
t2_max: 34.46 us, round:382
t2_jitter: 4.25 us

PMU diff samples: 60000
AVG DIFF LL_CACHE_RD: 45.51
AVG DIFF LL_CACHE_MISS_RD: 26.17
AVG DIFF L2D_CACHE_REFILL: 5.20
AVG DIFF L2D_CACHE_INVAL: 0.01
[cur diff] DIFF LL_CACHE_RD: 41, DIFF LL_CACHE_MISS_RD: 12, MISS_RATE: 29.27%
[cur diff] DIFF L2D_CACHE_REFILL: 2
[cur diff] DIFF L2D_CACHE_INVAL: 0
[max diff] DIFF LL_CACHE_RD: 77, DIFF LL_CACHE_MISS_RD: 64, MISS_RATE: 83.12%
[max diff] DIFF L2D_CACHE_REFILL: 25
[max diff] DIFF L2D_CACHE_INVAL: 21

===========================================================
taskpendcnt:60000
t0:833 ns
t1:1708 ns
t2:30875 ns
benchmark: Franka-derived Cartesian-impedance kernel, input trace:8, timer period:10.000 ms
controller source: franka_ros2 jazzy@73a1501d, updates:60010, SVD sweeps:5
pose error:[0.010000 0.015000 0.010000 -0.000000 0.049979 -0.000000]
tau[0:6]:[-2.781770 -1.613002 -1.930139 -1.581803 -1.382951 -0.390599 -0.663394]
kernel exec min/avg/max: 28.58 / 29.22 / 31.21 us, samples:60000
pressure status:1, copy rounds total/window:4674/16, 7.51 rounds/s
pressure logical copy:46740.00 MiB total, approx 75.07 MiB/s, checksum:6224326164480
pressure report window:2.131406 s
t0_region>
[0]:52375
[1]:7591
[2]:34

t1_region>
[1]:53055
[2]:6818
[3]:127

t2_region>
[30]:36609
[31]:22503
[32]:882
[33]:4
[34]:2

t0_min: 0.50 us, round:11465
t0_max: 2.17 us, round:55704
t0_jitter: 1.67 us

t1_min: 1.33 us, round:39328
t1_max: 3.33 us, round:32121
t1_jitter: 2.00 us

t2_min: 30.21 us, round:46132
t2_max: 34.46 us, round:382
t2_jitter: 4.25 us

PMU diff samples: 60000
AVG DIFF LL_CACHE_RD: 45.51
AVG DIFF LL_CACHE_MISS_RD: 26.17
AVG DIFF L2D_CACHE_REFILL: 5.20
AVG DIFF L2D_CACHE_INVAL: 0.01
[cur diff] DIFF LL_CACHE_RD: 41, DIFF LL_CACHE_MISS_RD: 12, MISS_RATE: 29.27%
[cur diff] DIFF L2D_CACHE_REFILL: 2
[cur diff] DIFF L2D_CACHE_INVAL: 0
[max diff] DIFF LL_CACHE_RD: 77, DIFF LL_CACHE_MISS_RD: 64, MISS_RATE: 83.12%
[max diff] DIFF L2D_CACHE_REFILL: 25
[max diff] DIFF L2D_CACHE_INVAL: 21
 