Hello, QSemOS-RT 24.03-LTS @ v1.3.4-unknown git time-unknown git ID
[ColorHeap] drained 14 segs, total 127 MB from FSC
[ColorHeap] mapped: critical 16288 pages, normal 16294 pages
[ColorFSC] init ptNo=1 idx=0 total=16287 pages used=0 pages VA=[0x100000000, 0x103fa0000)
[ColorFSC] init ptNo=2 idx=1 total=16293 pages used=0 pages VA=[0x200000000, 0x203fa6000)
[ColorHeap] init OK:
  ptNo=1 (CRITICAL): VA [0x100000000 - 0x103fa0000), 16288 pages (63 MB)
  ptNo=2 (NORMAL):   VA [0x200000000 - 0x203fa6000), 16294 pages (63 MB)
  Use PRT_MemAllocAlign(mid, OS_MEM_CRITICAL_PT/NORMAL_PT, size, align)
[ColorHeap] CRITICAL (ptNo=1): VA [0x100000000, 0x103fa0000) total=63 MB
[ColorHeap] NORMAL   (ptNo=2): VA [0x200000000, 0x203fa6000) total=63 MB
[SysEvict] code 52 pages [0x24000000, 0x24034000)
[SysEvict] data 61 pages [0x24034000, 0x24071328) (rodata+data+bss)
[SysEvict] done: 43 pages evicted to NORMAL, 28 crit pages skipped
[CritText] remapping 5 pages [0x24002000, 0x240062f0) -> CRITICAL pool
[CritText]   [0] 0x24002000 -> critPA=0x2408c000 color=0
[CritText]   [1] 0x24003000 -> critPA=0x2408e000 color=0
[CritText]   [2] 0x24004000 -> critPA=0x2407a000 color=0
[CritText]   [3] 0x24005000 -> critPA=0x2407c000 color=0
[CritText]   [4] 0x24006000 -> critPA=0x2407e000 color=0
[CritText] remap done: 5 pages now in CRITICAL cache sets
[CritData] remapping 7 pages [0x24057000, 0x2405d088) -> CRITICAL pool
[CritData]   [0] 0x24057000 -> critPA=0x240aa000 color=0
[CritData]   [1] 0x24058000 -> critPA=0x240ac000 color=0
[CritData]   [2] 0x24059000 -> critPA=0x240ae000 color=0
[CritData]   [3] 0x2405a000 -> critPA=0x24082000 color=0
[CritData]   [4] 0x2405b000 -> critPA=0x24084000 color=0
[CritData]   [5] 0x2405c000 -> critPA=0x24086000 color=0
[CritData]   [6] 0x2405d000 -> critPA=0x24088000 color=0
[CritData] remap done: 7 pages now in CRITICAL cache sets
[SysStack] remapping 16 pages [0x240465e8, 0x240565e8) -> CRITICAL pool
[SysStack]   [0] 0x240465e8 -> critPA=0x240e6000 color=0
[SysStack]   [1] 0x240475e8 -> critPA=0x240e8000 color=0
[SysStack]   [2] 0x240485e8 -> critPA=0x240ea000 color=0
[SysStack]   [3] 0x240495e8 -> critPA=0x240ec000 color=0
[SysStack]   [4] 0x2404a5e8 -> critPA=0x240ee000 color=0
[SysStack]   [5] 0x2404b5e8 -> critPA=0x24092000 color=0
[SysStack]   [6] 0x2404c5e8 -> critPA=0x24094000 color=0
[SysStack]   [7] 0x2404d5e8 -> critPA=0x24096000 color=0
[SysStack]   [8] 0x2404e5e8 -> critPA=0x24098000 color=0
[SysStack]   [9] 0x2404f5e8 -> critPA=0x2409a000 color=0
[SysStack]   [10] 0x240505e8 -> critPA=0x2409c000 color=0
[SysStack]   [11] 0x240515e8 -> critPA=0x2409e000 color=0
[SysStack]   [12] 0x240525e8 -> critPA=0x240a0000 color=0
[SysStack]   [13] 0x240535e8 -> critPA=0x240a2000 color=0
[SysStack]   [14] 0x240545e8 -> critPA=0x240a4000 color=0
[SysStack]   [15] 0x240555e8 -> critPA=0x240a6000 color=0
[SysStack] remap done: 16 pages now in CRITICAL cache sets
[XlatMigrate] pool free CRITICAL: 988, NORMAL in-use: 104
[XlatMigrate] done: 104 -> CRITICAL (pool+heap), 0 skipped
OK3568-C @ Jul 18 2026 08:31:59
timer_rt_test_demo running ...
Starting timer_rt_test_demo...sleep 25s
open interrupt and realtime performance control
[ColorHeap] CRITICAL (ptNo=1): VA [0x100000000, 0x103fa0000) total=63 MB
[ColorHeap] NORMAL   (ptNo=2): VA [0x200000000, 0x203fa6000) total=63 MB
HRTIMER NOSTRESS TEST Demo
OsSysGetClock():24000000
task_cycles:1000 
=======begin========

cache_partitioning_task_stack done

===========================================================
taskpendcnt:1989
t0:1375 ns
t1:2958 ns
t2:97583 ns
benchmark: Franka-derived Cartesian-impedance kernel, input trace:8, timer period:1.000 ms
controller source: franka_ros2 jazzy@73a1501d, updates:2012, SVD sweeps:5
pose error:[0.010000 0.015000 0.010000 -0.000000 0.049979 -0.000000]
tau[0:6]:[1.376914 -0.104433 0.790225 0.843903 0.642107 -0.956178 0.423547]
kernel exec min/avg/max: 94.50 / 95.39 / 100.92 us, samples:2021
pressure status:0, copy rounds total/window:0/0, 0.00 rounds/s
pressure logical copy:0.00 MiB total, approx 0.00 MiB/s, checksum:0
pressure report window:2.000000 s
t0_region>
[1]:2040
[2]:2

t1_region>
[2]:1829
[3]:121
[4]:96

t2_region>
[97]:575
[98]:1275
[99]:56
[100]:118
[101]:12
[102]:8
[103]:3
[104]:2

t0_min: 1.04 us, round:103
t0_max: 2.04 us, round:328
t0_jitter: 1.00 us

t1_min: 2.58 us, round:463
t1_max: 4.79 us, round:588
t1_jitter: 2.21 us

t2_min: 97.25 us, round:1771
t2_max: 104.88 us, round:26
t2_jitter: 7.63 us

PMU diff samples: 2076
AVG DIFF LL_CACHE_RD: 20.37
AVG DIFF LL_CACHE_MISS_RD: 0.01
AVG DIFF L2D_CACHE_REFILL: 0.01
AVG DIFF L2D_CACHE_INVAL: 0.00
[cur diff] DIFF LL_CACHE_RD: 1, DIFF LL_CACHE_MISS_RD: 0, MISS_RATE: 0.00%
[cur diff] DIFF L2D_CACHE_REFILL: 0
[cur diff] DIFF L2D_CACHE_INVAL: 0
[max diff] DIFF LL_CACHE_RD: 254, DIFF LL_CACHE_MISS_RD: 0, MISS_RATE: 0.00%
[max diff] DIFF L2D_CACHE_REFILL: 0
[max diff] DIFF L2D_CACHE_INVAL: 0

===========================================================
taskpendcnt:4115
t0:1125 ns
t1:2708 ns
t2:97333 ns
benchmark: Franka-derived Cartesian-impedance kernel, input trace:8, timer period:1.000 ms
controller source: franka_ros2 jazzy@73a1501d, updates:4138, SVD sweeps:5
pose error:[0.010000 0.015000 0.010000 -0.000000 0.049979 -0.000000]
tau[0:6]:[0.839771 0.130674 0.617691 0.624912 0.653099 -0.592692 0.265887]
kernel exec min/avg/max: 94.50 / 95.04 / 100.92 us, samples:4147
pressure status:0, copy rounds total/window:0/0, 0.00 rounds/s
pressure logical copy:0.00 MiB total, approx 0.00 MiB/s, checksum:0
pressure report window:2.125801 s
t0_region>
[1]:4166
[2]:2

t1_region>
[2]:3912
[3]:163
[4]:97

t2_region>
[97]:2572
[98]:1403
[99]:56
[100]:119
[101]:12
[102]:8
[103]:3
[104]:2

t0_min: 1.04 us, round:103
t0_max: 2.04 us, round:328
t0_jitter: 1.00 us

t1_min: 2.58 us, round:463
t1_max: 4.79 us, round:588
t1_jitter: 2.21 us

t2_min: 97.13 us, round:3086
t2_max: 104.88 us, round:26
t2_jitter: 7.75 us

PMU diff samples: 4202
AVG DIFF LL_CACHE_RD: 10.26
AVG DIFF LL_CACHE_MISS_RD: 0.01
AVG DIFF L2D_CACHE_REFILL: 0.01
AVG DIFF L2D_CACHE_INVAL: 0.00
[cur diff] DIFF LL_CACHE_RD: 1, DIFF LL_CACHE_MISS_RD: 0, MISS_RATE: 0.00%
[cur diff] DIFF L2D_CACHE_REFILL: 0
[cur diff] DIFF L2D_CACHE_INVAL: 0
[max diff] DIFF LL_CACHE_RD: 254, DIFF LL_CACHE_MISS_RD: 0, MISS_RATE: 0.00%
[max diff] DIFF L2D_CACHE_REFILL: 0
[max diff] DIFF L2D_CACHE_INVAL: 0

===========================================================
taskpendcnt:6241
t0:1166 ns
t1:2750 ns
t2:98250 ns
benchmark: Franka-derived Cartesian-impedance kernel, input trace:8, timer period:1.000 ms
controller source: franka_ros2 jazzy@73a1501d, updates:6264, SVD sweeps:5
pose error:[0.010000 0.015000 0.010000 -0.000000 0.049979 -0.000000]
tau[0:6]:[-1.839419 -0.921560 -1.193198 -1.195971 -0.861243 0.113634 -0.461388]
kernel exec min/avg/max: 94.21 / 95.03 / 100.92 us, samples:6273
pressure status:0, copy rounds total/window:0/0, 0.00 rounds/s
pressure logical copy:0.00 MiB total, approx 0.00 MiB/s, checksum:0
pressure report window:2.126326 s
t0_region>
[1]:6293
[2]:2

t1_region>
[2]:5944
[3]:235
[4]:119

t2_region>
[97]:4230
[98]:1822
[99]:81
[100]:140
[101]:12
[102]:9
[103]:5
[104]:2

t0_min: 1.04 us, round:103
t0_max: 2.04 us, round:328
t0_jitter: 1.00 us

t1_min: 2.58 us, round:463
t1_max: 4.79 us, round:588
t1_jitter: 2.21 us

t2_min: 97.13 us, round:3086
t2_max: 104.88 us, round:26
t2_jitter: 7.75 us

PMU diff samples: 6328
AVG DIFF LL_CACHE_RD: 8.54
AVG DIFF LL_CACHE_MISS_RD: 0.01
AVG DIFF L2D_CACHE_REFILL: 0.01
AVG DIFF L2D_CACHE_INVAL: 0.00
[cur diff] DIFF LL_CACHE_RD: 0, DIFF LL_CACHE_MISS_RD: 0, MISS_RATE: 0.00%
[cur diff] DIFF L2D_CACHE_REFILL: 0
[cur diff] DIFF L2D_CACHE_INVAL: 0
[max diff] DIFF LL_CACHE_RD: 254, DIFF LL_CACHE_MISS_RD: 0, MISS_RATE: 0.00%
[max diff] DIFF L2D_CACHE_REFILL: 0
[max diff] DIFF L2D_CACHE_INVAL: 0

===========================================================
taskpendcnt:8367
t0:1375 ns
t1:2958 ns
t2:97583 ns
benchmark: Franka-derived Cartesian-impedance kernel, input trace:8, timer period:1.000 ms
controller source: franka_ros2 jazzy@73a1501d, updates:8390, SVD sweeps:5
pose error:[0.010000 0.015000 0.010000 -0.000000 0.049979 -0.000000]
tau[0:6]:[-2.781770 -1.613002 -1.930139 -1.581803 -1.382951 -0.390599 -0.663394]
kernel exec min/avg/max: 94.21 / 94.94 / 100.92 us, samples:8399
pressure status:0, copy rounds total/window:0/0, 0.00 rounds/s
pressure logical copy:0.00 MiB total, approx 0.00 MiB/s, checksum:0
pressure report window:2.125983 s
t0_region>
[1]:8419
[2]:2

t1_region>
[2]:8014
[3]:288
[4]:122

t2_region>
[97]:6187
[98]:1980
[99]:89
[100]:142
[101]:12
[102]:10
[103]:5
[104]:2

t0_min: 1.04 us, round:103
t0_max: 2.04 us, round:328
t0_jitter: 1.00 us

t1_min: 2.58 us, round:463
t1_max: 4.79 us, round:588
t1_jitter: 2.21 us

t2_min: 97.08 us, round:7442
t2_max: 104.88 us, round:26
t2_jitter: 7.79 us

PMU diff samples: 8454
AVG DIFF LL_CACHE_RD: 6.70
AVG DIFF LL_CACHE_MISS_RD: 0.00
AVG DIFF L2D_CACHE_REFILL: 0.00
AVG DIFF L2D_CACHE_INVAL: 0.00
[cur diff] DIFF LL_CACHE_RD: 2, DIFF LL_CACHE_MISS_RD: 0, MISS_RATE: 0.00%
[cur diff] DIFF L2D_CACHE_REFILL: 0
[cur diff] DIFF L2D_CACHE_INVAL: 0
[max diff] DIFF LL_CACHE_RD: 254, DIFF LL_CACHE_MISS_RD: 0, MISS_RATE: 0.00%
[max diff] DIFF L2D_CACHE_REFILL: 0
[max diff] DIFF L2D_CACHE_INVAL: 0

===========================================================
taskpendcnt:10494
t0:1541 ns
t1:2833 ns
t2:98333 ns
benchmark: Franka-derived Cartesian-impedance kernel, input trace:8, timer period:1.000 ms
controller source: franka_ros2 jazzy@73a1501d, updates:10517, SVD sweeps:5
pose error:[0.010000 0.015000 0.010000 -0.000000 0.049979 -0.000000]
tau[0:6]:[-0.567483 -0.552304 -0.482512 -0.231067 -0.297494 -0.656094 -0.085004]
kernel exec min/avg/max: 94.21 / 94.99 / 100.92 us, samples:10526
pressure status:0, copy rounds total/window:0/0, 0.00 rounds/s
pressure logical copy:0.00 MiB total, approx 0.00 MiB/s, checksum:0
pressure report window:2.127156 s
t0_region>
[1]:10534
[2]:14

t1_region>
[2]:9967
[3]:435
[4]:146
[5]:3

t2_region>
[97]:7218
[98]:2981
[99]:148
[100]:170
[101]:21
[102]:10
[103]:6
[104]:2

t0_min: 1.04 us, round:103
t0_max: 2.21 us, round:9336
t0_jitter: 1.17 us

t1_min: 2.58 us, round:463
t1_max: 5.13 us, round:9343
t1_jitter: 2.54 us

t2_min: 97.08 us, round:7442
t2_max: 104.88 us, round:26
t2_jitter: 7.79 us

PMU diff samples: 10582
AVG DIFF LL_CACHE_RD: 5.78
AVG DIFF LL_CACHE_MISS_RD: 0.02
AVG DIFF L2D_CACHE_REFILL: 0.02
AVG DIFF L2D_CACHE_INVAL: 0.00
[cur diff] DIFF LL_CACHE_RD: 0, DIFF LL_CACHE_MISS_RD: 0, MISS_RATE: 0.00%
[cur diff] DIFF L2D_CACHE_REFILL: 0
[cur diff] DIFF L2D_CACHE_INVAL: 0
[max diff] DIFF LL_CACHE_RD: 7, DIFF LL_CACHE_MISS_RD: 7, MISS_RATE: 100.00%
[max diff] DIFF L2D_CACHE_REFILL: 7
[max diff] DIFF L2D_CACHE_INVAL: 0

===========================================================
taskpendcnt:12622
t0:1541 ns
t1:2833 ns
t2:98333 ns
benchmark: Franka-derived Cartesian-impedance kernel, input trace:8, timer period:1.000 ms
controller source: franka_ros2 jazzy@73a1501d, updates:12644, SVD sweeps:5
pose error:[0.010000 0.015000 0.010000 -0.000000 0.049979 -0.000000]
tau[0:6]:[-0.567483 -0.552304 -0.482512 -0.231067 -0.297494 -0.656094 -0.085004]
kernel exec min/avg/max: 94.21 / 95.05 / 100.92 us, samples:12654
pressure status:0, copy rounds total/window:0/0, 0.00 rounds/s
pressure logical copy:0.00 MiB total, approx 0.00 MiB/s, checksum:0
pressure report window:2.127892 s
t0_region>
[1]:12662
[2]:14

t1_region>
[2]:11990
[3]:540
[4]:146
[5]:3

t2_region>
[97]:7553
[98]:4766
[99]:156
[100]:170
[101]:21
[102]:10
[103]:6
[104]:2

t0_min: 1.04 us, round:103
t0_max: 2.21 us, round:9336
t0_jitter: 1.17 us

t1_min: 2.58 us, round:463
t1_max: 5.13 us, round:9343
t1_jitter: 2.54 us

t2_min: 97.08 us, round:7442
t2_max: 104.88 us, round:26
t2_jitter: 7.79 us

PMU diff samples: 12710
AVG DIFF LL_CACHE_RD: 4.86
AVG DIFF LL_CACHE_MISS_RD: 0.02
AVG DIFF L2D_CACHE_REFILL: 0.02
AVG DIFF L2D_CACHE_INVAL: 0.00
[cur diff] DIFF LL_CACHE_RD: 1, DIFF LL_CACHE_MISS_RD: 0, MISS_RATE: 0.00%
[cur diff] DIFF L2D_CACHE_REFILL: 0
[cur diff] DIFF L2D_CACHE_INVAL: 0
[max diff] DIFF LL_CACHE_RD: 7, DIFF LL_CACHE_MISS_RD: 7, MISS_RATE: 100.00%
[max diff] DIFF L2D_CACHE_REFILL: 7
[max diff] DIFF L2D_CACHE_INVAL: 0

===========================================================
taskpendcnt:14750
t0:1250 ns
t1:2833 ns
t2:98333 ns
benchmark: Franka-derived Cartesian-impedance kernel, input trace:8, timer period:1.000 ms
controller source: franka_ros2 jazzy@73a1501d, updates:14772, SVD sweeps:5
pose error:[0.010000 0.015000 0.010000 -0.000000 0.049979 -0.000000]
tau[0:6]:[-0.567483 -0.552304 -0.482512 -0.231067 -0.297494 -0.656094 -0.085004]
kernel exec min/avg/max: 94.21 / 95.11 / 100.92 us, samples:14782
pressure status:0, copy rounds total/window:0/0, 0.00 rounds/s
pressure logical copy:0.00 MiB total, approx 0.00 MiB/s, checksum:0
pressure report window:2.127895 s
t0_region>
[1]:14786
[2]:17
[3]:1

t1_region>
[2]:13985
[3]:668
[4]:150
[5]:4
[6]:1

t2_region>
[97]:7589
[98]:6836
[99]:173
[100]:175
[101]:21
[102]:10
[103]:7
[104]:2

t0_min: 1.04 us, round:103
t0_max: 3.54 us, round:12772
t0_jitter: 2.50 us

t1_min: 2.58 us, round:463
t1_max: 6.79 us, round:12868
t1_jitter: 4.21 us

t2_min: 97.08 us, round:7442
t2_max: 104.88 us, round:26
t2_jitter: 7.79 us

PMU diff samples: 14840
AVG DIFF LL_CACHE_RD: 4.21
AVG DIFF LL_CACHE_MISS_RD: 0.02
AVG DIFF L2D_CACHE_REFILL: 0.03
AVG DIFF L2D_CACHE_INVAL: 0.00
[cur diff] DIFF LL_CACHE_RD: 2, DIFF LL_CACHE_MISS_RD: 0, MISS_RATE: 0.00%
[cur diff] DIFF L2D_CACHE_REFILL: 0
[cur diff] DIFF L2D_CACHE_INVAL: 0
[max diff] DIFF LL_CACHE_RD: 5, DIFF LL_CACHE_MISS_RD: 5, MISS_RATE: 100.00%
[max diff] DIFF L2D_CACHE_REFILL: 5
[max diff] DIFF L2D_CACHE_INVAL: 0

===========================================================
taskpendcnt:16880
t0:1208 ns
t1:3083 ns
t2:98291 ns
benchmark: Franka-derived Cartesian-impedance kernel, input trace:8, timer period:1.000 ms
controller source: franka_ros2 jazzy@73a1501d, updates:16902, SVD sweeps:5
pose error:[0.010000 0.015000 0.010000 -0.000000 0.049979 -0.000000]
tau[0:6]:[-2.379368 -1.292411 -1.655224 -1.570015 -1.185234 -0.066588 -0.610247]
kernel exec min/avg/max: 94.21 / 95.16 / 100.92 us, samples:16912
pressure status:0, copy rounds total/window:0/0, 0.00 rounds/s
pressure logical copy:0.00 MiB total, approx 0.00 MiB/s, checksum:0
pressure report window:2.129891 s
t0_region>
[1]:16907
[2]:24
[3]:2

t1_region>
[2]:15969
[3]:808
[4]:154
[5]:6
[6]:1

t2_region>
[97]:7629
[98]:8807
[99]:283
[100]:184
[101]:21
[102]:10
[103]:7
[104]:2

t0_min: 1.04 us, round:103
t0_max: 3.54 us, round:12772
t0_jitter: 2.50 us

t1_min: 2.58 us, round:463
t1_max: 6.79 us, round:12868
t1_jitter: 4.21 us

t2_min: 97.08 us, round:7442
t2_max: 104.88 us, round:26
t2_jitter: 7.79 us

PMU diff samples: 16970
AVG DIFF LL_CACHE_RD: 3.72
AVG DIFF LL_CACHE_MISS_RD: 0.03
AVG DIFF L2D_CACHE_REFILL: 0.03
AVG DIFF L2D_CACHE_INVAL: 0.00
[cur diff] DIFF LL_CACHE_RD: 2, DIFF LL_CACHE_MISS_RD: 0, MISS_RATE: 0.00%
[cur diff] DIFF L2D_CACHE_REFILL: 0
[cur diff] DIFF L2D_CACHE_INVAL: 0
[max diff] DIFF LL_CACHE_RD: 5, DIFF LL_CACHE_MISS_RD: 5, MISS_RATE: 100.00%
[max diff] DIFF L2D_CACHE_REFILL: 5
[max diff] DIFF L2D_CACHE_INVAL: 0

===========================================================
taskpendcnt:19010
t0:1166 ns
t1:3041 ns
t2:98833 ns
benchmark: Franka-derived Cartesian-impedance kernel, input trace:8, timer period:1.000 ms
controller source: franka_ros2 jazzy@73a1501d, updates:19032, SVD sweeps:5
pose error:[0.010000 0.015000 0.010000 -0.000000 0.049979 -0.000000]
tau[0:6]:[-0.274004 -0.324180 0.001577 -0.231466 0.050986 -0.328952 0.010844]
kernel exec min/avg/max: 94.21 / 95.19 / 100.92 us, samples:19042
pressure status:0, copy rounds total/window:0/0, 0.00 rounds/s
pressure logical copy:0.00 MiB total, approx 0.00 MiB/s, checksum:0
pressure report window:2.129669 s
t0_region>
[1]:19037
[2]:24
[3]:2

t1_region>
[2]:17987
[3]:919
[4]:154
[5]:6
[6]:1

t2_region>
[97]:7647
[98]:10892
[99]:309
[100]:184
[101]:21
[102]:10
[103]:7
[104]:2

t0_min: 1.04 us, round:103
t0_max: 3.54 us, round:12772
t0_jitter: 2.50 us

t1_min: 2.58 us, round:463
t1_max: 6.79 us, round:12868
t1_jitter: 4.21 us

t2_min: 97.08 us, round:7442
t2_max: 104.88 us, round:26
t2_jitter: 7.79 us

PMU diff samples: 19099
AVG DIFF LL_CACHE_RD: 3.35
AVG DIFF LL_CACHE_MISS_RD: 0.03
AVG DIFF L2D_CACHE_REFILL: 0.03
AVG DIFF L2D_CACHE_INVAL: 0.00
[cur diff] DIFF LL_CACHE_RD: 3, DIFF LL_CACHE_MISS_RD: 0, MISS_RATE: 0.00%
[cur diff] DIFF L2D_CACHE_REFILL: 0
[cur diff] DIFF L2D_CACHE_INVAL: 0
[max diff] DIFF LL_CACHE_RD: 5, DIFF LL_CACHE_MISS_RD: 5, MISS_RATE: 100.00%
[max diff] DIFF L2D_CACHE_REFILL: 5
[max diff] DIFF L2D_CACHE_INVAL: 0

===========================================================
taskpendcnt:21138
t0:1291 ns
t1:2875 ns
t2:98666 ns
benchmark: Franka-derived Cartesian-impedance kernel, input trace:8, timer period:1.000 ms
controller source: franka_ros2 jazzy@73a1501d, updates:21161, SVD sweeps:5
pose error:[0.010000 0.015000 0.010000 -0.000000 0.049979 -0.000000]
tau[0:6]:[0.839771 0.130674 0.617691 0.624912 0.653099 -0.592692 0.265887]
kernel exec min/avg/max: 94.21 / 95.22 / 100.92 us, samples:21170
pressure status:0, copy rounds total/window:0/0, 0.00 rounds/s
pressure logical copy:0.00 MiB total, approx 0.00 MiB/s, checksum:0
pressure report window:2.128594 s
t0_region>
[1]:21162
[2]:28
[3]:2

t1_region>
[2]:19979
[3]:1048
[4]:161
[5]:6
[6]:1

t2_region>
[97]:7648
[98]:12988
[99]:336
[100]:188
[101]:22
[102]:10
[103]:7
[104]:2

t0_min: 1.04 us, round:103
t0_max: 3.54 us, round:12772
t0_jitter: 2.50 us

t1_min: 2.58 us, round:463
t1_max: 6.79 us, round:12868
t1_jitter: 4.21 us

t2_min: 97.08 us, round:7442
t2_max: 104.88 us, round:26
t2_jitter: 7.79 us

PMU diff samples: 21228
AVG DIFF LL_CACHE_RD: 3.14
AVG DIFF LL_CACHE_MISS_RD: 0.03
AVG DIFF L2D_CACHE_REFILL: 0.03
AVG DIFF L2D_CACHE_INVAL: 0.00
[cur diff] DIFF LL_CACHE_RD: 1, DIFF LL_CACHE_MISS_RD: 0, MISS_RATE: 0.00%
[cur diff] DIFF L2D_CACHE_REFILL: 0
[cur diff] DIFF L2D_CACHE_INVAL: 0
[max diff] DIFF LL_CACHE_RD: 5, DIFF LL_CACHE_MISS_RD: 5, MISS_RATE: 100.00%
[max diff] DIFF L2D_CACHE_REFILL: 5
[max diff] DIFF L2D_CACHE_INVAL: 0

===========================================================
taskpendcnt:23267
t0:1125 ns
t1:2708 ns
t2:98791 ns
benchmark: Franka-derived Cartesian-impedance kernel, input trace:8, timer period:1.000 ms
controller source: franka_ros2 jazzy@73a1501d, updates:23290, SVD sweeps:5
pose error:[0.010000 0.015000 0.010000 -0.000000 0.049979 -0.000000]
tau[0:6]:[1.228026 0.081850 0.819520 0.875435 0.745706 -0.833381 0.398995]
kernel exec min/avg/max: 94.21 / 95.24 / 100.92 us, samples:23299
pressure status:0, copy rounds total/window:0/0, 0.00 rounds/s
pressure logical copy:0.00 MiB total, approx 0.00 MiB/s, checksum:0
pressure report window:2.128892 s
t0_region>
[1]:23291
[2]:28
[3]:2

t1_region>
[2]:22010
[3]:1146
[4]:161
[5]:6
[6]:1

t2_region>
[97]:7658
[98]:15095
[99]:348
[100]:188
[101]:22
[102]:10
[103]:7
[104]:2

t0_min: 1.04 us, round:103
t0_max: 3.54 us, round:12772
t0_jitter: 2.50 us

t1_min: 2.58 us, round:463
t1_max: 6.79 us, round:12868
t1_jitter: 4.21 us

t2_min: 97.08 us, round:7442
t2_max: 104.88 us, round:26
t2_jitter: 7.79 us

PMU diff samples: 23357
AVG DIFF LL_CACHE_RD: 2.88
AVG DIFF LL_CACHE_MISS_RD: 0.03
AVG DIFF L2D_CACHE_REFILL: 0.03
AVG DIFF L2D_CACHE_INVAL: 0.00
[cur diff] DIFF LL_CACHE_RD: 1, DIFF LL_CACHE_MISS_RD: 0, MISS_RATE: 0.00%
[cur diff] DIFF L2D_CACHE_REFILL: 0
[cur diff] DIFF L2D_CACHE_INVAL: 0
[max diff] DIFF LL_CACHE_RD: 5, DIFF LL_CACHE_MISS_RD: 5, MISS_RATE: 100.00%
[max diff] DIFF L2D_CACHE_REFILL: 5
[max diff] DIFF L2D_CACHE_INVAL: 0

===========================================================
taskpendcnt:25396
t0:1250 ns
t1:3125 ns
t2:98333 ns
benchmark: Franka-derived Cartesian-impedance kernel, input trace:8, timer period:1.000 ms
controller source: franka_ros2 jazzy@73a1501d, updates:25419, SVD sweeps:5
pose error:[0.010000 0.015000 0.010000 -0.000000 0.049979 -0.000000]
tau[0:6]:[1.228026 0.081850 0.819520 0.875435 0.745706 -0.833381 0.398995]
kernel exec min/avg/max: 94.21 / 95.27 / 100.92 us, samples:25428
pressure status:0, copy rounds total/window:0/0, 0.00 rounds/s
pressure logical copy:0.00 MiB total, approx 0.00 MiB/s, checksum:0
pressure report window:2.128892 s
t0_region>
[1]:25418
[2]:29
[3]:2

t1_region>
[2]:23994
[3]:1291
[4]:161
[5]:6
[6]:2

t2_region>
[97]:7658
[98]:17106
[99]:458
[100]:194
[101]:23
[102]:11
[103]:7
[104]:2

t0_min: 1.04 us, round:103
t0_max: 3.54 us, round:12772
t0_jitter: 2.50 us

t1_min: 2.58 us, round:463
t1_max: 6.79 us, round:12868
t1_jitter: 4.21 us

t2_min: 97.08 us, round:7442
t2_max: 104.88 us, round:26
t2_jitter: 7.79 us

PMU diff samples: 25486
AVG DIFF LL_CACHE_RD: 2.66
AVG DIFF LL_CACHE_MISS_RD: 0.03
AVG DIFF L2D_CACHE_REFILL: 0.03
AVG DIFF L2D_CACHE_INVAL: 0.00
[cur diff] DIFF LL_CACHE_RD: 1, DIFF LL_CACHE_MISS_RD: 0, MISS_RATE: 0.00%
[cur diff] DIFF L2D_CACHE_REFILL: 0
[cur diff] DIFF L2D_CACHE_INVAL: 0
[max diff] DIFF LL_CACHE_RD: 5, DIFF LL_CACHE_MISS_RD: 5, MISS_RATE: 100.00%
[max diff] DIFF L2D_CACHE_REFILL: 5
[max diff] DIFF L2D_CACHE_INVAL: 0

===========================================================
taskpendcnt:27525
t0:1375 ns
t1:2958 ns
t2:98458 ns
benchmark: Franka-derived Cartesian-impedance kernel, input trace:8, timer period:1.000 ms
controller source: franka_ros2 jazzy@73a1501d, updates:27548, SVD sweeps:5
pose error:[0.010000 0.015000 0.010000 -0.000000 0.049979 -0.000000]
tau[0:6]:[1.376914 -0.104433 0.790225 0.843903 0.642107 -0.956178 0.423547]
kernel exec min/avg/max: 94.21 / 95.29 / 100.92 us, samples:27557
pressure status:0, copy rounds total/window:0/0, 0.00 rounds/s
pressure logical copy:0.00 MiB total, approx 0.00 MiB/s, checksum:0
pressure report window:2.128980 s
t0_region>
[1]:27544
[2]:32
[3]:2

t1_region>
[2]:25967
[3]:1441
[4]:166
[5]:6
[6]:3

t2_region>
[97]:7666
[98]:19186
[99]:493
[100]:199
[101]:23
[102]:11
[103]:8
[104]:2

t0_min: 1.04 us, round:103
t0_max: 3.54 us, round:12772
t0_jitter: 2.50 us

t1_min: 2.58 us, round:463
t1_max: 6.79 us, round:12868
t1_jitter: 4.21 us

t2_min: 97.08 us, round:7442
t2_max: 104.88 us, round:26
t2_jitter: 7.79 us

PMU diff samples: 27615
AVG DIFF LL_CACHE_RD: 2.49
AVG DIFF LL_CACHE_MISS_RD: 0.03
AVG DIFF L2D_CACHE_REFILL: 0.03
AVG DIFF L2D_CACHE_INVAL: 0.00
[cur diff] DIFF LL_CACHE_RD: 0, DIFF LL_CACHE_MISS_RD: 0, MISS_RATE: 0.00%
[cur diff] DIFF L2D_CACHE_REFILL: 0
[cur diff] DIFF L2D_CACHE_INVAL: 0
[max diff] DIFF LL_CACHE_RD: 5, DIFF LL_CACHE_MISS_RD: 5, MISS_RATE: 100.00%
[max diff] DIFF L2D_CACHE_REFILL: 5
[max diff] DIFF L2D_CACHE_INVAL: 0

===========================================================
taskpendcnt:29654
t0:1375 ns
t1:2958 ns
t2:98583 ns
benchmark: Franka-derived Cartesian-impedance kernel, input trace:8, timer period:1.000 ms
controller source: franka_ros2 jazzy@73a1501d, updates:29677, SVD sweeps:5
pose error:[0.010000 0.015000 0.010000 -0.000000 0.049979 -0.000000]
tau[0:6]:[-0.567483 -0.552304 -0.482512 -0.231067 -0.297494 -0.656094 -0.085004]
kernel exec min/avg/max: 94.21 / 95.30 / 100.92 us, samples:29686
pressure status:0, copy rounds total/window:0/0, 0.00 rounds/s
pressure logical copy:0.00 MiB total, approx 0.00 MiB/s, checksum:0
pressure report window:2.129326 s
t0_region>
[1]:29674
[2]:32
[3]:2

t1_region>
[2]:27999
[3]:1537
[4]:166
[5]:6
[6]:3

t2_region>
[97]:7666
[98]:21304
[99]:504
[100]:199
[101]:23
[102]:11
[103]:8
[104]:2

t0_min: 1.04 us, round:103
t0_max: 3.54 us, round:12772
t0_jitter: 2.50 us

t1_min: 2.58 us, round:463
t1_max: 6.79 us, round:12868
t1_jitter: 4.21 us

t2_min: 97.08 us, round:7442
t2_max: 104.88 us, round:26
t2_jitter: 7.79 us

PMU diff samples: 29744
AVG DIFF LL_CACHE_RD: 2.33
AVG DIFF LL_CACHE_MISS_RD: 0.03
AVG DIFF L2D_CACHE_REFILL: 0.03
AVG DIFF L2D_CACHE_INVAL: 0.00
[cur diff] DIFF LL_CACHE_RD: 1, DIFF LL_CACHE_MISS_RD: 0, MISS_RATE: 0.00%
[cur diff] DIFF L2D_CACHE_REFILL: 0
[cur diff] DIFF L2D_CACHE_INVAL: 0
[max diff] DIFF LL_CACHE_RD: 5, DIFF LL_CACHE_MISS_RD: 5, MISS_RATE: 100.00%
[max diff] DIFF L2D_CACHE_REFILL: 5
[max diff] DIFF L2D_CACHE_INVAL: 0

===========================================================
taskpendcnt:31784
t0:1333 ns
t1:2916 ns
t2:98416 ns
benchmark: Franka-derived Cartesian-impedance kernel, input trace:8, timer period:1.000 ms
controller source: franka_ros2 jazzy@73a1501d, updates:31806, SVD sweeps:5
pose error:[0.010000 0.015000 0.010000 -0.000000 0.049979 -0.000000]
tau[0:6]:[-2.379368 -1.292411 -1.655224 -1.570015 -1.185234 -0.066588 -0.610247]
kernel exec min/avg/max: 94.21 / 95.32 / 100.92 us, samples:31816
pressure status:0, copy rounds total/window:0/0, 0.00 rounds/s
pressure logical copy:0.00 MiB total, approx 0.00 MiB/s, checksum:0
pressure report window:2.129894 s
t0_region>
[1]:31800
[2]:36
[3]:2

t1_region>
[2]:29978
[3]:1675
[4]:178
[5]:7
[6]:3

t2_region>
[97]:7670
[98]:23355
[99]:564
[100]:212
[101]:25
[102]:11
[103]:8
[104]:2

t0_min: 1.04 us, round:103
t0_max: 3.54 us, round:12772
t0_jitter: 2.50 us

t1_min: 2.58 us, round:463
t1_max: 6.79 us, round:12868
t1_jitter: 4.21 us

t2_min: 97.08 us, round:7442
t2_max: 104.88 us, round:26
t2_jitter: 7.79 us

PMU diff samples: 31874
AVG DIFF LL_CACHE_RD: 2.20
AVG DIFF LL_CACHE_MISS_RD: 0.03
AVG DIFF L2D_CACHE_REFILL: 0.03
AVG DIFF L2D_CACHE_INVAL: 0.00
[cur diff] DIFF LL_CACHE_RD: 1, DIFF LL_CACHE_MISS_RD: 0, MISS_RATE: 0.00%
[cur diff] DIFF L2D_CACHE_REFILL: 0
[cur diff] DIFF L2D_CACHE_INVAL: 0
[max diff] DIFF LL_CACHE_RD: 5, DIFF LL_CACHE_MISS_RD: 5, MISS_RATE: 100.00%
[max diff] DIFF L2D_CACHE_REFILL: 5
[max diff] DIFF L2D_CACHE_INVAL: 0

===========================================================
taskpendcnt:33914
t0:1291 ns
t1:3166 ns
t2:98375 ns
benchmark: Franka-derived Cartesian-impedance kernel, input trace:8, timer period:1.000 ms
controller source: franka_ros2 jazzy@73a1501d, updates:33936, SVD sweeps:5
pose error:[0.010000 0.015000 0.010000 -0.000000 0.049979 -0.000000]
tau[0:6]:[-0.274004 -0.324180 0.001577 -0.231466 0.050986 -0.328952 0.010844]
kernel exec min/avg/max: 94.21 / 95.33 / 100.92 us, samples:33946
pressure status:0, copy rounds total/window:0/0, 0.00 rounds/s
pressure logical copy:0.00 MiB total, approx 0.00 MiB/s, checksum:0
pressure report window:2.129630 s
t0_region>
[1]:33928
[2]:37
[3]:2

t1_region>
[2]:32000
[3]:1782
[4]:179
[5]:7
[6]:3

t2_region>
[97]:7671
[98]:25470
[99]:578
[100]:212
[101]:25
[102]:11
[103]:8
[104]:2

t0_min: 1.04 us, round:103
t0_max: 3.54 us, round:12772
t0_jitter: 2.50 us

t1_min: 2.58 us, round:463
t1_max: 6.79 us, round:12868
t1_jitter: 4.21 us

t2_min: 97.08 us, round:7442
t2_max: 104.88 us, round:26
t2_jitter: 7.79 us

PMU diff samples: 34004
AVG DIFF LL_CACHE_RD: 2.08
AVG DIFF LL_CACHE_MISS_RD: 0.03
AVG DIFF L2D_CACHE_REFILL: 0.03
AVG DIFF L2D_CACHE_INVAL: 0.00
[cur diff] DIFF LL_CACHE_RD: 2, DIFF LL_CACHE_MISS_RD: 0, MISS_RATE: 0.00%
[cur diff] DIFF L2D_CACHE_REFILL: 0
[cur diff] DIFF L2D_CACHE_INVAL: 0
[max diff] DIFF LL_CACHE_RD: 5, DIFF LL_CACHE_MISS_RD: 5, MISS_RATE: 100.00%
[max diff] DIFF L2D_CACHE_REFILL: 5
[max diff] DIFF L2D_CACHE_INVAL: 0

===========================================================
taskpendcnt:36043
t0:1416 ns
t1:3000 ns
t2:98208 ns
benchmark: Franka-derived Cartesian-impedance kernel, input trace:8, timer period:1.000 ms
controller source: franka_ros2 jazzy@73a1501d, updates:36065, SVD sweeps:5
pose error:[0.010000 0.015000 0.010000 -0.000000 0.049979 -0.000000]
tau[0:6]:[0.839771 0.130674 0.617691 0.624912 0.653099 -0.592692 0.265887]
kernel exec min/avg/max: 94.21 / 95.34 / 100.92 us, samples:36075
pressure status:0, copy rounds total/window:0/0, 0.00 rounds/s
pressure logical copy:0.00 MiB total, approx 0.00 MiB/s, checksum:0
pressure report window:2.128633 s
t0_region>
[1]:36054
[2]:40
[3]:2

t1_region>
[2]:33975
[3]:1930
[4]:183
[5]:8
[6]:3

t2_region>
[97]:7671
[98]:27552
[99]:619
[100]:214
[101]:28
[102]:11
[103]:8
[104]:2

t0_min: 1.00 us, round:35567
t0_max: 3.54 us, round:12772
t0_jitter: 2.54 us

t1_min: 2.58 us, round:463
t1_max: 6.79 us, round:12868
t1_jitter: 4.21 us

t2_min: 97.08 us, round:7442
t2_max: 104.88 us, round:26
t2_jitter: 7.79 us

PMU diff samples: 36133
AVG DIFF LL_CACHE_RD: 1.97
AVG DIFF LL_CACHE_MISS_RD: 0.03
AVG DIFF L2D_CACHE_REFILL: 0.03
AVG DIFF L2D_CACHE_INVAL: 0.00
[cur diff] DIFF LL_CACHE_RD: 1, DIFF LL_CACHE_MISS_RD: 0, MISS_RATE: 0.00%
[cur diff] DIFF L2D_CACHE_REFILL: 0
[cur diff] DIFF L2D_CACHE_INVAL: 0
[max diff] DIFF LL_CACHE_RD: 5, DIFF LL_CACHE_MISS_RD: 5, MISS_RATE: 100.00%
[max diff] DIFF L2D_CACHE_REFILL: 5
[max diff] DIFF L2D_CACHE_INVAL: 0

===========================================================
taskpendcnt:38172
t0:1250 ns
t1:2833 ns
t2:98916 ns
benchmark: Franka-derived Cartesian-impedance kernel, input trace:8, timer period:1.000 ms
controller source: franka_ros2 jazzy@73a1501d, updates:38194, SVD sweeps:5
pose error:[0.010000 0.015000 0.010000 -0.000000 0.049979 -0.000000]
tau[0:6]:[1.228026 0.081850 0.819520 0.875435 0.745706 -0.833381 0.398995]
kernel exec min/avg/max: 94.21 / 95.35 / 100.92 us, samples:38203
pressure status:0, copy rounds total/window:0/0, 0.00 rounds/s
pressure logical copy:0.00 MiB total, approx 0.00 MiB/s, checksum:0
pressure report window:2.128900 s
t0_region>
[1]:38181
[2]:42
[3]:2

t1_region>
[2]:35986
[3]:2047
[4]:185
[5]:8
[6]:3

t2_region>
[97]:7675
[98]:29661
[99]:634
[100]:215
[101]:28
[102]:11
[103]:8
[104]:2

t0_min: 1.00 us, round:35567
t0_max: 3.54 us, round:12772
t0_jitter: 2.54 us

t1_min: 2.58 us, round:463
t1_max: 6.79 us, round:12868
t1_jitter: 4.21 us

t2_min: 97.08 us, round:7442
t2_max: 104.88 us, round:26
t2_jitter: 7.79 us

PMU diff samples: 38261
AVG DIFF LL_CACHE_RD: 1.88
AVG DIFF LL_CACHE_MISS_RD: 0.03
AVG DIFF L2D_CACHE_REFILL: 0.03
AVG DIFF L2D_CACHE_INVAL: 0.00
[cur diff] DIFF LL_CACHE_RD: 3, DIFF LL_CACHE_MISS_RD: 1, MISS_RATE: 33.33%
[cur diff] DIFF L2D_CACHE_REFILL: 0
[cur diff] DIFF L2D_CACHE_INVAL: 0
[max diff] DIFF LL_CACHE_RD: 5, DIFF LL_CACHE_MISS_RD: 5, MISS_RATE: 100.00%
[max diff] DIFF L2D_CACHE_REFILL: 5
[max diff] DIFF L2D_CACHE_INVAL: 0

===========================================================
taskpendcnt:40301
t0:1375 ns
t1:2958 ns
t2:98166 ns
benchmark: Franka-derived Cartesian-impedance kernel, input trace:8, timer period:1.000 ms
controller source: franka_ros2 jazzy@73a1501d, updates:40323, SVD sweeps:5
pose error:[0.010000 0.015000 0.010000 -0.000000 0.049979 -0.000000]
tau[0:6]:[1.376914 -0.104433 0.790225 0.843903 0.642107 -0.956178 0.423547]
kernel exec min/avg/max: 94.21 / 95.35 / 100.92 us, samples:40332
pressure status:0, copy rounds total/window:0/0, 0.00 rounds/s
pressure logical copy:0.00 MiB total, approx 0.00 MiB/s, checksum:0
pressure report window:2.128968 s
t0_region>
[1]:40303
[2]:49
[3]:2

t1_region>
[2]:37964
[3]:2186
[4]:194
[5]:10
[6]:3

t2_region>
[97]:7675
[98]:31739
[99]:677
[100]:221
[101]:30
[102]:11
[103]:8
[104]:2

t0_min: 1.00 us, round:35567
t0_max: 3.54 us, round:12772
t0_jitter: 2.54 us

t1_min: 2.58 us, round:463
t1_max: 6.79 us, round:12868
t1_jitter: 4.21 us

t2_min: 97.08 us, round:7442
t2_max: 104.88 us, round:26
t2_jitter: 7.79 us

PMU diff samples: 40390
AVG DIFF LL_CACHE_RD: 1.80
AVG DIFF LL_CACHE_MISS_RD: 0.03
AVG DIFF L2D_CACHE_REFILL: 0.04
AVG DIFF L2D_CACHE_INVAL: 0.00
[cur diff] DIFF LL_CACHE_RD: 4, DIFF LL_CACHE_MISS_RD: 0, MISS_RATE: 0.00%
[cur diff] DIFF L2D_CACHE_REFILL: 0
[cur diff] DIFF L2D_CACHE_INVAL: 0
[max diff] DIFF LL_CACHE_RD: 5, DIFF LL_CACHE_MISS_RD: 5, MISS_RATE: 100.00%
[max diff] DIFF L2D_CACHE_REFILL: 5
[max diff] DIFF L2D_CACHE_INVAL: 0

===========================================================
taskpendcnt:42430
t0:1333 ns
t1:2916 ns
t2:98416 ns
benchmark: Franka-derived Cartesian-impedance kernel, input trace:8, timer period:1.000 ms
controller source: franka_ros2 jazzy@73a1501d, updates:42453, SVD sweeps:5
pose error:[0.010000 0.015000 0.010000 -0.000000 0.049979 -0.000000]
tau[0:6]:[-2.781770 -1.613002 -1.930139 -1.581803 -1.382951 -0.390599 -0.663394]
kernel exec min/avg/max: 94.21 / 95.36 / 100.92 us, samples:42463
pressure status:0, copy rounds total/window:0/0, 0.00 rounds/s
pressure logical copy:0.00 MiB total, approx 0.00 MiB/s, checksum:0
pressure report window:2.130406 s
t0_region>
[1]:42429
[2]:53
[3]:2

t1_region>
[2]:39943
[3]:2334
[4]:198
[5]:10
[6]:3

t2_region>
[97]:7675
[98]:33808
[99]:734
[100]:226
[101]:30
[102]:11
[103]:8
[104]:2

t0_min: 1.00 us, round:35567
t0_max: 3.54 us, round:12772
t0_jitter: 2.54 us

t1_min: 2.58 us, round:463
t1_max: 6.79 us, round:12868
t1_jitter: 4.21 us

t2_min: 97.08 us, round:7442
t2_max: 104.88 us, round:26
t2_jitter: 7.79 us

PMU diff samples: 42521
AVG DIFF LL_CACHE_RD: 1.73
AVG DIFF LL_CACHE_MISS_RD: 0.03
AVG DIFF L2D_CACHE_REFILL: 0.04
AVG DIFF L2D_CACHE_INVAL: 0.00
[cur diff] DIFF LL_CACHE_RD: 0, DIFF LL_CACHE_MISS_RD: 0, MISS_RATE: 0.00%
[cur diff] DIFF L2D_CACHE_REFILL: 1
[cur diff] DIFF L2D_CACHE_INVAL: 0
[max diff] DIFF LL_CACHE_RD: 5, DIFF LL_CACHE_MISS_RD: 5, MISS_RATE: 100.00%
[max diff] DIFF L2D_CACHE_REFILL: 5
[max diff] DIFF L2D_CACHE_INVAL: 0

===========================================================
taskpendcnt:44560
t0:1291 ns
t1:3166 ns
t2:98375 ns
benchmark: Franka-derived Cartesian-impedance kernel, input trace:8, timer period:1.000 ms
controller source: franka_ros2 jazzy@73a1501d, updates:44583, SVD sweeps:5
pose error:[0.010000 0.015000 0.010000 -0.000000 0.049979 -0.000000]
tau[0:6]:[-2.379368 -1.292411 -1.655224 -1.570015 -1.185234 -0.066588 -0.610247]
kernel exec min/avg/max: 94.21 / 95.37 / 100.92 us, samples:44593
pressure status:0, copy rounds total/window:0/0, 0.00 rounds/s
pressure logical copy:0.00 MiB total, approx 0.00 MiB/s, checksum:0
pressure report window:2.129810 s
t0_region>
[1]:44557
[2]:53
[3]:4

t1_region>
[2]:41965
[3]:2439
[4]:200
[5]:11
[6]:3

t2_region>
[97]:7676
[98]:35927
[99]:742
[100]:227
[101]:31
[102]:11
[103]:8
[104]:2

t0_min: 1.00 us, round:35567
t0_max: 3.63 us, round:44345
t0_jitter: 2.63 us

t1_min: 2.58 us, round:463
t1_max: 6.79 us, round:12868
t1_jitter: 4.21 us

t2_min: 97.08 us, round:7442
t2_max: 104.88 us, round:26
t2_jitter: 7.79 us

PMU diff samples: 44651
AVG DIFF LL_CACHE_RD: 1.66
AVG DIFF LL_CACHE_MISS_RD: 0.03
AVG DIFF L2D_CACHE_REFILL: 0.04
AVG DIFF L2D_CACHE_INVAL: 0.00
[cur diff] DIFF LL_CACHE_RD: 2, DIFF LL_CACHE_MISS_RD: 0, MISS_RATE: 0.00%
[cur diff] DIFF L2D_CACHE_REFILL: 0
[cur diff] DIFF L2D_CACHE_INVAL: 0
[max diff] DIFF LL_CACHE_RD: 5, DIFF LL_CACHE_MISS_RD: 5, MISS_RATE: 100.00%
[max diff] DIFF L2D_CACHE_REFILL: 5
[max diff] DIFF L2D_CACHE_INVAL: 0

===========================================================
taskpendcnt:46690
t0:1250 ns
t1:2833 ns
t2:98333 ns
benchmark: Franka-derived Cartesian-impedance kernel, input trace:8, timer period:1.000 ms
controller source: franka_ros2 jazzy@73a1501d, updates:46713, SVD sweeps:5
pose error:[0.010000 0.015000 0.010000 -0.000000 0.049979 -0.000000]
tau[0:6]:[-0.274004 -0.324180 0.001577 -0.231466 0.050986 -0.328952 0.010844]
kernel exec min/avg/max: 94.21 / 95.38 / 100.92 us, samples:46722
pressure status:0, copy rounds total/window:0/0, 0.00 rounds/s
pressure logical copy:0.00 MiB total, approx 0.00 MiB/s, checksum:0
pressure report window:2.129634 s
t0_region>
[1]:46684
[2]:56
[3]:4

t1_region>
[2]:43960
[3]:2565
[4]:208
[5]:12
[6]:3

t2_region>
[97]:7677
[98]:38015
[99]:772
[100]:236
[101]:32
[102]:11
[103]:8
[104]:2

t0_min: 1.00 us, round:35567
t0_max: 3.63 us, round:44345
t0_jitter: 2.63 us

t1_min: 2.58 us, round:463
t1_max: 6.79 us, round:12868
t1_jitter: 4.21 us

t2_min: 97.08 us, round:7442
t2_max: 104.88 us, round:26
t2_jitter: 7.79 us

PMU diff samples: 46780
AVG DIFF LL_CACHE_RD: 1.60
AVG DIFF LL_CACHE_MISS_RD: 0.04
AVG DIFF L2D_CACHE_REFILL: 0.04
AVG DIFF L2D_CACHE_INVAL: 0.00
[cur diff] DIFF LL_CACHE_RD: 3, DIFF LL_CACHE_MISS_RD: 0, MISS_RATE: 0.00%
[cur diff] DIFF L2D_CACHE_REFILL: 0
[cur diff] DIFF L2D_CACHE_INVAL: 0
[max diff] DIFF LL_CACHE_RD: 5, DIFF LL_CACHE_MISS_RD: 5, MISS_RATE: 100.00%
[max diff] DIFF L2D_CACHE_REFILL: 5
[max diff] DIFF L2D_CACHE_INVAL: 0

===========================================================
taskpendcnt:48820
t0:1375 ns
t1:2958 ns
t2:98291 ns
benchmark: Franka-derived Cartesian-impedance kernel, input trace:8, timer period:1.000 ms
controller source: franka_ros2 jazzy@73a1501d, updates:48843, SVD sweeps:5
pose error:[0.010000 0.015000 0.010000 -0.000000 0.049979 -0.000000]
tau[0:6]:[1.228026 0.081850 0.819520 0.875435 0.745706 -0.833381 0.398995]
kernel exec min/avg/max: 94.21 / 95.38 / 100.92 us, samples:48852
pressure status:0, copy rounds total/window:0/0, 0.00 rounds/s
pressure logical copy:0.00 MiB total, approx 0.00 MiB/s, checksum:0
pressure report window:2.129632 s
t0_region>
[1]:48810
[2]:59
[3]:4

t1_region>
[2]:45973
[3]:2678
[4]:211
[5]:12
[6]:3

t2_region>
[97]:7677
[98]:40135
[99]:780
[100]:238
[101]:32
[102]:11
[103]:8
[104]:2

t0_min: 1.00 us, round:35567
t0_max: 3.63 us, round:44345
t0_jitter: 2.63 us

t1_min: 2.58 us, round:463
t1_max: 6.79 us, round:12868
t1_jitter: 4.21 us

t2_min: 97.08 us, round:7442
t2_max: 104.88 us, round:26
t2_jitter: 7.79 us

PMU diff samples: 48910
AVG DIFF LL_CACHE_RD: 1.56
AVG DIFF LL_CACHE_MISS_RD: 0.03
AVG DIFF L2D_CACHE_REFILL: 0.04
AVG DIFF L2D_CACHE_INVAL: 0.00
[cur diff] DIFF LL_CACHE_RD: 0, DIFF LL_CACHE_MISS_RD: 0, MISS_RATE: 0.00%
[cur diff] DIFF L2D_CACHE_REFILL: 0
[cur diff] DIFF L2D_CACHE_INVAL: 0
[max diff] DIFF LL_CACHE_RD: 5, DIFF LL_CACHE_MISS_RD: 5, MISS_RATE: 100.00%
[max diff] DIFF L2D_CACHE_REFILL: 5
[max diff] DIFF L2D_CACHE_INVAL: 0

===========================================================
taskpendcnt:50949
t0:1208 ns
t1:3083 ns
t2:98291 ns
benchmark: Franka-derived Cartesian-impedance kernel, input trace:8, timer period:1.000 ms
controller source: franka_ros2 jazzy@73a1501d, updates:50972, SVD sweeps:5
pose error:[0.010000 0.015000 0.010000 -0.000000 0.049979 -0.000000]
tau[0:6]:[1.376914 -0.104433 0.790225 0.843903 0.642107 -0.956178 0.423547]
kernel exec min/avg/max: 94.21 / 95.39 / 100.92 us, samples:50981
pressure status:0, copy rounds total/window:0/0, 0.00 rounds/s
pressure logical copy:0.00 MiB total, approx 0.00 MiB/s, checksum:0
pressure report window:2.128980 s
t0_region>
[1]:50934
[2]:64
[3]:4

t1_region>
[2]:47968
[3]:2806
[4]:218
[5]:12
[6]:3

t2_region>
[97]:7680
[98]:42219
[99]:813
[100]:245
[101]:34
[102]:11
[103]:8
[104]:2

t0_min: 1.00 us, round:35567
t0_max: 3.63 us, round:44345
t0_jitter: 2.63 us

t1_min: 2.58 us, round:463
t1_max: 6.79 us, round:12868
t1_jitter: 4.21 us

t2_min: 97.08 us, round:7442
t2_max: 104.88 us, round:26
t2_jitter: 7.79 us

PMU diff samples: 51039
AVG DIFF LL_CACHE_RD: 1.51
AVG DIFF LL_CACHE_MISS_RD: 0.04
AVG DIFF L2D_CACHE_REFILL: 0.04
AVG DIFF L2D_CACHE_INVAL: 0.00
[cur diff] DIFF LL_CACHE_RD: 1, DIFF LL_CACHE_MISS_RD: 0, MISS_RATE: 0.00%
[cur diff] DIFF L2D_CACHE_REFILL: 0
[cur diff] DIFF L2D_CACHE_INVAL: 0
[max diff] DIFF LL_CACHE_RD: 5, DIFF LL_CACHE_MISS_RD: 5, MISS_RATE: 100.00%
[max diff] DIFF L2D_CACHE_REFILL: 5
[max diff] DIFF L2D_CACHE_INVAL: 0

===========================================================
taskpendcnt:53079
t0:1458 ns
t1:2750 ns
t2:98541 ns
benchmark: Franka-derived Cartesian-impedance kernel, input trace:8, timer period:1.000 ms
controller source: franka_ros2 jazzy@73a1501d, updates:53101, SVD sweeps:5
pose error:[0.010000 0.015000 0.010000 -0.000000 0.049979 -0.000000]
tau[0:6]:[-2.781770 -1.613002 -1.930139 -1.581803 -1.382951 -0.390599 -0.663394]
kernel exec min/avg/max: 94.21 / 95.39 / 100.92 us, samples:53111
pressure status:0, copy rounds total/window:0/0, 0.00 rounds/s
pressure logical copy:0.00 MiB total, approx 0.00 MiB/s, checksum:0
pressure report window:2.130327 s
t0_region>
[1]:53060
[2]:69
[3]:4

t1_region>
[2]:49951
[3]:2949
[4]:222
[5]:12
[6]:3

t2_region>
[97]:7683
[98]:44311
[99]:843
[100]:250
[101]:34
[102]:11
[103]:8
[104]:2

t0_min: 1.00 us, round:35567
t0_max: 3.63 us, round:44345
t0_jitter: 2.63 us

t1_min: 2.58 us, round:463
t1_max: 6.79 us, round:12868
t1_jitter: 4.21 us

t2_min: 97.08 us, round:7442
t2_max: 104.88 us, round:26
t2_jitter: 7.79 us

PMU diff samples: 53169
AVG DIFF LL_CACHE_RD: 1.46
AVG DIFF LL_CACHE_MISS_RD: 0.04
AVG DIFF L2D_CACHE_REFILL: 0.04
AVG DIFF L2D_CACHE_INVAL: 0.00
[cur diff] DIFF LL_CACHE_RD: 2, DIFF LL_CACHE_MISS_RD: 0, MISS_RATE: 0.00%
[cur diff] DIFF L2D_CACHE_REFILL: 0
[cur diff] DIFF L2D_CACHE_INVAL: 0
[max diff] DIFF LL_CACHE_RD: 5, DIFF LL_CACHE_MISS_RD: 5, MISS_RATE: 100.00%
[max diff] DIFF L2D_CACHE_REFILL: 5
[max diff] DIFF L2D_CACHE_INVAL: 0

===========================================================
taskpendcnt:55209
t0:1125 ns
t1:3000 ns
t2:98500 ns
benchmark: Franka-derived Cartesian-impedance kernel, input trace:8, timer period:1.000 ms
controller source: franka_ros2 jazzy@73a1501d, updates:55231, SVD sweeps:5
pose error:[0.010000 0.015000 0.010000 -0.000000 0.049979 -0.000000]
tau[0:6]:[-1.839419 -0.921560 -1.193198 -1.195971 -0.861243 0.113634 -0.461388]
kernel exec min/avg/max: 94.21 / 95.40 / 100.92 us, samples:55241
pressure status:0, copy rounds total/window:0/0, 0.00 rounds/s
pressure logical copy:0.00 MiB total, approx 0.00 MiB/s, checksum:0
pressure report window:2.129807 s
t0_region>
[1]:55187
[2]:71
[3]:4

t1_region>
[2]:51973
[3]:3055
[4]:223
[5]:13
[6]:3

t2_region>
[97]:7683
[98]:46418
[99]:864
[100]:250
[101]:35
[102]:12
[103]:8
[104]:2

t0_min: 1.00 us, round:35567
t0_max: 3.63 us, round:44345
t0_jitter: 2.63 us

t1_min: 2.58 us, round:463
t1_max: 6.79 us, round:12868
t1_jitter: 4.21 us

t2_min: 97.08 us, round:7442
t2_max: 104.88 us, round:26
t2_jitter: 7.79 us

PMU diff samples: 55299
AVG DIFF LL_CACHE_RD: 1.42
AVG DIFF LL_CACHE_MISS_RD: 0.04
AVG DIFF L2D_CACHE_REFILL: 0.04
AVG DIFF L2D_CACHE_INVAL: 0.00
[cur diff] DIFF LL_CACHE_RD: 0, DIFF LL_CACHE_MISS_RD: 0, MISS_RATE: 0.00%
[cur diff] DIFF L2D_CACHE_REFILL: 0
[cur diff] DIFF L2D_CACHE_INVAL: 0
[max diff] DIFF LL_CACHE_RD: 5, DIFF LL_CACHE_MISS_RD: 5, MISS_RATE: 100.00%
[max diff] DIFF L2D_CACHE_REFILL: 5
[max diff] DIFF L2D_CACHE_INVAL: 0

===========================================================
taskpendcnt:57339
t0:1375 ns
t1:2958 ns
t2:98458 ns
benchmark: Franka-derived Cartesian-impedance kernel, input trace:8, timer period:1.000 ms
controller source: franka_ros2 jazzy@73a1501d, updates:57361, SVD sweeps:5
pose error:[0.010000 0.015000 0.010000 -0.000000 0.049979 -0.000000]
tau[0:6]:[0.839771 0.130674 0.617691 0.624912 0.653099 -0.592692 0.265887]
kernel exec min/avg/max: 94.21 / 95.40 / 100.92 us, samples:57370
pressure status:0, copy rounds total/window:0/0, 0.00 rounds/s
pressure logical copy:0.00 MiB total, approx 0.00 MiB/s, checksum:0
pressure report window:2.129461 s
t0_region>
[1]:57316
[2]:72
[3]:4

t1_region>
[2]:53971
[3]:3182
[4]:227
[5]:13
[6]:3

t2_region>
[97]:7683
[98]:48518
[99]:889
[100]:253
[101]:36
[102]:12
[103]:8
[104]:2

t0_min: 1.00 us, round:35567
t0_max: 3.63 us, round:44345
t0_jitter: 2.63 us

t1_min: 2.58 us, round:463
t1_max: 6.79 us, round:12868
t1_jitter: 4.21 us

t2_min: 97.08 us, round:7442
t2_max: 104.88 us, round:26
t2_jitter: 7.79 us

PMU diff samples: 57429
AVG DIFF LL_CACHE_RD: 1.38
AVG DIFF LL_CACHE_MISS_RD: 0.04
AVG DIFF L2D_CACHE_REFILL: 0.04
AVG DIFF L2D_CACHE_INVAL: 0.00
[cur diff] DIFF LL_CACHE_RD: 1, DIFF LL_CACHE_MISS_RD: 0, MISS_RATE: 0.00%
[cur diff] DIFF L2D_CACHE_REFILL: 0
[cur diff] DIFF L2D_CACHE_INVAL: 0
[max diff] DIFF LL_CACHE_RD: 5, DIFF LL_CACHE_MISS_RD: 5, MISS_RATE: 100.00%
[max diff] DIFF L2D_CACHE_REFILL: 5
[max diff] DIFF L2D_CACHE_INVAL: 0

===========================================================
taskpendcnt:59468
t0:1500 ns
t1:2791 ns
t2:99166 ns
benchmark: Franka-derived Cartesian-impedance kernel, input trace:8, timer period:1.000 ms
controller source: franka_ros2 jazzy@73a1501d, updates:59490, SVD sweeps:5
pose error:[0.010000 0.015000 0.010000 -0.000000 0.049979 -0.000000]
tau[0:6]:[1.228026 0.081850 0.819520 0.875435 0.745706 -0.833381 0.398995]
kernel exec min/avg/max: 94.21 / 95.41 / 100.92 us, samples:59499
pressure status:0, copy rounds total/window:0/0, 0.00 rounds/s
pressure logical copy:0.00 MiB total, approx 0.00 MiB/s, checksum:0
pressure report window:2.128977 s
t0_region>
[1]:59442
[2]:74
[3]:5

t1_region>
[2]:55993
[3]:3284
[4]:230
[5]:14
[6]:3

t2_region>
[97]:7683
[98]:50605
[99]:928
[100]:256
[101]:37
[102]:12
[103]:8
[104]:2

t0_min: 1.00 us, round:35567
t0_max: 3.63 us, round:44345
t0_jitter: 2.63 us

t1_min: 2.58 us, round:463
t1_max: 6.79 us, round:12868
t1_jitter: 4.21 us

t2_min: 97.08 us, round:7442
t2_max: 104.88 us, round:26
t2_jitter: 7.79 us

PMU diff samples: 59557
AVG DIFF LL_CACHE_RD: 1.34
AVG DIFF LL_CACHE_MISS_RD: 0.04
AVG DIFF L2D_CACHE_REFILL: 0.04
AVG DIFF L2D_CACHE_INVAL: 0.00
[cur diff] DIFF LL_CACHE_RD: 1, DIFF LL_CACHE_MISS_RD: 0, MISS_RATE: 0.00%
[cur diff] DIFF L2D_CACHE_REFILL: 0
[cur diff] DIFF L2D_CACHE_INVAL: 0
[max diff] DIFF LL_CACHE_RD: 5, DIFF LL_CACHE_MISS_RD: 5, MISS_RATE: 100.00%
[max diff] DIFF L2D_CACHE_REFILL: 5
[max diff] DIFF L2D_CACHE_INVAL: 0

===========================================================
taskpendcnt:61597
t0:1166 ns
t1:3041 ns
t2:98541 ns
benchmark: Franka-derived Cartesian-impedance kernel, input trace:8, timer period:1.000 ms
controller source: franka_ros2 jazzy@73a1501d, updates:61620, SVD sweeps:5
pose error:[0.010000 0.015000 0.010000 -0.000000 0.049979 -0.000000]
tau[0:6]:[-0.567483 -0.552304 -0.482512 -0.231067 -0.297494 -0.656094 -0.085004]
kernel exec min/avg/max: 94.21 / 95.41 / 100.92 us, samples:61630
pressure status:0, copy rounds total/window:0/0, 0.00 rounds/s
pressure logical copy:0.00 MiB total, approx 0.00 MiB/s, checksum:0
pressure report window:2.130372 s
t0_region>
[1]:61570
[2]:76
[3]:5

t1_region>
[2]:57998
[3]:3408
[4]:232
[5]:15
[6]:3

t2_region>
[97]:7683
[98]:52691
[99]:969
[100]:257
[101]:39
[102]:12
[103]:8
[104]:2

t0_min: 1.00 us, round:35567
t0_max: 3.63 us, round:44345
t0_jitter: 2.63 us

t1_min: 2.58 us, round:463
t1_max: 6.79 us, round:12868
t1_jitter: 4.21 us

t2_min: 97.08 us, round:7442
t2_max: 104.88 us, round:26
t2_jitter: 7.79 us

PMU diff samples: 61688
AVG DIFF LL_CACHE_RD: 1.31
AVG DIFF LL_CACHE_MISS_RD: 0.04
AVG DIFF L2D_CACHE_REFILL: 0.04
AVG DIFF L2D_CACHE_INVAL: 0.00
[cur diff] DIFF LL_CACHE_RD: 1, DIFF LL_CACHE_MISS_RD: 0, MISS_RATE: 0.00%
[cur diff] DIFF L2D_CACHE_REFILL: 0
[cur diff] DIFF L2D_CACHE_INVAL: 0
[max diff] DIFF LL_CACHE_RD: 5, DIFF LL_CACHE_MISS_RD: 5, MISS_RATE: 100.00%
[max diff] DIFF L2D_CACHE_REFILL: 5
[max diff] DIFF L2D_CACHE_INVAL: 0

===========================================================
taskpendcnt:63727
t0:1708 ns
t1:3000 ns
t2:98500 ns
benchmark: Franka-derived Cartesian-impedance kernel, input trace:8, timer period:1.000 ms
controller source: franka_ros2 jazzy@73a1501d, updates:63750, SVD sweeps:5
pose error:[0.010000 0.015000 0.010000 -0.000000 0.049979 -0.000000]
tau[0:6]:[-2.379368 -1.292411 -1.655224 -1.570015 -1.185234 -0.066588 -0.610247]
kernel exec min/avg/max: 94.21 / 95.42 / 100.92 us, samples:63760
pressure status:0, copy rounds total/window:0/0, 0.00 rounds/s
pressure logical copy:0.00 MiB total, approx 0.00 MiB/s, checksum:0
pressure report window:2.129841 s
t0_region>
[1]:63697
[2]:79
[3]:5

t1_region>
[2]:60017
[3]:3514
[4]:235
[5]:16
[6]:3

t2_region>
[97]:7683
[98]:54788
[99]:998
[100]:260
[101]:39
[102]:13
[103]:8
[104]:2

t0_min: 1.00 us, round:35567
t0_max: 3.63 us, round:44345
t0_jitter: 2.63 us

t1_min: 2.58 us, round:463
t1_max: 6.79 us, round:12868
t1_jitter: 4.21 us

t2_min: 97.08 us, round:7442
t2_max: 104.88 us, round:26
t2_jitter: 7.79 us

PMU diff samples: 63818
AVG DIFF LL_CACHE_RD: 1.27
AVG DIFF LL_CACHE_MISS_RD: 0.04
AVG DIFF L2D_CACHE_REFILL: 0.04
AVG DIFF L2D_CACHE_INVAL: 0.00
[cur diff] DIFF LL_CACHE_RD: 0, DIFF LL_CACHE_MISS_RD: 0, MISS_RATE: 0.00%
[cur diff] DIFF L2D_CACHE_REFILL: 0
[cur diff] DIFF L2D_CACHE_INVAL: 0
[max diff] DIFF LL_CACHE_RD: 5, DIFF LL_CACHE_MISS_RD: 5, MISS_RATE: 100.00%
[max diff] DIFF L2D_CACHE_REFILL: 5
[max diff] DIFF L2D_CACHE_INVAL: 0

===========================================================
taskpendcnt:65857
t0:1375 ns
t1:2958 ns
t2:98458 ns
benchmark: Franka-derived Cartesian-impedance kernel, input trace:8, timer period:1.000 ms
controller source: franka_ros2 jazzy@73a1501d, updates:65880, SVD sweeps:5
pose error:[0.010000 0.015000 0.010000 -0.000000 0.049979 -0.000000]
tau[0:6]:[-1.839419 -0.921560 -1.193198 -1.195971 -0.861243 0.113634 -0.461388]
kernel exec min/avg/max: 94.21 / 95.42 / 100.92 us, samples:65889
pressure status:0, copy rounds total/window:0/0, 0.00 rounds/s
pressure logical copy:0.00 MiB total, approx 0.00 MiB/s, checksum:0
pressure report window:2.129806 s
t0_region>
[1]:65827
[2]:79
[3]:5

t1_region>
[2]:62030
[3]:3629
[4]:236
[5]:16
[6]:3

t2_region>
[97]:7683
[98]:56899
[99]:1014
[100]:262
[101]:39
[102]:13
[103]:8
[104]:2

t0_min: 1.00 us, round:35567
t0_max: 3.63 us, round:44345
t0_jitter: 2.63 us

t1_min: 2.58 us, round:463
t1_max: 6.79 us, round:12868
t1_jitter: 4.21 us

t2_min: 97.08 us, round:7442
t2_max: 104.88 us, round:26
t2_jitter: 7.79 us

PMU diff samples: 65948
AVG DIFF LL_CACHE_RD: 1.24
AVG DIFF LL_CACHE_MISS_RD: 0.04
AVG DIFF L2D_CACHE_REFILL: 0.04
AVG DIFF L2D_CACHE_INVAL: 0.00
[cur diff] DIFF LL_CACHE_RD: 1, DIFF LL_CACHE_MISS_RD: 0, MISS_RATE: 0.00%
[cur diff] DIFF L2D_CACHE_REFILL: 0
[cur diff] DIFF L2D_CACHE_INVAL: 0
[max diff] DIFF LL_CACHE_RD: 5, DIFF LL_CACHE_MISS_RD: 5, MISS_RATE: 100.00%
[max diff] DIFF L2D_CACHE_REFILL: 5
[max diff] DIFF L2D_CACHE_INVAL: 0

===========================================================
taskpendcnt:67987
t0:1500 ns
t1:2916 ns
t2:98416 ns
benchmark: Franka-derived Cartesian-impedance kernel, input trace:8, timer period:1.000 ms
controller source: franka_ros2 jazzy@73a1501d, updates:68010, SVD sweeps:5
pose error:[0.010000 0.015000 0.010000 -0.000000 0.049979 -0.000000]
tau[0:6]:[0.839771 0.130674 0.617691 0.624912 0.653099 -0.592692 0.265887]
kernel exec min/avg/max: 94.21 / 95.42 / 100.92 us, samples:68019
pressure status:0, copy rounds total/window:0/0, 0.00 rounds/s
pressure logical copy:0.00 MiB total, approx 0.00 MiB/s, checksum:0
pressure report window:2.129457 s
t0_region>
[1]:67955
[2]:80
[3]:5

t1_region>
[2]:64043
[3]:3747
[4]:236
[5]:16
[6]:3

t2_region>
[97]:7683
[98]:58999
[99]:1043
[100]:263
[101]:39
[102]:13
[103]:8
[104]:2

t0_min: 1.00 us, round:35567
t0_max: 3.63 us, round:44345
t0_jitter: 2.63 us

t1_min: 2.58 us, round:463
t1_max: 6.79 us, round:12868
t1_jitter: 4.21 us

t2_min: 97.08 us, round:7442
t2_max: 104.88 us, round:26
t2_jitter: 7.79 us

PMU diff samples: 68077
AVG DIFF LL_CACHE_RD: 1.21
AVG DIFF LL_CACHE_MISS_RD: 0.03
AVG DIFF L2D_CACHE_REFILL: 0.04
AVG DIFF L2D_CACHE_INVAL: 0.00
[cur diff] DIFF LL_CACHE_RD: 0, DIFF LL_CACHE_MISS_RD: 0, MISS_RATE: 0.00%
[cur diff] DIFF L2D_CACHE_REFILL: 0
[cur diff] DIFF L2D_CACHE_INVAL: 0
[max diff] DIFF LL_CACHE_RD: 5, DIFF LL_CACHE_MISS_RD: 5, MISS_RATE: 100.00%
[max diff] DIFF L2D_CACHE_REFILL: 5
[max diff] DIFF L2D_CACHE_INVAL: 0

===========================================================
taskpendcnt:70117
t0:1166 ns
t1:3041 ns
t2:98250 ns
benchmark: Franka-derived Cartesian-impedance kernel, input trace:8, timer period:1.000 ms
controller source: franka_ros2 jazzy@73a1501d, updates:70140, SVD sweeps:5
pose error:[0.010000 0.015000 0.010000 -0.000000 0.049979 -0.000000]
tau[0:6]:[1.376914 -0.104433 0.790225 0.843903 0.642107 -0.956178 0.423547]
kernel exec min/avg/max: 94.21 / 95.43 / 100.92 us, samples:70149
pressure status:0, copy rounds total/window:0/0, 0.00 rounds/s
pressure logical copy:0.00 MiB total, approx 0.00 MiB/s, checksum:0
pressure report window:2.129981 s
t0_region>
[1]:70083
[2]:82
[3]:5

t1_region>
[2]:66065
[3]:3853
[4]:236
[5]:18
[6]:3

t2_region>
[97]:7683
[98]:61103
[99]:1067
[100]:264
[101]:40
[102]:13
[103]:8
[104]:2

t0_min: 1.00 us, round:35567
t0_max: 3.63 us, round:44345
t0_jitter: 2.63 us

t1_min: 2.58 us, round:463
t1_max: 6.79 us, round:12868
t1_jitter: 4.21 us

t2_min: 97.08 us, round:7442
t2_max: 104.88 us, round:26
t2_jitter: 7.79 us

PMU diff samples: 70207
AVG DIFF LL_CACHE_RD: 1.18
AVG DIFF LL_CACHE_MISS_RD: 0.03
AVG DIFF L2D_CACHE_REFILL: 0.04
AVG DIFF L2D_CACHE_INVAL: 0.00
[cur diff] DIFF LL_CACHE_RD: 1, DIFF LL_CACHE_MISS_RD: 0, MISS_RATE: 0.00%
[cur diff] DIFF L2D_CACHE_REFILL: 0
[cur diff] DIFF L2D_CACHE_INVAL: 0
[max diff] DIFF LL_CACHE_RD: 5, DIFF LL_CACHE_MISS_RD: 5, MISS_RATE: 100.00%
[max diff] DIFF L2D_CACHE_REFILL: 5
[max diff] DIFF L2D_CACHE_INVAL: 0

===========================================================
taskpendcnt:72247
t0:1416 ns
t1:3000 ns
t2:98500 ns
benchmark: Franka-derived Cartesian-impedance kernel, input trace:8, timer period:1.000 ms
controller source: franka_ros2 jazzy@73a1501d, updates:72269, SVD sweeps:5
pose error:[0.010000 0.015000 0.010000 -0.000000 0.049979 -0.000000]
tau[0:6]:[-2.781770 -1.613002 -1.930139 -1.581803 -1.382951 -0.390599 -0.663394]
kernel exec min/avg/max: 94.21 / 95.43 / 100.92 us, samples:72279
pressure status:0, copy rounds total/window:0/0, 0.00 rounds/s
pressure logical copy:0.00 MiB total, approx 0.00 MiB/s, checksum:0
pressure report window:2.130325 s
t0_region>
[1]:72211
[2]:84
[3]:6

t1_region>
[2]:68070
[3]:3974
[4]:238
[5]:19
[6]:3

t2_region>
[97]:7683
[98]:63210
[99]:1088
[100]:266
[101]:40
[102]:13
[103]:8
[104]:2

t0_min: 1.00 us, round:35567
t0_max: 3.63 us, round:44345
t0_jitter: 2.63 us

t1_min: 2.58 us, round:463
t1_max: 6.79 us, round:12868
t1_jitter: 4.21 us

t2_min: 97.08 us, round:7442
t2_max: 104.88 us, round:26
t2_jitter: 7.79 us

PMU diff samples: 72337
AVG DIFF LL_CACHE_RD: 1.16
AVG DIFF LL_CACHE_MISS_RD: 0.03
AVG DIFF L2D_CACHE_REFILL: 0.04
AVG DIFF L2D_CACHE_INVAL: 0.00
[cur diff] DIFF LL_CACHE_RD: 1, DIFF LL_CACHE_MISS_RD: 0, MISS_RATE: 0.00%
[cur diff] DIFF L2D_CACHE_REFILL: 0
[cur diff] DIFF L2D_CACHE_INVAL: 0
[max diff] DIFF LL_CACHE_RD: 5, DIFF LL_CACHE_MISS_RD: 5, MISS_RATE: 100.00%
[max diff] DIFF L2D_CACHE_REFILL: 5
[max diff] DIFF L2D_CACHE_INVAL: 0

===========================================================
taskpendcnt:74377
t0:1375 ns
t1:2958 ns
t2:98458 ns
benchmark: Franka-derived Cartesian-impedance kernel, input trace:8, timer period:1.000 ms
controller source: franka_ros2 jazzy@73a1501d, updates:74399, SVD sweeps:5
pose error:[0.010000 0.015000 0.010000 -0.000000 0.049979 -0.000000]
tau[0:6]:[-1.839419 -0.921560 -1.193198 -1.195971 -0.861243 0.113634 -0.461388]
kernel exec min/avg/max: 94.21 / 95.43 / 100.92 us, samples:74409
pressure status:0, copy rounds total/window:0/0, 0.00 rounds/s
pressure logical copy:0.00 MiB total, approx 0.00 MiB/s, checksum:0
pressure report window:2.129806 s
t0_region>
[1]:74339
[2]:85
[3]:6

t1_region>
[2]:70087
[3]:4086
[4]:239
[5]:19
[6]:3

t2_region>
[97]:7683
[98]:65333
[99]:1095
[100]:267
[101]:40
[102]:13
[103]:8
[104]:2

t0_min: 1.00 us, round:35567
t0_max: 3.63 us, round:44345
t0_jitter: 2.63 us

t1_min: 2.58 us, round:463
t1_max: 6.79 us, round:12868
t1_jitter: 4.21 us

t2_min: 97.08 us, round:7442
t2_max: 104.88 us, round:26
t2_jitter: 7.79 us

PMU diff samples: 74467
AVG DIFF LL_CACHE_RD: 1.13
AVG DIFF LL_CACHE_MISS_RD: 0.03
AVG DIFF L2D_CACHE_REFILL: 0.03
AVG DIFF L2D_CACHE_INVAL: 0.00
[cur diff] DIFF LL_CACHE_RD: 2, DIFF LL_CACHE_MISS_RD: 0, MISS_RATE: 0.00%
[cur diff] DIFF L2D_CACHE_REFILL: 0
[cur diff] DIFF L2D_CACHE_INVAL: 0
[max diff] DIFF LL_CACHE_RD: 5, DIFF LL_CACHE_MISS_RD: 5, MISS_RATE: 100.00%
[max diff] DIFF L2D_CACHE_REFILL: 5
[max diff] DIFF L2D_CACHE_INVAL: 0

===========================================================
taskpendcnt:76507
t0:1333 ns
t1:3208 ns
t2:98708 ns
benchmark: Franka-derived Cartesian-impedance kernel, input trace:8, timer period:1.000 ms
controller source: franka_ros2 jazzy@73a1501d, updates:76529, SVD sweeps:5
pose error:[0.010000 0.015000 0.010000 -0.000000 0.049979 -0.000000]
tau[0:6]:[0.839771 0.130674 0.617691 0.624912 0.653099 -0.592692 0.265887]
kernel exec min/avg/max: 94.21 / 95.44 / 100.92 us, samples:76538
pressure status:0, copy rounds total/window:0/0, 0.00 rounds/s
pressure logical copy:0.00 MiB total, approx 0.00 MiB/s, checksum:0
pressure report window:2.129460 s
t0_region>
[1]:76461
[2]:93
[3]:6

t1_region>
[2]:72089
[3]:4210
[4]:243
[5]:19
[6]:3

t2_region>
[97]:7683
[98]:67430
[99]:1123
[100]:269
[101]:41
[102]:13
[103]:8
[104]:2

t0_min: 1.00 us, round:35567
t0_max: 3.63 us, round:44345
t0_jitter: 2.63 us

t1_min: 2.58 us, round:463
t1_max: 6.79 us, round:12868
t1_jitter: 4.21 us

t2_min: 97.08 us, round:7442
t2_max: 104.88 us, round:26
t2_jitter: 7.79 us

PMU diff samples: 76597
AVG DIFF LL_CACHE_RD: 1.11
AVG DIFF LL_CACHE_MISS_RD: 0.03
AVG DIFF L2D_CACHE_REFILL: 0.03
AVG DIFF L2D_CACHE_INVAL: 0.00
[cur diff] DIFF LL_CACHE_RD: 1, DIFF LL_CACHE_MISS_RD: 0, MISS_RATE: 0.00%
[cur diff] DIFF L2D_CACHE_REFILL: 0
[cur diff] DIFF L2D_CACHE_INVAL: 0
[max diff] DIFF LL_CACHE_RD: 5, DIFF LL_CACHE_MISS_RD: 5, MISS_RATE: 100.00%
[max diff] DIFF L2D_CACHE_REFILL: 5
[max diff] DIFF L2D_CACHE_INVAL: 0

===========================================================
taskpendcnt:78637
t0:1291 ns
t1:2875 ns
t2:98958 ns
benchmark: Franka-derived Cartesian-impedance kernel, input trace:8, timer period:1.000 ms
controller source: franka_ros2 jazzy@73a1501d, updates:78659, SVD sweeps:5
pose error:[0.010000 0.015000 0.010000 -0.000000 0.049979 -0.000000]
tau[0:6]:[1.376914 -0.104433 0.790225 0.843903 0.642107 -0.956178 0.423547]
kernel exec min/avg/max: 94.21 / 95.44 / 100.92 us, samples:78669
pressure status:0, copy rounds total/window:0/0, 0.00 rounds/s
pressure logical copy:0.00 MiB total, approx 0.00 MiB/s, checksum:0
pressure report window:2.130036 s
t0_region>
[1]:78588
[2]:96
[3]:6

t1_region>
[2]:74110
[3]:4316
[4]:244
[5]:20
[6]:4

t2_region>
[97]:7683
[98]:69509
[99]:1172
[100]:271
[101]:41
[102]:13
[103]:9
[104]:2

t0_min: 1.00 us, round:35567
t0_max: 3.63 us, round:44345
t0_jitter: 2.63 us

t1_min: 2.58 us, round:463
t1_max: 6.79 us, round:12868
t1_jitter: 4.21 us

t2_min: 97.08 us, round:7442
t2_max: 104.88 us, round:26
t2_jitter: 7.79 us

PMU diff samples: 78727
AVG DIFF LL_CACHE_RD: 1.11
AVG DIFF LL_CACHE_MISS_RD: 0.03
AVG DIFF L2D_CACHE_REFILL: 0.03
AVG DIFF L2D_CACHE_INVAL: 0.00
[cur diff] DIFF LL_CACHE_RD: 0, DIFF LL_CACHE_MISS_RD: 0, MISS_RATE: 0.00%
[cur diff] DIFF L2D_CACHE_REFILL: 0
[cur diff] DIFF L2D_CACHE_INVAL: 0
[max diff] DIFF LL_CACHE_RD: 5, DIFF LL_CACHE_MISS_RD: 5, MISS_RATE: 100.00%
[max diff] DIFF L2D_CACHE_REFILL: 5
[max diff] DIFF L2D_CACHE_INVAL: 0

===========================================================
taskpendcnt:80766
t0:1541 ns
t1:2833 ns
t2:98333 ns
benchmark: Franka-derived Cartesian-impedance kernel, input trace:8, timer period:1.000 ms
controller source: franka_ros2 jazzy@73a1501d, updates:80789, SVD sweeps:5
pose error:[0.010000 0.015000 0.010000 -0.000000 0.049979 -0.000000]
tau[0:6]:[-2.781770 -1.613002 -1.930139 -1.581803 -1.382951 -0.390599 -0.663394]
kernel exec min/avg/max: 94.21 / 95.44 / 100.92 us, samples:80799
pressure status:0, copy rounds total/window:0/0, 0.00 rounds/s
pressure logical copy:0.00 MiB total, approx 0.00 MiB/s, checksum:0
pressure report window:2.130287 s
t0_region>
[1]:80717
[2]:97
[3]:6

t1_region>
[2]:76126
[3]:4429
[4]:245
[5]:20
[6]:4

t2_region>
[97]:7683
[98]:71599
[99]:1211
[100]:271
[101]:42
[102]:13
[103]:9
[104]:2

t0_min: 1.00 us, round:35567
t0_max: 3.63 us, round:44345
t0_jitter: 2.63 us

t1_min: 2.58 us, round:463
t1_max: 6.79 us, round:12868
t1_jitter: 4.21 us

t2_min: 97.08 us, round:7442
t2_max: 104.88 us, round:26
t2_jitter: 7.79 us

PMU diff samples: 80857
AVG DIFF LL_CACHE_RD: 1.09
AVG DIFF LL_CACHE_MISS_RD: 0.03
AVG DIFF L2D_CACHE_REFILL: 0.03
AVG DIFF L2D_CACHE_INVAL: 0.00
[cur diff] DIFF LL_CACHE_RD: 2, DIFF LL_CACHE_MISS_RD: 0, MISS_RATE: 0.00%
[cur diff] DIFF L2D_CACHE_REFILL: 0
[cur diff] DIFF L2D_CACHE_INVAL: 0
[max diff] DIFF LL_CACHE_RD: 5, DIFF LL_CACHE_MISS_RD: 5, MISS_RATE: 100.00%
[max diff] DIFF L2D_CACHE_REFILL: 5
[max diff] DIFF L2D_CACHE_INVAL: 0

===========================================================
taskpendcnt:82896
t0:1500 ns
t1:2791 ns
t2:98583 ns
benchmark: Franka-derived Cartesian-impedance kernel, input trace:8, timer period:1.000 ms
controller source: franka_ros2 jazzy@73a1501d, updates:82919, SVD sweeps:5
pose error:[0.010000 0.015000 0.010000 -0.000000 0.049979 -0.000000]
tau[0:6]:[-1.839419 -0.921560 -1.193198 -1.195971 -0.861243 0.113634 -0.461388]
kernel exec min/avg/max: 94.21 / 95.44 / 100.92 us, samples:82929
pressure status:0, copy rounds total/window:0/0, 0.00 rounds/s
pressure logical copy:0.00 MiB total, approx 0.00 MiB/s, checksum:0
pressure report window:2.129785 s
t0_region>
[0]:1
[1]:82843
[2]:100
[3]:7

t1_region>
[2]:78145
[3]:4537
[4]:248
[5]:21
[6]:4

t2_region>
[97]:7683
[98]:73706
[99]:1230
[100]:275
[101]:42
[102]:13
[103]:9
[104]:2

t0_min: 0.96 us, round:80922
t0_max: 3.63 us, round:44345
t0_jitter: 2.67 us

t1_min: 2.58 us, round:463
t1_max: 6.79 us, round:12868
t1_jitter: 4.21 us

t2_min: 97.08 us, round:7442
t2_max: 104.88 us, round:26
t2_jitter: 7.79 us

PMU diff samples: 82987
AVG DIFF LL_CACHE_RD: 1.07
AVG DIFF LL_CACHE_MISS_RD: 0.03
AVG DIFF L2D_CACHE_REFILL: 0.03
AVG DIFF L2D_CACHE_INVAL: 0.00
[cur diff] DIFF LL_CACHE_RD: 1, DIFF LL_CACHE_MISS_RD: 0, MISS_RATE: 0.00%
[cur diff] DIFF L2D_CACHE_REFILL: 1
[cur diff] DIFF L2D_CACHE_INVAL: 0
[max diff] DIFF LL_CACHE_RD: 5, DIFF LL_CACHE_MISS_RD: 5, MISS_RATE: 100.00%
[max diff] DIFF L2D_CACHE_REFILL: 5
[max diff] DIFF L2D_CACHE_INVAL: 0

===========================================================
taskpendcnt:85027
t0:1291 ns
t1:2875 ns
t2:98375 ns
benchmark: Franka-derived Cartesian-impedance kernel, input trace:8, timer period:1.000 ms
controller source: franka_ros2 jazzy@73a1501d, updates:85050, SVD sweeps:5
pose error:[0.010000 0.015000 0.010000 -0.000000 0.049979 -0.000000]
tau[0:6]:[0.839771 0.130674 0.617691 0.624912 0.653099 -0.592692 0.265887]
kernel exec min/avg/max: 94.21 / 95.45 / 100.92 us, samples:85059
pressure status:0, copy rounds total/window:0/0, 0.00 rounds/s
pressure logical copy:0.00 MiB total, approx 0.00 MiB/s, checksum:0
pressure report window:2.130461 s
t0_region>
[0]:1
[1]:84973
[2]:100
[3]:7

t1_region>
[2]:80172
[3]:4640
[4]:248
[5]:21
[6]:4

t2_region>
[97]:7683
[98]:75826
[99]:1241
[100]:275
[101]:42
[102]:13
[103]:9
[104]:2

t0_min: 0.96 us, round:80922
t0_max: 3.63 us, round:44345
t0_jitter: 2.67 us

t1_min: 2.58 us, round:463
t1_max: 6.79 us, round:12868
t1_jitter: 4.21 us

t2_min: 97.08 us, round:7442
t2_max: 104.88 us, round:26
t2_jitter: 7.79 us

PMU diff samples: 85118
AVG DIFF LL_CACHE_RD: 1.05
AVG DIFF LL_CACHE_MISS_RD: 0.03
AVG DIFF L2D_CACHE_REFILL: 0.03
AVG DIFF L2D_CACHE_INVAL: 0.00
[cur diff] DIFF LL_CACHE_RD: 1, DIFF LL_CACHE_MISS_RD: 0, MISS_RATE: 0.00%
[cur diff] DIFF L2D_CACHE_REFILL: 0
[cur diff] DIFF L2D_CACHE_INVAL: 0
[max diff] DIFF LL_CACHE_RD: 5, DIFF LL_CACHE_MISS_RD: 5, MISS_RATE: 100.00%
[max diff] DIFF L2D_CACHE_REFILL: 5
[max diff] DIFF L2D_CACHE_INVAL: 0

===========================================================
taskpendcnt:87157
t0:1250 ns
t1:2833 ns
t2:98333 ns
benchmark: Franka-derived Cartesian-impedance kernel, input trace:8, timer period:1.000 ms
controller source: franka_ros2 jazzy@73a1501d, updates:87180, SVD sweeps:5
pose error:[0.010000 0.015000 0.010000 -0.000000 0.049979 -0.000000]
tau[0:6]:[1.376914 -0.104433 0.790225 0.843903 0.642107 -0.956178 0.423547]
kernel exec min/avg/max: 94.21 / 95.45 / 100.92 us, samples:87189
pressure status:0, copy rounds total/window:0/0, 0.00 rounds/s
pressure logical copy:0.00 MiB total, approx 0.00 MiB/s, checksum:0
pressure report window:2.129980 s
t0_region>
[0]:1
[1]:87102
[2]:100
[3]:8

t1_region>
[2]:82173
[3]:4768
[4]:249
[5]:21
[6]:4

t2_region>
[97]:7683
[98]:77910
[99]:1286
[100]:276
[101]:42
[102]:13
[103]:9
[104]:2

t0_min: 0.96 us, round:80922
t0_max: 3.63 us, round:44345
t0_jitter: 2.67 us

t1_min: 2.58 us, round:463
t1_max: 6.79 us, round:12868
t1_jitter: 4.21 us

t2_min: 97.08 us, round:7442
t2_max: 104.88 us, round:26
t2_jitter: 7.79 us

PMU diff samples: 87248
AVG DIFF LL_CACHE_RD: 1.03
AVG DIFF LL_CACHE_MISS_RD: 0.03
AVG DIFF L2D_CACHE_REFILL: 0.03
AVG DIFF L2D_CACHE_INVAL: 0.00
[cur diff] DIFF LL_CACHE_RD: 1, DIFF LL_CACHE_MISS_RD: 0, MISS_RATE: 0.00%
[cur diff] DIFF L2D_CACHE_REFILL: 0
[cur diff] DIFF L2D_CACHE_INVAL: 0
[max diff] DIFF LL_CACHE_RD: 5, DIFF LL_CACHE_MISS_RD: 5, MISS_RATE: 100.00%
[max diff] DIFF L2D_CACHE_REFILL: 5
[max diff] DIFF L2D_CACHE_INVAL: 0

===========================================================
taskpendcnt:89287
t0:1375 ns
t1:2958 ns
t2:98458 ns
benchmark: Franka-derived Cartesian-impedance kernel, input trace:8, timer period:1.000 ms
controller source: franka_ros2 jazzy@73a1501d, updates:89310, SVD sweeps:5
pose error:[0.010000 0.015000 0.010000 -0.000000 0.049979 -0.000000]
tau[0:6]:[-2.781770 -1.613002 -1.930139 -1.581803 -1.382951 -0.390599 -0.663394]
kernel exec min/avg/max: 94.21 / 95.45 / 100.92 us, samples:89319
pressure status:0, copy rounds total/window:0/0, 0.00 rounds/s
pressure logical copy:0.00 MiB total, approx 0.00 MiB/s, checksum:0
pressure report window:2.130326 s
t0_region>
[0]:1
[1]:89231
[2]:101
[3]:8

t1_region>
[2]:84197
[3]:4872
[4]:250
[5]:21
[6]:5

t2_region>
[97]:7683
[98]:80021
[99]:1303
[100]:277
[101]:42
[102]:14
[103]:9
[104]:2

t0_min: 0.96 us, round:80922
t0_max: 3.63 us, round:44345
t0_jitter: 2.67 us

t1_min: 2.58 us, round:463
t1_max: 6.79 us, round:12868
t1_jitter: 4.21 us

t2_min: 97.08 us, round:7442
t2_max: 104.88 us, round:26
t2_jitter: 7.79 us

PMU diff samples: 89378
AVG DIFF LL_CACHE_RD: 1.01
AVG DIFF LL_CACHE_MISS_RD: 0.03
AVG DIFF L2D_CACHE_REFILL: 0.03
AVG DIFF L2D_CACHE_INVAL: 0.00
[cur diff] DIFF LL_CACHE_RD: 0, DIFF LL_CACHE_MISS_RD: 0, MISS_RATE: 0.00%
[cur diff] DIFF L2D_CACHE_REFILL: 0
[cur diff] DIFF L2D_CACHE_INVAL: 0
[max diff] DIFF LL_CACHE_RD: 5, DIFF LL_CACHE_MISS_RD: 5, MISS_RATE: 100.00%
[max diff] DIFF L2D_CACHE_REFILL: 5
[max diff] DIFF L2D_CACHE_INVAL: 0

===========================================================
taskpendcnt:91418
t0:1166 ns
t1:3041 ns
t2:98541 ns
benchmark: Franka-derived Cartesian-impedance kernel, input trace:8, timer period:1.000 ms
controller source: franka_ros2 jazzy@73a1501d, updates:91440, SVD sweeps:5
pose error:[0.010000 0.015000 0.010000 -0.000000 0.049979 -0.000000]
tau[0:6]:[-0.274004 -0.324180 0.001577 -0.231466 0.050986 -0.328952 0.010844]
kernel exec min/avg/max: 94.21 / 95.45 / 100.92 us, samples:91450
pressure status:0, copy rounds total/window:0/0, 0.00 rounds/s
pressure logical copy:0.00 MiB total, approx 0.00 MiB/s, checksum:0
pressure report window:2.130632 s
t0_region>
[0]:1
[1]:91359
[2]:104
[3]:8

t1_region>
[2]:86227
[3]:4970
[4]:253
[5]:21
[6]:5

t2_region>
[97]:7683
[98]:82132
[99]:1321
[100]:279
[101]:42
[102]:14
[103]:9
[104]:2

t0_min: 0.96 us, round:80922
t0_max: 3.63 us, round:44345
t0_jitter: 2.67 us

t1_min: 2.58 us, round:463
t1_max: 6.79 us, round:12868
t1_jitter: 4.21 us

t2_min: 97.08 us, round:7442
t2_max: 104.88 us, round:26
t2_jitter: 7.79 us

PMU diff samples: 91509
AVG DIFF LL_CACHE_RD: 1.00
AVG DIFF LL_CACHE_MISS_RD: 0.03
AVG DIFF L2D_CACHE_REFILL: 0.03
AVG DIFF L2D_CACHE_INVAL: 0.00
[cur diff] DIFF LL_CACHE_RD: 3, DIFF LL_CACHE_MISS_RD: 0, MISS_RATE: 0.00%
[cur diff] DIFF L2D_CACHE_REFILL: 0
[cur diff] DIFF L2D_CACHE_INVAL: 0
[max diff] DIFF LL_CACHE_RD: 5, DIFF LL_CACHE_MISS_RD: 5, MISS_RATE: 100.00%
[max diff] DIFF L2D_CACHE_REFILL: 5
[max diff] DIFF L2D_CACHE_INVAL: 0

===========================================================
taskpendcnt:93548
t0:1416 ns
t1:2708 ns
t2:98500 ns
benchmark: Franka-derived Cartesian-impedance kernel, input trace:8, timer period:1.000 ms
controller source: franka_ros2 jazzy@73a1501d, updates:93570, SVD sweeps:5
pose error:[0.010000 0.015000 0.010000 -0.000000 0.049979 -0.000000]
tau[0:6]:[1.228026 0.081850 0.819520 0.875435 0.745706 -0.833381 0.398995]
kernel exec min/avg/max: 94.21 / 95.46 / 100.92 us, samples:93580
pressure status:0, copy rounds total/window:0/0, 0.00 rounds/s
pressure logical copy:0.00 MiB total, approx 0.00 MiB/s, checksum:0
pressure report window:2.129634 s
t0_region>
[0]:1
[1]:93488
[2]:105
[3]:8

t1_region>
[2]:88244
[3]:5082
[4]:254
[5]:21
[6]:5

t2_region>
[97]:7683
[98]:84178
[99]:1404
[100]:279
[101]:42
[102]:14
[103]:9
[104]:2

t0_min: 0.96 us, round:80922
t0_max: 3.63 us, round:44345
t0_jitter: 2.67 us

t1_min: 2.58 us, round:463
t1_max: 6.79 us, round:12868
t1_jitter: 4.21 us

t2_min: 97.08 us, round:7442
t2_max: 104.88 us, round:26
t2_jitter: 7.79 us

PMU diff samples: 93638
AVG DIFF LL_CACHE_RD: 0.98
AVG DIFF LL_CACHE_MISS_RD: 0.03
AVG DIFF L2D_CACHE_REFILL: 0.03
AVG DIFF L2D_CACHE_INVAL: 0.00
[cur diff] DIFF LL_CACHE_RD: 2, DIFF LL_CACHE_MISS_RD: 0, MISS_RATE: 0.00%
[cur diff] DIFF L2D_CACHE_REFILL: 0
[cur diff] DIFF L2D_CACHE_INVAL: 0
[max diff] DIFF LL_CACHE_RD: 5, DIFF LL_CACHE_MISS_RD: 5, MISS_RATE: 100.00%
[max diff] DIFF L2D_CACHE_REFILL: 5
[max diff] DIFF L2D_CACHE_INVAL: 0

===========================================================
taskpendcnt:95678
t0:1375 ns
t1:2958 ns
t2:98458 ns
benchmark: Franka-derived Cartesian-impedance kernel, input trace:8, timer period:1.000 ms
controller source: franka_ros2 jazzy@73a1501d, updates:95700, SVD sweeps:5
pose error:[0.010000 0.015000 0.010000 -0.000000 0.049979 -0.000000]
tau[0:6]:[-0.567483 -0.552304 -0.482512 -0.231067 -0.297494 -0.656094 -0.085004]
kernel exec min/avg/max: 94.21 / 95.46 / 100.92 us, samples:95710
pressure status:0, copy rounds total/window:0/0, 0.00 rounds/s
pressure logical copy:0.00 MiB total, approx 0.00 MiB/s, checksum:0
pressure report window:2.130414 s
t0_region>
[0]:1
[1]:95618
[2]:105
[3]:8

t1_region>
[2]:90263
[3]:5194
[4]:254
[5]:21
[6]:5

t2_region>
[97]:7683
[98]:86296
[99]:1417
[100]:279
[101]:42
[102]:14
[103]:9
[104]:2

t0_min: 0.96 us, round:80922
t0_max: 3.63 us, round:44345
t0_jitter: 2.67 us

t1_min: 2.58 us, round:463
t1_max: 6.79 us, round:12868
t1_jitter: 4.21 us

t2_min: 97.08 us, round:7442
t2_max: 104.88 us, round:26
t2_jitter: 7.79 us

PMU diff samples: 95769
AVG DIFF LL_CACHE_RD: 0.97
AVG DIFF LL_CACHE_MISS_RD: 0.03
AVG DIFF L2D_CACHE_REFILL: 0.03
AVG DIFF L2D_CACHE_INVAL: 0.00
[cur diff] DIFF LL_CACHE_RD: 0, DIFF LL_CACHE_MISS_RD: 0, MISS_RATE: 0.00%
[cur diff] DIFF L2D_CACHE_REFILL: 0
[cur diff] DIFF L2D_CACHE_INVAL: 0
[max diff] DIFF LL_CACHE_RD: 5, DIFF LL_CACHE_MISS_RD: 5, MISS_RATE: 100.00%
[max diff] DIFF L2D_CACHE_REFILL: 5
[max diff] DIFF L2D_CACHE_INVAL: 0

===========================================================
taskpendcnt:97809
t0:1458 ns
t1:2750 ns
t2:99125 ns
benchmark: Franka-derived Cartesian-impedance kernel, input trace:8, timer period:1.000 ms
controller source: franka_ros2 jazzy@73a1501d, updates:97831, SVD sweeps:5
pose error:[0.010000 0.015000 0.010000 -0.000000 0.049979 -0.000000]
tau[0:6]:[-1.839419 -0.921560 -1.193198 -1.195971 -0.861243 0.113634 -0.461388]
kernel exec min/avg/max: 94.21 / 95.46 / 100.92 us, samples:97841
pressure status:0, copy rounds total/window:0/0, 0.00 rounds/s
pressure logical copy:0.00 MiB total, approx 0.00 MiB/s, checksum:0
pressure report window:2.130829 s
t0_region>
[0]:1
[1]:97745
[2]:109
[3]:8

t1_region>
[2]:92277
[3]:5306
[4]:257
[5]:22
[6]:5

t2_region>
[97]:7683
[98]:88384
[99]:1456
[100]:281
[101]:43
[102]:14
[103]:9
[104]:2

t0_min: 0.96 us, round:80922
t0_max: 3.63 us, round:44345
t0_jitter: 2.67 us

t1_min: 2.58 us, round:463
t1_max: 6.79 us, round:12868
t1_jitter: 4.21 us

t2_min: 97.08 us, round:7442
t2_max: 104.88 us, round:26
t2_jitter: 7.79 us

PMU diff samples: 97900
AVG DIFF LL_CACHE_RD: 0.95
AVG DIFF LL_CACHE_MISS_RD: 0.03
AVG DIFF L2D_CACHE_REFILL: 0.03
AVG DIFF L2D_CACHE_INVAL: 0.00
[cur diff] DIFF LL_CACHE_RD: 2, DIFF LL_CACHE_MISS_RD: 0, MISS_RATE: 0.00%
[cur diff] DIFF L2D_CACHE_REFILL: 0
[cur diff] DIFF L2D_CACHE_INVAL: 0
[max diff] DIFF LL_CACHE_RD: 5, DIFF LL_CACHE_MISS_RD: 5, MISS_RATE: 100.00%
[max diff] DIFF L2D_CACHE_REFILL: 5
[max diff] DIFF L2D_CACHE_INVAL: 0

===========================================================
taskpendcnt:99940
t0:1541 ns
t1:2833 ns
t2:98916 ns
benchmark: Franka-derived Cartesian-impedance kernel, input trace:8, timer period:1.000 ms
controller source: franka_ros2 jazzy@73a1501d, updates:99962, SVD sweeps:5
pose error:[0.010000 0.015000 0.010000 -0.000000 0.049979 -0.000000]
tau[0:6]:[1.228026 0.081850 0.819520 0.875435 0.745706 -0.833381 0.398995]
kernel exec min/avg/max: 94.21 / 95.46 / 100.92 us, samples:99971
pressure status:0, copy rounds total/window:0/0, 0.00 rounds/s
pressure logical copy:0.00 MiB total, approx 0.00 MiB/s, checksum:0
pressure report window:2.130436 s
t0_region>
[0]:1
[1]:99873
[2]:111
[3]:8

t1_region>
[2]:94295
[3]:5417
[4]:257
[5]:23
[6]:5

t2_region>
[97]:7683
[98]:90507
[99]:1463
[100]:281
[101]:44
[102]:14
[103]:9
[104]:2

t0_min: 0.96 us, round:80922
t0_max: 3.63 us, round:44345
t0_jitter: 2.67 us

t1_min: 2.58 us, round:463
t1_max: 6.79 us, round:12868
t1_jitter: 4.21 us

t2_min: 97.08 us, round:7442
t2_max: 104.88 us, round:26
t2_jitter: 7.79 us

PMU diff samples: 100030
AVG DIFF LL_CACHE_RD: 0.94
AVG DIFF LL_CACHE_MISS_RD: 0.03
AVG DIFF L2D_CACHE_REFILL: 0.03
AVG DIFF L2D_CACHE_INVAL: 0.00
[cur diff] DIFF LL_CACHE_RD: 3, DIFF LL_CACHE_MISS_RD: 0, MISS_RATE: 0.00%
[cur diff] DIFF L2D_CACHE_REFILL: 0
[cur diff] DIFF L2D_CACHE_INVAL: 0
[max diff] DIFF LL_CACHE_RD: 5, DIFF LL_CACHE_MISS_RD: 5, MISS_RATE: 100.00%
[max diff] DIFF L2D_CACHE_REFILL: 5
[max diff] DIFF L2D_CACHE_INVAL: 0

===========================================================
taskpendcnt:102069
t0:1500 ns
t1:3083 ns
t2:98291 ns
benchmark: Franka-derived Cartesian-impedance kernel, input trace:8, timer period:1.000 ms
controller source: franka_ros2 jazzy@73a1501d, updates:102092, SVD sweeps:5
pose error:[0.010000 0.015000 0.010000 -0.000000 0.049979 -0.000000]
tau[0:6]:[-0.567483 -0.552304 -0.482512 -0.231067 -0.297494 -0.656094 -0.085004]
kernel exec min/avg/max: 94.21 / 95.46 / 100.92 us, samples:102102
pressure status:0, copy rounds total/window:0/0, 0.00 rounds/s
pressure logical copy:0.00 MiB total, approx 0.00 MiB/s, checksum:0
pressure report window:2.130673 s
t0_region>
[0]:1
[1]:102001
[2]:113
[3]:9

t1_region>
[2]:96297
[3]:5543
[4]:260
[5]:23
[6]:5

t2_region>
[97]:7683
[98]:92549
[99]:1549
[100]:283
[101]:45
[102]:14
[103]:9
[104]:2

t0_min: 0.96 us, round:80922
t0_max: 3.63 us, round:44345
t0_jitter: 2.67 us

t1_min: 2.58 us, round:463
t1_max: 6.79 us, round:12868
t1_jitter: 4.21 us

t2_min: 97.08 us, round:7442
t2_max: 104.88 us, round:26
t2_jitter: 7.79 us

PMU diff samples: 102161
AVG DIFF LL_CACHE_RD: 0.93
AVG DIFF LL_CACHE_MISS_RD: 0.03
AVG DIFF L2D_CACHE_REFILL: 0.03
AVG DIFF L2D_CACHE_INVAL: 0.00
[cur diff] DIFF LL_CACHE_RD: 1, DIFF LL_CACHE_MISS_RD: 0, MISS_RATE: 0.00%
[cur diff] DIFF L2D_CACHE_REFILL: 0
[cur diff] DIFF L2D_CACHE_INVAL: 0
[max diff] DIFF LL_CACHE_RD: 5, DIFF LL_CACHE_MISS_RD: 5, MISS_RATE: 100.00%
[max diff] DIFF L2D_CACHE_REFILL: 5
[max diff] DIFF L2D_CACHE_INVAL: 0

===========================================================
taskpendcnt:104200
t0:1291 ns
t1:2875 ns
t2:98375 ns
benchmark: Franka-derived Cartesian-impedance kernel, input trace:8, timer period:1.000 ms
controller source: franka_ros2 jazzy@73a1501d, updates:104223, SVD sweeps:5
pose error:[0.010000 0.015000 0.010000 -0.000000 0.049979 -0.000000]
tau[0:6]:[-1.839419 -0.921560 -1.193198 -1.195971 -0.861243 0.113634 -0.461388]
kernel exec min/avg/max: 94.21 / 95.47 / 100.92 us, samples:104233
pressure status:0, copy rounds total/window:0/0, 0.00 rounds/s
pressure logical copy:0.00 MiB total, approx 0.00 MiB/s, checksum:0
pressure report window:2.130831 s
t0_region>
[0]:1
[1]:104129
[2]:116
[3]:9

t1_region>
[2]:98316
[3]:5651
[4]:262
[5]:24
[6]:5

t2_region>
[97]:7683
[98]:94654
[99]:1571
[100]:285
[101]:46
[102]:14
[103]:9
[104]:2

t0_min: 0.96 us, round:80922
t0_max: 3.63 us, round:44345
t0_jitter: 2.67 us

t1_min: 2.58 us, round:463
t1_max: 6.79 us, round:12868
t1_jitter: 4.21 us

t2_min: 97.08 us, round:7442
t2_max: 104.88 us, round:26
t2_jitter: 7.79 us

PMU diff samples: 104292
AVG DIFF LL_CACHE_RD: 0.92
AVG DIFF LL_CACHE_MISS_RD: 0.03
AVG DIFF L2D_CACHE_REFILL: 0.03
AVG DIFF L2D_CACHE_INVAL: 0.00
[cur diff] DIFF LL_CACHE_RD: 0, DIFF LL_CACHE_MISS_RD: 0, MISS_RATE: 0.00%
[cur diff] DIFF L2D_CACHE_REFILL: 0
[cur diff] DIFF L2D_CACHE_INVAL: 0
[max diff] DIFF LL_CACHE_RD: 5, DIFF LL_CACHE_MISS_RD: 5, MISS_RATE: 100.00%
[max diff] DIFF L2D_CACHE_REFILL: 5
[max diff] DIFF L2D_CACHE_INVAL: 0

===========================================================
taskpendcnt:106331
t0:1375 ns
t1:2958 ns
t2:98166 ns
benchmark: Franka-derived Cartesian-impedance kernel, input trace:8, timer period:1.000 ms
controller source: franka_ros2 jazzy@73a1501d, updates:106354, SVD sweeps:5
pose error:[0.010000 0.015000 0.010000 -0.000000 0.049979 -0.000000]
tau[0:6]:[1.228026 0.081850 0.819520 0.875435 0.745706 -0.833381 0.398995]
kernel exec min/avg/max: 94.21 / 95.47 / 100.92 us, samples:106363
pressure status:0, copy rounds total/window:0/0, 0.00 rounds/s
pressure logical copy:0.00 MiB total, approx 0.00 MiB/s, checksum:0
pressure report window:2.130435 s
t0_region>
[0]:1
[1]:106257
[2]:118
[3]:9

t1_region>
[2]:100339
[3]:5757
[4]:264
[5]:24
[6]:5

t2_region>
[97]:7683
[98]:96769
[99]:1585
[100]:287
[101]:46
[102]:14
[103]:9
[104]:2

t0_min: 0.96 us, round:80922
t0_max: 3.63 us, round:44345
t0_jitter: 2.67 us

t1_min: 2.58 us, round:463
t1_max: 6.79 us, round:12868
t1_jitter: 4.21 us

t2_min: 97.08 us, round:7442
t2_max: 104.88 us, round:26
t2_jitter: 7.79 us

PMU diff samples: 106422
AVG DIFF LL_CACHE_RD: 0.90
AVG DIFF LL_CACHE_MISS_RD: 0.03
AVG DIFF L2D_CACHE_REFILL: 0.03
AVG DIFF L2D_CACHE_INVAL: 0.00
[cur diff] DIFF LL_CACHE_RD: 2, DIFF LL_CACHE_MISS_RD: 0, MISS_RATE: 0.00%
[cur diff] DIFF L2D_CACHE_REFILL: 0
[cur diff] DIFF L2D_CACHE_INVAL: 0
[max diff] DIFF LL_CACHE_RD: 5, DIFF LL_CACHE_MISS_RD: 5, MISS_RATE: 100.00%
[max diff] DIFF L2D_CACHE_REFILL: 5
[max diff] DIFF L2D_CACHE_INVAL: 0

===========================================================
taskpendcnt:108462
t0:1458 ns
t1:2750 ns
t2:98541 ns
benchmark: Franka-derived Cartesian-impedance kernel, input trace:8, timer period:1.000 ms
controller source: franka_ros2 jazzy@73a1501d, updates:108485, SVD sweeps:5
pose error:[0.010000 0.015000 0.010000 -0.000000 0.049979 -0.000000]
tau[0:6]:[-0.567483 -0.552304 -0.482512 -0.231067 -0.297494 -0.656094 -0.085004]
kernel exec min/avg/max: 94.21 / 95.47 / 100.92 us, samples:108495
pressure status:0, copy rounds total/window:0/0, 0.00 rounds/s
pressure logical copy:0.00 MiB total, approx 0.00 MiB/s, checksum:0
pressure report window:2.131414 s
t0_region>
[0]:1
[1]:108383
[2]:124
[3]:9

t1_region>
[2]:102319
[3]:5901
[4]:272
[5]:24
[6]:5

t2_region>
[97]:7683
[98]:98807
[99]:1668
[100]:296
[101]:47
[102]:14
[103]:9
[104]:2

t0_min: 0.96 us, round:80922
t0_max: 3.63 us, round:44345
t0_jitter: 2.67 us

t1_min: 2.58 us, round:463
t1_max: 6.79 us, round:12868
t1_jitter: 4.21 us

t2_min: 97.08 us, round:7442
t2_max: 104.88 us, round:26
t2_jitter: 7.79 us

PMU diff samples: 108554
AVG DIFF LL_CACHE_RD: 0.89
AVG DIFF LL_CACHE_MISS_RD: 0.03
AVG DIFF L2D_CACHE_REFILL: 0.03
AVG DIFF L2D_CACHE_INVAL: 0.00
[cur diff] DIFF LL_CACHE_RD: 0, DIFF LL_CACHE_MISS_RD: 0, MISS_RATE: 0.00%
[cur diff] DIFF L2D_CACHE_REFILL: 0
[cur diff] DIFF L2D_CACHE_INVAL: 0
[max diff] DIFF LL_CACHE_RD: 5, DIFF LL_CACHE_MISS_RD: 5, MISS_RATE: 100.00%
[max diff] DIFF L2D_CACHE_REFILL: 5
[max diff] DIFF L2D_CACHE_INVAL: 0

===========================================================
taskpendcnt:110593
t0:1416 ns
t1:3000 ns
t2:98333 ns
benchmark: Franka-derived Cartesian-impedance kernel, input trace:8, timer period:1.000 ms
controller source: franka_ros2 jazzy@73a1501d, updates:110616, SVD sweeps:5
pose error:[0.010000 0.015000 0.010000 -0.000000 0.049979 -0.000000]
tau[0:6]:[-1.839419 -0.921560 -1.193198 -1.195971 -0.861243 0.113634 -0.461388]
kernel exec min/avg/max: 94.21 / 95.47 / 100.92 us, samples:110625
pressure status:0, copy rounds total/window:0/0, 0.00 rounds/s
pressure logical copy:0.00 MiB total, approx 0.00 MiB/s, checksum:0
pressure report window:2.130806 s
t0_region>
[0]:1
[1]:110511
[2]:125
[3]:10

t1_region>
[2]:104335
[3]:6013
[4]:274
[5]:24
[6]:5

t2_region>
[97]:7683
[98]:100917
[99]:1688
[100]:297
[101]:47
[102]:14
[103]:9
[104]:2

t0_min: 0.96 us, round:80922
t0_max: 3.63 us, round:44345
t0_jitter: 2.67 us

t1_min: 2.58 us, round:463
t1_max: 6.79 us, round:12868
t1_jitter: 4.21 us

t2_min: 97.08 us, round:7442
t2_max: 104.88 us, round:26
t2_jitter: 7.79 us

PMU diff samples: 110685
AVG DIFF LL_CACHE_RD: 0.88
AVG DIFF LL_CACHE_MISS_RD: 0.03
AVG DIFF L2D_CACHE_REFILL: 0.03
AVG DIFF L2D_CACHE_INVAL: 0.00
[cur diff] DIFF LL_CACHE_RD: 1, DIFF LL_CACHE_MISS_RD: 0, MISS_RATE: 0.00%
[cur diff] DIFF L2D_CACHE_REFILL: 0
[cur diff] DIFF L2D_CACHE_INVAL: 0
[max diff] DIFF LL_CACHE_RD: 5, DIFF LL_CACHE_MISS_RD: 5, MISS_RATE: 100.00%
[max diff] DIFF L2D_CACHE_REFILL: 5
[max diff] DIFF L2D_CACHE_INVAL: 0

===========================================================
taskpendcnt:112724
t0:1208 ns
t1:3083 ns
t2:98583 ns
benchmark: Franka-derived Cartesian-impedance kernel, input trace:8, timer period:1.000 ms
controller source: franka_ros2 jazzy@73a1501d, updates:112746, SVD sweeps:5
pose error:[0.010000 0.015000 0.010000 -0.000000 0.049979 -0.000000]
tau[0:6]:[1.228026 0.081850 0.819520 0.875435 0.745706 -0.833381 0.398995]
kernel exec min/avg/max: 94.21 / 95.47 / 100.92 us, samples:112756
pressure status:0, copy rounds total/window:0/0, 0.00 rounds/s
pressure logical copy:0.00 MiB total, approx 0.00 MiB/s, checksum:0
pressure report window:2.130461 s
t0_region>
[0]:1
[1]:112638
[2]:129
[3]:10

t1_region>
[2]:106338
[3]:6135
[4]:279
[5]:25
[6]:5

t2_region>
[97]:7683
[98]:103027
[99]:1705
[100]:300
[101]:48
[102]:14
[103]:9
[104]:2

t0_min: 0.96 us, round:80922
t0_max: 3.63 us, round:44345
t0_jitter: 2.67 us

t1_min: 2.58 us, round:463
t1_max: 6.79 us, round:12868
t1_jitter: 4.21 us

t2_min: 97.08 us, round:7442
t2_max: 104.88 us, round:26
t2_jitter: 7.79 us

PMU diff samples: 112815
AVG DIFF LL_CACHE_RD: 0.87
AVG DIFF LL_CACHE_MISS_RD: 0.03
AVG DIFF L2D_CACHE_REFILL: 0.03
AVG DIFF L2D_CACHE_INVAL: 0.00
[cur diff] DIFF LL_CACHE_RD: 2, DIFF LL_CACHE_MISS_RD: 1, MISS_RATE: 50.00%
[cur diff] DIFF L2D_CACHE_REFILL: 0
[cur diff] DIFF L2D_CACHE_INVAL: 0
[max diff] DIFF LL_CACHE_RD: 5, DIFF LL_CACHE_MISS_RD: 5, MISS_RATE: 100.00%
[max diff] DIFF L2D_CACHE_REFILL: 5
[max diff] DIFF L2D_CACHE_INVAL: 0

===========================================================
taskpendcnt:114855
t0:1291 ns
t1:2875 ns
t2:98666 ns
benchmark: Franka-derived Cartesian-impedance kernel, input trace:8, timer period:1.000 ms
controller source: franka_ros2 jazzy@73a1501d, updates:114877, SVD sweeps:5
pose error:[0.010000 0.015000 0.010000 -0.000000 0.049979 -0.000000]
tau[0:6]:[-2.781770 -1.613002 -1.930139 -1.581803 -1.382951 -0.390599 -0.663394]
kernel exec min/avg/max: 94.21 / 95.48 / 100.92 us, samples:114887
pressure status:0, copy rounds total/window:0/0, 0.00 rounds/s
pressure logical copy:0.00 MiB total, approx 0.00 MiB/s, checksum:0
pressure report window:2.131411 s
t0_region>
[0]:1
[1]:114766
[2]:132
[3]:10

t1_region>
[2]:108358
[3]:6243
[4]:283
[5]:25
[6]:5

t2_region>
[97]:7683
[98]:105036
[99]:1821
[100]:306
[101]:48
[102]:14
[103]:9
[104]:2

t0_min: 0.96 us, round:80922
t0_max: 3.63 us, round:44345
t0_jitter: 2.67 us

t1_min: 2.58 us, round:463
t1_max: 6.79 us, round:12868
t1_jitter: 4.21 us

t2_min: 97.08 us, round:7442
t2_max: 104.88 us, round:26
t2_jitter: 7.79 us

PMU diff samples: 114947
AVG DIFF LL_CACHE_RD: 0.86
AVG DIFF LL_CACHE_MISS_RD: 0.03
AVG DIFF L2D_CACHE_REFILL: 0.03
AVG DIFF L2D_CACHE_INVAL: 0.00
[cur diff] DIFF LL_CACHE_RD: 1, DIFF LL_CACHE_MISS_RD: 0, MISS_RATE: 0.00%
[cur diff] DIFF L2D_CACHE_REFILL: 0
[cur diff] DIFF L2D_CACHE_INVAL: 0
[max diff] DIFF LL_CACHE_RD: 5, DIFF LL_CACHE_MISS_RD: 5, MISS_RATE: 100.00%
[max diff] DIFF L2D_CACHE_REFILL: 5
[max diff] DIFF L2D_CACHE_INVAL: 0

===========================================================
taskpendcnt:116986
t0:1375 ns
t1:2958 ns
t2:98458 ns
benchmark: Franka-derived Cartesian-impedance kernel, input trace:8, timer period:1.000 ms
controller source: franka_ros2 jazzy@73a1501d, updates:117008, SVD sweeps:5
pose error:[0.010000 0.015000 0.010000 -0.000000 0.049979 -0.000000]
tau[0:6]:[-0.274004 -0.324180 0.001577 -0.231466 0.050986 -0.328952 0.010844]
kernel exec min/avg/max: 94.21 / 95.48 / 100.92 us, samples:117018
pressure status:0, copy rounds total/window:0/0, 0.00 rounds/s
pressure logical copy:0.00 MiB total, approx 0.00 MiB/s, checksum:0
pressure report window:2.130633 s
t0_region>
[0]:1
[1]:116897
[2]:132
[3]:10

t1_region>
[2]:110384
[3]:6348
[4]:283
[5]:25
[6]:5

t2_region>
[97]:7683
[98]:107148
[99]:1840
[100]:306
[101]:48
[102]:14
[103]:9
[104]:2

t0_min: 0.96 us, round:80922
t0_max: 3.63 us, round:44345
t0_jitter: 2.67 us

t1_min: 2.58 us, round:463
t1_max: 6.79 us, round:12868
t1_jitter: 4.21 us

t2_min: 97.08 us, round:7442
t2_max: 104.88 us, round:26
t2_jitter: 7.79 us

PMU diff samples: 117077
AVG DIFF LL_CACHE_RD: 0.85
AVG DIFF LL_CACHE_MISS_RD: 0.03
AVG DIFF L2D_CACHE_REFILL: 0.03
AVG DIFF L2D_CACHE_INVAL: 0.00
[cur diff] DIFF LL_CACHE_RD: 4, DIFF LL_CACHE_MISS_RD: 0, MISS_RATE: 0.00%
[cur diff] DIFF L2D_CACHE_REFILL: 0
[cur diff] DIFF L2D_CACHE_INVAL: 0
[max diff] DIFF LL_CACHE_RD: 5, DIFF LL_CACHE_MISS_RD: 5, MISS_RATE: 100.00%
[max diff] DIFF L2D_CACHE_REFILL: 5
[max diff] DIFF L2D_CACHE_INVAL: 0

===========================================================
taskpendcnt:119117
t0:1458 ns
t1:3041 ns
t2:99125 ns
benchmark: Franka-derived Cartesian-impedance kernel, input trace:8, timer period:1.000 ms
controller source: franka_ros2 jazzy@73a1501d, updates:119139, SVD sweeps:5
pose error:[0.010000 0.015000 0.010000 -0.000000 0.049979 -0.000000]
tau[0:6]:[1.376914 -0.104433 0.790225 0.843903 0.642107 -0.956178 0.423547]
kernel exec min/avg/max: 94.21 / 95.48 / 100.92 us, samples:119149
pressure status:0, copy rounds total/window:0/0, 0.00 rounds/s
pressure logical copy:0.00 MiB total, approx 0.00 MiB/s, checksum:0
pressure report window:2.130841 s
t0_region>
[0]:2
[1]:119017
[2]:142
[3]:10

t1_region>
[2]:112332
[3]:6506
[4]:306
[5]:26
[6]:5

t2_region>
[97]:7683
[98]:109168
[99]:1916
[100]:335
[101]:54
[102]:14
[103]:10
[104]:2

t0_min: 0.96 us, round:80922
t0_max: 3.63 us, round:44345
t0_jitter: 2.67 us

t1_min: 2.58 us, round:463
t1_max: 6.79 us, round:12868
t1_jitter: 4.21 us

t2_min: 97.08 us, round:7442
t2_max: 104.88 us, round:26
t2_jitter: 7.79 us

PMU diff samples: 119208
AVG DIFF LL_CACHE_RD: 0.91
AVG DIFF LL_CACHE_MISS_RD: 0.03
AVG DIFF L2D_CACHE_REFILL: 0.03
AVG DIFF L2D_CACHE_INVAL: 0.00
[cur diff] DIFF LL_CACHE_RD: 2, DIFF LL_CACHE_MISS_RD: 0, MISS_RATE: 0.00%
[cur diff] DIFF L2D_CACHE_REFILL: 1
[cur diff] DIFF L2D_CACHE_INVAL: 0
[max diff] DIFF LL_CACHE_RD: 5, DIFF LL_CACHE_MISS_RD: 5, MISS_RATE: 100.00%
[max diff] DIFF L2D_CACHE_REFILL: 5
[max diff] DIFF L2D_CACHE_INVAL: 0

===========================================================
taskpendcnt:121247
t0:1250 ns
t1:2833 ns
t2:98333 ns
benchmark: Franka-derived Cartesian-impedance kernel, input trace:8, timer period:1.000 ms
controller source: franka_ros2 jazzy@73a1501d, updates:121270, SVD sweeps:5
pose error:[0.010000 0.015000 0.010000 -0.000000 0.049979 -0.000000]
tau[0:6]:[-2.379368 -1.292411 -1.655224 -1.570015 -1.185234 -0.066588 -0.610247]
kernel exec min/avg/max: 94.21 / 95.48 / 100.92 us, samples:121280
pressure status:0, copy rounds total/window:0/0, 0.00 rounds/s
pressure logical copy:0.00 MiB total, approx 0.00 MiB/s, checksum:0
pressure report window:2.131203 s
t0_region>
[0]:2
[1]:121148
[2]:142
[3]:10

t1_region>
[2]:114368
[3]:6601
[4]:306
[5]:26
[6]:5

t2_region>
[97]:7683
[98]:111256
[99]:1958
[100]:335
[101]:54
[102]:14
[103]:10
[104]:2

t0_min: 0.96 us, round:80922
t0_max: 3.63 us, round:44345
t0_jitter: 2.67 us

t1_min: 2.58 us, round:463
t1_max: 6.79 us, round:12868
t1_jitter: 4.21 us

t2_min: 97.08 us, round:7442
t2_max: 104.88 us, round:26
t2_jitter: 7.79 us

PMU diff samples: 121339
AVG DIFF LL_CACHE_RD: 0.90
AVG DIFF LL_CACHE_MISS_RD: 0.03
AVG DIFF L2D_CACHE_REFILL: 0.03
AVG DIFF L2D_CACHE_INVAL: 0.00
[cur diff] DIFF LL_CACHE_RD: 2, DIFF LL_CACHE_MISS_RD: 0, MISS_RATE: 0.00%
[cur diff] DIFF L2D_CACHE_REFILL: 0
[cur diff] DIFF L2D_CACHE_INVAL: 0
[max diff] DIFF LL_CACHE_RD: 5, DIFF LL_CACHE_MISS_RD: 5, MISS_RATE: 100.00%
[max diff] DIFF L2D_CACHE_REFILL: 5
[max diff] DIFF L2D_CACHE_INVAL: 0

===========================================================
taskpendcnt:123378
t0:1333 ns
t1:2916 ns
t2:98708 ns
benchmark: Franka-derived Cartesian-impedance kernel, input trace:8, timer period:1.000 ms
controller source: franka_ros2 jazzy@73a1501d, updates:123401, SVD sweeps:5
pose error:[0.010000 0.015000 0.010000 -0.000000 0.049979 -0.000000]
tau[0:6]:[0.839771 0.130674 0.617691 0.624912 0.653099 -0.592692 0.265887]
kernel exec min/avg/max: 94.21 / 95.48 / 100.92 us, samples:123410
pressure status:0, copy rounds total/window:0/0, 0.00 rounds/s
pressure logical copy:0.00 MiB total, approx 0.00 MiB/s, checksum:0
pressure report window:2.130374 s
t0_region>
[0]:2
[1]:123273
[2]:147
[3]:10

t1_region>
[2]:116360
[3]:6732
[4]:313
[5]:26
[6]:5

t2_region>
[97]:7683
[98]:113324
[99]:2011
[100]:340
[101]:58
[102]:14
[103]:10
[104]:2

t0_min: 0.96 us, round:80922
t0_max: 3.63 us, round:44345
t0_jitter: 2.67 us

t1_min: 2.58 us, round:463
t1_max: 6.79 us, round:12868
t1_jitter: 4.21 us

t2_min: 97.08 us, round:7442
t2_max: 104.88 us, round:26
t2_jitter: 7.79 us

PMU diff samples: 123470
AVG DIFF LL_CACHE_RD: 0.89
AVG DIFF LL_CACHE_MISS_RD: 0.03
AVG DIFF L2D_CACHE_REFILL: 0.03
AVG DIFF L2D_CACHE_INVAL: 0.00
[cur diff] DIFF LL_CACHE_RD: 0, DIFF LL_CACHE_MISS_RD: 0, MISS_RATE: 0.00%
[cur diff] DIFF L2D_CACHE_REFILL: 0
[cur diff] DIFF L2D_CACHE_INVAL: 0
[max diff] DIFF LL_CACHE_RD: 5, DIFF LL_CACHE_MISS_RD: 5, MISS_RATE: 100.00%
[max diff] DIFF L2D_CACHE_REFILL: 5
[max diff] DIFF L2D_CACHE_INVAL: 0

===========================================================
taskpendcnt:125509
t0:1416 ns
t1:3000 ns
t2:98791 ns
benchmark: Franka-derived Cartesian-impedance kernel, input trace:8, timer period:1.000 ms
controller source: franka_ros2 jazzy@73a1501d, updates:125532, SVD sweeps:5
pose error:[0.010000 0.015000 0.010000 -0.000000 0.049979 -0.000000]
tau[0:6]:[-0.567483 -0.552304 -0.482512 -0.231067 -0.297494 -0.656094 -0.085004]
kernel exec min/avg/max: 94.21 / 95.48 / 100.92 us, samples:125542
pressure status:0, copy rounds total/window:0/0, 0.00 rounds/s
pressure logical copy:0.00 MiB total, approx 0.00 MiB/s, checksum:0
pressure report window:2.131423 s
t0_region>
[0]:2
[1]:125402
[2]:149
[3]:11

t1_region>
[2]:118384
[3]:6838
[4]:314
[5]:27
[6]:5

t2_region>
[97]:7683
[98]:115429
[99]:2037
[100]:340
[101]:59
[102]:14
[103]:10
[104]:2

t0_min: 0.96 us, round:80922
t0_max: 3.63 us, round:44345
t0_jitter: 2.67 us

t1_min: 2.58 us, round:463
t1_max: 6.79 us, round:12868
t1_jitter: 4.21 us

t2_min: 97.08 us, round:7442
t2_max: 104.88 us, round:26
t2_jitter: 7.79 us

PMU diff samples: 125601
AVG DIFF LL_CACHE_RD: 0.88
AVG DIFF LL_CACHE_MISS_RD: 0.03
AVG DIFF L2D_CACHE_REFILL: 0.03
AVG DIFF L2D_CACHE_INVAL: 0.00
[cur diff] DIFF LL_CACHE_RD: 2, DIFF LL_CACHE_MISS_RD: 0, MISS_RATE: 0.00%
[cur diff] DIFF L2D_CACHE_REFILL: 0
[cur diff] DIFF L2D_CACHE_INVAL: 0
[max diff] DIFF LL_CACHE_RD: 5, DIFF LL_CACHE_MISS_RD: 5, MISS_RATE: 100.00%
[max diff] DIFF L2D_CACHE_REFILL: 5
[max diff] DIFF L2D_CACHE_INVAL: 0

===========================================================
taskpendcnt:127640
t0:1500 ns
t1:3083 ns
t2:98583 ns
benchmark: Franka-derived Cartesian-impedance kernel, input trace:8, timer period:1.000 ms
controller source: franka_ros2 jazzy@73a1501d, updates:127663, SVD sweeps:5
pose error:[0.010000 0.015000 0.010000 -0.000000 0.049979 -0.000000]
tau[0:6]:[-2.379368 -1.292411 -1.655224 -1.570015 -1.185234 -0.066588 -0.610247]
kernel exec min/avg/max: 94.21 / 95.48 / 100.92 us, samples:127673
pressure status:0, copy rounds total/window:0/0, 0.00 rounds/s
pressure logical copy:0.00 MiB total, approx 0.00 MiB/s, checksum:0
pressure report window:2.130882 s
t0_region>
[0]:2
[1]:127533
[2]:149
[3]:11

t1_region>
[2]:120398
[3]:6954
[4]:315
[5]:27
[6]:5

t2_region>
[97]:7683
[98]:117528
[99]:2069
[100]:340
[101]:59
[102]:14
[103]:10
[104]:2

t0_min: 0.96 us, round:80922
t0_max: 3.63 us, round:44345
t0_jitter: 2.67 us

t1_min: 2.58 us, round:463
t1_max: 6.79 us, round:12868
t1_jitter: 4.21 us

t2_min: 97.08 us, round:7442
t2_max: 104.88 us, round:26
t2_jitter: 7.79 us

PMU diff samples: 127732
AVG DIFF LL_CACHE_RD: 0.87
AVG DIFF LL_CACHE_MISS_RD: 0.03
AVG DIFF L2D_CACHE_REFILL: 0.03
AVG DIFF L2D_CACHE_INVAL: 0.00
[cur diff] DIFF LL_CACHE_RD: 1, DIFF LL_CACHE_MISS_RD: 0, MISS_RATE: 0.00%
[cur diff] DIFF L2D_CACHE_REFILL: 0
[cur diff] DIFF L2D_CACHE_INVAL: 0
[max diff] DIFF LL_CACHE_RD: 5, DIFF LL_CACHE_MISS_RD: 5, MISS_RATE: 100.00%
[max diff] DIFF L2D_CACHE_REFILL: 5
[max diff] DIFF L2D_CACHE_INVAL: 0

===========================================================
taskpendcnt:129771
t0:1166 ns
t1:3041 ns
t2:98666 ns
benchmark: Franka-derived Cartesian-impedance kernel, input trace:8, timer period:1.000 ms
controller source: franka_ros2 jazzy@73a1501d, updates:129794, SVD sweeps:5
pose error:[0.010000 0.015000 0.010000 -0.000000 0.049979 -0.000000]
tau[0:6]:[0.839771 0.130674 0.617691 0.624912 0.653099 -0.592692 0.265887]
kernel exec min/avg/max: 94.21 / 95.49 / 100.92 us, samples:129803
pressure status:0, copy rounds total/window:0/0, 0.00 rounds/s
pressure logical copy:0.00 MiB total, approx 0.00 MiB/s, checksum:0
pressure report window:2.130374 s
t0_region>
[0]:2
[1]:129662
[2]:150
[3]:11

t1_region>
[2]:122377
[3]:7101
[4]:320
[5]:27
[6]:5

t2_region>
[97]:7683
[98]:119580
[99]:2144
[100]:343
[101]:59
[102]:14
[103]:10
[104]:2

t0_min: 0.96 us, round:80922
t0_max: 3.63 us, round:44345
t0_jitter: 2.67 us

t1_min: 2.58 us, round:463
t1_max: 6.79 us, round:12868
t1_jitter: 4.21 us

t2_min: 97.08 us, round:7442
t2_max: 104.88 us, round:26
t2_jitter: 7.79 us

PMU diff samples: 129862
AVG DIFF LL_CACHE_RD: 0.86
AVG DIFF LL_CACHE_MISS_RD: 0.03
AVG DIFF L2D_CACHE_REFILL: 0.03
AVG DIFF L2D_CACHE_INVAL: 0.00
[cur diff] DIFF LL_CACHE_RD: 1, DIFF LL_CACHE_MISS_RD: 0, MISS_RATE: 0.00%
[cur diff] DIFF L2D_CACHE_REFILL: 0
[cur diff] DIFF L2D_CACHE_INVAL: 0
[max diff] DIFF LL_CACHE_RD: 5, DIFF LL_CACHE_MISS_RD: 5, MISS_RATE: 100.00%
[max diff] DIFF L2D_CACHE_REFILL: 5
[max diff] DIFF L2D_CACHE_INVAL: 0

===========================================================
taskpendcnt:131902
t0:1250 ns
t1:2833 ns
t2:98625 ns
benchmark: Franka-derived Cartesian-impedance kernel, input trace:8, timer period:1.000 ms
controller source: franka_ros2 jazzy@73a1501d, updates:131925, SVD sweeps:5
pose error:[0.010000 0.015000 0.010000 -0.000000 0.049979 -0.000000]
tau[0:6]:[-0.567483 -0.552304 -0.482512 -0.231067 -0.297494 -0.656094 -0.085004]
kernel exec min/avg/max: 94.21 / 95.49 / 100.92 us, samples:131934
pressure status:0, copy rounds total/window:0/0, 0.00 rounds/s
pressure logical copy:0.00 MiB total, approx 0.00 MiB/s, checksum:0
pressure report window:2.131413 s
t0_region>
[0]:2
[1]:131793
[2]:150
[3]:11

t1_region>
[2]:124393
[3]:7216
[4]:320
[5]:27
[6]:5

t2_region>
[97]:7683
[98]:121692
[99]:2163
[100]:343
[101]:59
[102]:14
[103]:10
[104]:2

t0_min: 0.96 us, round:80922
t0_max: 3.63 us, round:44345
t0_jitter: 2.67 us

t1_min: 2.58 us, round:463
t1_max: 6.79 us, round:12868
t1_jitter: 4.21 us

t2_min: 97.08 us, round:7442
t2_max: 104.88 us, round:26
t2_jitter: 7.79 us

PMU diff samples: 131994
AVG DIFF LL_CACHE_RD: 0.86
AVG DIFF LL_CACHE_MISS_RD: 0.03
AVG DIFF L2D_CACHE_REFILL: 0.03
AVG DIFF L2D_CACHE_INVAL: 0.00
[cur diff] DIFF LL_CACHE_RD: 1, DIFF LL_CACHE_MISS_RD: 0, MISS_RATE: 0.00%
[cur diff] DIFF L2D_CACHE_REFILL: 0
[cur diff] DIFF L2D_CACHE_INVAL: 0
[max diff] DIFF LL_CACHE_RD: 5, DIFF LL_CACHE_MISS_RD: 5, MISS_RATE: 100.00%
[max diff] DIFF L2D_CACHE_REFILL: 5
[max diff] DIFF L2D_CACHE_INVAL: 0

===========================================================
taskpendcnt:134033
t0:1333 ns
t1:2916 ns
t2:98416 ns
benchmark: Franka-derived Cartesian-impedance kernel, input trace:8, timer period:1.000 ms
controller source: franka_ros2 jazzy@73a1501d, updates:134055, SVD sweeps:5
pose error:[0.010000 0.015000 0.010000 -0.000000 0.049979 -0.000000]
tau[0:6]:[-1.839419 -0.921560 -1.193198 -1.195971 -0.861243 0.113634 -0.461388]
kernel exec min/avg/max: 94.21 / 95.49 / 100.92 us, samples:134065
pressure status:0, copy rounds total/window:0/0, 0.00 rounds/s
pressure logical copy:0.00 MiB total, approx 0.00 MiB/s, checksum:0
pressure report window:2.130807 s
t0_region>
[0]:2
[1]:133922
[2]:152
[3]:11

t1_region>
[2]:126401
[3]:7336
[4]:323
[5]:27
[6]:5

t2_region>
[97]:7683
[98]:123748
[99]:2234
[100]:347
[101]:59
[102]:14
[103]:10
[104]:2

t0_min: 0.96 us, round:80922
t0_max: 3.63 us, round:44345
t0_jitter: 2.67 us

t1_min: 2.58 us, round:463
t1_max: 6.79 us, round:12868
t1_jitter: 4.21 us

t2_min: 97.08 us, round:7442
t2_max: 104.88 us, round:26
t2_jitter: 7.79 us

PMU diff samples: 134125
AVG DIFF LL_CACHE_RD: 0.85
AVG DIFF LL_CACHE_MISS_RD: 0.03
AVG DIFF L2D_CACHE_REFILL: 0.03
AVG DIFF L2D_CACHE_INVAL: 0.00
[cur diff] DIFF LL_CACHE_RD: 2, DIFF LL_CACHE_MISS_RD: 0, MISS_RATE: 0.00%
[cur diff] DIFF L2D_CACHE_REFILL: 0
[cur diff] DIFF L2D_CACHE_INVAL: 0
[max diff] DIFF LL_CACHE_RD: 5, DIFF LL_CACHE_MISS_RD: 5, MISS_RATE: 100.00%
[max diff] DIFF L2D_CACHE_REFILL: 5
[max diff] DIFF L2D_CACHE_INVAL: 0

===========================================================
taskpendcnt:136164
t0:1416 ns
t1:3000 ns
t2:98500 ns
benchmark: Franka-derived Cartesian-impedance kernel, input trace:8, timer period:1.000 ms
controller source: franka_ros2 jazzy@73a1501d, updates:136186, SVD sweeps:5
pose error:[0.010000 0.015000 0.010000 -0.000000 0.049979 -0.000000]
tau[0:6]:[1.228026 0.081850 0.819520 0.875435 0.745706 -0.833381 0.398995]
kernel exec min/avg/max: 94.21 / 95.49 / 100.92 us, samples:136196
pressure status:0, copy rounds total/window:0/0, 0.00 rounds/s
pressure logical copy:0.00 MiB total, approx 0.00 MiB/s, checksum:0
pressure report window:2.130525 s
t0_region>
[0]:2
[1]:136048
[2]:157
[3]:11

t1_region>
[2]:128419
[3]:7442
[4]:328
[5]:28
[6]:5

t2_region>
[97]:7683
[98]:125848
[99]:2262
[100]:350
[101]:59
[102]:14
[103]:10
[104]:2

t0_min: 0.96 us, round:80922
t0_max: 3.63 us, round:44345
t0_jitter: 2.67 us

t1_min: 2.58 us, round:463
t1_max: 6.79 us, round:12868
t1_jitter: 4.21 us

t2_min: 97.08 us, round:7442
t2_max: 104.88 us, round:26
t2_jitter: 7.79 us

PMU diff samples: 136255
AVG DIFF LL_CACHE_RD: 0.84
AVG DIFF LL_CACHE_MISS_RD: 0.03
AVG DIFF L2D_CACHE_REFILL: 0.03
AVG DIFF L2D_CACHE_INVAL: 0.00
[cur diff] DIFF LL_CACHE_RD: 0, DIFF LL_CACHE_MISS_RD: 0, MISS_RATE: 0.00%
[cur diff] DIFF L2D_CACHE_REFILL: 0
[cur diff] DIFF L2D_CACHE_INVAL: 0
[max diff] DIFF LL_CACHE_RD: 5, DIFF LL_CACHE_MISS_RD: 5, MISS_RATE: 100.00%
[max diff] DIFF L2D_CACHE_REFILL: 5
[max diff] DIFF L2D_CACHE_INVAL: 0

===========================================================
taskpendcnt:138295
t0:1500 ns
t1:3083 ns
t2:98875 ns
benchmark: Franka-derived Cartesian-impedance kernel, input trace:8, timer period:1.000 ms
controller source: franka_ros2 jazzy@73a1501d, updates:138317, SVD sweeps:5
pose error:[0.010000 0.015000 0.010000 -0.000000 0.049979 -0.000000]
tau[0:6]:[-2.781770 -1.613002 -1.930139 -1.581803 -1.382951 -0.390599 -0.663394]
kernel exec min/avg/max: 94.21 / 95.49 / 100.92 us, samples:138327
pressure status:0, copy rounds total/window:0/0, 0.00 rounds/s
pressure logical copy:0.00 MiB total, approx 0.00 MiB/s, checksum:0
pressure report window:2.131406 s
t0_region>
[0]:2
[1]:138178
[2]:158
[3]:11

t1_region>
[2]:130433
[3]:7558
[4]:329
[5]:28
[6]:5

t2_region>
[97]:7683
[98]:127927
[99]:2314
[100]:351
[101]:59
[102]:14
[103]:10
[104]:2

t0_min: 0.96 us, round:80922
t0_max: 3.63 us, round:44345
t0_jitter: 2.67 us

t1_min: 2.58 us, round:463
t1_max: 6.79 us, round:12868
t1_jitter: 4.21 us

t2_min: 97.08 us, round:7442
t2_max: 104.88 us, round:26
t2_jitter: 7.79 us

PMU diff samples: 138386
AVG DIFF LL_CACHE_RD: 0.83
AVG DIFF LL_CACHE_MISS_RD: 0.03
AVG DIFF L2D_CACHE_REFILL: 0.03
AVG DIFF L2D_CACHE_INVAL: 0.00
[cur diff] DIFF LL_CACHE_RD: 1, DIFF LL_CACHE_MISS_RD: 0, MISS_RATE: 0.00%
[cur diff] DIFF L2D_CACHE_REFILL: 0
[cur diff] DIFF L2D_CACHE_INVAL: 0
[max diff] DIFF LL_CACHE_RD: 5, DIFF LL_CACHE_MISS_RD: 5, MISS_RATE: 100.00%
[max diff] DIFF L2D_CACHE_REFILL: 5
[max diff] DIFF L2D_CACHE_INVAL: 0

===========================================================
taskpendcnt:140426
t0:1416 ns
t1:3000 ns
t2:98500 ns
benchmark: Franka-derived Cartesian-impedance kernel, input trace:8, timer period:1.000 ms
controller source: franka_ros2 jazzy@73a1501d, updates:140449, SVD sweeps:5
pose error:[0.010000 0.015000 0.010000 -0.000000 0.049979 -0.000000]
tau[0:6]:[0.839771 0.130674 0.617691 0.624912 0.653099 -0.592692 0.265887]
kernel exec min/avg/max: 94.21 / 95.49 / 100.92 us, samples:140458
pressure status:0, copy rounds total/window:0/0, 0.00 rounds/s
pressure logical copy:0.00 MiB total, approx 0.00 MiB/s, checksum:0
pressure report window:2.131312 s
t0_region>
[0]:2
[1]:140310
[2]:158
[3]:11

t1_region>
[2]:132437
[3]:7686
[4]:329
[5]:28
[6]:5

t2_region>
[97]:7683
[98]:130017
[99]:2353
[100]:352
[101]:59
[102]:14
[103]:10
[104]:2

t0_min: 0.96 us, round:80922
t0_max: 3.63 us, round:44345
t0_jitter: 2.67 us

t1_min: 2.58 us, round:463
t1_max: 6.79 us, round:12868
t1_jitter: 4.21 us

t2_min: 97.08 us, round:7442
t2_max: 104.88 us, round:26
t2_jitter: 7.79 us

PMU diff samples: 140518
AVG DIFF LL_CACHE_RD: 0.83
AVG DIFF LL_CACHE_MISS_RD: 0.03
AVG DIFF L2D_CACHE_REFILL: 0.03
AVG DIFF L2D_CACHE_INVAL: 0.00
[cur diff] DIFF LL_CACHE_RD: 2, DIFF LL_CACHE_MISS_RD: 0, MISS_RATE: 0.00%
[cur diff] DIFF L2D_CACHE_REFILL: 0
[cur diff] DIFF L2D_CACHE_INVAL: 0
[max diff] DIFF LL_CACHE_RD: 5, DIFF LL_CACHE_MISS_RD: 5, MISS_RATE: 100.00%
[max diff] DIFF L2D_CACHE_REFILL: 5
[max diff] DIFF L2D_CACHE_INVAL: 0

===========================================================
taskpendcnt:142557
t0:1500 ns
t1:2791 ns
t2:98583 ns
benchmark: Franka-derived Cartesian-impedance kernel, input trace:8, timer period:1.000 ms
controller source: franka_ros2 jazzy@73a1501d, updates:142580, SVD sweeps:5
pose error:[0.010000 0.015000 0.010000 -0.000000 0.049979 -0.000000]
tau[0:6]:[-0.567483 -0.552304 -0.482512 -0.231067 -0.297494 -0.656094 -0.085004]
kernel exec min/avg/max: 94.21 / 95.49 / 100.92 us, samples:142590
pressure status:0, copy rounds total/window:0/0, 0.00 rounds/s
pressure logical copy:0.00 MiB total, approx 0.00 MiB/s, checksum:0
pressure report window:2.131417 s
t0_region>
[0]:2
[1]:142436
[2]:162
[3]:12

t1_region>
[2]:134454
[3]:7795
[4]:331
[5]:31
[6]:5

t2_region>
[97]:7683
[98]:132063
[99]:2434
[100]:354
[101]:62
[102]:14
[103]:10
[104]:2

t0_min: 0.96 us, round:80922
t0_max: 3.63 us, round:44345
t0_jitter: 2.67 us

t1_min: 2.58 us, round:463
t1_max: 6.79 us, round:12868
t1_jitter: 4.21 us

t2_min: 97.08 us, round:7442
t2_max: 104.88 us, round:26
t2_jitter: 7.79 us

PMU diff samples: 142649
AVG DIFF LL_CACHE_RD: 0.82
AVG DIFF LL_CACHE_MISS_RD: 0.03
AVG DIFF L2D_CACHE_REFILL: 0.03
AVG DIFF L2D_CACHE_INVAL: 0.00
[cur diff] DIFF LL_CACHE_RD: 0, DIFF LL_CACHE_MISS_RD: 0, MISS_RATE: 0.00%
[cur diff] DIFF L2D_CACHE_REFILL: 0
[cur diff] DIFF L2D_CACHE_INVAL: 0
[max diff] DIFF LL_CACHE_RD: 5, DIFF LL_CACHE_MISS_RD: 5, MISS_RATE: 100.00%
[max diff] DIFF L2D_CACHE_REFILL: 5
[max diff] DIFF L2D_CACHE_INVAL: 0

===========================================================
taskpendcnt:144688
t0:1291 ns
t1:2875 ns
t2:98666 ns
benchmark: Franka-derived Cartesian-impedance kernel, input trace:8, timer period:1.000 ms
controller source: franka_ros2 jazzy@73a1501d, updates:144711, SVD sweeps:5
pose error:[0.010000 0.015000 0.010000 -0.000000 0.049979 -0.000000]
tau[0:6]:[-1.839419 -0.921560 -1.193198 -1.195971 -0.861243 0.113634 -0.461388]
kernel exec min/avg/max: 94.21 / 95.50 / 100.92 us, samples:144721
pressure status:0, copy rounds total/window:0/0, 0.00 rounds/s
pressure logical copy:0.00 MiB total, approx 0.00 MiB/s, checksum:0
pressure report window:2.130864 s
t0_region>
[0]:2
[1]:144563
[2]:165
[3]:13

t1_region>
[2]:136458
[3]:7918
[4]:336
[5]:31
[6]:5

t2_region>
[97]:7683
[98]:134146
[99]:2478
[100]:358
[101]:62
[102]:14
[103]:10
[104]:2

t0_min: 0.96 us, round:80922
t0_max: 3.63 us, round:44345
t0_jitter: 2.67 us

t1_min: 2.58 us, round:463
t1_max: 6.79 us, round:12868
t1_jitter: 4.21 us

t2_min: 97.08 us, round:7442
t2_max: 104.88 us, round:26
t2_jitter: 7.79 us

PMU diff samples: 144780
AVG DIFF LL_CACHE_RD: 0.81
AVG DIFF LL_CACHE_MISS_RD: 0.03
AVG DIFF L2D_CACHE_REFILL: 0.03
AVG DIFF L2D_CACHE_INVAL: 0.00
[cur diff] DIFF LL_CACHE_RD: 0, DIFF LL_CACHE_MISS_RD: 0, MISS_RATE: 0.00%
[cur diff] DIFF L2D_CACHE_REFILL: 0
[cur diff] DIFF L2D_CACHE_INVAL: 0
[max diff] DIFF LL_CACHE_RD: 5, DIFF LL_CACHE_MISS_RD: 5, MISS_RATE: 100.00%
[max diff] DIFF L2D_CACHE_REFILL: 5
[max diff] DIFF L2D_CACHE_INVAL: 0

===========================================================
taskpendcnt:146819
t0:1375 ns
t1:2958 ns
t2:98458 ns
benchmark: Franka-derived Cartesian-impedance kernel, input trace:8, timer period:1.000 ms
controller source: franka_ros2 jazzy@73a1501d, updates:146842, SVD sweeps:5
pose error:[0.010000 0.015000 0.010000 -0.000000 0.049979 -0.000000]
tau[0:6]:[1.228026 0.081850 0.819520 0.875435 0.745706 -0.833381 0.398995]
kernel exec min/avg/max: 94.21 / 95.50 / 100.92 us, samples:146851
pressure status:0, copy rounds total/window:0/0, 0.00 rounds/s
pressure logical copy:0.00 MiB total, approx 0.00 MiB/s, checksum:0
pressure report window:2.130404 s
t0_region>
[0]:2
[1]:146692
[2]:166
[3]:13

t1_region>
[2]:138476
[3]:8029
[4]:336
[5]:32
[6]:5

t2_region>
[97]:7683
[98]:136257
[99]:2496
[100]:358
[101]:63
[102]:14
[103]:10
[104]:2

t0_min: 0.96 us, round:80922
t0_max: 3.63 us, round:44345
t0_jitter: 2.67 us

t1_min: 2.58 us, round:463
t1_max: 6.79 us, round:12868
t1_jitter: 4.21 us

t2_min: 97.08 us, round:7442
t2_max: 104.88 us, round:26
t2_jitter: 7.79 us

PMU diff samples: 146910
AVG DIFF LL_CACHE_RD: 0.80
AVG DIFF LL_CACHE_MISS_RD: 0.03
AVG DIFF L2D_CACHE_REFILL: 0.03
AVG DIFF L2D_CACHE_INVAL: 0.00
[cur diff] DIFF LL_CACHE_RD: 3, DIFF LL_CACHE_MISS_RD: 1, MISS_RATE: 33.33%
[cur diff] DIFF L2D_CACHE_REFILL: 0
[cur diff] DIFF L2D_CACHE_INVAL: 0
[max diff] DIFF LL_CACHE_RD: 5, DIFF LL_CACHE_MISS_RD: 5, MISS_RATE: 100.00%
[max diff] DIFF L2D_CACHE_REFILL: 5
[max diff] DIFF L2D_CACHE_INVAL: 0

===========================================================
taskpendcnt:148950
t0:1333 ns
t1:2750 ns
t2:98250 ns
benchmark: Franka-derived Cartesian-impedance kernel, input trace:8, timer period:1.000 ms
controller source: franka_ros2 jazzy@73a1501d, updates:148973, SVD sweeps:5
pose error:[0.010000 0.015000 0.010000 -0.000000 0.049979 -0.000000]
tau[0:6]:[-0.567483 -0.552304 -0.482512 -0.231067 -0.297494 -0.656094 -0.085004]
kernel exec min/avg/max: 94.21 / 95.50 / 100.92 us, samples:148983
pressure status:0, copy rounds total/window:0/0, 0.00 rounds/s
pressure logical copy:0.00 MiB total, approx 0.00 MiB/s, checksum:0
pressure report window:2.131413 s
t0_region>
[0]:2
[1]:148821
[2]:168
[3]:14

t1_region>
[2]:140475
[3]:8158
[4]:338
[5]:33
[6]:5

t2_region>
[97]:7683
[98]:138343
[99]:2540
[100]:358
[101]:64
[102]:15
[103]:10
[104]:2

t0_min: 0.96 us, round:80922
t0_max: 3.63 us, round:44345
t0_jitter: 2.67 us

t1_min: 2.58 us, round:463
t1_max: 6.79 us, round:12868
t1_jitter: 4.21 us

t2_min: 97.08 us, round:7442
t2_max: 104.88 us, round:26
t2_jitter: 7.79 us

PMU diff samples: 149042
AVG DIFF LL_CACHE_RD: 0.80
AVG DIFF LL_CACHE_MISS_RD: 0.03
AVG DIFF L2D_CACHE_REFILL: 0.03
AVG DIFF L2D_CACHE_INVAL: 0.00
[cur diff] DIFF LL_CACHE_RD: 2, DIFF LL_CACHE_MISS_RD: 0, MISS_RATE: 0.00%
[cur diff] DIFF L2D_CACHE_REFILL: 0
[cur diff] DIFF L2D_CACHE_INVAL: 0
[max diff] DIFF LL_CACHE_RD: 5, DIFF LL_CACHE_MISS_RD: 5, MISS_RATE: 100.00%
[max diff] DIFF L2D_CACHE_REFILL: 5
[max diff] DIFF L2D_CACHE_INVAL: 0

===========================================================
taskpendcnt:151081
t0:1416 ns
t1:3000 ns
t2:98500 ns
benchmark: Franka-derived Cartesian-impedance kernel, input trace:8, timer period:1.000 ms
controller source: franka_ros2 jazzy@73a1501d, updates:151104, SVD sweeps:5
pose error:[0.010000 0.015000 0.010000 -0.000000 0.049979 -0.000000]
tau[0:6]:[-1.839419 -0.921560 -1.193198 -1.195971 -0.861243 0.113634 -0.461388]
kernel exec min/avg/max: 94.21 / 95.50 / 100.92 us, samples:151113
pressure status:0, copy rounds total/window:0/0, 0.00 rounds/s
pressure logical copy:0.00 MiB total, approx 0.00 MiB/s, checksum:0
pressure report window:2.130808 s
t0_region>
[0]:2
[1]:150947
[2]:172
[3]:14

t1_region>
[2]:142485
[3]:8275
[4]:342
[5]:33
[6]:5

t2_region>
[97]:7683
[98]:140435
[99]:2576
[100]:360
[101]:64
[102]:15
[103]:10
[104]:2

t0_min: 0.96 us, round:80922
t0_max: 3.63 us, round:44345
t0_jitter: 2.67 us

t1_min: 2.58 us, round:463
t1_max: 6.79 us, round:12868
t1_jitter: 4.21 us

t2_min: 97.08 us, round:7442
t2_max: 104.88 us, round:26
t2_jitter: 7.79 us

PMU diff samples: 151173
AVG DIFF LL_CACHE_RD: 0.79
AVG DIFF LL_CACHE_MISS_RD: 0.03
AVG DIFF L2D_CACHE_REFILL: 0.03
AVG DIFF L2D_CACHE_INVAL: 0.00
[cur diff] DIFF LL_CACHE_RD: 1, DIFF LL_CACHE_MISS_RD: 0, MISS_RATE: 0.00%
[cur diff] DIFF L2D_CACHE_REFILL: 0
[cur diff] DIFF L2D_CACHE_INVAL: 0
[max diff] DIFF LL_CACHE_RD: 5, DIFF LL_CACHE_MISS_RD: 5, MISS_RATE: 100.00%
[max diff] DIFF L2D_CACHE_REFILL: 5
[max diff] DIFF L2D_CACHE_INVAL: 0

===========================================================
taskpendcnt:153212
t0:1208 ns
t1:3083 ns
t2:98875 ns
benchmark: Franka-derived Cartesian-impedance kernel, input trace:8, timer period:1.000 ms
controller source: franka_ros2 jazzy@73a1501d, updates:153234, SVD sweeps:5
pose error:[0.010000 0.015000 0.010000 -0.000000 0.049979 -0.000000]
tau[0:6]:[1.228026 0.081850 0.819520 0.875435 0.745706 -0.833381 0.398995]
kernel exec min/avg/max: 94.21 / 95.50 / 100.92 us, samples:153244
pressure status:0, copy rounds total/window:0/0, 0.00 rounds/s
pressure logical copy:0.00 MiB total, approx 0.00 MiB/s, checksum:0
pressure report window:2.130461 s
t0_region>
[0]:2
[1]:153077
[2]:173
[3]:14

t1_region>
[2]:144502
[3]:8387
[4]:343
[5]:33
[6]:5

t2_region>
[97]:7683
[98]:142538
[99]:2604
[100]:360
[101]:64
[102]:15
[103]:10
[104]:2

t0_min: 0.96 us, round:80922
t0_max: 3.63 us, round:44345
t0_jitter: 2.67 us

t1_min: 2.58 us, round:463
t1_max: 6.79 us, round:12868
t1_jitter: 4.21 us

t2_min: 97.08 us, round:7442
t2_max: 104.88 us, round:26
t2_jitter: 7.79 us

PMU diff samples: 153303
AVG DIFF LL_CACHE_RD: 0.78
AVG DIFF LL_CACHE_MISS_RD: 0.03
AVG DIFF L2D_CACHE_REFILL: 0.03
AVG DIFF L2D_CACHE_INVAL: 0.00
[cur diff] DIFF LL_CACHE_RD: 1, DIFF LL_CACHE_MISS_RD: 0, MISS_RATE: 0.00%
[cur diff] DIFF L2D_CACHE_REFILL: 0
[cur diff] DIFF L2D_CACHE_INVAL: 0
[max diff] DIFF LL_CACHE_RD: 5, DIFF LL_CACHE_MISS_RD: 5, MISS_RATE: 100.00%
[max diff] DIFF L2D_CACHE_REFILL: 5
[max diff] DIFF L2D_CACHE_INVAL: 0

===========================================================
taskpendcnt:155343
t0:1583 ns
t1:3166 ns
t2:98666 ns
benchmark: Franka-derived Cartesian-impedance kernel, input trace:8, timer period:1.000 ms
controller source: franka_ros2 jazzy@73a1501d, updates:155365, SVD sweeps:5
pose error:[0.010000 0.015000 0.010000 -0.000000 0.049979 -0.000000]
tau[0:6]:[-2.781770 -1.613002 -1.930139 -1.581803 -1.382951 -0.390599 -0.663394]
kernel exec min/avg/max: 94.21 / 95.50 / 100.92 us, samples:155375
pressure status:0, copy rounds total/window:0/0, 0.00 rounds/s
pressure logical copy:0.00 MiB total, approx 0.00 MiB/s, checksum:0
pressure report window:2.131413 s
t0_region>
[0]:2
[1]:155208
[2]:173
[3]:14

t1_region>
[2]:146519
[3]:8501
[4]:344
[5]:33
[6]:5

t2_region>
[97]:7683
[98]:144630
[99]:2642
[100]:361
[101]:64
[102]:15
[103]:10
[104]:2

t0_min: 0.96 us, round:80922
t0_max: 3.63 us, round:44345
t0_jitter: 2.67 us

t1_min: 2.58 us, round:463
t1_max: 6.79 us, round:12868
t1_jitter: 4.21 us

t2_min: 97.08 us, round:7442
t2_max: 104.88 us, round:26
t2_jitter: 7.79 us

PMU diff samples: 155435
AVG DIFF LL_CACHE_RD: 0.78
AVG DIFF LL_CACHE_MISS_RD: 0.03
AVG DIFF L2D_CACHE_REFILL: 0.03
AVG DIFF L2D_CACHE_INVAL: 0.00
[cur diff] DIFF LL_CACHE_RD: 2, DIFF LL_CACHE_MISS_RD: 0, MISS_RATE: 0.00%
[cur diff] DIFF L2D_CACHE_REFILL: 0
[cur diff] DIFF L2D_CACHE_INVAL: 0
[max diff] DIFF LL_CACHE_RD: 5, DIFF LL_CACHE_MISS_RD: 5, MISS_RATE: 100.00%
[max diff] DIFF L2D_CACHE_REFILL: 5
[max diff] DIFF L2D_CACHE_INVAL: 0

===========================================================
taskpendcnt:157474
t0:1375 ns
t1:2958 ns
t2:99333 ns
benchmark: Franka-derived Cartesian-impedance kernel, input trace:8, timer period:1.000 ms
controller source: franka_ros2 jazzy@73a1501d, updates:157496, SVD sweeps:5
pose error:[0.010000 0.015000 0.010000 -0.000000 0.049979 -0.000000]
tau[0:6]:[-0.274004 -0.324180 0.001577 -0.231466 0.050986 -0.328952 0.010844]
kernel exec min/avg/max: 94.21 / 95.50 / 100.92 us, samples:157506
pressure status:0, copy rounds total/window:0/0, 0.00 rounds/s
pressure logical copy:0.00 MiB total, approx 0.00 MiB/s, checksum:0
pressure report window:2.130647 s
t0_region>
[0]:2
[1]:157338
[2]:174
[3]:14

t1_region>
[2]:148541
[3]:8609
[4]:345
[5]:33
[6]:5

t2_region>
[97]:7683
[98]:146710
[99]:2691
[100]:363
[101]:64
[102]:15
[103]:10
[104]:2

t0_min: 0.96 us, round:80922
t0_max: 3.63 us, round:44345
t0_jitter: 2.67 us

t1_min: 2.58 us, round:463
t1_max: 6.79 us, round:12868
t1_jitter: 4.21 us

t2_min: 97.08 us, round:7442
t2_max: 104.88 us, round:26
t2_jitter: 7.79 us

PMU diff samples: 157565
AVG DIFF LL_CACHE_RD: 0.77
AVG DIFF LL_CACHE_MISS_RD: 0.03
AVG DIFF L2D_CACHE_REFILL: 0.03
AVG DIFF L2D_CACHE_INVAL: 0.00
[cur diff] DIFF LL_CACHE_RD: 1, DIFF LL_CACHE_MISS_RD: 0, MISS_RATE: 0.00%
[cur diff] DIFF L2D_CACHE_REFILL: 0
[cur diff] DIFF L2D_CACHE_INVAL: 0
[max diff] DIFF LL_CACHE_RD: 5, DIFF LL_CACHE_MISS_RD: 5, MISS_RATE: 100.00%
[max diff] DIFF L2D_CACHE_REFILL: 5
[max diff] DIFF L2D_CACHE_INVAL: 0

===========================================================
taskpendcnt:159605
t0:1166 ns
t1:3041 ns
t2:98541 ns
benchmark: Franka-derived Cartesian-impedance kernel, input trace:8, timer period:1.000 ms
controller source: franka_ros2 jazzy@73a1501d, updates:159627, SVD sweeps:5
pose error:[0.010000 0.015000 0.010000 -0.000000 0.049979 -0.000000]
tau[0:6]:[1.376914 -0.104433 0.790225 0.843903 0.642107 -0.956178 0.423547]
kernel exec min/avg/max: 94.21 / 95.50 / 100.92 us, samples:159637
pressure status:0, copy rounds total/window:0/0, 0.00 rounds/s
pressure logical copy:0.00 MiB total, approx 0.00 MiB/s, checksum:0
pressure report window:2.130702 s
t0_region>
[0]:2
[1]:159468
[2]:175
[3]:14

t1_region>
[2]:150554
[3]:8725
[4]:345
[5]:34
[6]:5

t2_region>
[97]:7683
[98]:148829
[99]:2703
[100]:364
[101]:64
[102]:15
[103]:10
[104]:2

t0_min: 0.96 us, round:80922
t0_max: 3.63 us, round:44345
t0_jitter: 2.67 us

t1_min: 2.58 us, round:463
t1_max: 6.79 us, round:12868
t1_jitter: 4.21 us

t2_min: 97.08 us, round:7442
t2_max: 104.88 us, round:26
t2_jitter: 7.79 us

PMU diff samples: 159696
AVG DIFF LL_CACHE_RD: 0.76
AVG DIFF LL_CACHE_MISS_RD: 0.03
AVG DIFF L2D_CACHE_REFILL: 0.03
AVG DIFF L2D_CACHE_INVAL: 0.00
[cur diff] DIFF LL_CACHE_RD: 2, DIFF LL_CACHE_MISS_RD: 0, MISS_RATE: 0.00%
[cur diff] DIFF L2D_CACHE_REFILL: 0
[cur diff] DIFF L2D_CACHE_INVAL: 0
[max diff] DIFF LL_CACHE_RD: 5, DIFF LL_CACHE_MISS_RD: 5, MISS_RATE: 100.00%
[max diff] DIFF L2D_CACHE_REFILL: 5
[max diff] DIFF L2D_CACHE_INVAL: 0

===========================================================
taskpendcnt:161735
t0:1250 ns
t1:3125 ns
t2:98333 ns
benchmark: Franka-derived Cartesian-impedance kernel, input trace:8, timer period:1.000 ms
controller source: franka_ros2 jazzy@73a1501d, updates:161758, SVD sweeps:5
pose error:[0.010000 0.015000 0.010000 -0.000000 0.049979 -0.000000]
tau[0:6]:[-2.379368 -1.292411 -1.655224 -1.570015 -1.185234 -0.066588 -0.610247]
kernel exec min/avg/max: 94.21 / 95.51 / 100.92 us, samples:161768
pressure status:0, copy rounds total/window:0/0, 0.00 rounds/s
pressure logical copy:0.00 MiB total, approx 0.00 MiB/s, checksum:0
pressure report window:2.131324 s
t0_region>
[0]:2
[1]:161596
[2]:178
[3]:14

t1_region>
[2]:152570
[3]:8838
[4]:346
[5]:35
[6]:5

t2_region>
[97]:7683
[98]:150903
[99]:2757
[100]:365
[101]:65
[102]:15
[103]:10
[104]:2

t0_min: 0.96 us, round:80922
t0_max: 3.63 us, round:44345
t0_jitter: 2.67 us

t1_min: 2.58 us, round:463
t1_max: 6.79 us, round:12868
t1_jitter: 4.21 us

t2_min: 97.08 us, round:7442
t2_max: 104.88 us, round:26
t2_jitter: 7.79 us

PMU diff samples: 161827
AVG DIFF LL_CACHE_RD: 0.76
AVG DIFF LL_CACHE_MISS_RD: 0.03
AVG DIFF L2D_CACHE_REFILL: 0.03
AVG DIFF L2D_CACHE_INVAL: 0.00
[cur diff] DIFF LL_CACHE_RD: 3, DIFF LL_CACHE_MISS_RD: 0, MISS_RATE: 0.00%
[cur diff] DIFF L2D_CACHE_REFILL: 1
[cur diff] DIFF L2D_CACHE_INVAL: 0
[max diff] DIFF LL_CACHE_RD: 5, DIFF LL_CACHE_MISS_RD: 5, MISS_RATE: 100.00%
[max diff] DIFF L2D_CACHE_REFILL: 5
[max diff] DIFF L2D_CACHE_INVAL: 0

===========================================================
taskpendcnt:163866
t0:1333 ns
t1:2916 ns
t2:98416 ns
benchmark: Franka-derived Cartesian-impedance kernel, input trace:8, timer period:1.000 ms
controller source: franka_ros2 jazzy@73a1501d, updates:163889, SVD sweeps:5
pose error:[0.010000 0.015000 0.010000 -0.000000 0.049979 -0.000000]
tau[0:6]:[0.839771 0.130674 0.617691 0.624912 0.653099 -0.592692 0.265887]
kernel exec min/avg/max: 94.21 / 95.51 / 100.92 us, samples:163898
pressure status:0, copy rounds total/window:0/0, 0.00 rounds/s
pressure logical copy:0.00 MiB total, approx 0.00 MiB/s, checksum:0
pressure report window:2.130374 s
t0_region>
[0]:2
[1]:163723
[2]:181
[3]:14

t1_region>
[2]:154577
[3]:8958
[4]:349
[5]:35
[6]:5

t2_region>
[97]:7683
[98]:152992
[99]:2795
[100]:368
[101]:65
[102]:15
[103]:10
[104]:2

t0_min: 0.96 us, round:80922
t0_max: 3.63 us, round:44345
t0_jitter: 2.67 us

t1_min: 2.58 us, round:463
t1_max: 6.79 us, round:12868
t1_jitter: 4.21 us

t2_min: 97.08 us, round:7442
t2_max: 104.88 us, round:26
t2_jitter: 7.79 us

PMU diff samples: 163958
AVG DIFF LL_CACHE_RD: 0.75
AVG DIFF LL_CACHE_MISS_RD: 0.03
AVG DIFF L2D_CACHE_REFILL: 0.03
AVG DIFF L2D_CACHE_INVAL: 0.00
[cur diff] DIFF LL_CACHE_RD: 0, DIFF LL_CACHE_MISS_RD: 0, MISS_RATE: 0.00%
[cur diff] DIFF L2D_CACHE_REFILL: 0
[cur diff] DIFF L2D_CACHE_INVAL: 0
[max diff] DIFF LL_CACHE_RD: 5, DIFF LL_CACHE_MISS_RD: 5, MISS_RATE: 100.00%
[max diff] DIFF L2D_CACHE_REFILL: 5
[max diff] DIFF L2D_CACHE_INVAL: 0

===========================================================
taskpendcnt:165997
t0:1416 ns
t1:3000 ns
t2:98500 ns
benchmark: Franka-derived Cartesian-impedance kernel, input trace:8, timer period:1.000 ms
controller source: franka_ros2 jazzy@73a1501d, updates:166020, SVD sweeps:5
pose error:[0.010000 0.015000 0.010000 -0.000000 0.049979 -0.000000]
tau[0:6]:[-0.567483 -0.552304 -0.482512 -0.231067 -0.297494 -0.656094 -0.085004]
kernel exec min/avg/max: 94.21 / 95.51 / 100.92 us, samples:166030
pressure status:0, copy rounds total/window:0/0, 0.00 rounds/s
pressure logical copy:0.00 MiB total, approx 0.00 MiB/s, checksum:0
pressure report window:2.131454 s
t0_region>
[0]:2
[1]:165855
[2]:181
[3]:14

t1_region>
[2]:156575
[3]:9091
[4]:350
[5]:35
[6]:5

t2_region>
[97]:7683
[98]:155092
[99]:2827
[100]:368
[101]:65
[102]:15
[103]:10
[104]:2

t0_min: 0.96 us, round:80922
t0_max: 3.63 us, round:44345
t0_jitter: 2.67 us

t1_min: 2.58 us, round:463
t1_max: 6.79 us, round:12868
t1_jitter: 4.21 us

t2_min: 97.08 us, round:7442
t2_max: 104.88 us, round:26
t2_jitter: 7.79 us

PMU diff samples: 166089
AVG DIFF LL_CACHE_RD: 0.75
AVG DIFF LL_CACHE_MISS_RD: 0.03
AVG DIFF L2D_CACHE_REFILL: 0.03
AVG DIFF L2D_CACHE_INVAL: 0.00
[cur diff] DIFF LL_CACHE_RD: 1, DIFF LL_CACHE_MISS_RD: 0, MISS_RATE: 0.00%
[cur diff] DIFF L2D_CACHE_REFILL: 0
[cur diff] DIFF L2D_CACHE_INVAL: 0
[max diff] DIFF LL_CACHE_RD: 5, DIFF LL_CACHE_MISS_RD: 5, MISS_RATE: 100.00%
[max diff] DIFF L2D_CACHE_REFILL: 5
[max diff] DIFF L2D_CACHE_INVAL: 0

===========================================================
taskpendcnt:168128
t0:1208 ns
t1:2791 ns
t2:98291 ns
benchmark: Franka-derived Cartesian-impedance kernel, input trace:8, timer period:1.000 ms
controller source: franka_ros2 jazzy@73a1501d, updates:168151, SVD sweeps:5
pose error:[0.010000 0.015000 0.010000 -0.000000 0.049979 -0.000000]
tau[0:6]:[-2.379368 -1.292411 -1.655224 -1.570015 -1.185234 -0.066588 -0.610247]
kernel exec min/avg/max: 94.21 / 95.51 / 100.92 us, samples:168161
pressure status:0, copy rounds total/window:0/0, 0.00 rounds/s
pressure logical copy:0.00 MiB total, approx 0.00 MiB/s, checksum:0
pressure report window:2.130854 s
t0_region>
[0]:2
[1]:167984
[2]:183
[3]:14

t1_region>
[2]:158576
[3]:9218
[4]:352
[5]:36
[6]:5

t2_region>
[97]:7683
[98]:157161
[99]:2885
[100]:371
[101]:65
[102]:16
[103]:10
[104]:2

t0_min: 0.96 us, round:80922
t0_max: 3.63 us, round:44345
t0_jitter: 2.67 us

t1_min: 2.58 us, round:463
t1_max: 6.79 us, round:12868
t1_jitter: 4.21 us

t2_min: 97.08 us, round:7442
t2_max: 104.88 us, round:26
t2_jitter: 7.79 us

PMU diff samples: 168220
AVG DIFF LL_CACHE_RD: 0.74
AVG DIFF LL_CACHE_MISS_RD: 0.03
AVG DIFF L2D_CACHE_REFILL: 0.03
AVG DIFF L2D_CACHE_INVAL: 0.00
[cur diff] DIFF LL_CACHE_RD: 1, DIFF LL_CACHE_MISS_RD: 0, MISS_RATE: 0.00%
[cur diff] DIFF L2D_CACHE_REFILL: 0
[cur diff] DIFF L2D_CACHE_INVAL: 0
[max diff] DIFF LL_CACHE_RD: 5, DIFF LL_CACHE_MISS_RD: 5, MISS_RATE: 100.00%
[max diff] DIFF L2D_CACHE_REFILL: 5
[max diff] DIFF L2D_CACHE_INVAL: 0

===========================================================
taskpendcnt:170259
t0:1458 ns
t1:3041 ns
t2:98666 ns
benchmark: Franka-derived Cartesian-impedance kernel, input trace:8, timer period:1.000 ms
controller source: franka_ros2 jazzy@73a1501d, updates:170282, SVD sweeps:5
pose error:[0.010000 0.015000 0.010000 -0.000000 0.049979 -0.000000]
tau[0:6]:[0.839771 0.130674 0.617691 0.624912 0.653099 -0.592692 0.265887]
kernel exec min/avg/max: 94.21 / 95.51 / 100.92 us, samples:170291
pressure status:0, copy rounds total/window:0/0, 0.00 rounds/s
pressure logical copy:0.00 MiB total, approx 0.00 MiB/s, checksum:0
pressure report window:2.130374 s
t0_region>
[0]:2
[1]:170111
[2]:186
[3]:14

t1_region>
[2]:160575
[3]:9346
[4]:355
[5]:36
[6]:5

t2_region>
[97]:7683
[98]:159232
[99]:2942
[100]:373
[101]:65
[102]:16
[103]:10
[104]:2

t0_min: 0.96 us, round:80922
t0_max: 3.63 us, round:44345
t0_jitter: 2.67 us

t1_min: 2.58 us, round:463
t1_max: 6.79 us, round:12868
t1_jitter: 4.21 us

t2_min: 97.08 us, round:7442
t2_max: 104.88 us, round:26
t2_jitter: 7.79 us

PMU diff samples: 170350
AVG DIFF LL_CACHE_RD: 0.74
AVG DIFF LL_CACHE_MISS_RD: 0.03
AVG DIFF L2D_CACHE_REFILL: 0.03
AVG DIFF L2D_CACHE_INVAL: 0.00
[cur diff] DIFF LL_CACHE_RD: 2, DIFF LL_CACHE_MISS_RD: 0, MISS_RATE: 0.00%
[cur diff] DIFF L2D_CACHE_REFILL: 0
[cur diff] DIFF L2D_CACHE_INVAL: 0
[max diff] DIFF LL_CACHE_RD: 5, DIFF LL_CACHE_MISS_RD: 5, MISS_RATE: 100.00%
[max diff] DIFF L2D_CACHE_REFILL: 5
[max diff] DIFF L2D_CACHE_INVAL: 0

===========================================================
taskpendcnt:172390
t0:1250 ns
t1:2833 ns
t2:98333 ns
benchmark: Franka-derived Cartesian-impedance kernel, input trace:8, timer period:1.000 ms
controller source: franka_ros2 jazzy@73a1501d, updates:172412, SVD sweeps:5
pose error:[0.010000 0.015000 0.010000 -0.000000 0.049979 -0.000000]
tau[0:6]:[-0.567483 -0.552304 -0.482512 -0.231067 -0.297494 -0.656094 -0.085004]
kernel exec min/avg/max: 94.21 / 95.51 / 100.92 us, samples:172422
pressure status:0, copy rounds total/window:0/0, 0.00 rounds/s
pressure logical copy:0.00 MiB total, approx 0.00 MiB/s, checksum:0
pressure report window:2.131412 s
t0_region>
[0]:2
[1]:172240
[2]:188
[3]:14

t1_region>
[2]:162588
[3]:9462
[4]:357
[5]:36
[6]:5

t2_region>
[97]:7683
[98]:161333
[99]:2971
[100]:374
[101]:65
[102]:16
[103]:10
[104]:2

t0_min: 0.96 us, round:80922
t0_max: 3.63 us, round:44345
t0_jitter: 2.67 us

t1_min: 2.58 us, round:463
t1_max: 6.79 us, round:12868
t1_jitter: 4.21 us

t2_min: 97.08 us, round:7442
t2_max: 104.88 us, round:26
t2_jitter: 7.79 us

PMU diff samples: 172482
AVG DIFF LL_CACHE_RD: 0.73
AVG DIFF LL_CACHE_MISS_RD: 0.03
AVG DIFF L2D_CACHE_REFILL: 0.03
AVG DIFF L2D_CACHE_INVAL: 0.00
[cur diff] DIFF LL_CACHE_RD: 0, DIFF LL_CACHE_MISS_RD: 0, MISS_RATE: 0.00%
[cur diff] DIFF L2D_CACHE_REFILL: 0
[cur diff] DIFF L2D_CACHE_INVAL: 0
[max diff] DIFF LL_CACHE_RD: 5, DIFF LL_CACHE_MISS_RD: 5, MISS_RATE: 100.00%
[max diff] DIFF L2D_CACHE_REFILL: 5
[max diff] DIFF L2D_CACHE_INVAL: 0

===========================================================
taskpendcnt:174521
t0:1333 ns
t1:2916 ns
t2:98416 ns
benchmark: Franka-derived Cartesian-impedance kernel, input trace:8, timer period:1.000 ms
controller source: franka_ros2 jazzy@73a1501d, updates:174543, SVD sweeps:5
pose error:[0.010000 0.015000 0.010000 -0.000000 0.049979 -0.000000]
tau[0:6]:[-1.839419 -0.921560 -1.193198 -1.195971 -0.861243 0.113634 -0.461388]
kernel exec min/avg/max: 94.21 / 95.51 / 100.92 us, samples:174553
pressure status:0, copy rounds total/window:0/0, 0.00 rounds/s
pressure logical copy:0.00 MiB total, approx 0.00 MiB/s, checksum:0
pressure report window:2.130807 s
t0_region>
[0]:2
[1]:174366
[2]:193
[3]:14

t1_region>
[2]:164589
[3]:9590
[4]:359
[5]:37
[6]:5

t2_region>
[97]:7683
[98]:163362
[99]:3070
[100]:376
[101]:66
[102]:16
[103]:10
[104]:2

t0_min: 0.96 us, round:80922
t0_max: 3.63 us, round:44345
t0_jitter: 2.67 us

t1_min: 2.58 us, round:463
t1_max: 6.79 us, round:12868
t1_jitter: 4.21 us

t2_min: 97.08 us, round:7442
t2_max: 104.88 us, round:26
t2_jitter: 7.79 us

PMU diff samples: 174613
AVG DIFF LL_CACHE_RD: 0.73
AVG DIFF LL_CACHE_MISS_RD: 0.03
AVG DIFF L2D_CACHE_REFILL: 0.03
AVG DIFF L2D_CACHE_INVAL: 0.00
[cur diff] DIFF LL_CACHE_RD: 0, DIFF LL_CACHE_MISS_RD: 0, MISS_RATE: 0.00%
[cur diff] DIFF L2D_CACHE_REFILL: 0
[cur diff] DIFF L2D_CACHE_INVAL: 0
[max diff] DIFF LL_CACHE_RD: 5, DIFF LL_CACHE_MISS_RD: 5, MISS_RATE: 100.00%
[max diff] DIFF L2D_CACHE_REFILL: 5
[max diff] DIFF L2D_CACHE_INVAL: 0

===========================================================
taskpendcnt:176652
t0:1708 ns
t1:3000 ns
t2:98500 ns
benchmark: Franka-derived Cartesian-impedance kernel, input trace:8, timer period:1.000 ms
controller source: franka_ros2 jazzy@73a1501d, updates:176674, SVD sweeps:5
pose error:[0.010000 0.015000 0.010000 -0.000000 0.049979 -0.000000]
tau[0:6]:[1.228026 0.081850 0.819520 0.875435 0.745706 -0.833381 0.398995]
kernel exec min/avg/max: 94.21 / 95.51 / 100.92 us, samples:176684
pressure status:0, copy rounds total/window:0/0, 0.00 rounds/s
pressure logical copy:0.00 MiB total, approx 0.00 MiB/s, checksum:0
pressure report window:2.130554 s
t0_region>
[0]:2
[1]:176495
[2]:195
[3]:14

t1_region>
[2]:166607
[3]:9699
[4]:362
[5]:37
[6]:5

t2_region>
[97]:7683
[98]:165382
[99]:3178
[100]:379
[101]:66
[102]:16
[103]:10
[104]:2

t0_min: 0.96 us, round:80922
t0_max: 3.63 us, round:44345
t0_jitter: 2.67 us

t1_min: 2.58 us, round:463
t1_max: 6.79 us, round:12868
t1_jitter: 4.21 us

t2_min: 97.08 us, round:7442
t2_max: 104.88 us, round:26
t2_jitter: 7.79 us

PMU diff samples: 176743
AVG DIFF LL_CACHE_RD: 0.72
AVG DIFF LL_CACHE_MISS_RD: 0.03
AVG DIFF L2D_CACHE_REFILL: 0.03
AVG DIFF L2D_CACHE_INVAL: 0.00
[cur diff] DIFF LL_CACHE_RD: 1, DIFF LL_CACHE_MISS_RD: 0, MISS_RATE: 0.00%
[cur diff] DIFF L2D_CACHE_REFILL: 0
[cur diff] DIFF L2D_CACHE_INVAL: 0
[max diff] DIFF LL_CACHE_RD: 5, DIFF LL_CACHE_MISS_RD: 5, MISS_RATE: 100.00%
[max diff] DIFF L2D_CACHE_REFILL: 5
[max diff] DIFF L2D_CACHE_INVAL: 0

===========================================================
taskpendcnt:178783
t0:1500 ns
t1:2791 ns
t2:99166 ns
benchmark: Franka-derived Cartesian-impedance kernel, input trace:8, timer period:1.000 ms
controller source: franka_ros2 jazzy@73a1501d, updates:178805, SVD sweeps:5
pose error:[0.010000 0.015000 0.010000 -0.000000 0.049979 -0.000000]
tau[0:6]:[-2.781770 -1.613002 -1.930139 -1.581803 -1.382951 -0.390599 -0.663394]
kernel exec min/avg/max: 94.21 / 95.51 / 100.92 us, samples:178815
pressure status:0, copy rounds total/window:0/0, 0.00 rounds/s
pressure logical copy:0.00 MiB total, approx 0.00 MiB/s, checksum:0
pressure report window:2.131407 s
t0_region>
[0]:2
[1]:178625
[2]:196
[3]:14

t1_region>
[2]:168603
[3]:9832
[4]:363
[5]:38
[6]:5

t2_region>
[97]:7683
[98]:167455
[99]:3235
[100]:381
[101]:66
[102]:16
[103]:10
[104]:2

t0_min: 0.96 us, round:80922
t0_max: 3.63 us, round:44345
t0_jitter: 2.67 us

t1_min: 2.58 us, round:463
t1_max: 6.79 us, round:12868
t1_jitter: 4.21 us

t2_min: 97.08 us, round:7442
t2_max: 104.88 us, round:26
t2_jitter: 7.79 us

PMU diff samples: 178874
AVG DIFF LL_CACHE_RD: 0.72
AVG DIFF LL_CACHE_MISS_RD: 0.03
AVG DIFF L2D_CACHE_REFILL: 0.03
AVG DIFF L2D_CACHE_INVAL: 0.00
[cur diff] DIFF LL_CACHE_RD: 0, DIFF LL_CACHE_MISS_RD: 0, MISS_RATE: 0.00%
[cur diff] DIFF L2D_CACHE_REFILL: 0
[cur diff] DIFF L2D_CACHE_INVAL: 0
[max diff] DIFF LL_CACHE_RD: 5, DIFF LL_CACHE_MISS_RD: 5, MISS_RATE: 100.00%
[max diff] DIFF L2D_CACHE_REFILL: 5
[max diff] DIFF L2D_CACHE_INVAL: 0

===========================================================
taskpendcnt:180914
t0:1416 ns
t1:3000 ns
t2:98500 ns
benchmark: Franka-derived Cartesian-impedance kernel, input trace:8, timer period:1.000 ms
controller source: franka_ros2 jazzy@73a1501d, updates:180937, SVD sweeps:5
pose error:[0.010000 0.015000 0.010000 -0.000000 0.049979 -0.000000]
tau[0:6]:[0.839771 0.130674 0.617691 0.624912 0.653099 -0.592692 0.265887]
kernel exec min/avg/max: 94.21 / 95.52 / 100.92 us, samples:180946
pressure status:0, copy rounds total/window:0/0, 0.00 rounds/s
pressure logical copy:0.00 MiB total, approx 0.00 MiB/s, checksum:0
pressure report window:2.131278 s
t0_region>
[0]:2
[1]:180752
[2]:199
[3]:14
[4]:1

t1_region>
[2]:170596
[3]:9967
[4]:367
[5]:38
[6]:6

t2_region>
[97]:7683
[98]:169528
[99]:3289
[100]:383
[101]:67
[102]:17
[103]:10
[104]:2

t0_min: 0.96 us, round:80922
t0_max: 4.13 us, round:180954
t0_jitter: 3.17 us

t1_min: 2.58 us, round:463
t1_max: 6.79 us, round:12868
t1_jitter: 4.21 us

t2_min: 97.08 us, round:7442
t2_max: 104.88 us, round:26
t2_jitter: 7.79 us

PMU diff samples: 181006
AVG DIFF LL_CACHE_RD: 0.71
AVG DIFF LL_CACHE_MISS_RD: 0.03
AVG DIFF L2D_CACHE_REFILL: 0.03
AVG DIFF L2D_CACHE_INVAL: 0.00
[cur diff] DIFF LL_CACHE_RD: 0, DIFF LL_CACHE_MISS_RD: 0, MISS_RATE: 0.00%
[cur diff] DIFF L2D_CACHE_REFILL: 0
[cur diff] DIFF L2D_CACHE_INVAL: 0
[max diff] DIFF LL_CACHE_RD: 5, DIFF LL_CACHE_MISS_RD: 5, MISS_RATE: 100.00%
[max diff] DIFF L2D_CACHE_REFILL: 5
[max diff] DIFF L2D_CACHE_INVAL: 0

===========================================================
taskpendcnt:183046
t0:1333 ns
t1:2916 ns
t2:98416 ns
benchmark: Franka-derived Cartesian-impedance kernel, input trace:8, timer period:1.000 ms
controller source: franka_ros2 jazzy@73a1501d, updates:183069, SVD sweeps:5
pose error:[0.010000 0.015000 0.010000 -0.000000 0.049979 -0.000000]
tau[0:6]:[-2.781770 -1.613002 -1.930139 -1.581803 -1.382951 -0.390599 -0.663394]
kernel exec min/avg/max: 94.21 / 95.52 / 100.92 us, samples:183079
pressure status:0, copy rounds total/window:0/0, 0.00 rounds/s
pressure logical copy:0.00 MiB total, approx 0.00 MiB/s, checksum:0
pressure report window:2.132415 s
t0_region>
[0]:2
[1]:182882
[2]:202
[3]:14
[4]:1

t1_region>
[2]:172603
[3]:10085
[4]:373
[5]:38
[6]:6

t2_region>
[97]:7683
[98]:171586
[99]:3359
[100]:386
[101]:68
[102]:17
[103]:10
[104]:2

t0_min: 0.96 us, round:80922
t0_max: 4.13 us, round:180954
t0_jitter: 3.17 us

t1_min: 2.58 us, round:463
t1_max: 6.79 us, round:12868
t1_jitter: 4.21 us

t2_min: 97.08 us, round:7442
t2_max: 104.88 us, round:26
t2_jitter: 7.79 us

PMU diff samples: 183139
AVG DIFF LL_CACHE_RD: 0.71
AVG DIFF LL_CACHE_MISS_RD: 0.03
AVG DIFF L2D_CACHE_REFILL: 0.03
AVG DIFF L2D_CACHE_INVAL: 0.00
[cur diff] DIFF LL_CACHE_RD: 1, DIFF LL_CACHE_MISS_RD: 0, MISS_RATE: 0.00%
[cur diff] DIFF L2D_CACHE_REFILL: 1
[cur diff] DIFF L2D_CACHE_INVAL: 0
[max diff] DIFF LL_CACHE_RD: 5, DIFF LL_CACHE_MISS_RD: 5, MISS_RATE: 100.00%
[max diff] DIFF L2D_CACHE_REFILL: 5
[max diff] DIFF L2D_CACHE_INVAL: 0

===========================================================
taskpendcnt:185178
t0:1250 ns
t1:2833 ns
t2:98333 ns
benchmark: Franka-derived Cartesian-impedance kernel, input trace:8, timer period:1.000 ms
controller source: franka_ros2 jazzy@73a1501d, updates:185201, SVD sweeps:5
pose error:[0.010000 0.015000 0.010000 -0.000000 0.049979 -0.000000]
tau[0:6]:[0.839771 0.130674 0.617691 0.624912 0.653099 -0.592692 0.265887]
kernel exec min/avg/max: 94.21 / 95.52 / 100.92 us, samples:185210
pressure status:0, copy rounds total/window:0/0, 0.00 rounds/s
pressure logical copy:0.00 MiB total, approx 0.00 MiB/s, checksum:0
pressure report window:2.131373 s
t0_region>
[0]:2
[1]:185010
[2]:204
[3]:15
[4]:1

t1_region>
[2]:174601
[3]:10213
[4]:379
[5]:38
[6]:6

t2_region>
[97]:7683
[98]:173569
[99]:3503
[100]:390
[101]:69
[102]:17
[103]:10
[104]:2

t0_min: 0.96 us, round:80922
t0_max: 4.13 us, round:180954
t0_jitter: 3.17 us

t1_min: 2.58 us, round:463
t1_max: 6.79 us, round:12868
t1_jitter: 4.21 us

t2_min: 97.08 us, round:7442
t2_max: 104.88 us, round:26
t2_jitter: 7.79 us

PMU diff samples: 185270
AVG DIFF LL_CACHE_RD: 0.70
AVG DIFF LL_CACHE_MISS_RD: 0.03
AVG DIFF L2D_CACHE_REFILL: 0.03
AVG DIFF L2D_CACHE_INVAL: 0.00
[cur diff] DIFF LL_CACHE_RD: 0, DIFF LL_CACHE_MISS_RD: 0, MISS_RATE: 0.00%
[cur diff] DIFF L2D_CACHE_REFILL: 0
[cur diff] DIFF L2D_CACHE_INVAL: 0
[max diff] DIFF LL_CACHE_RD: 5, DIFF LL_CACHE_MISS_RD: 5, MISS_RATE: 100.00%
[max diff] DIFF L2D_CACHE_REFILL: 5
[max diff] DIFF L2D_CACHE_INVAL: 0

===========================================================
taskpendcnt:187310
t0:1458 ns
t1:3041 ns
t2:98833 ns
benchmark: Franka-derived Cartesian-impedance kernel, input trace:8, timer period:1.000 ms
controller source: franka_ros2 jazzy@73a1501d, updates:187333, SVD sweeps:5
pose error:[0.010000 0.015000 0.010000 -0.000000 0.049979 -0.000000]
tau[0:6]:[-0.567483 -0.552304 -0.482512 -0.231067 -0.297494 -0.656094 -0.085004]
kernel exec min/avg/max: 94.21 / 95.52 / 100.92 us, samples:187343
pressure status:0, copy rounds total/window:0/0, 0.00 rounds/s
pressure logical copy:0.00 MiB total, approx 0.00 MiB/s, checksum:0
pressure report window:2.132412 s
t0_region>
[0]:2
[1]:187141
[2]:206
[3]:15
[4]:1

t1_region>
[2]:176613
[3]:10331
[4]:381
[5]:38
[6]:6

t2_region>
[97]:7683
[98]:175664
[99]:3537
[100]:392
[101]:70
[102]:17
[103]:10
[104]:2

t0_min: 0.96 us, round:80922
t0_max: 4.13 us, round:180954
t0_jitter: 3.17 us

t1_min: 2.58 us, round:463
t1_max: 6.79 us, round:12868
t1_jitter: 4.21 us

t2_min: 97.08 us, round:7442
t2_max: 104.88 us, round:26
t2_jitter: 7.79 us

PMU diff samples: 187403
AVG DIFF LL_CACHE_RD: 0.70
AVG DIFF LL_CACHE_MISS_RD: 0.03
AVG DIFF L2D_CACHE_REFILL: 0.03
AVG DIFF L2D_CACHE_INVAL: 0.00
[cur diff] DIFF LL_CACHE_RD: 1, DIFF LL_CACHE_MISS_RD: 0, MISS_RATE: 0.00%
[cur diff] DIFF L2D_CACHE_REFILL: 0
[cur diff] DIFF L2D_CACHE_INVAL: 0
[max diff] DIFF LL_CACHE_RD: 5, DIFF LL_CACHE_MISS_RD: 5, MISS_RATE: 100.00%
[max diff] DIFF L2D_CACHE_REFILL: 5
[max diff] DIFF L2D_CACHE_INVAL: 0

===========================================================
taskpendcnt:189442
t0:1541 ns
t1:2833 ns
t2:98458 ns
benchmark: Franka-derived Cartesian-impedance kernel, input trace:8, timer period:1.000 ms
controller source: franka_ros2 jazzy@73a1501d, updates:189465, SVD sweeps:5
pose error:[0.010000 0.015000 0.010000 -0.000000 0.049979 -0.000000]
tau[0:6]:[-0.274004 -0.324180 0.001577 -0.231466 0.050986 -0.328952 0.010844]
kernel exec min/avg/max: 94.21 / 95.52 / 100.92 us, samples:189474
pressure status:0, copy rounds total/window:0/0, 0.00 rounds/s
pressure logical copy:0.00 MiB total, approx 0.00 MiB/s, checksum:0
pressure report window:2.131633 s
t0_region>
[0]:2
[1]:189268
[2]:210
[3]:15
[4]:1

t1_region>
[2]:178634
[3]:10440
[4]:383
[5]:38
[6]:6

t2_region>
[97]:7683
[98]:177687
[99]:3645
[100]:393
[101]:70
[102]:17
[103]:10
[104]:2

t0_min: 0.96 us, round:80922
t0_max: 4.13 us, round:180954
t0_jitter: 3.17 us

t1_min: 2.58 us, round:463
t1_max: 6.79 us, round:12868
t1_jitter: 4.21 us

t2_min: 97.08 us, round:7442
t2_max: 104.88 us, round:26
t2_jitter: 7.79 us

PMU diff samples: 189534
AVG DIFF LL_CACHE_RD: 0.69
AVG DIFF LL_CACHE_MISS_RD: 0.03
AVG DIFF L2D_CACHE_REFILL: 0.03
AVG DIFF L2D_CACHE_INVAL: 0.00
[cur diff] DIFF LL_CACHE_RD: 1, DIFF LL_CACHE_MISS_RD: 0, MISS_RATE: 0.00%
[cur diff] DIFF L2D_CACHE_REFILL: 0
[cur diff] DIFF L2D_CACHE_INVAL: 0
[max diff] DIFF LL_CACHE_RD: 5, DIFF LL_CACHE_MISS_RD: 5, MISS_RATE: 100.00%
[max diff] DIFF L2D_CACHE_REFILL: 5
[max diff] DIFF L2D_CACHE_INVAL: 0

===========================================================
taskpendcnt:191574
t0:1458 ns
t1:3041 ns
t2:98541 ns
benchmark: Franka-derived Cartesian-impedance kernel, input trace:8, timer period:1.000 ms
controller source: franka_ros2 jazzy@73a1501d, updates:191597, SVD sweeps:5
pose error:[0.010000 0.015000 0.010000 -0.000000 0.049979 -0.000000]
tau[0:6]:[-0.567483 -0.552304 -0.482512 -0.231067 -0.297494 -0.656094 -0.085004]
kernel exec min/avg/max: 94.21 / 95.52 / 100.92 us, samples:191606
pressure status:0, copy rounds total/window:0/0, 0.00 rounds/s
pressure logical copy:0.00 MiB total, approx 0.00 MiB/s, checksum:0
pressure report window:2.132152 s
t0_region>
[0]:2
[1]:191396
[2]:213
[3]:16
[4]:1

t1_region>
[2]:180634
[3]:10569
[4]:386
[5]:39
[6]:6

t2_region>
[97]:7683
[98]:179745
[99]:3714
[100]:397
[101]:71
[102]:17
[103]:10
[104]:2

t0_min: 0.96 us, round:80922
t0_max: 4.13 us, round:180954
t0_jitter: 3.17 us

t1_min: 2.58 us, round:463
t1_max: 6.79 us, round:12868
t1_jitter: 4.21 us

t2_min: 97.08 us, round:7442
t2_max: 104.88 us, round:26
t2_jitter: 7.79 us

PMU diff samples: 191667
AVG DIFF LL_CACHE_RD: 0.69
AVG DIFF LL_CACHE_MISS_RD: 0.03
AVG DIFF L2D_CACHE_REFILL: 0.03
AVG DIFF L2D_CACHE_INVAL: 0.00
[cur diff] DIFF LL_CACHE_RD: 1, DIFF LL_CACHE_MISS_RD: 0, MISS_RATE: 0.00%
[cur diff] DIFF L2D_CACHE_REFILL: 0
[cur diff] DIFF L2D_CACHE_INVAL: 0
[max diff] DIFF LL_CACHE_RD: 5, DIFF LL_CACHE_MISS_RD: 5, MISS_RATE: 100.00%
[max diff] DIFF L2D_CACHE_REFILL: 5
[max diff] DIFF L2D_CACHE_INVAL: 0

===========================================================
taskpendcnt:193706
t0:1375 ns
t1:2958 ns
t2:98750 ns
benchmark: Franka-derived Cartesian-impedance kernel, input trace:8, timer period:1.000 ms
controller source: franka_ros2 jazzy@73a1501d, updates:193728, SVD sweeps:5
pose error:[0.010000 0.015000 0.010000 -0.000000 0.049979 -0.000000]
tau[0:6]:[-0.274004 -0.324180 0.001577 -0.231466 0.050986 -0.328952 0.010844]
kernel exec min/avg/max: 94.21 / 95.52 / 100.92 us, samples:193738
pressure status:0, copy rounds total/window:0/0, 0.00 rounds/s
pressure logical copy:0.00 MiB total, approx 0.00 MiB/s, checksum:0
pressure report window:2.131633 s
t0_region>
[0]:2
[1]:193527
[2]:214
[3]:16
[4]:1

t1_region>
[2]:182651
[3]:10682
[4]:387
[5]:39
[6]:6

t2_region>
[97]:7683
[98]:181840
[99]:3750
[100]:398
[101]:71
[102]:17
[103]:10
[104]:2

t0_min: 0.96 us, round:80922
t0_max: 4.13 us, round:180954
t0_jitter: 3.17 us

t1_min: 2.58 us, round:463
t1_max: 6.79 us, round:12868
t1_jitter: 4.21 us

t2_min: 97.08 us, round:7442
t2_max: 104.88 us, round:26
t2_jitter: 7.79 us

PMU diff samples: 193798
AVG DIFF LL_CACHE_RD: 0.69
AVG DIFF LL_CACHE_MISS_RD: 0.03
AVG DIFF L2D_CACHE_REFILL: 0.03
AVG DIFF L2D_CACHE_INVAL: 0.00
[cur diff] DIFF LL_CACHE_RD: 1, DIFF LL_CACHE_MISS_RD: 0, MISS_RATE: 0.00%
[cur diff] DIFF L2D_CACHE_REFILL: 0
[cur diff] DIFF L2D_CACHE_INVAL: 0
[max diff] DIFF LL_CACHE_RD: 5, DIFF LL_CACHE_MISS_RD: 5, MISS_RATE: 100.00%
[max diff] DIFF L2D_CACHE_REFILL: 5
[max diff] DIFF L2D_CACHE_INVAL: 0

===========================================================
taskpendcnt:195838
t0:1291 ns
t1:2875 ns
t2:98375 ns
benchmark: Franka-derived Cartesian-impedance kernel, input trace:8, timer period:1.000 ms
controller source: franka_ros2 jazzy@73a1501d, updates:195860, SVD sweeps:5
pose error:[0.010000 0.015000 0.010000 -0.000000 0.049979 -0.000000]
tau[0:6]:[-0.567483 -0.552304 -0.482512 -0.231067 -0.297494 -0.656094 -0.085004]
kernel exec min/avg/max: 94.21 / 95.52 / 100.92 us, samples:195870
pressure status:0, copy rounds total/window:0/0, 0.00 rounds/s
pressure logical copy:0.00 MiB total, approx 0.00 MiB/s, checksum:0
pressure report window:2.132154 s
t0_region>
[0]:3
[1]:195656
[2]:216
[3]:16
[4]:1

t1_region>
[2]:184657
[3]:10805
[4]:389
[5]:40
[6]:7

t2_region>
[97]:7683
[98]:183849
[99]:3869
[100]:399
[101]:72
[102]:19
[103]:10
[104]:2

t0_min: 0.96 us, round:80922
t0_max: 4.13 us, round:180954
t0_jitter: 3.17 us

t1_min: 2.58 us, round:463
t1_max: 6.79 us, round:12868
t1_jitter: 4.21 us

t2_min: 97.08 us, round:7442
t2_max: 104.88 us, round:26
t2_jitter: 7.79 us

PMU diff samples: 195930
AVG DIFF LL_CACHE_RD: 0.68
AVG DIFF LL_CACHE_MISS_RD: 0.03
AVG DIFF L2D_CACHE_REFILL: 0.03
AVG DIFF L2D_CACHE_INVAL: 0.00
[cur diff] DIFF LL_CACHE_RD: 2, DIFF LL_CACHE_MISS_RD: 0, MISS_RATE: 0.00%
[cur diff] DIFF L2D_CACHE_REFILL: 0
[cur diff] DIFF L2D_CACHE_INVAL: 0
[max diff] DIFF LL_CACHE_RD: 5, DIFF LL_CACHE_MISS_RD: 5, MISS_RATE: 100.00%
[max diff] DIFF L2D_CACHE_REFILL: 5
[max diff] DIFF L2D_CACHE_INVAL: 0

===========================================================
taskpendcnt:197970
t0:1500 ns
t1:3083 ns
t2:99166 ns
benchmark: Franka-derived Cartesian-impedance kernel, input trace:8, timer period:1.000 ms
controller source: franka_ros2 jazzy@73a1501d, updates:197992, SVD sweeps:5
pose error:[0.010000 0.015000 0.010000 -0.000000 0.049979 -0.000000]
tau[0:6]:[-0.274004 -0.324180 0.001577 -0.231466 0.050986 -0.328952 0.010844]
kernel exec min/avg/max: 94.21 / 95.52 / 100.92 us, samples:198002
pressure status:0, copy rounds total/window:0/0, 0.00 rounds/s
pressure logical copy:0.00 MiB total, approx 0.00 MiB/s, checksum:0
pressure report window:2.131687 s
t0_region>
[0]:3
[1]:197787
[2]:216
[3]:17
[4]:1

t1_region>
[2]:186688
[3]:10903
[4]:389
[5]:41
[6]:7

t2_region>
[97]:7683
[98]:185922
[99]:3928
[100]:399
[101]:72
[102]:20
[103]:10
[104]:2

t0_min: 0.96 us, round:80922
t0_max: 4.13 us, round:180954
t0_jitter: 3.17 us

t1_min: 2.58 us, round:463
t1_max: 6.79 us, round:12868
t1_jitter: 4.21 us

t2_min: 97.08 us, round:7442
t2_max: 104.88 us, round:26
t2_jitter: 7.79 us

PMU diff samples: 198062
AVG DIFF LL_CACHE_RD: 0.68
AVG DIFF LL_CACHE_MISS_RD: 0.03
AVG DIFF L2D_CACHE_REFILL: 0.03
AVG DIFF L2D_CACHE_INVAL: 0.00
[cur diff] DIFF LL_CACHE_RD: 1, DIFF LL_CACHE_MISS_RD: 0, MISS_RATE: 0.00%
[cur diff] DIFF L2D_CACHE_REFILL: 0
[cur diff] DIFF L2D_CACHE_INVAL: 0
[max diff] DIFF LL_CACHE_RD: 5, DIFF LL_CACHE_MISS_RD: 5, MISS_RATE: 100.00%
[max diff] DIFF L2D_CACHE_REFILL: 5
[max diff] DIFF L2D_CACHE_INVAL: 0

===========================================================
taskpendcnt:200101
t0:1416 ns
t1:3000 ns
t2:98500 ns
benchmark: Franka-derived Cartesian-impedance kernel, input trace:8, timer period:1.000 ms
controller source: franka_ros2 jazzy@73a1501d, updates:200124, SVD sweeps:5
pose error:[0.010000 0.015000 0.010000 -0.000000 0.049979 -0.000000]
tau[0:6]:[-0.567483 -0.552304 -0.482512 -0.231067 -0.297494 -0.656094 -0.085004]
kernel exec min/avg/max: 94.21 / 95.52 / 100.92 us, samples:200134
pressure status:0, copy rounds total/window:0/0, 0.00 rounds/s
pressure logical copy:0.00 MiB total, approx 0.00 MiB/s, checksum:0
pressure report window:2.132095 s
t0_region>
[0]:3
[1]:199915
[2]:220
[3]:17
[4]:1

t1_region>
[2]:188688
[3]:11029
[4]:396
[5]:41
[6]:7

t2_region>
[97]:7683
[98]:188004
[99]:3973
[100]:402
[101]:73
[102]:20
[103]:10
[104]:2

t0_min: 0.96 us, round:80922
t0_max: 4.13 us, round:180954
t0_jitter: 3.17 us

t1_min: 2.58 us, round:463
t1_max: 6.79 us, round:12868
t1_jitter: 4.21 us

t2_min: 97.08 us, round:7442
t2_max: 104.88 us, round:26
t2_jitter: 7.79 us

PMU diff samples: 200194
AVG DIFF LL_CACHE_RD: 0.67
AVG DIFF LL_CACHE_MISS_RD: 0.03
AVG DIFF L2D_CACHE_REFILL: 0.03
AVG DIFF L2D_CACHE_INVAL: 0.00
[cur diff] DIFF LL_CACHE_RD: 2, DIFF LL_CACHE_MISS_RD: 0, MISS_RATE: 0.00%
[cur diff] DIFF L2D_CACHE_REFILL: 0
[cur diff] DIFF L2D_CACHE_INVAL: 0
[max diff] DIFF LL_CACHE_RD: 5, DIFF LL_CACHE_MISS_RD: 5, MISS_RATE: 100.00%
[max diff] DIFF L2D_CACHE_REFILL: 5
[max diff] DIFF L2D_CACHE_INVAL: 0

===========================================================
taskpendcnt:202233
t0:1333 ns
t1:2916 ns
t2:98708 ns
benchmark: Franka-derived Cartesian-impedance kernel, input trace:8, timer period:1.000 ms
controller source: franka_ros2 jazzy@73a1501d, updates:202256, SVD sweeps:5
pose error:[0.010000 0.015000 0.010000 -0.000000 0.049979 -0.000000]
tau[0:6]:[-0.274004 -0.324180 0.001577 -0.231466 0.050986 -0.328952 0.010844]
kernel exec min/avg/max: 94.21 / 95.52 / 100.92 us, samples:202266
pressure status:0, copy rounds total/window:0/0, 0.00 rounds/s
pressure logical copy:0.00 MiB total, approx 0.00 MiB/s, checksum:0
pressure report window:2.131636 s
t0_region>
[0]:3
[1]:202045
[2]:222
[3]:17
[4]:1

t1_region>
[2]:190706
[3]:11138
[4]:399
[5]:42
[6]:7

t2_region>
[97]:7683
[98]:190099
[99]:4003
[100]:406
[101]:74
[102]:21
[103]:10
[104]:2

t0_min: 0.96 us, round:80922
t0_max: 4.13 us, round:180954
t0_jitter: 3.17 us

t1_min: 2.58 us, round:463
t1_max: 6.79 us, round:12868
t1_jitter: 4.21 us

t2_min: 97.08 us, round:7442
t2_max: 104.88 us, round:26
t2_jitter: 7.79 us

PMU diff samples: 202326
AVG DIFF LL_CACHE_RD: 0.67
AVG DIFF LL_CACHE_MISS_RD: 0.03
AVG DIFF L2D_CACHE_REFILL: 0.03
AVG DIFF L2D_CACHE_INVAL: 0.00
[cur diff] DIFF LL_CACHE_RD: 0, DIFF LL_CACHE_MISS_RD: 0, MISS_RATE: 0.00%
[cur diff] DIFF L2D_CACHE_REFILL: 0
[cur diff] DIFF L2D_CACHE_INVAL: 0
[max diff] DIFF LL_CACHE_RD: 5, DIFF LL_CACHE_MISS_RD: 5, MISS_RATE: 100.00%
[max diff] DIFF L2D_CACHE_REFILL: 5
[max diff] DIFF L2D_CACHE_INVAL: 0

===========================================================
taskpendcnt:204365
t0:1541 ns
t1:3125 ns
t2:98333 ns
benchmark: Franka-derived Cartesian-impedance kernel, input trace:8, timer period:1.000 ms
controller source: franka_ros2 jazzy@73a1501d, updates:204388, SVD sweeps:5
pose error:[0.010000 0.015000 0.010000 -0.000000 0.049979 -0.000000]
tau[0:6]:[-0.567483 -0.552304 -0.482512 -0.231067 -0.297494 -0.656094 -0.085004]
kernel exec min/avg/max: 94.21 / 95.53 / 100.92 us, samples:204398
pressure status:0, copy rounds total/window:0/0, 0.00 rounds/s
pressure logical copy:0.00 MiB total, approx 0.00 MiB/s, checksum:0
pressure report window:2.132153 s
t0_region>
[0]:3
[1]:204176
[2]:223
[3]:17
[4]:1

t1_region>
[2]:192730
[3]:11245
[4]:400
[5]:42
[6]:7

t2_region>
[97]:7683
[98]:192192
[99]:4040
[100]:408
[101]:74
[102]:21
[103]:10
[104]:2

t0_min: 0.96 us, round:80922
t0_max: 4.13 us, round:180954
t0_jitter: 3.17 us

t1_min: 2.58 us, round:463
t1_max: 6.79 us, round:12868
t1_jitter: 4.21 us

t2_min: 97.08 us, round:7442
t2_max: 104.88 us, round:26
t2_jitter: 7.79 us

PMU diff samples: 204458
AVG DIFF LL_CACHE_RD: 0.67
AVG DIFF LL_CACHE_MISS_RD: 0.03
AVG DIFF L2D_CACHE_REFILL: 0.03
AVG DIFF L2D_CACHE_INVAL: 0.00
[cur diff] DIFF LL_CACHE_RD: 1, DIFF LL_CACHE_MISS_RD: 0, MISS_RATE: 0.00%
[cur diff] DIFF L2D_CACHE_REFILL: 0
[cur diff] DIFF L2D_CACHE_INVAL: 0
[max diff] DIFF LL_CACHE_RD: 5, DIFF LL_CACHE_MISS_RD: 5, MISS_RATE: 100.00%
[max diff] DIFF L2D_CACHE_REFILL: 5
[max diff] DIFF L2D_CACHE_INVAL: 0

===========================================================
taskpendcnt:206497
t0:1458 ns
t1:3041 ns
t2:98541 ns
benchmark: Franka-derived Cartesian-impedance kernel, input trace:8, timer period:1.000 ms
controller source: franka_ros2 jazzy@73a1501d, updates:206520, SVD sweeps:5
pose error:[0.010000 0.015000 0.010000 -0.000000 0.049979 -0.000000]
tau[0:6]:[-0.274004 -0.324180 0.001577 -0.231466 0.050986 -0.328952 0.010844]
kernel exec min/avg/max: 94.21 / 95.53 / 100.92 us, samples:206529
pressure status:0, copy rounds total/window:0/0, 0.00 rounds/s
pressure logical copy:0.00 MiB total, approx 0.00 MiB/s, checksum:0
pressure report window:2.131636 s
t0_region>
[0]:3
[1]:206303
[2]:226
[3]:18
[4]:1

t1_region>
[2]:194720
[3]:11380
[4]:406
[5]:42
[6]:8

t2_region>
[97]:7683
[98]:194265
[99]:4092
[100]:412
[101]:76
[102]:22
[103]:10
[104]:2

t0_min: 0.96 us, round:80922
t0_max: 4.13 us, round:180954
t0_jitter: 3.17 us

t1_min: 2.58 us, round:463
t1_max: 6.79 us, round:12868
t1_jitter: 4.21 us

t2_min: 97.08 us, round:7442
t2_max: 104.88 us, round:26
t2_jitter: 7.79 us

PMU diff samples: 206590
AVG DIFF LL_CACHE_RD: 0.67
AVG DIFF LL_CACHE_MISS_RD: 0.03
AVG DIFF L2D_CACHE_REFILL: 0.03
AVG DIFF L2D_CACHE_INVAL: 0.00
[cur diff] DIFF LL_CACHE_RD: 1, DIFF LL_CACHE_MISS_RD: 0, MISS_RATE: 0.00%
[cur diff] DIFF L2D_CACHE_REFILL: 0
[cur diff] DIFF L2D_CACHE_INVAL: 0
[max diff] DIFF LL_CACHE_RD: 5, DIFF LL_CACHE_MISS_RD: 5, MISS_RATE: 100.00%
[max diff] DIFF L2D_CACHE_REFILL: 5
[max diff] DIFF L2D_CACHE_INVAL: 0

===========================================================
taskpendcnt:208629
t0:1541 ns
t1:2958 ns
t2:98458 ns
benchmark: Franka-derived Cartesian-impedance kernel, input trace:8, timer period:1.000 ms
controller source: franka_ros2 jazzy@73a1501d, updates:208652, SVD sweeps:5
pose error:[0.010000 0.015000 0.010000 -0.000000 0.049979 -0.000000]
tau[0:6]:[1.376914 -0.104433 0.790225 0.843903 0.642107 -0.956178 0.423547]
kernel exec min/avg/max: 94.21 / 95.53 / 100.92 us, samples:208661
pressure status:0, copy rounds total/window:0/0, 0.00 rounds/s
pressure logical copy:0.00 MiB total, approx 0.00 MiB/s, checksum:0
pressure report window:2.131720 s
t0_region>
[0]:3
[1]:208434
[2]:227
[3]:18
[4]:1

t1_region>
[2]:196729
[3]:11503
[4]:407
[5]:42
[6]:8

t2_region>
[97]:7683
[98]:196365
[99]:4123
[100]:413
[101]:76
[102]:22
[103]:10
[104]:2

t0_min: 0.96 us, round:80922
t0_max: 4.13 us, round:180954
t0_jitter: 3.17 us

t1_min: 2.58 us, round:463
t1_max: 6.79 us, round:12868
t1_jitter: 4.21 us

t2_min: 97.08 us, round:7442
t2_max: 104.88 us, round:26
t2_jitter: 7.79 us

PMU diff samples: 208721
AVG DIFF LL_CACHE_RD: 0.66
AVG DIFF LL_CACHE_MISS_RD: 0.03
AVG DIFF L2D_CACHE_REFILL: 0.03
AVG DIFF L2D_CACHE_INVAL: 0.00
[cur diff] DIFF LL_CACHE_RD: 1, DIFF LL_CACHE_MISS_RD: 0, MISS_RATE: 0.00%
[cur diff] DIFF L2D_CACHE_REFILL: 0
[cur diff] DIFF L2D_CACHE_INVAL: 0
[max diff] DIFF LL_CACHE_RD: 5, DIFF LL_CACHE_MISS_RD: 5, MISS_RATE: 100.00%
[max diff] DIFF L2D_CACHE_REFILL: 5
[max diff] DIFF L2D_CACHE_INVAL: 0

===========================================================
taskpendcnt:210761
t0:1166 ns
t1:3041 ns
t2:98541 ns
benchmark: Franka-derived Cartesian-impedance kernel, input trace:8, timer period:1.000 ms
controller source: franka_ros2 jazzy@73a1501d, updates:210784, SVD sweeps:5
pose error:[0.010000 0.015000 0.010000 -0.000000 0.049979 -0.000000]
tau[0:6]:[-1.839419 -0.921560 -1.193198 -1.195971 -0.861243 0.113634 -0.461388]
kernel exec min/avg/max: 94.21 / 95.53 / 100.92 us, samples:210793
pressure status:0, copy rounds total/window:0/0, 0.00 rounds/s
pressure logical copy:0.00 MiB total, approx 0.00 MiB/s, checksum:0
pressure report window:2.132243 s
t0_region>
[0]:3
[1]:210565
[2]:228
[3]:18
[4]:1

t1_region>
[2]:198741
[3]:11623
[4]:407
[5]:42
[6]:8

t2_region>
[97]:7683
[98]:198450
[99]:4170
[100]:413
[101]:76
[102]:22
[103]:10
[104]:2

t0_min: 0.96 us, round:80922
t0_max: 4.13 us, round:180954
t0_jitter: 3.17 us

t1_min: 2.58 us, round:463
t1_max: 6.79 us, round:12868
t1_jitter: 4.21 us

t2_min: 97.08 us, round:7442
t2_max: 104.88 us, round:26
t2_jitter: 7.79 us

PMU diff samples: 210853
AVG DIFF LL_CACHE_RD: 0.66
AVG DIFF LL_CACHE_MISS_RD: 0.03
AVG DIFF L2D_CACHE_REFILL: 0.03
AVG DIFF L2D_CACHE_INVAL: 0.00
[cur diff] DIFF LL_CACHE_RD: 1, DIFF LL_CACHE_MISS_RD: 0, MISS_RATE: 0.00%
[cur diff] DIFF L2D_CACHE_REFILL: 0
[cur diff] DIFF L2D_CACHE_INVAL: 0
[max diff] DIFF LL_CACHE_RD: 5, DIFF LL_CACHE_MISS_RD: 5, MISS_RATE: 100.00%
[max diff] DIFF L2D_CACHE_REFILL: 5
[max diff] DIFF L2D_CACHE_INVAL: 0

===========================================================
taskpendcnt:212893
t0:1375 ns
t1:2958 ns
t2:98458 ns
benchmark: Franka-derived Cartesian-impedance kernel, input trace:8, timer period:1.000 ms
controller source: franka_ros2 jazzy@73a1501d, updates:212915, SVD sweeps:5
pose error:[0.010000 0.015000 0.010000 -0.000000 0.049979 -0.000000]
tau[0:6]:[1.376914 -0.104433 0.790225 0.843903 0.642107 -0.956178 0.423547]
kernel exec min/avg/max: 94.21 / 95.53 / 100.92 us, samples:212925
pressure status:0, copy rounds total/window:0/0, 0.00 rounds/s
pressure logical copy:0.00 MiB total, approx 0.00 MiB/s, checksum:0
pressure report window:2.131550 s
t0_region>
[0]:3
[1]:212696
[2]:229
[3]:18
[4]:1

t1_region>
[2]:200765
[3]:11728
[4]:409
[5]:42
[6]:8

t2_region>
[97]:7683
[98]:200551
[99]:4199
[100]:415
[101]:76
[102]:22
[103]:10
[104]:2

t0_min: 0.96 us, round:80922
t0_max: 4.13 us, round:180954
t0_jitter: 3.17 us

t1_min: 2.58 us, round:463
t1_max: 6.79 us, round:12868
t1_jitter: 4.21 us

t2_min: 97.08 us, round:7442
t2_max: 104.88 us, round:26
t2_jitter: 7.79 us

PMU diff samples: 212985
AVG DIFF LL_CACHE_RD: 0.66
AVG DIFF LL_CACHE_MISS_RD: 0.03
AVG DIFF L2D_CACHE_REFILL: 0.03
AVG DIFF L2D_CACHE_INVAL: 0.00
[cur diff] DIFF LL_CACHE_RD: 1, DIFF LL_CACHE_MISS_RD: 0, MISS_RATE: 0.00%
[cur diff] DIFF L2D_CACHE_REFILL: 0
[cur diff] DIFF L2D_CACHE_INVAL: 0
[max diff] DIFF LL_CACHE_RD: 5, DIFF LL_CACHE_MISS_RD: 5, MISS_RATE: 100.00%
[max diff] DIFF L2D_CACHE_REFILL: 5
[max diff] DIFF L2D_CACHE_INVAL: 0

===========================================================
taskpendcnt:215025
t0:1583 ns
t1:2875 ns
t2:98375 ns
benchmark: Franka-derived Cartesian-impedance kernel, input trace:8, timer period:1.000 ms
controller source: franka_ros2 jazzy@73a1501d, updates:215047, SVD sweeps:5
pose error:[0.010000 0.015000 0.010000 -0.000000 0.049979 -0.000000]
tau[0:6]:[-1.839419 -0.921560 -1.193198 -1.195971 -0.861243 0.113634 -0.461388]
kernel exec min/avg/max: 94.21 / 95.53 / 100.92 us, samples:215057
pressure status:0, copy rounds total/window:0/0, 0.00 rounds/s
pressure logical copy:0.00 MiB total, approx 0.00 MiB/s, checksum:0
pressure report window:2.132240 s
t0_region>
[0]:3
[1]:214828
[2]:229
[3]:18
[4]:1

t1_region>
[2]:202793
[3]:11833
[4]:409
[5]:42
[6]:8

t2_region>
[97]:7683
[98]:202654
[99]:4228
[100]:415
[101]:76
[102]:22
[103]:10
[104]:2

t0_min: 0.96 us, round:80922
t0_max: 4.13 us, round:180954
t0_jitter: 3.17 us

t1_min: 2.58 us, round:463
t1_max: 6.79 us, round:12868
t1_jitter: 4.21 us

t2_min: 97.08 us, round:7442
t2_max: 104.88 us, round:26
t2_jitter: 7.79 us

PMU diff samples: 215117
AVG DIFF LL_CACHE_RD: 0.66
AVG DIFF LL_CACHE_MISS_RD: 0.03
AVG DIFF L2D_CACHE_REFILL: 0.03
AVG DIFF L2D_CACHE_INVAL: 0.00
[cur diff] DIFF LL_CACHE_RD: 3, DIFF LL_CACHE_MISS_RD: 1, MISS_RATE: 33.33%
[cur diff] DIFF L2D_CACHE_REFILL: 0
[cur diff] DIFF L2D_CACHE_INVAL: 0
[max diff] DIFF LL_CACHE_RD: 5, DIFF LL_CACHE_MISS_RD: 5, MISS_RATE: 100.00%
[max diff] DIFF L2D_CACHE_REFILL: 5
[max diff] DIFF L2D_CACHE_INVAL: 0

===========================================================
taskpendcnt:217157
t0:1208 ns
t1:2791 ns
t2:99166 ns
benchmark: Franka-derived Cartesian-impedance kernel, input trace:8, timer period:1.000 ms
controller source: franka_ros2 jazzy@73a1501d, updates:217179, SVD sweeps:5
pose error:[0.010000 0.015000 0.010000 -0.000000 0.049979 -0.000000]
tau[0:6]:[1.376914 -0.104433 0.790225 0.843903 0.642107 -0.956178 0.423547]
kernel exec min/avg/max: 94.21 / 95.53 / 100.92 us, samples:217189
pressure status:0, copy rounds total/window:0/0, 0.00 rounds/s
pressure logical copy:0.00 MiB total, approx 0.00 MiB/s, checksum:0
pressure report window:2.131581 s
t0_region>
[0]:3
[1]:216958
[2]:231
[3]:18
[4]:1

t1_region>
[2]:204813
[3]:11942
[4]:410
[5]:42
[6]:8

t2_region>
[97]:7683
[98]:204743
[99]:4269
[100]:416
[101]:76
[102]:22
[103]:10
[104]:2

t0_min: 0.96 us, round:80922
t0_max: 4.13 us, round:180954
t0_jitter: 3.17 us

t1_min: 2.58 us, round:463
t1_max: 6.79 us, round:12868
t1_jitter: 4.21 us

t2_min: 97.08 us, round:7442
t2_max: 104.88 us, round:26
t2_jitter: 7.79 us

PMU diff samples: 217249
AVG DIFF LL_CACHE_RD: 0.66
AVG DIFF LL_CACHE_MISS_RD: 0.03
AVG DIFF L2D_CACHE_REFILL: 0.03
AVG DIFF L2D_CACHE_INVAL: 0.00
[cur diff] DIFF LL_CACHE_RD: 0, DIFF LL_CACHE_MISS_RD: 0, MISS_RATE: 0.00%
[cur diff] DIFF L2D_CACHE_REFILL: 0
[cur diff] DIFF L2D_CACHE_INVAL: 0
[max diff] DIFF LL_CACHE_RD: 5, DIFF LL_CACHE_MISS_RD: 5, MISS_RATE: 100.00%
[max diff] DIFF L2D_CACHE_REFILL: 5
[max diff] DIFF L2D_CACHE_INVAL: 0

===========================================================
taskpendcnt:219289
t0:1125 ns
t1:3000 ns
t2:98500 ns
benchmark: Franka-derived Cartesian-impedance kernel, input trace:8, timer period:1.000 ms
controller source: franka_ros2 jazzy@73a1501d, updates:219311, SVD sweeps:5
pose error:[0.010000 0.015000 0.010000 -0.000000 0.049979 -0.000000]
tau[0:6]:[-1.839419 -0.921560 -1.193198 -1.195971 -0.861243 0.113634 -0.461388]
kernel exec min/avg/max: 94.21 / 95.53 / 100.92 us, samples:219321
pressure status:0, copy rounds total/window:0/0, 0.00 rounds/s
pressure logical copy:0.00 MiB total, approx 0.00 MiB/s, checksum:0
pressure report window:2.132204 s
t0_region>
[0]:3
[1]:219089
[2]:231
[3]:19
[4]:1

t1_region>
[2]:206830
[3]:12057
[4]:410
[5]:43
[6]:8

t2_region>
[97]:7683
[98]:206848
[99]:4297
[100]:417
[101]:76
[102]:22
[103]:10
[104]:2

t0_min: 0.96 us, round:80922
t0_max: 4.13 us, round:180954
t0_jitter: 3.17 us

t1_min: 2.58 us, round:463
t1_max: 6.79 us, round:12868
t1_jitter: 4.21 us

t2_min: 97.08 us, round:7442
t2_max: 104.88 us, round:26
t2_jitter: 7.79 us

PMU diff samples: 219381
AVG DIFF LL_CACHE_RD: 0.65
AVG DIFF LL_CACHE_MISS_RD: 0.03
AVG DIFF L2D_CACHE_REFILL: 0.03
AVG DIFF L2D_CACHE_INVAL: 0.00
[cur diff] DIFF LL_CACHE_RD: 2, DIFF LL_CACHE_MISS_RD: 0, MISS_RATE: 0.00%
[cur diff] DIFF L2D_CACHE_REFILL: 0
[cur diff] DIFF L2D_CACHE_INVAL: 0
[max diff] DIFF LL_CACHE_RD: 5, DIFF LL_CACHE_MISS_RD: 5, MISS_RATE: 100.00%
[max diff] DIFF L2D_CACHE_REFILL: 5
[max diff] DIFF L2D_CACHE_INVAL: 0

===========================================================
taskpendcnt:221420
t0:1333 ns
t1:2916 ns
t2:98708 ns
benchmark: Franka-derived Cartesian-impedance kernel, input trace:8, timer period:1.000 ms
controller source: franka_ros2 jazzy@73a1501d, updates:221443, SVD sweeps:5
pose error:[0.010000 0.015000 0.010000 -0.000000 0.049979 -0.000000]
tau[0:6]:[1.376914 -0.104433 0.790225 0.843903 0.642107 -0.956178 0.423547]
kernel exec min/avg/max: 94.21 / 95.53 / 100.92 us, samples:221452
pressure status:0, copy rounds total/window:0/0, 0.00 rounds/s
pressure logical copy:0.00 MiB total, approx 0.00 MiB/s, checksum:0
pressure report window:2.131546 s
t0_region>
[0]:3
[1]:221221
[2]:231
[3]:19
[4]:1

t1_region>
[2]:208821
[3]:12197
[4]:411
[5]:43
[6]:8

t2_region>
[97]:7683
[98]:208893
[99]:4380
[100]:418
[101]:76
[102]:23
[103]:10
[104]:2

t0_min: 0.96 us, round:80922
t0_max: 4.13 us, round:180954
t0_jitter: 3.17 us

t1_min: 2.58 us, round:463
t1_max: 6.79 us, round:12868
t1_jitter: 4.21 us

t2_min: 97.08 us, round:7442
t2_max: 104.88 us, round:26
t2_jitter: 7.79 us

PMU diff samples: 221513
AVG DIFF LL_CACHE_RD: 0.65
AVG DIFF LL_CACHE_MISS_RD: 0.03
AVG DIFF L2D_CACHE_REFILL: 0.03
AVG DIFF L2D_CACHE_INVAL: 0.00
[cur diff] DIFF LL_CACHE_RD: 0, DIFF LL_CACHE_MISS_RD: 0, MISS_RATE: 0.00%
[cur diff] DIFF L2D_CACHE_REFILL: 0
[cur diff] DIFF L2D_CACHE_INVAL: 0
[max diff] DIFF LL_CACHE_RD: 5, DIFF LL_CACHE_MISS_RD: 5, MISS_RATE: 100.00%
[max diff] DIFF L2D_CACHE_REFILL: 5
[max diff] DIFF L2D_CACHE_INVAL: 0

===========================================================
taskpendcnt:223552
t0:1250 ns
t1:2833 ns
t2:98625 ns
benchmark: Franka-derived Cartesian-impedance kernel, input trace:8, timer period:1.000 ms
controller source: franka_ros2 jazzy@73a1501d, updates:223575, SVD sweeps:5
pose error:[0.010000 0.015000 0.010000 -0.000000 0.049979 -0.000000]
tau[0:6]:[-1.839419 -0.921560 -1.193198 -1.195971 -0.861243 0.113634 -0.461388]
kernel exec min/avg/max: 94.21 / 95.53 / 100.92 us, samples:223585
pressure status:0, copy rounds total/window:0/0, 0.00 rounds/s
pressure logical copy:0.00 MiB total, approx 0.00 MiB/s, checksum:0
pressure report window:2.132251 s
t0_region>
[0]:3
[1]:223353
[2]:231
[3]:19
[4]:1

t1_region>
[2]:210838
[3]:12311
[4]:411
[5]:43
[6]:8

t2_region>
[97]:7683
[98]:210997
[99]:4408
[100]:418
[101]:76
[102]:23
[103]:10
[104]:2

t0_min: 0.96 us, round:80922
t0_max: 4.13 us, round:180954
t0_jitter: 3.17 us

t1_min: 2.58 us, round:463
t1_max: 6.79 us, round:12868
t1_jitter: 4.21 us

t2_min: 97.08 us, round:7442
t2_max: 104.88 us, round:26
t2_jitter: 7.79 us

PMU diff samples: 223645
AVG DIFF LL_CACHE_RD: 0.65
AVG DIFF LL_CACHE_MISS_RD: 0.03
AVG DIFF L2D_CACHE_REFILL: 0.03
AVG DIFF L2D_CACHE_INVAL: 0.00
[cur diff] DIFF LL_CACHE_RD: 0, DIFF LL_CACHE_MISS_RD: 0, MISS_RATE: 0.00%
[cur diff] DIFF L2D_CACHE_REFILL: 0
[cur diff] DIFF L2D_CACHE_INVAL: 0
[max diff] DIFF LL_CACHE_RD: 5, DIFF LL_CACHE_MISS_RD: 5, MISS_RATE: 100.00%
[max diff] DIFF L2D_CACHE_REFILL: 5
[max diff] DIFF L2D_CACHE_INVAL: 0

===========================================================
taskpendcnt:225684
t0:1166 ns
t1:3041 ns
t2:98541 ns
benchmark: Franka-derived Cartesian-impedance kernel, input trace:8, timer period:1.000 ms
controller source: franka_ros2 jazzy@73a1501d, updates:225707, SVD sweeps:5
pose error:[0.010000 0.015000 0.010000 -0.000000 0.049979 -0.000000]
tau[0:6]:[1.376914 -0.104433 0.790225 0.843903 0.642107 -0.956178 0.423547]
kernel exec min/avg/max: 94.21 / 95.53 / 100.92 us, samples:225716
pressure status:0, copy rounds total/window:0/0, 0.00 rounds/s
pressure logical copy:0.00 MiB total, approx 0.00 MiB/s, checksum:0
pressure report window:2.131539 s
t0_region>
[0]:3
[1]:225479
[2]:235
[3]:20
[4]:1

t1_region>
[2]:212858
[3]:12419
[4]:415
[5]:43
[6]:8

t2_region>
[97]:7683
[98]:213078
[99]:4456
[100]:421
[101]:76
[102]:23
[103]:10
[104]:2

t0_min: 0.96 us, round:80922
t0_max: 4.13 us, round:180954
t0_jitter: 3.17 us

t1_min: 2.58 us, round:463
t1_max: 6.79 us, round:12868
t1_jitter: 4.21 us

t2_min: 97.08 us, round:7442
t2_max: 104.88 us, round:26
t2_jitter: 7.79 us

PMU diff samples: 225776
AVG DIFF LL_CACHE_RD: 0.64
AVG DIFF LL_CACHE_MISS_RD: 0.03
AVG DIFF L2D_CACHE_REFILL: 0.03
AVG DIFF L2D_CACHE_INVAL: 0.00
[cur diff] DIFF LL_CACHE_RD: 1, DIFF LL_CACHE_MISS_RD: 0, MISS_RATE: 0.00%
[cur diff] DIFF L2D_CACHE_REFILL: 0
[cur diff] DIFF L2D_CACHE_INVAL: 0
[max diff] DIFF LL_CACHE_RD: 5, DIFF LL_CACHE_MISS_RD: 5, MISS_RATE: 100.00%
[max diff] DIFF L2D_CACHE_REFILL: 5
[max diff] DIFF L2D_CACHE_INVAL: 0

===========================================================
taskpendcnt:227816
t0:1375 ns
t1:2666 ns
t2:98458 ns
benchmark: Franka-derived Cartesian-impedance kernel, input trace:8, timer period:1.000 ms
controller source: franka_ros2 jazzy@73a1501d, updates:227839, SVD sweeps:5
pose error:[0.010000 0.015000 0.010000 -0.000000 0.049979 -0.000000]
tau[0:6]:[-2.379368 -1.292411 -1.655224 -1.570015 -1.185234 -0.066588 -0.610247]
kernel exec min/avg/max: 94.21 / 95.53 / 100.92 us, samples:227849
pressure status:0, copy rounds total/window:0/0, 0.00 rounds/s
pressure logical copy:0.00 MiB total, approx 0.00 MiB/s, checksum:0
pressure report window:2.132327 s
t0_region>
[0]:3
[1]:227612
[2]:235
[3]:20
[4]:1

t1_region>
[2]:214875
[3]:12534
[4]:416
[5]:43
[6]:8

t2_region>
[97]:7683
[98]:215122
[99]:4543
[100]:422
[101]:76
[102]:23
[103]:10
[104]:2

t0_min: 0.96 us, round:80922
t0_max: 4.13 us, round:180954
t0_jitter: 3.17 us

t1_min: 2.58 us, round:463
t1_max: 6.79 us, round:12868
t1_jitter: 4.21 us

t2_min: 97.08 us, round:7442
t2_max: 104.88 us, round:26
t2_jitter: 7.79 us

PMU diff samples: 227909
AVG DIFF LL_CACHE_RD: 0.64
AVG DIFF LL_CACHE_MISS_RD: 0.03
AVG DIFF L2D_CACHE_REFILL: 0.03
AVG DIFF L2D_CACHE_INVAL: 0.00
[cur diff] DIFF LL_CACHE_RD: 0, DIFF LL_CACHE_MISS_RD: 0, MISS_RATE: 0.00%
[cur diff] DIFF L2D_CACHE_REFILL: 0
[cur diff] DIFF L2D_CACHE_INVAL: 0
[max diff] DIFF LL_CACHE_RD: 5, DIFF LL_CACHE_MISS_RD: 5, MISS_RATE: 100.00%
[max diff] DIFF L2D_CACHE_REFILL: 5
[max diff] DIFF L2D_CACHE_INVAL: 0

===========================================================
taskpendcnt:229948
t0:1166 ns
t1:2750 ns
t2:99250 ns
benchmark: Franka-derived Cartesian-impedance kernel, input trace:8, timer period:1.000 ms
controller source: franka_ros2 jazzy@73a1501d, updates:229971, SVD sweeps:5
pose error:[0.010000 0.015000 0.010000 -0.000000 0.049979 -0.000000]
tau[0:6]:[1.228026 0.081850 0.819520 0.875435 0.745706 -0.833381 0.398995]
kernel exec min/avg/max: 94.21 / 95.53 / 100.92 us, samples:229980
pressure status:0, copy rounds total/window:0/0, 0.00 rounds/s
pressure logical copy:0.00 MiB total, approx 0.00 MiB/s, checksum:0
pressure report window:2.131376 s
t0_region>
[0]:3
[1]:229742
[2]:236
[3]:20
[4]:1

t1_region>
[2]:216884
[3]:12653
[4]:417
[5]:44
[6]:8

t2_region>
[97]:7683
[98]:217200
[99]:4594
[100]:424
[101]:77
[102]:23
[103]:10
[104]:2

t0_min: 0.96 us, round:80922
t0_max: 4.13 us, round:180954
t0_jitter: 3.17 us

t1_min: 2.58 us, round:463
t1_max: 6.79 us, round:12868
t1_jitter: 4.21 us

t2_min: 97.08 us, round:7442
t2_max: 104.88 us, round:26
t2_jitter: 7.79 us

PMU diff samples: 230040
AVG DIFF LL_CACHE_RD: 0.64
AVG DIFF LL_CACHE_MISS_RD: 0.03
AVG DIFF L2D_CACHE_REFILL: 0.03
AVG DIFF L2D_CACHE_INVAL: 0.00
[cur diff] DIFF LL_CACHE_RD: 2, DIFF LL_CACHE_MISS_RD: 1, MISS_RATE: 50.00%
[cur diff] DIFF L2D_CACHE_REFILL: 0
[cur diff] DIFF L2D_CACHE_INVAL: 0
[max diff] DIFF LL_CACHE_RD: 5, DIFF LL_CACHE_MISS_RD: 5, MISS_RATE: 100.00%
[max diff] DIFF L2D_CACHE_REFILL: 5
[max diff] DIFF L2D_CACHE_INVAL: 0

===========================================================
taskpendcnt:232080
t0:1083 ns
t1:2958 ns
t2:98458 ns
benchmark: Franka-derived Cartesian-impedance kernel, input trace:8, timer period:1.000 ms
controller source: franka_ros2 jazzy@73a1501d, updates:232103, SVD sweeps:5
pose error:[0.010000 0.015000 0.010000 -0.000000 0.049979 -0.000000]
tau[0:6]:[-2.379368 -1.292411 -1.655224 -1.570015 -1.185234 -0.066588 -0.610247]
kernel exec min/avg/max: 94.21 / 95.54 / 100.92 us, samples:232112
pressure status:0, copy rounds total/window:0/0, 0.00 rounds/s
pressure logical copy:0.00 MiB total, approx 0.00 MiB/s, checksum:0
pressure report window:2.132412 s
t0_region>
[0]:3
[1]:231870
[2]:240
[3]:20
[4]:1

t1_region>
[2]:218904
[3]:12762
[4]:420
[5]:45
[6]:8

t2_region>
[97]:7683
[98]:219263
[99]:4661
[100]:426
[101]:77
[102]:23
[103]:10
[104]:2

t0_min: 0.96 us, round:80922
t0_max: 4.13 us, round:180954
t0_jitter: 3.17 us

t1_min: 2.58 us, round:463
t1_max: 6.79 us, round:12868
t1_jitter: 4.21 us

t2_min: 97.08 us, round:7442
t2_max: 104.88 us, round:26
t2_jitter: 7.79 us

PMU diff samples: 232173
AVG DIFF LL_CACHE_RD: 0.64
AVG DIFF LL_CACHE_MISS_RD: 0.03
AVG DIFF L2D_CACHE_REFILL: 0.03
AVG DIFF L2D_CACHE_INVAL: 0.00
[cur diff] DIFF LL_CACHE_RD: 0, DIFF LL_CACHE_MISS_RD: 0, MISS_RATE: 0.00%
[cur diff] DIFF L2D_CACHE_REFILL: 0
[cur diff] DIFF L2D_CACHE_INVAL: 0
[max diff] DIFF LL_CACHE_RD: 5, DIFF LL_CACHE_MISS_RD: 5, MISS_RATE: 100.00%
[max diff] DIFF L2D_CACHE_REFILL: 5
[max diff] DIFF L2D_CACHE_INVAL: 0

===========================================================
taskpendcnt:234212
t0:1291 ns
t1:2875 ns
t2:98375 ns
benchmark: Franka-derived Cartesian-impedance kernel, input trace:8, timer period:1.000 ms
controller source: franka_ros2 jazzy@73a1501d, updates:234234, SVD sweeps:5
pose error:[0.010000 0.015000 0.010000 -0.000000 0.049979 -0.000000]
tau[0:6]:[1.228026 0.081850 0.819520 0.875435 0.745706 -0.833381 0.398995]
kernel exec min/avg/max: 94.21 / 95.54 / 100.92 us, samples:234244
pressure status:0, copy rounds total/window:0/0, 0.00 rounds/s
pressure logical copy:0.00 MiB total, approx 0.00 MiB/s, checksum:0
pressure report window:2.131376 s
t0_region>
[0]:4
[1]:234000
[2]:240
[3]:21
[4]:1

t1_region>
[2]:220916
[3]:12881
[4]:420
[5]:46
[6]:8

t2_region>
[97]:7683
[98]:221337
[99]:4717
[100]:426
[101]:78
[102]:23
[103]:10
[104]:2

t0_min: 0.96 us, round:80922
t0_max: 4.13 us, round:180954
t0_jitter: 3.17 us

t1_min: 2.58 us, round:463
t1_max: 6.79 us, round:12868
t1_jitter: 4.21 us

t2_min: 97.08 us, round:7442
t2_max: 104.88 us, round:26
t2_jitter: 7.79 us

PMU diff samples: 234304
AVG DIFF LL_CACHE_RD: 0.63
AVG DIFF LL_CACHE_MISS_RD: 0.03
AVG DIFF L2D_CACHE_REFILL: 0.03
AVG DIFF L2D_CACHE_INVAL: 0.00
[cur diff] DIFF LL_CACHE_RD: 2, DIFF LL_CACHE_MISS_RD: 0, MISS_RATE: 0.00%
[cur diff] DIFF L2D_CACHE_REFILL: 0
[cur diff] DIFF L2D_CACHE_INVAL: 0
[max diff] DIFF LL_CACHE_RD: 5, DIFF LL_CACHE_MISS_RD: 5, MISS_RATE: 100.00%
[max diff] DIFF L2D_CACHE_REFILL: 5
[max diff] DIFF L2D_CACHE_INVAL: 0

===========================================================
taskpendcnt:236344
t0:1208 ns
t1:2791 ns
t2:98583 ns
benchmark: Franka-derived Cartesian-impedance kernel, input trace:8, timer period:1.000 ms
controller source: franka_ros2 jazzy@73a1501d, updates:236366, SVD sweeps:5
pose error:[0.010000 0.015000 0.010000 -0.000000 0.049979 -0.000000]
tau[0:6]:[-2.379368 -1.292411 -1.655224 -1.570015 -1.185234 -0.066588 -0.610247]
kernel exec min/avg/max: 94.21 / 95.54 / 100.92 us, samples:236376
pressure status:0, copy rounds total/window:0/0, 0.00 rounds/s
pressure logical copy:0.00 MiB total, approx 0.00 MiB/s, checksum:0
pressure report window:2.132414 s
t0_region>
[0]:4
[1]:236129
[2]:243
[3]:21
[4]:1

t1_region>
[2]:222936
[3]:12990
[4]:424
[5]:46
[6]:8

t2_region>
[97]:7683
[98]:223365
[99]:4820
[100]:428
[101]:78
[102]:23
[103]:10
[104]:2

t0_min: 0.96 us, round:80922
t0_max: 4.13 us, round:180954
t0_jitter: 3.17 us

t1_min: 2.58 us, round:463
t1_max: 6.79 us, round:12868
t1_jitter: 4.21 us

t2_min: 97.08 us, round:7442
t2_max: 104.88 us, round:26
t2_jitter: 7.79 us

PMU diff samples: 236436
AVG DIFF LL_CACHE_RD: 0.63
AVG DIFF LL_CACHE_MISS_RD: 0.03
AVG DIFF L2D_CACHE_REFILL: 0.03
AVG DIFF L2D_CACHE_INVAL: 0.00
[cur diff] DIFF LL_CACHE_RD: 1, DIFF LL_CACHE_MISS_RD: 0, MISS_RATE: 0.00%
[cur diff] DIFF L2D_CACHE_REFILL: 0
[cur diff] DIFF L2D_CACHE_INVAL: 0
[max diff] DIFF LL_CACHE_RD: 5, DIFF LL_CACHE_MISS_RD: 5, MISS_RATE: 100.00%
[max diff] DIFF L2D_CACHE_REFILL: 5
[max diff] DIFF L2D_CACHE_INVAL: 0

===========================================================
taskpendcnt:238476
t0:1416 ns
t1:3000 ns
t2:99083 ns
benchmark: Franka-derived Cartesian-impedance kernel, input trace:8, timer period:1.000 ms
controller source: franka_ros2 jazzy@73a1501d, updates:238498, SVD sweeps:5
pose error:[0.010000 0.015000 0.010000 -0.000000 0.049979 -0.000000]
tau[0:6]:[1.228026 0.081850 0.819520 0.875435 0.745706 -0.833381 0.398995]
kernel exec min/avg/max: 94.21 / 95.54 / 100.92 us, samples:238508
pressure status:0, copy rounds total/window:0/0, 0.00 rounds/s
pressure logical copy:0.00 MiB total, approx 0.00 MiB/s, checksum:0
pressure report window:2.131443 s
t0_region>
[0]:4
[1]:238260
[2]:244
[3]:21
[4]:1

t1_region>
[2]:224951
[3]:13105
[4]:425
[5]:46
[6]:8

t2_region>
[97]:7683
[98]:225394
[99]:4919
[100]:431
[101]:78
[102]:23
[103]:10
[104]:2

t0_min: 0.96 us, round:80922
t0_max: 4.13 us, round:180954
t0_jitter: 3.17 us

t1_min: 2.58 us, round:463
t1_max: 6.79 us, round:12868
t1_jitter: 4.21 us

t2_min: 97.08 us, round:7442
t2_max: 104.88 us, round:26
t2_jitter: 7.79 us

PMU diff samples: 238568
AVG DIFF LL_CACHE_RD: 0.63
AVG DIFF LL_CACHE_MISS_RD: 0.03
AVG DIFF L2D_CACHE_REFILL: 0.03
AVG DIFF L2D_CACHE_INVAL: 0.00
[cur diff] DIFF LL_CACHE_RD: 1, DIFF LL_CACHE_MISS_RD: 0, MISS_RATE: 0.00%
[cur diff] DIFF L2D_CACHE_REFILL: 0
[cur diff] DIFF L2D_CACHE_INVAL: 0
[max diff] DIFF LL_CACHE_RD: 5, DIFF LL_CACHE_MISS_RD: 5, MISS_RATE: 100.00%
[max diff] DIFF L2D_CACHE_REFILL: 5
[max diff] DIFF L2D_CACHE_INVAL: 0

===========================================================
taskpendcnt:240607
t0:1625 ns
t1:2916 ns
t2:98416 ns
benchmark: Franka-derived Cartesian-impedance kernel, input trace:8, timer period:1.000 ms
controller source: franka_ros2 jazzy@73a1501d, updates:240630, SVD sweeps:5
pose error:[0.010000 0.015000 0.010000 -0.000000 0.049979 -0.000000]
tau[0:6]:[-2.379368 -1.292411 -1.655224 -1.570015 -1.185234 -0.066588 -0.610247]
kernel exec min/avg/max: 94.21 / 95.54 / 100.92 us, samples:240640
pressure status:0, copy rounds total/window:0/0, 0.00 rounds/s
pressure logical copy:0.00 MiB total, approx 0.00 MiB/s, checksum:0
pressure report window:2.132341 s
t0_region>
[0]:4
[1]:240386
[2]:250
[3]:21
[4]:1

t1_region>
[2]:226965
[3]:13218
[4]:429
[5]:46
[6]:8

t2_region>
[97]:7683
[98]:227461
[99]:4980
[100]:436
[101]:78
[102]:23
[103]:10
[104]:2

t0_min: 0.96 us, round:80922
t0_max: 4.13 us, round:180954
t0_jitter: 3.17 us

t1_min: 2.58 us, round:463
t1_max: 6.79 us, round:12868
t1_jitter: 4.21 us

t2_min: 97.08 us, round:7442
t2_max: 104.88 us, round:26
t2_jitter: 7.79 us

PMU diff samples: 240700
AVG DIFF LL_CACHE_RD: 0.63
AVG DIFF LL_CACHE_MISS_RD: 0.03
AVG DIFF L2D_CACHE_REFILL: 0.03
AVG DIFF L2D_CACHE_INVAL: 0.00
[cur diff] DIFF LL_CACHE_RD: 1, DIFF LL_CACHE_MISS_RD: 0, MISS_RATE: 0.00%
[cur diff] DIFF L2D_CACHE_REFILL: 0
[cur diff] DIFF L2D_CACHE_INVAL: 0
[max diff] DIFF LL_CACHE_RD: 5, DIFF LL_CACHE_MISS_RD: 5, MISS_RATE: 100.00%
[max diff] DIFF L2D_CACHE_REFILL: 5
[max diff] DIFF L2D_CACHE_INVAL: 0

===========================================================
taskpendcnt:242739
t0:1250 ns
t1:2833 ns
t2:98625 ns
benchmark: Franka-derived Cartesian-impedance kernel, input trace:8, timer period:1.000 ms
controller source: franka_ros2 jazzy@73a1501d, updates:242762, SVD sweeps:5
pose error:[0.010000 0.015000 0.010000 -0.000000 0.049979 -0.000000]
tau[0:6]:[1.228026 0.081850 0.819520 0.875435 0.745706 -0.833381 0.398995]
kernel exec min/avg/max: 94.21 / 95.54 / 100.92 us, samples:242771
pressure status:0, copy rounds total/window:0/0, 0.00 rounds/s
pressure logical copy:0.00 MiB total, approx 0.00 MiB/s, checksum:0
pressure report window:2.131373 s
t0_region>
[0]:4
[1]:242517
[2]:250
[3]:21
[4]:1

t1_region>
[2]:228997
[3]:13318
[4]:430
[5]:46
[6]:8

t2_region>
[97]:7683
[98]:229558
[99]:5013
[100]:437
[101]:78
[102]:23
[103]:10
[104]:2

t0_min: 0.96 us, round:80922
t0_max: 4.13 us, round:180954
t0_jitter: 3.17 us

t1_min: 2.58 us, round:463
t1_max: 6.79 us, round:12868
t1_jitter: 4.21 us

t2_min: 97.08 us, round:7442
t2_max: 104.88 us, round:26
t2_jitter: 7.79 us

PMU diff samples: 242831
AVG DIFF LL_CACHE_RD: 0.62
AVG DIFF LL_CACHE_MISS_RD: 0.03
AVG DIFF L2D_CACHE_REFILL: 0.03
AVG DIFF L2D_CACHE_INVAL: 0.00
[cur diff] DIFF LL_CACHE_RD: 1, DIFF LL_CACHE_MISS_RD: 0, MISS_RATE: 0.00%
[cur diff] DIFF L2D_CACHE_REFILL: 0
[cur diff] DIFF L2D_CACHE_INVAL: 0
[max diff] DIFF LL_CACHE_RD: 5, DIFF LL_CACHE_MISS_RD: 5, MISS_RATE: 100.00%
[max diff] DIFF L2D_CACHE_REFILL: 5
[max diff] DIFF L2D_CACHE_INVAL: 0

===========================================================
taskpendcnt:244871
t0:1166 ns
t1:2750 ns
t2:98541 ns
benchmark: Franka-derived Cartesian-impedance kernel, input trace:8, timer period:1.000 ms
controller source: franka_ros2 jazzy@73a1501d, updates:244894, SVD sweeps:5
pose error:[0.010000 0.015000 0.010000 -0.000000 0.049979 -0.000000]
tau[0:6]:[-2.379368 -1.292411 -1.655224 -1.570015 -1.185234 -0.066588 -0.610247]
kernel exec min/avg/max: 94.21 / 95.54 / 100.92 us, samples:244904
pressure status:0, copy rounds total/window:0/0, 0.00 rounds/s
pressure logical copy:0.00 MiB total, approx 0.00 MiB/s, checksum:0
pressure report window:2.132414 s
t0_region>
[0]:4
[1]:244647
[2]:253
[3]:21
[4]:1

t1_region>
[2]:231014
[3]:13431
[4]:432
[5]:46
[6]:8

t2_region>
[97]:7683
[98]:231587
[99]:5112
[100]:441
[101]:78
[102]:23
[103]:10
[104]:2

t0_min: 0.96 us, round:80922
t0_max: 4.13 us, round:180954
t0_jitter: 3.17 us

t1_min: 2.58 us, round:463
t1_max: 6.79 us, round:12868
t1_jitter: 4.21 us

t2_min: 97.08 us, round:7442
t2_max: 104.88 us, round:26
t2_jitter: 7.79 us

PMU diff samples: 244964
AVG DIFF LL_CACHE_RD: 0.62
AVG DIFF LL_CACHE_MISS_RD: 0.03
AVG DIFF L2D_CACHE_REFILL: 0.03
AVG DIFF L2D_CACHE_INVAL: 0.00
[cur diff] DIFF LL_CACHE_RD: 0, DIFF LL_CACHE_MISS_RD: 0, MISS_RATE: 0.00%
[cur diff] DIFF L2D_CACHE_REFILL: 0
[cur diff] DIFF L2D_CACHE_INVAL: 0
[max diff] DIFF LL_CACHE_RD: 5, DIFF LL_CACHE_MISS_RD: 5, MISS_RATE: 100.00%
[max diff] DIFF L2D_CACHE_REFILL: 5
[max diff] DIFF L2D_CACHE_INVAL: 0

===========================================================
taskpendcnt:247003
t0:1375 ns
t1:2958 ns
t2:98458 ns
benchmark: Franka-derived Cartesian-impedance kernel, input trace:8, timer period:1.000 ms
controller source: franka_ros2 jazzy@73a1501d, updates:247026, SVD sweeps:5
pose error:[0.010000 0.015000 0.010000 -0.000000 0.049979 -0.000000]
tau[0:6]:[1.228026 0.081850 0.819520 0.875435 0.745706 -0.833381 0.398995]
kernel exec min/avg/max: 94.21 / 95.54 / 100.92 us, samples:247035
pressure status:0, copy rounds total/window:0/0, 0.00 rounds/s
pressure logical copy:0.00 MiB total, approx 0.00 MiB/s, checksum:0
pressure report window:2.131374 s
t0_region>
[0]:4
[1]:246773
[2]:258
[3]:21
[4]:1

t1_region>
[2]:233027
[3]:13545
[4]:437
[5]:46
[6]:8

t2_region>
[97]:7683
[98]:233646
[99]:5180
[100]:445
[101]:79
[102]:23
[103]:10
[104]:2

t0_min: 0.96 us, round:80922
t0_max: 4.13 us, round:180954
t0_jitter: 3.17 us

t1_min: 2.58 us, round:463
t1_max: 6.79 us, round:12868
t1_jitter: 4.21 us

t2_min: 97.08 us, round:7442
t2_max: 104.88 us, round:26
t2_jitter: 7.79 us

PMU diff samples: 247095
AVG DIFF LL_CACHE_RD: 0.62
AVG DIFF LL_CACHE_MISS_RD: 0.03
AVG DIFF L2D_CACHE_REFILL: 0.03
AVG DIFF L2D_CACHE_INVAL: 0.00
[cur diff] DIFF LL_CACHE_RD: 3, DIFF LL_CACHE_MISS_RD: 0, MISS_RATE: 0.00%
[cur diff] DIFF L2D_CACHE_REFILL: 0
[cur diff] DIFF L2D_CACHE_INVAL: 0
[max diff] DIFF LL_CACHE_RD: 5, DIFF LL_CACHE_MISS_RD: 5, MISS_RATE: 100.00%
[max diff] DIFF L2D_CACHE_REFILL: 5
[max diff] DIFF L2D_CACHE_INVAL: 0

===========================================================
taskpendcnt:249135
t0:1166 ns
t1:2875 ns
t2:98375 ns
benchmark: Franka-derived Cartesian-impedance kernel, input trace:8, timer period:1.000 ms
controller source: franka_ros2 jazzy@73a1501d, updates:249158, SVD sweeps:5
pose error:[0.010000 0.015000 0.010000 -0.000000 0.049979 -0.000000]
tau[0:6]:[-2.781770 -1.613002 -1.930139 -1.581803 -1.382951 -0.390599 -0.663394]
kernel exec min/avg/max: 94.21 / 95.54 / 100.92 us, samples:249168
pressure status:0, copy rounds total/window:0/0, 0.00 rounds/s
pressure logical copy:0.00 MiB total, approx 0.00 MiB/s, checksum:0
pressure report window:2.132416 s
t0_region>
[0]:4
[1]:248906
[2]:258
[3]:21
[4]:1

t1_region>
[2]:235046
[3]:13657
[4]:438
[5]:46
[6]:8

t2_region>
[97]:7683
[98]:235730
[99]:5227
[100]:446
[101]:79
[102]:23
[103]:10
[104]:2

t0_min: 0.96 us, round:80922
t0_max: 4.13 us, round:180954
t0_jitter: 3.17 us

t1_min: 2.58 us, round:463
t1_max: 6.79 us, round:12868
t1_jitter: 4.21 us

t2_min: 97.08 us, round:7442
t2_max: 104.88 us, round:26
t2_jitter: 7.79 us

PMU diff samples: 249228
AVG DIFF LL_CACHE_RD: 0.61
AVG DIFF LL_CACHE_MISS_RD: 0.03
AVG DIFF L2D_CACHE_REFILL: 0.03
AVG DIFF L2D_CACHE_INVAL: 0.00
[cur diff] DIFF LL_CACHE_RD: 1, DIFF LL_CACHE_MISS_RD: 0, MISS_RATE: 0.00%
[cur diff] DIFF L2D_CACHE_REFILL: 0
[cur diff] DIFF L2D_CACHE_INVAL: 0
[max diff] DIFF LL_CACHE_RD: 5, DIFF LL_CACHE_MISS_RD: 5, MISS_RATE: 100.00%
[max diff] DIFF L2D_CACHE_REFILL: 5
[max diff] DIFF L2D_CACHE_INVAL: 0

===========================================================
taskpendcnt:251267
t0:1375 ns
t1:2958 ns
t2:98458 ns
benchmark: Franka-derived Cartesian-impedance kernel, input trace:8, timer period:1.000 ms
controller source: franka_ros2 jazzy@73a1501d, updates:251290, SVD sweeps:5
pose error:[0.010000 0.015000 0.010000 -0.000000 0.049979 -0.000000]
tau[0:6]:[0.839771 0.130674 0.617691 0.624912 0.653099 -0.592692 0.265887]
kernel exec min/avg/max: 94.21 / 95.54 / 100.92 us, samples:251299
pressure status:0, copy rounds total/window:0/0, 0.00 rounds/s
pressure logical copy:0.00 MiB total, approx 0.00 MiB/s, checksum:0
pressure report window:2.131374 s
t0_region>
[0]:4
[1]:251035
[2]:260
[3]:21
[4]:1

t1_region>
[2]:237047
[3]:13787
[4]:438
[5]:46
[6]:8

t2_region>
[97]:7683
[98]:237804
[99]:5283
[100]:448
[101]:79
[102]:23
[103]:10
[104]:2

t0_min: 0.96 us, round:80922
t0_max: 4.13 us, round:180954
t0_jitter: 3.17 us

t1_min: 2.58 us, round:463
t1_max: 6.79 us, round:12868
t1_jitter: 4.21 us

t2_min: 97.08 us, round:7442
t2_max: 104.88 us, round:26
t2_jitter: 7.79 us

PMU diff samples: 251359
AVG DIFF LL_CACHE_RD: 0.61
AVG DIFF LL_CACHE_MISS_RD: 0.03
AVG DIFF L2D_CACHE_REFILL: 0.03
AVG DIFF L2D_CACHE_INVAL: 0.00
[cur diff] DIFF LL_CACHE_RD: 0, DIFF LL_CACHE_MISS_RD: 0, MISS_RATE: 0.00%
[cur diff] DIFF L2D_CACHE_REFILL: 0
[cur diff] DIFF L2D_CACHE_INVAL: 0
[max diff] DIFF LL_CACHE_RD: 5, DIFF LL_CACHE_MISS_RD: 5, MISS_RATE: 100.00%
[max diff] DIFF L2D_CACHE_REFILL: 5
[max diff] DIFF L2D_CACHE_INVAL: 0

===========================================================
taskpendcnt:253399
t0:1291 ns
t1:2875 ns
t2:98666 ns
benchmark: Franka-derived Cartesian-impedance kernel, input trace:8, timer period:1.000 ms
controller source: franka_ros2 jazzy@73a1501d, updates:253421, SVD sweeps:5
pose error:[0.010000 0.015000 0.010000 -0.000000 0.049979 -0.000000]
tau[0:6]:[-2.781770 -1.613002 -1.930139 -1.581803 -1.382951 -0.390599 -0.663394]
kernel exec min/avg/max: 94.21 / 95.54 / 100.92 us, samples:253431
pressure status:0, copy rounds total/window:0/0, 0.00 rounds/s
pressure logical copy:0.00 MiB total, approx 0.00 MiB/s, checksum:0
pressure report window:2.132414 s
t0_region>
[0]:4
[1]:253167
[2]:260
[3]:21
[4]:1

t1_region>
[2]:239057
[3]:13907
[4]:440
[5]:46
[6]:8

t2_region>
[97]:7683
[98]:239894
[99]:5325
[100]:448
[101]:79
[102]:23
[103]:10
[104]:2

t0_min: 0.96 us, round:80922
t0_max: 4.13 us, round:180954
t0_jitter: 3.17 us

t1_min: 2.58 us, round:463
t1_max: 6.79 us, round:12868
t1_jitter: 4.21 us

t2_min: 97.08 us, round:7442
t2_max: 104.88 us, round:26
t2_jitter: 7.79 us

PMU diff samples: 253491
AVG DIFF LL_CACHE_RD: 0.61
AVG DIFF LL_CACHE_MISS_RD: 0.03
AVG DIFF L2D_CACHE_REFILL: 0.03
AVG DIFF L2D_CACHE_INVAL: 0.00
[cur diff] DIFF LL_CACHE_RD: 1, DIFF LL_CACHE_MISS_RD: 0, MISS_RATE: 0.00%
[cur diff] DIFF L2D_CACHE_REFILL: 0
[cur diff] DIFF L2D_CACHE_INVAL: 0
[max diff] DIFF LL_CACHE_RD: 5, DIFF LL_CACHE_MISS_RD: 5, MISS_RATE: 100.00%
[max diff] DIFF L2D_CACHE_REFILL: 5
[max diff] DIFF L2D_CACHE_INVAL: 0

===========================================================
taskpendcnt:255531
t0:1208 ns
t1:2791 ns
t2:98583 ns
benchmark: Franka-derived Cartesian-impedance kernel, input trace:8, timer period:1.000 ms
controller source: franka_ros2 jazzy@73a1501d, updates:255553, SVD sweeps:5
pose error:[0.010000 0.015000 0.010000 -0.000000 0.049979 -0.000000]
tau[0:6]:[0.839771 0.130674 0.617691 0.624912 0.653099 -0.592692 0.265887]
kernel exec min/avg/max: 94.21 / 95.54 / 100.92 us, samples:255563
pressure status:0, copy rounds total/window:0/0, 0.00 rounds/s
pressure logical copy:0.00 MiB total, approx 0.00 MiB/s, checksum:0
pressure report window:2.131408 s
t0_region>
[0]:4
[1]:255298
[2]:261
[3]:21
[4]:1

t1_region>
[2]:241069
[3]:14024
[4]:442
[5]:47
[6]:8

t2_region>
[97]:7683
[98]:241965
[99]:5382
[100]:449
[101]:81
[102]:23
[103]:10
[104]:2

t0_min: 0.96 us, round:80922
t0_max: 4.13 us, round:180954
t0_jitter: 3.17 us

t1_min: 2.58 us, round:463
t1_max: 6.79 us, round:12868
t1_jitter: 4.21 us

t2_min: 97.08 us, round:7442
t2_max: 104.88 us, round:26
t2_jitter: 7.79 us

PMU diff samples: 255623
AVG DIFF LL_CACHE_RD: 0.61
AVG DIFF LL_CACHE_MISS_RD: 0.03
AVG DIFF L2D_CACHE_REFILL: 0.03
AVG DIFF L2D_CACHE_INVAL: 0.00
[cur diff] DIFF LL_CACHE_RD: 2, DIFF LL_CACHE_MISS_RD: 0, MISS_RATE: 0.00%
[cur diff] DIFF L2D_CACHE_REFILL: 0
[cur diff] DIFF L2D_CACHE_INVAL: 0
[max diff] DIFF LL_CACHE_RD: 5, DIFF LL_CACHE_MISS_RD: 5, MISS_RATE: 100.00%
[max diff] DIFF L2D_CACHE_REFILL: 5
[max diff] DIFF L2D_CACHE_INVAL: 0

===========================================================
taskpendcnt:257663
t0:1125 ns
t1:3000 ns
t2:99083 ns
benchmark: Franka-derived Cartesian-impedance kernel, input trace:8, timer period:1.000 ms
controller source: franka_ros2 jazzy@73a1501d, updates:257685, SVD sweeps:5
pose error:[0.010000 0.015000 0.010000 -0.000000 0.049979 -0.000000]
tau[0:6]:[-2.781770 -1.613002 -1.930139 -1.581803 -1.382951 -0.390599 -0.663394]
kernel exec min/avg/max: 94.21 / 95.54 / 100.92 us, samples:257695
pressure status:0, copy rounds total/window:0/0, 0.00 rounds/s
pressure logical copy:0.00 MiB total, approx 0.00 MiB/s, checksum:0
pressure report window:2.132407 s
t0_region>
[0]:4
[1]:257427
[2]:264
[3]:21
[4]:1

t1_region>
[2]:243085
[3]:14138
[4]:444
[5]:47
[6]:8

t2_region>
[97]:7683
[98]:244015
[99]:5464
[100]:450
[101]:81
[102]:23
[103]:10
[104]:2

t0_min: 0.96 us, round:80922
t0_max: 4.13 us, round:180954
t0_jitter: 3.17 us

t1_min: 2.58 us, round:463
t1_max: 6.79 us, round:12868
t1_jitter: 4.21 us

t2_min: 97.08 us, round:7442
t2_max: 104.88 us, round:26
t2_jitter: 7.79 us

PMU diff samples: 257755
AVG DIFF LL_CACHE_RD: 0.61
AVG DIFF LL_CACHE_MISS_RD: 0.03
AVG DIFF L2D_CACHE_REFILL: 0.03
AVG DIFF L2D_CACHE_INVAL: 0.00
[cur diff] DIFF LL_CACHE_RD: 1, DIFF LL_CACHE_MISS_RD: 0, MISS_RATE: 0.00%
[cur diff] DIFF L2D_CACHE_REFILL: 0
[cur diff] DIFF L2D_CACHE_INVAL: 0
[max diff] DIFF LL_CACHE_RD: 5, DIFF LL_CACHE_MISS_RD: 5, MISS_RATE: 100.00%
[max diff] DIFF L2D_CACHE_REFILL: 5
[max diff] DIFF L2D_CACHE_INVAL: 0

===========================================================
taskpendcnt:259795
t0:1333 ns
t1:2916 ns
t2:98416 ns
benchmark: Franka-derived Cartesian-impedance kernel, input trace:8, timer period:1.000 ms
controller source: franka_ros2 jazzy@73a1501d, updates:259817, SVD sweeps:5
pose error:[0.010000 0.015000 0.010000 -0.000000 0.049979 -0.000000]
tau[0:6]:[0.839771 0.130674 0.617691 0.624912 0.653099 -0.592692 0.265887]
kernel exec min/avg/max: 94.21 / 95.54 / 100.92 us, samples:259826
pressure status:0, copy rounds total/window:0/0, 0.00 rounds/s
pressure logical copy:0.00 MiB total, approx 0.00 MiB/s, checksum:0
pressure report window:2.131342 s
t0_region>
[0]:4
[1]:259555
[2]:267
[3]:22
[4]:1

t1_region>
[2]:245081
[3]:14268
[4]:447
[5]:49
[6]:8

t2_region>
[97]:7683
[98]:246128
[99]:5476
[100]:453
[101]:84
[102]:23
[103]:10
[104]:2

t0_min: 0.96 us, round:80922
t0_max: 4.13 us, round:180954
t0_jitter: 3.17 us

t1_min: 2.58 us, round:463
t1_max: 6.79 us, round:12868
t1_jitter: 4.21 us

t2_min: 97.08 us, round:7442
t2_max: 104.88 us, round:26
t2_jitter: 7.79 us

PMU diff samples: 259887
AVG DIFF LL_CACHE_RD: 0.60
AVG DIFF LL_CACHE_MISS_RD: 0.03
AVG DIFF L2D_CACHE_REFILL: 0.03
AVG DIFF L2D_CACHE_INVAL: 0.00
[cur diff] DIFF LL_CACHE_RD: 1, DIFF LL_CACHE_MISS_RD: 0, MISS_RATE: 0.00%
[cur diff] DIFF L2D_CACHE_REFILL: 0
[cur diff] DIFF L2D_CACHE_INVAL: 0
[max diff] DIFF LL_CACHE_RD: 5, DIFF LL_CACHE_MISS_RD: 5, MISS_RATE: 100.00%
[max diff] DIFF L2D_CACHE_REFILL: 5
[max diff] DIFF L2D_CACHE_INVAL: 0

===========================================================
taskpendcnt:261926
t0:1250 ns
t1:3125 ns
t2:98625 ns
benchmark: Franka-derived Cartesian-impedance kernel, input trace:8, timer period:1.000 ms
controller source: franka_ros2 jazzy@73a1501d, updates:261949, SVD sweeps:5
pose error:[0.010000 0.015000 0.010000 -0.000000 0.049979 -0.000000]
tau[0:6]:[-2.781770 -1.613002 -1.930139 -1.581803 -1.382951 -0.390599 -0.663394]
kernel exec min/avg/max: 94.21 / 95.54 / 100.92 us, samples:261959
pressure status:0, copy rounds total/window:0/0, 0.00 rounds/s
pressure logical copy:0.00 MiB total, approx 0.00 MiB/s, checksum:0
pressure report window:2.132414 s
t0_region>
[0]:4
[1]:261684
[2]:270
[3]:22
[4]:1

t1_region>
[2]:247102
[3]:14376
[4]:450
[5]:49
[6]:8

t2_region>
[97]:7683
[98]:248199
[99]:5534
[100]:456
[101]:85
[102]:23
[103]:10
[104]:2

t0_min: 0.96 us, round:80922
t0_max: 4.13 us, round:180954
t0_jitter: 3.17 us

t1_min: 2.58 us, round:463
t1_max: 6.79 us, round:12868
t1_jitter: 4.21 us

t2_min: 97.08 us, round:7442
t2_max: 104.88 us, round:26
t2_jitter: 7.79 us

PMU diff samples: 262019
AVG DIFF LL_CACHE_RD: 0.60
AVG DIFF LL_CACHE_MISS_RD: 0.03
AVG DIFF L2D_CACHE_REFILL: 0.03
AVG DIFF L2D_CACHE_INVAL: 0.00
[cur diff] DIFF LL_CACHE_RD: 4, DIFF LL_CACHE_MISS_RD: 0, MISS_RATE: 0.00%
[cur diff] DIFF L2D_CACHE_REFILL: 0
[cur diff] DIFF L2D_CACHE_INVAL: 0
[max diff] DIFF LL_CACHE_RD: 5, DIFF LL_CACHE_MISS_RD: 5, MISS_RATE: 100.00%
[max diff] DIFF L2D_CACHE_REFILL: 5
[max diff] DIFF L2D_CACHE_INVAL: 0

===========================================================
taskpendcnt:264058
t0:1166 ns
t1:3041 ns
t2:99416 ns
benchmark: Franka-derived Cartesian-impedance kernel, input trace:8, timer period:1.000 ms
controller source: franka_ros2 jazzy@73a1501d, updates:264081, SVD sweeps:5
pose error:[0.010000 0.015000 0.010000 -0.000000 0.049979 -0.000000]
tau[0:6]:[0.839771 0.130674 0.617691 0.624912 0.653099 -0.592692 0.265887]
kernel exec min/avg/max: 94.21 / 95.55 / 100.92 us, samples:264090
pressure status:0, copy rounds total/window:0/0, 0.00 rounds/s
pressure logical copy:0.00 MiB total, approx 0.00 MiB/s, checksum:0
pressure report window:2.131376 s
t0_region>
[0]:4
[1]:263814
[2]:271
[3]:22
[4]:1

t1_region>
[2]:249140
[3]:14469
[4]:451
[5]:49
[6]:8

t2_region>
[97]:7683
[98]:250285
[99]:5578
[100]:457
[101]:85
[102]:23
[103]:10
[104]:2

t0_min: 0.96 us, round:80922
t0_max: 4.13 us, round:180954
t0_jitter: 3.17 us

t1_min: 2.58 us, round:463
t1_max: 6.79 us, round:12868
t1_jitter: 4.21 us

t2_min: 97.08 us, round:7442
t2_max: 104.88 us, round:26
t2_jitter: 7.79 us

PMU diff samples: 264150
AVG DIFF LL_CACHE_RD: 0.60
AVG DIFF LL_CACHE_MISS_RD: 0.03
AVG DIFF L2D_CACHE_REFILL: 0.03
AVG DIFF L2D_CACHE_INVAL: 0.00
[cur diff] DIFF LL_CACHE_RD: 2, DIFF LL_CACHE_MISS_RD: 0, MISS_RATE: 0.00%
[cur diff] DIFF L2D_CACHE_REFILL: 0
[cur diff] DIFF L2D_CACHE_INVAL: 0
[max diff] DIFF LL_CACHE_RD: 5, DIFF LL_CACHE_MISS_RD: 5, MISS_RATE: 100.00%
[max diff] DIFF L2D_CACHE_REFILL: 5
[max diff] DIFF L2D_CACHE_INVAL: 0

===========================================================
taskpendcnt:266190
t0:1083 ns
t1:2958 ns
t2:98458 ns
benchmark: Franka-derived Cartesian-impedance kernel, input trace:8, timer period:1.000 ms
controller source: franka_ros2 jazzy@73a1501d, updates:266213, SVD sweeps:5
pose error:[0.010000 0.015000 0.010000 -0.000000 0.049979 -0.000000]
tau[0:6]:[-2.781770 -1.613002 -1.930139 -1.581803 -1.382951 -0.390599 -0.663394]
kernel exec min/avg/max: 94.21 / 95.55 / 100.92 us, samples:266223
pressure status:0, copy rounds total/window:0/0, 0.00 rounds/s
pressure logical copy:0.00 MiB total, approx 0.00 MiB/s, checksum:0
pressure report window:2.132460 s
t0_region>
[0]:4
[1]:265946
[2]:272
[3]:22
[4]:1

t1_region>
[2]:251170
[3]:14570
[4]:453
[5]:49
[6]:8

t2_region>
[97]:7683
[98]:252336
[99]:5656
[100]:460
[101]:85
[102]:23
[103]:10
[104]:2

t0_min: 0.96 us, round:80922
t0_max: 4.13 us, round:180954
t0_jitter: 3.17 us

t1_min: 2.58 us, round:463
t1_max: 6.79 us, round:12868
t1_jitter: 4.21 us

t2_min: 97.08 us, round:7442
t2_max: 104.88 us, round:26
t2_jitter: 7.79 us

PMU diff samples: 266283
AVG DIFF LL_CACHE_RD: 0.60
AVG DIFF LL_CACHE_MISS_RD: 0.03
AVG DIFF L2D_CACHE_REFILL: 0.03
AVG DIFF L2D_CACHE_INVAL: 0.00
[cur diff] DIFF LL_CACHE_RD: 0, DIFF LL_CACHE_MISS_RD: 0, MISS_RATE: 0.00%
[cur diff] DIFF L2D_CACHE_REFILL: 0
[cur diff] DIFF L2D_CACHE_INVAL: 0
[max diff] DIFF LL_CACHE_RD: 5, DIFF LL_CACHE_MISS_RD: 5, MISS_RATE: 100.00%
[max diff] DIFF L2D_CACHE_REFILL: 5
[max diff] DIFF L2D_CACHE_INVAL: 0

===========================================================
taskpendcnt:268322
t0:1583 ns
t1:2875 ns
t2:98666 ns
benchmark: Franka-derived Cartesian-impedance kernel, input trace:8, timer period:1.000 ms
controller source: franka_ros2 jazzy@73a1501d, updates:268345, SVD sweeps:5
pose error:[0.010000 0.015000 0.010000 -0.000000 0.049979 -0.000000]
tau[0:6]:[-0.274004 -0.324180 0.001577 -0.231466 0.050986 -0.328952 0.010844]
kernel exec min/avg/max: 94.21 / 95.55 / 100.92 us, samples:268354
pressure status:0, copy rounds total/window:0/0, 0.00 rounds/s
pressure logical copy:0.00 MiB total, approx 0.00 MiB/s, checksum:0
pressure report window:2.131585 s
t0_region>
[0]:4
[1]:268076
[2]:273
[3]:22
[4]:1

t1_region>
[2]:253178
[3]:14691
[4]:455
[5]:50
[6]:8

t2_region>
[97]:7683
[98]:254421
[99]:5700
[100]:461
[101]:87
[102]:23
[103]:10
[104]:2

t0_min: 0.96 us, round:80922
t0_max: 4.13 us, round:180954
t0_jitter: 3.17 us

t1_min: 2.58 us, round:463
t1_max: 6.79 us, round:12868
t1_jitter: 4.21 us

t2_min: 97.08 us, round:7442
t2_max: 104.88 us, round:26
t2_jitter: 7.79 us

PMU diff samples: 268414
AVG DIFF LL_CACHE_RD: 0.59
AVG DIFF LL_CACHE_MISS_RD: 0.03
AVG DIFF L2D_CACHE_REFILL: 0.03
AVG DIFF L2D_CACHE_INVAL: 0.00
[cur diff] DIFF LL_CACHE_RD: 0, DIFF LL_CACHE_MISS_RD: 0, MISS_RATE: 0.00%
[cur diff] DIFF L2D_CACHE_REFILL: 0
[cur diff] DIFF L2D_CACHE_INVAL: 0
[max diff] DIFF LL_CACHE_RD: 5, DIFF LL_CACHE_MISS_RD: 5, MISS_RATE: 100.00%
[max diff] DIFF L2D_CACHE_REFILL: 5
[max diff] DIFF L2D_CACHE_INVAL: 0

===========================================================
taskpendcnt:270454
t0:1375 ns
t1:2958 ns
t2:98583 ns
benchmark: Franka-derived Cartesian-impedance kernel, input trace:8, timer period:1.000 ms
controller source: franka_ros2 jazzy@73a1501d, updates:270477, SVD sweeps:5
pose error:[0.010000 0.015000 0.010000 -0.000000 0.049979 -0.000000]
tau[0:6]:[-0.567483 -0.552304 -0.482512 -0.231067 -0.297494 -0.656094 -0.085004]
kernel exec min/avg/max: 94.21 / 95.55 / 100.92 us, samples:270486
pressure status:0, copy rounds total/window:0/0, 0.00 rounds/s
pressure logical copy:0.00 MiB total, approx 0.00 MiB/s, checksum:0
pressure report window:2.132156 s
t0_region>
[0]:4
[1]:270206
[2]:276
[3]:22
[4]:1

t1_region>
[2]:255184
[3]:14815
[4]:457
[5]:50
[6]:8

t2_region>
[97]:7683
[98]:256490
[99]:5762
[100]:462
[101]:87
[102]:23
[103]:10
[104]:2

t0_min: 0.96 us, round:80922
t0_max: 4.13 us, round:180954
t0_jitter: 3.17 us

t1_min: 2.58 us, round:463
t1_max: 6.79 us, round:12868
t1_jitter: 4.21 us

t2_min: 97.08 us, round:7442
t2_max: 104.88 us, round:26
t2_jitter: 7.79 us

PMU diff samples: 270547
AVG DIFF LL_CACHE_RD: 0.59
AVG DIFF LL_CACHE_MISS_RD: 0.03
AVG DIFF L2D_CACHE_REFILL: 0.03
AVG DIFF L2D_CACHE_INVAL: 0.00
[cur diff] DIFF LL_CACHE_RD: 1, DIFF LL_CACHE_MISS_RD: 0, MISS_RATE: 0.00%
[cur diff] DIFF L2D_CACHE_REFILL: 0
[cur diff] DIFF L2D_CACHE_INVAL: 0
[max diff] DIFF LL_CACHE_RD: 5, DIFF LL_CACHE_MISS_RD: 5, MISS_RATE: 100.00%
[max diff] DIFF L2D_CACHE_REFILL: 5
[max diff] DIFF L2D_CACHE_INVAL: 0

===========================================================
taskpendcnt:272586
t0:1291 ns
t1:2875 ns
t2:98666 ns
benchmark: Franka-derived Cartesian-impedance kernel, input trace:8, timer period:1.000 ms
controller source: franka_ros2 jazzy@73a1501d, updates:272608, SVD sweeps:5
pose error:[0.010000 0.015000 0.010000 -0.000000 0.049979 -0.000000]
tau[0:6]:[-0.274004 -0.324180 0.001577 -0.231466 0.050986 -0.328952 0.010844]
kernel exec min/avg/max: 94.21 / 95.55 / 100.92 us, samples:272618
pressure status:0, copy rounds total/window:0/0, 0.00 rounds/s
pressure logical copy:0.00 MiB total, approx 0.00 MiB/s, checksum:0
pressure report window:2.131634 s
t0_region>
[0]:4
[1]:272334
[2]:279
[3]:22
[4]:1

t1_region>
[2]:257169
[3]:14959
[4]:459
[5]:51
[6]:8

t2_region>
[97]:7683
[98]:258510
[99]:5871
[100]:464
[101]:88
[102]:23
[103]:10
[104]:2

t0_min: 0.96 us, round:80922
t0_max: 4.13 us, round:180954
t0_jitter: 3.17 us

t1_min: 2.58 us, round:463
t1_max: 6.79 us, round:12868
t1_jitter: 4.21 us

t2_min: 97.08 us, round:7442
t2_max: 104.88 us, round:26
t2_jitter: 7.79 us

PMU diff samples: 272678
AVG DIFF LL_CACHE_RD: 0.59
AVG DIFF LL_CACHE_MISS_RD: 0.03
AVG DIFF L2D_CACHE_REFILL: 0.03
AVG DIFF L2D_CACHE_INVAL: 0.00
[cur diff] DIFF LL_CACHE_RD: 3, DIFF LL_CACHE_MISS_RD: 0, MISS_RATE: 0.00%
[cur diff] DIFF L2D_CACHE_REFILL: 0
[cur diff] DIFF L2D_CACHE_INVAL: 0
[max diff] DIFF LL_CACHE_RD: 5, DIFF LL_CACHE_MISS_RD: 5, MISS_RATE: 100.00%
[max diff] DIFF L2D_CACHE_REFILL: 5
[max diff] DIFF L2D_CACHE_INVAL: 0

===========================================================
taskpendcnt:274718
t0:1208 ns
t1:3083 ns
t2:98583 ns
benchmark: Franka-derived Cartesian-impedance kernel, input trace:8, timer period:1.000 ms
controller source: franka_ros2 jazzy@73a1501d, updates:274740, SVD sweeps:5
pose error:[0.010000 0.015000 0.010000 -0.000000 0.049979 -0.000000]
tau[0:6]:[-0.567483 -0.552304 -0.482512 -0.231067 -0.297494 -0.656094 -0.085004]
kernel exec min/avg/max: 94.21 / 95.55 / 100.92 us, samples:274750
pressure status:0, copy rounds total/window:0/0, 0.00 rounds/s
pressure logical copy:0.00 MiB total, approx 0.00 MiB/s, checksum:0
pressure report window:2.132156 s
t0_region>
[0]:4
[1]:274466
[2]:279
[3]:22
[4]:1

t1_region>
[2]:259194
[3]:15065
[4]:459
[5]:51
[6]:8

t2_region>
[97]:7683
[98]:260602
[99]:5911
[100]:464
[101]:88
[102]:23
[103]:10
[104]:2

t0_min: 0.96 us, round:80922
t0_max: 4.13 us, round:180954
t0_jitter: 3.17 us

t1_min: 2.58 us, round:463
t1_max: 6.79 us, round:12868
t1_jitter: 4.21 us

t2_min: 97.08 us, round:7442
t2_max: 104.88 us, round:26
t2_jitter: 7.79 us

PMU diff samples: 274810
AVG DIFF LL_CACHE_RD: 0.59
AVG DIFF LL_CACHE_MISS_RD: 0.03
AVG DIFF L2D_CACHE_REFILL: 0.03
AVG DIFF L2D_CACHE_INVAL: 0.00
[cur diff] DIFF LL_CACHE_RD: 0, DIFF LL_CACHE_MISS_RD: 0, MISS_RATE: 0.00%
[cur diff] DIFF L2D_CACHE_REFILL: 0
[cur diff] DIFF L2D_CACHE_INVAL: 0
[max diff] DIFF LL_CACHE_RD: 5, DIFF LL_CACHE_MISS_RD: 5, MISS_RATE: 100.00%
[max diff] DIFF L2D_CACHE_REFILL: 5
[max diff] DIFF L2D_CACHE_INVAL: 0

===========================================================
taskpendcnt:276850
t0:1416 ns
t1:2708 ns
t2:98500 ns
benchmark: Franka-derived Cartesian-impedance kernel, input trace:8, timer period:1.000 ms
controller source: franka_ros2 jazzy@73a1501d, updates:276872, SVD sweeps:5
pose error:[0.010000 0.015000 0.010000 -0.000000 0.049979 -0.000000]
tau[0:6]:[-0.274004 -0.324180 0.001577 -0.231466 0.050986 -0.328952 0.010844]
kernel exec min/avg/max: 94.21 / 95.55 / 100.92 us, samples:276882
pressure status:0, copy rounds total/window:0/0, 0.00 rounds/s
pressure logical copy:0.00 MiB total, approx 0.00 MiB/s, checksum:0
pressure report window:2.131633 s
t0_region>
[0]:4
[1]:276596
[2]:281
[3]:22
[4]:1

t1_region>
[2]:261204
[3]:15183
[4]:462
[5]:51
[6]:8

t2_region>
[97]:7683
[98]:262662
[99]:5980
[100]:466
[101]:89
[102]:23
[103]:10
[104]:2

t0_min: 0.96 us, round:80922
t0_max: 4.13 us, round:180954
t0_jitter: 3.17 us

t1_min: 2.58 us, round:463
t1_max: 6.79 us, round:12868
t1_jitter: 4.21 us

t2_min: 97.08 us, round:7442
t2_max: 104.88 us, round:26
t2_jitter: 7.79 us

PMU diff samples: 276942
AVG DIFF LL_CACHE_RD: 0.58
AVG DIFF LL_CACHE_MISS_RD: 0.03
AVG DIFF L2D_CACHE_REFILL: 0.03
AVG DIFF L2D_CACHE_INVAL: 0.00
[cur diff] DIFF LL_CACHE_RD: 1, DIFF LL_CACHE_MISS_RD: 0, MISS_RATE: 0.00%
[cur diff] DIFF L2D_CACHE_REFILL: 0
[cur diff] DIFF L2D_CACHE_INVAL: 0
[max diff] DIFF LL_CACHE_RD: 5, DIFF LL_CACHE_MISS_RD: 5, MISS_RATE: 100.00%
[max diff] DIFF L2D_CACHE_REFILL: 5
[max diff] DIFF L2D_CACHE_INVAL: 0

===========================================================
taskpendcnt:278982
t0:1333 ns
t1:3208 ns
t2:99291 ns
benchmark: Franka-derived Cartesian-impedance kernel, input trace:8, timer period:1.000 ms
controller source: franka_ros2 jazzy@73a1501d, updates:279004, SVD sweeps:5
pose error:[0.010000 0.015000 0.010000 -0.000000 0.049979 -0.000000]
tau[0:6]:[-0.567483 -0.552304 -0.482512 -0.231067 -0.297494 -0.656094 -0.085004]
kernel exec min/avg/max: 94.21 / 95.55 / 100.92 us, samples:279014
pressure status:0, copy rounds total/window:0/0, 0.00 rounds/s
pressure logical copy:0.00 MiB total, approx 0.00 MiB/s, checksum:0
pressure report window:2.132243 s
t0_region>
[0]:4
[1]:278727
[2]:282
[3]:22
[4]:1

t1_region>
[2]:263226
[3]:15294
[4]:462
[5]:51
[6]:8

t2_region>
[97]:7683
[98]:264710
[99]:6064
[100]:467
[101]:89
[102]:23
[103]:10
[104]:2

t0_min: 0.96 us, round:80922
t0_max: 4.13 us, round:180954
t0_jitter: 3.17 us

t1_min: 2.58 us, round:463
t1_max: 6.79 us, round:12868
t1_jitter: 4.21 us

t2_min: 97.08 us, round:7442
t2_max: 104.88 us, round:26
t2_jitter: 7.79 us

PMU diff samples: 279074
AVG DIFF LL_CACHE_RD: 0.58
AVG DIFF LL_CACHE_MISS_RD: 0.03
AVG DIFF L2D_CACHE_REFILL: 0.03
AVG DIFF L2D_CACHE_INVAL: 0.00
[cur diff] DIFF LL_CACHE_RD: 3, DIFF LL_CACHE_MISS_RD: 0, MISS_RATE: 0.00%
[cur diff] DIFF L2D_CACHE_REFILL: 0
[cur diff] DIFF L2D_CACHE_INVAL: 0
[max diff] DIFF LL_CACHE_RD: 5, DIFF LL_CACHE_MISS_RD: 5, MISS_RATE: 100.00%
[max diff] DIFF L2D_CACHE_REFILL: 5
[max diff] DIFF L2D_CACHE_INVAL: 0

===========================================================
taskpendcnt:281113
t0:1250 ns
t1:2833 ns
t2:98625 ns
benchmark: Franka-derived Cartesian-impedance kernel, input trace:8, timer period:1.000 ms
controller source: franka_ros2 jazzy@73a1501d, updates:281136, SVD sweeps:5
pose error:[0.010000 0.015000 0.010000 -0.000000 0.049979 -0.000000]
tau[0:6]:[-0.274004 -0.324180 0.001577 -0.231466 0.050986 -0.328952 0.010844]
kernel exec min/avg/max: 94.21 / 95.55 / 100.92 us, samples:281146
pressure status:0, copy rounds total/window:0/0, 0.00 rounds/s
pressure logical copy:0.00 MiB total, approx 0.00 MiB/s, checksum:0
pressure report window:2.131593 s
t0_region>
[0]:4
[1]:280859
[2]:282
[3]:22
[4]:1

t1_region>
[2]:265238
[3]:15413
[4]:462
[5]:51
[6]:8

t2_region>
[97]:7683
[98]:266766
[99]:6138
[100]:467
[101]:89
[102]:23
[103]:10
[104]:2

t0_min: 0.96 us, round:80922
t0_max: 4.13 us, round:180954
t0_jitter: 3.17 us

t1_min: 2.58 us, round:463
t1_max: 6.79 us, round:12868
t1_jitter: 4.21 us

t2_min: 97.08 us, round:7442
t2_max: 104.88 us, round:26
t2_jitter: 7.79 us

PMU diff samples: 281206
AVG DIFF LL_CACHE_RD: 0.58
AVG DIFF LL_CACHE_MISS_RD: 0.03
AVG DIFF L2D_CACHE_REFILL: 0.03
AVG DIFF L2D_CACHE_INVAL: 0.00
[cur diff] DIFF LL_CACHE_RD: 1, DIFF LL_CACHE_MISS_RD: 0, MISS_RATE: 0.00%
[cur diff] DIFF L2D_CACHE_REFILL: 0
[cur diff] DIFF L2D_CACHE_INVAL: 0
[max diff] DIFF LL_CACHE_RD: 5, DIFF LL_CACHE_MISS_RD: 5, MISS_RATE: 100.00%
[max diff] DIFF L2D_CACHE_REFILL: 5
[max diff] DIFF L2D_CACHE_INVAL: 0

===========================================================
taskpendcnt:283245
t0:1166 ns
t1:2750 ns
t2:98541 ns
benchmark: Franka-derived Cartesian-impedance kernel, input trace:8, timer period:1.000 ms
controller source: franka_ros2 jazzy@73a1501d, updates:283268, SVD sweeps:5
pose error:[0.010000 0.015000 0.010000 -0.000000 0.049979 -0.000000]
tau[0:6]:[-0.567483 -0.552304 -0.482512 -0.231067 -0.297494 -0.656094 -0.085004]
kernel exec min/avg/max: 94.21 / 95.55 / 100.92 us, samples:283278
pressure status:0, copy rounds total/window:0/0, 0.00 rounds/s
pressure logical copy:0.00 MiB total, approx 0.00 MiB/s, checksum:0
pressure report window:2.132103 s
t0_region>
[0]:4
[1]:282991
[2]:282
[3]:22
[4]:1

t1_region>
[2]:267250
[3]:15534
[4]:462
[5]:51
[6]:8

t2_region>
[97]:7683
[98]:268867
[99]:6169
[100]:467
[101]:89
[102]:23
[103]:10
[104]:2

t0_min: 0.96 us, round:80922
t0_max: 4.13 us, round:180954
t0_jitter: 3.17 us

t1_min: 2.58 us, round:463
t1_max: 6.79 us, round:12868
t1_jitter: 4.21 us

t2_min: 97.08 us, round:7442
t2_max: 104.88 us, round:26
t2_jitter: 7.79 us

PMU diff samples: 283338
AVG DIFF LL_CACHE_RD: 0.58
AVG DIFF LL_CACHE_MISS_RD: 0.03
AVG DIFF L2D_CACHE_REFILL: 0.03
AVG DIFF L2D_CACHE_INVAL: 0.00
[cur diff] DIFF LL_CACHE_RD: 1, DIFF LL_CACHE_MISS_RD: 0, MISS_RATE: 0.00%
[cur diff] DIFF L2D_CACHE_REFILL: 0
[cur diff] DIFF L2D_CACHE_INVAL: 0
[max diff] DIFF LL_CACHE_RD: 5, DIFF LL_CACHE_MISS_RD: 5, MISS_RATE: 100.00%
[max diff] DIFF L2D_CACHE_REFILL: 5
[max diff] DIFF L2D_CACHE_INVAL: 0

===========================================================
taskpendcnt:285377
t0:1375 ns
t1:2958 ns
t2:98458 ns
benchmark: Franka-derived Cartesian-impedance kernel, input trace:8, timer period:1.000 ms
controller source: franka_ros2 jazzy@73a1501d, updates:285400, SVD sweeps:5
pose error:[0.010000 0.015000 0.010000 -0.000000 0.049979 -0.000000]
tau[0:6]:[-0.274004 -0.324180 0.001577 -0.231466 0.050986 -0.328952 0.010844]
kernel exec min/avg/max: 94.21 / 95.55 / 100.92 us, samples:285409
pressure status:0, copy rounds total/window:0/0, 0.00 rounds/s
pressure logical copy:0.00 MiB total, approx 0.00 MiB/s, checksum:0
pressure report window:2.131638 s
t0_region>
[0]:4
[1]:285122
[2]:283
[3]:22
[4]:1

t1_region>
[2]:269259
[3]:15656
[4]:463
[5]:51
[6]:8

t2_region>
[97]:7683
[98]:270933
[99]:6235
[100]:467
[101]:89
[102]:23
[103]:10
[104]:2

t0_min: 0.96 us, round:80922
t0_max: 4.13 us, round:180954
t0_jitter: 3.17 us

t1_min: 2.58 us, round:463
t1_max: 6.79 us, round:12868
t1_jitter: 4.21 us

t2_min: 97.08 us, round:7442
t2_max: 104.88 us, round:26
t2_jitter: 7.79 us

PMU diff samples: 285470
AVG DIFF LL_CACHE_RD: 0.58
AVG DIFF LL_CACHE_MISS_RD: 0.03
AVG DIFF L2D_CACHE_REFILL: 0.03
AVG DIFF L2D_CACHE_INVAL: 0.00
[cur diff] DIFF LL_CACHE_RD: 0, DIFF LL_CACHE_MISS_RD: 0, MISS_RATE: 0.00%
[cur diff] DIFF L2D_CACHE_REFILL: 0
[cur diff] DIFF L2D_CACHE_INVAL: 0
[max diff] DIFF LL_CACHE_RD: 5, DIFF LL_CACHE_MISS_RD: 5, MISS_RATE: 100.00%
[max diff] DIFF L2D_CACHE_REFILL: 5
[max diff] DIFF L2D_CACHE_INVAL: 0

===========================================================
taskpendcnt:287509
t0:1291 ns
t1:2875 ns
t2:98666 ns
benchmark: Franka-derived Cartesian-impedance kernel, input trace:8, timer period:1.000 ms
controller source: franka_ros2 jazzy@73a1501d, updates:287532, SVD sweeps:5
pose error:[0.010000 0.015000 0.010000 -0.000000 0.049979 -0.000000]
tau[0:6]:[1.376914 -0.104433 0.790225 0.843903 0.642107 -0.956178 0.423547]
kernel exec min/avg/max: 94.21 / 95.55 / 100.92 us, samples:287541
pressure status:0, copy rounds total/window:0/0, 0.00 rounds/s
pressure logical copy:0.00 MiB total, approx 0.00 MiB/s, checksum:0
pressure report window:2.131721 s
t0_region>
[0]:4
[1]:287250
[2]:285
[3]:23
[4]:1

t1_region>
[2]:271253
[3]:15789
[4]:467
[5]:52
[6]:8

t2_region>
[97]:7683
[98]:272975
[99]:6320
[100]:470
[101]:91
[102]:23
[103]:10
[104]:2

t0_min: 0.96 us, round:80922
t0_max: 4.13 us, round:180954
t0_jitter: 3.17 us

t1_min: 2.58 us, round:463
t1_max: 6.79 us, round:12868
t1_jitter: 4.21 us

t2_min: 97.08 us, round:7442
t2_max: 104.88 us, round:26
t2_jitter: 7.79 us

PMU diff samples: 287601
AVG DIFF LL_CACHE_RD: 0.58
AVG DIFF LL_CACHE_MISS_RD: 0.03
AVG DIFF L2D_CACHE_REFILL: 0.03
AVG DIFF L2D_CACHE_INVAL: 0.00
[cur diff] DIFF LL_CACHE_RD: 3, DIFF LL_CACHE_MISS_RD: 0, MISS_RATE: 0.00%
[cur diff] DIFF L2D_CACHE_REFILL: 0
[cur diff] DIFF L2D_CACHE_INVAL: 0
[max diff] DIFF LL_CACHE_RD: 5, DIFF LL_CACHE_MISS_RD: 5, MISS_RATE: 100.00%
[max diff] DIFF L2D_CACHE_REFILL: 5
[max diff] DIFF L2D_CACHE_INVAL: 0

===========================================================
taskpendcnt:289641
t0:1666 ns
t1:2791 ns
t2:98583 ns
benchmark: Franka-derived Cartesian-impedance kernel, input trace:8, timer period:1.000 ms
controller source: franka_ros2 jazzy@73a1501d, updates:289664, SVD sweeps:5
pose error:[0.010000 0.015000 0.010000 -0.000000 0.049979 -0.000000]
tau[0:6]:[-1.839419 -0.921560 -1.193198 -1.195971 -0.861243 0.113634 -0.461388]
kernel exec min/avg/max: 94.21 / 95.55 / 100.92 us, samples:289673
pressure status:0, copy rounds total/window:0/0, 0.00 rounds/s
pressure logical copy:0.00 MiB total, approx 0.00 MiB/s, checksum:0
pressure report window:2.132239 s
t0_region>
[0]:4
[1]:289378
[2]:290
[3]:23
[4]:1

t1_region>
[2]:273260
[3]:15907
[4]:471
[5]:54
[6]:8

t2_region>
[97]:7683
[98]:275040
[99]:6382
[100]:472
[101]:92
[102]:25
[103]:10
[104]:2

t0_min: 0.96 us, round:80922
t0_max: 4.13 us, round:180954
t0_jitter: 3.17 us

t1_min: 2.58 us, round:463
t1_max: 6.79 us, round:12868
t1_jitter: 4.21 us

t2_min: 97.08 us, round:7442
t2_max: 104.88 us, round:26
t2_jitter: 7.79 us

PMU diff samples: 289734
AVG DIFF LL_CACHE_RD: 0.58
AVG DIFF LL_CACHE_MISS_RD: 0.03
AVG DIFF L2D_CACHE_REFILL: 0.03
AVG DIFF L2D_CACHE_INVAL: 0.00
[cur diff] DIFF LL_CACHE_RD: 1, DIFF LL_CACHE_MISS_RD: 0, MISS_RATE: 0.00%
[cur diff] DIFF L2D_CACHE_REFILL: 0
[cur diff] DIFF L2D_CACHE_INVAL: 0
[max diff] DIFF LL_CACHE_RD: 5, DIFF LL_CACHE_MISS_RD: 5, MISS_RATE: 100.00%
[max diff] DIFF L2D_CACHE_REFILL: 5
[max diff] DIFF L2D_CACHE_INVAL: 0

===========================================================
taskpendcnt:291773
t0:1291 ns
t1:3166 ns
t2:98375 ns
benchmark: Franka-derived Cartesian-impedance kernel, input trace:8, timer period:1.000 ms
controller source: franka_ros2 jazzy@73a1501d, updates:291796, SVD sweeps:5
pose error:[0.010000 0.015000 0.010000 -0.000000 0.049979 -0.000000]
tau[0:6]:[1.376914 -0.104433 0.790225 0.843903 0.642107 -0.956178 0.423547]
kernel exec min/avg/max: 94.21 / 95.55 / 100.92 us, samples:291805
pressure status:0, copy rounds total/window:0/0, 0.00 rounds/s
pressure logical copy:0.00 MiB total, approx 0.00 MiB/s, checksum:0
pressure report window:2.131548 s
t0_region>
[0]:4
[1]:291508
[2]:291
[3]:23
[4]:1

t1_region>
[2]:275266
[3]:16032
[4]:472
[5]:54
[6]:8

t2_region>
[97]:7683
[98]:277056
[99]:6497
[100]:473
[101]:92
[102]:25
[103]:10
[104]:2

t0_min: 0.96 us, round:80922
t0_max: 4.13 us, round:180954
t0_jitter: 3.17 us

t1_min: 2.58 us, round:463
t1_max: 6.79 us, round:12868
t1_jitter: 4.21 us

t2_min: 97.08 us, round:7442
t2_max: 104.88 us, round:26
t2_jitter: 7.79 us

PMU diff samples: 291865
AVG DIFF LL_CACHE_RD: 0.58
AVG DIFF LL_CACHE_MISS_RD: 0.03
AVG DIFF L2D_CACHE_REFILL: 0.03
AVG DIFF L2D_CACHE_INVAL: 0.00
[cur diff] DIFF LL_CACHE_RD: 2, DIFF LL_CACHE_MISS_RD: 0, MISS_RATE: 0.00%
[cur diff] DIFF L2D_CACHE_REFILL: 0
[cur diff] DIFF L2D_CACHE_INVAL: 0
[max diff] DIFF LL_CACHE_RD: 5, DIFF LL_CACHE_MISS_RD: 5, MISS_RATE: 100.00%
[max diff] DIFF L2D_CACHE_REFILL: 5
[max diff] DIFF L2D_CACHE_INVAL: 0

===========================================================
taskpendcnt:293905
t0:1208 ns
t1:2791 ns
t2:98583 ns
benchmark: Franka-derived Cartesian-impedance kernel, input trace:8, timer period:1.000 ms
controller source: franka_ros2 jazzy@73a1501d, updates:293927, SVD sweeps:5
pose error:[0.010000 0.015000 0.010000 -0.000000 0.049979 -0.000000]
tau[0:6]:[-1.839419 -0.921560 -1.193198 -1.195971 -0.861243 0.113634 -0.461388]
kernel exec min/avg/max: 94.21 / 95.55 / 100.92 us, samples:293937
pressure status:0, copy rounds total/window:0/0, 0.00 rounds/s
pressure logical copy:0.00 MiB total, approx 0.00 MiB/s, checksum:0
pressure report window:2.132244 s
t0_region>
[0]:4
[1]:293638
[2]:293
[3]:23
[4]:1

t1_region>
[2]:277282
[3]:16146
[4]:475
[5]:54
[6]:8

t2_region>
[97]:7683
[98]:279095
[99]:6588
[100]:475
[101]:92
[102]:25
[103]:10
[104]:2

t0_min: 0.96 us, round:80922
t0_max: 4.13 us, round:180954
t0_jitter: 3.17 us

t1_min: 2.58 us, round:463
t1_max: 6.79 us, round:12868
t1_jitter: 4.21 us

t2_min: 97.08 us, round:7442
t2_max: 104.88 us, round:26
t2_jitter: 7.79 us

PMU diff samples: 293997
AVG DIFF LL_CACHE_RD: 0.58
AVG DIFF LL_CACHE_MISS_RD: 0.03
AVG DIFF L2D_CACHE_REFILL: 0.03
AVG DIFF L2D_CACHE_INVAL: 0.00
[cur diff] DIFF LL_CACHE_RD: 1, DIFF LL_CACHE_MISS_RD: 0, MISS_RATE: 0.00%
[cur diff] DIFF L2D_CACHE_REFILL: 0
[cur diff] DIFF L2D_CACHE_INVAL: 0
[max diff] DIFF LL_CACHE_RD: 5, DIFF LL_CACHE_MISS_RD: 5, MISS_RATE: 100.00%
[max diff] DIFF L2D_CACHE_REFILL: 5
[max diff] DIFF L2D_CACHE_INVAL: 0

===========================================================
taskpendcnt:296037
t0:1125 ns
t1:3291 ns
t2:98500 ns
benchmark: Franka-derived Cartesian-impedance kernel, input trace:8, timer period:1.000 ms
controller source: franka_ros2 jazzy@73a1501d, updates:296059, SVD sweeps:5
pose error:[0.010000 0.015000 0.010000 -0.000000 0.049979 -0.000000]
tau[0:6]:[1.376914 -0.104433 0.790225 0.843903 0.642107 -0.956178 0.423547]
kernel exec min/avg/max: 94.21 / 95.55 / 100.92 us, samples:296069
pressure status:0, copy rounds total/window:0/0, 0.00 rounds/s
pressure logical copy:0.00 MiB total, approx 0.00 MiB/s, checksum:0
pressure report window:2.131546 s
t0_region>
[0]:4
[1]:295769
[2]:294
[3]:23
[4]:1

t1_region>
[2]:279285
[3]:16272
[4]:476
[5]:54
[6]:8

t2_region>
[97]:7683
[98]:281182
[99]:6631
[100]:476
[101]:92
[102]:25
[103]:10
[104]:2

t0_min: 0.96 us, round:80922
t0_max: 4.13 us, round:180954
t0_jitter: 3.17 us

t1_min: 2.58 us, round:463
t1_max: 6.79 us, round:12868
t1_jitter: 4.21 us

t2_min: 97.08 us, round:7442
t2_max: 104.88 us, round:26
t2_jitter: 7.79 us

PMU diff samples: 296129
AVG DIFF LL_CACHE_RD: 0.57
AVG DIFF LL_CACHE_MISS_RD: 0.03
AVG DIFF L2D_CACHE_REFILL: 0.03
AVG DIFF L2D_CACHE_INVAL: 0.00
[cur diff] DIFF LL_CACHE_RD: 2, DIFF LL_CACHE_MISS_RD: 0, MISS_RATE: 0.00%
[cur diff] DIFF L2D_CACHE_REFILL: 0
[cur diff] DIFF L2D_CACHE_INVAL: 0
[max diff] DIFF LL_CACHE_RD: 5, DIFF LL_CACHE_MISS_RD: 5, MISS_RATE: 100.00%
[max diff] DIFF L2D_CACHE_REFILL: 5
[max diff] DIFF L2D_CACHE_INVAL: 0

===========================================================
taskpendcnt:298169
t0:1333 ns
t1:2916 ns
t2:99000 ns
benchmark: Franka-derived Cartesian-impedance kernel, input trace:8, timer period:1.000 ms
controller source: franka_ros2 jazzy@73a1501d, updates:298191, SVD sweeps:5
pose error:[0.010000 0.015000 0.010000 -0.000000 0.049979 -0.000000]
tau[0:6]:[-1.839419 -0.921560 -1.193198 -1.195971 -0.861243 0.113634 -0.461388]
kernel exec min/avg/max: 94.21 / 95.55 / 100.92 us, samples:298201
pressure status:0, copy rounds total/window:0/0, 0.00 rounds/s
pressure logical copy:0.00 MiB total, approx 0.00 MiB/s, checksum:0
pressure report window:2.132281 s
t0_region>
[0]:4
[1]:297899
[2]:296
[3]:23
[4]:1

t1_region>
[2]:281285
[3]:16402
[4]:478
[5]:55
[6]:8

t2_region>
[97]:7683
[98]:283214
[99]:6727
[100]:480
[101]:93
[102]:26
[103]:10
[104]:2

t0_min: 0.96 us, round:80922
t0_max: 4.13 us, round:180954
t0_jitter: 3.17 us

t1_min: 2.58 us, round:463
t1_max: 6.79 us, round:12868
t1_jitter: 4.21 us

t2_min: 97.08 us, round:7442
t2_max: 104.88 us, round:26
t2_jitter: 7.79 us

PMU diff samples: 298261
AVG DIFF LL_CACHE_RD: 0.57
AVG DIFF LL_CACHE_MISS_RD: 0.03
AVG DIFF L2D_CACHE_REFILL: 0.03
AVG DIFF L2D_CACHE_INVAL: 0.00
[cur diff] DIFF LL_CACHE_RD: 3, DIFF LL_CACHE_MISS_RD: 0, MISS_RATE: 0.00%
[cur diff] DIFF L2D_CACHE_REFILL: 0
[cur diff] DIFF L2D_CACHE_INVAL: 0
[max diff] DIFF LL_CACHE_RD: 5, DIFF LL_CACHE_MISS_RD: 5, MISS_RATE: 100.00%
[max diff] DIFF L2D_CACHE_REFILL: 5
[max diff] DIFF L2D_CACHE_INVAL: 0

===========================================================
taskpendcnt:300300
t0:1250 ns
t1:2833 ns
t2:98625 ns
benchmark: Franka-derived Cartesian-impedance kernel, input trace:8, timer period:1.000 ms
controller source: franka_ros2 jazzy@73a1501d, updates:300323, SVD sweeps:5
pose error:[0.010000 0.015000 0.010000 -0.000000 0.049979 -0.000000]
tau[0:6]:[1.376914 -0.104433 0.790225 0.843903 0.642107 -0.956178 0.423547]
kernel exec min/avg/max: 94.21 / 95.55 / 100.92 us, samples:300333
pressure status:0, copy rounds total/window:0/0, 0.00 rounds/s
pressure logical copy:0.00 MiB total, approx 0.00 MiB/s, checksum:0
pressure report window:2.131504 s
t0_region>
[0]:4
[1]:300030
[2]:297
[3]:23
[4]:1

t1_region>
[2]:283289
[3]:16527
[4]:480
[5]:55
[6]:8

t2_region>
[97]:7683
[98]:285311
[99]:6759
[100]:481
[101]:93
[102]:26
[103]:10
[104]:2

t0_min: 0.96 us, round:80922
t0_max: 4.13 us, round:180954
t0_jitter: 3.17 us

t1_min: 2.58 us, round:463
t1_max: 6.79 us, round:12868
t1_jitter: 4.21 us

t2_min: 97.08 us, round:7442
t2_max: 104.88 us, round:26
t2_jitter: 7.79 us

PMU diff samples: 300393
AVG DIFF LL_CACHE_RD: 0.57
AVG DIFF LL_CACHE_MISS_RD: 0.03
AVG DIFF L2D_CACHE_REFILL: 0.03
AVG DIFF L2D_CACHE_INVAL: 0.00
[cur diff] DIFF LL_CACHE_RD: 0, DIFF LL_CACHE_MISS_RD: 0, MISS_RATE: 0.00%
[cur diff] DIFF L2D_CACHE_REFILL: 0
[cur diff] DIFF L2D_CACHE_INVAL: 0
[max diff] DIFF LL_CACHE_RD: 5, DIFF LL_CACHE_MISS_RD: 5, MISS_RATE: 100.00%
[max diff] DIFF L2D_CACHE_REFILL: 5
[max diff] DIFF L2D_CACHE_INVAL: 0

===========================================================
taskpendcnt:302432
t0:1458 ns
t1:3041 ns
t2:98541 ns
benchmark: Franka-derived Cartesian-impedance kernel, input trace:8, timer period:1.000 ms
controller source: franka_ros2 jazzy@73a1501d, updates:302455, SVD sweeps:5
pose error:[0.010000 0.015000 0.010000 -0.000000 0.049979 -0.000000]
tau[0:6]:[-1.839419 -0.921560 -1.193198 -1.195971 -0.861243 0.113634 -0.461388]
kernel exec min/avg/max: 94.21 / 95.56 / 100.92 us, samples:302465
pressure status:0, copy rounds total/window:0/0, 0.00 rounds/s
pressure logical copy:0.00 MiB total, approx 0.00 MiB/s, checksum:0
pressure report window:2.132241 s
t0_region>
[0]:4
[1]:302159
[2]:299
[3]:24
[4]:1

t1_region>
[2]:285287
[3]:16660
[4]:481
[5]:56
[6]:8

t2_region>
[97]:7683
[98]:287303
[99]:6897
[100]:482
[101]:94
[102]:26
[103]:10
[104]:2

t0_min: 0.96 us, round:80922
t0_max: 4.13 us, round:180954
t0_jitter: 3.17 us

t1_min: 2.58 us, round:463
t1_max: 6.79 us, round:12868
t1_jitter: 4.21 us

t2_min: 97.08 us, round:7442
t2_max: 104.88 us, round:26
t2_jitter: 7.79 us

PMU diff samples: 302525
AVG DIFF LL_CACHE_RD: 0.57
AVG DIFF LL_CACHE_MISS_RD: 0.03
AVG DIFF L2D_CACHE_REFILL: 0.03
AVG DIFF L2D_CACHE_INVAL: 0.00
[cur diff] DIFF LL_CACHE_RD: 0, DIFF LL_CACHE_MISS_RD: 0, MISS_RATE: 0.00%
[cur diff] DIFF L2D_CACHE_REFILL: 0
[cur diff] DIFF L2D_CACHE_INVAL: 0
[max diff] DIFF LL_CACHE_RD: 5, DIFF LL_CACHE_MISS_RD: 5, MISS_RATE: 100.00%
[max diff] DIFF L2D_CACHE_REFILL: 5
[max diff] DIFF L2D_CACHE_INVAL: 0

===========================================================
taskpendcnt:304564
t0:1083 ns
t1:2958 ns
t2:98458 ns
benchmark: Franka-derived Cartesian-impedance kernel, input trace:8, timer period:1.000 ms
controller source: franka_ros2 jazzy@73a1501d, updates:304587, SVD sweeps:5
pose error:[0.010000 0.015000 0.010000 -0.000000 0.049979 -0.000000]
tau[0:6]:[1.376914 -0.104433 0.790225 0.843903 0.642107 -0.956178 0.423547]
kernel exec min/avg/max: 94.21 / 95.56 / 100.92 us, samples:304596
pressure status:0, copy rounds total/window:0/0, 0.00 rounds/s
pressure logical copy:0.00 MiB total, approx 0.00 MiB/s, checksum:0
pressure report window:2.131547 s
t0_region>
[0]:4
[1]:304289
[2]:300
[3]:24
[4]:1

t1_region>
[2]:287304
[3]:16774
[4]:482
[5]:56
[6]:8

t2_region>
[97]:7683
[98]:289391
[99]:6941
[100]:482
[101]:94
[102]:26
[103]:10
[104]:2

t0_min: 0.96 us, round:80922
t0_max: 4.13 us, round:180954
t0_jitter: 3.17 us

t1_min: 2.58 us, round:463
t1_max: 6.79 us, round:12868
t1_jitter: 4.21 us

t2_min: 97.08 us, round:7442
t2_max: 104.88 us, round:26
t2_jitter: 7.79 us

PMU diff samples: 304656
AVG DIFF LL_CACHE_RD: 0.57
AVG DIFF LL_CACHE_MISS_RD: 0.03
AVG DIFF L2D_CACHE_REFILL: 0.03
AVG DIFF L2D_CACHE_INVAL: 0.00
[cur diff] DIFF LL_CACHE_RD: 1, DIFF LL_CACHE_MISS_RD: 0, MISS_RATE: 0.00%
[cur diff] DIFF L2D_CACHE_REFILL: 0
[cur diff] DIFF L2D_CACHE_INVAL: 0
[max diff] DIFF LL_CACHE_RD: 5, DIFF LL_CACHE_MISS_RD: 5, MISS_RATE: 100.00%
[max diff] DIFF L2D_CACHE_REFILL: 5
[max diff] DIFF L2D_CACHE_INVAL: 0

===========================================================
taskpendcnt:306696
t0:1291 ns
t1:2875 ns
t2:98666 ns
benchmark: Franka-derived Cartesian-impedance kernel, input trace:8, timer period:1.000 ms
controller source: franka_ros2 jazzy@73a1501d, updates:306719, SVD sweeps:5
pose error:[0.010000 0.015000 0.010000 -0.000000 0.049979 -0.000000]
tau[0:6]:[-1.839419 -0.921560 -1.193198 -1.195971 -0.861243 0.113634 -0.461388]
kernel exec min/avg/max: 94.21 / 95.56 / 100.92 us, samples:306729
pressure status:0, copy rounds total/window:0/0, 0.00 rounds/s
pressure logical copy:0.00 MiB total, approx 0.00 MiB/s, checksum:0
pressure report window:2.132243 s
t0_region>
[0]:4
[1]:306421
[2]:301
[3]:24
[4]:1

t1_region>
[2]:289317
[3]:16892
[4]:483
[5]:56
[6]:8

t2_region>
[97]:7683
[98]:291469
[99]:6995
[100]:482
[101]:94
[102]:26
[103]:10
[104]:2

t0_min: 0.96 us, round:80922
t0_max: 4.13 us, round:180954
t0_jitter: 3.17 us

t1_min: 2.58 us, round:463
t1_max: 6.79 us, round:12868
t1_jitter: 4.21 us

t2_min: 97.08 us, round:7442
t2_max: 104.88 us, round:26
t2_jitter: 7.79 us

PMU diff samples: 306789
AVG DIFF LL_CACHE_RD: 0.56
AVG DIFF LL_CACHE_MISS_RD: 0.03
AVG DIFF L2D_CACHE_REFILL: 0.03
AVG DIFF L2D_CACHE_INVAL: 0.00
[cur diff] DIFF LL_CACHE_RD: 2, DIFF LL_CACHE_MISS_RD: 2, MISS_RATE: 100.00%
[cur diff] DIFF L2D_CACHE_REFILL: 0
[cur diff] DIFF L2D_CACHE_INVAL: 0
[max diff] DIFF LL_CACHE_RD: 5, DIFF LL_CACHE_MISS_RD: 5, MISS_RATE: 100.00%
[max diff] DIFF L2D_CACHE_REFILL: 5
[max diff] DIFF L2D_CACHE_INVAL: 0

===========================================================
taskpendcnt:308828
t0:1500 ns
t1:3083 ns
t2:98583 ns
benchmark: Franka-derived Cartesian-impedance kernel, input trace:8, timer period:1.000 ms
controller source: franka_ros2 jazzy@73a1501d, updates:308851, SVD sweeps:5
pose error:[0.010000 0.015000 0.010000 -0.000000 0.049979 -0.000000]
tau[0:6]:[1.228026 0.081850 0.819520 0.875435 0.745706 -0.833381 0.398995]
kernel exec min/avg/max: 94.21 / 95.56 / 100.92 us, samples:308860
pressure status:0, copy rounds total/window:0/0, 0.00 rounds/s
pressure logical copy:0.00 MiB total, approx 0.00 MiB/s, checksum:0
pressure report window:2.131459 s
t0_region>
[0]:4
[1]:308549
[2]:304
[3]:24
[4]:1

t1_region>
[2]:291328
[3]:17010
[4]:485
[5]:56
[6]:8

t2_region>
[97]:7683
[98]:293530
[99]:7064
[100]:484
[101]:94
[102]:26
[103]:10
[104]:2

t0_min: 0.96 us, round:80922
t0_max: 4.13 us, round:180954
t0_jitter: 3.17 us

t1_min: 2.58 us, round:463
t1_max: 6.79 us, round:12868
t1_jitter: 4.21 us

t2_min: 97.08 us, round:7442
t2_max: 104.88 us, round:26
t2_jitter: 7.79 us

PMU diff samples: 308920
AVG DIFF LL_CACHE_RD: 0.56
AVG DIFF LL_CACHE_MISS_RD: 0.03
AVG DIFF L2D_CACHE_REFILL: 0.03
AVG DIFF L2D_CACHE_INVAL: 0.00
[cur diff] DIFF LL_CACHE_RD: 1, DIFF LL_CACHE_MISS_RD: 0, MISS_RATE: 0.00%
[cur diff] DIFF L2D_CACHE_REFILL: 0
[cur diff] DIFF L2D_CACHE_INVAL: 0
[max diff] DIFF LL_CACHE_RD: 5, DIFF LL_CACHE_MISS_RD: 5, MISS_RATE: 100.00%
[max diff] DIFF L2D_CACHE_REFILL: 5
[max diff] DIFF L2D_CACHE_INVAL: 0

===========================================================
taskpendcnt:310960
t0:1291 ns
t1:2875 ns
t2:98666 ns
benchmark: Franka-derived Cartesian-impedance kernel, input trace:8, timer period:1.000 ms
controller source: franka_ros2 jazzy@73a1501d, updates:310983, SVD sweeps:5
pose error:[0.010000 0.015000 0.010000 -0.000000 0.049979 -0.000000]
tau[0:6]:[-2.379368 -1.292411 -1.655224 -1.570015 -1.185234 -0.066588 -0.610247]
kernel exec min/avg/max: 94.21 / 95.56 / 100.92 us, samples:310992
pressure status:0, copy rounds total/window:0/0, 0.00 rounds/s
pressure logical copy:0.00 MiB total, approx 0.00 MiB/s, checksum:0
pressure report window:2.132416 s
t0_region>
[0]:4
[1]:310680
[2]:306
[3]:24
[4]:1

t1_region>
[2]:293335
[3]:17133
[4]:488
[5]:56
[6]:8

t2_region>
[97]:7683
[98]:295607
[99]:7115
[100]:487
[101]:95
[102]:26
[103]:10
[104]:2

t0_min: 0.96 us, round:80922
t0_max: 4.13 us, round:180954
t0_jitter: 3.17 us

t1_min: 2.58 us, round:463
t1_max: 6.79 us, round:12868
t1_jitter: 4.21 us

t2_min: 97.08 us, round:7442
t2_max: 104.88 us, round:26
t2_jitter: 7.79 us

PMU diff samples: 311053
AVG DIFF LL_CACHE_RD: 0.56
AVG DIFF LL_CACHE_MISS_RD: 0.03
AVG DIFF L2D_CACHE_REFILL: 0.03
AVG DIFF L2D_CACHE_INVAL: 0.00
[cur diff] DIFF LL_CACHE_RD: 1, DIFF LL_CACHE_MISS_RD: 0, MISS_RATE: 0.00%
[cur diff] DIFF L2D_CACHE_REFILL: 0
[cur diff] DIFF L2D_CACHE_INVAL: 0
[max diff] DIFF LL_CACHE_RD: 5, DIFF LL_CACHE_MISS_RD: 5, MISS_RATE: 100.00%
[max diff] DIFF L2D_CACHE_REFILL: 5
[max diff] DIFF L2D_CACHE_INVAL: 0

===========================================================
taskpendcnt:313092
t0:1500 ns
t1:2791 ns
t2:98583 ns
benchmark: Franka-derived Cartesian-impedance kernel, input trace:8, timer period:1.000 ms
controller source: franka_ros2 jazzy@73a1501d, updates:313114, SVD sweeps:5
pose error:[0.010000 0.015000 0.010000 -0.000000 0.049979 -0.000000]
tau[0:6]:[1.228026 0.081850 0.819520 0.875435 0.745706 -0.833381 0.398995]
kernel exec min/avg/max: 94.21 / 95.56 / 100.92 us, samples:313124
pressure status:0, copy rounds total/window:0/0, 0.00 rounds/s
pressure logical copy:0.00 MiB total, approx 0.00 MiB/s, checksum:0
pressure report window:2.131375 s
t0_region>
[0]:4
[1]:312809
[2]:308
[3]:24
[4]:1

t1_region>
[2]:295352
[3]:17244
[4]:490
[5]:57
[6]:8

t2_region>
[97]:7683
[98]:297686
[99]:7164
[100]:489
[101]:96
[102]:26
[103]:10
[104]:2

t0_min: 0.96 us, round:80922
t0_max: 4.13 us, round:180954
t0_jitter: 3.17 us

t1_min: 2.58 us, round:463
t1_max: 6.79 us, round:12868
t1_jitter: 4.21 us

t2_min: 97.08 us, round:7442
t2_max: 104.88 us, round:26
t2_jitter: 7.79 us

PMU diff samples: 313184
AVG DIFF LL_CACHE_RD: 0.56
AVG DIFF LL_CACHE_MISS_RD: 0.03
AVG DIFF L2D_CACHE_REFILL: 0.03
AVG DIFF L2D_CACHE_INVAL: 0.00
[cur diff] DIFF LL_CACHE_RD: 0, DIFF LL_CACHE_MISS_RD: 0, MISS_RATE: 0.00%
[cur diff] DIFF L2D_CACHE_REFILL: 0
[cur diff] DIFF L2D_CACHE_INVAL: 0
[max diff] DIFF LL_CACHE_RD: 5, DIFF LL_CACHE_MISS_RD: 5, MISS_RATE: 100.00%
[max diff] DIFF L2D_CACHE_REFILL: 5
[max diff] DIFF L2D_CACHE_INVAL: 0

===========================================================
taskpendcnt:315224
t0:1125 ns
t1:3000 ns
t2:98791 ns
benchmark: Franka-derived Cartesian-impedance kernel, input trace:8, timer period:1.000 ms
controller source: franka_ros2 jazzy@73a1501d, updates:315246, SVD sweeps:5
pose error:[0.010000 0.015000 0.010000 -0.000000 0.049979 -0.000000]
tau[0:6]:[-2.379368 -1.292411 -1.655224 -1.570015 -1.185234 -0.066588 -0.610247]
kernel exec min/avg/max: 94.21 / 95.56 / 100.92 us, samples:315256
pressure status:0, copy rounds total/window:0/0, 0.00 rounds/s
pressure logical copy:0.00 MiB total, approx 0.00 MiB/s, checksum:0
pressure report window:2.132415 s
t0_region>
[0]:4
[1]:314938
[2]:311
[3]:24
[4]:1

t1_region>
[2]:297363
[3]:17364
[4]:492
[5]:57
[6]:8

t2_region>
[97]:7683
[98]:299761
[99]:7220
[100]:491
[101]:96
[102]:26
[103]:10
[104]:2

t0_min: 0.96 us, round:80922
t0_max: 4.13 us, round:180954
t0_jitter: 3.17 us

t1_min: 2.58 us, round:463
t1_max: 6.79 us, round:12868
t1_jitter: 4.21 us

t2_min: 97.08 us, round:7442
t2_max: 104.88 us, round:26
t2_jitter: 7.79 us

PMU diff samples: 315316
AVG DIFF LL_CACHE_RD: 0.56
AVG DIFF LL_CACHE_MISS_RD: 0.03
AVG DIFF L2D_CACHE_REFILL: 0.03
AVG DIFF L2D_CACHE_INVAL: 0.00
[cur diff] DIFF LL_CACHE_RD: 1, DIFF LL_CACHE_MISS_RD: 0, MISS_RATE: 0.00%
[cur diff] DIFF L2D_CACHE_REFILL: 0
[cur diff] DIFF L2D_CACHE_INVAL: 0
[max diff] DIFF LL_CACHE_RD: 5, DIFF LL_CACHE_MISS_RD: 5, MISS_RATE: 100.00%
[max diff] DIFF L2D_CACHE_REFILL: 5
[max diff] DIFF L2D_CACHE_INVAL: 0

===========================================================
taskpendcnt:317356
t0:1625 ns
t1:3208 ns
t2:98708 ns
benchmark: Franka-derived Cartesian-impedance kernel, input trace:8, timer period:1.000 ms
controller source: franka_ros2 jazzy@73a1501d, updates:317378, SVD sweeps:5
pose error:[0.010000 0.015000 0.010000 -0.000000 0.049979 -0.000000]
tau[0:6]:[1.228026 0.081850 0.819520 0.875435 0.745706 -0.833381 0.398995]
kernel exec min/avg/max: 94.21 / 95.56 / 100.92 us, samples:317388
pressure status:0, copy rounds total/window:0/0, 0.00 rounds/s
pressure logical copy:0.00 MiB total, approx 0.00 MiB/s, checksum:0
pressure report window:2.131372 s
t0_region>
[0]:4
[1]:317067
[2]:314
[3]:24
[4]:1

t1_region>
[2]:299395
[3]:17460
[4]:495
[5]:57
[6]:8

t2_region>
[97]:7683
[98]:301788
[99]:7322
[100]:492
[101]:97
[102]:26
[103]:10
[104]:2

t0_min: 0.96 us, round:80922
t0_max: 4.13 us, round:180954
t0_jitter: 3.17 us

t1_min: 2.58 us, round:463
t1_max: 6.79 us, round:12868
t1_jitter: 4.21 us

t2_min: 97.08 us, round:7442
t2_max: 104.88 us, round:26
t2_jitter: 7.79 us

PMU diff samples: 317448
AVG DIFF LL_CACHE_RD: 0.56
AVG DIFF LL_CACHE_MISS_RD: 0.03
AVG DIFF L2D_CACHE_REFILL: 0.03
AVG DIFF L2D_CACHE_INVAL: 0.00
[cur diff] DIFF LL_CACHE_RD: 1, DIFF LL_CACHE_MISS_RD: 0, MISS_RATE: 0.00%
[cur diff] DIFF L2D_CACHE_REFILL: 0
[cur diff] DIFF L2D_CACHE_INVAL: 0
[max diff] DIFF LL_CACHE_RD: 5, DIFF LL_CACHE_MISS_RD: 5, MISS_RATE: 100.00%
[max diff] DIFF L2D_CACHE_REFILL: 5
[max diff] DIFF L2D_CACHE_INVAL: 0

===========================================================
taskpendcnt:319488
t0:1541 ns
t1:3125 ns
t2:98625 ns
benchmark: Franka-derived Cartesian-impedance kernel, input trace:8, timer period:1.000 ms
controller source: franka_ros2 jazzy@73a1501d, updates:319510, SVD sweeps:5
pose error:[0.010000 0.015000 0.010000 -0.000000 0.049979 -0.000000]
tau[0:6]:[-2.379368 -1.292411 -1.655224 -1.570015 -1.185234 -0.066588 -0.610247]
kernel exec min/avg/max: 94.21 / 95.56 / 100.92 us, samples:319520
pressure status:0, copy rounds total/window:0/0, 0.00 rounds/s
pressure logical copy:0.00 MiB total, approx 0.00 MiB/s, checksum:0
pressure report window:2.132512 s
t0_region>
[0]:4
[1]:319199
[2]:314
[3]:24
[4]:1

t1_region>
[2]:301400
[3]:17586
[4]:496
[5]:57
[6]:8

t2_region>
[97]:7683
[98]:303868
[99]:7374
[100]:493
[101]:97
[102]:26
[103]:10
[104]:2

t0_min: 0.96 us, round:80922
t0_max: 4.13 us, round:180954
t0_jitter: 3.17 us

t1_min: 2.58 us, round:463
t1_max: 6.79 us, round:12868
t1_jitter: 4.21 us

t2_min: 97.08 us, round:7442
t2_max: 104.88 us, round:26
t2_jitter: 7.79 us

PMU diff samples: 319580
AVG DIFF LL_CACHE_RD: 0.55
AVG DIFF LL_CACHE_MISS_RD: 0.03
AVG DIFF L2D_CACHE_REFILL: 0.03
AVG DIFF L2D_CACHE_INVAL: 0.00
[cur diff] DIFF LL_CACHE_RD: 2, DIFF LL_CACHE_MISS_RD: 0, MISS_RATE: 0.00%
[cur diff] DIFF L2D_CACHE_REFILL: 0
[cur diff] DIFF L2D_CACHE_INVAL: 0
[max diff] DIFF LL_CACHE_RD: 5, DIFF LL_CACHE_MISS_RD: 5, MISS_RATE: 100.00%
[max diff] DIFF L2D_CACHE_REFILL: 5
[max diff] DIFF L2D_CACHE_INVAL: 0

===========================================================
taskpendcnt:321619
t0:1458 ns
t1:3041 ns
t2:98541 ns
benchmark: Franka-derived Cartesian-impedance kernel, input trace:8, timer period:1.000 ms
controller source: franka_ros2 jazzy@73a1501d, updates:321642, SVD sweeps:5
pose error:[0.010000 0.015000 0.010000 -0.000000 0.049979 -0.000000]
tau[0:6]:[1.228026 0.081850 0.819520 0.875435 0.745706 -0.833381 0.398995]
kernel exec min/avg/max: 94.21 / 95.56 / 100.92 us, samples:321651
pressure status:0, copy rounds total/window:0/0, 0.00 rounds/s
pressure logical copy:0.00 MiB total, approx 0.00 MiB/s, checksum:0
pressure report window:2.131271 s
t0_region>
[0]:4
[1]:321328
[2]:316
[3]:24
[4]:1

t1_region>
[2]:303422
[3]:17692
[4]:497
[5]:59
[6]:8

t2_region>
[97]:7683
[98]:305928
[99]:7442
[100]:494
[101]:99
[102]:26
[103]:10
[104]:2

t0_min: 0.96 us, round:80922
t0_max: 4.13 us, round:180954
t0_jitter: 3.17 us

t1_min: 2.58 us, round:463
t1_max: 6.79 us, round:12868
t1_jitter: 4.21 us

t2_min: 97.08 us, round:7442
t2_max: 104.88 us, round:26
t2_jitter: 7.79 us

PMU diff samples: 321712
AVG DIFF LL_CACHE_RD: 0.55
AVG DIFF LL_CACHE_MISS_RD: 0.03
AVG DIFF L2D_CACHE_REFILL: 0.03
AVG DIFF L2D_CACHE_INVAL: 0.00
[cur diff] DIFF LL_CACHE_RD: 1, DIFF LL_CACHE_MISS_RD: 0, MISS_RATE: 0.00%
[cur diff] DIFF L2D_CACHE_REFILL: 0
[cur diff] DIFF L2D_CACHE_INVAL: 0
[max diff] DIFF LL_CACHE_RD: 5, DIFF LL_CACHE_MISS_RD: 5, MISS_RATE: 100.00%
[max diff] DIFF L2D_CACHE_REFILL: 5
[max diff] DIFF L2D_CACHE_INVAL: 0

===========================================================
taskpendcnt:323751
t0:1375 ns
t1:2958 ns
t2:98458 ns
benchmark: Franka-derived Cartesian-impedance kernel, input trace:8, timer period:1.000 ms
controller source: franka_ros2 jazzy@73a1501d, updates:323774, SVD sweeps:5
pose error:[0.010000 0.015000 0.010000 -0.000000 0.049979 -0.000000]
tau[0:6]:[-2.379368 -1.292411 -1.655224 -1.570015 -1.185234 -0.066588 -0.610247]
kernel exec min/avg/max: 94.21 / 95.56 / 100.92 us, samples:323784
pressure status:0, copy rounds total/window:0/0, 0.00 rounds/s
pressure logical copy:0.00 MiB total, approx 0.00 MiB/s, checksum:0
pressure report window:2.132416 s
t0_region>
[0]:4
[1]:323460
[2]:317
[3]:24
[4]:1

t1_region>
[2]:305433
[3]:17813
[4]:498
[5]:59
[6]:8

t2_region>
[97]:7683
[98]:308005
[99]:7496
[100]:495
[101]:99
[102]:26
[103]:10
[104]:2

t0_min: 0.96 us, round:80922
t0_max: 4.13 us, round:180954
t0_jitter: 3.17 us

t1_min: 2.58 us, round:463
t1_max: 6.79 us, round:12868
t1_jitter: 4.21 us

t2_min: 97.08 us, round:7442
t2_max: 104.88 us, round:26
t2_jitter: 7.79 us

PMU diff samples: 323844
AVG DIFF LL_CACHE_RD: 0.55
AVG DIFF LL_CACHE_MISS_RD: 0.03
AVG DIFF L2D_CACHE_REFILL: 0.03
AVG DIFF L2D_CACHE_INVAL: 0.00
[cur diff] DIFF LL_CACHE_RD: 2, DIFF LL_CACHE_MISS_RD: 0, MISS_RATE: 0.00%
[cur diff] DIFF L2D_CACHE_REFILL: 0
[cur diff] DIFF L2D_CACHE_INVAL: 0
[max diff] DIFF LL_CACHE_RD: 5, DIFF LL_CACHE_MISS_RD: 5, MISS_RATE: 100.00%
[max diff] DIFF L2D_CACHE_REFILL: 5
[max diff] DIFF L2D_CACHE_INVAL: 0

===========================================================
taskpendcnt:325883
t0:1291 ns
t1:2875 ns
t2:98375 ns
benchmark: Franka-derived Cartesian-impedance kernel, input trace:8, timer period:1.000 ms
controller source: franka_ros2 jazzy@73a1501d, updates:325906, SVD sweeps:5
pose error:[0.010000 0.015000 0.010000 -0.000000 0.049979 -0.000000]
tau[0:6]:[1.228026 0.081850 0.819520 0.875435 0.745706 -0.833381 0.398995]
kernel exec min/avg/max: 94.21 / 95.56 / 100.92 us, samples:325915
pressure status:0, copy rounds total/window:0/0, 0.00 rounds/s
pressure logical copy:0.00 MiB total, approx 0.00 MiB/s, checksum:0
pressure report window:2.131373 s
t0_region>
[0]:4
[1]:325589
[2]:319
[3]:24
[4]:1

t1_region>
[2]:307453
[3]:17921
[4]:501
[5]:59
[6]:8

t2_region>
[97]:7683
[98]:310039
[99]:7594
[100]:495
[101]:99
[102]:26
[103]:10
[104]:2

t0_min: 0.96 us, round:80922
t0_max: 4.13 us, round:180954
t0_jitter: 3.17 us

t1_min: 2.58 us, round:463
t1_max: 6.79 us, round:12868
t1_jitter: 4.21 us

t2_min: 97.08 us, round:7442
t2_max: 104.88 us, round:26
t2_jitter: 7.79 us

PMU diff samples: 325975
AVG DIFF LL_CACHE_RD: 0.55
AVG DIFF LL_CACHE_MISS_RD: 0.03
AVG DIFF L2D_CACHE_REFILL: 0.03
AVG DIFF L2D_CACHE_INVAL: 0.00
[cur diff] DIFF LL_CACHE_RD: 3, DIFF LL_CACHE_MISS_RD: 0, MISS_RATE: 0.00%
[cur diff] DIFF L2D_CACHE_REFILL: 0
[cur diff] DIFF L2D_CACHE_INVAL: 0
[max diff] DIFF LL_CACHE_RD: 5, DIFF LL_CACHE_MISS_RD: 5, MISS_RATE: 100.00%
[max diff] DIFF L2D_CACHE_REFILL: 5
[max diff] DIFF L2D_CACHE_INVAL: 0

===========================================================
taskpendcnt:328015
t0:1500 ns
t1:3083 ns
t2:98583 ns
benchmark: Franka-derived Cartesian-impedance kernel, input trace:8, timer period:1.000 ms
controller source: franka_ros2 jazzy@73a1501d, updates:328038, SVD sweeps:5
pose error:[0.010000 0.015000 0.010000 -0.000000 0.049979 -0.000000]
tau[0:6]:[-2.781770 -1.613002 -1.930139 -1.581803 -1.382951 -0.390599 -0.663394]
kernel exec min/avg/max: 94.21 / 95.56 / 100.92 us, samples:328048
pressure status:0, copy rounds total/window:0/0, 0.00 rounds/s
pressure logical copy:0.00 MiB total, approx 0.00 MiB/s, checksum:0
pressure report window:2.132414 s
t0_region>
[0]:4
[1]:327717
[2]:324
[3]:24
[4]:1

t1_region>
[2]:309468
[3]:18031
[4]:505
[5]:62
[6]:8

t2_region>
[97]:7683
[98]:312087
[99]:7671
[100]:498
[101]:103
[102]:26
[103]:10
[104]:2

t0_min: 0.96 us, round:80922
t0_max: 4.13 us, round:180954
t0_jitter: 3.17 us

t1_min: 2.58 us, round:463
t1_max: 6.79 us, round:12868
t1_jitter: 4.21 us

t2_min: 97.08 us, round:7442
t2_max: 104.88 us, round:26
t2_jitter: 7.79 us

PMU diff samples: 328108
AVG DIFF LL_CACHE_RD: 0.55
AVG DIFF LL_CACHE_MISS_RD: 0.03
AVG DIFF L2D_CACHE_REFILL: 0.03
AVG DIFF L2D_CACHE_INVAL: 0.00
[cur diff] DIFF LL_CACHE_RD: 1, DIFF LL_CACHE_MISS_RD: 0, MISS_RATE: 0.00%
[cur diff] DIFF L2D_CACHE_REFILL: 0
[cur diff] DIFF L2D_CACHE_INVAL: 0
[max diff] DIFF LL_CACHE_RD: 5, DIFF LL_CACHE_MISS_RD: 5, MISS_RATE: 100.00%
[max diff] DIFF L2D_CACHE_REFILL: 5
[max diff] DIFF L2D_CACHE_INVAL: 0

===========================================================
taskpendcnt:330147
t0:1291 ns
t1:3166 ns
t2:98500 ns
benchmark: Franka-derived Cartesian-impedance kernel, input trace:8, timer period:1.000 ms
controller source: franka_ros2 jazzy@73a1501d, updates:330170, SVD sweeps:5
pose error:[0.010000 0.015000 0.010000 -0.000000 0.049979 -0.000000]
tau[0:6]:[0.839771 0.130674 0.617691 0.624912 0.653099 -0.592692 0.265887]
kernel exec min/avg/max: 94.21 / 95.56 / 100.92 us, samples:330179
pressure status:0, copy rounds total/window:0/0, 0.00 rounds/s
pressure logical copy:0.00 MiB total, approx 0.00 MiB/s, checksum:0
pressure report window:2.131376 s
t0_region>
[0]:4
[1]:329848
[2]:324
[3]:24
[4]:1

t1_region>
[2]:311486
[3]:18144
[4]:506
[5]:62
[6]:8

t2_region>
[97]:7683
[98]:314165
[99]:7724
[100]:498
[101]:104
[102]:26
[103]:10
[104]:2

t0_min: 0.96 us, round:80922
t0_max: 4.13 us, round:180954
t0_jitter: 3.17 us

t1_min: 2.58 us, round:463
t1_max: 6.79 us, round:12868
t1_jitter: 4.21 us

t2_min: 97.08 us, round:7442
t2_max: 104.88 us, round:26
t2_jitter: 7.79 us

PMU diff samples: 330239
AVG DIFF LL_CACHE_RD: 0.55
AVG DIFF LL_CACHE_MISS_RD: 0.03
AVG DIFF L2D_CACHE_REFILL: 0.03
AVG DIFF L2D_CACHE_INVAL: 0.00
[cur diff] DIFF LL_CACHE_RD: 3, DIFF LL_CACHE_MISS_RD: 0, MISS_RATE: 0.00%
[cur diff] DIFF L2D_CACHE_REFILL: 0
[cur diff] DIFF L2D_CACHE_INVAL: 0
[max diff] DIFF LL_CACHE_RD: 5, DIFF LL_CACHE_MISS_RD: 5, MISS_RATE: 100.00%
[max diff] DIFF L2D_CACHE_REFILL: 5
[max diff] DIFF L2D_CACHE_INVAL: 0

===========================================================
taskpendcnt:332279
t0:1500 ns
t1:3083 ns
t2:98583 ns
benchmark: Franka-derived Cartesian-impedance kernel, input trace:8, timer period:1.000 ms
controller source: franka_ros2 jazzy@73a1501d, updates:332302, SVD sweeps:5
pose error:[0.010000 0.015000 0.010000 -0.000000 0.049979 -0.000000]
tau[0:6]:[-2.781770 -1.613002 -1.930139 -1.581803 -1.382951 -0.390599 -0.663394]
kernel exec min/avg/max: 94.21 / 95.56 / 100.92 us, samples:332311
pressure status:0, copy rounds total/window:0/0, 0.00 rounds/s
pressure logical copy:0.00 MiB total, approx 0.00 MiB/s, checksum:0
pressure report window:2.132414 s
t0_region>
[0]:4
[1]:331977
[2]:327
[3]:24
[4]:1

t1_region>
[2]:313464
[3]:18292
[4]:513
[5]:62
[6]:8

t2_region>
[97]:7683
[98]:316176
[99]:7837
[100]:506
[101]:104
[102]:26
[103]:10
[104]:2

t0_min: 0.96 us, round:80922
t0_max: 4.13 us, round:180954
t0_jitter: 3.17 us

t1_min: 2.58 us, round:463
t1_max: 6.79 us, round:12868
t1_jitter: 4.21 us

t2_min: 97.08 us, round:7442
t2_max: 104.88 us, round:26
t2_jitter: 7.79 us

PMU diff samples: 332372
AVG DIFF LL_CACHE_RD: 0.55
AVG DIFF LL_CACHE_MISS_RD: 0.03
AVG DIFF L2D_CACHE_REFILL: 0.03
AVG DIFF L2D_CACHE_INVAL: 0.00
[cur diff] DIFF LL_CACHE_RD: 1, DIFF LL_CACHE_MISS_RD: 0, MISS_RATE: 0.00%
[cur diff] DIFF L2D_CACHE_REFILL: 0
[cur diff] DIFF L2D_CACHE_INVAL: 0
[max diff] DIFF LL_CACHE_RD: 5, DIFF LL_CACHE_MISS_RD: 5, MISS_RATE: 100.00%
[max diff] DIFF L2D_CACHE_REFILL: 5
[max diff] DIFF L2D_CACHE_INVAL: 0

===========================================================
taskpendcnt:334411
t0:1416 ns
t1:3000 ns
t2:98500 ns
benchmark: Franka-derived Cartesian-impedance kernel, input trace:8, timer period:1.000 ms
controller source: franka_ros2 jazzy@73a1501d, updates:334433, SVD sweeps:5
pose error:[0.010000 0.015000 0.010000 -0.000000 0.049979 -0.000000]
tau[0:6]:[0.839771 0.130674 0.617691 0.624912 0.653099 -0.592692 0.265887]
kernel exec min/avg/max: 94.21 / 95.56 / 100.92 us, samples:334443
pressure status:0, copy rounds total/window:0/0, 0.00 rounds/s
pressure logical copy:0.00 MiB total, approx 0.00 MiB/s, checksum:0
pressure report window:2.131374 s
t0_region>
[0]:4
[1]:334108
[2]:328
[3]:24
[4]:1

t1_region>
[2]:315490
[3]:18396
[4]:514
[5]:62
[6]:8

t2_region>
[97]:7683
[98]:318224
[99]:7920
[100]:506
[101]:104
[102]:26
[103]:10
[104]:2

t0_min: 0.96 us, round:80922
t0_max: 4.13 us, round:180954
t0_jitter: 3.17 us

t1_min: 2.58 us, round:463
t1_max: 6.79 us, round:12868
t1_jitter: 4.21 us

t2_min: 97.08 us, round:7442
t2_max: 104.88 us, round:26
t2_jitter: 7.79 us

PMU diff samples: 334503
AVG DIFF LL_CACHE_RD: 0.55
AVG DIFF LL_CACHE_MISS_RD: 0.03
AVG DIFF L2D_CACHE_REFILL: 0.03
AVG DIFF L2D_CACHE_INVAL: 0.00
[cur diff] DIFF LL_CACHE_RD: 0, DIFF LL_CACHE_MISS_RD: 0, MISS_RATE: 0.00%
[cur diff] DIFF L2D_CACHE_REFILL: 0
[cur diff] DIFF L2D_CACHE_INVAL: 0
[max diff] DIFF LL_CACHE_RD: 5, DIFF LL_CACHE_MISS_RD: 5, MISS_RATE: 100.00%
[max diff] DIFF L2D_CACHE_REFILL: 5
[max diff] DIFF L2D_CACHE_INVAL: 0

===========================================================
taskpendcnt:336543
t0:1333 ns
t1:3500 ns
t2:98416 ns
benchmark: Franka-derived Cartesian-impedance kernel, input trace:8, timer period:1.000 ms
controller source: franka_ros2 jazzy@73a1501d, updates:336565, SVD sweeps:5
pose error:[0.010000 0.015000 0.010000 -0.000000 0.049979 -0.000000]
tau[0:6]:[-2.781770 -1.613002 -1.930139 -1.581803 -1.382951 -0.390599 -0.663394]
kernel exec min/avg/max: 94.21 / 95.56 / 100.92 us, samples:336575
pressure status:0, copy rounds total/window:0/0, 0.00 rounds/s
pressure logical copy:0.00 MiB total, approx 0.00 MiB/s, checksum:0
pressure report window:2.132414 s
t0_region>
[0]:4
[1]:336237
[2]:331
[3]:24
[4]:1

t1_region>
[2]:317517
[3]:18497
[4]:518
[5]:62
[6]:8

t2_region>
[97]:7683
[98]:320280
[99]:7992
[100]:510
[101]:105
[102]:26
[103]:10
[104]:2

t0_min: 0.96 us, round:80922
t0_max: 4.13 us, round:180954
t0_jitter: 3.17 us

t1_min: 2.58 us, round:463
t1_max: 6.79 us, round:12868
t1_jitter: 4.21 us

t2_min: 97.08 us, round:7442
t2_max: 104.88 us, round:26
t2_jitter: 7.79 us

PMU diff samples: 336635
AVG DIFF LL_CACHE_RD: 0.55
AVG DIFF LL_CACHE_MISS_RD: 0.03
AVG DIFF L2D_CACHE_REFILL: 0.03
AVG DIFF L2D_CACHE_INVAL: 0.00
[cur diff] DIFF LL_CACHE_RD: 1, DIFF LL_CACHE_MISS_RD: 0, MISS_RATE: 0.00%
[cur diff] DIFF L2D_CACHE_REFILL: 0
[cur diff] DIFF L2D_CACHE_INVAL: 0
[max diff] DIFF LL_CACHE_RD: 5, DIFF LL_CACHE_MISS_RD: 5, MISS_RATE: 100.00%
[max diff] DIFF L2D_CACHE_REFILL: 5
[max diff] DIFF L2D_CACHE_INVAL: 0

===========================================================
taskpendcnt:338675
t0:1250 ns
t1:2833 ns
t2:99208 ns
benchmark: Franka-derived Cartesian-impedance kernel, input trace:8, timer period:1.000 ms
controller source: franka_ros2 jazzy@73a1501d, updates:338697, SVD sweeps:5
pose error:[0.010000 0.015000 0.010000 -0.000000 0.049979 -0.000000]
tau[0:6]:[0.839771 0.130674 0.617691 0.624912 0.653099 -0.592692 0.265887]
kernel exec min/avg/max: 94.21 / 95.56 / 100.92 us, samples:338707
pressure status:0, copy rounds total/window:0/0, 0.00 rounds/s
pressure logical copy:0.00 MiB total, approx 0.00 MiB/s, checksum:0
pressure report window:2.131429 s
t0_region>
[0]:4
[1]:338367
[2]:333
[3]:24
[4]:1

t1_region>
[2]:319515
[3]:18623
[4]:524
[5]:63
[6]:8

t2_region>
[97]:7683
[98]:322283
[99]:8116
[100]:514
[101]:106
[102]:26
[103]:10
[104]:2

t0_min: 0.96 us, round:80922
t0_max: 4.13 us, round:180954
t0_jitter: 3.17 us

t1_min: 2.58 us, round:463
t1_max: 6.79 us, round:12868
t1_jitter: 4.21 us

t2_min: 97.08 us, round:7442
t2_max: 104.88 us, round:26
t2_jitter: 7.79 us

PMU diff samples: 338767
AVG DIFF LL_CACHE_RD: 0.55
AVG DIFF LL_CACHE_MISS_RD: 0.03
AVG DIFF L2D_CACHE_REFILL: 0.03
AVG DIFF L2D_CACHE_INVAL: 0.00
[cur diff] DIFF LL_CACHE_RD: 1, DIFF LL_CACHE_MISS_RD: 0, MISS_RATE: 0.00%
[cur diff] DIFF L2D_CACHE_REFILL: 0
[cur diff] DIFF L2D_CACHE_INVAL: 0
[max diff] DIFF LL_CACHE_RD: 5, DIFF LL_CACHE_MISS_RD: 5, MISS_RATE: 100.00%
[max diff] DIFF L2D_CACHE_REFILL: 5
[max diff] DIFF L2D_CACHE_INVAL: 0

===========================================================
taskpendcnt:340806
t0:1458 ns
t1:3041 ns
t2:98833 ns
benchmark: Franka-derived Cartesian-impedance kernel, input trace:8, timer period:1.000 ms
controller source: franka_ros2 jazzy@73a1501d, updates:340829, SVD sweeps:5
pose error:[0.010000 0.015000 0.010000 -0.000000 0.049979 -0.000000]
tau[0:6]:[-2.781770 -1.613002 -1.930139 -1.581803 -1.382951 -0.390599 -0.663394]
kernel exec min/avg/max: 94.21 / 95.56 / 100.92 us, samples:340839
pressure status:0, copy rounds total/window:0/0, 0.00 rounds/s
pressure logical copy:0.00 MiB total, approx 0.00 MiB/s, checksum:0
pressure report window:2.132353 s
t0_region>
[0]:4
[1]:340497
[2]:335
[3]:24
[4]:1

t1_region>
[2]:321524
[3]:18744
[4]:526
[5]:63
[6]:8

t2_region>
[97]:7683
[98]:324361
[99]:8169
[100]:515
[101]:106
[102]:26
[103]:10
[104]:2

t0_min: 0.96 us, round:80922
t0_max: 4.13 us, round:180954
t0_jitter: 3.17 us

t1_min: 2.58 us, round:463
t1_max: 6.79 us, round:12868
t1_jitter: 4.21 us

t2_min: 97.08 us, round:7442
t2_max: 104.88 us, round:26
t2_jitter: 7.79 us

PMU diff samples: 340899
AVG DIFF LL_CACHE_RD: 0.54
AVG DIFF LL_CACHE_MISS_RD: 0.03
AVG DIFF L2D_CACHE_REFILL: 0.03
AVG DIFF L2D_CACHE_INVAL: 0.00
[cur diff] DIFF LL_CACHE_RD: 4, DIFF LL_CACHE_MISS_RD: 0, MISS_RATE: 0.00%
[cur diff] DIFF L2D_CACHE_REFILL: 0
[cur diff] DIFF L2D_CACHE_INVAL: 0
[max diff] DIFF LL_CACHE_RD: 5, DIFF LL_CACHE_MISS_RD: 5, MISS_RATE: 100.00%
[max diff] DIFF L2D_CACHE_REFILL: 5
[max diff] DIFF L2D_CACHE_INVAL: 0

===========================================================
taskpendcnt:342938
t0:1375 ns
t1:2958 ns
t2:98458 ns
benchmark: Franka-derived Cartesian-impedance kernel, input trace:8, timer period:1.000 ms
controller source: franka_ros2 jazzy@73a1501d, updates:342961, SVD sweeps:5
pose error:[0.010000 0.015000 0.010000 -0.000000 0.049979 -0.000000]
tau[0:6]:[0.839771 0.130674 0.617691 0.624912 0.653099 -0.592692 0.265887]
kernel exec min/avg/max: 94.21 / 95.56 / 100.92 us, samples:342970
pressure status:0, copy rounds total/window:0/0, 0.00 rounds/s
pressure logical copy:0.00 MiB total, approx 0.00 MiB/s, checksum:0
pressure report window:2.131375 s
t0_region>
[0]:4
[1]:342627
[2]:336
[3]:24
[4]:1

t1_region>
[2]:323532
[3]:18867
[4]:527
[5]:63
[6]:8

t2_region>
[97]:7683
[98]:326437
[99]:8223
[100]:516
[101]:106
[102]:26
[103]:10
[104]:2

t0_min: 0.96 us, round:80922
t0_max: 4.13 us, round:180954
t0_jitter: 3.17 us

t1_min: 2.58 us, round:463
t1_max: 6.79 us, round:12868
t1_jitter: 4.21 us

t2_min: 97.08 us, round:7442
t2_max: 104.88 us, round:26
t2_jitter: 7.79 us

PMU diff samples: 343031
AVG DIFF LL_CACHE_RD: 0.54
AVG DIFF LL_CACHE_MISS_RD: 0.03
AVG DIFF L2D_CACHE_REFILL: 0.03
AVG DIFF L2D_CACHE_INVAL: 0.00
[cur diff] DIFF LL_CACHE_RD: 2, DIFF LL_CACHE_MISS_RD: 0, MISS_RATE: 0.00%
[cur diff] DIFF L2D_CACHE_REFILL: 0
[cur diff] DIFF L2D_CACHE_INVAL: 0
[max diff] DIFF LL_CACHE_RD: 5, DIFF LL_CACHE_MISS_RD: 5, MISS_RATE: 100.00%
[max diff] DIFF L2D_CACHE_REFILL: 5
[max diff] DIFF L2D_CACHE_INVAL: 0

===========================================================
taskpendcnt:345070
t0:1291 ns
t1:2875 ns
t2:98666 ns
benchmark: Franka-derived Cartesian-impedance kernel, input trace:8, timer period:1.000 ms
controller source: franka_ros2 jazzy@73a1501d, updates:345093, SVD sweeps:5
pose error:[0.010000 0.015000 0.010000 -0.000000 0.049979 -0.000000]
tau[0:6]:[-2.781770 -1.613002 -1.930139 -1.581803 -1.382951 -0.390599 -0.663394]
kernel exec min/avg/max: 94.21 / 95.57 / 100.92 us, samples:345103
pressure status:0, copy rounds total/window:0/0, 0.00 rounds/s
pressure logical copy:0.00 MiB total, approx 0.00 MiB/s, checksum:0
pressure report window:2.132413 s
t0_region>
[0]:4
[1]:344759
[2]:337
[3]:24
[4]:1

t1_region>
[2]:325548
[3]:18982
[4]:528
[5]:63
[6]:8

t2_region>
[97]:7683
[98]:328490
[99]:8301
[100]:517
[101]:106
[102]:26
[103]:10
[104]:2

t0_min: 0.96 us, round:80922
t0_max: 4.13 us, round:180954
t0_jitter: 3.17 us

t1_min: 2.58 us, round:463
t1_max: 6.79 us, round:12868
t1_jitter: 4.21 us

t2_min: 97.08 us, round:7442
t2_max: 104.88 us, round:26
t2_jitter: 7.79 us

PMU diff samples: 345163
AVG DIFF LL_CACHE_RD: 0.54
AVG DIFF LL_CACHE_MISS_RD: 0.03
AVG DIFF L2D_CACHE_REFILL: 0.03
AVG DIFF L2D_CACHE_INVAL: 0.00
[cur diff] DIFF LL_CACHE_RD: 1, DIFF LL_CACHE_MISS_RD: 0, MISS_RATE: 0.00%
[cur diff] DIFF L2D_CACHE_REFILL: 0
[cur diff] DIFF L2D_CACHE_INVAL: 0
[max diff] DIFF LL_CACHE_RD: 5, DIFF LL_CACHE_MISS_RD: 5, MISS_RATE: 100.00%
[max diff] DIFF L2D_CACHE_REFILL: 5
[max diff] DIFF L2D_CACHE_INVAL: 0

===========================================================
taskpendcnt:347202
t0:1208 ns
t1:3083 ns
t2:98583 ns
benchmark: Franka-derived Cartesian-impedance kernel, input trace:8, timer period:1.000 ms
controller source: franka_ros2 jazzy@73a1501d, updates:347225, SVD sweeps:5
pose error:[0.010000 0.015000 0.010000 -0.000000 0.049979 -0.000000]
tau[0:6]:[0.839771 0.130674 0.617691 0.624912 0.653099 -0.592692 0.265887]
kernel exec min/avg/max: 94.21 / 95.57 / 100.92 us, samples:347234
pressure status:0, copy rounds total/window:0/0, 0.00 rounds/s
pressure logical copy:0.00 MiB total, approx 0.00 MiB/s, checksum:0
pressure report window:2.131374 s
t0_region>
[0]:4
[1]:346888
[2]:339
[3]:24
[4]:1

t1_region>
[2]:327561
[3]:19099
[4]:530
[5]:63
[6]:8

t2_region>
[97]:7683
[98]:330490
[99]:8430
[100]:519
[101]:106
[102]:27
[103]:10
[104]:2

t0_min: 0.96 us, round:80922
t0_max: 4.13 us, round:180954
t0_jitter: 3.17 us

t1_min: 2.58 us, round:463
t1_max: 6.79 us, round:12868
t1_jitter: 4.21 us

t2_min: 97.08 us, round:7442
t2_max: 104.88 us, round:26
t2_jitter: 7.79 us

PMU diff samples: 347294
AVG DIFF LL_CACHE_RD: 0.54
AVG DIFF LL_CACHE_MISS_RD: 0.03
AVG DIFF L2D_CACHE_REFILL: 0.03
AVG DIFF L2D_CACHE_INVAL: 0.00
[cur diff] DIFF LL_CACHE_RD: 1, DIFF LL_CACHE_MISS_RD: 0, MISS_RATE: 0.00%
[cur diff] DIFF L2D_CACHE_REFILL: 0
[cur diff] DIFF L2D_CACHE_INVAL: 0
[max diff] DIFF LL_CACHE_RD: 5, DIFF LL_CACHE_MISS_RD: 5, MISS_RATE: 100.00%
[max diff] DIFF L2D_CACHE_REFILL: 5
[max diff] DIFF L2D_CACHE_INVAL: 0

===========================================================
taskpendcnt:349334
t0:1583 ns
t1:2708 ns
t2:98500 ns
benchmark: Franka-derived Cartesian-impedance kernel, input trace:8, timer period:1.000 ms
controller source: franka_ros2 jazzy@73a1501d, updates:349357, SVD sweeps:5
pose error:[0.010000 0.015000 0.010000 -0.000000 0.049979 -0.000000]
tau[0:6]:[-0.567483 -0.552304 -0.482512 -0.231067 -0.297494 -0.656094 -0.085004]
kernel exec min/avg/max: 94.21 / 95.57 / 100.92 us, samples:349367
pressure status:0, copy rounds total/window:0/0, 0.00 rounds/s
pressure logical copy:0.00 MiB total, approx 0.00 MiB/s, checksum:0
pressure report window:2.132416 s
t0_region>
[0]:4
[1]:349021
[2]:339
[3]:24
[4]:1

t1_region>
[2]:329565
[3]:19225
[4]:532
[5]:63
[6]:8

t2_region>
[97]:7683
[98]:332547
[99]:8504
[100]:520
[101]:106
[102]:27
[103]:10
[104]:2

t0_min: 0.96 us, round:80922
t0_max: 4.13 us, round:180954
t0_jitter: 3.17 us

t1_min: 2.58 us, round:463
t1_max: 6.79 us, round:12868
t1_jitter: 4.21 us

t2_min: 97.08 us, round:7442
t2_max: 104.88 us, round:26
t2_jitter: 7.79 us

PMU diff samples: 349427
AVG DIFF LL_CACHE_RD: 0.54
AVG DIFF LL_CACHE_MISS_RD: 0.03
AVG DIFF L2D_CACHE_REFILL: 0.03
AVG DIFF L2D_CACHE_INVAL: 0.00
[cur diff] DIFF LL_CACHE_RD: 0, DIFF LL_CACHE_MISS_RD: 0, MISS_RATE: 0.00%
[cur diff] DIFF L2D_CACHE_REFILL: 0
[cur diff] DIFF L2D_CACHE_INVAL: 0
[max diff] DIFF LL_CACHE_RD: 5, DIFF LL_CACHE_MISS_RD: 5, MISS_RATE: 100.00%
[max diff] DIFF L2D_CACHE_REFILL: 5
[max diff] DIFF L2D_CACHE_INVAL: 0

===========================================================
taskpendcnt:351466
t0:1500 ns
t1:2791 ns
t2:98583 ns
benchmark: Franka-derived Cartesian-impedance kernel, input trace:8, timer period:1.000 ms
controller source: franka_ros2 jazzy@73a1501d, updates:351489, SVD sweeps:5
pose error:[0.010000 0.015000 0.010000 -0.000000 0.049979 -0.000000]
tau[0:6]:[-0.274004 -0.324180 0.001577 -0.231466 0.050986 -0.328952 0.010844]
kernel exec min/avg/max: 94.21 / 95.57 / 100.92 us, samples:351498
pressure status:0, copy rounds total/window:0/0, 0.00 rounds/s
pressure logical copy:0.00 MiB total, approx 0.00 MiB/s, checksum:0
pressure report window:2.131634 s
t0_region>
[0]:4
[1]:351149
[2]:342
[3]:24
[4]:1

t1_region>
[2]:331582
[3]:19337
[4]:535
[5]:63
[6]:8

t2_region>
[97]:7683
[98]:334601
[99]:8579
[100]:523
[101]:106
[102]:27
[103]:10
[104]:2

t0_min: 0.96 us, round:80922
t0_max: 4.13 us, round:180954
t0_jitter: 3.17 us

t1_min: 2.58 us, round:463
t1_max: 6.79 us, round:12868
t1_jitter: 4.21 us

t2_min: 97.08 us, round:7442
t2_max: 104.88 us, round:26
t2_jitter: 7.79 us

PMU diff samples: 351558
AVG DIFF LL_CACHE_RD: 0.54
AVG DIFF LL_CACHE_MISS_RD: 0.03
AVG DIFF L2D_CACHE_REFILL: 0.03
AVG DIFF L2D_CACHE_INVAL: 0.00
[cur diff] DIFF LL_CACHE_RD: 1, DIFF LL_CACHE_MISS_RD: 0, MISS_RATE: 0.00%
[cur diff] DIFF L2D_CACHE_REFILL: 0
[cur diff] DIFF L2D_CACHE_INVAL: 0
[max diff] DIFF LL_CACHE_RD: 5, DIFF LL_CACHE_MISS_RD: 5, MISS_RATE: 100.00%
[max diff] DIFF L2D_CACHE_REFILL: 5
[max diff] DIFF L2D_CACHE_INVAL: 0

===========================================================
taskpendcnt:353598
t0:1416 ns
t1:3000 ns
t2:98500 ns
benchmark: Franka-derived Cartesian-impedance kernel, input trace:8, timer period:1.000 ms
controller source: franka_ros2 jazzy@73a1501d, updates:353620, SVD sweeps:5
pose error:[0.010000 0.015000 0.010000 -0.000000 0.049979 -0.000000]
tau[0:6]:[-0.567483 -0.552304 -0.482512 -0.231067 -0.297494 -0.656094 -0.085004]
kernel exec min/avg/max: 94.21 / 95.57 / 100.92 us, samples:353630
pressure status:0, copy rounds total/window:0/0, 0.00 rounds/s
pressure logical copy:0.00 MiB total, approx 0.00 MiB/s, checksum:0
pressure report window:2.132155 s
t0_region>
[0]:4
[1]:353280
[2]:343
[3]:24
[4]:1

t1_region>
[2]:333607
[3]:19442
[4]:537
[5]:63
[6]:8

t2_region>
[97]:7683
[98]:336663
[99]:8648
[100]:524
[101]:106
[102]:27
[103]:10
[104]:2

t0_min: 0.96 us, round:80922
t0_max: 4.13 us, round:180954
t0_jitter: 3.17 us

t1_min: 2.58 us, round:463
t1_max: 6.79 us, round:12868
t1_jitter: 4.21 us

t2_min: 97.08 us, round:7442
t2_max: 104.88 us, round:26
t2_jitter: 7.79 us

PMU diff samples: 353691
AVG DIFF LL_CACHE_RD: 0.54
AVG DIFF LL_CACHE_MISS_RD: 0.03
AVG DIFF L2D_CACHE_REFILL: 0.03
AVG DIFF L2D_CACHE_INVAL: 0.00
[cur diff] DIFF LL_CACHE_RD: 2, DIFF LL_CACHE_MISS_RD: 0, MISS_RATE: 0.00%
[cur diff] DIFF L2D_CACHE_REFILL: 0
[cur diff] DIFF L2D_CACHE_INVAL: 0
[max diff] DIFF LL_CACHE_RD: 5, DIFF LL_CACHE_MISS_RD: 5, MISS_RATE: 100.00%
[max diff] DIFF L2D_CACHE_REFILL: 5
[max diff] DIFF L2D_CACHE_INVAL: 0

===========================================================
taskpendcnt:355730
t0:1333 ns
t1:3208 ns
t2:98708 ns
benchmark: Franka-derived Cartesian-impedance kernel, input trace:8, timer period:1.000 ms
controller source: franka_ros2 jazzy@73a1501d, updates:355752, SVD sweeps:5
pose error:[0.010000 0.015000 0.010000 -0.000000 0.049979 -0.000000]
tau[0:6]:[-0.274004 -0.324180 0.001577 -0.231466 0.050986 -0.328952 0.010844]
kernel exec min/avg/max: 94.21 / 95.57 / 100.92 us, samples:355762
pressure status:0, copy rounds total/window:0/0, 0.00 rounds/s
pressure logical copy:0.00 MiB total, approx 0.00 MiB/s, checksum:0
pressure report window:2.131636 s
t0_region>
[0]:4
[1]:355408
[2]:346
[3]:25
[4]:1

t1_region>
[2]:335606
[3]:19571
[4]:541
[5]:63
[6]:8

t2_region>
[97]:7683
[98]:338703
[99]:8737
[100]:527
[101]:106
[102]:27
[103]:10
[104]:2

t0_min: 0.96 us, round:80922
t0_max: 4.13 us, round:180954
t0_jitter: 3.17 us

t1_min: 2.58 us, round:463
t1_max: 6.79 us, round:12868
t1_jitter: 4.21 us

t2_min: 97.08 us, round:7442
t2_max: 104.88 us, round:26
t2_jitter: 7.79 us

PMU diff samples: 355822
AVG DIFF LL_CACHE_RD: 0.53
AVG DIFF LL_CACHE_MISS_RD: 0.03
AVG DIFF L2D_CACHE_REFILL: 0.03
AVG DIFF L2D_CACHE_INVAL: 0.00
[cur diff] DIFF LL_CACHE_RD: 3, DIFF LL_CACHE_MISS_RD: 0, MISS_RATE: 0.00%
[cur diff] DIFF L2D_CACHE_REFILL: 0
[cur diff] DIFF L2D_CACHE_INVAL: 0
[max diff] DIFF LL_CACHE_RD: 5, DIFF LL_CACHE_MISS_RD: 5, MISS_RATE: 100.00%
[max diff] DIFF L2D_CACHE_REFILL: 5
[max diff] DIFF L2D_CACHE_INVAL: 0

===========================================================
taskpendcnt:357862
t0:1250 ns
t1:3125 ns
t2:99208 ns
benchmark: Franka-derived Cartesian-impedance kernel, input trace:8, timer period:1.000 ms
controller source: franka_ros2 jazzy@73a1501d, updates:357884, SVD sweeps:5
pose error:[0.010000 0.015000 0.010000 -0.000000 0.049979 -0.000000]
tau[0:6]:[-0.567483 -0.552304 -0.482512 -0.231067 -0.297494 -0.656094 -0.085004]
kernel exec min/avg/max: 94.21 / 95.57 / 100.92 us, samples:357894
pressure status:0, copy rounds total/window:0/0, 0.00 rounds/s
pressure logical copy:0.00 MiB total, approx 0.00 MiB/s, checksum:0
pressure report window:2.132168 s
t0_region>
[0]:4
[1]:357539
[2]:347
[3]:25
[4]:1

t1_region>
[2]:337601
[3]:19707
[4]:542
[5]:63
[6]:8
[7]:1

t2_region>
[97]:7683
[98]:340748
[99]:8822
[100]:527
[101]:107
[102]:27
[103]:11
[104]:2

t0_min: 0.96 us, round:80922
t0_max: 4.13 us, round:180954
t0_jitter: 3.17 us

t1_min: 2.58 us, round:463
t1_max: 7.50 us, round:356828
t1_jitter: 4.92 us

t2_min: 97.08 us, round:7442
t2_max: 104.88 us, round:26
t2_jitter: 7.79 us

PMU diff samples: 357955
AVG DIFF LL_CACHE_RD: 0.54
AVG DIFF LL_CACHE_MISS_RD: 0.03
AVG DIFF L2D_CACHE_REFILL: 0.03
AVG DIFF L2D_CACHE_INVAL: 0.00
[cur diff] DIFF LL_CACHE_RD: 1, DIFF LL_CACHE_MISS_RD: 0, MISS_RATE: 0.00%
[cur diff] DIFF L2D_CACHE_REFILL: 0
[cur diff] DIFF L2D_CACHE_INVAL: 0
[max diff] DIFF LL_CACHE_RD: 2, DIFF LL_CACHE_MISS_RD: 2, MISS_RATE: 100.00%
[max diff] DIFF L2D_CACHE_REFILL: 2
[max diff] DIFF L2D_CACHE_INVAL: 0

===========================================================
taskpendcnt:359995
t0:1291 ns
t1:2875 ns
t2:98375 ns
benchmark: Franka-derived Cartesian-impedance kernel, input trace:8, timer period:1.000 ms
controller source: franka_ros2 jazzy@73a1501d, updates:360017, SVD sweeps:5
pose error:[0.010000 0.015000 0.010000 -0.000000 0.049979 -0.000000]
tau[0:6]:[0.839771 0.130674 0.617691 0.624912 0.653099 -0.592692 0.265887]
kernel exec min/avg/max: 94.21 / 95.57 / 100.92 us, samples:360026
pressure status:0, copy rounds total/window:0/0, 0.00 rounds/s
pressure logical copy:0.00 MiB total, approx 0.00 MiB/s, checksum:0
pressure report window:2.132355 s
t0_region>
[0]:4
[1]:359670
[2]:349
[3]:25
[4]:1

t1_region>
[2]:339615
[3]:19823
[4]:544
[5]:63
[6]:8
[7]:1

t2_region>
[97]:7683
[98]:342859
[99]:8842
[100]:528
[101]:108
[102]:27
[103]:11
[104]:2

t0_min: 0.96 us, round:80922
t0_max: 4.13 us, round:180954
t0_jitter: 3.17 us

t1_min: 2.58 us, round:463
t1_max: 7.50 us, round:356828
t1_jitter: 4.92 us

t2_min: 97.08 us, round:7442
t2_max: 104.88 us, round:26
t2_jitter: 7.79 us

PMU diff samples: 360087
AVG DIFF LL_CACHE_RD: 0.54
AVG DIFF LL_CACHE_MISS_RD: 0.03
AVG DIFF L2D_CACHE_REFILL: 0.03
AVG DIFF L2D_CACHE_INVAL: 0.00
[cur diff] DIFF LL_CACHE_RD: 2, DIFF LL_CACHE_MISS_RD: 0, MISS_RATE: 0.00%
[cur diff] DIFF L2D_CACHE_REFILL: 0
[cur diff] DIFF L2D_CACHE_INVAL: 0
[max diff] DIFF LL_CACHE_RD: 2, DIFF LL_CACHE_MISS_RD: 2, MISS_RATE: 100.00%
[max diff] DIFF L2D_CACHE_REFILL: 2
[max diff] DIFF L2D_CACHE_INVAL: 0

===========================================================
taskpendcnt:362127
t0:1333 ns
t1:2916 ns
t2:98416 ns
benchmark: Franka-derived Cartesian-impedance kernel, input trace:8, timer period:1.000 ms
controller source: franka_ros2 jazzy@73a1501d, updates:362150, SVD sweeps:5
pose error:[0.010000 0.015000 0.010000 -0.000000 0.049979 -0.000000]
tau[0:6]:[-2.379368 -1.292411 -1.655224 -1.570015 -1.185234 -0.066588 -0.610247]
kernel exec min/avg/max: 94.21 / 95.57 / 100.92 us, samples:362160
pressure status:0, copy rounds total/window:0/0, 0.00 rounds/s
pressure logical copy:0.00 MiB total, approx 0.00 MiB/s, checksum:0
pressure report window:2.133412 s
t0_region>
[0]:4
[1]:361802
[2]:349
[3]:26
[4]:1

t1_region>
[2]:341627
[3]:19943
[4]:545
[5]:63
[6]:8
[7]:1

t2_region>
[97]:7683
[98]:344900
[99]:8933
[100]:529
[101]:108
[102]:27
[103]:11
[104]:2

t0_min: 0.96 us, round:80922
t0_max: 4.13 us, round:180954
t0_jitter: 3.17 us

t1_min: 2.58 us, round:463
t1_max: 7.50 us, round:356828
t1_jitter: 4.92 us

t2_min: 97.08 us, round:7442
t2_max: 104.88 us, round:26
t2_jitter: 7.79 us

PMU diff samples: 362221
AVG DIFF LL_CACHE_RD: 0.54
AVG DIFF LL_CACHE_MISS_RD: 0.03
AVG DIFF L2D_CACHE_REFILL: 0.03
AVG DIFF L2D_CACHE_INVAL: 0.00
[cur diff] DIFF LL_CACHE_RD: 1, DIFF LL_CACHE_MISS_RD: 0, MISS_RATE: 0.00%
[cur diff] DIFF L2D_CACHE_REFILL: 0
[cur diff] DIFF L2D_CACHE_INVAL: 0
[max diff] DIFF LL_CACHE_RD: 2, DIFF LL_CACHE_MISS_RD: 2, MISS_RATE: 100.00%
[max diff] DIFF L2D_CACHE_REFILL: 2
[max diff] DIFF L2D_CACHE_INVAL: 0

===========================================================
taskpendcnt:364260
t0:1375 ns
t1:2958 ns
t2:98750 ns
benchmark: Franka-derived Cartesian-impedance kernel, input trace:8, timer period:1.000 ms
controller source: franka_ros2 jazzy@73a1501d, updates:364283, SVD sweeps:5
pose error:[0.010000 0.015000 0.010000 -0.000000 0.049979 -0.000000]
tau[0:6]:[1.376914 -0.104433 0.790225 0.843903 0.642107 -0.956178 0.423547]
kernel exec min/avg/max: 94.21 / 95.57 / 100.92 us, samples:364292
pressure status:0, copy rounds total/window:0/0, 0.00 rounds/s
pressure logical copy:0.00 MiB total, approx 0.00 MiB/s, checksum:0
pressure report window:2.132460 s
t0_region>
[0]:4
[1]:363931
[2]:352
[3]:26
[4]:1

t1_region>
[2]:343643
[3]:20058
[4]:547
[5]:63
[6]:8
[7]:1

t2_region>
[97]:7683
[98]:346898
[99]:9065
[100]:531
[101]:109
[102]:27
[103]:11
[104]:2

t0_min: 0.96 us, round:80922
t0_max: 4.13 us, round:180954
t0_jitter: 3.17 us

t1_min: 2.58 us, round:463
t1_max: 7.50 us, round:356828
t1_jitter: 4.92 us

t2_min: 97.08 us, round:7442
t2_max: 104.88 us, round:26
t2_jitter: 7.79 us

PMU diff samples: 364353
AVG DIFF LL_CACHE_RD: 0.53
AVG DIFF LL_CACHE_MISS_RD: 0.03
AVG DIFF L2D_CACHE_REFILL: 0.03
AVG DIFF L2D_CACHE_INVAL: 0.00
[cur diff] DIFF LL_CACHE_RD: 1, DIFF LL_CACHE_MISS_RD: 0, MISS_RATE: 0.00%
[cur diff] DIFF L2D_CACHE_REFILL: 0
[cur diff] DIFF L2D_CACHE_INVAL: 0
[max diff] DIFF LL_CACHE_RD: 2, DIFF LL_CACHE_MISS_RD: 2, MISS_RATE: 100.00%
[max diff] DIFF L2D_CACHE_REFILL: 2
[max diff] DIFF L2D_CACHE_INVAL: 0

===========================================================
taskpendcnt:366393
t0:1125 ns
t1:2708 ns
t2:98500 ns
benchmark: Franka-derived Cartesian-impedance kernel, input trace:8, timer period:1.000 ms
controller source: franka_ros2 jazzy@73a1501d, updates:366416, SVD sweeps:5
pose error:[0.010000 0.015000 0.010000 -0.000000 0.049979 -0.000000]
tau[0:6]:[-0.274004 -0.324180 0.001577 -0.231466 0.050986 -0.328952 0.010844]
kernel exec min/avg/max: 94.21 / 95.57 / 100.92 us, samples:366425
pressure status:0, copy rounds total/window:0/0, 0.00 rounds/s
pressure logical copy:0.00 MiB total, approx 0.00 MiB/s, checksum:0
pressure report window:2.133070 s
t0_region>
[0]:4
[1]:366062
[2]:355
[3]:26
[4]:1

t1_region>
[2]:345654
[3]:20177
[4]:550
[5]:63
[6]:8
[7]:1

t2_region>
[97]:7683
[98]:348954
[99]:9139
[100]:532
[101]:111
[102]:27
[103]:11
[104]:2

t0_min: 0.96 us, round:80922
t0_max: 4.13 us, round:180954
t0_jitter: 3.17 us

t1_min: 2.58 us, round:463
t1_max: 7.50 us, round:356828
t1_jitter: 4.92 us

t2_min: 97.08 us, round:7442
t2_max: 104.88 us, round:26
t2_jitter: 7.79 us

PMU diff samples: 366486
AVG DIFF LL_CACHE_RD: 0.53
AVG DIFF LL_CACHE_MISS_RD: 0.03
AVG DIFF L2D_CACHE_REFILL: 0.03
AVG DIFF L2D_CACHE_INVAL: 0.00
[cur diff] DIFF LL_CACHE_RD: 0, DIFF LL_CACHE_MISS_RD: 0, MISS_RATE: 0.00%
[cur diff] DIFF L2D_CACHE_REFILL: 0
[cur diff] DIFF L2D_CACHE_INVAL: 0
[max diff] DIFF LL_CACHE_RD: 2, DIFF LL_CACHE_MISS_RD: 2, MISS_RATE: 100.00%
[max diff] DIFF L2D_CACHE_REFILL: 2
[max diff] DIFF L2D_CACHE_INVAL: 0

===========================================================
taskpendcnt:368526
t0:1166 ns
t1:3041 ns
t2:98541 ns
benchmark: Franka-derived Cartesian-impedance kernel, input trace:8, timer period:1.000 ms
controller source: franka_ros2 jazzy@73a1501d, updates:368549, SVD sweeps:5
pose error:[0.010000 0.015000 0.010000 -0.000000 0.049979 -0.000000]
tau[0:6]:[-0.567483 -0.552304 -0.482512 -0.231067 -0.297494 -0.656094 -0.085004]
kernel exec min/avg/max: 94.21 / 95.57 / 100.92 us, samples:368559
pressure status:0, copy rounds total/window:0/0, 0.00 rounds/s
pressure logical copy:0.00 MiB total, approx 0.00 MiB/s, checksum:0
pressure report window:2.133155 s
t0_region>
[0]:4
[1]:368194
[2]:356
[3]:26
[4]:1

t1_region>
[2]:347657
[3]:20305
[4]:551
[5]:63
[6]:8
[7]:1

t2_region>
[97]:7683
[98]:351042
[99]:9183
[100]:532
[101]:112
[102]:27
[103]:11
[104]:2

t0_min: 0.96 us, round:80922
t0_max: 4.13 us, round:180954
t0_jitter: 3.17 us

t1_min: 2.58 us, round:463
t1_max: 7.50 us, round:356828
t1_jitter: 4.92 us

t2_min: 97.08 us, round:7442
t2_max: 104.88 us, round:26
t2_jitter: 7.79 us

PMU diff samples: 368619
AVG DIFF LL_CACHE_RD: 0.53
AVG DIFF LL_CACHE_MISS_RD: 0.03
AVG DIFF L2D_CACHE_REFILL: 0.03
AVG DIFF L2D_CACHE_INVAL: 0.00
[cur diff] DIFF LL_CACHE_RD: 2, DIFF LL_CACHE_MISS_RD: 0, MISS_RATE: 0.00%
[cur diff] DIFF L2D_CACHE_REFILL: 0
[cur diff] DIFF L2D_CACHE_INVAL: 0
[max diff] DIFF LL_CACHE_RD: 2, DIFF LL_CACHE_MISS_RD: 2, MISS_RATE: 100.00%
[max diff] DIFF L2D_CACHE_REFILL: 2
[max diff] DIFF L2D_CACHE_INVAL: 0

===========================================================
taskpendcnt:370659
t0:1375 ns
t1:2958 ns
t2:98583 ns
benchmark: Franka-derived Cartesian-impedance kernel, input trace:8, timer period:1.000 ms
controller source: franka_ros2 jazzy@73a1501d, updates:370682, SVD sweeps:5
pose error:[0.010000 0.015000 0.010000 -0.000000 0.049979 -0.000000]
tau[0:6]:[0.839771 0.130674 0.617691 0.624912 0.653099 -0.592692 0.265887]
kernel exec min/avg/max: 94.21 / 95.57 / 100.92 us, samples:370691
pressure status:0, copy rounds total/window:0/0, 0.00 rounds/s
pressure logical copy:0.00 MiB total, approx 0.00 MiB/s, checksum:0
pressure report window:2.132374 s
t0_region>
[0]:4
[1]:370323
[2]:359
[3]:26
[4]:1

t1_region>
[2]:349656
[3]:20435
[4]:554
[5]:64
[6]:8
[7]:1

t2_region>
[97]:7683
[98]:352972
[99]:9369
[100]:544
[101]:116
[102]:27
[103]:11
[104]:2

t0_min: 0.96 us, round:80922
t0_max: 4.13 us, round:180954
t0_jitter: 3.17 us

t1_min: 2.58 us, round:463
t1_max: 7.50 us, round:356828
t1_jitter: 4.92 us

t2_min: 97.08 us, round:7442
t2_max: 104.88 us, round:26
t2_jitter: 7.79 us

PMU diff samples: 370752
AVG DIFF LL_CACHE_RD: 0.53
AVG DIFF LL_CACHE_MISS_RD: 0.03
AVG DIFF L2D_CACHE_REFILL: 0.03
AVG DIFF L2D_CACHE_INVAL: 0.00
[cur diff] DIFF LL_CACHE_RD: 0, DIFF LL_CACHE_MISS_RD: 0, MISS_RATE: 0.00%
[cur diff] DIFF L2D_CACHE_REFILL: 0
[cur diff] DIFF L2D_CACHE_INVAL: 0
[max diff] DIFF LL_CACHE_RD: 2, DIFF LL_CACHE_MISS_RD: 2, MISS_RATE: 100.00%
[max diff] DIFF L2D_CACHE_REFILL: 2
[max diff] DIFF L2D_CACHE_INVAL: 0

===========================================================
taskpendcnt:372792
t0:1416 ns
t1:3000 ns
t2:98500 ns
benchmark: Franka-derived Cartesian-impedance kernel, input trace:8, timer period:1.000 ms
controller source: franka_ros2 jazzy@73a1501d, updates:372815, SVD sweeps:5
pose error:[0.010000 0.015000 0.010000 -0.000000 0.049979 -0.000000]
tau[0:6]:[-2.379368 -1.292411 -1.655224 -1.570015 -1.185234 -0.066588 -0.610247]
kernel exec min/avg/max: 94.21 / 95.57 / 100.92 us, samples:372824
pressure status:0, copy rounds total/window:0/0, 0.00 rounds/s
pressure logical copy:0.00 MiB total, approx 0.00 MiB/s, checksum:0
pressure report window:2.133413 s
t0_region>
[0]:5
[1]:372454
[2]:360
[3]:26
[4]:1

t1_region>
[2]:351676
[3]:20547
[4]:555
[5]:64
[6]:8
[7]:1

t2_region>
[97]:7683
[98]:355043
[99]:9431
[100]:545
[101]:116
[102]:27
[103]:11
[104]:2

t0_min: 0.96 us, round:80922
t0_max: 4.13 us, round:180954
t0_jitter: 3.17 us

t1_min: 2.58 us, round:463
t1_max: 7.50 us, round:356828
t1_jitter: 4.92 us

t2_min: 97.08 us, round:7442
t2_max: 104.88 us, round:26
t2_jitter: 7.79 us

PMU diff samples: 372885
AVG DIFF LL_CACHE_RD: 0.53
AVG DIFF LL_CACHE_MISS_RD: 0.03
AVG DIFF L2D_CACHE_REFILL: 0.03
AVG DIFF L2D_CACHE_INVAL: 0.00
[cur diff] DIFF LL_CACHE_RD: 1, DIFF LL_CACHE_MISS_RD: 0, MISS_RATE: 0.00%
[cur diff] DIFF L2D_CACHE_REFILL: 0
[cur diff] DIFF L2D_CACHE_INVAL: 0
[max diff] DIFF LL_CACHE_RD: 2, DIFF LL_CACHE_MISS_RD: 2, MISS_RATE: 100.00%
[max diff] DIFF L2D_CACHE_REFILL: 2
[max diff] DIFF L2D_CACHE_INVAL: 0

===========================================================
taskpendcnt:374925
t0:1458 ns
t1:2750 ns
t2:98541 ns
benchmark: Franka-derived Cartesian-impedance kernel, input trace:8, timer period:1.000 ms
controller source: franka_ros2 jazzy@73a1501d, updates:374947, SVD sweeps:5
pose error:[0.010000 0.015000 0.010000 -0.000000 0.049979 -0.000000]
tau[0:6]:[1.376914 -0.104433 0.790225 0.843903 0.642107 -0.956178 0.423547]
kernel exec min/avg/max: 94.21 / 95.57 / 100.92 us, samples:374957
pressure status:0, copy rounds total/window:0/0, 0.00 rounds/s
pressure logical copy:0.00 MiB total, approx 0.00 MiB/s, checksum:0
pressure report window:2.132461 s
t0_region>
[0]:6
[1]:374585
[2]:360
[3]:27
[4]:1

t1_region>
[2]:353693
[3]:20660
[4]:556
[5]:65
[6]:8
[7]:1

t2_region>
[97]:7683
[98]:357092
[99]:9512
[100]:546
[101]:117
[102]:27
[103]:11
[104]:2

t0_min: 0.96 us, round:80922
t0_max: 4.13 us, round:180954
t0_jitter: 3.17 us

t1_min: 2.58 us, round:463
t1_max: 7.50 us, round:356828
t1_jitter: 4.92 us

t2_min: 97.08 us, round:7442
t2_max: 104.88 us, round:26
t2_jitter: 7.79 us

PMU diff samples: 375018
AVG DIFF LL_CACHE_RD: 0.53
AVG DIFF LL_CACHE_MISS_RD: 0.03
AVG DIFF L2D_CACHE_REFILL: 0.03
AVG DIFF L2D_CACHE_INVAL: 0.00
[cur diff] DIFF LL_CACHE_RD: 2, DIFF LL_CACHE_MISS_RD: 0, MISS_RATE: 0.00%
[cur diff] DIFF L2D_CACHE_REFILL: 0
[cur diff] DIFF L2D_CACHE_INVAL: 0
[max diff] DIFF LL_CACHE_RD: 2, DIFF LL_CACHE_MISS_RD: 2, MISS_RATE: 100.00%
[max diff] DIFF L2D_CACHE_REFILL: 2
[max diff] DIFF L2D_CACHE_INVAL: 0

===========================================================
taskpendcnt:377058
t0:1500 ns
t1:3083 ns
t2:98875 ns
benchmark: Franka-derived Cartesian-impedance kernel, input trace:8, timer period:1.000 ms
controller source: franka_ros2 jazzy@73a1501d, updates:377080, SVD sweeps:5
pose error:[0.010000 0.015000 0.010000 -0.000000 0.049979 -0.000000]
tau[0:6]:[-0.274004 -0.324180 0.001577 -0.231466 0.050986 -0.328952 0.010844]
kernel exec min/avg/max: 94.21 / 95.57 / 100.92 us, samples:377090
pressure status:0, copy rounds total/window:0/0, 0.00 rounds/s
pressure logical copy:0.00 MiB total, approx 0.00 MiB/s, checksum:0
pressure report window:2.133066 s
t0_region>
[0]:6
[1]:376716
[2]:361
[3]:28
[4]:1

t1_region>
[2]:355686
[3]:20799
[4]:557
[5]:65
[6]:9
[7]:1

t2_region>
[97]:7683
[98]:359081
[99]:9654
[100]:547
[101]:117
[102]:28
[103]:11
[104]:2

t0_min: 0.96 us, round:80922
t0_max: 4.13 us, round:180954
t0_jitter: 3.17 us

t1_min: 2.58 us, round:463
t1_max: 7.50 us, round:356828
t1_jitter: 4.92 us

t2_min: 97.08 us, round:7442
t2_max: 104.88 us, round:26
t2_jitter: 7.79 us

PMU diff samples: 377151
AVG DIFF LL_CACHE_RD: 0.53
AVG DIFF LL_CACHE_MISS_RD: 0.03
AVG DIFF L2D_CACHE_REFILL: 0.03
AVG DIFF L2D_CACHE_INVAL: 0.00
[cur diff] DIFF LL_CACHE_RD: 3, DIFF LL_CACHE_MISS_RD: 0, MISS_RATE: 0.00%
[cur diff] DIFF L2D_CACHE_REFILL: 0
[cur diff] DIFF L2D_CACHE_INVAL: 0
[max diff] DIFF LL_CACHE_RD: 2, DIFF LL_CACHE_MISS_RD: 2, MISS_RATE: 100.00%
[max diff] DIFF L2D_CACHE_REFILL: 2
[max diff] DIFF L2D_CACHE_INVAL: 0

===========================================================
taskpendcnt:379191
t0:1541 ns
t1:2833 ns
t2:99208 ns
benchmark: Franka-derived Cartesian-impedance kernel, input trace:8, timer period:1.000 ms
controller source: franka_ros2 jazzy@73a1501d, updates:379213, SVD sweeps:5
pose error:[0.010000 0.015000 0.010000 -0.000000 0.049979 -0.000000]
tau[0:6]:[-2.781770 -1.613002 -1.930139 -1.581803 -1.382951 -0.390599 -0.663394]
kernel exec min/avg/max: 94.21 / 95.57 / 100.92 us, samples:379223
pressure status:0, copy rounds total/window:0/0, 0.00 rounds/s
pressure logical copy:0.00 MiB total, approx 0.00 MiB/s, checksum:0
pressure report window:2.133233 s
t0_region>
[0]:6
[1]:378848
[2]:362
[3]:28
[4]:1

t1_region>
[2]:357700
[3]:20918
[4]:557
[5]:66
[6]:9
[7]:1

t2_region>
[97]:7683
[98]:361134
[99]:9734
[100]:547
[101]:118
[102]:28
[103]:11
[104]:2

t0_min: 0.96 us, round:80922
t0_max: 4.13 us, round:180954
t0_jitter: 3.17 us

t1_min: 2.58 us, round:463
t1_max: 7.50 us, round:356828
t1_jitter: 4.92 us

t2_min: 97.08 us, round:7442
t2_max: 104.88 us, round:26
t2_jitter: 7.79 us

PMU diff samples: 379284
AVG DIFF LL_CACHE_RD: 0.53
AVG DIFF LL_CACHE_MISS_RD: 0.03
AVG DIFF L2D_CACHE_REFILL: 0.03
AVG DIFF L2D_CACHE_INVAL: 0.00
[cur diff] DIFF LL_CACHE_RD: 0, DIFF LL_CACHE_MISS_RD: 0, MISS_RATE: 0.00%
[cur diff] DIFF L2D_CACHE_REFILL: 0
[cur diff] DIFF L2D_CACHE_INVAL: 0
[max diff] DIFF LL_CACHE_RD: 2, DIFF LL_CACHE_MISS_RD: 2, MISS_RATE: 100.00%
[max diff] DIFF L2D_CACHE_REFILL: 2
[max diff] DIFF L2D_CACHE_INVAL: 0

===========================================================
taskpendcnt:381323
t0:1291 ns
t1:2875 ns
t2:98375 ns
benchmark: Franka-derived Cartesian-impedance kernel, input trace:8, timer period:1.000 ms
controller source: franka_ros2 jazzy@73a1501d, updates:381346, SVD sweeps:5
pose error:[0.010000 0.015000 0.010000 -0.000000 0.049979 -0.000000]
tau[0:6]:[1.228026 0.081850 0.819520 0.875435 0.745706 -0.833381 0.398995]
kernel exec min/avg/max: 94.21 / 95.57 / 100.92 us, samples:381355
pressure status:0, copy rounds total/window:0/0, 0.00 rounds/s
pressure logical copy:0.00 MiB total, approx 0.00 MiB/s, checksum:0
pressure report window:2.132290 s
t0_region>
[0]:6
[1]:380976
[2]:367
[3]:28
[4]:1

t1_region>
[2]:359714
[3]:21030
[4]:561
[5]:67
[6]:10
[7]:1

t2_region>
[97]:7683
[98]:363188
[99]:9806
[100]:551
[101]:118
[102]:30
[103]:11
[104]:2

t0_min: 0.96 us, round:80922
t0_max: 4.13 us, round:180954
t0_jitter: 3.17 us

t1_min: 2.58 us, round:463
t1_max: 7.50 us, round:356828
t1_jitter: 4.92 us

t2_min: 97.08 us, round:7442
t2_max: 104.88 us, round:26
t2_jitter: 7.79 us

PMU diff samples: 381416
AVG DIFF LL_CACHE_RD: 0.53
AVG DIFF LL_CACHE_MISS_RD: 0.03
AVG DIFF L2D_CACHE_REFILL: 0.03
AVG DIFF L2D_CACHE_INVAL: 0.00
[cur diff] DIFF LL_CACHE_RD: 1, DIFF LL_CACHE_MISS_RD: 0, MISS_RATE: 0.00%
[cur diff] DIFF L2D_CACHE_REFILL: 0
[cur diff] DIFF L2D_CACHE_INVAL: 0
[max diff] DIFF LL_CACHE_RD: 2, DIFF LL_CACHE_MISS_RD: 2, MISS_RATE: 100.00%
[max diff] DIFF L2D_CACHE_REFILL: 2
[max diff] DIFF L2D_CACHE_INVAL: 0

===========================================================
taskpendcnt:383456
t0:1333 ns
t1:2916 ns
t2:98708 ns
benchmark: Franka-derived Cartesian-impedance kernel, input trace:8, timer period:1.000 ms
controller source: franka_ros2 jazzy@73a1501d, updates:383479, SVD sweeps:5
pose error:[0.010000 0.015000 0.010000 -0.000000 0.049979 -0.000000]
tau[0:6]:[-1.839419 -0.921560 -1.193198 -1.195971 -0.861243 0.113634 -0.461388]
kernel exec min/avg/max: 94.21 / 95.57 / 100.92 us, samples:383489
pressure status:0, copy rounds total/window:0/0, 0.00 rounds/s
pressure logical copy:0.00 MiB total, approx 0.00 MiB/s, checksum:0
pressure report window:2.133328 s
t0_region>
[0]:6
[1]:383109
[2]:367
[3]:28
[4]:1

t1_region>
[2]:361729
[3]:21148
[4]:561
[5]:67
[6]:10
[7]:1

t2_region>
[97]:7683
[98]:365262
[99]:9865
[100]:551
[101]:118
[102]:30
[103]:11
[104]:2

t0_min: 0.96 us, round:80922
t0_max: 4.13 us, round:180954
t0_jitter: 3.17 us

t1_min: 2.58 us, round:463
t1_max: 7.50 us, round:356828
t1_jitter: 4.92 us

t2_min: 97.08 us, round:7442
t2_max: 104.88 us, round:26
t2_jitter: 7.79 us

PMU diff samples: 383550
AVG DIFF LL_CACHE_RD: 0.53
AVG DIFF LL_CACHE_MISS_RD: 0.03
AVG DIFF L2D_CACHE_REFILL: 0.03
AVG DIFF L2D_CACHE_INVAL: 0.00
[cur diff] DIFF LL_CACHE_RD: 1, DIFF LL_CACHE_MISS_RD: 0, MISS_RATE: 0.00%
[cur diff] DIFF L2D_CACHE_REFILL: 0
[cur diff] DIFF L2D_CACHE_INVAL: 0
[max diff] DIFF LL_CACHE_RD: 2, DIFF LL_CACHE_MISS_RD: 2, MISS_RATE: 100.00%
[max diff] DIFF L2D_CACHE_REFILL: 2
[max diff] DIFF L2D_CACHE_INVAL: 0

===========================================================
taskpendcnt:385589
t0:1375 ns
t1:2958 ns
t2:98458 ns
benchmark: Franka-derived Cartesian-impedance kernel, input trace:8, timer period:1.000 ms
controller source: franka_ros2 jazzy@73a1501d, updates:385612, SVD sweeps:5
pose error:[0.010000 0.015000 0.010000 -0.000000 0.049979 -0.000000]
tau[0:6]:[-0.567483 -0.552304 -0.482512 -0.231067 -0.297494 -0.656094 -0.085004]
kernel exec min/avg/max: 94.21 / 95.57 / 100.92 us, samples:385622
pressure status:0, copy rounds total/window:0/0, 0.00 rounds/s
pressure logical copy:0.00 MiB total, approx 0.00 MiB/s, checksum:0
pressure report window:2.132981 s
t0_region>
[0]:6
[1]:385240
[2]:368
[3]:29
[4]:1

t1_region>
[2]:363752
[3]:21255
[4]:563
[5]:68
[6]:10
[7]:1

t2_region>
[97]:7683
[98]:367305
[99]:9953
[100]:551
[101]:120
[102]:30
[103]:11
[104]:2

t0_min: 0.96 us, round:80922
t0_max: 4.13 us, round:180954
t0_jitter: 3.17 us

t1_min: 2.58 us, round:463
t1_max: 7.50 us, round:356828
t1_jitter: 4.92 us

t2_min: 97.08 us, round:7442
t2_max: 104.88 us, round:26
t2_jitter: 7.79 us

PMU diff samples: 385683
AVG DIFF LL_CACHE_RD: 0.53
AVG DIFF LL_CACHE_MISS_RD: 0.03
AVG DIFF L2D_CACHE_REFILL: 0.03
AVG DIFF L2D_CACHE_INVAL: 0.00
[cur diff] DIFF LL_CACHE_RD: 1, DIFF LL_CACHE_MISS_RD: 0, MISS_RATE: 0.00%
[cur diff] DIFF L2D_CACHE_REFILL: 0
[cur diff] DIFF L2D_CACHE_INVAL: 0
[max diff] DIFF LL_CACHE_RD: 2, DIFF LL_CACHE_MISS_RD: 2, MISS_RATE: 100.00%
[max diff] DIFF L2D_CACHE_REFILL: 2
[max diff] DIFF L2D_CACHE_INVAL: 0

===========================================================
taskpendcnt:387722
t0:1416 ns
t1:3000 ns
t2:98208 ns
benchmark: Franka-derived Cartesian-impedance kernel, input trace:8, timer period:1.000 ms
controller source: franka_ros2 jazzy@73a1501d, updates:387745, SVD sweeps:5
pose error:[0.010000 0.015000 0.010000 -0.000000 0.049979 -0.000000]
tau[0:6]:[0.839771 0.130674 0.617691 0.624912 0.653099 -0.592692 0.265887]
kernel exec min/avg/max: 94.21 / 95.57 / 100.92 us, samples:387754
pressure status:0, copy rounds total/window:0/0, 0.00 rounds/s
pressure logical copy:0.00 MiB total, approx 0.00 MiB/s, checksum:0
pressure report window:2.132375 s
t0_region>
[0]:6
[1]:387371
[2]:369
[3]:29
[4]:1

t1_region>
[2]:365774
[3]:21365
[4]:564
[5]:68
[6]:10
[7]:1

t2_region>
[97]:7683
[98]:369313
[99]:10076
[100]:552
[101]:120
[102]:30
[103]:11
[104]:2

t0_min: 0.96 us, round:80922
t0_max: 4.13 us, round:180954
t0_jitter: 3.17 us

t1_min: 2.58 us, round:463
t1_max: 7.50 us, round:356828
t1_jitter: 4.92 us

t2_min: 97.08 us, round:7442
t2_max: 104.88 us, round:26
t2_jitter: 7.79 us

PMU diff samples: 387815
AVG DIFF LL_CACHE_RD: 0.53
AVG DIFF LL_CACHE_MISS_RD: 0.03
AVG DIFF L2D_CACHE_REFILL: 0.03
AVG DIFF L2D_CACHE_INVAL: 0.00
[cur diff] DIFF LL_CACHE_RD: 2, DIFF LL_CACHE_MISS_RD: 0, MISS_RATE: 0.00%
[cur diff] DIFF L2D_CACHE_REFILL: 0
[cur diff] DIFF L2D_CACHE_INVAL: 0
[max diff] DIFF LL_CACHE_RD: 2, DIFF LL_CACHE_MISS_RD: 2, MISS_RATE: 100.00%
[max diff] DIFF L2D_CACHE_REFILL: 2
[max diff] DIFF L2D_CACHE_INVAL: 0

===========================================================
taskpendcnt:389855
t0:1333 ns
t1:2750 ns
t2:98541 ns
benchmark: Franka-derived Cartesian-impedance kernel, input trace:8, timer period:1.000 ms
controller source: franka_ros2 jazzy@73a1501d, updates:389878, SVD sweeps:5
pose error:[0.010000 0.015000 0.010000 -0.000000 0.049979 -0.000000]
tau[0:6]:[-2.781770 -1.613002 -1.930139 -1.581803 -1.382951 -0.390599 -0.663394]
kernel exec min/avg/max: 94.21 / 95.57 / 100.92 us, samples:389888
pressure status:0, copy rounds total/window:0/0, 0.00 rounds/s
pressure logical copy:0.00 MiB total, approx 0.00 MiB/s, checksum:0
pressure report window:2.133415 s
t0_region>
[0]:6
[1]:389500
[2]:373
[3]:30
[4]:1

t1_region>
[2]:367788
[3]:21480
[4]:565
[5]:69
[6]:11
[7]:1

t2_region>
[97]:7683
[98]:371370
[99]:10150
[100]:555
[101]:120
[102]:31
[103]:11
[104]:2

t0_min: 0.96 us, round:80922
t0_max: 4.13 us, round:180954
t0_jitter: 3.17 us

t1_min: 2.58 us, round:463
t1_max: 7.50 us, round:356828
t1_jitter: 4.92 us

t2_min: 97.08 us, round:7442
t2_max: 104.88 us, round:26
t2_jitter: 7.79 us

PMU diff samples: 389949
AVG DIFF LL_CACHE_RD: 0.52
AVG DIFF LL_CACHE_MISS_RD: 0.03
AVG DIFF L2D_CACHE_REFILL: 0.03
AVG DIFF L2D_CACHE_INVAL: 0.00
[cur diff] DIFF LL_CACHE_RD: 0, DIFF LL_CACHE_MISS_RD: 0, MISS_RATE: 0.00%
[cur diff] DIFF L2D_CACHE_REFILL: 0
[cur diff] DIFF L2D_CACHE_INVAL: 0
[max diff] DIFF LL_CACHE_RD: 2, DIFF LL_CACHE_MISS_RD: 2, MISS_RATE: 100.00%
[max diff] DIFF L2D_CACHE_REFILL: 2
[max diff] DIFF L2D_CACHE_INVAL: 0

===========================================================
taskpendcnt:391988
t0:1375 ns
t1:2958 ns
t2:98458 ns
benchmark: Franka-derived Cartesian-impedance kernel, input trace:8, timer period:1.000 ms
controller source: franka_ros2 jazzy@73a1501d, updates:392011, SVD sweeps:5
pose error:[0.010000 0.015000 0.010000 -0.000000 0.049979 -0.000000]
tau[0:6]:[1.228026 0.081850 0.819520 0.875435 0.745706 -0.833381 0.398995]
kernel exec min/avg/max: 94.21 / 95.58 / 100.92 us, samples:392020
pressure status:0, copy rounds total/window:0/0, 0.00 rounds/s
pressure logical copy:0.00 MiB total, approx 0.00 MiB/s, checksum:0
pressure report window:2.132375 s
t0_region>
[0]:6
[1]:391628
[2]:377
[3]:30
[4]:1

t1_region>
[2]:369783
[3]:21611
[4]:571
[5]:69
[6]:11
[7]:1

t2_region>
[97]:7683
[98]:373413
[99]:10234
[100]:559
[101]:120
[102]:31
[103]:11
[104]:2

t0_min: 0.96 us, round:80922
t0_max: 4.13 us, round:180954
t0_jitter: 3.17 us

t1_min: 2.58 us, round:463
t1_max: 7.50 us, round:356828
t1_jitter: 4.92 us

t2_min: 97.08 us, round:7442
t2_max: 104.88 us, round:26
t2_jitter: 7.79 us

PMU diff samples: 392081
AVG DIFF LL_CACHE_RD: 0.52
AVG DIFF LL_CACHE_MISS_RD: 0.03
AVG DIFF L2D_CACHE_REFILL: 0.03
AVG DIFF L2D_CACHE_INVAL: 0.00
[cur diff] DIFF LL_CACHE_RD: 4, DIFF LL_CACHE_MISS_RD: 0, MISS_RATE: 0.00%
[cur diff] DIFF L2D_CACHE_REFILL: 0
[cur diff] DIFF L2D_CACHE_INVAL: 0
[max diff] DIFF LL_CACHE_RD: 2, DIFF LL_CACHE_MISS_RD: 2, MISS_RATE: 100.00%
[max diff] DIFF L2D_CACHE_REFILL: 2
[max diff] DIFF L2D_CACHE_INVAL: 0

===========================================================
taskpendcnt:394121
t0:1416 ns
t1:3000 ns
t2:98791 ns
benchmark: Franka-derived Cartesian-impedance kernel, input trace:8, timer period:1.000 ms
controller source: franka_ros2 jazzy@73a1501d, updates:394143, SVD sweeps:5
pose error:[0.010000 0.015000 0.010000 -0.000000 0.049979 -0.000000]
tau[0:6]:[-1.839419 -0.921560 -1.193198 -1.195971 -0.861243 0.113634 -0.461388]
kernel exec min/avg/max: 94.21 / 95.58 / 100.92 us, samples:394153
pressure status:0, copy rounds total/window:0/0, 0.00 rounds/s
pressure logical copy:0.00 MiB total, approx 0.00 MiB/s, checksum:0
pressure report window:2.133327 s
t0_region>
[0]:6
[1]:393759
[2]:378
[3]:31
[4]:1

t1_region>
[2]:371785
[3]:21741
[4]:572
[5]:70
[6]:11
[7]:1

t2_region>
[97]:7683
[98]:375413
[99]:10366
[100]:559
[101]:121
[102]:32
[103]:11
[104]:2

t0_min: 0.96 us, round:80922
t0_max: 4.13 us, round:180954
t0_jitter: 3.17 us

t1_min: 2.58 us, round:463
t1_max: 7.50 us, round:356828
t1_jitter: 4.92 us

t2_min: 97.08 us, round:7442
t2_max: 104.88 us, round:26
t2_jitter: 7.79 us

PMU diff samples: 394214
AVG DIFF LL_CACHE_RD: 0.52
AVG DIFF LL_CACHE_MISS_RD: 0.03
AVG DIFF L2D_CACHE_REFILL: 0.03
AVG DIFF L2D_CACHE_INVAL: 0.00
[cur diff] DIFF LL_CACHE_RD: 5, DIFF LL_CACHE_MISS_RD: 0, MISS_RATE: 0.00%
[cur diff] DIFF L2D_CACHE_REFILL: 0
[cur diff] DIFF L2D_CACHE_INVAL: 0
[max diff] DIFF LL_CACHE_RD: 2, DIFF LL_CACHE_MISS_RD: 2, MISS_RATE: 100.00%
[max diff] DIFF L2D_CACHE_REFILL: 2
[max diff] DIFF L2D_CACHE_INVAL: 0

===========================================================
taskpendcnt:396254
t0:1458 ns
t1:3041 ns
t2:98541 ns
benchmark: Franka-derived Cartesian-impedance kernel, input trace:8, timer period:1.000 ms
controller source: franka_ros2 jazzy@73a1501d, updates:396276, SVD sweeps:5
pose error:[0.010000 0.015000 0.010000 -0.000000 0.049979 -0.000000]
tau[0:6]:[-0.567483 -0.552304 -0.482512 -0.231067 -0.297494 -0.656094 -0.085004]
kernel exec min/avg/max: 94.21 / 95.58 / 100.92 us, samples:396286
pressure status:0, copy rounds total/window:0/0, 0.00 rounds/s
pressure logical copy:0.00 MiB total, approx 0.00 MiB/s, checksum:0
pressure report window:2.132983 s
t0_region>
[0]:6
[1]:395890
[2]:380
[3]:31
[4]:1

t1_region>
[2]:373808
[3]:21849
[4]:574
[5]:71
[6]:11
[7]:1

t2_region>
[97]:7683
[98]:377466
[99]:10443
[100]:561
[101]:122
[102]:32
[103]:11
[104]:2

t0_min: 0.96 us, round:80922
t0_max: 4.13 us, round:180954
t0_jitter: 3.17 us

t1_min: 2.58 us, round:463
t1_max: 7.50 us, round:356828
t1_jitter: 4.92 us

t2_min: 97.08 us, round:7442
t2_max: 104.88 us, round:26
t2_jitter: 7.79 us

PMU diff samples: 396347
AVG DIFF LL_CACHE_RD: 0.52
AVG DIFF LL_CACHE_MISS_RD: 0.03
AVG DIFF L2D_CACHE_REFILL: 0.03
AVG DIFF L2D_CACHE_INVAL: 0.00
[cur diff] DIFF LL_CACHE_RD: 3, DIFF LL_CACHE_MISS_RD: 0, MISS_RATE: 0.00%
[cur diff] DIFF L2D_CACHE_REFILL: 0
[cur diff] DIFF L2D_CACHE_INVAL: 0
[max diff] DIFF LL_CACHE_RD: 2, DIFF LL_CACHE_MISS_RD: 2, MISS_RATE: 100.00%
[max diff] DIFF L2D_CACHE_REFILL: 2
[max diff] DIFF L2D_CACHE_INVAL: 0

===========================================================
taskpendcnt:398387
t0:1500 ns
t1:3083 ns
t2:99166 ns
benchmark: Franka-derived Cartesian-impedance kernel, input trace:8, timer period:1.000 ms
controller source: franka_ros2 jazzy@73a1501d, updates:398409, SVD sweeps:5
pose error:[0.010000 0.015000 0.010000 -0.000000 0.049979 -0.000000]
tau[0:6]:[0.839771 0.130674 0.617691 0.624912 0.653099 -0.592692 0.265887]
kernel exec min/avg/max: 94.21 / 95.58 / 100.92 us, samples:398419
pressure status:0, copy rounds total/window:0/0, 0.00 rounds/s
pressure logical copy:0.00 MiB total, approx 0.00 MiB/s, checksum:0
pressure report window:2.132406 s
t0_region>
[0]:6
[1]:398022
[2]:381
[3]:31
[4]:1

t1_region>
[2]:375823
[3]:21965
[4]:574
[5]:72
[6]:11
[7]:1

t2_region>
[97]:7683
[98]:379478
[99]:10563
[100]:561
[101]:123
[102]:32
[103]:11
[104]:2

t0_min: 0.96 us, round:80922
t0_max: 4.13 us, round:180954
t0_jitter: 3.17 us

t1_min: 2.58 us, round:463
t1_max: 7.50 us, round:356828
t1_jitter: 4.92 us

t2_min: 97.08 us, round:7442
t2_max: 104.88 us, round:26
t2_jitter: 7.79 us

PMU diff samples: 398480
AVG DIFF LL_CACHE_RD: 0.52
AVG DIFF LL_CACHE_MISS_RD: 0.03
AVG DIFF L2D_CACHE_REFILL: 0.03
AVG DIFF L2D_CACHE_INVAL: 0.00
[cur diff] DIFF LL_CACHE_RD: 1, DIFF LL_CACHE_MISS_RD: 0, MISS_RATE: 0.00%
[cur diff] DIFF L2D_CACHE_REFILL: 0
[cur diff] DIFF L2D_CACHE_INVAL: 0
[max diff] DIFF LL_CACHE_RD: 2, DIFF LL_CACHE_MISS_RD: 2, MISS_RATE: 100.00%
[max diff] DIFF L2D_CACHE_REFILL: 2
[max diff] DIFF L2D_CACHE_INVAL: 0

===========================================================
taskpendcnt:400519
t0:1250 ns
t1:3125 ns
t2:98916 ns
benchmark: Franka-derived Cartesian-impedance kernel, input trace:8, timer period:1.000 ms
controller source: franka_ros2 jazzy@73a1501d, updates:400542, SVD sweeps:5
pose error:[0.010000 0.015000 0.010000 -0.000000 0.049979 -0.000000]
tau[0:6]:[-2.379368 -1.292411 -1.655224 -1.570015 -1.185234 -0.066588 -0.610247]
kernel exec min/avg/max: 94.21 / 95.58 / 100.92 us, samples:400552
pressure status:0, copy rounds total/window:0/0, 0.00 rounds/s
pressure logical copy:0.00 MiB total, approx 0.00 MiB/s, checksum:0
pressure report window:2.133377 s
t0_region>
[0]:6
[1]:400150
[2]:386
[3]:31
[4]:1

t1_region>
[2]:377830
[3]:22082
[4]:581
[5]:73
[6]:11
[7]:1

t2_region>
[97]:7683
[98]:381592
[99]:10573
[100]:567
[101]:125
[102]:32
[103]:11
[104]:2

t0_min: 0.96 us, round:80922
t0_max: 4.13 us, round:180954
t0_jitter: 3.17 us

t1_min: 2.58 us, round:463
t1_max: 7.50 us, round:356828
t1_jitter: 4.92 us

t2_min: 97.08 us, round:7442
t2_max: 104.88 us, round:26
t2_jitter: 7.79 us

PMU diff samples: 400613
AVG DIFF LL_CACHE_RD: 0.53
AVG DIFF LL_CACHE_MISS_RD: 0.03
AVG DIFF L2D_CACHE_REFILL: 0.03
AVG DIFF L2D_CACHE_INVAL: 0.00
[cur diff] DIFF LL_CACHE_RD: 1, DIFF LL_CACHE_MISS_RD: 0, MISS_RATE: 0.00%
[cur diff] DIFF L2D_CACHE_REFILL: 0
[cur diff] DIFF L2D_CACHE_INVAL: 0
[max diff] DIFF LL_CACHE_RD: 2, DIFF LL_CACHE_MISS_RD: 2, MISS_RATE: 100.00%
[max diff] DIFF L2D_CACHE_REFILL: 2
[max diff] DIFF L2D_CACHE_INVAL: 0

===========================================================
taskpendcnt:402652
t0:1291 ns
t1:2875 ns
t2:98375 ns
benchmark: Franka-derived Cartesian-impedance kernel, input trace:8, timer period:1.000 ms
controller source: franka_ros2 jazzy@73a1501d, updates:402675, SVD sweeps:5
pose error:[0.010000 0.015000 0.010000 -0.000000 0.049979 -0.000000]
tau[0:6]:[1.376914 -0.104433 0.790225 0.843903 0.642107 -0.956178 0.423547]
kernel exec min/avg/max: 94.21 / 95.58 / 100.92 us, samples:402684
pressure status:0, copy rounds total/window:0/0, 0.00 rounds/s
pressure logical copy:0.00 MiB total, approx 0.00 MiB/s, checksum:0
pressure report window:2.132460 s
t0_region>
[0]:6
[1]:402280
[2]:389
[3]:31
[4]:1

t1_region>
[2]:379840
[3]:22201
[4]:586
[5]:73
[6]:11
[7]:1

t2_region>
[97]:7683
[98]:383638
[99]:10654
[100]:573
[101]:125
[102]:32
[103]:11
[104]:2

t0_min: 0.96 us, round:80922
t0_max: 4.13 us, round:180954
t0_jitter: 3.17 us

t1_min: 2.58 us, round:463
t1_max: 7.50 us, round:356828
t1_jitter: 4.92 us

t2_min: 97.08 us, round:7442
t2_max: 104.88 us, round:26
t2_jitter: 7.79 us

PMU diff samples: 402746
AVG DIFF LL_CACHE_RD: 0.53
AVG DIFF LL_CACHE_MISS_RD: 0.03
AVG DIFF L2D_CACHE_REFILL: 0.03
AVG DIFF L2D_CACHE_INVAL: 0.00
[cur diff] DIFF LL_CACHE_RD: 1, DIFF LL_CACHE_MISS_RD: 0, MISS_RATE: 0.00%
[cur diff] DIFF L2D_CACHE_REFILL: 0
[cur diff] DIFF L2D_CACHE_INVAL: 0
[max diff] DIFF LL_CACHE_RD: 2, DIFF LL_CACHE_MISS_RD: 2, MISS_RATE: 100.00%
[max diff] DIFF L2D_CACHE_REFILL: 2
[max diff] DIFF L2D_CACHE_INVAL: 0

===========================================================
taskpendcnt:404785
t0:1333 ns
t1:3208 ns
t2:98416 ns
benchmark: Franka-derived Cartesian-impedance kernel, input trace:8, timer period:1.000 ms
controller source: franka_ros2 jazzy@73a1501d, updates:404808, SVD sweeps:5
pose error:[0.010000 0.015000 0.010000 -0.000000 0.049979 -0.000000]
tau[0:6]:[-0.274004 -0.324180 0.001577 -0.231466 0.050986 -0.328952 0.010844]
kernel exec min/avg/max: 94.21 / 95.58 / 100.92 us, samples:404817
pressure status:0, copy rounds total/window:0/0, 0.00 rounds/s
pressure logical copy:0.00 MiB total, approx 0.00 MiB/s, checksum:0
pressure report window:2.133067 s
t0_region>
[0]:6
[1]:404411
[2]:391
[3]:31
[4]:1

t1_region>
[2]:381848
[3]:22324
[4]:588
[5]:73
[6]:11
[7]:1

t2_region>
[97]:7683
[98]:385680
[99]:10743
[100]:575
[101]:125
[102]:32
[103]:11
[104]:2

t0_min: 0.96 us, round:80922
t0_max: 4.13 us, round:180954
t0_jitter: 3.17 us

t1_min: 2.58 us, round:463
t1_max: 7.50 us, round:356828
t1_jitter: 4.92 us

t2_min: 97.08 us, round:7442
t2_max: 104.88 us, round:26
t2_jitter: 7.79 us

PMU diff samples: 404879
AVG DIFF LL_CACHE_RD: 0.52
AVG DIFF LL_CACHE_MISS_RD: 0.03
AVG DIFF L2D_CACHE_REFILL: 0.03
AVG DIFF L2D_CACHE_INVAL: 0.00
[cur diff] DIFF LL_CACHE_RD: 1, DIFF LL_CACHE_MISS_RD: 0, MISS_RATE: 0.00%
[cur diff] DIFF L2D_CACHE_REFILL: 0
[cur diff] DIFF L2D_CACHE_INVAL: 0
[max diff] DIFF LL_CACHE_RD: 2, DIFF LL_CACHE_MISS_RD: 2, MISS_RATE: 100.00%
[max diff] DIFF L2D_CACHE_REFILL: 2
[max diff] DIFF L2D_CACHE_INVAL: 0

===========================================================
taskpendcnt:406918
t0:1375 ns
t1:2958 ns
t2:98458 ns
benchmark: Franka-derived Cartesian-impedance kernel, input trace:8, timer period:1.000 ms
controller source: franka_ros2 jazzy@73a1501d, updates:406941, SVD sweeps:5
pose error:[0.010000 0.015000 0.010000 -0.000000 0.049979 -0.000000]
tau[0:6]:[-2.781770 -1.613002 -1.930139 -1.581803 -1.382951 -0.390599 -0.663394]
kernel exec min/avg/max: 94.21 / 95.58 / 100.92 us, samples:406951
pressure status:0, copy rounds total/window:0/0, 0.00 rounds/s
pressure logical copy:0.00 MiB total, approx 0.00 MiB/s, checksum:0
pressure report window:2.133209 s
t0_region>
[0]:6
[1]:406541
[2]:394
[3]:31
[4]:1

t1_region>
[2]:383859
[3]:22443
[4]:590
[5]:74
[6]:11
[7]:1

t2_region>
[97]:7683
[98]:387722
[99]:10831
[100]:577
[101]:126
[102]:32
[103]:11
[104]:2

t0_min: 0.96 us, round:80922
t0_max: 4.13 us, round:180954
t0_jitter: 3.17 us

t1_min: 2.58 us, round:463
t1_max: 7.50 us, round:356828
t1_jitter: 4.92 us

t2_min: 97.08 us, round:7442
t2_max: 104.88 us, round:26
t2_jitter: 7.79 us

PMU diff samples: 407012
AVG DIFF LL_CACHE_RD: 0.52
AVG DIFF LL_CACHE_MISS_RD: 0.03
AVG DIFF L2D_CACHE_REFILL: 0.03
AVG DIFF L2D_CACHE_INVAL: 0.00
[cur diff] DIFF LL_CACHE_RD: 0, DIFF LL_CACHE_MISS_RD: 0, MISS_RATE: 0.00%
[cur diff] DIFF L2D_CACHE_REFILL: 0
[cur diff] DIFF L2D_CACHE_INVAL: 0
[max diff] DIFF LL_CACHE_RD: 2, DIFF LL_CACHE_MISS_RD: 2, MISS_RATE: 100.00%
[max diff] DIFF L2D_CACHE_REFILL: 2
[max diff] DIFF L2D_CACHE_INVAL: 0

===========================================================
taskpendcnt:409051
t0:1416 ns
t1:3000 ns
t2:98500 ns
benchmark: Franka-derived Cartesian-impedance kernel, input trace:8, timer period:1.000 ms
controller source: franka_ros2 jazzy@73a1501d, updates:409074, SVD sweeps:5
pose error:[0.010000 0.015000 0.010000 -0.000000 0.049979 -0.000000]
tau[0:6]:[0.839771 0.130674 0.617691 0.624912 0.653099 -0.592692 0.265887]
kernel exec min/avg/max: 94.21 / 95.58 / 100.92 us, samples:409083
pressure status:0, copy rounds total/window:0/0, 0.00 rounds/s
pressure logical copy:0.00 MiB total, approx 0.00 MiB/s, checksum:0
pressure report window:2.132325 s
t0_region>
[0]:6
[1]:408671
[2]:396
[3]:31
[4]:1

t1_region>
[2]:385880
[3]:22550
[4]:595
[5]:74
[6]:11
[7]:1

t2_region>
[97]:7683
[98]:389752
[99]:10929
[100]:580
[101]:126
[102]:33
[103]:11
[104]:2

t0_min: 0.96 us, round:80922
t0_max: 4.13 us, round:180954
t0_jitter: 3.17 us

t1_min: 2.58 us, round:463
t1_max: 7.50 us, round:356828
t1_jitter: 4.92 us

t2_min: 97.08 us, round:7442
t2_max: 104.88 us, round:26
t2_jitter: 7.79 us

PMU diff samples: 409144
AVG DIFF LL_CACHE_RD: 0.52
AVG DIFF LL_CACHE_MISS_RD: 0.03
AVG DIFF L2D_CACHE_REFILL: 0.03
AVG DIFF L2D_CACHE_INVAL: 0.00
[cur diff] DIFF LL_CACHE_RD: 2, DIFF LL_CACHE_MISS_RD: 0, MISS_RATE: 0.00%
[cur diff] DIFF L2D_CACHE_REFILL: 1
[cur diff] DIFF L2D_CACHE_INVAL: 0
[max diff] DIFF LL_CACHE_RD: 2, DIFF LL_CACHE_MISS_RD: 2, MISS_RATE: 100.00%
[max diff] DIFF L2D_CACHE_REFILL: 2
[max diff] DIFF L2D_CACHE_INVAL: 0

===========================================================
taskpendcnt:411184
t0:1333 ns
t1:2916 ns
t2:98541 ns
benchmark: Franka-derived Cartesian-impedance kernel, input trace:8, timer period:1.000 ms
controller source: franka_ros2 jazzy@73a1501d, updates:411207, SVD sweeps:5
pose error:[0.010000 0.015000 0.010000 -0.000000 0.049979 -0.000000]
tau[0:6]:[-2.379368 -1.292411 -1.655224 -1.570015 -1.185234 -0.066588 -0.610247]
kernel exec min/avg/max: 94.21 / 95.58 / 100.92 us, samples:411216
pressure status:0, copy rounds total/window:0/0, 0.00 rounds/s
pressure logical copy:0.00 MiB total, approx 0.00 MiB/s, checksum:0
pressure report window:2.133415 s
t0_region>
[0]:6
[1]:410804
[2]:396
[3]:32
[4]:1

t1_region>
[2]:387914
[3]:22646
[4]:596
[5]:75
[6]:11
[7]:1

t2_region>
[97]:7683
[98]:391808
[99]:11005
[100]:582
[101]:126
[102]:33
[103]:11
[104]:2

t0_min: 0.96 us, round:80922
t0_max: 4.13 us, round:180954
t0_jitter: 3.17 us

t1_min: 2.58 us, round:463
t1_max: 7.50 us, round:356828
t1_jitter: 4.92 us

t2_min: 97.08 us, round:7442
t2_max: 104.88 us, round:26
t2_jitter: 7.79 us

PMU diff samples: 411278
AVG DIFF LL_CACHE_RD: 0.52
AVG DIFF LL_CACHE_MISS_RD: 0.03
AVG DIFF L2D_CACHE_REFILL: 0.03
AVG DIFF L2D_CACHE_INVAL: 0.00
[cur diff] DIFF LL_CACHE_RD: 1, DIFF LL_CACHE_MISS_RD: 0, MISS_RATE: 0.00%
[cur diff] DIFF L2D_CACHE_REFILL: 0
[cur diff] DIFF L2D_CACHE_INVAL: 0
[max diff] DIFF LL_CACHE_RD: 2, DIFF LL_CACHE_MISS_RD: 2, MISS_RATE: 100.00%
[max diff] DIFF L2D_CACHE_REFILL: 2
[max diff] DIFF L2D_CACHE_INVAL: 0

===========================================================
taskpendcnt:413317
t0:1375 ns
t1:2958 ns
t2:98750 ns
benchmark: Franka-derived Cartesian-impedance kernel, input trace:8, timer period:1.000 ms
controller source: franka_ros2 jazzy@73a1501d, updates:413339, SVD sweeps:5
pose error:[0.010000 0.015000 0.010000 -0.000000 0.049979 -0.000000]
tau[0:6]:[1.376914 -0.104433 0.790225 0.843903 0.642107 -0.956178 0.423547]
kernel exec min/avg/max: 94.21 / 95.58 / 100.92 us, samples:413349
pressure status:0, copy rounds total/window:0/0, 0.00 rounds/s
pressure logical copy:0.00 MiB total, approx 0.00 MiB/s, checksum:0
pressure report window:2.132462 s
t0_region>
[0]:6
[1]:412934
[2]:397
[3]:33
[4]:1

t1_region>
[2]:389904
[3]:22788
[4]:596
[5]:76
[6]:11
[7]:1

t2_region>
[97]:7683
[98]:393829
[99]:11114
[100]:583
[101]:126
[102]:34
[103]:11
[104]:2

t0_min: 0.96 us, round:80922
t0_max: 4.13 us, round:180954
t0_jitter: 3.17 us

t1_min: 2.58 us, round:463
t1_max: 7.50 us, round:356828
t1_jitter: 4.92 us

t2_min: 97.08 us, round:7442
t2_max: 104.88 us, round:26
t2_jitter: 7.79 us

PMU diff samples: 413410
AVG DIFF LL_CACHE_RD: 0.52
AVG DIFF LL_CACHE_MISS_RD: 0.03
AVG DIFF L2D_CACHE_REFILL: 0.03
AVG DIFF L2D_CACHE_INVAL: 0.00
[cur diff] DIFF LL_CACHE_RD: 1, DIFF LL_CACHE_MISS_RD: 0, MISS_RATE: 0.00%
[cur diff] DIFF L2D_CACHE_REFILL: 0
[cur diff] DIFF L2D_CACHE_INVAL: 0
[max diff] DIFF LL_CACHE_RD: 2, DIFF LL_CACHE_MISS_RD: 2, MISS_RATE: 100.00%
[max diff] DIFF L2D_CACHE_REFILL: 2
[max diff] DIFF L2D_CACHE_INVAL: 0

===========================================================
taskpendcnt:415450
t0:1416 ns
t1:3000 ns
t2:98500 ns
benchmark: Franka-derived Cartesian-impedance kernel, input trace:8, timer period:1.000 ms
controller source: franka_ros2 jazzy@73a1501d, updates:415472, SVD sweeps:5
pose error:[0.010000 0.015000 0.010000 -0.000000 0.049979 -0.000000]
tau[0:6]:[-0.274004 -0.324180 0.001577 -0.231466 0.050986 -0.328952 0.010844]
kernel exec min/avg/max: 94.21 / 95.58 / 100.92 us, samples:415482
pressure status:0, copy rounds total/window:0/0, 0.00 rounds/s
pressure logical copy:0.00 MiB total, approx 0.00 MiB/s, checksum:0
pressure report window:2.133069 s
t0_region>
[0]:6
[1]:415065
[2]:399
[3]:33
[4]:1

t1_region>
[2]:391917
[3]:22905
[4]:597
[5]:77
[6]:11
[7]:1

t2_region>
[97]:7683
[98]:395830
[99]:11244
[100]:584
[101]:126
[102]:34
[103]:12
[104]:2

t0_min: 0.96 us, round:80922
t0_max: 4.13 us, round:180954
t0_jitter: 3.17 us

t1_min: 2.58 us, round:463
t1_max: 7.50 us, round:356828
t1_jitter: 4.92 us

t2_min: 97.08 us, round:7442
t2_max: 104.88 us, round:26
t2_jitter: 7.79 us

PMU diff samples: 415543
AVG DIFF LL_CACHE_RD: 0.52
AVG DIFF LL_CACHE_MISS_RD: 0.03
AVG DIFF L2D_CACHE_REFILL: 0.03
AVG DIFF L2D_CACHE_INVAL: 0.00
[cur diff] DIFF LL_CACHE_RD: 1, DIFF LL_CACHE_MISS_RD: 0, MISS_RATE: 0.00%
[cur diff] DIFF L2D_CACHE_REFILL: 0
[cur diff] DIFF L2D_CACHE_INVAL: 0
[max diff] DIFF LL_CACHE_RD: 2, DIFF LL_CACHE_MISS_RD: 2, MISS_RATE: 100.00%
[max diff] DIFF L2D_CACHE_REFILL: 2
[max diff] DIFF L2D_CACHE_INVAL: 0

===========================================================
taskpendcnt:417583
t0:1458 ns
t1:3041 ns
t2:98541 ns
benchmark: Franka-derived Cartesian-impedance kernel, input trace:8, timer period:1.000 ms
controller source: franka_ros2 jazzy@73a1501d, updates:417605, SVD sweeps:5
pose error:[0.010000 0.015000 0.010000 -0.000000 0.049979 -0.000000]
tau[0:6]:[-2.781770 -1.613002 -1.930139 -1.581803 -1.382951 -0.390599 -0.663394]
kernel exec min/avg/max: 94.21 / 95.58 / 100.92 us, samples:417615
pressure status:0, copy rounds total/window:0/0, 0.00 rounds/s
pressure logical copy:0.00 MiB total, approx 0.00 MiB/s, checksum:0
pressure report window:2.133157 s
t0_region>
[0]:6
[1]:417196
[2]:401
[3]:33
[4]:1

t1_region>
[2]:393919
[3]:23037
[4]:597
[5]:78
[6]:11
[7]:1

t2_region>
[97]:7683
[98]:397853
[99]:11352
[100]:586
[101]:127
[102]:34
[103]:12
[104]:2

t0_min: 0.96 us, round:80922
t0_max: 4.13 us, round:180954
t0_jitter: 3.17 us

t1_min: 2.58 us, round:463
t1_max: 7.50 us, round:356828
t1_jitter: 4.92 us

t2_min: 97.08 us, round:7442
t2_max: 104.88 us, round:26
t2_jitter: 7.79 us

PMU diff samples: 417676
AVG DIFF LL_CACHE_RD: 0.52
AVG DIFF LL_CACHE_MISS_RD: 0.03
AVG DIFF L2D_CACHE_REFILL: 0.03
AVG DIFF L2D_CACHE_INVAL: 0.00
[cur diff] DIFF LL_CACHE_RD: 0, DIFF LL_CACHE_MISS_RD: 0, MISS_RATE: 0.00%
[cur diff] DIFF L2D_CACHE_REFILL: 0
[cur diff] DIFF L2D_CACHE_INVAL: 0
[max diff] DIFF LL_CACHE_RD: 2, DIFF LL_CACHE_MISS_RD: 2, MISS_RATE: 100.00%
[max diff] DIFF L2D_CACHE_REFILL: 2
[max diff] DIFF L2D_CACHE_INVAL: 0

===========================================================
taskpendcnt:419716
t0:1208 ns
t1:2791 ns
t2:99166 ns
benchmark: Franka-derived Cartesian-impedance kernel, input trace:8, timer period:1.000 ms
controller source: franka_ros2 jazzy@73a1501d, updates:419738, SVD sweeps:5
pose error:[0.010000 0.015000 0.010000 -0.000000 0.049979 -0.000000]
tau[0:6]:[1.228026 0.081850 0.819520 0.875435 0.745706 -0.833381 0.398995]
kernel exec min/avg/max: 94.21 / 95.58 / 100.92 us, samples:419748
pressure status:0, copy rounds total/window:0/0, 0.00 rounds/s
pressure logical copy:0.00 MiB total, approx 0.00 MiB/s, checksum:0
pressure report window:2.132458 s
t0_region>
[0]:6
[1]:419327
[2]:403
[3]:33
[4]:1

t1_region>
[2]:395935
[3]:23151
[4]:599
[5]:78
[6]:11
[7]:1

t2_region>
[97]:7683
[98]:399916
[99]:11419
[100]:587
[101]:128
[102]:34
[103]:12
[104]:2

t0_min: 0.96 us, round:80922
t0_max: 4.13 us, round:180954
t0_jitter: 3.17 us

t1_min: 2.58 us, round:463
t1_max: 7.50 us, round:356828
t1_jitter: 4.92 us

t2_min: 97.08 us, round:7442
t2_max: 104.88 us, round:26
t2_jitter: 7.79 us

PMU diff samples: 419809
AVG DIFF LL_CACHE_RD: 0.53
AVG DIFF LL_CACHE_MISS_RD: 0.03
AVG DIFF L2D_CACHE_REFILL: 0.03
AVG DIFF L2D_CACHE_INVAL: 0.00
[cur diff] DIFF LL_CACHE_RD: 0, DIFF LL_CACHE_MISS_RD: 0, MISS_RATE: 0.00%
[cur diff] DIFF L2D_CACHE_REFILL: 0
[cur diff] DIFF L2D_CACHE_INVAL: 0
[max diff] DIFF LL_CACHE_RD: 2, DIFF LL_CACHE_MISS_RD: 2, MISS_RATE: 100.00%
[max diff] DIFF L2D_CACHE_REFILL: 2
[max diff] DIFF L2D_CACHE_INVAL: 0

===========================================================
taskpendcnt:421848
t0:1250 ns
t1:3125 ns
t2:98625 ns
benchmark: Franka-derived Cartesian-impedance kernel, input trace:8, timer period:1.000 ms
controller source: franka_ros2 jazzy@73a1501d, updates:421871, SVD sweeps:5
pose error:[0.010000 0.015000 0.010000 -0.000000 0.049979 -0.000000]
tau[0:6]:[-1.839419 -0.921560 -1.193198 -1.195971 -0.861243 0.113634 -0.461388]
kernel exec min/avg/max: 94.21 / 95.58 / 100.92 us, samples:421881
pressure status:0, copy rounds total/window:0/0, 0.00 rounds/s
pressure logical copy:0.00 MiB total, approx 0.00 MiB/s, checksum:0
pressure report window:2.133238 s
t0_region>
[0]:6
[1]:421458
[2]:405
[3]:33
[4]:1

t1_region>
[2]:397961
[3]:23257
[4]:599
[5]:78
[6]:11
[7]:1

t2_region>
[97]:7683
[98]:401976
[99]:11489
[100]:590
[101]:128
[102]:34
[103]:12
[104]:2

t0_min: 0.96 us, round:80922
t0_max: 4.13 us, round:180954
t0_jitter: 3.17 us

t1_min: 2.58 us, round:463
t1_max: 7.50 us, round:356828
t1_jitter: 4.92 us

t2_min: 97.08 us, round:7442
t2_max: 104.88 us, round:26
t2_jitter: 7.79 us

PMU diff samples: 421942
AVG DIFF LL_CACHE_RD: 0.52
AVG DIFF LL_CACHE_MISS_RD: 0.03
AVG DIFF L2D_CACHE_REFILL: 0.03
AVG DIFF L2D_CACHE_INVAL: 0.00
[cur diff] DIFF LL_CACHE_RD: 0, DIFF LL_CACHE_MISS_RD: 0, MISS_RATE: 0.00%
[cur diff] DIFF L2D_CACHE_REFILL: 0
[cur diff] DIFF L2D_CACHE_INVAL: 0
[max diff] DIFF LL_CACHE_RD: 2, DIFF LL_CACHE_MISS_RD: 2, MISS_RATE: 100.00%
[max diff] DIFF L2D_CACHE_REFILL: 2
[max diff] DIFF L2D_CACHE_INVAL: 0

===========================================================
taskpendcnt:423981
t0:1291 ns
t1:2875 ns
t2:98666 ns
benchmark: Franka-derived Cartesian-impedance kernel, input trace:8, timer period:1.000 ms
controller source: franka_ros2 jazzy@73a1501d, updates:424004, SVD sweeps:5
pose error:[0.010000 0.015000 0.010000 -0.000000 0.049979 -0.000000]
tau[0:6]:[-0.567483 -0.552304 -0.482512 -0.231067 -0.297494 -0.656094 -0.085004]
kernel exec min/avg/max: 94.21 / 95.58 / 100.92 us, samples:424014
pressure status:0, copy rounds total/window:0/0, 0.00 rounds/s
pressure logical copy:0.00 MiB total, approx 0.00 MiB/s, checksum:0
pressure report window:2.132983 s
t0_region>
[0]:6
[1]:423591
[2]:405
[3]:33
[4]:1

t1_region>
[2]:399968
[3]:23382
[4]:601
[5]:78
[6]:11
[7]:1

t2_region>
[97]:7683
[98]:404001
[99]:11595
[100]:591
[101]:129
[102]:34
[103]:12
[104]:2

t0_min: 0.96 us, round:80922
t0_max: 4.13 us, round:180954
t0_jitter: 3.17 us

t1_min: 2.58 us, round:463
t1_max: 7.50 us, round:356828
t1_jitter: 4.92 us

t2_min: 97.08 us, round:7442
t2_max: 104.88 us, round:26
t2_jitter: 7.79 us

PMU diff samples: 424075
AVG DIFF LL_CACHE_RD: 0.52
AVG DIFF LL_CACHE_MISS_RD: 0.03
AVG DIFF L2D_CACHE_REFILL: 0.03
AVG DIFF L2D_CACHE_INVAL: 0.00
[cur diff] DIFF LL_CACHE_RD: 0, DIFF LL_CACHE_MISS_RD: 0, MISS_RATE: 0.00%
[cur diff] DIFF L2D_CACHE_REFILL: 0
[cur diff] DIFF L2D_CACHE_INVAL: 0
[max diff] DIFF LL_CACHE_RD: 2, DIFF LL_CACHE_MISS_RD: 2, MISS_RATE: 100.00%
[max diff] DIFF L2D_CACHE_REFILL: 2
[max diff] DIFF L2D_CACHE_INVAL: 0

===========================================================
taskpendcnt:426114
t0:1333 ns
t1:2916 ns
t2:98708 ns
benchmark: Franka-derived Cartesian-impedance kernel, input trace:8, timer period:1.000 ms
controller source: franka_ros2 jazzy@73a1501d, updates:426137, SVD sweeps:5
pose error:[0.010000 0.015000 0.010000 -0.000000 0.049979 -0.000000]
tau[0:6]:[0.839771 0.130674 0.617691 0.624912 0.653099 -0.592692 0.265887]
kernel exec min/avg/max: 94.21 / 95.58 / 100.92 us, samples:426146
pressure status:0, copy rounds total/window:0/0, 0.00 rounds/s
pressure logical copy:0.00 MiB total, approx 0.00 MiB/s, checksum:0
pressure report window:2.132374 s
t0_region>
[0]:6
[1]:425722
[2]:406
[3]:33
[4]:1

t1_region>
[2]:401974
[3]:23508
[4]:602
[5]:78
[6]:11
[7]:1

t2_region>
[97]:7683
[98]:406053
[99]:11675
[100]:592
[101]:129
[102]:34
[103]:12
[104]:2

t0_min: 0.96 us, round:80922
t0_max: 4.13 us, round:180954
t0_jitter: 3.17 us

t1_min: 2.58 us, round:463
t1_max: 7.50 us, round:356828
t1_jitter: 4.92 us

t2_min: 97.08 us, round:7442
t2_max: 104.88 us, round:26
t2_jitter: 7.79 us

PMU diff samples: 426207
AVG DIFF LL_CACHE_RD: 0.52
AVG DIFF LL_CACHE_MISS_RD: 0.03
AVG DIFF L2D_CACHE_REFILL: 0.03
AVG DIFF L2D_CACHE_INVAL: 0.00
[cur diff] DIFF LL_CACHE_RD: 2, DIFF LL_CACHE_MISS_RD: 0, MISS_RATE: 0.00%
[cur diff] DIFF L2D_CACHE_REFILL: 0
[cur diff] DIFF L2D_CACHE_INVAL: 0
[max diff] DIFF LL_CACHE_RD: 2, DIFF LL_CACHE_MISS_RD: 2, MISS_RATE: 100.00%
[max diff] DIFF L2D_CACHE_REFILL: 2
[max diff] DIFF L2D_CACHE_INVAL: 0

===========================================================
taskpendcnt:428247
t0:1083 ns
t1:2958 ns
t2:98458 ns
benchmark: Franka-derived Cartesian-impedance kernel, input trace:8, timer period:1.000 ms
controller source: franka_ros2 jazzy@73a1501d, updates:428270, SVD sweeps:5
pose error:[0.010000 0.015000 0.010000 -0.000000 0.049979 -0.000000]
tau[0:6]:[-2.781770 -1.613002 -1.930139 -1.581803 -1.382951 -0.390599 -0.663394]
kernel exec min/avg/max: 94.21 / 95.58 / 100.92 us, samples:428280
pressure status:0, copy rounds total/window:0/0, 0.00 rounds/s
pressure logical copy:0.00 MiB total, approx 0.00 MiB/s, checksum:0
pressure report window:2.133414 s
t0_region>
[0]:7
[1]:427853
[2]:408
[3]:33
[4]:1

t1_region>
[2]:403991
[3]:23621
[4]:604
[5]:79
[6]:11
[7]:1

t2_region>
[97]:7683
[98]:408095
[99]:11762
[100]:596
[101]:129
[102]:34
[103]:12
[104]:2

t0_min: 0.96 us, round:80922
t0_max: 4.13 us, round:180954
t0_jitter: 3.17 us

t1_min: 2.58 us, round:463
t1_max: 7.50 us, round:356828
t1_jitter: 4.92 us

t2_min: 97.08 us, round:7442
t2_max: 104.88 us, round:26
t2_jitter: 7.79 us

PMU diff samples: 428341
AVG DIFF LL_CACHE_RD: 0.52
AVG DIFF LL_CACHE_MISS_RD: 0.03
AVG DIFF L2D_CACHE_REFILL: 0.03
AVG DIFF L2D_CACHE_INVAL: 0.00
[cur diff] DIFF LL_CACHE_RD: 1, DIFF LL_CACHE_MISS_RD: 0, MISS_RATE: 0.00%
[cur diff] DIFF L2D_CACHE_REFILL: 0
[cur diff] DIFF L2D_CACHE_INVAL: 0
[max diff] DIFF LL_CACHE_RD: 2, DIFF LL_CACHE_MISS_RD: 2, MISS_RATE: 100.00%
[max diff] DIFF L2D_CACHE_REFILL: 2
[max diff] DIFF L2D_CACHE_INVAL: 0

===========================================================
taskpendcnt:430380
t0:1291 ns
t1:3000 ns
t2:98500 ns
benchmark: Franka-derived Cartesian-impedance kernel, input trace:8, timer period:1.000 ms
controller source: franka_ros2 jazzy@73a1501d, updates:430403, SVD sweeps:5
pose error:[0.010000 0.015000 0.010000 -0.000000 0.049979 -0.000000]
tau[0:6]:[1.228026 0.081850 0.819520 0.875435 0.745706 -0.833381 0.398995]
kernel exec min/avg/max: 94.21 / 95.58 / 100.92 us, samples:430412
pressure status:0, copy rounds total/window:0/0, 0.00 rounds/s
pressure logical copy:0.00 MiB total, approx 0.00 MiB/s, checksum:0
pressure report window:2.132375 s
t0_region>
[0]:8
[1]:429981
[2]:411
[3]:33
[4]:1

t1_region>
[2]:406013
[3]:23727
[4]:608
[5]:79
[6]:11
[7]:1

t2_region>
[97]:7683
[98]:410129
[99]:11856
[100]:599
[101]:130
[102]:34
[103]:12
[104]:2

t0_min: 0.96 us, round:80922
t0_max: 4.13 us, round:180954
t0_jitter: 3.17 us

t1_min: 2.58 us, round:463
t1_max: 7.50 us, round:356828
t1_jitter: 4.92 us

t2_min: 97.08 us, round:7442
t2_max: 104.88 us, round:26
t2_jitter: 7.79 us

PMU diff samples: 430473
AVG DIFF LL_CACHE_RD: 0.52
AVG DIFF LL_CACHE_MISS_RD: 0.03
AVG DIFF L2D_CACHE_REFILL: 0.03
AVG DIFF L2D_CACHE_INVAL: 0.00
[cur diff] DIFF LL_CACHE_RD: 1, DIFF LL_CACHE_MISS_RD: 0, MISS_RATE: 0.00%
[cur diff] DIFF L2D_CACHE_REFILL: 0
[cur diff] DIFF L2D_CACHE_INVAL: 0
[max diff] DIFF LL_CACHE_RD: 2, DIFF LL_CACHE_MISS_RD: 2, MISS_RATE: 100.00%
[max diff] DIFF L2D_CACHE_REFILL: 2
[max diff] DIFF L2D_CACHE_INVAL: 0

===========================================================
taskpendcnt:432513
t0:1625 ns
t1:3208 ns
t2:98708 ns
benchmark: Franka-derived Cartesian-impedance kernel, input trace:8, timer period:1.000 ms
controller source: franka_ros2 jazzy@73a1501d, updates:432536, SVD sweeps:5
pose error:[0.010000 0.015000 0.010000 -0.000000 0.049979 -0.000000]
tau[0:6]:[-1.839419 -0.921560 -1.193198 -1.195971 -0.861243 0.113634 -0.461388]
kernel exec min/avg/max: 94.21 / 95.58 / 100.92 us, samples:432545
pressure status:0, copy rounds total/window:0/0, 0.00 rounds/s
pressure logical copy:0.00 MiB total, approx 0.00 MiB/s, checksum:0
pressure report window:2.133329 s
t0_region>
[0]:8
[1]:432112
[2]:413
[3]:33
[4]:1

t1_region>
[2]:408028
[3]:23844
[4]:609
[5]:79
[6]:11
[7]:1

t2_region>
[97]:7683
[98]:412130
[99]:11988
[100]:600
[101]:130
[102]:34
[103]:12
[104]:2

t0_min: 0.96 us, round:80922
t0_max: 4.13 us, round:180954
t0_jitter: 3.17 us

t1_min: 2.58 us, round:463
t1_max: 7.50 us, round:356828
t1_jitter: 4.92 us

t2_min: 97.08 us, round:7442
t2_max: 104.88 us, round:26
t2_jitter: 7.79 us

PMU diff samples: 432606
AVG DIFF LL_CACHE_RD: 0.52
AVG DIFF LL_CACHE_MISS_RD: 0.03
AVG DIFF L2D_CACHE_REFILL: 0.03
AVG DIFF L2D_CACHE_INVAL: 0.00
[cur diff] DIFF LL_CACHE_RD: 1, DIFF LL_CACHE_MISS_RD: 0, MISS_RATE: 0.00%
[cur diff] DIFF L2D_CACHE_REFILL: 0
[cur diff] DIFF L2D_CACHE_INVAL: 0
[max diff] DIFF LL_CACHE_RD: 2, DIFF LL_CACHE_MISS_RD: 2, MISS_RATE: 100.00%
[max diff] DIFF L2D_CACHE_REFILL: 2
[max diff] DIFF L2D_CACHE_INVAL: 0

===========================================================
taskpendcnt:434646
t0:1375 ns
t1:2958 ns
t2:98458 ns
benchmark: Franka-derived Cartesian-impedance kernel, input trace:8, timer period:1.000 ms
controller source: franka_ros2 jazzy@73a1501d, updates:434668, SVD sweeps:5
pose error:[0.010000 0.015000 0.010000 -0.000000 0.049979 -0.000000]
tau[0:6]:[-0.567483 -0.552304 -0.482512 -0.231067 -0.297494 -0.656094 -0.085004]
kernel exec min/avg/max: 94.21 / 95.58 / 100.92 us, samples:434678
pressure status:0, copy rounds total/window:0/0, 0.00 rounds/s
pressure logical copy:0.00 MiB total, approx 0.00 MiB/s, checksum:0
pressure report window:2.132981 s
t0_region>
[0]:8
[1]:434243
[2]:415
[3]:33
[4]:1

t1_region>
[2]:410046
[3]:23957
[4]:611
[5]:79
[6]:11
[7]:1

t2_region>
[97]:7683
[98]:414131
[99]:12118
[100]:602
[101]:130
[102]:34
[103]:12
[104]:2

t0_min: 0.96 us, round:80922
t0_max: 4.13 us, round:180954
t0_jitter: 3.17 us

t1_min: 2.58 us, round:463
t1_max: 7.50 us, round:356828
t1_jitter: 4.92 us

t2_min: 97.08 us, round:7442
t2_max: 104.88 us, round:26
t2_jitter: 7.79 us

PMU diff samples: 434739
AVG DIFF LL_CACHE_RD: 0.52
AVG DIFF LL_CACHE_MISS_RD: 0.03
AVG DIFF L2D_CACHE_REFILL: 0.03
AVG DIFF L2D_CACHE_INVAL: 0.00
[cur diff] DIFF LL_CACHE_RD: 2, DIFF LL_CACHE_MISS_RD: 1, MISS_RATE: 50.00%
[cur diff] DIFF L2D_CACHE_REFILL: 0
[cur diff] DIFF L2D_CACHE_INVAL: 0
[max diff] DIFF LL_CACHE_RD: 2, DIFF LL_CACHE_MISS_RD: 2, MISS_RATE: 100.00%
[max diff] DIFF L2D_CACHE_REFILL: 2
[max diff] DIFF L2D_CACHE_INVAL: 0

===========================================================
taskpendcnt:436779
t0:1125 ns
t1:3000 ns
t2:99083 ns
benchmark: Franka-derived Cartesian-impedance kernel, input trace:8, timer period:1.000 ms
controller source: franka_ros2 jazzy@73a1501d, updates:436801, SVD sweeps:5
pose error:[0.010000 0.015000 0.010000 -0.000000 0.049979 -0.000000]
tau[0:6]:[0.839771 0.130674 0.617691 0.624912 0.653099 -0.592692 0.265887]
kernel exec min/avg/max: 94.21 / 95.58 / 100.92 us, samples:436811
pressure status:0, copy rounds total/window:0/0, 0.00 rounds/s
pressure logical copy:0.00 MiB total, approx 0.00 MiB/s, checksum:0
pressure report window:2.132420 s
t0_region>
[0]:8
[1]:436375
[2]:416
[3]:33
[4]:1

t1_region>
[2]:412056
[3]:24077
[4]:613
[5]:79
[6]:11
[7]:1

t2_region>
[97]:7683
[98]:416164
[99]:12216
[100]:603
[101]:130
[102]:34
[103]:12
[104]:2

t0_min: 0.96 us, round:80922
t0_max: 4.13 us, round:180954
t0_jitter: 3.17 us

t1_min: 2.58 us, round:463
t1_max: 7.50 us, round:356828
t1_jitter: 4.92 us

t2_min: 97.08 us, round:7442
t2_max: 104.88 us, round:26
t2_jitter: 7.79 us

PMU diff samples: 436872
AVG DIFF LL_CACHE_RD: 0.52
AVG DIFF LL_CACHE_MISS_RD: 0.03
AVG DIFF L2D_CACHE_REFILL: 0.03
AVG DIFF L2D_CACHE_INVAL: 0.00
[cur diff] DIFF LL_CACHE_RD: 1, DIFF LL_CACHE_MISS_RD: 0, MISS_RATE: 0.00%
[cur diff] DIFF L2D_CACHE_REFILL: 0
[cur diff] DIFF L2D_CACHE_INVAL: 0
[max diff] DIFF LL_CACHE_RD: 2, DIFF LL_CACHE_MISS_RD: 2, MISS_RATE: 100.00%
[max diff] DIFF L2D_CACHE_REFILL: 2
[max diff] DIFF L2D_CACHE_INVAL: 0

===========================================================
taskpendcnt:438912
t0:1458 ns
t1:3041 ns
t2:99708 ns
benchmark: Franka-derived Cartesian-impedance kernel, input trace:8, timer period:1.000 ms
controller source: franka_ros2 jazzy@73a1501d, updates:438934, SVD sweeps:5
pose error:[0.010000 0.015000 0.010000 -0.000000 0.049979 -0.000000]
tau[0:6]:[-2.379368 -1.292411 -1.655224 -1.570015 -1.185234 -0.066588 -0.610247]
kernel exec min/avg/max: 94.21 / 95.59 / 100.92 us, samples:438944
pressure status:0, copy rounds total/window:0/0, 0.00 rounds/s
pressure logical copy:0.00 MiB total, approx 0.00 MiB/s, checksum:0
pressure report window:2.133406 s
t0_region>
[0]:8
[1]:438504
[2]:420
[3]:33
[4]:1

t1_region>
[2]:414066
[3]:24200
[4]:614
[5]:80
[6]:11
[7]:1

t2_region>
[97]:7683
[98]:418111
[99]:12401
[100]:605
[101]:130
[102]:34
[103]:12
[104]:2

t0_min: 0.96 us, round:80922
t0_max: 4.13 us, round:180954
t0_jitter: 3.17 us

t1_min: 2.58 us, round:463
t1_max: 7.50 us, round:356828
t1_jitter: 4.92 us

t2_min: 97.08 us, round:7442
t2_max: 104.88 us, round:26
t2_jitter: 7.79 us

PMU diff samples: 439005
AVG DIFF LL_CACHE_RD: 0.52
AVG DIFF LL_CACHE_MISS_RD: 0.03
AVG DIFF L2D_CACHE_REFILL: 0.03
AVG DIFF L2D_CACHE_INVAL: 0.00
[cur diff] DIFF LL_CACHE_RD: 1, DIFF LL_CACHE_MISS_RD: 0, MISS_RATE: 0.00%
[cur diff] DIFF L2D_CACHE_REFILL: 0
[cur diff] DIFF L2D_CACHE_INVAL: 0
[max diff] DIFF LL_CACHE_RD: 2, DIFF LL_CACHE_MISS_RD: 2, MISS_RATE: 100.00%
[max diff] DIFF L2D_CACHE_REFILL: 2
[max diff] DIFF L2D_CACHE_INVAL: 0

===========================================================
taskpendcnt:441044
t0:1208 ns
t1:3083 ns
t2:98291 ns
benchmark: Franka-derived Cartesian-impedance kernel, input trace:8, timer period:1.000 ms
controller source: franka_ros2 jazzy@73a1501d, updates:441067, SVD sweeps:5
pose error:[0.010000 0.015000 0.010000 -0.000000 0.049979 -0.000000]
tau[0:6]:[1.376914 -0.104433 0.790225 0.843903 0.642107 -0.956178 0.423547]
kernel exec min/avg/max: 94.21 / 95.59 / 100.92 us, samples:441077
pressure status:0, copy rounds total/window:0/0, 0.00 rounds/s
pressure logical copy:0.00 MiB total, approx 0.00 MiB/s, checksum:0
pressure report window:2.132418 s
t0_region>
[0]:8
[1]:440635
[2]:422
[3]:33
[4]:1

t1_region>
[2]:416095
[3]:24301
[4]:615
[5]:81
[6]:11
[7]:1

t2_region>
[97]:7683
[98]:420218
[99]:12424
[100]:606
[101]:131
[102]:34
[103]:12
[104]:2

t0_min: 0.96 us, round:80922
t0_max: 4.13 us, round:180954
t0_jitter: 3.17 us

t1_min: 2.58 us, round:463
t1_max: 7.50 us, round:356828
t1_jitter: 4.92 us

t2_min: 97.08 us, round:7442
t2_max: 104.88 us, round:26
t2_jitter: 7.79 us

PMU diff samples: 441138
AVG DIFF LL_CACHE_RD: 0.52
AVG DIFF LL_CACHE_MISS_RD: 0.03
AVG DIFF L2D_CACHE_REFILL: 0.03
AVG DIFF L2D_CACHE_INVAL: 0.00
[cur diff] DIFF LL_CACHE_RD: 1, DIFF LL_CACHE_MISS_RD: 0, MISS_RATE: 0.00%
[cur diff] DIFF L2D_CACHE_REFILL: 1
[cur diff] DIFF L2D_CACHE_INVAL: 0
[max diff] DIFF LL_CACHE_RD: 2, DIFF LL_CACHE_MISS_RD: 2, MISS_RATE: 100.00%
[max diff] DIFF L2D_CACHE_REFILL: 2
[max diff] DIFF L2D_CACHE_INVAL: 0

===========================================================
taskpendcnt:443177
t0:1541 ns
t1:2833 ns
t2:98625 ns
benchmark: Franka-derived Cartesian-impedance kernel, input trace:8, timer period:1.000 ms
controller source: franka_ros2 jazzy@73a1501d, updates:443200, SVD sweeps:5
pose error:[0.010000 0.015000 0.010000 -0.000000 0.049979 -0.000000]
tau[0:6]:[-0.274004 -0.324180 0.001577 -0.231466 0.050986 -0.328952 0.010844]
kernel exec min/avg/max: 94.21 / 95.59 / 100.92 us, samples:443210
pressure status:0, copy rounds total/window:0/0, 0.00 rounds/s
pressure logical copy:0.00 MiB total, approx 0.00 MiB/s, checksum:0
pressure report window:2.133067 s
t0_region>
[0]:8
[1]:442761
[2]:429
[3]:33
[4]:1

t1_region>
[2]:418118
[3]:24403
[4]:623
[5]:81
[6]:11
[7]:1

t2_region>
[97]:7683
[98]:422231
[99]:12537
[100]:613
[101]:131
[102]:34
[103]:12
[104]:2

t0_min: 0.96 us, round:80922
t0_max: 4.13 us, round:180954
t0_jitter: 3.17 us

t1_min: 2.58 us, round:463
t1_max: 7.50 us, round:356828
t1_jitter: 4.92 us

t2_min: 97.08 us, round:7442
t2_max: 104.88 us, round:26
t2_jitter: 7.79 us

PMU diff samples: 443271
AVG DIFF LL_CACHE_RD: 0.51
AVG DIFF LL_CACHE_MISS_RD: 0.03
AVG DIFF L2D_CACHE_REFILL: 0.03
AVG DIFF L2D_CACHE_INVAL: 0.00
[cur diff] DIFF LL_CACHE_RD: 0, DIFF LL_CACHE_MISS_RD: 0, MISS_RATE: 0.00%
[cur diff] DIFF L2D_CACHE_REFILL: 0
[cur diff] DIFF L2D_CACHE_INVAL: 0
[max diff] DIFF LL_CACHE_RD: 2, DIFF LL_CACHE_MISS_RD: 2, MISS_RATE: 100.00%
[max diff] DIFF L2D_CACHE_REFILL: 2
[max diff] DIFF L2D_CACHE_INVAL: 0

===========================================================
taskpendcnt:445310
t0:1291 ns
t1:2875 ns
t2:98666 ns
benchmark: Franka-derived Cartesian-impedance kernel, input trace:8, timer period:1.000 ms
controller source: franka_ros2 jazzy@73a1501d, updates:445333, SVD sweeps:5
pose error:[0.010000 0.015000 0.010000 -0.000000 0.049979 -0.000000]
tau[0:6]:[-2.781770 -1.613002 -1.930139 -1.581803 -1.382951 -0.390599 -0.663394]
kernel exec min/avg/max: 94.21 / 95.59 / 100.92 us, samples:445343
pressure status:0, copy rounds total/window:0/0, 0.00 rounds/s
pressure logical copy:0.00 MiB total, approx 0.00 MiB/s, checksum:0
pressure report window:2.133155 s
t0_region>
[0]:8
[1]:444892
[2]:431
[3]:33
[4]:1

t1_region>
[2]:420144
[3]:24509
[4]:624
[5]:81
[6]:11
[7]:1

t2_region>
[97]:7683
[98]:424289
[99]:12611
[100]:614
[101]:131
[102]:34
[103]:12
[104]:2

t0_min: 0.96 us, round:80922
t0_max: 4.13 us, round:180954
t0_jitter: 3.17 us

t1_min: 2.58 us, round:463
t1_max: 7.50 us, round:356828
t1_jitter: 4.92 us

t2_min: 97.08 us, round:7442
t2_max: 104.88 us, round:26
t2_jitter: 7.79 us

PMU diff samples: 445404
AVG DIFF LL_CACHE_RD: 0.51
AVG DIFF LL_CACHE_MISS_RD: 0.03
AVG DIFF L2D_CACHE_REFILL: 0.03
AVG DIFF L2D_CACHE_INVAL: 0.00
[cur diff] DIFF LL_CACHE_RD: 1, DIFF LL_CACHE_MISS_RD: 0, MISS_RATE: 0.00%
[cur diff] DIFF L2D_CACHE_REFILL: 0
[cur diff] DIFF L2D_CACHE_INVAL: 0
[max diff] DIFF LL_CACHE_RD: 2, DIFF LL_CACHE_MISS_RD: 2, MISS_RATE: 100.00%
[max diff] DIFF L2D_CACHE_REFILL: 2
[max diff] DIFF L2D_CACHE_INVAL: 0

===========================================================
taskpendcnt:447443
t0:1333 ns
t1:2916 ns
t2:99291 ns
benchmark: Franka-derived Cartesian-impedance kernel, input trace:8, timer period:1.000 ms
controller source: franka_ros2 jazzy@73a1501d, updates:447466, SVD sweeps:5
pose error:[0.010000 0.015000 0.010000 -0.000000 0.049979 -0.000000]
tau[0:6]:[1.228026 0.081850 0.819520 0.875435 0.745706 -0.833381 0.398995]
kernel exec min/avg/max: 94.21 / 95.59 / 100.92 us, samples:447475
pressure status:0, copy rounds total/window:0/0, 0.00 rounds/s
pressure logical copy:0.00 MiB total, approx 0.00 MiB/s, checksum:0
pressure report window:2.132374 s
t0_region>
[0]:8
[1]:447023
[2]:432
[3]:33
[4]:1

t1_region>
[2]:422171
[3]:24613
[4]:626
[5]:81
[6]:11
[7]:1

t2_region>
[97]:7683
[98]:426255
[99]:12775
[100]:616
[101]:131
[102]:34
[103]:12
[104]:2

t0_min: 0.96 us, round:80922
t0_max: 4.13 us, round:180954
t0_jitter: 3.17 us

t1_min: 2.58 us, round:463
t1_max: 7.50 us, round:356828
t1_jitter: 4.92 us

t2_min: 97.08 us, round:7442
t2_max: 104.88 us, round:26
t2_jitter: 7.79 us

PMU diff samples: 447536
AVG DIFF LL_CACHE_RD: 0.51
AVG DIFF LL_CACHE_MISS_RD: 0.03
AVG DIFF L2D_CACHE_REFILL: 0.03
AVG DIFF L2D_CACHE_INVAL: 0.00
[cur diff] DIFF LL_CACHE_RD: 2, DIFF LL_CACHE_MISS_RD: 0, MISS_RATE: 0.00%
[cur diff] DIFF L2D_CACHE_REFILL: 0
[cur diff] DIFF L2D_CACHE_INVAL: 0
[max diff] DIFF LL_CACHE_RD: 2, DIFF LL_CACHE_MISS_RD: 2, MISS_RATE: 100.00%
[max diff] DIFF L2D_CACHE_REFILL: 2
[max diff] DIFF L2D_CACHE_INVAL: 0

===========================================================
taskpendcnt:449576
t0:1375 ns
t1:2666 ns
t2:98458 ns
benchmark: Franka-derived Cartesian-impedance kernel, input trace:8, timer period:1.000 ms
controller source: franka_ros2 jazzy@73a1501d, updates:449599, SVD sweeps:5
pose error:[0.010000 0.015000 0.010000 -0.000000 0.049979 -0.000000]
tau[0:6]:[-2.379368 -1.292411 -1.655224 -1.570015 -1.185234 -0.066588 -0.610247]
kernel exec min/avg/max: 94.21 / 95.59 / 100.92 us, samples:449609
pressure status:0, copy rounds total/window:0/0, 0.00 rounds/s
pressure logical copy:0.00 MiB total, approx 0.00 MiB/s, checksum:0
pressure report window:2.133414 s
t0_region>
[0]:8
[1]:449156
[2]:433
[3]:33
[4]:1

t1_region>
[2]:424199
[3]:24714
[4]:630
[5]:81
[6]:11
[7]:1

t2_region>
[97]:7683
[98]:428293
[99]:12868
[100]:618
[101]:132
[102]:34
[103]:12
[104]:2

t0_min: 0.96 us, round:80922
t0_max: 4.13 us, round:180954
t0_jitter: 3.17 us

t1_min: 2.58 us, round:463
t1_max: 7.50 us, round:356828
t1_jitter: 4.92 us

t2_min: 97.08 us, round:7442
t2_max: 104.88 us, round:26
t2_jitter: 7.79 us

PMU diff samples: 449670
AVG DIFF LL_CACHE_RD: 0.51
AVG DIFF LL_CACHE_MISS_RD: 0.03
AVG DIFF L2D_CACHE_REFILL: 0.03
AVG DIFF L2D_CACHE_INVAL: 0.00
[cur diff] DIFF LL_CACHE_RD: 1, DIFF LL_CACHE_MISS_RD: 0, MISS_RATE: 0.00%
[cur diff] DIFF L2D_CACHE_REFILL: 0
[cur diff] DIFF L2D_CACHE_INVAL: 0
[max diff] DIFF LL_CACHE_RD: 2, DIFF LL_CACHE_MISS_RD: 2, MISS_RATE: 100.00%
[max diff] DIFF L2D_CACHE_REFILL: 2
[max diff] DIFF L2D_CACHE_INVAL: 0

===========================================================
taskpendcnt:451709
t0:1291 ns
t1:2875 ns
t2:98666 ns
benchmark: Franka-derived Cartesian-impedance kernel, input trace:8, timer period:1.000 ms
controller source: franka_ros2 jazzy@73a1501d, updates:451732, SVD sweeps:5
pose error:[0.010000 0.015000 0.010000 -0.000000 0.049979 -0.000000]
tau[0:6]:[1.376914 -0.104433 0.790225 0.843903 0.642107 -0.956178 0.423547]
kernel exec min/avg/max: 94.21 / 95.59 / 100.92 us, samples:451741
pressure status:0, copy rounds total/window:0/0, 0.00 rounds/s
pressure logical copy:0.00 MiB total, approx 0.00 MiB/s, checksum:0
pressure report window:2.132460 s
t0_region>
[0]:8
[1]:451288
[2]:433
[3]:33
[4]:1

t1_region>
[2]:426211
[3]:24833
[4]:631
[5]:81
[6]:11
[7]:1

t2_region>
[97]:7683
[98]:430332
[99]:12960
[100]:619
[101]:132
[102]:34
[103]:12
[104]:2

t0_min: 0.96 us, round:80922
t0_max: 4.13 us, round:180954
t0_jitter: 3.17 us

t1_min: 2.58 us, round:463
t1_max: 7.50 us, round:356828
t1_jitter: 4.92 us

t2_min: 97.08 us, round:7442
t2_max: 104.88 us, round:26
t2_jitter: 7.79 us

PMU diff samples: 451802
AVG DIFF LL_CACHE_RD: 0.51
AVG DIFF LL_CACHE_MISS_RD: 0.03
AVG DIFF L2D_CACHE_REFILL: 0.03
AVG DIFF L2D_CACHE_INVAL: 0.00
[cur diff] DIFF LL_CACHE_RD: 1, DIFF LL_CACHE_MISS_RD: 0, MISS_RATE: 0.00%
[cur diff] DIFF L2D_CACHE_REFILL: 0
[cur diff] DIFF L2D_CACHE_INVAL: 0
[max diff] DIFF LL_CACHE_RD: 2, DIFF LL_CACHE_MISS_RD: 2, MISS_RATE: 100.00%
[max diff] DIFF L2D_CACHE_REFILL: 2
[max diff] DIFF L2D_CACHE_INVAL: 0

===========================================================
taskpendcnt:453842
t0:1333 ns
t1:2916 ns
t2:98708 ns
benchmark: Franka-derived Cartesian-impedance kernel, input trace:8, timer period:1.000 ms
controller source: franka_ros2 jazzy@73a1501d, updates:453864, SVD sweeps:5
pose error:[0.010000 0.015000 0.010000 -0.000000 0.049979 -0.000000]
tau[0:6]:[-0.274004 -0.324180 0.001577 -0.231466 0.050986 -0.328952 0.010844]
kernel exec min/avg/max: 94.21 / 95.59 / 100.92 us, samples:453874
pressure status:0, copy rounds total/window:0/0, 0.00 rounds/s
pressure logical copy:0.00 MiB total, approx 0.00 MiB/s, checksum:0
pressure report window:2.133070 s
t0_region>
[0]:8
[1]:453420
[2]:434
[3]:33
[4]:1

t1_region>
[2]:428216
[3]:24958
[4]:634
[5]:81
[6]:11
[7]:1

t2_region>
[97]:7683
[98]:432309
[99]:13109
[100]:624
[101]:133
[102]:35
[103]:12
[104]:2

t0_min: 0.96 us, round:80922
t0_max: 4.13 us, round:180954
t0_jitter: 3.17 us

t1_min: 2.58 us, round:463
t1_max: 7.50 us, round:356828
t1_jitter: 4.92 us

t2_min: 97.08 us, round:7442
t2_max: 104.88 us, round:26
t2_jitter: 7.79 us

PMU diff samples: 453935
AVG DIFF LL_CACHE_RD: 0.51
AVG DIFF LL_CACHE_MISS_RD: 0.03
AVG DIFF L2D_CACHE_REFILL: 0.03
AVG DIFF L2D_CACHE_INVAL: 0.00
[cur diff] DIFF LL_CACHE_RD: 1, DIFF LL_CACHE_MISS_RD: 0, MISS_RATE: 0.00%
[cur diff] DIFF L2D_CACHE_REFILL: 0
[cur diff] DIFF L2D_CACHE_INVAL: 0
[max diff] DIFF LL_CACHE_RD: 2, DIFF LL_CACHE_MISS_RD: 2, MISS_RATE: 100.00%
[max diff] DIFF L2D_CACHE_REFILL: 2
[max diff] DIFF L2D_CACHE_INVAL: 0

===========================================================
taskpendcnt:455975
t0:1375 ns
t1:2958 ns
t2:98750 ns
benchmark: Franka-derived Cartesian-impedance kernel, input trace:8, timer period:1.000 ms
controller source: franka_ros2 jazzy@73a1501d, updates:455997, SVD sweeps:5
pose error:[0.010000 0.015000 0.010000 -0.000000 0.049979 -0.000000]
tau[0:6]:[-2.781770 -1.613002 -1.930139 -1.581803 -1.382951 -0.390599 -0.663394]
kernel exec min/avg/max: 94.21 / 95.59 / 100.92 us, samples:456007
pressure status:0, copy rounds total/window:0/0, 0.00 rounds/s
pressure logical copy:0.00 MiB total, approx 0.00 MiB/s, checksum:0
pressure report window:2.133154 s
t0_region>
[0]:8
[1]:455551
[2]:436
[3]:33
[4]:1

t1_region>
[2]:430229
[3]:25076
[4]:636
[5]:81
[6]:11
[7]:1

t2_region>
[97]:7683
[98]:434359
[99]:13191
[100]:625
[101]:134
[102]:35
[103]:12
[104]:2

t0_min: 0.96 us, round:80922
t0_max: 4.13 us, round:180954
t0_jitter: 3.17 us

t1_min: 2.58 us, round:463
t1_max: 7.50 us, round:356828
t1_jitter: 4.92 us

t2_min: 97.08 us, round:7442
t2_max: 104.88 us, round:26
t2_jitter: 7.79 us

PMU diff samples: 456068
AVG DIFF LL_CACHE_RD: 0.51
AVG DIFF LL_CACHE_MISS_RD: 0.03
AVG DIFF L2D_CACHE_REFILL: 0.03
AVG DIFF L2D_CACHE_INVAL: 0.00
[cur diff] DIFF LL_CACHE_RD: 2, DIFF LL_CACHE_MISS_RD: 0, MISS_RATE: 0.00%
[cur diff] DIFF L2D_CACHE_REFILL: 0
[cur diff] DIFF L2D_CACHE_INVAL: 0
[max diff] DIFF LL_CACHE_RD: 2, DIFF LL_CACHE_MISS_RD: 2, MISS_RATE: 100.00%
[max diff] DIFF L2D_CACHE_REFILL: 2
[max diff] DIFF L2D_CACHE_INVAL: 0

===========================================================
taskpendcnt:458108
t0:1416 ns
t1:3000 ns
t2:98500 ns
benchmark: Franka-derived Cartesian-impedance kernel, input trace:8, timer period:1.000 ms
controller source: franka_ros2 jazzy@73a1501d, updates:458130, SVD sweeps:5
pose error:[0.010000 0.015000 0.010000 -0.000000 0.049979 -0.000000]
tau[0:6]:[1.228026 0.081850 0.819520 0.875435 0.745706 -0.833381 0.398995]
kernel exec min/avg/max: 94.21 / 95.59 / 100.92 us, samples:458140
pressure status:0, copy rounds total/window:0/0, 0.00 rounds/s
pressure logical copy:0.00 MiB total, approx 0.00 MiB/s, checksum:0
pressure report window:2.132375 s
t0_region>
[0]:8
[1]:457681
[2]:438
[3]:34
[4]:1

t1_region>
[2]:432225
[3]:25210
[4]:637
[5]:83
[6]:11
[7]:1

t2_region>
[97]:7683
[98]:436383
[99]:13295
[100]:627
[101]:136
[102]:35
[103]:12
[104]:2

t0_min: 0.96 us, round:80922
t0_max: 4.13 us, round:180954
t0_jitter: 3.17 us

t1_min: 2.58 us, round:463
t1_max: 7.50 us, round:356828
t1_jitter: 4.92 us

t2_min: 97.08 us, round:7442
t2_max: 104.88 us, round:26
t2_jitter: 7.79 us

PMU diff samples: 458201
AVG DIFF LL_CACHE_RD: 0.51
AVG DIFF LL_CACHE_MISS_RD: 0.03
AVG DIFF L2D_CACHE_REFILL: 0.03
AVG DIFF L2D_CACHE_INVAL: 0.00
[cur diff] DIFF LL_CACHE_RD: 1, DIFF LL_CACHE_MISS_RD: 0, MISS_RATE: 0.00%
[cur diff] DIFF L2D_CACHE_REFILL: 0
[cur diff] DIFF L2D_CACHE_INVAL: 0
[max diff] DIFF LL_CACHE_RD: 2, DIFF LL_CACHE_MISS_RD: 2, MISS_RATE: 100.00%
[max diff] DIFF L2D_CACHE_REFILL: 2
[max diff] DIFF L2D_CACHE_INVAL: 0

===========================================================
taskpendcnt:460241
t0:1458 ns
t1:3041 ns
t2:98833 ns
benchmark: Franka-derived Cartesian-impedance kernel, input trace:8, timer period:1.000 ms
controller source: franka_ros2 jazzy@73a1501d, updates:460263, SVD sweeps:5
pose error:[0.010000 0.015000 0.010000 -0.000000 0.049979 -0.000000]
tau[0:6]:[-1.839419 -0.921560 -1.193198 -1.195971 -0.861243 0.113634 -0.461388]
kernel exec min/avg/max: 94.21 / 95.59 / 100.92 us, samples:460273
pressure status:0, copy rounds total/window:0/0, 0.00 rounds/s
pressure logical copy:0.00 MiB total, approx 0.00 MiB/s, checksum:0
pressure report window:2.133425 s
t0_region>
[0]:8
[1]:459812
[2]:440
[3]:34
[4]:1

t1_region>
[2]:434237
[3]:25329
[4]:638
[5]:83
[6]:11
[7]:1

t2_region>
[97]:7683
[98]:438459
[99]:13351
[100]:629
[101]:136
[102]:35
[103]:12
[104]:2

t0_min: 0.96 us, round:80922
t0_max: 4.13 us, round:180954
t0_jitter: 3.17 us

t1_min: 2.58 us, round:463
t1_max: 7.50 us, round:356828
t1_jitter: 4.92 us

t2_min: 97.08 us, round:7442
t2_max: 104.88 us, round:26
t2_jitter: 7.79 us

PMU diff samples: 460334
AVG DIFF LL_CACHE_RD: 0.51
AVG DIFF LL_CACHE_MISS_RD: 0.03
AVG DIFF L2D_CACHE_REFILL: 0.03
AVG DIFF L2D_CACHE_INVAL: 0.00
[cur diff] DIFF LL_CACHE_RD: 3, DIFF LL_CACHE_MISS_RD: 0, MISS_RATE: 0.00%
[cur diff] DIFF L2D_CACHE_REFILL: 0
[cur diff] DIFF L2D_CACHE_INVAL: 0
[max diff] DIFF LL_CACHE_RD: 2, DIFF LL_CACHE_MISS_RD: 2, MISS_RATE: 100.00%
[max diff] DIFF L2D_CACHE_REFILL: 2
[max diff] DIFF L2D_CACHE_INVAL: 0

===========================================================
taskpendcnt:462373
t0:1500 ns
t1:3083 ns
t2:98291 ns
benchmark: Franka-derived Cartesian-impedance kernel, input trace:8, timer period:1.000 ms
controller source: franka_ros2 jazzy@73a1501d, updates:462396, SVD sweeps:5
pose error:[0.010000 0.015000 0.010000 -0.000000 0.049979 -0.000000]
tau[0:6]:[-0.567483 -0.552304 -0.482512 -0.231067 -0.297494 -0.656094 -0.085004]
kernel exec min/avg/max: 94.21 / 95.59 / 100.92 us, samples:462406
pressure status:0, copy rounds total/window:0/0, 0.00 rounds/s
pressure logical copy:0.00 MiB total, approx 0.00 MiB/s, checksum:0
pressure report window:2.132878 s
t0_region>
[0]:8
[1]:461943
[2]:442
[3]:34
[4]:1

t1_region>
[2]:436252
[3]:25447
[4]:638
[5]:83
[6]:11
[7]:1

t2_region>
[97]:7683
[98]:440465
[99]:13477
[100]:629
[101]:136
[102]:35
[103]:12
[104]:2

t0_min: 0.96 us, round:80922
t0_max: 4.13 us, round:180954
t0_jitter: 3.17 us

t1_min: 2.58 us, round:463
t1_max: 7.50 us, round:356828
t1_jitter: 4.92 us

t2_min: 97.08 us, round:7442
t2_max: 104.88 us, round:26
t2_jitter: 7.79 us

PMU diff samples: 462467
AVG DIFF LL_CACHE_RD: 0.51
AVG DIFF LL_CACHE_MISS_RD: 0.03
AVG DIFF L2D_CACHE_REFILL: 0.03
AVG DIFF L2D_CACHE_INVAL: 0.00
[cur diff] DIFF LL_CACHE_RD: 1, DIFF LL_CACHE_MISS_RD: 0, MISS_RATE: 0.00%
[cur diff] DIFF L2D_CACHE_REFILL: 0
[cur diff] DIFF L2D_CACHE_INVAL: 0
[max diff] DIFF LL_CACHE_RD: 2, DIFF LL_CACHE_MISS_RD: 2, MISS_RATE: 100.00%
[max diff] DIFF L2D_CACHE_REFILL: 2
[max diff] DIFF L2D_CACHE_INVAL: 0

===========================================================
taskpendcnt:464506
t0:1541 ns
t1:3125 ns
t2:98333 ns
benchmark: Franka-derived Cartesian-impedance kernel, input trace:8, timer period:1.000 ms
controller source: franka_ros2 jazzy@73a1501d, updates:464529, SVD sweeps:5
pose error:[0.010000 0.015000 0.010000 -0.000000 0.049979 -0.000000]
tau[0:6]:[0.839771 0.130674 0.617691 0.624912 0.653099 -0.592692 0.265887]
kernel exec min/avg/max: 94.21 / 95.59 / 100.92 us, samples:464538
pressure status:0, copy rounds total/window:0/0, 0.00 rounds/s
pressure logical copy:0.00 MiB total, approx 0.00 MiB/s, checksum:0
pressure report window:2.132375 s
t0_region>
[0]:8
[1]:464074
[2]:443
[3]:34
[4]:1

t1_region>
[2]:438261
[3]:25570
[4]:639
[5]:83
[6]:11
[7]:1

t2_region>
[97]:7683
[98]:442515
[99]:13558
[100]:631
[101]:136
[102]:35
[103]:12
[104]:2

t0_min: 0.96 us, round:80922
t0_max: 4.13 us, round:180954
t0_jitter: 3.17 us

t1_min: 2.58 us, round:463
t1_max: 7.50 us, round:356828
t1_jitter: 4.92 us

t2_min: 97.08 us, round:7442
t2_max: 104.88 us, round:26
t2_jitter: 7.79 us

PMU diff samples: 464599
AVG DIFF LL_CACHE_RD: 0.51
AVG DIFF LL_CACHE_MISS_RD: 0.03
AVG DIFF L2D_CACHE_REFILL: 0.03
AVG DIFF L2D_CACHE_INVAL: 0.00
[cur diff] DIFF LL_CACHE_RD: 1, DIFF LL_CACHE_MISS_RD: 0, MISS_RATE: 0.00%
[cur diff] DIFF L2D_CACHE_REFILL: 0
[cur diff] DIFF L2D_CACHE_INVAL: 0
[max diff] DIFF LL_CACHE_RD: 2, DIFF LL_CACHE_MISS_RD: 2, MISS_RATE: 100.00%
[max diff] DIFF L2D_CACHE_REFILL: 2
[max diff] DIFF L2D_CACHE_INVAL: 0

===========================================================
taskpendcnt:466639
t0:1291 ns
t1:2875 ns
t2:98666 ns
benchmark: Franka-derived Cartesian-impedance kernel, input trace:8, timer period:1.000 ms
controller source: franka_ros2 jazzy@73a1501d, updates:466662, SVD sweeps:5
pose error:[0.010000 0.015000 0.010000 -0.000000 0.049979 -0.000000]
tau[0:6]:[-2.379368 -1.292411 -1.655224 -1.570015 -1.185234 -0.066588 -0.610247]
kernel exec min/avg/max: 94.21 / 95.59 / 100.92 us, samples:466672
pressure status:0, copy rounds total/window:0/0, 0.00 rounds/s
pressure logical copy:0.00 MiB total, approx 0.00 MiB/s, checksum:0
pressure report window:2.133431 s
t0_region>
[0]:8
[1]:466208
[2]:443
[3]:34
[4]:1

t1_region>
[2]:440274
[3]:25691
[4]:639
[5]:83
[6]:11
[7]:1

t2_region>
[97]:7683
[98]:444559
[99]:13647
[100]:631
[101]:136
[102]:35
[103]:12
[104]:2

t0_min: 0.96 us, round:80922
t0_max: 4.13 us, round:180954
t0_jitter: 3.17 us

t1_min: 2.58 us, round:463
t1_max: 7.50 us, round:356828
t1_jitter: 4.92 us

t2_min: 97.08 us, round:7442
t2_max: 104.88 us, round:26
t2_jitter: 7.79 us

PMU diff samples: 466733
AVG DIFF LL_CACHE_RD: 0.50
AVG DIFF LL_CACHE_MISS_RD: 0.03
AVG DIFF L2D_CACHE_REFILL: 0.03
AVG DIFF L2D_CACHE_INVAL: 0.00
[cur diff] DIFF LL_CACHE_RD: 1, DIFF LL_CACHE_MISS_RD: 0, MISS_RATE: 0.00%
[cur diff] DIFF L2D_CACHE_REFILL: 0
[cur diff] DIFF L2D_CACHE_INVAL: 0
[max diff] DIFF LL_CACHE_RD: 2, DIFF LL_CACHE_MISS_RD: 2, MISS_RATE: 100.00%
[max diff] DIFF L2D_CACHE_REFILL: 2
[max diff] DIFF L2D_CACHE_INVAL: 0

===========================================================
taskpendcnt:468772
t0:1333 ns
t1:2916 ns
t2:99000 ns
benchmark: Franka-derived Cartesian-impedance kernel, input trace:8, timer period:1.000 ms
controller source: franka_ros2 jazzy@73a1501d, updates:468795, SVD sweeps:5
pose error:[0.010000 0.015000 0.010000 -0.000000 0.049979 -0.000000]
tau[0:6]:[1.228026 0.081850 0.819520 0.875435 0.745706 -0.833381 0.398995]
kernel exec min/avg/max: 94.21 / 95.59 / 100.92 us, samples:468804
pressure status:0, copy rounds total/window:0/0, 0.00 rounds/s
pressure logical copy:0.00 MiB total, approx 0.00 MiB/s, checksum:0
pressure report window:2.132361 s
t0_region>
[0]:8
[1]:468338
[2]:445
[3]:34
[4]:1

t1_region>
[2]:442264
[3]:25833
[4]:640
[5]:83
[6]:11
[7]:1

t2_region>
[97]:7683
[98]:446548
[99]:13787
[100]:633
[101]:136
[102]:36
[103]:12
[104]:2

t0_min: 0.96 us, round:80922
t0_max: 4.13 us, round:180954
t0_jitter: 3.17 us

t1_min: 2.58 us, round:463
t1_max: 7.50 us, round:356828
t1_jitter: 4.92 us

t2_min: 97.08 us, round:7442
t2_max: 104.88 us, round:26
t2_jitter: 7.79 us

PMU diff samples: 468865
AVG DIFF LL_CACHE_RD: 0.51
AVG DIFF LL_CACHE_MISS_RD: 0.03
AVG DIFF L2D_CACHE_REFILL: 0.03
AVG DIFF L2D_CACHE_INVAL: 0.00
[cur diff] DIFF LL_CACHE_RD: 0, DIFF LL_CACHE_MISS_RD: 0, MISS_RATE: 0.00%
[cur diff] DIFF L2D_CACHE_REFILL: 0
[cur diff] DIFF L2D_CACHE_INVAL: 0
[max diff] DIFF LL_CACHE_RD: 2, DIFF LL_CACHE_MISS_RD: 2, MISS_RATE: 100.00%
[max diff] DIFF L2D_CACHE_REFILL: 2
[max diff] DIFF L2D_CACHE_INVAL: 0

===========================================================
taskpendcnt:470905
t0:1250 ns
t1:3125 ns
t2:98458 ns
benchmark: Franka-derived Cartesian-impedance kernel, input trace:8, timer period:1.000 ms
controller source: franka_ros2 jazzy@73a1501d, updates:470928, SVD sweeps:5
pose error:[0.010000 0.015000 0.010000 -0.000000 0.049979 -0.000000]
tau[0:6]:[-1.839419 -0.921560 -1.193198 -1.195971 -0.861243 0.113634 -0.461388]
kernel exec min/avg/max: 94.21 / 95.59 / 100.92 us, samples:470937
pressure status:0, copy rounds total/window:0/0, 0.00 rounds/s
pressure logical copy:0.00 MiB total, approx 0.00 MiB/s, checksum:0
pressure report window:2.133328 s
t0_region>
[0]:8
[1]:470467
[2]:449
[3]:34
[4]:1

t1_region>
[2]:444268
[3]:25956
[4]:644
[5]:85
[6]:11
[7]:1

t2_region>
[97]:7683
[98]:448593
[99]:13872
[100]:635
[101]:138
[102]:36
[103]:12
[104]:2

t0_min: 0.96 us, round:80922
t0_max: 4.13 us, round:180954
t0_jitter: 3.17 us

t1_min: 2.58 us, round:463
t1_max: 7.50 us, round:356828
t1_jitter: 4.92 us

t2_min: 97.08 us, round:7442
t2_max: 104.88 us, round:26
t2_jitter: 7.79 us

PMU diff samples: 470998
AVG DIFF LL_CACHE_RD: 0.50
AVG DIFF LL_CACHE_MISS_RD: 0.03
AVG DIFF L2D_CACHE_REFILL: 0.03
AVG DIFF L2D_CACHE_INVAL: 0.00
[cur diff] DIFF LL_CACHE_RD: 1, DIFF LL_CACHE_MISS_RD: 0, MISS_RATE: 0.00%
[cur diff] DIFF L2D_CACHE_REFILL: 0
[cur diff] DIFF L2D_CACHE_INVAL: 0
[max diff] DIFF LL_CACHE_RD: 2, DIFF LL_CACHE_MISS_RD: 2, MISS_RATE: 100.00%
[max diff] DIFF L2D_CACHE_REFILL: 2
[max diff] DIFF L2D_CACHE_INVAL: 0

===========================================================
taskpendcnt:473038
t0:1291 ns
t1:3166 ns
t2:98666 ns
benchmark: Franka-derived Cartesian-impedance kernel, input trace:8, timer period:1.000 ms
controller source: franka_ros2 jazzy@73a1501d, updates:473061, SVD sweeps:5
pose error:[0.010000 0.015000 0.010000 -0.000000 0.049979 -0.000000]
tau[0:6]:[-0.567483 -0.552304 -0.482512 -0.231067 -0.297494 -0.656094 -0.085004]
kernel exec min/avg/max: 94.21 / 95.59 / 100.92 us, samples:473070
pressure status:0, copy rounds total/window:0/0, 0.00 rounds/s
pressure logical copy:0.00 MiB total, approx 0.00 MiB/s, checksum:0
pressure report window:2.132983 s
t0_region>
[0]:8
[1]:472598
[2]:451
[3]:34
[4]:1

t1_region>
[2]:446288
[3]:26067
[4]:646
[5]:85
[6]:11
[7]:1

t2_region>
[97]:7683
[98]:450626
[99]:13970
[100]:637
[101]:138
[102]:36
[103]:12
[104]:2

t0_min: 0.96 us, round:80922
t0_max: 4.13 us, round:180954
t0_jitter: 3.17 us

t1_min: 2.58 us, round:463
t1_max: 7.50 us, round:356828
t1_jitter: 4.92 us

t2_min: 97.08 us, round:7442
t2_max: 104.88 us, round:26
t2_jitter: 7.79 us

PMU diff samples: 473131
AVG DIFF LL_CACHE_RD: 0.50
AVG DIFF LL_CACHE_MISS_RD: 0.03
AVG DIFF L2D_CACHE_REFILL: 0.03
AVG DIFF L2D_CACHE_INVAL: 0.00
[cur diff] DIFF LL_CACHE_RD: 1, DIFF LL_CACHE_MISS_RD: 0, MISS_RATE: 0.00%
[cur diff] DIFF L2D_CACHE_REFILL: 0
[cur diff] DIFF L2D_CACHE_INVAL: 0
[max diff] DIFF LL_CACHE_RD: 2, DIFF LL_CACHE_MISS_RD: 2, MISS_RATE: 100.00%
[max diff] DIFF L2D_CACHE_REFILL: 2
[max diff] DIFF L2D_CACHE_INVAL: 0

===========================================================
taskpendcnt:475171
t0:1333 ns
t1:2916 ns
t2:99875 ns
benchmark: Franka-derived Cartesian-impedance kernel, input trace:8, timer period:1.000 ms
controller source: franka_ros2 jazzy@73a1501d, updates:475193, SVD sweeps:5
pose error:[0.010000 0.015000 0.010000 -0.000000 0.049979 -0.000000]
tau[0:6]:[0.839771 0.130674 0.617691 0.624912 0.653099 -0.592692 0.265887]
kernel exec min/avg/max: 94.21 / 95.59 / 100.92 us, samples:475203
pressure status:0, copy rounds total/window:0/0, 0.00 rounds/s
pressure logical copy:0.00 MiB total, approx 0.00 MiB/s, checksum:0
pressure report window:2.132376 s
t0_region>
[0]:8
[1]:474727
[2]:455
[3]:34
[4]:1

t1_region>
[2]:448277
[3]:26201
[4]:654
[5]:86
[6]:11
[7]:1

t2_region>
[97]:7683
[98]:452597
[99]:14122
[100]:645
[101]:139
[102]:36
[103]:12
[104]:2

t0_min: 0.96 us, round:80922
t0_max: 4.13 us, round:180954
t0_jitter: 3.17 us

t1_min: 2.58 us, round:463
t1_max: 7.50 us, round:356828
t1_jitter: 4.92 us

t2_min: 97.08 us, round:7442
t2_max: 104.88 us, round:26
t2_jitter: 7.79 us

PMU diff samples: 475264
AVG DIFF LL_CACHE_RD: 0.50
AVG DIFF LL_CACHE_MISS_RD: 0.03
AVG DIFF L2D_CACHE_REFILL: 0.03
AVG DIFF L2D_CACHE_INVAL: 0.00
[cur diff] DIFF LL_CACHE_RD: 1, DIFF LL_CACHE_MISS_RD: 0, MISS_RATE: 0.00%
[cur diff] DIFF L2D_CACHE_REFILL: 0
[cur diff] DIFF L2D_CACHE_INVAL: 0
[max diff] DIFF LL_CACHE_RD: 2, DIFF LL_CACHE_MISS_RD: 2, MISS_RATE: 100.00%
[max diff] DIFF L2D_CACHE_REFILL: 2
[max diff] DIFF L2D_CACHE_INVAL: 0

===========================================================
taskpendcnt:477304
t0:1375 ns
t1:2958 ns
t2:98750 ns
benchmark: Franka-derived Cartesian-impedance kernel, input trace:8, timer period:1.000 ms
controller source: franka_ros2 jazzy@73a1501d, updates:477326, SVD sweeps:5
pose error:[0.010000 0.015000 0.010000 -0.000000 0.049979 -0.000000]
tau[0:6]:[-2.379368 -1.292411 -1.655224 -1.570015 -1.185234 -0.066588 -0.610247]
kernel exec min/avg/max: 94.21 / 95.59 / 100.92 us, samples:477336
pressure status:0, copy rounds total/window:0/0, 0.00 rounds/s
pressure logical copy:0.00 MiB total, approx 0.00 MiB/s, checksum:0
pressure report window:2.133414 s
t0_region>
[0]:8
[1]:476859
[2]:456
[3]:34
[4]:1

t1_region>
[2]:450285
[3]:26327
[4]:654
[5]:86
[6]:11
[7]:1

t2_region>
[97]:7683
[98]:454642
[99]:14211
[100]:645
[101]:139
[102]:36
[103]:12
[104]:2

t0_min: 0.96 us, round:80922
t0_max: 4.13 us, round:180954
t0_jitter: 3.17 us

t1_min: 2.58 us, round:463
t1_max: 7.50 us, round:356828
t1_jitter: 4.92 us

t2_min: 97.08 us, round:7442
t2_max: 104.88 us, round:26
t2_jitter: 7.79 us

PMU diff samples: 477397
AVG DIFF LL_CACHE_RD: 0.50
AVG DIFF LL_CACHE_MISS_RD: 0.03
AVG DIFF L2D_CACHE_REFILL: 0.03
AVG DIFF L2D_CACHE_INVAL: 0.00
[cur diff] DIFF LL_CACHE_RD: 4, DIFF LL_CACHE_MISS_RD: 0, MISS_RATE: 0.00%
[cur diff] DIFF L2D_CACHE_REFILL: 0
[cur diff] DIFF L2D_CACHE_INVAL: 0
[max diff] DIFF LL_CACHE_RD: 2, DIFF LL_CACHE_MISS_RD: 2, MISS_RATE: 100.00%
[max diff] DIFF L2D_CACHE_REFILL: 2
[max diff] DIFF L2D_CACHE_INVAL: 0

===========================================================
taskpendcnt:479437
t0:1125 ns
t1:3000 ns
t2:99375 ns
benchmark: Franka-derived Cartesian-impedance kernel, input trace:8, timer period:1.000 ms
controller source: franka_ros2 jazzy@73a1501d, updates:479459, SVD sweeps:5
pose error:[0.010000 0.015000 0.010000 -0.000000 0.049979 -0.000000]
tau[0:6]:[1.376914 -0.104433 0.790225 0.843903 0.642107 -0.956178 0.423547]
kernel exec min/avg/max: 94.21 / 95.59 / 100.92 us, samples:479469
pressure status:0, copy rounds total/window:0/0, 0.00 rounds/s
pressure logical copy:0.00 MiB total, approx 0.00 MiB/s, checksum:0
pressure report window:2.132539 s
t0_region>
[0]:8
[1]:478991
[2]:456
[3]:35
[4]:1

t1_region>
[2]:452296
[3]:26445
[4]:656
[5]:86
[6]:11
[7]:1

t2_region>
[97]:7683
[98]:456658
[99]:14326
[100]:647
[101]:139
[102]:36
[103]:12
[104]:2

t0_min: 0.96 us, round:80922
t0_max: 4.13 us, round:180954
t0_jitter: 3.17 us

t1_min: 2.58 us, round:463
t1_max: 7.50 us, round:356828
t1_jitter: 4.92 us

t2_min: 97.08 us, round:7442
t2_max: 104.88 us, round:26
t2_jitter: 7.79 us

PMU diff samples: 479530
AVG DIFF LL_CACHE_RD: 0.50
AVG DIFF LL_CACHE_MISS_RD: 0.03
AVG DIFF L2D_CACHE_REFILL: 0.03
AVG DIFF L2D_CACHE_INVAL: 0.00
[cur diff] DIFF LL_CACHE_RD: 1, DIFF LL_CACHE_MISS_RD: 0, MISS_RATE: 0.00%
[cur diff] DIFF L2D_CACHE_REFILL: 0
[cur diff] DIFF L2D_CACHE_INVAL: 0
[max diff] DIFF LL_CACHE_RD: 2, DIFF LL_CACHE_MISS_RD: 2, MISS_RATE: 100.00%
[max diff] DIFF L2D_CACHE_REFILL: 2
[max diff] DIFF L2D_CACHE_INVAL: 0

===========================================================
taskpendcnt:481569
t0:1458 ns
t1:3333 ns
t2:98833 ns
benchmark: Franka-derived Cartesian-impedance kernel, input trace:8, timer period:1.000 ms
controller source: franka_ros2 jazzy@73a1501d, updates:481592, SVD sweeps:5
pose error:[0.010000 0.015000 0.010000 -0.000000 0.049979 -0.000000]
tau[0:6]:[-0.274004 -0.324180 0.001577 -0.231466 0.050986 -0.328952 0.010844]
kernel exec min/avg/max: 94.21 / 95.59 / 100.92 us, samples:481602
pressure status:0, copy rounds total/window:0/0, 0.00 rounds/s
pressure logical copy:0.00 MiB total, approx 0.00 MiB/s, checksum:0
pressure report window:2.133000 s
t0_region>
[0]:8
[1]:481123
[2]:457
[3]:35
[4]:1

t1_region>
[2]:454319
[3]:26553
[4]:657
[5]:87
[6]:11
[7]:1

t2_region>
[97]:7683
[98]:458738
[99]:14375
[100]:649
[101]:140
[102]:36
[103]:12
[104]:2

t0_min: 0.96 us, round:80922
t0_max: 4.13 us, round:180954
t0_jitter: 3.17 us

t1_min: 2.58 us, round:463
t1_max: 7.50 us, round:356828
t1_jitter: 4.92 us

t2_min: 97.08 us, round:7442
t2_max: 104.88 us, round:26
t2_jitter: 7.79 us

PMU diff samples: 481663
AVG DIFF LL_CACHE_RD: 0.50
AVG DIFF LL_CACHE_MISS_RD: 0.03
AVG DIFF L2D_CACHE_REFILL: 0.03
AVG DIFF L2D_CACHE_INVAL: 0.00
[cur diff] DIFF LL_CACHE_RD: 0, DIFF LL_CACHE_MISS_RD: 0, MISS_RATE: 0.00%
[cur diff] DIFF L2D_CACHE_REFILL: 0
[cur diff] DIFF L2D_CACHE_INVAL: 0
[max diff] DIFF LL_CACHE_RD: 2, DIFF LL_CACHE_MISS_RD: 2, MISS_RATE: 100.00%
[max diff] DIFF L2D_CACHE_REFILL: 2
[max diff] DIFF L2D_CACHE_INVAL: 0

===========================================================
taskpendcnt:483702
t0:1208 ns
t1:3083 ns
t2:98583 ns
benchmark: Franka-derived Cartesian-impedance kernel, input trace:8, timer period:1.000 ms
controller source: franka_ros2 jazzy@73a1501d, updates:483725, SVD sweeps:5
pose error:[0.010000 0.015000 0.010000 -0.000000 0.049979 -0.000000]
tau[0:6]:[-2.781770 -1.613002 -1.930139 -1.581803 -1.382951 -0.390599 -0.663394]
kernel exec min/avg/max: 94.21 / 95.59 / 100.92 us, samples:483735
pressure status:0, copy rounds total/window:0/0, 0.00 rounds/s
pressure logical copy:0.00 MiB total, approx 0.00 MiB/s, checksum:0
pressure report window:2.133140 s
t0_region>
[0]:8
[1]:483255
[2]:458
[3]:35
[4]:1

t1_region>
[2]:456340
[3]:26665
[4]:657
[5]:87
[6]:12
[7]:1

t2_region>
[97]:7683
[98]:460754
[99]:14490
[100]:650
[101]:141
[102]:36
[103]:12
[104]:2

t0_min: 0.96 us, round:80922
t0_max: 4.13 us, round:180954
t0_jitter: 3.17 us

t1_min: 2.58 us, round:463
t1_max: 7.50 us, round:356828
t1_jitter: 4.92 us

t2_min: 97.08 us, round:7442
t2_max: 104.88 us, round:26
t2_jitter: 7.79 us

PMU diff samples: 483796
AVG DIFF LL_CACHE_RD: 0.50
AVG DIFF LL_CACHE_MISS_RD: 0.03
AVG DIFF L2D_CACHE_REFILL: 0.03
AVG DIFF L2D_CACHE_INVAL: 0.00
[cur diff] DIFF LL_CACHE_RD: 1, DIFF LL_CACHE_MISS_RD: 0, MISS_RATE: 0.00%
[cur diff] DIFF L2D_CACHE_REFILL: 0
[cur diff] DIFF L2D_CACHE_INVAL: 0
[max diff] DIFF LL_CACHE_RD: 2, DIFF LL_CACHE_MISS_RD: 2, MISS_RATE: 100.00%
[max diff] DIFF L2D_CACHE_REFILL: 2
[max diff] DIFF L2D_CACHE_INVAL: 0

===========================================================
taskpendcnt:485835
t0:1250 ns
t1:2833 ns
t2:98625 ns
benchmark: Franka-derived Cartesian-impedance kernel, input trace:8, timer period:1.000 ms
controller source: franka_ros2 jazzy@73a1501d, updates:485858, SVD sweeps:5
pose error:[0.010000 0.015000 0.010000 -0.000000 0.049979 -0.000000]
tau[0:6]:[1.228026 0.081850 0.819520 0.875435 0.745706 -0.833381 0.398995]
kernel exec min/avg/max: 94.21 / 95.59 / 100.92 us, samples:485867
pressure status:0, copy rounds total/window:0/0, 0.00 rounds/s
pressure logical copy:0.00 MiB total, approx 0.00 MiB/s, checksum:0
pressure report window:2.132376 s
t0_region>
[0]:8
[1]:485384
[2]:460
[3]:36
[4]:1

t1_region>
[2]:458350
[3]:26783
[4]:660
[5]:88
[6]:12
[7]:1

t2_region>
[97]:7683
[98]:462798
[99]:14575
[100]:653
[101]:142
[102]:36
[103]:12
[104]:2

t0_min: 0.96 us, round:80922
t0_max: 4.13 us, round:180954
t0_jitter: 3.17 us

t1_min: 2.58 us, round:463
t1_max: 7.50 us, round:356828
t1_jitter: 4.92 us

t2_min: 97.08 us, round:7442
t2_max: 104.88 us, round:26
t2_jitter: 7.79 us

PMU diff samples: 485928
AVG DIFF LL_CACHE_RD: 0.50
AVG DIFF LL_CACHE_MISS_RD: 0.03
AVG DIFF L2D_CACHE_REFILL: 0.03
AVG DIFF L2D_CACHE_INVAL: 0.00
[cur diff] DIFF LL_CACHE_RD: 1, DIFF LL_CACHE_MISS_RD: 0, MISS_RATE: 0.00%
[cur diff] DIFF L2D_CACHE_REFILL: 0
[cur diff] DIFF L2D_CACHE_INVAL: 0
[max diff] DIFF LL_CACHE_RD: 2, DIFF LL_CACHE_MISS_RD: 2, MISS_RATE: 100.00%
[max diff] DIFF L2D_CACHE_REFILL: 2
[max diff] DIFF L2D_CACHE_INVAL: 0

===========================================================
taskpendcnt:487968
t0:1583 ns
t1:3166 ns
t2:98375 ns
benchmark: Franka-derived Cartesian-impedance kernel, input trace:8, timer period:1.000 ms
controller source: franka_ros2 jazzy@73a1501d, updates:487991, SVD sweeps:5
pose error:[0.010000 0.015000 0.010000 -0.000000 0.049979 -0.000000]
tau[0:6]:[-1.839419 -0.921560 -1.193198 -1.195971 -0.861243 0.113634 -0.461388]
kernel exec min/avg/max: 94.21 / 95.59 / 100.92 us, samples:488001
pressure status:0, copy rounds total/window:0/0, 0.00 rounds/s
pressure logical copy:0.00 MiB total, approx 0.00 MiB/s, checksum:0
pressure report window:2.133329 s
t0_region>
[0]:8
[1]:487516
[2]:462
[3]:36
[4]:1

t1_region>
[2]:460382
[3]:26883
[4]:662
[5]:88
[6]:12
[7]:1

t2_region>
[97]:7683
[98]:464846
[99]:14658
[100]:655
[101]:142
[102]:36
[103]:12
[104]:2

t0_min: 0.96 us, round:80922
t0_max: 4.13 us, round:180954
t0_jitter: 3.17 us

t1_min: 2.58 us, round:463
t1_max: 7.50 us, round:356828
t1_jitter: 4.92 us

t2_min: 97.08 us, round:7442
t2_max: 104.88 us, round:26
t2_jitter: 7.79 us

PMU diff samples: 488062
AVG DIFF LL_CACHE_RD: 0.50
AVG DIFF LL_CACHE_MISS_RD: 0.03
AVG DIFF L2D_CACHE_REFILL: 0.03
AVG DIFF L2D_CACHE_INVAL: 0.00
[cur diff] DIFF LL_CACHE_RD: 2, DIFF LL_CACHE_MISS_RD: 0, MISS_RATE: 0.00%
[cur diff] DIFF L2D_CACHE_REFILL: 0
[cur diff] DIFF L2D_CACHE_INVAL: 0
[max diff] DIFF LL_CACHE_RD: 2, DIFF LL_CACHE_MISS_RD: 2, MISS_RATE: 100.00%
[max diff] DIFF L2D_CACHE_REFILL: 2
[max diff] DIFF L2D_CACHE_INVAL: 0

===========================================================
taskpendcnt:490101
t0:1333 ns
t1:2916 ns
t2:98416 ns
benchmark: Franka-derived Cartesian-impedance kernel, input trace:8, timer period:1.000 ms
controller source: franka_ros2 jazzy@73a1501d, updates:490124, SVD sweeps:5
pose error:[0.010000 0.015000 0.010000 -0.000000 0.049979 -0.000000]
tau[0:6]:[1.376914 -0.104433 0.790225 0.843903 0.642107 -0.956178 0.423547]
kernel exec min/avg/max: 94.21 / 95.59 / 100.92 us, samples:490133
pressure status:0, copy rounds total/window:0/0, 0.00 rounds/s
pressure logical copy:0.00 MiB total, approx 0.00 MiB/s, checksum:0
pressure report window:2.132548 s
t0_region>
[0]:8
[1]:489647
[2]:463
[3]:36
[4]:1

t1_region>
[2]:462389
[3]:27004
[4]:666
[5]:88
[6]:12
[7]:1

t2_region>
[97]:7683
[98]:466806
[99]:14826
[100]:658
[101]:142
[102]:37
[103]:12
[104]:2

t0_min: 0.96 us, round:80922
t0_max: 4.13 us, round:180954
t0_jitter: 3.17 us

t1_min: 2.58 us, round:463
t1_max: 7.50 us, round:356828
t1_jitter: 4.92 us

t2_min: 97.08 us, round:7442
t2_max: 104.88 us, round:26
t2_jitter: 7.79 us

PMU diff samples: 490194
AVG DIFF LL_CACHE_RD: 0.50
AVG DIFF LL_CACHE_MISS_RD: 0.03
AVG DIFF L2D_CACHE_REFILL: 0.03
AVG DIFF L2D_CACHE_INVAL: 0.00
[cur diff] DIFF LL_CACHE_RD: 1, DIFF LL_CACHE_MISS_RD: 0, MISS_RATE: 0.00%
[cur diff] DIFF L2D_CACHE_REFILL: 0
[cur diff] DIFF L2D_CACHE_INVAL: 0
[max diff] DIFF LL_CACHE_RD: 2, DIFF LL_CACHE_MISS_RD: 2, MISS_RATE: 100.00%
[max diff] DIFF L2D_CACHE_REFILL: 2
[max diff] DIFF L2D_CACHE_INVAL: 0

===========================================================
taskpendcnt:492234
t0:1250 ns
t1:2833 ns
t2:98625 ns
benchmark: Franka-derived Cartesian-impedance kernel, input trace:8, timer period:1.000 ms
controller source: franka_ros2 jazzy@73a1501d, updates:492257, SVD sweeps:5
pose error:[0.010000 0.015000 0.010000 -0.000000 0.049979 -0.000000]
tau[0:6]:[-0.274004 -0.324180 0.001577 -0.231466 0.050986 -0.328952 0.010844]
kernel exec min/avg/max: 94.21 / 95.59 / 100.92 us, samples:492266
pressure status:0, copy rounds total/window:0/0, 0.00 rounds/s
pressure logical copy:0.00 MiB total, approx 0.00 MiB/s, checksum:0
pressure report window:2.133069 s
t0_region>
[0]:8
[1]:491777
[2]:465
[3]:37
[4]:1

t1_region>
[2]:464409
[3]:27116
[4]:668
[5]:88
[6]:12
[7]:1

t2_region>
[97]:7683
[98]:468857
[99]:14908
[100]:659
[101]:142
[102]:37
[103]:12
[104]:2

t0_min: 0.96 us, round:80922
t0_max: 4.13 us, round:180954
t0_jitter: 3.17 us

t1_min: 2.58 us, round:463
t1_max: 7.50 us, round:356828
t1_jitter: 4.92 us

t2_min: 97.08 us, round:7442
t2_max: 104.88 us, round:26
t2_jitter: 7.79 us

PMU diff samples: 492327
AVG DIFF LL_CACHE_RD: 0.50
AVG DIFF LL_CACHE_MISS_RD: 0.03
AVG DIFF L2D_CACHE_REFILL: 0.03
AVG DIFF L2D_CACHE_INVAL: 0.00
[cur diff] DIFF LL_CACHE_RD: 2, DIFF LL_CACHE_MISS_RD: 0, MISS_RATE: 0.00%
[cur diff] DIFF L2D_CACHE_REFILL: 0
[cur diff] DIFF L2D_CACHE_INVAL: 0
[max diff] DIFF LL_CACHE_RD: 2, DIFF LL_CACHE_MISS_RD: 2, MISS_RATE: 100.00%
[max diff] DIFF L2D_CACHE_REFILL: 2
[max diff] DIFF L2D_CACHE_INVAL: 0

===========================================================
taskpendcnt:494367
t0:1583 ns
t1:2875 ns
t2:98666 ns
benchmark: Franka-derived Cartesian-impedance kernel, input trace:8, timer period:1.000 ms
controller source: franka_ros2 jazzy@73a1501d, updates:494389, SVD sweeps:5
pose error:[0.010000 0.015000 0.010000 -0.000000 0.049979 -0.000000]
tau[0:6]:[-2.781770 -1.613002 -1.930139 -1.581803 -1.382951 -0.390599 -0.663394]
kernel exec min/avg/max: 94.21 / 95.60 / 100.92 us, samples:494399
pressure status:0, copy rounds total/window:0/0, 0.00 rounds/s
pressure logical copy:0.00 MiB total, approx 0.00 MiB/s, checksum:0
pressure report window:2.133154 s
t0_region>
[0]:8
[1]:493909
[2]:465
[3]:38
[4]:1

t1_region>
[2]:466422
[3]:27234
[4]:668
[5]:89
[6]:12
[7]:1

t2_region>
[97]:7683
[98]:470887
[99]:15010
[100]:659
[101]:143
[102]:37
[103]:12
[104]:2

t0_min: 0.96 us, round:80922
t0_max: 4.13 us, round:180954
t0_jitter: 3.17 us

t1_min: 2.58 us, round:463
t1_max: 7.50 us, round:356828
t1_jitter: 4.92 us

t2_min: 97.08 us, round:7442
t2_max: 104.88 us, round:26
t2_jitter: 7.79 us

PMU diff samples: 494460
AVG DIFF LL_CACHE_RD: 0.50
AVG DIFF LL_CACHE_MISS_RD: 0.03
AVG DIFF L2D_CACHE_REFILL: 0.03
AVG DIFF L2D_CACHE_INVAL: 0.00
[cur diff] DIFF LL_CACHE_RD: 4, DIFF LL_CACHE_MISS_RD: 0, MISS_RATE: 0.00%
[cur diff] DIFF L2D_CACHE_REFILL: 0
[cur diff] DIFF L2D_CACHE_INVAL: 0
[max diff] DIFF LL_CACHE_RD: 2, DIFF LL_CACHE_MISS_RD: 2, MISS_RATE: 100.00%
[max diff] DIFF L2D_CACHE_REFILL: 2
[max diff] DIFF L2D_CACHE_INVAL: 0

===========================================================
taskpendcnt:496500
t0:1333 ns
t1:2916 ns
t2:98416 ns
benchmark: Franka-derived Cartesian-impedance kernel, input trace:8, timer period:1.000 ms
controller source: franka_ros2 jazzy@73a1501d, updates:496522, SVD sweeps:5
pose error:[0.010000 0.015000 0.010000 -0.000000 0.049979 -0.000000]
tau[0:6]:[1.228026 0.081850 0.819520 0.875435 0.745706 -0.833381 0.398995]
kernel exec min/avg/max: 94.21 / 95.60 / 100.92 us, samples:496532
pressure status:0, copy rounds total/window:0/0, 0.00 rounds/s
pressure logical copy:0.00 MiB total, approx 0.00 MiB/s, checksum:0
pressure report window:2.132385 s
t0_region>
[0]:8
[1]:496041
[2]:466
[3]:38
[4]:1

t1_region>
[2]:468439
[3]:27349
[4]:669
[5]:89
[6]:12
[7]:1

t2_region>
[97]:7683
[98]:472930
[99]:15099
[100]:659
[101]:143
[102]:38
[103]:12
[104]:2

t0_min: 0.96 us, round:80922
t0_max: 4.13 us, round:180954
t0_jitter: 3.17 us

t1_min: 2.58 us, round:463
t1_max: 7.50 us, round:356828
t1_jitter: 4.92 us

t2_min: 97.08 us, round:7442
t2_max: 104.88 us, round:26
t2_jitter: 7.79 us

PMU diff samples: 496593
AVG DIFF LL_CACHE_RD: 0.49
AVG DIFF LL_CACHE_MISS_RD: 0.03
AVG DIFF L2D_CACHE_REFILL: 0.03
AVG DIFF L2D_CACHE_INVAL: 0.00
[cur diff] DIFF LL_CACHE_RD: 2, DIFF LL_CACHE_MISS_RD: 0, MISS_RATE: 0.00%
[cur diff] DIFF L2D_CACHE_REFILL: 0
[cur diff] DIFF L2D_CACHE_INVAL: 0
[max diff] DIFF LL_CACHE_RD: 2, DIFF LL_CACHE_MISS_RD: 2, MISS_RATE: 100.00%
[max diff] DIFF L2D_CACHE_REFILL: 2
[max diff] DIFF L2D_CACHE_INVAL: 0

===========================================================
taskpendcnt:498633
t0:1375 ns
t1:3250 ns
t2:98750 ns
benchmark: Franka-derived Cartesian-impedance kernel, input trace:8, timer period:1.000 ms
controller source: franka_ros2 jazzy@73a1501d, updates:498655, SVD sweeps:5
pose error:[0.010000 0.015000 0.010000 -0.000000 0.049979 -0.000000]
tau[0:6]:[-1.839419 -0.921560 -1.193198 -1.195971 -0.861243 0.113634 -0.461388]
kernel exec min/avg/max: 94.21 / 95.60 / 100.92 us, samples:498665
pressure status:0, copy rounds total/window:0/0, 0.00 rounds/s
pressure logical copy:0.00 MiB total, approx 0.00 MiB/s, checksum:0
pressure report window:2.133319 s
t0_region>
[0]:8
[1]:498173
[2]:467
[3]:38
[4]:1

t1_region>
[2]:470447
[3]:27470
[4]:673
[5]:89
[6]:12
[7]:1

t2_region>
[97]:7683
[98]:474963
[99]:15194
[100]:662
[101]:144
[102]:38
[103]:12
[104]:2

t0_min: 0.96 us, round:80922
t0_max: 4.13 us, round:180954
t0_jitter: 3.17 us

t1_min: 2.58 us, round:463
t1_max: 7.50 us, round:356828
t1_jitter: 4.92 us

t2_min: 97.08 us, round:7442
t2_max: 104.88 us, round:26
t2_jitter: 7.79 us

PMU diff samples: 498726
AVG DIFF LL_CACHE_RD: 0.49
AVG DIFF LL_CACHE_MISS_RD: 0.03
AVG DIFF L2D_CACHE_REFILL: 0.03
AVG DIFF L2D_CACHE_INVAL: 0.00
[cur diff] DIFF LL_CACHE_RD: 0, DIFF LL_CACHE_MISS_RD: 0, MISS_RATE: 0.00%
[cur diff] DIFF L2D_CACHE_REFILL: 0
[cur diff] DIFF L2D_CACHE_INVAL: 0
[max diff] DIFF LL_CACHE_RD: 2, DIFF LL_CACHE_MISS_RD: 2, MISS_RATE: 100.00%
[max diff] DIFF L2D_CACHE_REFILL: 2
[max diff] DIFF L2D_CACHE_INVAL: 0

===========================================================
taskpendcnt:500766
t0:1416 ns
t1:3000 ns
t2:98500 ns
benchmark: Franka-derived Cartesian-impedance kernel, input trace:8, timer period:1.000 ms
controller source: franka_ros2 jazzy@73a1501d, updates:500788, SVD sweeps:5
pose error:[0.010000 0.015000 0.010000 -0.000000 0.049979 -0.000000]
tau[0:6]:[-0.567483 -0.552304 -0.482512 -0.231067 -0.297494 -0.656094 -0.085004]
kernel exec min/avg/max: 94.21 / 95.60 / 100.92 us, samples:500798
pressure status:0, copy rounds total/window:0/0, 0.00 rounds/s
pressure logical copy:0.00 MiB total, approx 0.00 MiB/s, checksum:0
pressure report window:2.132978 s
t0_region>
[0]:8
[1]:500302
[2]:471
[3]:38
[4]:1

t1_region>
[2]:472457
[3]:27590
[4]:675
[5]:89
[6]:12
[7]:1

t2_region>
[97]:7683
[98]:477035
[99]:15254
[100]:664
[101]:144
[102]:38
[103]:12
[104]:2

t0_min: 0.96 us, round:80922
t0_max: 4.13 us, round:180954
t0_jitter: 3.17 us

t1_min: 2.58 us, round:463
t1_max: 7.50 us, round:356828
t1_jitter: 4.92 us

t2_min: 97.08 us, round:7442
t2_max: 104.88 us, round:26
t2_jitter: 7.79 us

PMU diff samples: 500859
AVG DIFF LL_CACHE_RD: 0.49
AVG DIFF LL_CACHE_MISS_RD: 0.03
AVG DIFF L2D_CACHE_REFILL: 0.03
AVG DIFF L2D_CACHE_INVAL: 0.00
[cur diff] DIFF LL_CACHE_RD: 3, DIFF LL_CACHE_MISS_RD: 0, MISS_RATE: 0.00%
[cur diff] DIFF L2D_CACHE_REFILL: 0
[cur diff] DIFF L2D_CACHE_INVAL: 0
[max diff] DIFF LL_CACHE_RD: 2, DIFF LL_CACHE_MISS_RD: 2, MISS_RATE: 100.00%
[max diff] DIFF L2D_CACHE_REFILL: 2
[max diff] DIFF L2D_CACHE_INVAL: 0

===========================================================
taskpendcnt:502898
t0:1458 ns
t1:2750 ns
t2:98833 ns
benchmark: Franka-derived Cartesian-impedance kernel, input trace:8, timer period:1.000 ms
controller source: franka_ros2 jazzy@73a1501d, updates:502921, SVD sweeps:5
pose error:[0.010000 0.015000 0.010000 -0.000000 0.049979 -0.000000]
tau[0:6]:[0.839771 0.130674 0.617691 0.624912 0.653099 -0.592692 0.265887]
kernel exec min/avg/max: 94.21 / 95.60 / 100.92 us, samples:502930
pressure status:0, copy rounds total/window:0/0, 0.00 rounds/s
pressure logical copy:0.00 MiB total, approx 0.00 MiB/s, checksum:0
pressure report window:2.132373 s
t0_region>
[0]:8
[1]:502434
[2]:471
[3]:38
[4]:1

t1_region>
[2]:474481
[3]:27699
[4]:675
[5]:89
[6]:12
[7]:1

t2_region>
[97]:7683
[98]:479073
[99]:15347
[100]:665
[101]:144
[102]:38
[103]:12
[104]:2

t0_min: 0.96 us, round:80922
t0_max: 4.13 us, round:180954
t0_jitter: 3.17 us

t1_min: 2.58 us, round:463
t1_max: 7.50 us, round:356828
t1_jitter: 4.92 us

t2_min: 97.08 us, round:7442
t2_max: 104.88 us, round:26
t2_jitter: 7.79 us

PMU diff samples: 502991
AVG DIFF LL_CACHE_RD: 0.49
AVG DIFF LL_CACHE_MISS_RD: 0.03
AVG DIFF L2D_CACHE_REFILL: 0.03
AVG DIFF L2D_CACHE_INVAL: 0.00
[cur diff] DIFF LL_CACHE_RD: 2, DIFF LL_CACHE_MISS_RD: 0, MISS_RATE: 0.00%
[cur diff] DIFF L2D_CACHE_REFILL: 0
[cur diff] DIFF L2D_CACHE_INVAL: 0
[max diff] DIFF LL_CACHE_RD: 2, DIFF LL_CACHE_MISS_RD: 2, MISS_RATE: 100.00%
[max diff] DIFF L2D_CACHE_REFILL: 2
[max diff] DIFF L2D_CACHE_INVAL: 0

===========================================================
taskpendcnt:505031
t0:1500 ns
t1:3083 ns
t2:98583 ns
benchmark: Franka-derived Cartesian-impedance kernel, input trace:8, timer period:1.000 ms
controller source: franka_ros2 jazzy@73a1501d, updates:505054, SVD sweeps:5
pose error:[0.010000 0.015000 0.010000 -0.000000 0.049979 -0.000000]
tau[0:6]:[-2.379368 -1.292411 -1.655224 -1.570015 -1.185234 -0.066588 -0.610247]
kernel exec min/avg/max: 94.21 / 95.60 / 100.92 us, samples:505064
pressure status:0, copy rounds total/window:0/0, 0.00 rounds/s
pressure logical copy:0.00 MiB total, approx 0.00 MiB/s, checksum:0
pressure report window:2.133415 s
t0_region>
[0]:8
[1]:504564
[2]:475
[3]:38
[4]:1

t1_region>
[2]:476484
[3]:27826
[4]:677
[5]:89
[6]:13
[7]:1

t2_region>
[97]:7683
[98]:481126
[99]:15424
[100]:667
[101]:144
[102]:39
[103]:12
[104]:2

t0_min: 0.96 us, round:80922
t0_max: 4.13 us, round:180954
t0_jitter: 3.17 us

t1_min: 2.58 us, round:463
t1_max: 7.50 us, round:356828
t1_jitter: 4.92 us

t2_min: 97.08 us, round:7442
t2_max: 104.88 us, round:26
t2_jitter: 7.79 us

PMU diff samples: 505125
AVG DIFF LL_CACHE_RD: 0.49
AVG DIFF LL_CACHE_MISS_RD: 0.03
AVG DIFF L2D_CACHE_REFILL: 0.03
AVG DIFF L2D_CACHE_INVAL: 0.00
[cur diff] DIFF LL_CACHE_RD: 1, DIFF LL_CACHE_MISS_RD: 0, MISS_RATE: 0.00%
[cur diff] DIFF L2D_CACHE_REFILL: 0
[cur diff] DIFF L2D_CACHE_INVAL: 0
[max diff] DIFF LL_CACHE_RD: 2, DIFF LL_CACHE_MISS_RD: 2, MISS_RATE: 100.00%
[max diff] DIFF L2D_CACHE_REFILL: 2
[max diff] DIFF L2D_CACHE_INVAL: 0

===========================================================
taskpendcnt:507164
t0:1250 ns
t1:3125 ns
t2:98625 ns
benchmark: Franka-derived Cartesian-impedance kernel, input trace:8, timer period:1.000 ms
controller source: franka_ros2 jazzy@73a1501d, updates:507187, SVD sweeps:5
pose error:[0.010000 0.015000 0.010000 -0.000000 0.049979 -0.000000]
tau[0:6]:[1.376914 -0.104433 0.790225 0.843903 0.642107 -0.956178 0.423547]
kernel exec min/avg/max: 94.21 / 95.60 / 100.92 us, samples:507196
pressure status:0, copy rounds total/window:0/0, 0.00 rounds/s
pressure logical copy:0.00 MiB total, approx 0.00 MiB/s, checksum:0
pressure report window:2.132462 s
t0_region>
[0]:8
[1]:506693
[2]:478
[3]:38
[4]:1

t1_region>
[2]:478509
[3]:27933
[4]:678
[5]:89
[6]:13
[7]:1

t2_region>
[97]:7683
[98]:483150
[99]:15530
[100]:668
[101]:146
[102]:39
[103]:12
[104]:2

t0_min: 0.96 us, round:80922
t0_max: 4.13 us, round:180954
t0_jitter: 3.17 us

t1_min: 2.58 us, round:463
t1_max: 7.50 us, round:356828
t1_jitter: 4.92 us

t2_min: 97.08 us, round:7442
t2_max: 104.88 us, round:26
t2_jitter: 7.79 us

PMU diff samples: 507257
AVG DIFF LL_CACHE_RD: 0.49
AVG DIFF LL_CACHE_MISS_RD: 0.03
AVG DIFF L2D_CACHE_REFILL: 0.03
AVG DIFF L2D_CACHE_INVAL: 0.00
[cur diff] DIFF LL_CACHE_RD: 1, DIFF LL_CACHE_MISS_RD: 0, MISS_RATE: 0.00%
[cur diff] DIFF L2D_CACHE_REFILL: 0
[cur diff] DIFF L2D_CACHE_INVAL: 0
[max diff] DIFF LL_CACHE_RD: 2, DIFF LL_CACHE_MISS_RD: 2, MISS_RATE: 100.00%
[max diff] DIFF L2D_CACHE_REFILL: 2
[max diff] DIFF L2D_CACHE_INVAL: 0

===========================================================
taskpendcnt:509297
t0:1291 ns
t1:2875 ns
t2:98666 ns
benchmark: Franka-derived Cartesian-impedance kernel, input trace:8, timer period:1.000 ms
controller source: franka_ros2 jazzy@73a1501d, updates:509320, SVD sweeps:5
pose error:[0.010000 0.015000 0.010000 -0.000000 0.049979 -0.000000]
tau[0:6]:[-1.839419 -0.921560 -1.193198 -1.195971 -0.861243 0.113634 -0.461388]
kernel exec min/avg/max: 94.21 / 95.60 / 100.92 us, samples:509329
pressure status:0, copy rounds total/window:0/0, 0.00 rounds/s
pressure logical copy:0.00 MiB total, approx 0.00 MiB/s, checksum:0
pressure report window:2.133241 s
t0_region>
[0]:8
[1]:508824
[2]:481
[3]:38
[4]:1

t1_region>
[2]:480518
[3]:28055
[4]:681
[5]:89
[6]:13
[7]:1

t2_region>
[97]:7683
[98]:485103
[99]:15706
[100]:671
[101]:147
[102]:39
[103]:12
[104]:2

t0_min: 0.96 us, round:80922
t0_max: 4.13 us, round:180954
t0_jitter: 3.17 us

t1_min: 2.58 us, round:463
t1_max: 7.50 us, round:356828
t1_jitter: 4.92 us

t2_min: 97.08 us, round:7442
t2_max: 104.88 us, round:26
t2_jitter: 7.79 us

PMU diff samples: 509391
AVG DIFF LL_CACHE_RD: 0.49
AVG DIFF LL_CACHE_MISS_RD: 0.03
AVG DIFF L2D_CACHE_REFILL: 0.03
AVG DIFF L2D_CACHE_INVAL: 0.00
[cur diff] DIFF LL_CACHE_RD: 3, DIFF LL_CACHE_MISS_RD: 0, MISS_RATE: 0.00%
[cur diff] DIFF L2D_CACHE_REFILL: 0
[cur diff] DIFF L2D_CACHE_INVAL: 0
[max diff] DIFF LL_CACHE_RD: 2, DIFF LL_CACHE_MISS_RD: 2, MISS_RATE: 100.00%
[max diff] DIFF L2D_CACHE_REFILL: 2
[max diff] DIFF L2D_CACHE_INVAL: 0

===========================================================
taskpendcnt:511430
t0:1208 ns
t1:3083 ns
t2:98708 ns
benchmark: Franka-derived Cartesian-impedance kernel, input trace:8, timer period:1.000 ms
controller source: franka_ros2 jazzy@73a1501d, updates:511453, SVD sweeps:5
pose error:[0.010000 0.015000 0.010000 -0.000000 0.049979 -0.000000]
tau[0:6]:[-0.567483 -0.552304 -0.482512 -0.231067 -0.297494 -0.656094 -0.085004]
kernel exec min/avg/max: 94.21 / 95.60 / 100.92 us, samples:511462
pressure status:0, copy rounds total/window:0/0, 0.00 rounds/s
pressure logical copy:0.00 MiB total, approx 0.00 MiB/s, checksum:0
pressure report window:2.132979 s
t0_region>
[0]:8
[1]:510957
[2]:481
[3]:38
[4]:1

t1_region>
[2]:482535
[3]:28171
[4]:681
[5]:89
[6]:13
[7]:1

t2_region>
[97]:7683
[98]:487166
[99]:15775
[100]:672
[101]:147
[102]:39
[103]:12
[104]:2

t0_min: 0.96 us, round:80922
t0_max: 4.13 us, round:180954
t0_jitter: 3.17 us

t1_min: 2.58 us, round:463
t1_max: 7.50 us, round:356828
t1_jitter: 4.92 us

t2_min: 97.08 us, round:7442
t2_max: 104.88 us, round:26
t2_jitter: 7.79 us

PMU diff samples: 511524
AVG DIFF LL_CACHE_RD: 0.49
AVG DIFF LL_CACHE_MISS_RD: 0.03
AVG DIFF L2D_CACHE_REFILL: 0.03
AVG DIFF L2D_CACHE_INVAL: 0.00
[cur diff] DIFF LL_CACHE_RD: 2, DIFF LL_CACHE_MISS_RD: 0, MISS_RATE: 0.00%
[cur diff] DIFF L2D_CACHE_REFILL: 0
[cur diff] DIFF L2D_CACHE_INVAL: 0
[max diff] DIFF LL_CACHE_RD: 2, DIFF LL_CACHE_MISS_RD: 2, MISS_RATE: 100.00%
[max diff] DIFF L2D_CACHE_REFILL: 2
[max diff] DIFF L2D_CACHE_INVAL: 0

===========================================================
taskpendcnt:513563
t0:1250 ns
t1:3125 ns
t2:98625 ns
benchmark: Franka-derived Cartesian-impedance kernel, input trace:8, timer period:1.000 ms
controller source: franka_ros2 jazzy@73a1501d, updates:513586, SVD sweeps:5
pose error:[0.010000 0.015000 0.010000 -0.000000 0.049979 -0.000000]
tau[0:6]:[0.839771 0.130674 0.617691 0.624912 0.653099 -0.592692 0.265887]
kernel exec min/avg/max: 94.21 / 95.60 / 100.92 us, samples:513595
pressure status:0, copy rounds total/window:0/0, 0.00 rounds/s
pressure logical copy:0.00 MiB total, approx 0.00 MiB/s, checksum:0
pressure report window:2.132375 s
t0_region>
[0]:8
[1]:513088
[2]:481
[3]:39
[4]:1

t1_region>
[2]:484543
[3]:28293
[4]:681
[5]:91
[6]:13
[7]:1

t2_region>
[97]:7683
[98]:489176
[99]:15895
[100]:672
[101]:149
[102]:39
[103]:12
[104]:2

t0_min: 0.96 us, round:80922
t0_max: 4.13 us, round:180954
t0_jitter: 3.17 us

t1_min: 2.58 us, round:463
t1_max: 7.50 us, round:356828
t1_jitter: 4.92 us

t2_min: 97.08 us, round:7442
t2_max: 104.88 us, round:26
t2_jitter: 7.79 us

PMU diff samples: 513656
AVG DIFF LL_CACHE_RD: 0.49
AVG DIFF LL_CACHE_MISS_RD: 0.03
AVG DIFF L2D_CACHE_REFILL: 0.03
AVG DIFF L2D_CACHE_INVAL: 0.00
[cur diff] DIFF LL_CACHE_RD: 3, DIFF LL_CACHE_MISS_RD: 0, MISS_RATE: 0.00%
[cur diff] DIFF L2D_CACHE_REFILL: 0
[cur diff] DIFF L2D_CACHE_INVAL: 0
[max diff] DIFF LL_CACHE_RD: 2, DIFF LL_CACHE_MISS_RD: 2, MISS_RATE: 100.00%
[max diff] DIFF L2D_CACHE_REFILL: 2
[max diff] DIFF L2D_CACHE_INVAL: 0

===========================================================
taskpendcnt:515696
t0:1291 ns
t1:2875 ns
t2:98666 ns
benchmark: Franka-derived Cartesian-impedance kernel, input trace:8, timer period:1.000 ms
controller source: franka_ros2 jazzy@73a1501d, updates:515718, SVD sweeps:5
pose error:[0.010000 0.015000 0.010000 -0.000000 0.049979 -0.000000]
tau[0:6]:[-2.379368 -1.292411 -1.655224 -1.570015 -1.185234 -0.066588 -0.610247]
kernel exec min/avg/max: 94.21 / 95.60 / 100.92 us, samples:515728
pressure status:0, copy rounds total/window:0/0, 0.00 rounds/s
pressure logical copy:0.00 MiB total, approx 0.00 MiB/s, checksum:0
pressure report window:2.133415 s
t0_region>
[0]:8
[1]:515220
[2]:482
[3]:39
[4]:1

t1_region>
[2]:486563
[3]:28404
[4]:683
[5]:91
[6]:13
[7]:1

t2_region>
[97]:7683
[98]:491157
[99]:16045
[100]:674
[101]:150
[102]:39
[103]:12
[104]:2

t0_min: 0.96 us, round:80922
t0_max: 4.13 us, round:180954
t0_jitter: 3.17 us

t1_min: 2.58 us, round:463
t1_max: 7.50 us, round:356828
t1_jitter: 4.92 us

t2_min: 97.08 us, round:7442
t2_max: 104.88 us, round:26
t2_jitter: 7.79 us

PMU diff samples: 515789
AVG DIFF LL_CACHE_RD: 0.49
AVG DIFF LL_CACHE_MISS_RD: 0.03
AVG DIFF L2D_CACHE_REFILL: 0.03
AVG DIFF L2D_CACHE_INVAL: 0.00
[cur diff] DIFF LL_CACHE_RD: 2, DIFF LL_CACHE_MISS_RD: 0, MISS_RATE: 0.00%
[cur diff] DIFF L2D_CACHE_REFILL: 0
[cur diff] DIFF L2D_CACHE_INVAL: 0
[max diff] DIFF LL_CACHE_RD: 2, DIFF LL_CACHE_MISS_RD: 2, MISS_RATE: 100.00%
[max diff] DIFF L2D_CACHE_REFILL: 2
[max diff] DIFF L2D_CACHE_INVAL: 0

===========================================================
taskpendcnt:517829
t0:1333 ns
t1:2916 ns
t2:98416 ns
benchmark: Franka-derived Cartesian-impedance kernel, input trace:8, timer period:1.000 ms
controller source: franka_ros2 jazzy@73a1501d, updates:517851, SVD sweeps:5
pose error:[0.010000 0.015000 0.010000 -0.000000 0.049979 -0.000000]
tau[0:6]:[1.376914 -0.104433 0.790225 0.843903 0.642107 -0.956178 0.423547]
kernel exec min/avg/max: 94.21 / 95.60 / 100.92 us, samples:517861
pressure status:0, copy rounds total/window:0/0, 0.00 rounds/s
pressure logical copy:0.00 MiB total, approx 0.00 MiB/s, checksum:0
pressure report window:2.132460 s
t0_region>
[0]:8
[1]:517353
[2]:482
[3]:39
[4]:1

t1_region>
[2]:488581
[3]:28517
[4]:684
[5]:91
[6]:13
[7]:1

t2_region>
[97]:7683
[98]:493197
[99]:16136
[100]:675
[101]:150
[102]:39
[103]:12
[104]:2

t0_min: 0.96 us, round:80922
t0_max: 4.13 us, round:180954
t0_jitter: 3.17 us

t1_min: 2.58 us, round:463
t1_max: 7.50 us, round:356828
t1_jitter: 4.92 us

t2_min: 97.08 us, round:7442
t2_max: 104.88 us, round:26
t2_jitter: 7.79 us

PMU diff samples: 517922
AVG DIFF LL_CACHE_RD: 0.49
AVG DIFF LL_CACHE_MISS_RD: 0.03
AVG DIFF L2D_CACHE_REFILL: 0.03
AVG DIFF L2D_CACHE_INVAL: 0.00
[cur diff] DIFF LL_CACHE_RD: 1, DIFF LL_CACHE_MISS_RD: 0, MISS_RATE: 0.00%
[cur diff] DIFF L2D_CACHE_REFILL: 0
[cur diff] DIFF L2D_CACHE_INVAL: 0
[max diff] DIFF LL_CACHE_RD: 2, DIFF LL_CACHE_MISS_RD: 2, MISS_RATE: 100.00%
[max diff] DIFF L2D_CACHE_REFILL: 2
[max diff] DIFF L2D_CACHE_INVAL: 0

===========================================================
taskpendcnt:519962
t0:1375 ns
t1:2958 ns
t2:99041 ns
benchmark: Franka-derived Cartesian-impedance kernel, input trace:8, timer period:1.000 ms
controller source: franka_ros2 jazzy@73a1501d, updates:519984, SVD sweeps:5
pose error:[0.010000 0.015000 0.010000 -0.000000 0.049979 -0.000000]
tau[0:6]:[-0.274004 -0.324180 0.001577 -0.231466 0.050986 -0.328952 0.010844]
kernel exec min/avg/max: 94.21 / 95.60 / 100.92 us, samples:519994
pressure status:0, copy rounds total/window:0/0, 0.00 rounds/s
pressure logical copy:0.00 MiB total, approx 0.00 MiB/s, checksum:0
pressure report window:2.133129 s
t0_region>
[0]:8
[1]:519481
[2]:487
[3]:39
[4]:1

t1_region>
[2]:490588
[3]:28639
[4]:687
[5]:92
[6]:13
[7]:1

t2_region>
[97]:7683
[98]:495231
[99]:16232
[100]:676
[101]:153
[102]:39
[103]:12
[104]:2

t0_min: 0.96 us, round:80922
t0_max: 4.13 us, round:180954
t0_jitter: 3.17 us

t1_min: 2.58 us, round:463
t1_max: 7.50 us, round:356828
t1_jitter: 4.92 us

t2_min: 97.08 us, round:7442
t2_max: 104.88 us, round:26
t2_jitter: 7.79 us

PMU diff samples: 520055
AVG DIFF LL_CACHE_RD: 0.49
AVG DIFF LL_CACHE_MISS_RD: 0.03
AVG DIFF L2D_CACHE_REFILL: 0.03
AVG DIFF L2D_CACHE_INVAL: 0.00
[cur diff] DIFF LL_CACHE_RD: 3, DIFF LL_CACHE_MISS_RD: 1, MISS_RATE: 33.33%
[cur diff] DIFF L2D_CACHE_REFILL: 0
[cur diff] DIFF L2D_CACHE_INVAL: 0
[max diff] DIFF LL_CACHE_RD: 2, DIFF LL_CACHE_MISS_RD: 2, MISS_RATE: 100.00%
[max diff] DIFF L2D_CACHE_REFILL: 2
[max diff] DIFF L2D_CACHE_INVAL: 0

===========================================================
taskpendcnt:522094
t0:1416 ns
t1:3000 ns
t2:98791 ns
benchmark: Franka-derived Cartesian-impedance kernel, input trace:8, timer period:1.000 ms
controller source: franka_ros2 jazzy@73a1501d, updates:522117, SVD sweeps:5
pose error:[0.010000 0.015000 0.010000 -0.000000 0.049979 -0.000000]
tau[0:6]:[-2.781770 -1.613002 -1.930139 -1.581803 -1.382951 -0.390599 -0.663394]
kernel exec min/avg/max: 94.21 / 95.60 / 100.92 us, samples:522127
pressure status:0, copy rounds total/window:0/0, 0.00 rounds/s
pressure logical copy:0.00 MiB total, approx 0.00 MiB/s, checksum:0
pressure report window:2.133088 s
t0_region>
[0]:8
[1]:521613
[2]:488
[3]:39
[4]:1

t1_region>
[2]:492614
[3]:28746
[4]:688
[5]:92
[6]:13
[7]:1

t2_region>
[97]:7683
[98]:497301
[99]:16292
[100]:678
[101]:153
[102]:39
[103]:12
[104]:2

t0_min: 0.96 us, round:80922
t0_max: 4.13 us, round:180954
t0_jitter: 3.17 us

t1_min: 2.58 us, round:463
t1_max: 7.50 us, round:356828
t1_jitter: 4.92 us

t2_min: 97.08 us, round:7442
t2_max: 104.88 us, round:26
t2_jitter: 7.79 us

PMU diff samples: 522188
AVG DIFF LL_CACHE_RD: 0.49
AVG DIFF LL_CACHE_MISS_RD: 0.03
AVG DIFF L2D_CACHE_REFILL: 0.03
AVG DIFF L2D_CACHE_INVAL: 0.00
[cur diff] DIFF LL_CACHE_RD: 2, DIFF LL_CACHE_MISS_RD: 0, MISS_RATE: 0.00%
[cur diff] DIFF L2D_CACHE_REFILL: 0
[cur diff] DIFF L2D_CACHE_INVAL: 0
[max diff] DIFF LL_CACHE_RD: 2, DIFF LL_CACHE_MISS_RD: 2, MISS_RATE: 100.00%
[max diff] DIFF L2D_CACHE_REFILL: 2
[max diff] DIFF L2D_CACHE_INVAL: 0

===========================================================
taskpendcnt:524227
t0:1166 ns
t1:3041 ns
t2:98833 ns
benchmark: Franka-derived Cartesian-impedance kernel, input trace:8, timer period:1.000 ms
controller source: franka_ros2 jazzy@73a1501d, updates:524250, SVD sweeps:5
pose error:[0.010000 0.015000 0.010000 -0.000000 0.049979 -0.000000]
tau[0:6]:[1.228026 0.081850 0.819520 0.875435 0.745706 -0.833381 0.398995]
kernel exec min/avg/max: 94.21 / 95.60 / 100.92 us, samples:524259
pressure status:0, copy rounds total/window:0/0, 0.00 rounds/s
pressure logical copy:0.00 MiB total, approx 0.00 MiB/s, checksum:0
pressure report window:2.132374 s
t0_region>
[0]:8
[1]:523743
[2]:490
[3]:39
[4]:1

t1_region>
[2]:494620
[3]:28870
[4]:690
[5]:92
[6]:13
[7]:1

t2_region>
[97]:7683
[98]:499324
[99]:16399
[100]:680
[101]:154
[102]:39
[103]:12
[104]:2

t0_min: 0.96 us, round:80922
t0_max: 4.13 us, round:180954
t0_jitter: 3.17 us

t1_min: 2.58 us, round:463
t1_max: 7.50 us, round:356828
t1_jitter: 4.92 us

t2_min: 97.08 us, round:7442
t2_max: 104.88 us, round:26
t2_jitter: 7.79 us

PMU diff samples: 524320
AVG DIFF LL_CACHE_RD: 0.49
AVG DIFF LL_CACHE_MISS_RD: 0.03
AVG DIFF L2D_CACHE_REFILL: 0.03
AVG DIFF L2D_CACHE_INVAL: 0.00
[cur diff] DIFF LL_CACHE_RD: 1, DIFF LL_CACHE_MISS_RD: 0, MISS_RATE: 0.00%
[cur diff] DIFF L2D_CACHE_REFILL: 0
[cur diff] DIFF L2D_CACHE_INVAL: 0
[max diff] DIFF LL_CACHE_RD: 2, DIFF LL_CACHE_MISS_RD: 2, MISS_RATE: 100.00%
[max diff] DIFF L2D_CACHE_REFILL: 2
[max diff] DIFF L2D_CACHE_INVAL: 0

===========================================================
taskpendcnt:526360
t0:1500 ns
t1:3083 ns
t2:98291 ns
benchmark: Franka-derived Cartesian-impedance kernel, input trace:8, timer period:1.000 ms
controller source: franka_ros2 jazzy@73a1501d, updates:526383, SVD sweeps:5
pose error:[0.010000 0.015000 0.010000 -0.000000 0.049979 -0.000000]
tau[0:6]:[-1.839419 -0.921560 -1.193198 -1.195971 -0.861243 0.113634 -0.461388]
kernel exec min/avg/max: 94.21 / 95.60 / 100.92 us, samples:526393
pressure status:0, copy rounds total/window:0/0, 0.00 rounds/s
pressure logical copy:0.00 MiB total, approx 0.00 MiB/s, checksum:0
pressure report window:2.133391 s
t0_region>
[0]:8
[1]:525875
[2]:492
[3]:39
[4]:1

t1_region>
[2]:496640
[3]:28981
[4]:690
[5]:94
[6]:13
[7]:1

t2_region>
[97]:7683
[98]:501372
[99]:16482
[100]:680
[101]:156
[102]:39
[103]:12
[104]:2

t0_min: 0.96 us, round:80922
t0_max: 4.13 us, round:180954
t0_jitter: 3.17 us

t1_min: 2.58 us, round:463
t1_max: 7.50 us, round:356828
t1_jitter: 4.92 us

t2_min: 97.08 us, round:7442
t2_max: 104.88 us, round:26
t2_jitter: 7.79 us

PMU diff samples: 526454
AVG DIFF LL_CACHE_RD: 0.49
AVG DIFF LL_CACHE_MISS_RD: 0.03
AVG DIFF L2D_CACHE_REFILL: 0.03
AVG DIFF L2D_CACHE_INVAL: 0.00
[cur diff] DIFF LL_CACHE_RD: 1, DIFF LL_CACHE_MISS_RD: 0, MISS_RATE: 0.00%
[cur diff] DIFF L2D_CACHE_REFILL: 0
[cur diff] DIFF L2D_CACHE_INVAL: 0
[max diff] DIFF LL_CACHE_RD: 2, DIFF LL_CACHE_MISS_RD: 2, MISS_RATE: 100.00%
[max diff] DIFF L2D_CACHE_REFILL: 2
[max diff] DIFF L2D_CACHE_INVAL: 0

===========================================================
taskpendcnt:528493
t0:1250 ns
t1:3125 ns
t2:98625 ns
benchmark: Franka-derived Cartesian-impedance kernel, input trace:8, timer period:1.000 ms
controller source: franka_ros2 jazzy@73a1501d, updates:528516, SVD sweeps:5
pose error:[0.010000 0.015000 0.010000 -0.000000 0.049979 -0.000000]
tau[0:6]:[-0.567483 -0.552304 -0.482512 -0.231067 -0.297494 -0.656094 -0.085004]
kernel exec min/avg/max: 94.21 / 95.60 / 100.92 us, samples:528526
pressure status:0, copy rounds total/window:0/0, 0.00 rounds/s
pressure logical copy:0.00 MiB total, approx 0.00 MiB/s, checksum:0
pressure report window:2.133000 s
t0_region>
[0]:8
[1]:528008
[2]:492
[3]:39
[4]:1

t1_region>
[2]:498669
[3]:29085
[4]:690
[5]:94
[6]:13
[7]:1

t2_region>
[97]:7683
[98]:503406
[99]:16581
[100]:680
[101]:156
[102]:39
[103]:12
[104]:2

t0_min: 0.96 us, round:80922
t0_max: 4.13 us, round:180954
t0_jitter: 3.17 us

t1_min: 2.58 us, round:463
t1_max: 7.50 us, round:356828
t1_jitter: 4.92 us

t2_min: 97.08 us, round:7442
t2_max: 104.88 us, round:26
t2_jitter: 7.79 us

PMU diff samples: 528587
AVG DIFF LL_CACHE_RD: 0.48
AVG DIFF LL_CACHE_MISS_RD: 0.03
AVG DIFF L2D_CACHE_REFILL: 0.03
AVG DIFF L2D_CACHE_INVAL: 0.00
[cur diff] DIFF LL_CACHE_RD: 1, DIFF LL_CACHE_MISS_RD: 0, MISS_RATE: 0.00%
[cur diff] DIFF L2D_CACHE_REFILL: 0
[cur diff] DIFF L2D_CACHE_INVAL: 0
[max diff] DIFF LL_CACHE_RD: 2, DIFF LL_CACHE_MISS_RD: 2, MISS_RATE: 100.00%
[max diff] DIFF L2D_CACHE_REFILL: 2
[max diff] DIFF L2D_CACHE_INVAL: 0

===========================================================
taskpendcnt:530626
t0:1458 ns
t1:2875 ns
t2:98666 ns
benchmark: Franka-derived Cartesian-impedance kernel, input trace:8, timer period:1.000 ms
controller source: franka_ros2 jazzy@73a1501d, updates:530649, SVD sweeps:5
pose error:[0.010000 0.015000 0.010000 -0.000000 0.049979 -0.000000]
tau[0:6]:[-0.274004 -0.324180 0.001577 -0.231466 0.050986 -0.328952 0.010844]
kernel exec min/avg/max: 94.21 / 95.60 / 100.92 us, samples:530658
pressure status:0, copy rounds total/window:0/0, 0.00 rounds/s
pressure logical copy:0.00 MiB total, approx 0.00 MiB/s, checksum:0
pressure report window:2.132552 s
t0_region>
[0]:9
[1]:530139
[2]:492
[3]:39
[4]:1

t1_region>
[2]:500674
[3]:29212
[4]:692
[5]:94
[6]:13
[7]:1

t2_region>
[97]:7683
[98]:505407
[99]:16712
[100]:681
[101]:156
[102]:39
[103]:12
[104]:2

t0_min: 0.96 us, round:80922
t0_max: 4.13 us, round:180954
t0_jitter: 3.17 us

t1_min: 2.58 us, round:463
t1_max: 7.50 us, round:356828
t1_jitter: 4.92 us

t2_min: 97.08 us, round:7442
t2_max: 104.88 us, round:26
t2_jitter: 7.79 us

PMU diff samples: 530719
AVG DIFF LL_CACHE_RD: 0.48
AVG DIFF LL_CACHE_MISS_RD: 0.03
AVG DIFF L2D_CACHE_REFILL: 0.03
AVG DIFF L2D_CACHE_INVAL: 0.00
[cur diff] DIFF LL_CACHE_RD: 0, DIFF LL_CACHE_MISS_RD: 0, MISS_RATE: 0.00%
[cur diff] DIFF L2D_CACHE_REFILL: 0
[cur diff] DIFF L2D_CACHE_INVAL: 0
[max diff] DIFF LL_CACHE_RD: 2, DIFF LL_CACHE_MISS_RD: 2, MISS_RATE: 100.00%
[max diff] DIFF L2D_CACHE_REFILL: 2
[max diff] DIFF L2D_CACHE_INVAL: 0

===========================================================
taskpendcnt:532759
t0:1500 ns
t1:3083 ns
t2:98583 ns
benchmark: Franka-derived Cartesian-impedance kernel, input trace:8, timer period:1.000 ms
controller source: franka_ros2 jazzy@73a1501d, updates:532782, SVD sweeps:5
pose error:[0.010000 0.015000 0.010000 -0.000000 0.049979 -0.000000]
tau[0:6]:[-2.781770 -1.613002 -1.930139 -1.581803 -1.382951 -0.390599 -0.663394]
kernel exec min/avg/max: 94.21 / 95.60 / 100.92 us, samples:532791
pressure status:0, copy rounds total/window:0/0, 0.00 rounds/s
pressure logical copy:0.00 MiB total, approx 0.00 MiB/s, checksum:0
pressure report window:2.133153 s
t0_region>
[0]:9
[1]:532273
[2]:492
[3]:39
[4]:1

t1_region>
[2]:502695
[3]:29323
[4]:692
[5]:94
[6]:13
[7]:1

t2_region>
[97]:7683
[98]:507469
[99]:16783
[100]:681
[101]:156
[102]:39
[103]:12
[104]:2

t0_min: 0.96 us, round:80922
t0_max: 4.13 us, round:180954
t0_jitter: 3.17 us

t1_min: 2.58 us, round:463
t1_max: 7.50 us, round:356828
t1_jitter: 4.92 us

t2_min: 97.08 us, round:7442
t2_max: 104.88 us, round:26
t2_jitter: 7.79 us

PMU diff samples: 532853
AVG DIFF LL_CACHE_RD: 0.48
AVG DIFF LL_CACHE_MISS_RD: 0.03
AVG DIFF L2D_CACHE_REFILL: 0.03
AVG DIFF L2D_CACHE_INVAL: 0.00
[cur diff] DIFF LL_CACHE_RD: 1, DIFF LL_CACHE_MISS_RD: 0, MISS_RATE: 0.00%
[cur diff] DIFF L2D_CACHE_REFILL: 0
[cur diff] DIFF L2D_CACHE_INVAL: 0
[max diff] DIFF LL_CACHE_RD: 2, DIFF LL_CACHE_MISS_RD: 2, MISS_RATE: 100.00%
[max diff] DIFF L2D_CACHE_REFILL: 2
[max diff] DIFF L2D_CACHE_INVAL: 0

===========================================================
taskpendcnt:534892
t0:1833 ns
t1:2833 ns
t2:98625 ns
benchmark: Franka-derived Cartesian-impedance kernel, input trace:8, timer period:1.000 ms
controller source: franka_ros2 jazzy@73a1501d, updates:534914, SVD sweeps:5
pose error:[0.010000 0.015000 0.010000 -0.000000 0.049979 -0.000000]
tau[0:6]:[1.228026 0.081850 0.819520 0.875435 0.745706 -0.833381 0.398995]
kernel exec min/avg/max: 94.21 / 95.60 / 100.92 us, samples:534924
pressure status:0, copy rounds total/window:0/0, 0.00 rounds/s
pressure logical copy:0.00 MiB total, approx 0.00 MiB/s, checksum:0
pressure report window:2.132375 s
t0_region>
[0]:9
[1]:534402
[2]:495
[3]:39
[4]:1

t1_region>
[2]:504720
[3]:29428
[4]:694
[5]:94
[6]:13
[7]:1

t2_region>
[97]:7683
[98]:509509
[99]:16872
[100]:683
[101]:157
[102]:39
[103]:12
[104]:2

t0_min: 0.96 us, round:80922
t0_max: 4.13 us, round:180954
t0_jitter: 3.17 us

t1_min: 2.58 us, round:463
t1_max: 7.50 us, round:356828
t1_jitter: 4.92 us

t2_min: 97.08 us, round:7442
t2_max: 104.88 us, round:26
t2_jitter: 7.79 us

PMU diff samples: 534985
AVG DIFF LL_CACHE_RD: 0.48
AVG DIFF LL_CACHE_MISS_RD: 0.03
AVG DIFF L2D_CACHE_REFILL: 0.03
AVG DIFF L2D_CACHE_INVAL: 0.00
[cur diff] DIFF LL_CACHE_RD: 1, DIFF LL_CACHE_MISS_RD: 0, MISS_RATE: 0.00%
[cur diff] DIFF L2D_CACHE_REFILL: 0
[cur diff] DIFF L2D_CACHE_INVAL: 0
[max diff] DIFF LL_CACHE_RD: 2, DIFF LL_CACHE_MISS_RD: 2, MISS_RATE: 100.00%
[max diff] DIFF L2D_CACHE_REFILL: 2
[max diff] DIFF L2D_CACHE_INVAL: 0

===========================================================
taskpendcnt:537025
t0:2458 ns
t1:3166 ns
t2:98666 ns
benchmark: Franka-derived Cartesian-impedance kernel, input trace:8, timer period:1.000 ms
controller source: franka_ros2 jazzy@73a1501d, updates:537047, SVD sweeps:5
pose error:[0.010000 0.015000 0.010000 -0.000000 0.049979 -0.000000]
tau[0:6]:[-1.839419 -0.921560 -1.193198 -1.195971 -0.861243 0.113634 -0.461388]
kernel exec min/avg/max: 94.21 / 95.60 / 100.92 us, samples:537057
pressure status:0, copy rounds total/window:0/0, 0.00 rounds/s
pressure logical copy:0.00 MiB total, approx 0.00 MiB/s, checksum:0
pressure report window:2.133328 s
t0_region>
[0]:10
[1]:536529
[2]:500
[3]:39
[4]:1

t1_region>
[2]:506718
[3]:29554
[4]:703
[5]:95
[6]:13
[7]:1

t2_region>
[97]:7683
[98]:511467
[99]:17036
[100]:693
[101]:159
[102]:39
[103]:12
[104]:2

t0_min: 0.96 us, round:80922
t0_max: 4.13 us, round:180954
t0_jitter: 3.17 us

t1_min: 2.58 us, round:463
t1_max: 7.50 us, round:356828
t1_jitter: 4.92 us

t2_min: 97.08 us, round:7442
t2_max: 104.88 us, round:26
t2_jitter: 7.79 us

PMU diff samples: 537118
AVG DIFF LL_CACHE_RD: 0.48
AVG DIFF LL_CACHE_MISS_RD: 0.03
AVG DIFF L2D_CACHE_REFILL: 0.03
AVG DIFF L2D_CACHE_INVAL: 0.00
[cur diff] DIFF LL_CACHE_RD: 4, DIFF LL_CACHE_MISS_RD: 0, MISS_RATE: 0.00%
[cur diff] DIFF L2D_CACHE_REFILL: 0
[cur diff] DIFF L2D_CACHE_INVAL: 0
[max diff] DIFF LL_CACHE_RD: 2, DIFF LL_CACHE_MISS_RD: 2, MISS_RATE: 100.00%
[max diff] DIFF L2D_CACHE_REFILL: 2
[max diff] DIFF L2D_CACHE_INVAL: 0

===========================================================
taskpendcnt:539158
t0:1333 ns
t1:3208 ns
t2:99000 ns
benchmark: Franka-derived Cartesian-impedance kernel, input trace:8, timer period:1.000 ms
controller source: franka_ros2 jazzy@73a1501d, updates:539180, SVD sweeps:5
pose error:[0.010000 0.015000 0.010000 -0.000000 0.049979 -0.000000]
tau[0:6]:[-0.567483 -0.552304 -0.482512 -0.231067 -0.297494 -0.656094 -0.085004]
kernel exec min/avg/max: 94.21 / 95.60 / 100.92 us, samples:539190
pressure status:0, copy rounds total/window:0/0, 0.00 rounds/s
pressure logical copy:0.00 MiB total, approx 0.00 MiB/s, checksum:0
pressure report window:2.132999 s
t0_region>
[0]:10
[1]:538657
[2]:505
[3]:39
[4]:1

t1_region>
[2]:508728
[3]:29672
[4]:706
[5]:97
[6]:13
[7]:1

t2_region>
[97]:7683
[98]:513481
[99]:17151
[100]:695
[101]:161
[102]:39
[103]:12
[104]:2

t0_min: 0.96 us, round:80922
t0_max: 4.13 us, round:180954
t0_jitter: 3.17 us

t1_min: 2.58 us, round:463
t1_max: 7.50 us, round:356828
t1_jitter: 4.92 us

t2_min: 97.08 us, round:7442
t2_max: 104.88 us, round:26
t2_jitter: 7.79 us

PMU diff samples: 539251
AVG DIFF LL_CACHE_RD: 0.48
AVG DIFF LL_CACHE_MISS_RD: 0.03
AVG DIFF L2D_CACHE_REFILL: 0.03
AVG DIFF L2D_CACHE_INVAL: 0.00
[cur diff] DIFF LL_CACHE_RD: 5, DIFF LL_CACHE_MISS_RD: 0, MISS_RATE: 0.00%
[cur diff] DIFF L2D_CACHE_REFILL: 0
[cur diff] DIFF L2D_CACHE_INVAL: 0
[max diff] DIFF LL_CACHE_RD: 2, DIFF LL_CACHE_MISS_RD: 2, MISS_RATE: 100.00%
[max diff] DIFF L2D_CACHE_REFILL: 2
[max diff] DIFF L2D_CACHE_INVAL: 0

===========================================================
taskpendcnt:541291
t0:1375 ns
t1:2958 ns
t2:98458 ns
benchmark: Franka-derived Cartesian-impedance kernel, input trace:8, timer period:1.000 ms
controller source: franka_ros2 jazzy@73a1501d, updates:541313, SVD sweeps:5
pose error:[0.010000 0.015000 0.010000 -0.000000 0.049979 -0.000000]
tau[0:6]:[0.839771 0.130674 0.617691 0.624912 0.653099 -0.592692 0.265887]
kernel exec min/avg/max: 94.21 / 95.60 / 100.92 us, samples:541322
pressure status:0, copy rounds total/window:0/0, 0.00 rounds/s
pressure logical copy:0.00 MiB total, approx 0.00 MiB/s, checksum:0
pressure report window:2.132360 s
t0_region>
[0]:10
[1]:540788
[2]:507
[3]:39
[4]:1

t1_region>
[2]:510724
[3]:29805
[4]:709
[5]:97
[6]:13
[7]:1

t2_region>
[97]:7683
[98]:515573
[99]:17185
[100]:702
[101]:161
[102]:39
[103]:12
[104]:2

t0_min: 0.96 us, round:80922
t0_max: 4.13 us, round:180954
t0_jitter: 3.17 us

t1_min: 2.58 us, round:463
t1_max: 7.50 us, round:356828
t1_jitter: 4.92 us

t2_min: 97.08 us, round:7442
t2_max: 104.88 us, round:26
t2_jitter: 7.79 us

PMU diff samples: 541384
AVG DIFF LL_CACHE_RD: 0.48
AVG DIFF LL_CACHE_MISS_RD: 0.03
AVG DIFF L2D_CACHE_REFILL: 0.03
AVG DIFF L2D_CACHE_INVAL: 0.00
[cur diff] DIFF LL_CACHE_RD: 0, DIFF LL_CACHE_MISS_RD: 0, MISS_RATE: 0.00%
[cur diff] DIFF L2D_CACHE_REFILL: 0
[cur diff] DIFF L2D_CACHE_INVAL: 0
[max diff] DIFF LL_CACHE_RD: 2, DIFF LL_CACHE_MISS_RD: 2, MISS_RATE: 100.00%
[max diff] DIFF L2D_CACHE_REFILL: 2
[max diff] DIFF L2D_CACHE_INVAL: 0

===========================================================
taskpendcnt:543423
t0:1416 ns
t1:3000 ns
t2:98500 ns
benchmark: Franka-derived Cartesian-impedance kernel, input trace:8, timer period:1.000 ms
controller source: franka_ros2 jazzy@73a1501d, updates:543446, SVD sweeps:5
pose error:[0.010000 0.015000 0.010000 -0.000000 0.049979 -0.000000]
tau[0:6]:[-2.379368 -1.292411 -1.655224 -1.570015 -1.185234 -0.066588 -0.610247]
kernel exec min/avg/max: 94.21 / 95.60 / 100.92 us, samples:543456
pressure status:0, copy rounds total/window:0/0, 0.00 rounds/s
pressure logical copy:0.00 MiB total, approx 0.00 MiB/s, checksum:0
pressure report window:2.133412 s
t0_region>
[0]:10
[1]:542921
[2]:507
[3]:39
[4]:1

t1_region>
[2]:512754
[3]:29908
[4]:709
[5]:97
[6]:13
[7]:1

t2_region>
[97]:7683
[98]:517614
[99]:17276
[100]:702
[101]:161
[102]:39
[103]:12
[104]:2

t0_min: 0.96 us, round:80922
t0_max: 4.13 us, round:180954
t0_jitter: 3.17 us

t1_min: 2.58 us, round:463
t1_max: 7.50 us, round:356828
t1_jitter: 4.92 us

t2_min: 97.08 us, round:7442
t2_max: 104.88 us, round:26
t2_jitter: 7.79 us

PMU diff samples: 543517
AVG DIFF LL_CACHE_RD: 0.48
AVG DIFF LL_CACHE_MISS_RD: 0.03
AVG DIFF L2D_CACHE_REFILL: 0.03
AVG DIFF L2D_CACHE_INVAL: 0.00
[cur diff] DIFF LL_CACHE_RD: 1, DIFF LL_CACHE_MISS_RD: 0, MISS_RATE: 0.00%
[cur diff] DIFF L2D_CACHE_REFILL: 0
[cur diff] DIFF L2D_CACHE_INVAL: 0
[max diff] DIFF LL_CACHE_RD: 2, DIFF LL_CACHE_MISS_RD: 2, MISS_RATE: 100.00%
[max diff] DIFF L2D_CACHE_REFILL: 2
[max diff] DIFF L2D_CACHE_INVAL: 0

===========================================================
taskpendcnt:545556
t0:1458 ns
t1:3041 ns
t2:98541 ns
benchmark: Franka-derived Cartesian-impedance kernel, input trace:8, timer period:1.000 ms
controller source: franka_ros2 jazzy@73a1501d, updates:545579, SVD sweeps:5
pose error:[0.010000 0.015000 0.010000 -0.000000 0.049979 -0.000000]
tau[0:6]:[1.376914 -0.104433 0.790225 0.843903 0.642107 -0.956178 0.423547]
kernel exec min/avg/max: 94.21 / 95.60 / 100.92 us, samples:545588
pressure status:0, copy rounds total/window:0/0, 0.00 rounds/s
pressure logical copy:0.00 MiB total, approx 0.00 MiB/s, checksum:0
pressure report window:2.132460 s
t0_region>
[0]:10
[1]:545047
[2]:513
[3]:40
[4]:1

t1_region>
[2]:514753
[3]:30036
[4]:713
[5]:99
[6]:13
[7]:1

t2_region>
[97]:7683
[98]:519610
[99]:17407
[100]:707
[101]:161
[102]:40
[103]:12
[104]:2

t0_min: 0.96 us, round:80922
t0_max: 4.13 us, round:180954
t0_jitter: 3.17 us

t1_min: 2.58 us, round:463
t1_max: 7.50 us, round:356828
t1_jitter: 4.92 us

t2_min: 97.08 us, round:7442
t2_max: 104.88 us, round:26
t2_jitter: 7.79 us

PMU diff samples: 545650
AVG DIFF LL_CACHE_RD: 0.48
AVG DIFF LL_CACHE_MISS_RD: 0.03
AVG DIFF L2D_CACHE_REFILL: 0.03
AVG DIFF L2D_CACHE_INVAL: 0.00
[cur diff] DIFF LL_CACHE_RD: 2, DIFF LL_CACHE_MISS_RD: 0, MISS_RATE: 0.00%
[cur diff] DIFF L2D_CACHE_REFILL: 0
[cur diff] DIFF L2D_CACHE_INVAL: 0
[max diff] DIFF LL_CACHE_RD: 2, DIFF LL_CACHE_MISS_RD: 2, MISS_RATE: 100.00%
[max diff] DIFF L2D_CACHE_REFILL: 2
[max diff] DIFF L2D_CACHE_INVAL: 0

===========================================================
taskpendcnt:547689
t0:1500 ns
t1:2791 ns
t2:98583 ns
benchmark: Franka-derived Cartesian-impedance kernel, input trace:8, timer period:1.000 ms
controller source: franka_ros2 jazzy@73a1501d, updates:547712, SVD sweeps:5
pose error:[0.010000 0.015000 0.010000 -0.000000 0.049979 -0.000000]
tau[0:6]:[-0.274004 -0.324180 0.001577 -0.231466 0.050986 -0.328952 0.010844]
kernel exec min/avg/max: 94.21 / 95.60 / 100.92 us, samples:547721
pressure status:0, copy rounds total/window:0/0, 0.00 rounds/s
pressure logical copy:0.00 MiB total, approx 0.00 MiB/s, checksum:0
pressure report window:2.133067 s
t0_region>
[0]:10
[1]:547176
[2]:517
[3]:40
[4]:1

t1_region>
[2]:516749
[3]:30165
[4]:721
[5]:99
[6]:13
[7]:1

t2_region>
[97]:7683
[98]:521643
[99]:17500
[100]:714
[101]:161
[102]:40
[103]:12
[104]:2

t0_min: 0.96 us, round:80922
t0_max: 4.13 us, round:180954
t0_jitter: 3.17 us

t1_min: 2.58 us, round:463
t1_max: 7.50 us, round:356828
t1_jitter: 4.92 us

t2_min: 97.08 us, round:7442
t2_max: 104.88 us, round:26
t2_jitter: 7.79 us

PMU diff samples: 547783
AVG DIFF LL_CACHE_RD: 0.48
AVG DIFF LL_CACHE_MISS_RD: 0.03
AVG DIFF L2D_CACHE_REFILL: 0.03
AVG DIFF L2D_CACHE_INVAL: 0.00
[cur diff] DIFF LL_CACHE_RD: 1, DIFF LL_CACHE_MISS_RD: 0, MISS_RATE: 0.00%
[cur diff] DIFF L2D_CACHE_REFILL: 0
[cur diff] DIFF L2D_CACHE_INVAL: 0
[max diff] DIFF LL_CACHE_RD: 2, DIFF LL_CACHE_MISS_RD: 2, MISS_RATE: 100.00%
[max diff] DIFF L2D_CACHE_REFILL: 2
[max diff] DIFF L2D_CACHE_INVAL: 0

===========================================================
taskpendcnt:549822
t0:1250 ns
t1:2833 ns
t2:98333 ns
benchmark: Franka-derived Cartesian-impedance kernel, input trace:8, timer period:1.000 ms
controller source: franka_ros2 jazzy@73a1501d, updates:549845, SVD sweeps:5
pose error:[0.010000 0.015000 0.010000 -0.000000 0.049979 -0.000000]
tau[0:6]:[-0.567483 -0.552304 -0.482512 -0.231067 -0.297494 -0.656094 -0.085004]
kernel exec min/avg/max: 94.21 / 95.60 / 100.92 us, samples:549855
pressure status:0, copy rounds total/window:0/0, 0.00 rounds/s
pressure logical copy:0.00 MiB total, approx 0.00 MiB/s, checksum:0
pressure report window:2.133153 s
t0_region>
[0]:10
[1]:549308
[2]:518
[3]:40
[4]:1

t1_region>
[2]:518786
[3]:30260
[4]:722
[5]:99
[6]:13
[7]:1

t2_region>
[97]:7683
[98]:523693
[99]:17581
[100]:715
[101]:162
[102]:40
[103]:12
[104]:2

t0_min: 0.96 us, round:80922
t0_max: 4.13 us, round:180954
t0_jitter: 3.17 us

t1_min: 2.58 us, round:463
t1_max: 7.50 us, round:356828
t1_jitter: 4.92 us

t2_min: 97.08 us, round:7442
t2_max: 104.88 us, round:26
t2_jitter: 7.79 us

PMU diff samples: 549916
AVG DIFF LL_CACHE_RD: 0.48
AVG DIFF LL_CACHE_MISS_RD: 0.03
AVG DIFF L2D_CACHE_REFILL: 0.03
AVG DIFF L2D_CACHE_INVAL: 0.00
[cur diff] DIFF LL_CACHE_RD: 0, DIFF LL_CACHE_MISS_RD: 0, MISS_RATE: 0.00%
[cur diff] DIFF L2D_CACHE_REFILL: 0
[cur diff] DIFF L2D_CACHE_INVAL: 0
[max diff] DIFF LL_CACHE_RD: 2, DIFF LL_CACHE_MISS_RD: 2, MISS_RATE: 100.00%
[max diff] DIFF L2D_CACHE_REFILL: 2
[max diff] DIFF L2D_CACHE_INVAL: 0

===========================================================
taskpendcnt:551955
t0:1458 ns
t1:3041 ns
t2:98375 ns
benchmark: Franka-derived Cartesian-impedance kernel, input trace:8, timer period:1.000 ms
controller source: franka_ros2 jazzy@73a1501d, updates:551978, SVD sweeps:5
pose error:[0.010000 0.015000 0.010000 -0.000000 0.049979 -0.000000]
tau[0:6]:[0.839771 0.130674 0.617691 0.624912 0.653099 -0.592692 0.265887]
kernel exec min/avg/max: 94.21 / 95.60 / 100.92 us, samples:551987
pressure status:0, copy rounds total/window:0/0, 0.00 rounds/s
pressure logical copy:0.00 MiB total, approx 0.00 MiB/s, checksum:0
pressure report window:2.132376 s
t0_region>
[0]:10
[1]:551434
[2]:524
[3]:40
[4]:1

t1_region>
[2]:520794
[3]:30379
[4]:727
[5]:100
[6]:13
[7]:1

t2_region>
[97]:7683
[98]:525674
[99]:17727
[100]:717
[101]:165
[102]:40
[103]:12
[104]:2

t0_min: 0.96 us, round:80922
t0_max: 4.13 us, round:180954
t0_jitter: 3.17 us

t1_min: 2.58 us, round:463
t1_max: 7.50 us, round:356828
t1_jitter: 4.92 us

t2_min: 97.08 us, round:7442
t2_max: 104.88 us, round:26
t2_jitter: 7.79 us

PMU diff samples: 552048
AVG DIFF LL_CACHE_RD: 0.48
AVG DIFF LL_CACHE_MISS_RD: 0.03
AVG DIFF L2D_CACHE_REFILL: 0.03
AVG DIFF L2D_CACHE_INVAL: 0.00
[cur diff] DIFF LL_CACHE_RD: 1, DIFF LL_CACHE_MISS_RD: 0, MISS_RATE: 0.00%
[cur diff] DIFF L2D_CACHE_REFILL: 0
[cur diff] DIFF L2D_CACHE_INVAL: 0
[max diff] DIFF LL_CACHE_RD: 2, DIFF LL_CACHE_MISS_RD: 2, MISS_RATE: 100.00%
[max diff] DIFF L2D_CACHE_REFILL: 2
[max diff] DIFF L2D_CACHE_INVAL: 0

===========================================================
taskpendcnt:554088
t0:1208 ns
t1:2791 ns
t2:98583 ns
benchmark: Franka-derived Cartesian-impedance kernel, input trace:8, timer period:1.000 ms
controller source: franka_ros2 jazzy@73a1501d, updates:554111, SVD sweeps:5
pose error:[0.010000 0.015000 0.010000 -0.000000 0.049979 -0.000000]
tau[0:6]:[-2.379368 -1.292411 -1.655224 -1.570015 -1.185234 -0.066588 -0.610247]
kernel exec min/avg/max: 94.21 / 95.60 / 100.92 us, samples:554120
pressure status:0, copy rounds total/window:0/0, 0.00 rounds/s
pressure logical copy:0.00 MiB total, approx 0.00 MiB/s, checksum:0
pressure report window:2.133413 s
t0_region>
[0]:11
[1]:553566
[2]:525
[3]:40
[4]:1

t1_region>
[2]:522832
[3]:30474
[4]:727
[5]:100
[6]:13
[7]:1

t2_region>
[97]:7683
[98]:527724
[99]:17811
[100]:717
[101]:165
[102]:40
[103]:12
[104]:2

t0_min: 0.96 us, round:80922
t0_max: 4.13 us, round:180954
t0_jitter: 3.17 us

t1_min: 2.58 us, round:463
t1_max: 7.50 us, round:356828
t1_jitter: 4.92 us

t2_min: 97.08 us, round:7442
t2_max: 104.88 us, round:26
t2_jitter: 7.79 us

PMU diff samples: 554182
AVG DIFF LL_CACHE_RD: 0.48
AVG DIFF LL_CACHE_MISS_RD: 0.03
AVG DIFF L2D_CACHE_REFILL: 0.03
AVG DIFF L2D_CACHE_INVAL: 0.00
[cur diff] DIFF LL_CACHE_RD: 1, DIFF LL_CACHE_MISS_RD: 0, MISS_RATE: 0.00%
[cur diff] DIFF L2D_CACHE_REFILL: 0
[cur diff] DIFF L2D_CACHE_INVAL: 0
[max diff] DIFF LL_CACHE_RD: 2, DIFF LL_CACHE_MISS_RD: 2, MISS_RATE: 100.00%
[max diff] DIFF L2D_CACHE_REFILL: 2
[max diff] DIFF L2D_CACHE_INVAL: 0

===========================================================
taskpendcnt:556221
t0:1541 ns
t1:3416 ns
t2:98625 ns
benchmark: Franka-derived Cartesian-impedance kernel, input trace:8, timer period:1.000 ms
controller source: franka_ros2 jazzy@73a1501d, updates:556243, SVD sweeps:5
pose error:[0.010000 0.015000 0.010000 -0.000000 0.049979 -0.000000]
tau[0:6]:[1.376914 -0.104433 0.790225 0.843903 0.642107 -0.956178 0.423547]
kernel exec min/avg/max: 94.21 / 95.60 / 100.92 us, samples:556253
pressure status:0, copy rounds total/window:0/0, 0.00 rounds/s
pressure logical copy:0.00 MiB total, approx 0.00 MiB/s, checksum:0
pressure report window:2.132463 s
t0_region>
[0]:11
[1]:555696
[2]:527
[3]:40
[4]:1

t1_region>
[2]:524847
[3]:30589
[4]:728
[5]:100
[6]:14
[7]:1

t2_region>
[97]:7683
[98]:529751
[99]:17914
[100]:718
[101]:165
[102]:41
[103]:12
[104]:2

t0_min: 0.96 us, round:80922
t0_max: 4.13 us, round:180954
t0_jitter: 3.17 us

t1_min: 2.58 us, round:463
t1_max: 7.50 us, round:356828
t1_jitter: 4.92 us

t2_min: 97.08 us, round:7442
t2_max: 104.88 us, round:26
t2_jitter: 7.79 us

PMU diff samples: 556314
AVG DIFF LL_CACHE_RD: 0.48
AVG DIFF LL_CACHE_MISS_RD: 0.03
AVG DIFF L2D_CACHE_REFILL: 0.03
AVG DIFF L2D_CACHE_INVAL: 0.00
[cur diff] DIFF LL_CACHE_RD: 1, DIFF LL_CACHE_MISS_RD: 0, MISS_RATE: 0.00%
[cur diff] DIFF L2D_CACHE_REFILL: 0
[cur diff] DIFF L2D_CACHE_INVAL: 0
[max diff] DIFF LL_CACHE_RD: 2, DIFF LL_CACHE_MISS_RD: 2, MISS_RATE: 100.00%
[max diff] DIFF L2D_CACHE_REFILL: 2
[max diff] DIFF L2D_CACHE_INVAL: 0

===========================================================
taskpendcnt:558354
t0:1291 ns
t1:2875 ns
t2:98666 ns
benchmark: Franka-derived Cartesian-impedance kernel, input trace:8, timer period:1.000 ms
controller source: franka_ros2 jazzy@73a1501d, updates:558376, SVD sweeps:5
pose error:[0.010000 0.015000 0.010000 -0.000000 0.049979 -0.000000]
tau[0:6]:[-0.274004 -0.324180 0.001577 -0.231466 0.050986 -0.328952 0.010844]
kernel exec min/avg/max: 94.21 / 95.60 / 100.92 us, samples:558386
pressure status:0, copy rounds total/window:0/0, 0.00 rounds/s
pressure logical copy:0.00 MiB total, approx 0.00 MiB/s, checksum:0
pressure report window:2.133066 s
t0_region>
[0]:11
[1]:557827
[2]:529
[3]:40
[4]:1

t1_region>
[2]:526848
[3]:30718
[4]:732
[5]:100
[6]:14
[7]:1

t2_region>
[97]:7683
[98]:531759
[99]:18035
[100]:722
[101]:165
[102]:41
[103]:12
[104]:2

t0_min: 0.96 us, round:80922
t0_max: 4.13 us, round:180954
t0_jitter: 3.17 us

t1_min: 2.58 us, round:463
t1_max: 7.50 us, round:356828
t1_jitter: 4.92 us

t2_min: 97.08 us, round:7442
t2_max: 104.88 us, round:26
t2_jitter: 7.79 us

PMU diff samples: 558447
AVG DIFF LL_CACHE_RD: 0.48
AVG DIFF LL_CACHE_MISS_RD: 0.03
AVG DIFF L2D_CACHE_REFILL: 0.03
AVG DIFF L2D_CACHE_INVAL: 0.00
[cur diff] DIFF LL_CACHE_RD: 0, DIFF LL_CACHE_MISS_RD: 0, MISS_RATE: 0.00%
[cur diff] DIFF L2D_CACHE_REFILL: 0
[cur diff] DIFF L2D_CACHE_INVAL: 0
[max diff] DIFF LL_CACHE_RD: 2, DIFF LL_CACHE_MISS_RD: 2, MISS_RATE: 100.00%
[max diff] DIFF L2D_CACHE_REFILL: 2
[max diff] DIFF L2D_CACHE_INVAL: 0

===========================================================
taskpendcnt:560487
t0:1333 ns
t1:3208 ns
t2:99000 ns
benchmark: Franka-derived Cartesian-impedance kernel, input trace:8, timer period:1.000 ms
controller source: franka_ros2 jazzy@73a1501d, updates:560509, SVD sweeps:5
pose error:[0.010000 0.015000 0.010000 -0.000000 0.049979 -0.000000]
tau[0:6]:[-2.781770 -1.613002 -1.930139 -1.581803 -1.382951 -0.390599 -0.663394]
kernel exec min/avg/max: 94.21 / 95.60 / 100.92 us, samples:560519
pressure status:0, copy rounds total/window:0/0, 0.00 rounds/s
pressure logical copy:0.00 MiB total, approx 0.00 MiB/s, checksum:0
pressure report window:2.133228 s
t0_region>
[0]:11
[1]:559959
[2]:530
[3]:40
[4]:1

t1_region>
[2]:528860
[3]:30838
[4]:733
[5]:100
[6]:14
[7]:1

t2_region>
[97]:7683
[98]:533805
[99]:18124
[100]:722
[101]:165
[102]:41
[103]:12
[104]:2

t0_min: 0.96 us, round:80922
t0_max: 4.13 us, round:180954
t0_jitter: 3.17 us

t1_min: 2.58 us, round:463
t1_max: 7.50 us, round:356828
t1_jitter: 4.92 us

t2_min: 97.08 us, round:7442
t2_max: 104.88 us, round:26
t2_jitter: 7.79 us

PMU diff samples: 560580
AVG DIFF LL_CACHE_RD: 0.48
AVG DIFF LL_CACHE_MISS_RD: 0.03
AVG DIFF L2D_CACHE_REFILL: 0.03
AVG DIFF L2D_CACHE_INVAL: 0.00
[cur diff] DIFF LL_CACHE_RD: 2, DIFF LL_CACHE_MISS_RD: 0, MISS_RATE: 0.00%
[cur diff] DIFF L2D_CACHE_REFILL: 1
[cur diff] DIFF L2D_CACHE_INVAL: 0
[max diff] DIFF LL_CACHE_RD: 2, DIFF LL_CACHE_MISS_RD: 2, MISS_RATE: 100.00%
[max diff] DIFF L2D_CACHE_REFILL: 2
[max diff] DIFF L2D_CACHE_INVAL: 0

===========================================================
taskpendcnt:562620
t0:1208 ns
t1:2791 ns
t2:98583 ns
benchmark: Franka-derived Cartesian-impedance kernel, input trace:8, timer period:1.000 ms
controller source: franka_ros2 jazzy@73a1501d, updates:562643, SVD sweeps:5
pose error:[0.010000 0.015000 0.010000 -0.000000 0.049979 -0.000000]
tau[0:6]:[1.376914 -0.104433 0.790225 0.843903 0.642107 -0.956178 0.423547]
kernel exec min/avg/max: 94.21 / 95.60 / 100.92 us, samples:562652
pressure status:0, copy rounds total/window:0/0, 0.00 rounds/s
pressure logical copy:0.00 MiB total, approx 0.00 MiB/s, checksum:0
pressure report window:2.133384 s
t0_region>
[0]:11
[1]:562091
[2]:532
[3]:40
[4]:1

t1_region>
[2]:530866
[3]:30962
[4]:736
[5]:100
[6]:14
[7]:1

t2_region>
[97]:7683
[98]:535869
[99]:18191
[100]:722
[101]:165
[102]:42
[103]:12
[104]:2

t0_min: 0.96 us, round:80922
t0_max: 4.13 us, round:180954
t0_jitter: 3.17 us

t1_min: 2.58 us, round:463
t1_max: 7.50 us, round:356828
t1_jitter: 4.92 us

t2_min: 97.08 us, round:7442
t2_max: 104.88 us, round:26
t2_jitter: 7.79 us

PMU diff samples: 562714
AVG DIFF LL_CACHE_RD: 0.47
AVG DIFF LL_CACHE_MISS_RD: 0.03
AVG DIFF L2D_CACHE_REFILL: 0.03
AVG DIFF L2D_CACHE_INVAL: 0.00
[cur diff] DIFF LL_CACHE_RD: 0, DIFF LL_CACHE_MISS_RD: 0, MISS_RATE: 0.00%
[cur diff] DIFF L2D_CACHE_REFILL: 0
[cur diff] DIFF L2D_CACHE_INVAL: 0
[max diff] DIFF LL_CACHE_RD: 2, DIFF LL_CACHE_MISS_RD: 2, MISS_RATE: 100.00%
[max diff] DIFF L2D_CACHE_REFILL: 2
[max diff] DIFF L2D_CACHE_INVAL: 0

===========================================================
taskpendcnt:564753
t0:1250 ns
t1:3125 ns
t2:98625 ns
benchmark: Franka-derived Cartesian-impedance kernel, input trace:8, timer period:1.000 ms
controller source: franka_ros2 jazzy@73a1501d, updates:564776, SVD sweeps:5
pose error:[0.010000 0.015000 0.010000 -0.000000 0.049979 -0.000000]
tau[0:6]:[-0.274004 -0.324180 0.001577 -0.231466 0.050986 -0.328952 0.010844]
kernel exec min/avg/max: 94.21 / 95.60 / 100.92 us, samples:564786
pressure status:0, copy rounds total/window:0/0, 0.00 rounds/s
pressure logical copy:0.00 MiB total, approx 0.00 MiB/s, checksum:0
pressure report window:2.133066 s
t0_region>
[0]:11
[1]:564224
[2]:532
[3]:40
[4]:1

t1_region>
[2]:532886
[3]:31075
[4]:736
[5]:100
[6]:14
[7]:1

t2_region>
[97]:7683
[98]:537932
[99]:18261
[100]:722
[101]:165
[102]:42
[103]:12
[104]:2

t0_min: 0.96 us, round:80922
t0_max: 4.13 us, round:180954
t0_jitter: 3.17 us

t1_min: 2.58 us, round:463
t1_max: 7.50 us, round:356828
t1_jitter: 4.92 us

t2_min: 97.08 us, round:7442
t2_max: 104.88 us, round:26
t2_jitter: 7.79 us

PMU diff samples: 564847
AVG DIFF LL_CACHE_RD: 0.47
AVG DIFF LL_CACHE_MISS_RD: 0.03
AVG DIFF L2D_CACHE_REFILL: 0.03
AVG DIFF L2D_CACHE_INVAL: 0.00
[cur diff] DIFF LL_CACHE_RD: 1, DIFF LL_CACHE_MISS_RD: 0, MISS_RATE: 0.00%
[cur diff] DIFF L2D_CACHE_REFILL: 0
[cur diff] DIFF L2D_CACHE_INVAL: 0
[max diff] DIFF LL_CACHE_RD: 2, DIFF LL_CACHE_MISS_RD: 2, MISS_RATE: 100.00%
[max diff] DIFF L2D_CACHE_REFILL: 2
[max diff] DIFF L2D_CACHE_INVAL: 0

===========================================================
taskpendcnt:566886
t0:1291 ns
t1:2875 ns
t2:98666 ns
benchmark: Franka-derived Cartesian-impedance kernel, input trace:8, timer period:1.000 ms
controller source: franka_ros2 jazzy@73a1501d, updates:566909, SVD sweeps:5
pose error:[0.010000 0.015000 0.010000 -0.000000 0.049979 -0.000000]
tau[0:6]:[-2.781770 -1.613002 -1.930139 -1.581803 -1.382951 -0.390599 -0.663394]
kernel exec min/avg/max: 94.21 / 95.60 / 100.92 us, samples:566919
pressure status:0, copy rounds total/window:0/0, 0.00 rounds/s
pressure logical copy:0.00 MiB total, approx 0.00 MiB/s, checksum:0
pressure report window:2.133156 s
t0_region>
[0]:11
[1]:566356
[2]:533
[3]:40
[4]:1

t1_region>
[2]:534897
[3]:31197
[4]:737
[5]:100
[6]:14
[7]:1

t2_region>
[97]:7683
[98]:539955
[99]:18370
[100]:723
[101]:165
[102]:42
[103]:12
[104]:2

t0_min: 0.96 us, round:80922
t0_max: 4.13 us, round:180954
t0_jitter: 3.17 us

t1_min: 2.58 us, round:463
t1_max: 7.50 us, round:356828
t1_jitter: 4.92 us

t2_min: 97.08 us, round:7442
t2_max: 104.88 us, round:26
t2_jitter: 7.79 us

PMU diff samples: 566980
AVG DIFF LL_CACHE_RD: 0.47
AVG DIFF LL_CACHE_MISS_RD: 0.03
AVG DIFF L2D_CACHE_REFILL: 0.03
AVG DIFF L2D_CACHE_INVAL: 0.00
[cur diff] DIFF LL_CACHE_RD: 0, DIFF LL_CACHE_MISS_RD: 0, MISS_RATE: 0.00%
[cur diff] DIFF L2D_CACHE_REFILL: 0
[cur diff] DIFF L2D_CACHE_INVAL: 0
[max diff] DIFF LL_CACHE_RD: 2, DIFF LL_CACHE_MISS_RD: 2, MISS_RATE: 100.00%
[max diff] DIFF L2D_CACHE_REFILL: 2
[max diff] DIFF L2D_CACHE_INVAL: 0

===========================================================
taskpendcnt:569019
t0:1333 ns
t1:2916 ns
t2:98416 ns
benchmark: Franka-derived Cartesian-impedance kernel, input trace:8, timer period:1.000 ms
controller source: franka_ros2 jazzy@73a1501d, updates:569042, SVD sweeps:5
pose error:[0.010000 0.015000 0.010000 -0.000000 0.049979 -0.000000]
tau[0:6]:[1.228026 0.081850 0.819520 0.875435 0.745706 -0.833381 0.398995]
kernel exec min/avg/max: 94.21 / 95.60 / 100.92 us, samples:569051
pressure status:0, copy rounds total/window:0/0, 0.00 rounds/s
pressure logical copy:0.00 MiB total, approx 0.00 MiB/s, checksum:0
pressure report window:2.132375 s
t0_region>
[0]:11
[1]:568487
[2]:534
[3]:40
[4]:1

t1_region>
[2]:536919
[3]:31307
[4]:738
[5]:100
[6]:14
[7]:1

t2_region>
[97]:7683
[98]:542007
[99]:18449
[100]:725
[101]:165
[102]:42
[103]:12
[104]:2

t0_min: 0.96 us, round:80922
t0_max: 4.13 us, round:180954
t0_jitter: 3.17 us

t1_min: 2.58 us, round:463
t1_max: 7.50 us, round:356828
t1_jitter: 4.92 us

t2_min: 97.08 us, round:7442
t2_max: 104.88 us, round:26
t2_jitter: 7.79 us

PMU diff samples: 569112
AVG DIFF LL_CACHE_RD: 0.47
AVG DIFF LL_CACHE_MISS_RD: 0.03
AVG DIFF L2D_CACHE_REFILL: 0.03
AVG DIFF L2D_CACHE_INVAL: 0.00
[cur diff] DIFF LL_CACHE_RD: 1, DIFF LL_CACHE_MISS_RD: 0, MISS_RATE: 0.00%
[cur diff] DIFF L2D_CACHE_REFILL: 0
[cur diff] DIFF L2D_CACHE_INVAL: 0
[max diff] DIFF LL_CACHE_RD: 2, DIFF LL_CACHE_MISS_RD: 2, MISS_RATE: 100.00%
[max diff] DIFF L2D_CACHE_REFILL: 2
[max diff] DIFF L2D_CACHE_INVAL: 0

===========================================================
taskpendcnt:571152
t0:1250 ns
t1:2666 ns
t2:98458 ns
benchmark: Franka-derived Cartesian-impedance kernel, input trace:8, timer period:1.000 ms
controller source: franka_ros2 jazzy@73a1501d, updates:571175, SVD sweeps:5
pose error:[0.010000 0.015000 0.010000 -0.000000 0.049979 -0.000000]
tau[0:6]:[-2.379368 -1.292411 -1.655224 -1.570015 -1.185234 -0.066588 -0.610247]
kernel exec min/avg/max: 94.21 / 95.60 / 100.92 us, samples:571185
pressure status:0, copy rounds total/window:0/0, 0.00 rounds/s
pressure logical copy:0.00 MiB total, approx 0.00 MiB/s, checksum:0
pressure report window:2.133415 s
t0_region>
[0]:11
[1]:570617
[2]:538
[3]:40
[4]:1

t1_region>
[2]:538939
[3]:31416
[4]:740
[5]:101
[6]:14
[7]:1

t2_region>
[97]:7683
[98]:544028
[99]:18558
[100]:727
[101]:166
[102]:42
[103]:12
[104]:2

t0_min: 0.96 us, round:80922
t0_max: 4.13 us, round:180954
t0_jitter: 3.17 us

t1_min: 2.58 us, round:463
t1_max: 7.50 us, round:356828
t1_jitter: 4.92 us

t2_min: 97.08 us, round:7442
t2_max: 104.88 us, round:26
t2_jitter: 7.79 us

PMU diff samples: 571246
AVG DIFF LL_CACHE_RD: 0.47
AVG DIFF LL_CACHE_MISS_RD: 0.03
AVG DIFF L2D_CACHE_REFILL: 0.03
AVG DIFF L2D_CACHE_INVAL: 0.00
[cur diff] DIFF LL_CACHE_RD: 0, DIFF LL_CACHE_MISS_RD: 0, MISS_RATE: 0.00%
[cur diff] DIFF L2D_CACHE_REFILL: 0
[cur diff] DIFF L2D_CACHE_INVAL: 0
[max diff] DIFF LL_CACHE_RD: 2, DIFF LL_CACHE_MISS_RD: 2, MISS_RATE: 100.00%
[max diff] DIFF L2D_CACHE_REFILL: 2
[max diff] DIFF L2D_CACHE_INVAL: 0

===========================================================
taskpendcnt:573285
t0:1291 ns
t1:2875 ns
t2:98666 ns
benchmark: Franka-derived Cartesian-impedance kernel, input trace:8, timer period:1.000 ms
controller source: franka_ros2 jazzy@73a1501d, updates:573308, SVD sweeps:5
pose error:[0.010000 0.015000 0.010000 -0.000000 0.049979 -0.000000]
tau[0:6]:[1.376914 -0.104433 0.790225 0.843903 0.642107 -0.956178 0.423547]
kernel exec min/avg/max: 94.21 / 95.61 / 100.92 us, samples:573317
pressure status:0, copy rounds total/window:0/0, 0.00 rounds/s
pressure logical copy:0.00 MiB total, approx 0.00 MiB/s, checksum:0
pressure report window:2.132460 s
t0_region>
[0]:11
[1]:572748
[2]:539
[3]:40
[4]:1

t1_region>
[2]:540963
[3]:31526
[4]:740
[5]:101
[6]:14
[7]:1

t2_region>
[97]:7683
[98]:546079
[99]:18640
[100]:727
[101]:166
[102]:42
[103]:12
[104]:2

t0_min: 0.96 us, round:80922
t0_max: 4.13 us, round:180954
t0_jitter: 3.17 us

t1_min: 2.58 us, round:463
t1_max: 7.50 us, round:356828
t1_jitter: 4.92 us

t2_min: 97.08 us, round:7442
t2_max: 104.88 us, round:26
t2_jitter: 7.79 us

PMU diff samples: 573378
AVG DIFF LL_CACHE_RD: 0.47
AVG DIFF LL_CACHE_MISS_RD: 0.03
AVG DIFF L2D_CACHE_REFILL: 0.03
AVG DIFF L2D_CACHE_INVAL: 0.00
[cur diff] DIFF LL_CACHE_RD: 1, DIFF LL_CACHE_MISS_RD: 0, MISS_RATE: 0.00%
[cur diff] DIFF L2D_CACHE_REFILL: 0
[cur diff] DIFF L2D_CACHE_INVAL: 0
[max diff] DIFF LL_CACHE_RD: 2, DIFF LL_CACHE_MISS_RD: 2, MISS_RATE: 100.00%
[max diff] DIFF L2D_CACHE_REFILL: 2
[max diff] DIFF L2D_CACHE_INVAL: 0

===========================================================
taskpendcnt:575418
t0:1333 ns
t1:3500 ns
t2:98708 ns
benchmark: Franka-derived Cartesian-impedance kernel, input trace:8, timer period:1.000 ms
controller source: franka_ros2 jazzy@73a1501d, updates:575440, SVD sweeps:5
pose error:[0.010000 0.015000 0.010000 -0.000000 0.049979 -0.000000]
tau[0:6]:[-0.274004 -0.324180 0.001577 -0.231466 0.050986 -0.328952 0.010844]
kernel exec min/avg/max: 94.21 / 95.61 / 100.92 us, samples:575450
pressure status:0, copy rounds total/window:0/0, 0.00 rounds/s
pressure logical copy:0.00 MiB total, approx 0.00 MiB/s, checksum:0
pressure report window:2.133070 s
t0_region>
[0]:11
[1]:574879
[2]:540
[3]:41
[4]:1

t1_region>
[2]:542979
[3]:31639
[4]:742
[5]:102
[6]:14
[7]:1

t2_region>
[97]:7683
[98]:548132
[99]:18718
[100]:727
[101]:168
[102]:42
[103]:12
[104]:2

t0_min: 0.96 us, round:80922
t0_max: 4.13 us, round:180954
t0_jitter: 3.17 us

t1_min: 2.58 us, round:463
t1_max: 7.50 us, round:356828
t1_jitter: 4.92 us

t2_min: 97.08 us, round:7442
t2_max: 104.88 us, round:26
t2_jitter: 7.79 us

PMU diff samples: 575511
AVG DIFF LL_CACHE_RD: 0.47
AVG DIFF LL_CACHE_MISS_RD: 0.03
AVG DIFF L2D_CACHE_REFILL: 0.03
AVG DIFF L2D_CACHE_INVAL: 0.00
[cur diff] DIFF LL_CACHE_RD: 6, DIFF LL_CACHE_MISS_RD: 0, MISS_RATE: 0.00%
[cur diff] DIFF L2D_CACHE_REFILL: 0
[cur diff] DIFF L2D_CACHE_INVAL: 0
[max diff] DIFF LL_CACHE_RD: 2, DIFF LL_CACHE_MISS_RD: 2, MISS_RATE: 100.00%
[max diff] DIFF L2D_CACHE_REFILL: 2
[max diff] DIFF L2D_CACHE_INVAL: 0

===========================================================
taskpendcnt:577551
t0:1375 ns
t1:2958 ns
t2:98458 ns
benchmark: Franka-derived Cartesian-impedance kernel, input trace:8, timer period:1.000 ms
controller source: franka_ros2 jazzy@73a1501d, updates:577573, SVD sweeps:5
pose error:[0.010000 0.015000 0.010000 -0.000000 0.049979 -0.000000]
tau[0:6]:[-2.781770 -1.613002 -1.930139 -1.581803 -1.382951 -0.390599 -0.663394]
kernel exec min/avg/max: 94.21 / 95.61 / 100.92 us, samples:577583
pressure status:0, copy rounds total/window:0/0, 0.00 rounds/s
pressure logical copy:0.00 MiB total, approx 0.00 MiB/s, checksum:0
pressure report window:2.133155 s
t0_region>
[0]:11
[1]:577009
[2]:543
[3]:41
[4]:1

t1_region>
[2]:544993
[3]:31756
[4]:745
[5]:102
[6]:14
[7]:1

t2_region>
[97]:7683
[98]:550166
[99]:18814
[100]:729
[101]:169
[102]:42
[103]:12
[104]:2

t0_min: 0.96 us, round:80922
t0_max: 4.13 us, round:180954
t0_jitter: 3.17 us

t1_min: 2.58 us, round:463
t1_max: 7.50 us, round:356828
t1_jitter: 4.92 us

t2_min: 97.08 us, round:7442
t2_max: 104.88 us, round:26
t2_jitter: 7.79 us

PMU diff samples: 577644
AVG DIFF LL_CACHE_RD: 0.47
AVG DIFF LL_CACHE_MISS_RD: 0.03
AVG DIFF L2D_CACHE_REFILL: 0.03
AVG DIFF L2D_CACHE_INVAL: 0.00
[cur diff] DIFF LL_CACHE_RD: 1, DIFF LL_CACHE_MISS_RD: 0, MISS_RATE: 0.00%
[cur diff] DIFF L2D_CACHE_REFILL: 0
[cur diff] DIFF L2D_CACHE_INVAL: 0
[max diff] DIFF LL_CACHE_RD: 2, DIFF LL_CACHE_MISS_RD: 2, MISS_RATE: 100.00%
[max diff] DIFF L2D_CACHE_REFILL: 2
[max diff] DIFF L2D_CACHE_INVAL: 0

===========================================================
taskpendcnt:579684
t0:1416 ns
t1:3000 ns
t2:99083 ns
benchmark: Franka-derived Cartesian-impedance kernel, input trace:8, timer period:1.000 ms
controller source: franka_ros2 jazzy@73a1501d, updates:579706, SVD sweeps:5
pose error:[0.010000 0.015000 0.010000 -0.000000 0.049979 -0.000000]
tau[0:6]:[1.228026 0.081850 0.819520 0.875435 0.745706 -0.833381 0.398995]
kernel exec min/avg/max: 94.21 / 95.61 / 100.92 us, samples:579716
pressure status:0, copy rounds total/window:0/0, 0.00 rounds/s
pressure logical copy:0.00 MiB total, approx 0.00 MiB/s, checksum:0
pressure report window:2.132399 s
t0_region>
[0]:11
[1]:579142
[2]:543
[3]:41
[4]:1

t1_region>
[2]:546999
[3]:31882
[4]:745
[5]:102
[6]:14
[7]:1

t2_region>
[97]:7683
[98]:552168
[99]:18944
[100]:729
[101]:169
[102]:42
[103]:12
[104]:2

t0_min: 0.96 us, round:80922
t0_max: 4.13 us, round:180954
t0_jitter: 3.17 us

t1_min: 2.58 us, round:463
t1_max: 7.50 us, round:356828
t1_jitter: 4.92 us

t2_min: 97.08 us, round:7442
t2_max: 104.88 us, round:26
t2_jitter: 7.79 us

PMU diff samples: 579777
AVG DIFF LL_CACHE_RD: 0.47
AVG DIFF LL_CACHE_MISS_RD: 0.03
AVG DIFF L2D_CACHE_REFILL: 0.03
AVG DIFF L2D_CACHE_INVAL: 0.00
[cur diff] DIFF LL_CACHE_RD: 0, DIFF LL_CACHE_MISS_RD: 0, MISS_RATE: 0.00%
[cur diff] DIFF L2D_CACHE_REFILL: 0
[cur diff] DIFF L2D_CACHE_INVAL: 0
[max diff] DIFF LL_CACHE_RD: 2, DIFF LL_CACHE_MISS_RD: 2, MISS_RATE: 100.00%
[max diff] DIFF L2D_CACHE_REFILL: 2
[max diff] DIFF L2D_CACHE_INVAL: 0

===========================================================
taskpendcnt:581817
t0:1458 ns
t1:3041 ns
t2:98541 ns
benchmark: Franka-derived Cartesian-impedance kernel, input trace:8, timer period:1.000 ms
controller source: franka_ros2 jazzy@73a1501d, updates:581839, SVD sweeps:5
pose error:[0.010000 0.015000 0.010000 -0.000000 0.049979 -0.000000]
tau[0:6]:[-1.839419 -0.921560 -1.193198 -1.195971 -0.861243 0.113634 -0.461388]
kernel exec min/avg/max: 94.21 / 95.61 / 100.92 us, samples:581849
pressure status:0, copy rounds total/window:0/0, 0.00 rounds/s
pressure logical copy:0.00 MiB total, approx 0.00 MiB/s, checksum:0
pressure report window:2.133298 s
t0_region>
[0]:11
[1]:581273
[2]:545
[3]:41
[4]:1

t1_region>
[2]:549021
[3]:31991
[4]:746
[5]:102
[6]:14
[7]:1

t2_region>
[97]:7683
[98]:554292
[99]:18951
[100]:731
[101]:169
[102]:42
[103]:12
[104]:2

t0_min: 0.96 us, round:80922
t0_max: 4.13 us, round:180954
t0_jitter: 3.17 us

t1_min: 2.58 us, round:463
t1_max: 7.50 us, round:356828
t1_jitter: 4.92 us

t2_min: 97.08 us, round:7442
t2_max: 104.88 us, round:26
t2_jitter: 7.79 us

PMU diff samples: 581910
AVG DIFF LL_CACHE_RD: 0.47
AVG DIFF LL_CACHE_MISS_RD: 0.03
AVG DIFF L2D_CACHE_REFILL: 0.03
AVG DIFF L2D_CACHE_INVAL: 0.00
[cur diff] DIFF LL_CACHE_RD: 5, DIFF LL_CACHE_MISS_RD: 0, MISS_RATE: 0.00%
[cur diff] DIFF L2D_CACHE_REFILL: 0
[cur diff] DIFF L2D_CACHE_INVAL: 0
[max diff] DIFF LL_CACHE_RD: 2, DIFF LL_CACHE_MISS_RD: 2, MISS_RATE: 100.00%
[max diff] DIFF L2D_CACHE_REFILL: 2
[max diff] DIFF L2D_CACHE_INVAL: 0

===========================================================
taskpendcnt:583949
t0:1500 ns
t1:2791 ns
t2:98583 ns
benchmark: Franka-derived Cartesian-impedance kernel, input trace:8, timer period:1.000 ms
controller source: franka_ros2 jazzy@73a1501d, updates:583972, SVD sweeps:5
pose error:[0.010000 0.015000 0.010000 -0.000000 0.049979 -0.000000]
tau[0:6]:[-0.567483 -0.552304 -0.482512 -0.231067 -0.297494 -0.656094 -0.085004]
kernel exec min/avg/max: 94.21 / 95.61 / 100.92 us, samples:583982
pressure status:0, copy rounds total/window:0/0, 0.00 rounds/s
pressure logical copy:0.00 MiB total, approx 0.00 MiB/s, checksum:0
pressure report window:2.132979 s
t0_region>
[0]:11
[1]:583402
[2]:549
[3]:41
[4]:1

t1_region>
[2]:551026
[3]:32116
[4]:749
[5]:102
[6]:14
[7]:1

t2_region>
[97]:7683
[98]:556335
[99]:19039
[100]:733
[101]:171
[102]:42
[103]:12
[104]:2

t0_min: 0.96 us, round:80922
t0_max: 4.13 us, round:180954
t0_jitter: 3.17 us

t1_min: 2.58 us, round:463
t1_max: 7.50 us, round:356828
t1_jitter: 4.92 us

t2_min: 97.08 us, round:7442
t2_max: 104.88 us, round:26
t2_jitter: 7.79 us

PMU diff samples: 584043
AVG DIFF LL_CACHE_RD: 0.47
AVG DIFF LL_CACHE_MISS_RD: 0.03
AVG DIFF L2D_CACHE_REFILL: 0.03
AVG DIFF L2D_CACHE_INVAL: 0.00
[cur diff] DIFF LL_CACHE_RD: 2, DIFF LL_CACHE_MISS_RD: 0, MISS_RATE: 0.00%
[cur diff] DIFF L2D_CACHE_REFILL: 0
[cur diff] DIFF L2D_CACHE_INVAL: 0
[max diff] DIFF LL_CACHE_RD: 2, DIFF LL_CACHE_MISS_RD: 2, MISS_RATE: 100.00%
[max diff] DIFF L2D_CACHE_REFILL: 2
[max diff] DIFF L2D_CACHE_INVAL: 0

===========================================================
taskpendcnt:586082
t0:1250 ns
t1:3125 ns
t2:98625 ns
benchmark: Franka-derived Cartesian-impedance kernel, input trace:8, timer period:1.000 ms
controller source: franka_ros2 jazzy@73a1501d, updates:586105, SVD sweeps:5
pose error:[0.010000 0.015000 0.010000 -0.000000 0.049979 -0.000000]
tau[0:6]:[0.839771 0.130674 0.617691 0.624912 0.653099 -0.592692 0.265887]
kernel exec min/avg/max: 94.21 / 95.61 / 100.92 us, samples:586114
pressure status:0, copy rounds total/window:0/0, 0.00 rounds/s
pressure logical copy:0.00 MiB total, approx 0.00 MiB/s, checksum:0
pressure report window:2.132375 s
t0_region>
[0]:11
[1]:585529
[2]:554
[3]:41
[4]:1

t1_region>
[2]:553041
[3]:32228
[4]:754
[5]:104
[6]:14
[7]:1

t2_region>
[97]:7683
[98]:558352
[99]:19148
[100]:737
[101]:172
[102]:42
[103]:12
[104]:2

t0_min: 0.96 us, round:80922
t0_max: 4.13 us, round:180954
t0_jitter: 3.17 us

t1_min: 2.58 us, round:463
t1_max: 7.50 us, round:356828
t1_jitter: 4.92 us

t2_min: 97.08 us, round:7442
t2_max: 104.88 us, round:26
t2_jitter: 7.79 us

PMU diff samples: 586176
AVG DIFF LL_CACHE_RD: 0.47
AVG DIFF LL_CACHE_MISS_RD: 0.03
AVG DIFF L2D_CACHE_REFILL: 0.03
AVG DIFF L2D_CACHE_INVAL: 0.00
[cur diff] DIFF LL_CACHE_RD: 0, DIFF LL_CACHE_MISS_RD: 0, MISS_RATE: 0.00%
[cur diff] DIFF L2D_CACHE_REFILL: 0
[cur diff] DIFF L2D_CACHE_INVAL: 0
[max diff] DIFF LL_CACHE_RD: 2, DIFF LL_CACHE_MISS_RD: 2, MISS_RATE: 100.00%
[max diff] DIFF L2D_CACHE_REFILL: 2
[max diff] DIFF L2D_CACHE_INVAL: 0

===========================================================
taskpendcnt:588215
t0:1291 ns
t1:2875 ns
t2:98375 ns
benchmark: Franka-derived Cartesian-impedance kernel, input trace:8, timer period:1.000 ms
controller source: franka_ros2 jazzy@73a1501d, updates:588238, SVD sweeps:5
pose error:[0.010000 0.015000 0.010000 -0.000000 0.049979 -0.000000]
tau[0:6]:[-2.379368 -1.292411 -1.655224 -1.570015 -1.185234 -0.066588 -0.610247]
kernel exec min/avg/max: 94.21 / 95.61 / 100.92 us, samples:588248
pressure status:0, copy rounds total/window:0/0, 0.00 rounds/s
pressure logical copy:0.00 MiB total, approx 0.00 MiB/s, checksum:0
pressure report window:2.133462 s
t0_region>
[0]:11
[1]:587659
[2]:558
[3]:41
[4]:1

t1_region>
[2]:555050
[3]:32347
[4]:758
[5]:104
[6]:14
[7]:1

t2_region>
[97]:7683
[98]:560374
[99]:19255
[100]:741
[101]:172
[102]:42
[103]:12
[104]:2

t0_min: 0.96 us, round:80922
t0_max: 4.13 us, round:180954
t0_jitter: 3.17 us

t1_min: 2.58 us, round:463
t1_max: 7.50 us, round:356828
t1_jitter: 4.92 us

t2_min: 97.08 us, round:7442
t2_max: 104.88 us, round:26
t2_jitter: 7.79 us

PMU diff samples: 588309
AVG DIFF LL_CACHE_RD: 0.47
AVG DIFF LL_CACHE_MISS_RD: 0.03
AVG DIFF L2D_CACHE_REFILL: 0.03
AVG DIFF L2D_CACHE_INVAL: 0.00
[cur diff] DIFF LL_CACHE_RD: 1, DIFF LL_CACHE_MISS_RD: 0, MISS_RATE: 0.00%
[cur diff] DIFF L2D_CACHE_REFILL: 1
[cur diff] DIFF L2D_CACHE_INVAL: 0
[max diff] DIFF LL_CACHE_RD: 2, DIFF LL_CACHE_MISS_RD: 2, MISS_RATE: 100.00%
[max diff] DIFF L2D_CACHE_REFILL: 2
[max diff] DIFF L2D_CACHE_INVAL: 0

===========================================================
taskpendcnt:590348
t0:1333 ns
t1:2916 ns
t2:98416 ns
benchmark: Franka-derived Cartesian-impedance kernel, input trace:8, timer period:1.000 ms
controller source: franka_ros2 jazzy@73a1501d, updates:590371, SVD sweeps:5
pose error:[0.010000 0.015000 0.010000 -0.000000 0.049979 -0.000000]
tau[0:6]:[1.228026 0.081850 0.819520 0.875435 0.745706 -0.833381 0.398995]
kernel exec min/avg/max: 94.21 / 95.61 / 100.92 us, samples:590380
pressure status:0, copy rounds total/window:0/0, 0.00 rounds/s
pressure logical copy:0.00 MiB total, approx 0.00 MiB/s, checksum:0
pressure report window:2.132329 s
t0_region>
[0]:11
[1]:589789
[2]:560
[3]:41
[4]:1

t1_region>
[2]:557080
[3]:32449
[4]:759
[5]:105
[6]:14
[7]:1

t2_region>
[97]:7683
[98]:562427
[99]:19334
[100]:742
[101]:172
[102]:43
[103]:12
[104]:2

t0_min: 0.96 us, round:80922
t0_max: 4.13 us, round:180954
t0_jitter: 3.17 us

t1_min: 2.58 us, round:463
t1_max: 7.50 us, round:356828
t1_jitter: 4.92 us

t2_min: 97.08 us, round:7442
t2_max: 104.88 us, round:26
t2_jitter: 7.79 us

PMU diff samples: 590441
AVG DIFF LL_CACHE_RD: 0.47
AVG DIFF LL_CACHE_MISS_RD: 0.03
AVG DIFF L2D_CACHE_REFILL: 0.03
AVG DIFF L2D_CACHE_INVAL: 0.00
[cur diff] DIFF LL_CACHE_RD: 3, DIFF LL_CACHE_MISS_RD: 0, MISS_RATE: 0.00%
[cur diff] DIFF L2D_CACHE_REFILL: 0
[cur diff] DIFF L2D_CACHE_INVAL: 0
[max diff] DIFF LL_CACHE_RD: 2, DIFF LL_CACHE_MISS_RD: 2, MISS_RATE: 100.00%
[max diff] DIFF L2D_CACHE_REFILL: 2
[max diff] DIFF L2D_CACHE_INVAL: 0

===========================================================
taskpendcnt:592481
t0:1541 ns
t1:3125 ns
t2:98458 ns
benchmark: Franka-derived Cartesian-impedance kernel, input trace:8, timer period:1.000 ms
controller source: franka_ros2 jazzy@73a1501d, updates:592504, SVD sweeps:5
pose error:[0.010000 0.015000 0.010000 -0.000000 0.049979 -0.000000]
tau[0:6]:[-1.839419 -0.921560 -1.193198 -1.195971 -0.861243 0.113634 -0.461388]
kernel exec min/avg/max: 94.21 / 95.61 / 100.92 us, samples:592513
pressure status:0, copy rounds total/window:0/0, 0.00 rounds/s
pressure logical copy:0.00 MiB total, approx 0.00 MiB/s, checksum:0
pressure report window:2.133329 s
t0_region>
[0]:11
[1]:591922
[2]:561
[3]:41
[4]:1

t1_region>
[2]:559073
[3]:32584
[4]:763
[5]:105
[6]:14
[7]:1

t2_region>
[97]:7683
[98]:564402
[99]:19485
[100]:748
[101]:172
[102]:43
[103]:12
[104]:2

t0_min: 0.96 us, round:80922
t0_max: 4.13 us, round:180954
t0_jitter: 3.17 us

t1_min: 2.58 us, round:463
t1_max: 7.50 us, round:356828
t1_jitter: 4.92 us

t2_min: 97.08 us, round:7442
t2_max: 104.88 us, round:26
t2_jitter: 7.79 us

PMU diff samples: 592575
AVG DIFF LL_CACHE_RD: 0.47
AVG DIFF LL_CACHE_MISS_RD: 0.03
AVG DIFF L2D_CACHE_REFILL: 0.03
AVG DIFF L2D_CACHE_INVAL: 0.00
[cur diff] DIFF LL_CACHE_RD: 1, DIFF LL_CACHE_MISS_RD: 0, MISS_RATE: 0.00%
[cur diff] DIFF L2D_CACHE_REFILL: 0
[cur diff] DIFF L2D_CACHE_INVAL: 0
[max diff] DIFF LL_CACHE_RD: 2, DIFF LL_CACHE_MISS_RD: 2, MISS_RATE: 100.00%
[max diff] DIFF L2D_CACHE_REFILL: 2
[max diff] DIFF L2D_CACHE_INVAL: 0

===========================================================
taskpendcnt:594614
t0:1291 ns
t1:3166 ns
t2:98375 ns
benchmark: Franka-derived Cartesian-impedance kernel, input trace:8, timer period:1.000 ms
controller source: franka_ros2 jazzy@73a1501d, updates:594636, SVD sweeps:5
pose error:[0.010000 0.015000 0.010000 -0.000000 0.049979 -0.000000]
tau[0:6]:[-0.567483 -0.552304 -0.482512 -0.231067 -0.297494 -0.656094 -0.085004]
kernel exec min/avg/max: 94.21 / 95.61 / 100.92 us, samples:594646
pressure status:0, copy rounds total/window:0/0, 0.00 rounds/s
pressure logical copy:0.00 MiB total, approx 0.00 MiB/s, checksum:0
pressure report window:2.132981 s
t0_region>
[0]:11
[1]:594051
[2]:565
[3]:41
[4]:1

t1_region>
[2]:561096
[3]:32689
[4]:769
[5]:105
[6]:14
[7]:1

t2_region>
[97]:7683
[98]:566437
[99]:19577
[100]:754
[101]:172
[102]:43
[103]:12
[104]:2

t0_min: 0.96 us, round:80922
t0_max: 4.13 us, round:180954
t0_jitter: 3.17 us

t1_min: 2.58 us, round:463
t1_max: 7.50 us, round:356828
t1_jitter: 4.92 us

t2_min: 97.08 us, round:7442
t2_max: 104.88 us, round:26
t2_jitter: 7.79 us

PMU diff samples: 594708
AVG DIFF LL_CACHE_RD: 0.47
AVG DIFF LL_CACHE_MISS_RD: 0.03
AVG DIFF L2D_CACHE_REFILL: 0.03
AVG DIFF L2D_CACHE_INVAL: 0.00
[cur diff] DIFF LL_CACHE_RD: 0, DIFF LL_CACHE_MISS_RD: 0, MISS_RATE: 0.00%
[cur diff] DIFF L2D_CACHE_REFILL: 0
[cur diff] DIFF L2D_CACHE_INVAL: 0
[max diff] DIFF LL_CACHE_RD: 2, DIFF LL_CACHE_MISS_RD: 2, MISS_RATE: 100.00%
[max diff] DIFF L2D_CACHE_REFILL: 2
[max diff] DIFF L2D_CACHE_INVAL: 0

===========================================================
taskpendcnt:596747
t0:1333 ns
t1:2916 ns
t2:98708 ns
benchmark: Franka-derived Cartesian-impedance kernel, input trace:8, timer period:1.000 ms
controller source: franka_ros2 jazzy@73a1501d, updates:596769, SVD sweeps:5
pose error:[0.010000 0.015000 0.010000 -0.000000 0.049979 -0.000000]
tau[0:6]:[0.839771 0.130674 0.617691 0.624912 0.653099 -0.592692 0.265887]
kernel exec min/avg/max: 94.21 / 95.61 / 100.92 us, samples:596779
pressure status:0, copy rounds total/window:0/0, 0.00 rounds/s
pressure logical copy:0.00 MiB total, approx 0.00 MiB/s, checksum:0
pressure report window:2.132375 s
t0_region>
[0]:11
[1]:596178
[2]:570
[3]:41
[4]:1

t1_region>
[2]:563069
[3]:32838
[4]:777
[5]:107
[6]:14
[7]:1

t2_region>
[97]:7683
[98]:568377
[99]:19755
[100]:762
[101]:178
[102]:43
[103]:12
[104]:2

t0_min: 0.96 us, round:80922
t0_max: 4.13 us, round:180954
t0_jitter: 3.17 us

t1_min: 2.58 us, round:463
t1_max: 7.50 us, round:356828
t1_jitter: 4.92 us

t2_min: 97.08 us, round:7442
t2_max: 104.88 us, round:26
t2_jitter: 7.79 us

PMU diff samples: 596840
AVG DIFF LL_CACHE_RD: 0.47
AVG DIFF LL_CACHE_MISS_RD: 0.03
AVG DIFF L2D_CACHE_REFILL: 0.03
AVG DIFF L2D_CACHE_INVAL: 0.00
[cur diff] DIFF LL_CACHE_RD: 1, DIFF LL_CACHE_MISS_RD: 0, MISS_RATE: 0.00%
[cur diff] DIFF L2D_CACHE_REFILL: 0
[cur diff] DIFF L2D_CACHE_INVAL: 0
[max diff] DIFF LL_CACHE_RD: 2, DIFF LL_CACHE_MISS_RD: 2, MISS_RATE: 100.00%
[max diff] DIFF L2D_CACHE_REFILL: 2
[max diff] DIFF L2D_CACHE_INVAL: 0

===========================================================
taskpendcnt:598880
t0:1375 ns
t1:2958 ns
t2:98458 ns
benchmark: Franka-derived Cartesian-impedance kernel, input trace:8, timer period:1.000 ms
controller source: franka_ros2 jazzy@73a1501d, updates:598902, SVD sweeps:5
pose error:[0.010000 0.015000 0.010000 -0.000000 0.049979 -0.000000]
tau[0:6]:[-2.379368 -1.292411 -1.655224 -1.570015 -1.185234 -0.066588 -0.610247]
kernel exec min/avg/max: 94.21 / 95.61 / 100.92 us, samples:598912
pressure status:0, copy rounds total/window:0/0, 0.00 rounds/s
pressure logical copy:0.00 MiB total, approx 0.00 MiB/s, checksum:0
pressure report window:2.133417 s
t0_region>
[0]:11
[1]:598306
[2]:575
[3]:41
[4]:1

t1_region>
[2]:565036
[3]:32995
[4]:786
[5]:107
[6]:14
[7]:1

t2_region>
[97]:7683
[98]:570294
[99]:19962
[100]:771
[101]:179
[102]:43
[103]:12
[104]:2

t0_min: 0.96 us, round:80922
t0_max: 4.13 us, round:180954
t0_jitter: 3.17 us

t1_min: 2.58 us, round:463
t1_max: 7.50 us, round:356828
t1_jitter: 4.92 us

t2_min: 97.08 us, round:7442
t2_max: 104.88 us, round:26
t2_jitter: 7.79 us

PMU diff samples: 598973
AVG DIFF LL_CACHE_RD: 0.47
AVG DIFF LL_CACHE_MISS_RD: 0.03
AVG DIFF L2D_CACHE_REFILL: 0.03
AVG DIFF L2D_CACHE_INVAL: 0.00
[cur diff] DIFF LL_CACHE_RD: 1, DIFF LL_CACHE_MISS_RD: 0, MISS_RATE: 0.00%
[cur diff] DIFF L2D_CACHE_REFILL: 0
[cur diff] DIFF L2D_CACHE_INVAL: 0
[max diff] DIFF LL_CACHE_RD: 2, DIFF LL_CACHE_MISS_RD: 2, MISS_RATE: 100.00%
[max diff] DIFF L2D_CACHE_REFILL: 2
[max diff] DIFF L2D_CACHE_INVAL: 0

===========================================================
taskpendcnt:600000
t0:1250 ns
t1:2708 ns
t2:98375 ns
benchmark: Franka-derived Cartesian-impedance kernel, input trace:8, timer period:1.000 ms
controller source: franka_ros2 jazzy@73a1501d, updates:600010, SVD sweeps:5
pose error:[0.010000 0.015000 0.010000 -0.000000 0.049979 -0.000000]
tau[0:6]:[-2.781770 -1.613002 -1.930139 -1.581803 -1.382951 -0.390599 -0.663394]
kernel exec min/avg/max: 94.21 / 95.61 / 100.92 us, samples:600000
pressure status:0, copy rounds total/window:0/0, 0.00 rounds/s
pressure logical copy:0.00 MiB total, approx 0.00 MiB/s, checksum:0
pressure report window:2.132893 s
t0_region>
[0]:11
[1]:599371
[2]:575
[3]:42
[4]:1

t1_region>
[2]:566030
[3]:33061
[4]:786
[5]:108
[6]:14
[7]:1

t2_region>
[97]:7683
[98]:571344
[99]:19965
[100]:771
[101]:179
[102]:44
[103]:12
[104]:2

t0_min: 0.96 us, round:80922
t0_max: 4.13 us, round:180954
t0_jitter: 3.17 us

t1_min: 2.58 us, round:463
t1_max: 7.50 us, round:356828
t1_jitter: 4.92 us

t2_min: 97.08 us, round:7442
t2_max: 104.88 us, round:26
t2_jitter: 7.79 us

PMU diff samples: 600000
AVG DIFF LL_CACHE_RD: 0.47
AVG DIFF LL_CACHE_MISS_RD: 0.03
AVG DIFF L2D_CACHE_REFILL: 0.03
AVG DIFF L2D_CACHE_INVAL: 0.00
[cur diff] DIFF LL_CACHE_RD: 0, DIFF LL_CACHE_MISS_RD: 0, MISS_RATE: 0.00%
[cur diff] DIFF L2D_CACHE_REFILL: 0
[cur diff] DIFF L2D_CACHE_INVAL: 0
[max diff] DIFF LL_CACHE_RD: 2, DIFF LL_CACHE_MISS_RD: 2, MISS_RATE: 100.00%
[max diff] DIFF L2D_CACHE_REFILL: 2
[max diff] DIFF L2D_CACHE_INVAL: 0

===========================================================
taskpendcnt:600000
t0:1250 ns
t1:2708 ns
t2:98375 ns
benchmark: Franka-derived Cartesian-impedance kernel, input trace:8, timer period:1.000 ms
controller source: franka_ros2 jazzy@73a1501d, updates:600010, SVD sweeps:5
pose error:[0.010000 0.015000 0.010000 -0.000000 0.049979 -0.000000]
tau[0:6]:[-2.781770 -1.613002 -1.930139 -1.581803 -1.382951 -0.390599 -0.663394]
kernel exec min/avg/max: 94.21 / 95.61 / 100.92 us, samples:600000
pressure status:0, copy rounds total/window:0/0, 0.00 rounds/s
pressure logical copy:0.00 MiB total, approx 0.00 MiB/s, checksum:0
pressure report window:2.136492 s
t0_region>
[0]:11
[1]:599371
[2]:575
[3]:42
[4]:1

t1_region>
[2]:566030
[3]:33061
[4]:786
[5]:108
[6]:14
[7]:1

t2_region>
[97]:7683
[98]:571344
[99]:19965
[100]:771
[101]:179
[102]:44
[103]:12
[104]:2

t0_min: 0.96 us, round:80922
t0_max: 4.13 us, round:180954
t0_jitter: 3.17 us

t1_min: 2.58 us, round:463
t1_max: 7.50 us, round:356828
t1_jitter: 4.92 us

t2_min: 97.08 us, round:7442
t2_max: 104.88 us, round:26
t2_jitter: 7.79 us

PMU diff samples: 600000
AVG DIFF LL_CACHE_RD: 0.47
AVG DIFF LL_CACHE_MISS_RD: 0.03
AVG DIFF L2D_CACHE_REFILL: 0.03
AVG DIFF L2D_CACHE_INVAL: 0.00
[cur diff] DIFF LL_CACHE_RD: 0, DIFF LL_CACHE_MISS_RD: 0, MISS_RATE: 0.00%
[cur diff] DIFF L2D_CACHE_REFILL: 0
[cur diff] DIFF L2D_CACHE_INVAL: 0
[max diff] DIFF LL_CACHE_RD: 2, DIFF LL_CACHE_MISS_RD: 2, MISS_RATE: 100.00%
[max diff] DIFF L2D_CACHE_REFILL: 2
[max diff] DIFF L2D_CACHE_INVAL: 0
