Hello, QSemOS-RT 24.03-LTS @ v1.3.4-unknown git time-unknown git ID
OK3568-C @ Jul 18 2026 08:28:27
timer_rt_test_demo running ...
Starting timer_rt_test_demo...sleep 25s
open interrupt and realtime performance control
HRTIMER NOSTRESS TEST Demo
OsSysGetClock():24000000
task_cycles:1000 
=======begin========

cache_partitioning_task_stack done

===========================================================
taskpendcnt:1990
t0:1500 ns
t1:3083 ns
t2:97708 ns
benchmark: Franka-derived Cartesian-impedance kernel, input trace:8, timer period:1.000 ms
controller source: franka_ros2 jazzy@73a1501d, updates:2013, SVD sweeps:5
pose error:[0.010000 0.015000 0.010000 -0.000000 0.049979 -0.000000]
tau[0:6]:[-0.567483 -0.552304 -0.482512 -0.231067 -0.297494 -0.656094 -0.085004]
kernel exec min/avg/max: 94.50 / 94.93 / 102.08 us, samples:2022
pressure status:0, copy rounds total/window:0/0, 0.00 rounds/s
pressure logical copy:0.00 MiB total, approx 0.00 MiB/s, checksum:0
pressure report window:2.000000 s
t0_region>
[1]:2043
[2]:1

t1_region>
[2]:1943
[3]:70
[4]:34

t2_region>
[97]:1582
[98]:392
[99]:37
[100]:9
[101]:28
[102]:1
[105]:1
[106]:1

t0_min: 1.04 us, round:124
t0_max: 2.00 us, round:386
t0_jitter: 0.96 us

t1_min: 2.63 us, round:13
t1_max: 4.67 us, round:440
t1_jitter: 2.04 us

t2_min: 97.17 us, round:1824
t2_max: 106.25 us, round:429
t2_jitter: 9.08 us

PMU diff samples: 2077
AVG DIFF LL_CACHE_RD: 10.82
AVG DIFF LL_CACHE_MISS_RD: 0.02
AVG DIFF L2D_CACHE_REFILL: 0.02
AVG DIFF L2D_CACHE_INVAL: 0.00
[cur diff] DIFF LL_CACHE_RD: 15, DIFF LL_CACHE_MISS_RD: 0, MISS_RATE: 0.00%
[cur diff] DIFF L2D_CACHE_REFILL: 0
[cur diff] DIFF L2D_CACHE_INVAL: 0
[max diff] DIFF LL_CACHE_RD: 625, DIFF LL_CACHE_MISS_RD: 0, MISS_RATE: 0.00%
[max diff] DIFF L2D_CACHE_REFILL: 0
[max diff] DIFF L2D_CACHE_INVAL: 0

===========================================================
taskpendcnt:4116
t0:1416 ns
t1:3291 ns
t2:98333 ns
benchmark: Franka-derived Cartesian-impedance kernel, input trace:8, timer period:1.000 ms
controller source: franka_ros2 jazzy@73a1501d, updates:4139, SVD sweeps:5
pose error:[0.010000 0.015000 0.010000 -0.000000 0.049979 -0.000000]
tau[0:6]:[1.228026 0.081850 0.819520 0.875435 0.745706 -0.833381 0.398995]
kernel exec min/avg/max: 94.21 / 94.84 / 102.08 us, samples:4148
pressure status:0, copy rounds total/window:0/0, 0.00 rounds/s
pressure logical copy:0.00 MiB total, approx 0.00 MiB/s, checksum:0
pressure report window:2.125481 s
t0_region>
[1]:4166
[2]:3

t1_region>
[2]:3952
[3]:174
[4]:47

t2_region>
[97]:3407
[98]:669
[99]:47
[100]:21
[101]:29
[102]:1
[105]:1
[106]:1

t0_min: 1.04 us, round:124
t0_max: 2.17 us, round:3899
t0_jitter: 1.13 us

t1_min: 2.63 us, round:13
t1_max: 4.67 us, round:440
t1_jitter: 2.04 us

t2_min: 97.13 us, round:2155
t2_max: 106.25 us, round:429
t2_jitter: 9.13 us

PMU diff samples: 4203
AVG DIFF LL_CACHE_RD: 8.44
AVG DIFF LL_CACHE_MISS_RD: 0.02
AVG DIFF L2D_CACHE_REFILL: 0.02
AVG DIFF L2D_CACHE_INVAL: 0.00
[cur diff] DIFF LL_CACHE_RD: 8, DIFF LL_CACHE_MISS_RD: 0, MISS_RATE: 0.00%
[cur diff] DIFF L2D_CACHE_REFILL: 0
[cur diff] DIFF L2D_CACHE_INVAL: 0
[max diff] DIFF LL_CACHE_RD: 625, DIFF LL_CACHE_MISS_RD: 0, MISS_RATE: 0.00%
[max diff] DIFF L2D_CACHE_REFILL: 0
[max diff] DIFF L2D_CACHE_INVAL: 0

===========================================================
taskpendcnt:6242
t0:1750 ns
t1:3333 ns
t2:97958 ns
benchmark: Franka-derived Cartesian-impedance kernel, input trace:8, timer period:1.000 ms
controller source: franka_ros2 jazzy@73a1501d, updates:6265, SVD sweeps:5
pose error:[0.010000 0.015000 0.010000 -0.000000 0.049979 -0.000000]
tau[0:6]:[-0.274004 -0.324180 0.001577 -0.231466 0.050986 -0.328952 0.010844]
kernel exec min/avg/max: 94.21 / 94.90 / 102.08 us, samples:6274
pressure status:0, copy rounds total/window:0/0, 0.00 rounds/s
pressure logical copy:0.00 MiB total, approx 0.00 MiB/s, checksum:0
pressure report window:2.126068 s
t0_region>
[1]:6290
[2]:5

t1_region>
[2]:5952
[3]:273
[4]:72
[5]:1

t2_region>
[97]:4785
[98]:1377
[99]:61
[100]:31
[101]:45
[102]:1
[105]:1
[106]:1

t0_min: 1.04 us, round:124
t0_max: 2.17 us, round:3899
t0_jitter: 1.13 us

t1_min: 2.63 us, round:13
t1_max: 5.00 us, round:4953
t1_jitter: 2.38 us

t2_min: 97.13 us, round:2155
t2_max: 106.25 us, round:429
t2_jitter: 9.13 us

PMU diff samples: 6330
AVG DIFF LL_CACHE_RD: 8.14
AVG DIFF LL_CACHE_MISS_RD: 0.02
AVG DIFF L2D_CACHE_REFILL: 0.02
AVG DIFF L2D_CACHE_INVAL: 0.00
[cur diff] DIFF LL_CACHE_RD: 11, DIFF LL_CACHE_MISS_RD: 0, MISS_RATE: 0.00%
[cur diff] DIFF L2D_CACHE_REFILL: 0
[cur diff] DIFF L2D_CACHE_INVAL: 0
[max diff] DIFF LL_CACHE_RD: 217, DIFF LL_CACHE_MISS_RD: 0, MISS_RATE: 0.00%
[max diff] DIFF L2D_CACHE_REFILL: 0
[max diff] DIFF L2D_CACHE_INVAL: 0

===========================================================
taskpendcnt:8369
t0:1333 ns
t1:3500 ns
t2:99291 ns
benchmark: Franka-derived Cartesian-impedance kernel, input trace:8, timer period:1.000 ms
controller source: franka_ros2 jazzy@73a1501d, updates:8391, SVD sweeps:5
pose error:[0.010000 0.015000 0.010000 -0.000000 0.049979 -0.000000]
tau[0:6]:[-1.839419 -0.921560 -1.193198 -1.195971 -0.861243 0.113634 -0.461388]
kernel exec min/avg/max: 94.21 / 94.89 / 102.08 us, samples:8401
pressure status:0, copy rounds total/window:0/0, 0.00 rounds/s
pressure logical copy:0.00 MiB total, approx 0.00 MiB/s, checksum:0
pressure report window:2.127082 s
t0_region>
[1]:8386
[2]:32
[3]:4
[6]:1

t1_region>
[2]:7889
[3]:411
[4]:105
[5]:12
[6]:6
[7]:4
[8]:1
[10]:1

t2_region>
[97]:6374
[98]:1810
[99]:110
[100]:59
[101]:58
[102]:12
[103]:7
[104]:5
[105]:1
[106]:2

t0_min: 1.04 us, round:124
t0_max: 6.88 us, round:8153
t0_jitter: 5.83 us

t1_min: 2.63 us, round:13
t1_max: 10.96 us, round:8153
t1_jitter: 8.33 us

t2_min: 97.13 us, round:2155
t2_max: 106.92 us, round:8153
t2_jitter: 9.79 us

PMU diff samples: 8462
AVG DIFF LL_CACHE_RD: 7.67
AVG DIFF LL_CACHE_MISS_RD: 0.09
AVG DIFF L2D_CACHE_REFILL: 0.09
AVG DIFF L2D_CACHE_INVAL: 0.00
[cur diff] DIFF LL_CACHE_RD: 22, DIFF LL_CACHE_MISS_RD: 5, MISS_RATE: 22.73%
[cur diff] DIFF L2D_CACHE_REFILL: 8
[cur diff] DIFF L2D_CACHE_INVAL: 0
[max diff] DIFF LL_CACHE_RD: 8, DIFF LL_CACHE_MISS_RD: 7, MISS_RATE: 87.50%
[max diff] DIFF L2D_CACHE_REFILL: 6
[max diff] DIFF L2D_CACHE_INVAL: 0

===========================================================
taskpendcnt:10502
t0:1375 ns
t1:2958 ns
t2:98750 ns
benchmark: Franka-derived Cartesian-impedance kernel, input trace:8, timer period:1.000 ms
controller source: franka_ros2 jazzy@73a1501d, updates:10524, SVD sweeps:5
pose error:[0.010000 0.015000 0.010000 -0.000000 0.049979 -0.000000]
tau[0:6]:[-0.567483 -0.552304 -0.482512 -0.231067 -0.297494 -0.656094 -0.085004]
kernel exec min/avg/max: 94.21 / 95.03 / 102.08 us, samples:10534
pressure status:0, copy rounds total/window:0/0, 0.00 rounds/s
pressure logical copy:0.00 MiB total, approx 0.00 MiB/s, checksum:0
pressure report window:2.133293 s
t0_region>
[1]:10445
[2]:98
[3]:11
[4]:1
[6]:1

t1_region>
[2]:9717
[3]:587
[4]:173
[5]:48
[6]:24
[7]:8
[8]:3
[10]:1

t2_region>
[97]:6375
[98]:3730
[99]:193
[100]:119
[101]:94
[102]:30
[103]:16
[104]:8
[105]:1
[106]:2

t0_min: 1.04 us, round:124
t0_max: 6.88 us, round:8153
t0_jitter: 5.83 us

t1_min: 2.63 us, round:13
t1_max: 10.96 us, round:8153
t1_jitter: 8.33 us

t2_min: 97.13 us, round:2155
t2_max: 106.92 us, round:8153
t2_jitter: 9.79 us

PMU diff samples: 10597
AVG DIFF LL_CACHE_RD: 7.01
AVG DIFF LL_CACHE_MISS_RD: 0.14
AVG DIFF L2D_CACHE_REFILL: 0.14
AVG DIFF L2D_CACHE_INVAL: 0.00
[cur diff] DIFF LL_CACHE_RD: 18, DIFF LL_CACHE_MISS_RD: 0, MISS_RATE: 0.00%
[cur diff] DIFF L2D_CACHE_REFILL: 0
[cur diff] DIFF L2D_CACHE_INVAL: 0
[max diff] DIFF LL_CACHE_RD: 8, DIFF LL_CACHE_MISS_RD: 7, MISS_RATE: 87.50%
[max diff] DIFF L2D_CACHE_REFILL: 6
[max diff] DIFF L2D_CACHE_INVAL: 0

===========================================================
taskpendcnt:12636
t0:1541 ns
t1:3125 ns
t2:98625 ns
benchmark: Franka-derived Cartesian-impedance kernel, input trace:8, timer period:1.000 ms
controller source: franka_ros2 jazzy@73a1501d, updates:12658, SVD sweeps:5
pose error:[0.010000 0.015000 0.010000 -0.000000 0.049979 -0.000000]
tau[0:6]:[1.228026 0.081850 0.819520 0.875435 0.745706 -0.833381 0.398995]
kernel exec min/avg/max: 94.21 / 95.10 / 102.08 us, samples:12668
pressure status:0, copy rounds total/window:0/0, 0.00 rounds/s
pressure logical copy:0.00 MiB total, approx 0.00 MiB/s, checksum:0
pressure report window:2.133378 s
t0_region>
[1]:12578
[2]:98
[3]:11
[4]:1
[6]:1

t1_region>
[2]:11701
[3]:736
[4]:173
[5]:48
[6]:24
[7]:8
[8]:3
[10]:1

t2_region>
[97]:6379
[98]:5840
[99]:213
[100]:119
[101]:94
[102]:30
[103]:16
[104]:8
[105]:1
[106]:2

t0_min: 1.04 us, round:124
t0_max: 6.88 us, round:8153
t0_jitter: 5.83 us

t1_min: 2.63 us, round:13
t1_max: 10.96 us, round:8153
t1_jitter: 8.33 us

t2_min: 97.13 us, round:2155
t2_max: 106.92 us, round:8153
t2_jitter: 9.79 us

PMU diff samples: 12730
AVG DIFF LL_CACHE_RD: 6.53
AVG DIFF LL_CACHE_MISS_RD: 0.12
AVG DIFF L2D_CACHE_REFILL: 0.12
AVG DIFF L2D_CACHE_INVAL: 0.00
[cur diff] DIFF LL_CACHE_RD: 20, DIFF LL_CACHE_MISS_RD: 0, MISS_RATE: 0.00%
[cur diff] DIFF L2D_CACHE_REFILL: 0
[cur diff] DIFF L2D_CACHE_INVAL: 0
[max diff] DIFF LL_CACHE_RD: 8, DIFF LL_CACHE_MISS_RD: 7, MISS_RATE: 87.50%
[max diff] DIFF L2D_CACHE_REFILL: 6
[max diff] DIFF L2D_CACHE_INVAL: 0

===========================================================
taskpendcnt:14770
t0:1416 ns
t1:3000 ns
t2:98500 ns
benchmark: Franka-derived Cartesian-impedance kernel, input trace:8, timer period:1.000 ms
controller source: franka_ros2 jazzy@73a1501d, updates:14792, SVD sweeps:5
pose error:[0.010000 0.015000 0.010000 -0.000000 0.049979 -0.000000]
tau[0:6]:[-0.274004 -0.324180 0.001577 -0.231466 0.050986 -0.328952 0.010844]
kernel exec min/avg/max: 94.21 / 95.16 / 102.08 us, samples:14802
pressure status:0, copy rounds total/window:0/0, 0.00 rounds/s
pressure logical copy:0.00 MiB total, approx 0.00 MiB/s, checksum:0
pressure report window:2.134180 s
t0_region>
[1]:14711
[2]:98
[3]:12
[4]:1
[6]:1

t1_region>
[2]:13677
[3]:894
[4]:173
[5]:49
[6]:24
[7]:8
[8]:3
[10]:1

t2_region>
[97]:6380
[98]:7949
[99]:236
[100]:119
[101]:95
[102]:30
[103]:16
[104]:8
[105]:1
[106]:2

t0_min: 1.04 us, round:124
t0_max: 6.88 us, round:8153
t0_jitter: 5.83 us

t1_min: 2.63 us, round:13
t1_max: 10.96 us, round:8153
t1_jitter: 8.33 us

t2_min: 97.13 us, round:2155
t2_max: 106.92 us, round:8153
t2_jitter: 9.79 us

PMU diff samples: 14864
AVG DIFF LL_CACHE_RD: 6.19
AVG DIFF LL_CACHE_MISS_RD: 0.11
AVG DIFF L2D_CACHE_REFILL: 0.11
AVG DIFF L2D_CACHE_INVAL: 0.00
[cur diff] DIFF LL_CACHE_RD: 15, DIFF LL_CACHE_MISS_RD: 0, MISS_RATE: 0.00%
[cur diff] DIFF L2D_CACHE_REFILL: 0
[cur diff] DIFF L2D_CACHE_INVAL: 0
[max diff] DIFF LL_CACHE_RD: 8, DIFF LL_CACHE_MISS_RD: 7, MISS_RATE: 87.50%
[max diff] DIFF L2D_CACHE_REFILL: 6
[max diff] DIFF L2D_CACHE_INVAL: 0

===========================================================
taskpendcnt:16904
t0:1291 ns
t1:3166 ns
t2:98666 ns
benchmark: Franka-derived Cartesian-impedance kernel, input trace:8, timer period:1.000 ms
controller source: franka_ros2 jazzy@73a1501d, updates:16926, SVD sweeps:5
pose error:[0.010000 0.015000 0.010000 -0.000000 0.049979 -0.000000]
tau[0:6]:[-2.379368 -1.292411 -1.655224 -1.570015 -1.185234 -0.066588 -0.610247]
kernel exec min/avg/max: 94.21 / 95.20 / 102.08 us, samples:16936
pressure status:0, copy rounds total/window:0/0, 0.00 rounds/s
pressure logical copy:0.00 MiB total, approx 0.00 MiB/s, checksum:0
pressure report window:2.134145 s
t0_region>
[1]:16845
[2]:98
[3]:12
[4]:1
[6]:1

t1_region>
[2]:15637
[3]:1068
[4]:173
[5]:49
[6]:24
[7]:8
[8]:3
[10]:1

t2_region>
[97]:6380
[98]:10052
[99]:267
[100]:119
[101]:95
[102]:30
[103]:16
[104]:8
[105]:1
[106]:2

t0_min: 1.04 us, round:124
t0_max: 6.88 us, round:8153
t0_jitter: 5.83 us

t1_min: 2.63 us, round:13
t1_max: 10.96 us, round:8153
t1_jitter: 8.33 us

t2_min: 97.13 us, round:2155
t2_max: 106.92 us, round:8153
t2_jitter: 9.79 us

PMU diff samples: 16999
AVG DIFF LL_CACHE_RD: 5.93
AVG DIFF LL_CACHE_MISS_RD: 0.10
AVG DIFF L2D_CACHE_REFILL: 0.10
AVG DIFF L2D_CACHE_INVAL: 0.00
[cur diff] DIFF LL_CACHE_RD: 8, DIFF LL_CACHE_MISS_RD: 0, MISS_RATE: 0.00%
[cur diff] DIFF L2D_CACHE_REFILL: 0
[cur diff] DIFF L2D_CACHE_INVAL: 0
[max diff] DIFF LL_CACHE_RD: 8, DIFF LL_CACHE_MISS_RD: 7, MISS_RATE: 87.50%
[max diff] DIFF L2D_CACHE_REFILL: 6
[max diff] DIFF L2D_CACHE_INVAL: 0

===========================================================
taskpendcnt:19039
t0:1583 ns
t1:3166 ns
t2:98666 ns
benchmark: Franka-derived Cartesian-impedance kernel, input trace:8, timer period:1.000 ms
controller source: franka_ros2 jazzy@73a1501d, updates:19061, SVD sweeps:5
pose error:[0.010000 0.015000 0.010000 -0.000000 0.049979 -0.000000]
tau[0:6]:[-2.781770 -1.613002 -1.930139 -1.581803 -1.382951 -0.390599 -0.663394]
kernel exec min/avg/max: 94.21 / 95.22 / 102.08 us, samples:19071
pressure status:0, copy rounds total/window:0/0, 0.00 rounds/s
pressure logical copy:0.00 MiB total, approx 0.00 MiB/s, checksum:0
pressure report window:2.134997 s
t0_region>
[1]:18980
[2]:98
[3]:12
[4]:1
[6]:1

t1_region>
[2]:17605
[3]:1235
[4]:173
[5]:49
[6]:24
[7]:8
[8]:3
[10]:1

t2_region>
[97]:6380
[98]:12136
[99]:319
[100]:119
[101]:95
[102]:30
[103]:16
[104]:8
[105]:1
[106]:2

t0_min: 1.04 us, round:124
t0_max: 6.88 us, round:8153
t0_jitter: 5.83 us

t1_min: 2.63 us, round:13
t1_max: 10.96 us, round:8153
t1_jitter: 8.33 us

t2_min: 97.13 us, round:2155
t2_max: 106.92 us, round:8153
t2_jitter: 9.79 us

PMU diff samples: 19134
AVG DIFF LL_CACHE_RD: 5.75
AVG DIFF LL_CACHE_MISS_RD: 0.09
AVG DIFF L2D_CACHE_REFILL: 0.09
AVG DIFF L2D_CACHE_INVAL: 0.00
[cur diff] DIFF LL_CACHE_RD: 21, DIFF LL_CACHE_MISS_RD: 0, MISS_RATE: 0.00%
[cur diff] DIFF L2D_CACHE_REFILL: 0
[cur diff] DIFF L2D_CACHE_INVAL: 0
[max diff] DIFF LL_CACHE_RD: 8, DIFF LL_CACHE_MISS_RD: 7, MISS_RATE: 87.50%
[max diff] DIFF L2D_CACHE_REFILL: 6
[max diff] DIFF L2D_CACHE_INVAL: 0

===========================================================
taskpendcnt:21173
t0:1583 ns
t1:3166 ns
t2:98666 ns
benchmark: Franka-derived Cartesian-impedance kernel, input trace:8, timer period:1.000 ms
controller source: franka_ros2 jazzy@73a1501d, updates:21196, SVD sweeps:5
pose error:[0.010000 0.015000 0.010000 -0.000000 0.049979 -0.000000]
tau[0:6]:[-0.567483 -0.552304 -0.482512 -0.231067 -0.297494 -0.656094 -0.085004]
kernel exec min/avg/max: 94.21 / 95.25 / 102.08 us, samples:21206
pressure status:0, copy rounds total/window:0/0, 0.00 rounds/s
pressure logical copy:0.00 MiB total, approx 0.00 MiB/s, checksum:0
pressure report window:2.134858 s
t0_region>
[1]:21115
[2]:98
[3]:12
[4]:1
[6]:1

t1_region>
[2]:19570
[3]:1403
[4]:173
[5]:50
[6]:24
[7]:9
[8]:3
[10]:1

t2_region>
[97]:6380
[98]:14199
[99]:387
[100]:120
[101]:96
[102]:30
[103]:17
[104]:8
[105]:1
[106]:2

t0_min: 1.04 us, round:124
t0_max: 6.88 us, round:8153
t0_jitter: 5.83 us

t1_min: 2.63 us, round:13
t1_max: 10.96 us, round:8153
t1_jitter: 8.33 us

t2_min: 97.13 us, round:2155
t2_max: 106.92 us, round:8153
t2_jitter: 9.79 us

PMU diff samples: 21269
AVG DIFF LL_CACHE_RD: 5.58
AVG DIFF LL_CACHE_MISS_RD: 0.08
AVG DIFF L2D_CACHE_REFILL: 0.08
AVG DIFF L2D_CACHE_INVAL: 0.00
[cur diff] DIFF LL_CACHE_RD: 13, DIFF LL_CACHE_MISS_RD: 0, MISS_RATE: 0.00%
[cur diff] DIFF L2D_CACHE_REFILL: 0
[cur diff] DIFF L2D_CACHE_INVAL: 0
[max diff] DIFF LL_CACHE_RD: 8, DIFF LL_CACHE_MISS_RD: 7, MISS_RATE: 87.50%
[max diff] DIFF L2D_CACHE_REFILL: 6
[max diff] DIFF L2D_CACHE_INVAL: 0

===========================================================
taskpendcnt:23308
t0:1291 ns
t1:2875 ns
t2:99250 ns
benchmark: Franka-derived Cartesian-impedance kernel, input trace:8, timer period:1.000 ms
controller source: franka_ros2 jazzy@73a1501d, updates:23331, SVD sweeps:5
pose error:[0.010000 0.015000 0.010000 -0.000000 0.049979 -0.000000]
tau[0:6]:[1.376914 -0.104433 0.790225 0.843903 0.642107 -0.956178 0.423547]
kernel exec min/avg/max: 94.21 / 95.29 / 102.08 us, samples:23340
pressure status:0, copy rounds total/window:0/0, 0.00 rounds/s
pressure logical copy:0.00 MiB total, approx 0.00 MiB/s, checksum:0
pressure report window:2.134427 s
t0_region>
[1]:23208
[2]:136
[3]:15
[4]:2
[6]:1

t1_region>
[2]:21341
[3]:1699
[4]:223
[5]:62
[6]:27
[7]:9
[8]:4
[9]:1
[10]:1

t2_region>
[97]:6380
[98]:16066
[99]:571
[100]:177
[101]:114
[102]:37
[103]:19
[104]:8
[105]:1
[106]:3

t0_min: 1.04 us, round:124
t0_max: 6.88 us, round:8153
t0_jitter: 5.83 us

t1_min: 2.63 us, round:13
t1_max: 10.96 us, round:8153
t1_jitter: 8.33 us

t2_min: 97.13 us, round:2155
t2_max: 106.92 us, round:8153
t2_jitter: 9.79 us

PMU diff samples: 23404
AVG DIFF LL_CACHE_RD: 5.46
AVG DIFF LL_CACHE_MISS_RD: 0.10
AVG DIFF L2D_CACHE_REFILL: 0.10
AVG DIFF L2D_CACHE_INVAL: 0.00
[cur diff] DIFF LL_CACHE_RD: 6, DIFF LL_CACHE_MISS_RD: 0, MISS_RATE: 0.00%
[cur diff] DIFF L2D_CACHE_REFILL: 0
[cur diff] DIFF L2D_CACHE_INVAL: 0
[max diff] DIFF LL_CACHE_RD: 8, DIFF LL_CACHE_MISS_RD: 7, MISS_RATE: 87.50%
[max diff] DIFF L2D_CACHE_REFILL: 6
[max diff] DIFF L2D_CACHE_INVAL: 0

===========================================================
taskpendcnt:25443
t0:1583 ns
t1:2875 ns
t2:98375 ns
benchmark: Franka-derived Cartesian-impedance kernel, input trace:8, timer period:1.000 ms
controller source: franka_ros2 jazzy@73a1501d, updates:25466, SVD sweeps:5
pose error:[0.010000 0.015000 0.010000 -0.000000 0.049979 -0.000000]
tau[0:6]:[0.839771 0.130674 0.617691 0.624912 0.653099 -0.592692 0.265887]
kernel exec min/avg/max: 94.21 / 95.32 / 102.08 us, samples:25475
pressure status:0, copy rounds total/window:0/0, 0.00 rounds/s
pressure logical copy:0.00 MiB total, approx 0.00 MiB/s, checksum:0
pressure report window:2.134814 s
t0_region>
[1]:25341
[2]:136
[3]:15
[4]:2
[5]:1
[6]:1

t1_region>
[2]:23323
[3]:1852
[4]:223
[5]:62
[6]:27
[7]:10
[8]:4
[9]:1
[10]:1

t2_region>
[97]:6380
[98]:18100
[99]:670
[100]:178
[101]:114
[102]:37
[103]:20
[104]:8
[105]:1
[106]:3

t0_min: 1.04 us, round:124
t0_max: 6.88 us, round:8153
t0_jitter: 5.83 us

t1_min: 2.63 us, round:13
t1_max: 10.96 us, round:8153
t1_jitter: 8.33 us

t2_min: 97.13 us, round:2155
t2_max: 106.92 us, round:8153
t2_jitter: 9.79 us

PMU diff samples: 25539
AVG DIFF LL_CACHE_RD: 5.35
AVG DIFF LL_CACHE_MISS_RD: 0.09
AVG DIFF L2D_CACHE_REFILL: 0.09
AVG DIFF L2D_CACHE_INVAL: 0.00
[cur diff] DIFF LL_CACHE_RD: 19, DIFF LL_CACHE_MISS_RD: 0, MISS_RATE: 0.00%
[cur diff] DIFF L2D_CACHE_REFILL: 0
[cur diff] DIFF L2D_CACHE_INVAL: 0
[max diff] DIFF LL_CACHE_RD: 8, DIFF LL_CACHE_MISS_RD: 7, MISS_RATE: 87.50%
[max diff] DIFF L2D_CACHE_REFILL: 6
[max diff] DIFF L2D_CACHE_INVAL: 0

===========================================================
taskpendcnt:27579
t0:1416 ns
t1:3291 ns
t2:98500 ns
benchmark: Franka-derived Cartesian-impedance kernel, input trace:8, timer period:1.000 ms
controller source: franka_ros2 jazzy@73a1501d, updates:27602, SVD sweeps:5
pose error:[0.010000 0.015000 0.010000 -0.000000 0.049979 -0.000000]
tau[0:6]:[0.839771 0.130674 0.617691 0.624912 0.653099 -0.592692 0.265887]
kernel exec min/avg/max: 94.21 / 95.33 / 102.08 us, samples:27611
pressure status:0, copy rounds total/window:0/0, 0.00 rounds/s
pressure logical copy:0.00 MiB total, approx 0.00 MiB/s, checksum:0
pressure report window:2.135904 s
t0_region>
[1]:27477
[2]:136
[3]:15
[4]:2
[5]:1
[6]:1

t1_region>
[2]:25295
[3]:2016
[4]:223
[5]:62
[6]:27
[7]:10
[8]:4
[9]:1
[10]:1

t2_region>
[97]:6380
[98]:20209
[99]:697
[100]:178
[101]:114
[102]:37
[103]:20
[104]:8
[105]:1
[106]:3

t0_min: 1.04 us, round:124
t0_max: 6.88 us, round:8153
t0_jitter: 5.83 us

t1_min: 2.63 us, round:13
t1_max: 10.96 us, round:8153
t1_jitter: 8.33 us

t2_min: 97.13 us, round:2155
t2_max: 106.92 us, round:8153
t2_jitter: 9.79 us

PMU diff samples: 27675
AVG DIFF LL_CACHE_RD: 5.25
AVG DIFF LL_CACHE_MISS_RD: 0.09
AVG DIFF L2D_CACHE_REFILL: 0.09
AVG DIFF L2D_CACHE_INVAL: 0.00
[cur diff] DIFF LL_CACHE_RD: 26, DIFF LL_CACHE_MISS_RD: 0, MISS_RATE: 0.00%
[cur diff] DIFF L2D_CACHE_REFILL: 0
[cur diff] DIFF L2D_CACHE_INVAL: 0
[max diff] DIFF LL_CACHE_RD: 8, DIFF LL_CACHE_MISS_RD: 7, MISS_RATE: 87.50%
[max diff] DIFF L2D_CACHE_REFILL: 6
[max diff] DIFF L2D_CACHE_INVAL: 0

===========================================================
taskpendcnt:29715
t0:1416 ns
t1:3291 ns
t2:98625 ns
benchmark: Franka-derived Cartesian-impedance kernel, input trace:8, timer period:1.000 ms
controller source: franka_ros2 jazzy@73a1501d, updates:29738, SVD sweeps:5
pose error:[0.010000 0.015000 0.010000 -0.000000 0.049979 -0.000000]
tau[0:6]:[0.839771 0.130674 0.617691 0.624912 0.653099 -0.592692 0.265887]
kernel exec min/avg/max: 94.21 / 95.34 / 102.08 us, samples:29747
pressure status:0, copy rounds total/window:0/0, 0.00 rounds/s
pressure logical copy:0.00 MiB total, approx 0.00 MiB/s, checksum:0
pressure report window:2.135906 s
t0_region>
[1]:29613
[2]:136
[3]:15
[4]:2
[5]:1
[6]:1

t1_region>
[2]:27272
[3]:2175
[4]:223
[5]:62
[6]:27
[7]:10
[8]:4
[9]:1
[10]:1

t2_region>
[97]:6380
[98]:22318
[99]:723
[100]:178
[101]:114
[102]:37
[103]:20
[104]:8
[105]:1
[106]:3

t0_min: 1.04 us, round:124
t0_max: 6.88 us, round:8153
t0_jitter: 5.83 us

t1_min: 2.63 us, round:13
t1_max: 10.96 us, round:8153
t1_jitter: 8.33 us

t2_min: 97.13 us, round:2155
t2_max: 106.92 us, round:8153
t2_jitter: 9.79 us

PMU diff samples: 29811
AVG DIFF LL_CACHE_RD: 5.17
AVG DIFF LL_CACHE_MISS_RD: 0.08
AVG DIFF L2D_CACHE_REFILL: 0.08
AVG DIFF L2D_CACHE_INVAL: 0.00
[cur diff] DIFF LL_CACHE_RD: 11, DIFF LL_CACHE_MISS_RD: 0, MISS_RATE: 0.00%
[cur diff] DIFF L2D_CACHE_REFILL: 0
[cur diff] DIFF L2D_CACHE_INVAL: 0
[max diff] DIFF LL_CACHE_RD: 8, DIFF LL_CACHE_MISS_RD: 7, MISS_RATE: 87.50%
[max diff] DIFF L2D_CACHE_REFILL: 6
[max diff] DIFF L2D_CACHE_INVAL: 0

===========================================================
taskpendcnt:31851
t0:1250 ns
t1:3125 ns
t2:98625 ns
benchmark: Franka-derived Cartesian-impedance kernel, input trace:8, timer period:1.000 ms
controller source: franka_ros2 jazzy@73a1501d, updates:31874, SVD sweeps:5
pose error:[0.010000 0.015000 0.010000 -0.000000 0.049979 -0.000000]
tau[0:6]:[0.839771 0.130674 0.617691 0.624912 0.653099 -0.592692 0.265887]
kernel exec min/avg/max: 94.21 / 95.35 / 102.08 us, samples:31883
pressure status:0, copy rounds total/window:0/0, 0.00 rounds/s
pressure logical copy:0.00 MiB total, approx 0.00 MiB/s, checksum:0
pressure report window:2.135949 s
t0_region>
[1]:31748
[2]:137
[3]:15
[4]:2
[5]:1
[6]:1

t1_region>
[2]:29243
[3]:2340
[4]:223
[5]:62
[6]:27
[7]:10
[8]:4
[9]:1
[10]:1

t2_region>
[97]:6380
[98]:24425
[99]:752
[100]:178
[101]:114
[102]:37
[103]:20
[104]:8
[105]:1
[106]:3

t0_min: 1.04 us, round:124
t0_max: 6.88 us, round:8153
t0_jitter: 5.83 us

t1_min: 2.63 us, round:13
t1_max: 10.96 us, round:8153
t1_jitter: 8.33 us

t2_min: 97.13 us, round:2155
t2_max: 106.92 us, round:8153
t2_jitter: 9.79 us

PMU diff samples: 31947
AVG DIFF LL_CACHE_RD: 5.09
AVG DIFF LL_CACHE_MISS_RD: 0.08
AVG DIFF L2D_CACHE_REFILL: 0.08
AVG DIFF L2D_CACHE_INVAL: 0.00
[cur diff] DIFF LL_CACHE_RD: 6, DIFF LL_CACHE_MISS_RD: 0, MISS_RATE: 0.00%
[cur diff] DIFF L2D_CACHE_REFILL: 0
[cur diff] DIFF L2D_CACHE_INVAL: 0
[max diff] DIFF LL_CACHE_RD: 8, DIFF LL_CACHE_MISS_RD: 7, MISS_RATE: 87.50%
[max diff] DIFF L2D_CACHE_REFILL: 6
[max diff] DIFF L2D_CACHE_INVAL: 0

===========================================================
taskpendcnt:33987
t0:1958 ns
t1:2958 ns
t2:98750 ns
benchmark: Franka-derived Cartesian-impedance kernel, input trace:8, timer period:1.000 ms
controller source: franka_ros2 jazzy@73a1501d, updates:34009, SVD sweeps:5
pose error:[0.010000 0.015000 0.010000 -0.000000 0.049979 -0.000000]
tau[0:6]:[0.839771 0.130674 0.617691 0.624912 0.653099 -0.592692 0.265887]
kernel exec min/avg/max: 94.21 / 95.36 / 102.08 us, samples:34019
pressure status:0, copy rounds total/window:0/0, 0.00 rounds/s
pressure logical copy:0.00 MiB total, approx 0.00 MiB/s, checksum:0
pressure report window:2.135853 s
t0_region>
[1]:33884
[2]:137
[3]:15
[4]:2
[5]:1
[6]:1

t1_region>
[2]:31216
[3]:2502
[4]:223
[5]:62
[6]:27
[7]:10
[8]:4
[9]:1
[10]:1

t2_region>
[97]:6380
[98]:26529
[99]:784
[100]:178
[101]:114
[102]:37
[103]:20
[104]:8
[105]:1
[106]:3

t0_min: 1.04 us, round:124
t0_max: 6.88 us, round:8153
t0_jitter: 5.83 us

t1_min: 2.63 us, round:13
t1_max: 10.96 us, round:8153
t1_jitter: 8.33 us

t2_min: 97.13 us, round:2155
t2_max: 106.92 us, round:8153
t2_jitter: 9.79 us

PMU diff samples: 34083
AVG DIFF LL_CACHE_RD: 5.03
AVG DIFF LL_CACHE_MISS_RD: 0.08
AVG DIFF L2D_CACHE_REFILL: 0.08
AVG DIFF L2D_CACHE_INVAL: 0.00
[cur diff] DIFF LL_CACHE_RD: 17, DIFF LL_CACHE_MISS_RD: 0, MISS_RATE: 0.00%
[cur diff] DIFF L2D_CACHE_REFILL: 0
[cur diff] DIFF L2D_CACHE_INVAL: 0
[max diff] DIFF LL_CACHE_RD: 8, DIFF LL_CACHE_MISS_RD: 7, MISS_RATE: 87.50%
[max diff] DIFF L2D_CACHE_REFILL: 6
[max diff] DIFF L2D_CACHE_INVAL: 0

===========================================================
taskpendcnt:36123
t0:1500 ns
t1:3375 ns
t2:98875 ns
benchmark: Franka-derived Cartesian-impedance kernel, input trace:8, timer period:1.000 ms
controller source: franka_ros2 jazzy@73a1501d, updates:36145, SVD sweeps:5
pose error:[0.010000 0.015000 0.010000 -0.000000 0.049979 -0.000000]
tau[0:6]:[0.839771 0.130674 0.617691 0.624912 0.653099 -0.592692 0.265887]
kernel exec min/avg/max: 94.21 / 95.37 / 102.08 us, samples:36155
pressure status:0, copy rounds total/window:0/0, 0.00 rounds/s
pressure logical copy:0.00 MiB total, approx 0.00 MiB/s, checksum:0
pressure report window:2.135904 s
t0_region>
[1]:36020
[2]:137
[3]:15
[4]:2
[5]:1
[6]:1

t1_region>
[2]:33204
[3]:2650
[4]:223
[5]:62
[6]:27
[7]:10
[8]:4
[9]:1
[10]:1

t2_region>
[97]:6380
[98]:28622
[99]:827
[100]:178
[101]:114
[102]:37
[103]:20
[104]:8
[105]:1
[106]:3

t0_min: 1.04 us, round:124
t0_max: 6.88 us, round:8153
t0_jitter: 5.83 us

t1_min: 2.63 us, round:13
t1_max: 10.96 us, round:8153
t1_jitter: 8.33 us

t2_min: 97.13 us, round:2155
t2_max: 106.92 us, round:8153
t2_jitter: 9.79 us

PMU diff samples: 36219
AVG DIFF LL_CACHE_RD: 4.98
AVG DIFF LL_CACHE_MISS_RD: 0.07
AVG DIFF L2D_CACHE_REFILL: 0.07
AVG DIFF L2D_CACHE_INVAL: 0.00
[cur diff] DIFF LL_CACHE_RD: 12, DIFF LL_CACHE_MISS_RD: 0, MISS_RATE: 0.00%
[cur diff] DIFF L2D_CACHE_REFILL: 0
[cur diff] DIFF L2D_CACHE_INVAL: 0
[max diff] DIFF LL_CACHE_RD: 8, DIFF LL_CACHE_MISS_RD: 7, MISS_RATE: 87.50%
[max diff] DIFF L2D_CACHE_REFILL: 6
[max diff] DIFF L2D_CACHE_INVAL: 0

===========================================================
taskpendcnt:38259
t0:1333 ns
t1:3208 ns
t2:98708 ns
benchmark: Franka-derived Cartesian-impedance kernel, input trace:8, timer period:1.000 ms
controller source: franka_ros2 jazzy@73a1501d, updates:38281, SVD sweeps:5
pose error:[0.010000 0.015000 0.010000 -0.000000 0.049979 -0.000000]
tau[0:6]:[0.839771 0.130674 0.617691 0.624912 0.653099 -0.592692 0.265887]
kernel exec min/avg/max: 94.21 / 95.39 / 102.08 us, samples:38290
pressure status:0, copy rounds total/window:0/0, 0.00 rounds/s
pressure logical copy:0.00 MiB total, approx 0.00 MiB/s, checksum:0
pressure report window:2.135929 s
t0_region>
[1]:38127
[2]:164
[3]:17
[4]:2
[5]:1
[6]:1

t1_region>
[2]:34976
[3]:2955
[4]:265
[5]:74
[6]:31
[7]:11
[8]:4
[9]:1
[10]:1

t2_region>
[97]:6380
[98]:30305
[99]:1202
[100]:231
[101]:131
[102]:43
[103]:22
[104]:8
[105]:1
[106]:3

t0_min: 1.04 us, round:124
t0_max: 6.88 us, round:8153
t0_jitter: 5.83 us

t1_min: 2.63 us, round:13
t1_max: 10.96 us, round:8153
t1_jitter: 8.33 us

t2_min: 97.13 us, round:2155
t2_max: 106.92 us, round:8153
t2_jitter: 9.79 us

PMU diff samples: 38355
AVG DIFF LL_CACHE_RD: 4.95
AVG DIFF LL_CACHE_MISS_RD: 0.08
AVG DIFF L2D_CACHE_REFILL: 0.08
AVG DIFF L2D_CACHE_INVAL: 0.00
[cur diff] DIFF LL_CACHE_RD: 8, DIFF LL_CACHE_MISS_RD: 0, MISS_RATE: 0.00%
[cur diff] DIFF L2D_CACHE_REFILL: 0
[cur diff] DIFF L2D_CACHE_INVAL: 0
[max diff] DIFF LL_CACHE_RD: 8, DIFF LL_CACHE_MISS_RD: 7, MISS_RATE: 87.50%
[max diff] DIFF L2D_CACHE_REFILL: 6
[max diff] DIFF L2D_CACHE_INVAL: 0

===========================================================
taskpendcnt:40395
t0:1458 ns
t1:3041 ns
t2:99416 ns
benchmark: Franka-derived Cartesian-impedance kernel, input trace:8, timer period:1.000 ms
controller source: franka_ros2 jazzy@73a1501d, updates:40417, SVD sweeps:5
pose error:[0.010000 0.015000 0.010000 -0.000000 0.049979 -0.000000]
tau[0:6]:[0.839771 0.130674 0.617691 0.624912 0.653099 -0.592692 0.265887]
kernel exec min/avg/max: 94.21 / 95.40 / 102.08 us, samples:40426
pressure status:0, copy rounds total/window:0/0, 0.00 rounds/s
pressure logical copy:0.00 MiB total, approx 0.00 MiB/s, checksum:0
pressure report window:2.135938 s
t0_region>
[1]:40263
[2]:164
[3]:17
[4]:2
[5]:1
[6]:1

t1_region>
[2]:36953
[3]:3114
[4]:265
[5]:74
[6]:31
[7]:11
[8]:4
[9]:1
[10]:1

t2_region>
[97]:6380
[98]:32345
[99]:1298
[100]:232
[101]:131
[102]:43
[103]:22
[104]:8
[105]:1
[106]:3

t0_min: 1.04 us, round:124
t0_max: 6.88 us, round:8153
t0_jitter: 5.83 us

t1_min: 2.63 us, round:13
t1_max: 10.96 us, round:8153
t1_jitter: 8.33 us

t2_min: 97.13 us, round:2155
t2_max: 106.92 us, round:8153
t2_jitter: 9.79 us

PMU diff samples: 40491
AVG DIFF LL_CACHE_RD: 4.92
AVG DIFF LL_CACHE_MISS_RD: 0.08
AVG DIFF L2D_CACHE_REFILL: 0.08
AVG DIFF L2D_CACHE_INVAL: 0.00
[cur diff] DIFF LL_CACHE_RD: 14, DIFF LL_CACHE_MISS_RD: 0, MISS_RATE: 0.00%
[cur diff] DIFF L2D_CACHE_REFILL: 0
[cur diff] DIFF L2D_CACHE_INVAL: 0
[max diff] DIFF LL_CACHE_RD: 8, DIFF LL_CACHE_MISS_RD: 7, MISS_RATE: 87.50%
[max diff] DIFF L2D_CACHE_REFILL: 6
[max diff] DIFF L2D_CACHE_INVAL: 0

===========================================================
taskpendcnt:42530
t0:1583 ns
t1:3166 ns
t2:98666 ns
benchmark: Franka-derived Cartesian-impedance kernel, input trace:8, timer period:1.000 ms
controller source: franka_ros2 jazzy@73a1501d, updates:42553, SVD sweeps:5
pose error:[0.010000 0.015000 0.010000 -0.000000 0.049979 -0.000000]
tau[0:6]:[0.839771 0.130674 0.617691 0.624912 0.653099 -0.592692 0.265887]
kernel exec min/avg/max: 94.21 / 95.40 / 102.08 us, samples:42562
pressure status:0, copy rounds total/window:0/0, 0.00 rounds/s
pressure logical copy:0.00 MiB total, approx 0.00 MiB/s, checksum:0
pressure report window:2.135852 s
t0_region>
[1]:42399
[2]:164
[3]:17
[4]:2
[5]:1
[6]:1

t1_region>
[2]:38920
[3]:3283
[4]:265
[5]:74
[6]:31
[7]:11
[8]:4
[9]:1
[10]:1

t2_region>
[97]:6380
[98]:34453
[99]:1324
[100]:233
[101]:131
[102]:43
[103]:22
[104]:8
[105]:1
[106]:3

t0_min: 1.04 us, round:124
t0_max: 6.88 us, round:8153
t0_jitter: 5.83 us

t1_min: 2.63 us, round:13
t1_max: 10.96 us, round:8153
t1_jitter: 8.33 us

t2_min: 97.13 us, round:2155
t2_max: 106.92 us, round:8153
t2_jitter: 9.79 us

PMU diff samples: 42627
AVG DIFF LL_CACHE_RD: 4.87
AVG DIFF LL_CACHE_MISS_RD: 0.08
AVG DIFF L2D_CACHE_REFILL: 0.08
AVG DIFF L2D_CACHE_INVAL: 0.00
[cur diff] DIFF LL_CACHE_RD: 16, DIFF LL_CACHE_MISS_RD: 0, MISS_RATE: 0.00%
[cur diff] DIFF L2D_CACHE_REFILL: 0
[cur diff] DIFF L2D_CACHE_INVAL: 0
[max diff] DIFF LL_CACHE_RD: 8, DIFF LL_CACHE_MISS_RD: 7, MISS_RATE: 87.50%
[max diff] DIFF L2D_CACHE_REFILL: 6
[max diff] DIFF L2D_CACHE_INVAL: 0

===========================================================
taskpendcnt:44666
t0:1416 ns
t1:3000 ns
t2:98791 ns
benchmark: Franka-derived Cartesian-impedance kernel, input trace:8, timer period:1.000 ms
controller source: franka_ros2 jazzy@73a1501d, updates:44689, SVD sweeps:5
pose error:[0.010000 0.015000 0.010000 -0.000000 0.049979 -0.000000]
tau[0:6]:[0.839771 0.130674 0.617691 0.624912 0.653099 -0.592692 0.265887]
kernel exec min/avg/max: 94.21 / 95.41 / 102.08 us, samples:44698
pressure status:0, copy rounds total/window:0/0, 0.00 rounds/s
pressure logical copy:0.00 MiB total, approx 0.00 MiB/s, checksum:0
pressure report window:2.135900 s
t0_region>
[1]:44534
[2]:165
[3]:17
[4]:2
[5]:1
[6]:1

t1_region>
[2]:40897
[3]:3441
[4]:266
[5]:74
[6]:31
[7]:11
[8]:4
[9]:1
[10]:1

t2_region>
[97]:6380
[98]:36531
[99]:1381
[100]:234
[101]:131
[102]:43
[103]:22
[104]:8
[105]:1
[106]:3

t0_min: 1.04 us, round:124
t0_max: 6.88 us, round:8153
t0_jitter: 5.83 us

t1_min: 2.63 us, round:13
t1_max: 10.96 us, round:8153
t1_jitter: 8.33 us

t2_min: 97.13 us, round:2155
t2_max: 106.92 us, round:8153
t2_jitter: 9.79 us

PMU diff samples: 44763
AVG DIFF LL_CACHE_RD: 4.84
AVG DIFF LL_CACHE_MISS_RD: 0.08
AVG DIFF L2D_CACHE_REFILL: 0.08
AVG DIFF L2D_CACHE_INVAL: 0.00
[cur diff] DIFF LL_CACHE_RD: 18, DIFF LL_CACHE_MISS_RD: 0, MISS_RATE: 0.00%
[cur diff] DIFF L2D_CACHE_REFILL: 0
[cur diff] DIFF L2D_CACHE_INVAL: 0
[max diff] DIFF LL_CACHE_RD: 8, DIFF LL_CACHE_MISS_RD: 7, MISS_RATE: 87.50%
[max diff] DIFF L2D_CACHE_REFILL: 6
[max diff] DIFF L2D_CACHE_INVAL: 0

===========================================================
taskpendcnt:46802
t0:1250 ns
t1:3125 ns
t2:98625 ns
benchmark: Franka-derived Cartesian-impedance kernel, input trace:8, timer period:1.000 ms
controller source: franka_ros2 jazzy@73a1501d, updates:46825, SVD sweeps:5
pose error:[0.010000 0.015000 0.010000 -0.000000 0.049979 -0.000000]
tau[0:6]:[-0.274004 -0.324180 0.001577 -0.231466 0.050986 -0.328952 0.010844]
kernel exec min/avg/max: 94.21 / 95.41 / 102.08 us, samples:46834
pressure status:0, copy rounds total/window:0/0, 0.00 rounds/s
pressure logical copy:0.00 MiB total, approx 0.00 MiB/s, checksum:0
pressure report window:2.136166 s
t0_region>
[1]:46670
[2]:165
[3]:17
[4]:2
[5]:1
[6]:1

t1_region>
[2]:42854
[3]:3619
[4]:266
[5]:74
[6]:31
[7]:11
[8]:4
[9]:1
[10]:1

t2_region>
[97]:6380
[98]:38644
[99]:1404
[100]:234
[101]:131
[102]:43
[103]:22
[104]:8
[105]:1
[106]:3

t0_min: 1.04 us, round:124
t0_max: 6.88 us, round:8153
t0_jitter: 5.83 us

t1_min: 2.63 us, round:13
t1_max: 10.96 us, round:8153
t1_jitter: 8.33 us

t2_min: 97.13 us, round:2155
t2_max: 106.92 us, round:8153
t2_jitter: 9.79 us

PMU diff samples: 46899
AVG DIFF LL_CACHE_RD: 4.80
AVG DIFF LL_CACHE_MISS_RD: 0.07
AVG DIFF L2D_CACHE_REFILL: 0.07
AVG DIFF L2D_CACHE_INVAL: 0.00
[cur diff] DIFF LL_CACHE_RD: 13, DIFF LL_CACHE_MISS_RD: 0, MISS_RATE: 0.00%
[cur diff] DIFF L2D_CACHE_REFILL: 0
[cur diff] DIFF L2D_CACHE_INVAL: 0
[max diff] DIFF LL_CACHE_RD: 8, DIFF LL_CACHE_MISS_RD: 7, MISS_RATE: 87.50%
[max diff] DIFF L2D_CACHE_REFILL: 6
[max diff] DIFF L2D_CACHE_INVAL: 0

===========================================================
taskpendcnt:48938
t0:1375 ns
t1:2958 ns
t2:98458 ns
benchmark: Franka-derived Cartesian-impedance kernel, input trace:8, timer period:1.000 ms
controller source: franka_ros2 jazzy@73a1501d, updates:48961, SVD sweeps:5
pose error:[0.010000 0.015000 0.010000 -0.000000 0.049979 -0.000000]
tau[0:6]:[-0.274004 -0.324180 0.001577 -0.231466 0.050986 -0.328952 0.010844]
kernel exec min/avg/max: 94.21 / 95.42 / 102.08 us, samples:48970
pressure status:0, copy rounds total/window:0/0, 0.00 rounds/s
pressure logical copy:0.00 MiB total, approx 0.00 MiB/s, checksum:0
pressure report window:2.135904 s
t0_region>
[1]:48806
[2]:165
[3]:17
[4]:2
[5]:1
[6]:1

t1_region>
[2]:44818
[3]:3792
[4]:266
[5]:74
[6]:31
[7]:11
[8]:4
[9]:1
[10]:1

t2_region>
[97]:6380
[98]:40755
[99]:1429
[100]:234
[101]:131
[102]:43
[103]:22
[104]:8
[105]:1
[106]:3

t0_min: 1.04 us, round:124
t0_max: 6.88 us, round:8153
t0_jitter: 5.83 us

t1_min: 2.63 us, round:13
t1_max: 10.96 us, round:8153
t1_jitter: 8.33 us

t2_min: 97.13 us, round:2155
t2_max: 106.92 us, round:8153
t2_jitter: 9.79 us

PMU diff samples: 49035
AVG DIFF LL_CACHE_RD: 4.77
AVG DIFF LL_CACHE_MISS_RD: 0.07
AVG DIFF L2D_CACHE_REFILL: 0.07
AVG DIFF L2D_CACHE_INVAL: 0.00
[cur diff] DIFF LL_CACHE_RD: 7, DIFF LL_CACHE_MISS_RD: 0, MISS_RATE: 0.00%
[cur diff] DIFF L2D_CACHE_REFILL: 0
[cur diff] DIFF L2D_CACHE_INVAL: 0
[max diff] DIFF LL_CACHE_RD: 8, DIFF LL_CACHE_MISS_RD: 7, MISS_RATE: 87.50%
[max diff] DIFF L2D_CACHE_REFILL: 6
[max diff] DIFF L2D_CACHE_INVAL: 0

===========================================================
taskpendcnt:51074
t0:1958 ns
t1:3083 ns
t2:98875 ns
benchmark: Franka-derived Cartesian-impedance kernel, input trace:8, timer period:1.000 ms
controller source: franka_ros2 jazzy@73a1501d, updates:51097, SVD sweeps:5
pose error:[0.010000 0.015000 0.010000 -0.000000 0.049979 -0.000000]
tau[0:6]:[-0.274004 -0.324180 0.001577 -0.231466 0.050986 -0.328952 0.010844]
kernel exec min/avg/max: 94.21 / 95.42 / 102.08 us, samples:51106
pressure status:0, copy rounds total/window:0/0, 0.00 rounds/s
pressure logical copy:0.00 MiB total, approx 0.00 MiB/s, checksum:0
pressure report window:2.135914 s
t0_region>
[1]:50942
[2]:165
[3]:17
[4]:2
[5]:1
[6]:1

t1_region>
[2]:46805
[3]:3941
[4]:266
[5]:74
[6]:31
[7]:11
[8]:4
[9]:1
[10]:1

t2_region>
[97]:6380
[98]:42842
[99]:1478
[100]:234
[101]:131
[102]:43
[103]:22
[104]:8
[105]:1
[106]:3

t0_min: 1.04 us, round:124
t0_max: 6.88 us, round:8153
t0_jitter: 5.83 us

t1_min: 2.63 us, round:13
t1_max: 10.96 us, round:8153
t1_jitter: 8.33 us

t2_min: 97.13 us, round:2155
t2_max: 106.92 us, round:8153
t2_jitter: 9.79 us

PMU diff samples: 51171
AVG DIFF LL_CACHE_RD: 4.74
AVG DIFF LL_CACHE_MISS_RD: 0.07
AVG DIFF L2D_CACHE_REFILL: 0.07
AVG DIFF L2D_CACHE_INVAL: 0.00
[cur diff] DIFF LL_CACHE_RD: 12, DIFF LL_CACHE_MISS_RD: 0, MISS_RATE: 0.00%
[cur diff] DIFF L2D_CACHE_REFILL: 0
[cur diff] DIFF L2D_CACHE_INVAL: 0
[max diff] DIFF LL_CACHE_RD: 8, DIFF LL_CACHE_MISS_RD: 7, MISS_RATE: 87.50%
[max diff] DIFF L2D_CACHE_REFILL: 6
[max diff] DIFF L2D_CACHE_INVAL: 0

===========================================================
taskpendcnt:53210
t0:1208 ns
t1:3083 ns
t2:98583 ns
benchmark: Franka-derived Cartesian-impedance kernel, input trace:8, timer period:1.000 ms
controller source: franka_ros2 jazzy@73a1501d, updates:53233, SVD sweeps:5
pose error:[0.010000 0.015000 0.010000 -0.000000 0.049979 -0.000000]
tau[0:6]:[-0.274004 -0.324180 0.001577 -0.231466 0.050986 -0.328952 0.010844]
kernel exec min/avg/max: 94.21 / 95.44 / 102.08 us, samples:53242
pressure status:0, copy rounds total/window:0/0, 0.00 rounds/s
pressure logical copy:0.00 MiB total, approx 0.00 MiB/s, checksum:0
pressure report window:2.135919 s
t0_region>
[1]:53044
[2]:195
[3]:19
[4]:3
[5]:1
[6]:1

t1_region>
[2]:48580
[3]:4243
[4]:308
[5]:86
[6]:35
[7]:11
[8]:5
[9]:1
[10]:1

t2_region>
[97]:6380
[98]:44559
[99]:1816
[100]:283
[101]:154
[102]:49
[103]:23
[104]:10
[105]:1
[106]:3

t0_min: 1.04 us, round:124
t0_max: 6.88 us, round:8153
t0_jitter: 5.83 us

t1_min: 2.63 us, round:13
t1_max: 10.96 us, round:8153
t1_jitter: 8.33 us

t2_min: 97.13 us, round:2155
t2_max: 106.92 us, round:8153
t2_jitter: 9.79 us

PMU diff samples: 53307
AVG DIFF LL_CACHE_RD: 4.72
AVG DIFF LL_CACHE_MISS_RD: 0.08
AVG DIFF L2D_CACHE_REFILL: 0.08
AVG DIFF L2D_CACHE_INVAL: 0.00
[cur diff] DIFF LL_CACHE_RD: 7, DIFF LL_CACHE_MISS_RD: 0, MISS_RATE: 0.00%
[cur diff] DIFF L2D_CACHE_REFILL: 0
[cur diff] DIFF L2D_CACHE_INVAL: 0
[max diff] DIFF LL_CACHE_RD: 8, DIFF LL_CACHE_MISS_RD: 7, MISS_RATE: 87.50%
[max diff] DIFF L2D_CACHE_REFILL: 6
[max diff] DIFF L2D_CACHE_INVAL: 0

===========================================================
taskpendcnt:55346
t0:1333 ns
t1:3208 ns
t2:98708 ns
benchmark: Franka-derived Cartesian-impedance kernel, input trace:8, timer period:1.000 ms
controller source: franka_ros2 jazzy@73a1501d, updates:55368, SVD sweeps:5
pose error:[0.010000 0.015000 0.010000 -0.000000 0.049979 -0.000000]
tau[0:6]:[-0.274004 -0.324180 0.001577 -0.231466 0.050986 -0.328952 0.010844]
kernel exec min/avg/max: 94.21 / 95.44 / 102.08 us, samples:55378
pressure status:0, copy rounds total/window:0/0, 0.00 rounds/s
pressure logical copy:0.00 MiB total, approx 0.00 MiB/s, checksum:0
pressure report window:2.135899 s
t0_region>
[1]:55180
[2]:195
[3]:19
[4]:3
[5]:1
[6]:1

t1_region>
[2]:50553
[3]:4406
[4]:308
[5]:86
[6]:35
[7]:11
[8]:5
[9]:1
[10]:1

t2_region>
[97]:6380
[98]:46637
[99]:1874
[100]:283
[101]:154
[102]:49
[103]:23
[104]:10
[105]:1
[106]:3

t0_min: 1.04 us, round:124
t0_max: 6.88 us, round:8153
t0_jitter: 5.83 us

t1_min: 2.63 us, round:13
t1_max: 10.96 us, round:8153
t1_jitter: 8.33 us

t2_min: 97.13 us, round:2155
t2_max: 106.92 us, round:8153
t2_jitter: 9.79 us

PMU diff samples: 55442
AVG DIFF LL_CACHE_RD: 4.70
AVG DIFF LL_CACHE_MISS_RD: 0.07
AVG DIFF L2D_CACHE_REFILL: 0.07
AVG DIFF L2D_CACHE_INVAL: 0.00
[cur diff] DIFF LL_CACHE_RD: 18, DIFF LL_CACHE_MISS_RD: 0, MISS_RATE: 0.00%
[cur diff] DIFF L2D_CACHE_REFILL: 0
[cur diff] DIFF L2D_CACHE_INVAL: 0
[max diff] DIFF LL_CACHE_RD: 8, DIFF LL_CACHE_MISS_RD: 7, MISS_RATE: 87.50%
[max diff] DIFF L2D_CACHE_REFILL: 6
[max diff] DIFF L2D_CACHE_INVAL: 0

===========================================================
taskpendcnt:57482
t0:1458 ns
t1:3041 ns
t2:99125 ns
benchmark: Franka-derived Cartesian-impedance kernel, input trace:8, timer period:1.000 ms
controller source: franka_ros2 jazzy@73a1501d, updates:57504, SVD sweeps:5
pose error:[0.010000 0.015000 0.010000 -0.000000 0.049979 -0.000000]
tau[0:6]:[-0.274004 -0.324180 0.001577 -0.231466 0.050986 -0.328952 0.010844]
kernel exec min/avg/max: 94.21 / 95.45 / 102.08 us, samples:57514
pressure status:0, copy rounds total/window:0/0, 0.00 rounds/s
pressure logical copy:0.00 MiB total, approx 0.00 MiB/s, checksum:0
pressure report window:2.135908 s
t0_region>
[1]:57316
[2]:195
[3]:19
[4]:3
[5]:1
[6]:1

t1_region>
[2]:52528
[3]:4567
[4]:308
[5]:86
[6]:35
[7]:11
[8]:5
[9]:1
[10]:1

t2_region>
[97]:6380
[98]:48733
[99]:1914
[100]:283
[101]:154
[102]:49
[103]:23
[104]:10
[105]:1
[106]:3

t0_min: 1.04 us, round:124
t0_max: 6.88 us, round:8153
t0_jitter: 5.83 us

t1_min: 2.63 us, round:13
t1_max: 10.96 us, round:8153
t1_jitter: 8.33 us

t2_min: 97.13 us, round:2155
t2_max: 106.92 us, round:8153
t2_jitter: 9.79 us

PMU diff samples: 57578
AVG DIFF LL_CACHE_RD: 4.68
AVG DIFF LL_CACHE_MISS_RD: 0.07
AVG DIFF L2D_CACHE_REFILL: 0.07
AVG DIFF L2D_CACHE_INVAL: 0.00
[cur diff] DIFF LL_CACHE_RD: 25, DIFF LL_CACHE_MISS_RD: 0, MISS_RATE: 0.00%
[cur diff] DIFF L2D_CACHE_REFILL: 0
[cur diff] DIFF L2D_CACHE_INVAL: 0
[max diff] DIFF LL_CACHE_RD: 8, DIFF LL_CACHE_MISS_RD: 7, MISS_RATE: 87.50%
[max diff] DIFF L2D_CACHE_REFILL: 6
[max diff] DIFF L2D_CACHE_INVAL: 0

===========================================================
taskpendcnt:59618
t0:1583 ns
t1:3458 ns
t2:98666 ns
benchmark: Franka-derived Cartesian-impedance kernel, input trace:8, timer period:1.000 ms
controller source: franka_ros2 jazzy@73a1501d, updates:59640, SVD sweeps:5
pose error:[0.010000 0.015000 0.010000 -0.000000 0.049979 -0.000000]
tau[0:6]:[-0.274004 -0.324180 0.001577 -0.231466 0.050986 -0.328952 0.010844]
kernel exec min/avg/max: 94.21 / 95.45 / 102.08 us, samples:59650
pressure status:0, copy rounds total/window:0/0, 0.00 rounds/s
pressure logical copy:0.00 MiB total, approx 0.00 MiB/s, checksum:0
pressure report window:2.135913 s
t0_region>
[1]:59452
[2]:195
[3]:19
[4]:3
[5]:1
[6]:1

t1_region>
[2]:54507
[3]:4724
[4]:308
[5]:86
[6]:35
[7]:11
[8]:5
[9]:1
[10]:1

t2_region>
[97]:6380
[98]:50828
[99]:1954
[100]:283
[101]:154
[102]:49
[103]:23
[104]:10
[105]:1
[106]:3

t0_min: 1.04 us, round:124
t0_max: 6.88 us, round:8153
t0_jitter: 5.83 us

t1_min: 2.63 us, round:13
t1_max: 10.96 us, round:8153
t1_jitter: 8.33 us

t2_min: 97.13 us, round:2155
t2_max: 106.92 us, round:8153
t2_jitter: 9.79 us

PMU diff samples: 59714
AVG DIFF LL_CACHE_RD: 4.66
AVG DIFF LL_CACHE_MISS_RD: 0.07
AVG DIFF L2D_CACHE_REFILL: 0.07
AVG DIFF L2D_CACHE_INVAL: 0.00
[cur diff] DIFF LL_CACHE_RD: 21, DIFF LL_CACHE_MISS_RD: 0, MISS_RATE: 0.00%
[cur diff] DIFF L2D_CACHE_REFILL: 0
[cur diff] DIFF L2D_CACHE_INVAL: 0
[max diff] DIFF LL_CACHE_RD: 8, DIFF LL_CACHE_MISS_RD: 7, MISS_RATE: 87.50%
[max diff] DIFF L2D_CACHE_REFILL: 6
[max diff] DIFF L2D_CACHE_INVAL: 0

===========================================================
taskpendcnt:61754
t0:1416 ns
t1:3000 ns
t2:98500 ns
benchmark: Franka-derived Cartesian-impedance kernel, input trace:8, timer period:1.000 ms
controller source: franka_ros2 jazzy@73a1501d, updates:61776, SVD sweeps:5
pose error:[0.010000 0.015000 0.010000 -0.000000 0.049979 -0.000000]
tau[0:6]:[-0.274004 -0.324180 0.001577 -0.231466 0.050986 -0.328952 0.010844]
kernel exec min/avg/max: 94.21 / 95.45 / 102.08 us, samples:61786
pressure status:0, copy rounds total/window:0/0, 0.00 rounds/s
pressure logical copy:0.00 MiB total, approx 0.00 MiB/s, checksum:0
pressure report window:2.135894 s
t0_region>
[1]:61588
[2]:195
[3]:19
[4]:3
[5]:1
[6]:1

t1_region>
[2]:56493
[3]:4873
[4]:308
[5]:86
[6]:35
[7]:11
[8]:5
[9]:1
[10]:1

t2_region>
[97]:6380
[98]:52915
[99]:2003
[100]:283
[101]:154
[102]:49
[103]:23
[104]:10
[105]:1
[106]:3

t0_min: 1.04 us, round:124
t0_max: 6.88 us, round:8153
t0_jitter: 5.83 us

t1_min: 2.63 us, round:13
t1_max: 10.96 us, round:8153
t1_jitter: 8.33 us

t2_min: 97.13 us, round:2155
t2_max: 106.92 us, round:8153
t2_jitter: 9.79 us

PMU diff samples: 61850
AVG DIFF LL_CACHE_RD: 4.64
AVG DIFF LL_CACHE_MISS_RD: 0.07
AVG DIFF L2D_CACHE_REFILL: 0.07
AVG DIFF L2D_CACHE_INVAL: 0.00
[cur diff] DIFF LL_CACHE_RD: 11, DIFF LL_CACHE_MISS_RD: 0, MISS_RATE: 0.00%
[cur diff] DIFF L2D_CACHE_REFILL: 0
[cur diff] DIFF L2D_CACHE_INVAL: 0
[max diff] DIFF LL_CACHE_RD: 8, DIFF LL_CACHE_MISS_RD: 7, MISS_RATE: 87.50%
[max diff] DIFF L2D_CACHE_REFILL: 6
[max diff] DIFF L2D_CACHE_INVAL: 0

===========================================================
taskpendcnt:63890
t0:1250 ns
t1:3125 ns
t2:99208 ns
benchmark: Franka-derived Cartesian-impedance kernel, input trace:8, timer period:1.000 ms
controller source: franka_ros2 jazzy@73a1501d, updates:63912, SVD sweeps:5
pose error:[0.010000 0.015000 0.010000 -0.000000 0.049979 -0.000000]
tau[0:6]:[-0.274004 -0.324180 0.001577 -0.231466 0.050986 -0.328952 0.010844]
kernel exec min/avg/max: 94.21 / 95.45 / 102.08 us, samples:63922
pressure status:0, copy rounds total/window:0/0, 0.00 rounds/s
pressure logical copy:0.00 MiB total, approx 0.00 MiB/s, checksum:0
pressure report window:2.135991 s
t0_region>
[1]:63722
[2]:197
[3]:19
[4]:3
[5]:1
[6]:1

t1_region>
[2]:58460
[3]:5041
[4]:309
[5]:86
[6]:35
[7]:11
[8]:5
[9]:1
[10]:1

t2_region>
[97]:6380
[98]:54978
[99]:2076
[100]:284
[101]:154
[102]:49
[103]:23
[104]:10
[105]:1
[106]:3

t0_min: 1.04 us, round:124
t0_max: 6.88 us, round:8153
t0_jitter: 5.83 us

t1_min: 2.63 us, round:13
t1_max: 10.96 us, round:8153
t1_jitter: 8.33 us

t2_min: 97.13 us, round:2155
t2_max: 106.92 us, round:8153
t2_jitter: 9.79 us

PMU diff samples: 63986
AVG DIFF LL_CACHE_RD: 4.64
AVG DIFF LL_CACHE_MISS_RD: 0.07
AVG DIFF L2D_CACHE_REFILL: 0.07
AVG DIFF L2D_CACHE_INVAL: 0.00
[cur diff] DIFF LL_CACHE_RD: 16, DIFF LL_CACHE_MISS_RD: 0, MISS_RATE: 0.00%
[cur diff] DIFF L2D_CACHE_REFILL: 0
[cur diff] DIFF L2D_CACHE_INVAL: 0
[max diff] DIFF LL_CACHE_RD: 8, DIFF LL_CACHE_MISS_RD: 7, MISS_RATE: 87.50%
[max diff] DIFF L2D_CACHE_REFILL: 6
[max diff] DIFF L2D_CACHE_INVAL: 0

===========================================================
taskpendcnt:66025
t0:1375 ns
t1:2958 ns
t2:98750 ns
benchmark: Franka-derived Cartesian-impedance kernel, input trace:8, timer period:1.000 ms
controller source: franka_ros2 jazzy@73a1501d, updates:66048, SVD sweeps:5
pose error:[0.010000 0.015000 0.010000 -0.000000 0.049979 -0.000000]
tau[0:6]:[-0.274004 -0.324180 0.001577 -0.231466 0.050986 -0.328952 0.010844]
kernel exec min/avg/max: 94.21 / 95.45 / 102.08 us, samples:66057
pressure status:0, copy rounds total/window:0/0, 0.00 rounds/s
pressure logical copy:0.00 MiB total, approx 0.00 MiB/s, checksum:0
pressure report window:2.135798 s
t0_region>
[1]:65854
[2]:201
[3]:19
[4]:3
[5]:1
[6]:1

t1_region>
[2]:60442
[3]:5188
[4]:312
[5]:86
[6]:36
[7]:13
[8]:6
[9]:1
[10]:1

t2_region>
[97]:6380
[98]:57026
[99]:2156
[100]:285
[101]:157
[102]:49
[103]:25
[104]:10
[105]:1
[106]:4

t0_min: 1.04 us, round:124
t0_max: 6.88 us, round:8153
t0_jitter: 5.83 us

t1_min: 2.63 us, round:13
t1_max: 10.96 us, round:8153
t1_jitter: 8.33 us

t2_min: 97.13 us, round:2155
t2_max: 106.92 us, round:8153
t2_jitter: 9.79 us

PMU diff samples: 66122
AVG DIFF LL_CACHE_RD: 4.62
AVG DIFF LL_CACHE_MISS_RD: 0.07
AVG DIFF L2D_CACHE_REFILL: 0.07
AVG DIFF L2D_CACHE_INVAL: 0.00
[cur diff] DIFF LL_CACHE_RD: 22, DIFF LL_CACHE_MISS_RD: 0, MISS_RATE: 0.00%
[cur diff] DIFF L2D_CACHE_REFILL: 0
[cur diff] DIFF L2D_CACHE_INVAL: 0
[max diff] DIFF LL_CACHE_RD: 8, DIFF LL_CACHE_MISS_RD: 7, MISS_RATE: 87.50%
[max diff] DIFF L2D_CACHE_REFILL: 6
[max diff] DIFF L2D_CACHE_INVAL: 0

===========================================================
taskpendcnt:68161
t0:1500 ns
t1:3083 ns
t2:98875 ns
benchmark: Franka-derived Cartesian-impedance kernel, input trace:8, timer period:1.000 ms
controller source: franka_ros2 jazzy@73a1501d, updates:68184, SVD sweeps:5
pose error:[0.010000 0.015000 0.010000 -0.000000 0.049979 -0.000000]
tau[0:6]:[-0.274004 -0.324180 0.001577 -0.231466 0.050986 -0.328952 0.010844]
kernel exec min/avg/max: 94.21 / 95.46 / 102.08 us, samples:68193
pressure status:0, copy rounds total/window:0/0, 0.00 rounds/s
pressure logical copy:0.00 MiB total, approx 0.00 MiB/s, checksum:0
pressure report window:2.135923 s
t0_region>
[1]:67946
[2]:234
[3]:27
[4]:5
[5]:1
[6]:2

t1_region>
[2]:62231
[3]:5463
[4]:358
[5]:105
[6]:39
[7]:15
[8]:7
[9]:2
[10]:1

t2_region>
[97]:6380
[98]:58815
[99]:2419
[100]:331
[101]:177
[102]:60
[103]:30
[104]:10
[105]:1
[106]:6

t0_min: 1.04 us, round:124
t0_max: 6.92 us, round:66468
t0_jitter: 5.88 us

t1_min: 2.63 us, round:13
t1_max: 10.96 us, round:8153
t1_jitter: 8.33 us

t2_min: 97.13 us, round:2155
t2_max: 106.96 us, round:66468
t2_jitter: 9.83 us

PMU diff samples: 68258
AVG DIFF LL_CACHE_RD: 4.61
AVG DIFF LL_CACHE_MISS_RD: 0.07
AVG DIFF L2D_CACHE_REFILL: 0.07
AVG DIFF L2D_CACHE_INVAL: 0.00
[cur diff] DIFF LL_CACHE_RD: 5, DIFF LL_CACHE_MISS_RD: 0, MISS_RATE: 0.00%
[cur diff] DIFF L2D_CACHE_REFILL: 0
[cur diff] DIFF L2D_CACHE_INVAL: 0
[max diff] DIFF LL_CACHE_RD: 8, DIFF LL_CACHE_MISS_RD: 7, MISS_RATE: 87.50%
[max diff] DIFF L2D_CACHE_REFILL: 6
[max diff] DIFF L2D_CACHE_INVAL: 0

===========================================================
taskpendcnt:70297
t0:1625 ns
t1:2916 ns
t2:98708 ns
benchmark: Franka-derived Cartesian-impedance kernel, input trace:8, timer period:1.000 ms
controller source: franka_ros2 jazzy@73a1501d, updates:70320, SVD sweeps:5
pose error:[0.010000 0.015000 0.010000 -0.000000 0.049979 -0.000000]
tau[0:6]:[-1.839419 -0.921560 -1.193198 -1.195971 -0.861243 0.113634 -0.461388]
kernel exec min/avg/max: 94.21 / 95.47 / 102.08 us, samples:70329
pressure status:0, copy rounds total/window:0/0, 0.00 rounds/s
pressure logical copy:0.00 MiB total, approx 0.00 MiB/s, checksum:0
pressure report window:2.136073 s
t0_region>
[1]:70082
[2]:234
[3]:27
[4]:5
[5]:1
[6]:2

t1_region>
[2]:64206
[3]:5624
[4]:358
[5]:105
[6]:39
[7]:15
[8]:7
[9]:2
[10]:1

t2_region>
[97]:6380
[98]:60900
[99]:2470
[100]:331
[101]:177
[102]:60
[103]:30
[104]:10
[105]:1
[106]:6

t0_min: 1.04 us, round:124
t0_max: 6.92 us, round:66468
t0_jitter: 5.88 us

t1_min: 2.63 us, round:13
t1_max: 10.96 us, round:8153
t1_jitter: 8.33 us

t2_min: 97.13 us, round:2155
t2_max: 106.96 us, round:66468
t2_jitter: 9.83 us

PMU diff samples: 70394
AVG DIFF LL_CACHE_RD: 4.59
AVG DIFF LL_CACHE_MISS_RD: 0.07
AVG DIFF L2D_CACHE_REFILL: 0.07
AVG DIFF L2D_CACHE_INVAL: 0.00
[cur diff] DIFF LL_CACHE_RD: 23, DIFF LL_CACHE_MISS_RD: 0, MISS_RATE: 0.00%
[cur diff] DIFF L2D_CACHE_REFILL: 0
[cur diff] DIFF L2D_CACHE_INVAL: 0
[max diff] DIFF LL_CACHE_RD: 8, DIFF LL_CACHE_MISS_RD: 7, MISS_RATE: 87.50%
[max diff] DIFF L2D_CACHE_REFILL: 6
[max diff] DIFF L2D_CACHE_INVAL: 0

===========================================================
taskpendcnt:72434
t0:1291 ns
t1:3166 ns
t2:98666 ns
benchmark: Franka-derived Cartesian-impedance kernel, input trace:8, timer period:1.000 ms
controller source: franka_ros2 jazzy@73a1501d, updates:72457, SVD sweeps:5
pose error:[0.010000 0.015000 0.010000 -0.000000 0.049979 -0.000000]
tau[0:6]:[-0.274004 -0.324180 0.001577 -0.231466 0.050986 -0.328952 0.010844]
kernel exec min/avg/max: 94.21 / 95.47 / 102.08 us, samples:72466
pressure status:0, copy rounds total/window:0/0, 0.00 rounds/s
pressure logical copy:0.00 MiB total, approx 0.00 MiB/s, checksum:0
pressure report window:2.136732 s
t0_region>
[1]:72219
[2]:234
[3]:27
[4]:5
[5]:1
[6]:2

t1_region>
[2]:66163
[3]:5803
[4]:359
[5]:105
[6]:39
[7]:15
[8]:7
[9]:2
[10]:1

t2_region>
[97]:6380
[98]:63008
[99]:2498
[100]:332
[101]:177
[102]:60
[103]:30
[104]:10
[105]:1
[106]:6

t0_min: 1.04 us, round:124
t0_max: 6.92 us, round:66468
t0_jitter: 5.88 us

t1_min: 2.63 us, round:13
t1_max: 10.96 us, round:8153
t1_jitter: 8.33 us

t2_min: 97.13 us, round:2155
t2_max: 106.96 us, round:66468
t2_jitter: 9.83 us

PMU diff samples: 72531
AVG DIFF LL_CACHE_RD: 4.58
AVG DIFF LL_CACHE_MISS_RD: 0.07
AVG DIFF L2D_CACHE_REFILL: 0.07
AVG DIFF L2D_CACHE_INVAL: 0.00
[cur diff] DIFF LL_CACHE_RD: 10, DIFF LL_CACHE_MISS_RD: 0, MISS_RATE: 0.00%
[cur diff] DIFF L2D_CACHE_REFILL: 0
[cur diff] DIFF L2D_CACHE_INVAL: 0
[max diff] DIFF LL_CACHE_RD: 8, DIFF LL_CACHE_MISS_RD: 7, MISS_RATE: 87.50%
[max diff] DIFF L2D_CACHE_REFILL: 6
[max diff] DIFF L2D_CACHE_INVAL: 0

===========================================================
taskpendcnt:74570
t0:1291 ns
t1:3166 ns
t2:98500 ns
benchmark: Franka-derived Cartesian-impedance kernel, input trace:8, timer period:1.000 ms
controller source: franka_ros2 jazzy@73a1501d, updates:74593, SVD sweeps:5
pose error:[0.010000 0.015000 0.010000 -0.000000 0.049979 -0.000000]
tau[0:6]:[-0.274004 -0.324180 0.001577 -0.231466 0.050986 -0.328952 0.010844]
kernel exec min/avg/max: 94.21 / 95.47 / 102.08 us, samples:74602
pressure status:0, copy rounds total/window:0/0, 0.00 rounds/s
pressure logical copy:0.00 MiB total, approx 0.00 MiB/s, checksum:0
pressure report window:2.135903 s
t0_region>
[1]:74355
[2]:234
[3]:27
[4]:5
[5]:1
[6]:2

t1_region>
[2]:68151
[3]:5951
[4]:359
[5]:105
[6]:39
[7]:15
[8]:7
[9]:2
[10]:1

t2_region>
[97]:6380
[98]:65097
[99]:2545
[100]:332
[101]:177
[102]:60
[103]:30
[104]:10
[105]:1
[106]:6

t0_min: 1.04 us, round:124
t0_max: 6.92 us, round:66468
t0_jitter: 5.88 us

t1_min: 2.63 us, round:13
t1_max: 10.96 us, round:8153
t1_jitter: 8.33 us

t2_min: 97.13 us, round:2155
t2_max: 106.96 us, round:66468
t2_jitter: 9.83 us

PMU diff samples: 74667
AVG DIFF LL_CACHE_RD: 4.57
AVG DIFF LL_CACHE_MISS_RD: 0.07
AVG DIFF L2D_CACHE_REFILL: 0.07
AVG DIFF L2D_CACHE_INVAL: 0.00
[cur diff] DIFF LL_CACHE_RD: 11, DIFF LL_CACHE_MISS_RD: 0, MISS_RATE: 0.00%
[cur diff] DIFF L2D_CACHE_REFILL: 0
[cur diff] DIFF L2D_CACHE_INVAL: 0
[max diff] DIFF LL_CACHE_RD: 8, DIFF LL_CACHE_MISS_RD: 7, MISS_RATE: 87.50%
[max diff] DIFF L2D_CACHE_REFILL: 6
[max diff] DIFF L2D_CACHE_INVAL: 0

===========================================================
taskpendcnt:76706
t0:1708 ns
t1:3291 ns
t2:98500 ns
benchmark: Franka-derived Cartesian-impedance kernel, input trace:8, timer period:1.000 ms
controller source: franka_ros2 jazzy@73a1501d, updates:76729, SVD sweeps:5
pose error:[0.010000 0.015000 0.010000 -0.000000 0.049979 -0.000000]
tau[0:6]:[-0.274004 -0.324180 0.001577 -0.231466 0.050986 -0.328952 0.010844]
kernel exec min/avg/max: 94.21 / 95.47 / 102.08 us, samples:76738
pressure status:0, copy rounds total/window:0/0, 0.00 rounds/s
pressure logical copy:0.00 MiB total, approx 0.00 MiB/s, checksum:0
pressure report window:2.135903 s
t0_region>
[1]:76490
[2]:234
[3]:27
[4]:5
[5]:1
[6]:2

t1_region>
[2]:70102
[3]:6136
[4]:359
[5]:105
[6]:39
[7]:15
[8]:7
[9]:2
[10]:1

t2_region>
[97]:6380
[98]:67197
[99]:2581
[100]:332
[101]:177
[102]:60
[103]:30
[104]:10
[105]:1
[106]:6

t0_min: 1.04 us, round:124
t0_max: 6.92 us, round:66468
t0_jitter: 5.88 us

t1_min: 2.63 us, round:13
t1_max: 10.96 us, round:8153
t1_jitter: 8.33 us

t2_min: 97.13 us, round:2155
t2_max: 106.96 us, round:66468
t2_jitter: 9.83 us

PMU diff samples: 76803
AVG DIFF LL_CACHE_RD: 4.55
AVG DIFF LL_CACHE_MISS_RD: 0.07
AVG DIFF L2D_CACHE_REFILL: 0.07
AVG DIFF L2D_CACHE_INVAL: 0.00
[cur diff] DIFF LL_CACHE_RD: 12, DIFF LL_CACHE_MISS_RD: 0, MISS_RATE: 0.00%
[cur diff] DIFF L2D_CACHE_REFILL: 0
[cur diff] DIFF L2D_CACHE_INVAL: 0
[max diff] DIFF LL_CACHE_RD: 8, DIFF LL_CACHE_MISS_RD: 7, MISS_RATE: 87.50%
[max diff] DIFF L2D_CACHE_REFILL: 6
[max diff] DIFF L2D_CACHE_INVAL: 0

===========================================================
taskpendcnt:78842
t0:1541 ns
t1:3125 ns
t2:98625 ns
benchmark: Franka-derived Cartesian-impedance kernel, input trace:8, timer period:1.000 ms
controller source: franka_ros2 jazzy@73a1501d, updates:78864, SVD sweeps:5
pose error:[0.010000 0.015000 0.010000 -0.000000 0.049979 -0.000000]
tau[0:6]:[-0.274004 -0.324180 0.001577 -0.231466 0.050986 -0.328952 0.010844]
kernel exec min/avg/max: 94.21 / 95.47 / 102.08 us, samples:78874
pressure status:0, copy rounds total/window:0/0, 0.00 rounds/s
pressure logical copy:0.00 MiB total, approx 0.00 MiB/s, checksum:0
pressure report window:2.135905 s
t0_region>
[1]:78626
[2]:234
[3]:27
[4]:5
[5]:1
[6]:2

t1_region>
[2]:72069
[3]:6304
[4]:359
[5]:106
[6]:39
[7]:15
[8]:7
[9]:2
[10]:1

t2_region>
[97]:6380
[98]:69298
[99]:2614
[100]:334
[101]:177
[102]:60
[103]:30
[104]:10
[105]:1
[106]:6

t0_min: 1.04 us, round:124
t0_max: 6.92 us, round:66468
t0_jitter: 5.88 us

t1_min: 2.63 us, round:13
t1_max: 10.96 us, round:8153
t1_jitter: 8.33 us

t2_min: 97.13 us, round:2155
t2_max: 106.96 us, round:66468
t2_jitter: 9.83 us

PMU diff samples: 78939
AVG DIFF LL_CACHE_RD: 4.54
AVG DIFF LL_CACHE_MISS_RD: 0.07
AVG DIFF L2D_CACHE_REFILL: 0.07
AVG DIFF L2D_CACHE_INVAL: 0.00
[cur diff] DIFF LL_CACHE_RD: 13, DIFF LL_CACHE_MISS_RD: 0, MISS_RATE: 0.00%
[cur diff] DIFF L2D_CACHE_REFILL: 0
[cur diff] DIFF L2D_CACHE_INVAL: 0
[max diff] DIFF LL_CACHE_RD: 8, DIFF LL_CACHE_MISS_RD: 7, MISS_RATE: 87.50%
[max diff] DIFF L2D_CACHE_REFILL: 6
[max diff] DIFF L2D_CACHE_INVAL: 0

===========================================================
taskpendcnt:80978
t0:1375 ns
t1:2958 ns
t2:99333 ns
benchmark: Franka-derived Cartesian-impedance kernel, input trace:8, timer period:1.000 ms
controller source: franka_ros2 jazzy@73a1501d, updates:81000, SVD sweeps:5
pose error:[0.010000 0.015000 0.010000 -0.000000 0.049979 -0.000000]
tau[0:6]:[-0.274004 -0.324180 0.001577 -0.231466 0.050986 -0.328952 0.010844]
kernel exec min/avg/max: 94.21 / 95.48 / 102.08 us, samples:81010
pressure status:0, copy rounds total/window:0/0, 0.00 rounds/s
pressure logical copy:0.00 MiB total, approx 0.00 MiB/s, checksum:0
pressure report window:2.135911 s
t0_region>
[1]:80730
[2]:256
[3]:35
[4]:6
[5]:1
[6]:2
[7]:1

t1_region>
[2]:73985
[3]:6481
[4]:379
[5]:116
[6]:48
[7]:17
[8]:8
[9]:2
[10]:2

t2_region>
[97]:6380
[98]:71221
[99]:2773
[100]:359
[101]:184
[102]:73
[103]:36
[104]:13
[105]:1
[106]:6
[107]:1

t0_min: 1.04 us, round:124
t0_max: 7.17 us, round:80897
t0_jitter: 6.13 us

t1_min: 2.63 us, round:13
t1_max: 10.96 us, round:8153
t1_jitter: 8.33 us

t2_min: 97.13 us, round:2155
t2_max: 107.29 us, round:80900
t2_jitter: 10.17 us

PMU diff samples: 81076
AVG DIFF LL_CACHE_RD: 4.54
AVG DIFF LL_CACHE_MISS_RD: 0.07
AVG DIFF L2D_CACHE_REFILL: 0.07
AVG DIFF L2D_CACHE_INVAL: 0.00
[cur diff] DIFF LL_CACHE_RD: 15, DIFF LL_CACHE_MISS_RD: 0, MISS_RATE: 0.00%
[cur diff] DIFF L2D_CACHE_REFILL: 0
[cur diff] DIFF L2D_CACHE_INVAL: 0
[max diff] DIFF LL_CACHE_RD: 8, DIFF LL_CACHE_MISS_RD: 7, MISS_RATE: 87.50%
[max diff] DIFF L2D_CACHE_REFILL: 6
[max diff] DIFF L2D_CACHE_INVAL: 0

===========================================================
taskpendcnt:83116
t0:1750 ns
t1:3041 ns
t2:99125 ns
benchmark: Franka-derived Cartesian-impedance kernel, input trace:8, timer period:1.000 ms
controller source: franka_ros2 jazzy@73a1501d, updates:83138, SVD sweeps:5
pose error:[0.010000 0.015000 0.010000 -0.000000 0.049979 -0.000000]
tau[0:6]:[1.228026 0.081850 0.819520 0.875435 0.745706 -0.833381 0.398995]
kernel exec min/avg/max: 94.21 / 95.48 / 102.08 us, samples:83147
pressure status:0, copy rounds total/window:0/0, 0.00 rounds/s
pressure logical copy:0.00 MiB total, approx 0.00 MiB/s, checksum:0
pressure report window:2.137651 s
t0_region>
[1]:82853
[2]:269
[3]:37
[4]:6
[5]:1
[6]:2
[7]:1

t1_region>
[2]:75881
[3]:6701
[4]:391
[5]:123
[6]:49
[7]:18
[8]:9
[9]:2
[10]:2

t2_region>
[97]:6380
[98]:73190
[99]:2917
[100]:371
[101]:193
[102]:74
[103]:37
[104]:13
[105]:2
[106]:6
[107]:1

t0_min: 1.04 us, round:124
t0_max: 7.17 us, round:80897
t0_jitter: 6.13 us

t1_min: 2.63 us, round:13
t1_max: 10.96 us, round:8153
t1_jitter: 8.33 us

t2_min: 97.13 us, round:2155
t2_max: 107.29 us, round:80900
t2_jitter: 10.17 us

PMU diff samples: 83214
AVG DIFF LL_CACHE_RD: 4.53
AVG DIFF LL_CACHE_MISS_RD: 0.07
AVG DIFF L2D_CACHE_REFILL: 0.07
AVG DIFF L2D_CACHE_INVAL: 0.00
[cur diff] DIFF LL_CACHE_RD: 20, DIFF LL_CACHE_MISS_RD: 0, MISS_RATE: 0.00%
[cur diff] DIFF L2D_CACHE_REFILL: 0
[cur diff] DIFF L2D_CACHE_INVAL: 0
[max diff] DIFF LL_CACHE_RD: 8, DIFF LL_CACHE_MISS_RD: 7, MISS_RATE: 87.50%
[max diff] DIFF L2D_CACHE_REFILL: 6
[max diff] DIFF L2D_CACHE_INVAL: 0

===========================================================
taskpendcnt:85254
t0:1250 ns
t1:3125 ns
t2:99208 ns
benchmark: Franka-derived Cartesian-impedance kernel, input trace:8, timer period:1.000 ms
controller source: franka_ros2 jazzy@73a1501d, updates:85276, SVD sweeps:5
pose error:[0.010000 0.015000 0.010000 -0.000000 0.049979 -0.000000]
tau[0:6]:[-0.567483 -0.552304 -0.482512 -0.231067 -0.297494 -0.656094 -0.085004]
kernel exec min/avg/max: 94.21 / 95.48 / 102.08 us, samples:85286
pressure status:0, copy rounds total/window:0/0, 0.00 rounds/s
pressure logical copy:0.00 MiB total, approx 0.00 MiB/s, checksum:0
pressure report window:2.138459 s
t0_region>
[1]:84991
[2]:269
[3]:37
[4]:6
[5]:1
[6]:2
[7]:1

t1_region>
[2]:77841
[3]:6879
[4]:391
[5]:123
[6]:49
[7]:18
[8]:9
[9]:2
[10]:2

t2_region>
[97]:6380
[98]:75232
[99]:3014
[100]:371
[101]:193
[102]:74
[103]:37
[104]:13
[105]:2
[106]:6
[107]:1

t0_min: 1.04 us, round:124
t0_max: 7.17 us, round:80897
t0_jitter: 6.13 us

t1_min: 2.63 us, round:13
t1_max: 10.96 us, round:8153
t1_jitter: 8.33 us

t2_min: 97.13 us, round:2155
t2_max: 107.29 us, round:80900
t2_jitter: 10.17 us

PMU diff samples: 85352
AVG DIFF LL_CACHE_RD: 4.53
AVG DIFF LL_CACHE_MISS_RD: 0.07
AVG DIFF L2D_CACHE_REFILL: 0.07
AVG DIFF L2D_CACHE_INVAL: 0.00
[cur diff] DIFF LL_CACHE_RD: 10, DIFF LL_CACHE_MISS_RD: 0, MISS_RATE: 0.00%
[cur diff] DIFF L2D_CACHE_REFILL: 0
[cur diff] DIFF L2D_CACHE_INVAL: 0
[max diff] DIFF LL_CACHE_RD: 8, DIFF LL_CACHE_MISS_RD: 7, MISS_RATE: 87.50%
[max diff] DIFF L2D_CACHE_REFILL: 6
[max diff] DIFF L2D_CACHE_INVAL: 0

===========================================================
taskpendcnt:87391
t0:1333 ns
t1:3208 ns
t2:98416 ns
benchmark: Franka-derived Cartesian-impedance kernel, input trace:8, timer period:1.000 ms
controller source: franka_ros2 jazzy@73a1501d, updates:87414, SVD sweeps:5
pose error:[0.010000 0.015000 0.010000 -0.000000 0.049979 -0.000000]
tau[0:6]:[-2.379368 -1.292411 -1.655224 -1.570015 -1.185234 -0.066588 -0.610247]
kernel exec min/avg/max: 94.21 / 95.48 / 102.08 us, samples:87424
pressure status:0, copy rounds total/window:0/0, 0.00 rounds/s
pressure logical copy:0.00 MiB total, approx 0.00 MiB/s, checksum:0
pressure report window:2.137857 s
t0_region>
[1]:87129
[2]:269
[3]:37
[4]:6
[5]:1
[6]:2
[7]:1

t1_region>
[2]:79811
[3]:7047
[4]:391
[5]:123
[6]:49
[7]:18
[8]:9
[9]:2
[10]:2

t2_region>
[97]:6380
[98]:77344
[99]:3038
[100]:372
[101]:193
[102]:74
[103]:37
[104]:13
[105]:2
[106]:6
[107]:1

t0_min: 1.04 us, round:124
t0_max: 7.17 us, round:80897
t0_jitter: 6.13 us

t1_min: 2.63 us, round:13
t1_max: 10.96 us, round:8153
t1_jitter: 8.33 us

t2_min: 97.13 us, round:2155
t2_max: 107.29 us, round:80900
t2_jitter: 10.17 us

PMU diff samples: 87490
AVG DIFF LL_CACHE_RD: 4.52
AVG DIFF LL_CACHE_MISS_RD: 0.07
AVG DIFF L2D_CACHE_REFILL: 0.07
AVG DIFF L2D_CACHE_INVAL: 0.00
[cur diff] DIFF LL_CACHE_RD: 15, DIFF LL_CACHE_MISS_RD: 0, MISS_RATE: 0.00%
[cur diff] DIFF L2D_CACHE_REFILL: 0
[cur diff] DIFF L2D_CACHE_INVAL: 0
[max diff] DIFF LL_CACHE_RD: 8, DIFF LL_CACHE_MISS_RD: 7, MISS_RATE: 87.50%
[max diff] DIFF L2D_CACHE_REFILL: 6
[max diff] DIFF L2D_CACHE_INVAL: 0

===========================================================
taskpendcnt:89529
t0:1416 ns
t1:3000 ns
t2:98500 ns
benchmark: Franka-derived Cartesian-impedance kernel, input trace:8, timer period:1.000 ms
controller source: franka_ros2 jazzy@73a1501d, updates:89552, SVD sweeps:5
pose error:[0.010000 0.015000 0.010000 -0.000000 0.049979 -0.000000]
tau[0:6]:[-0.274004 -0.324180 0.001577 -0.231466 0.050986 -0.328952 0.010844]
kernel exec min/avg/max: 94.21 / 95.48 / 102.08 us, samples:89561
pressure status:0, copy rounds total/window:0/0, 0.00 rounds/s
pressure logical copy:0.00 MiB total, approx 0.00 MiB/s, checksum:0
pressure report window:2.137639 s
t0_region>
[1]:89267
[2]:269
[3]:37
[4]:6
[5]:1
[6]:2
[7]:1

t1_region>
[2]:81777
[3]:7218
[4]:392
[5]:123
[6]:49
[7]:18
[8]:9
[9]:2
[10]:2

t2_region>
[97]:6380
[98]:79414
[99]:3106
[100]:372
[101]:193
[102]:74
[103]:37
[104]:13
[105]:2
[106]:6
[107]:1

t0_min: 1.04 us, round:124
t0_max: 7.17 us, round:80897
t0_jitter: 6.13 us

t1_min: 2.63 us, round:13
t1_max: 10.96 us, round:8153
t1_jitter: 8.33 us

t2_min: 97.13 us, round:2155
t2_max: 107.29 us, round:80900
t2_jitter: 10.17 us

PMU diff samples: 89628
AVG DIFF LL_CACHE_RD: 4.51
AVG DIFF LL_CACHE_MISS_RD: 0.07
AVG DIFF L2D_CACHE_REFILL: 0.07
AVG DIFF L2D_CACHE_INVAL: 0.00
[cur diff] DIFF LL_CACHE_RD: 14, DIFF LL_CACHE_MISS_RD: 0, MISS_RATE: 0.00%
[cur diff] DIFF L2D_CACHE_REFILL: 0
[cur diff] DIFF L2D_CACHE_INVAL: 0
[max diff] DIFF LL_CACHE_RD: 8, DIFF LL_CACHE_MISS_RD: 7, MISS_RATE: 87.50%
[max diff] DIFF L2D_CACHE_REFILL: 6
[max diff] DIFF L2D_CACHE_INVAL: 0

===========================================================
taskpendcnt:91667
t0:1208 ns
t1:3083 ns
t2:98583 ns
benchmark: Franka-derived Cartesian-impedance kernel, input trace:8, timer period:1.000 ms
controller source: franka_ros2 jazzy@73a1501d, updates:91690, SVD sweeps:5
pose error:[0.010000 0.015000 0.010000 -0.000000 0.049979 -0.000000]
tau[0:6]:[0.839771 0.130674 0.617691 0.624912 0.653099 -0.592692 0.265887]
kernel exec min/avg/max: 94.21 / 95.48 / 102.08 us, samples:91699
pressure status:0, copy rounds total/window:0/0, 0.00 rounds/s
pressure logical copy:0.00 MiB total, approx 0.00 MiB/s, checksum:0
pressure report window:2.137647 s
t0_region>
[1]:91404
[2]:269
[3]:37
[4]:6
[5]:1
[6]:2
[7]:1

t1_region>
[2]:83745
[3]:7388
[4]:392
[5]:123
[6]:49
[7]:18
[8]:9
[9]:2
[10]:2

t2_region>
[97]:6380
[98]:81518
[99]:3139
[100]:372
[101]:193
[102]:74
[103]:37
[104]:13
[105]:2
[106]:6
[107]:1

t0_min: 1.04 us, round:124
t0_max: 7.17 us, round:80897
t0_jitter: 6.13 us

t1_min: 2.63 us, round:13
t1_max: 10.96 us, round:8153
t1_jitter: 8.33 us

t2_min: 97.13 us, round:2155
t2_max: 107.29 us, round:80900
t2_jitter: 10.17 us

PMU diff samples: 91765
AVG DIFF LL_CACHE_RD: 4.50
AVG DIFF LL_CACHE_MISS_RD: 0.07
AVG DIFF L2D_CACHE_REFILL: 0.07
AVG DIFF L2D_CACHE_INVAL: 0.00
[cur diff] DIFF LL_CACHE_RD: 25, DIFF LL_CACHE_MISS_RD: 0, MISS_RATE: 0.00%
[cur diff] DIFF L2D_CACHE_REFILL: 0
[cur diff] DIFF L2D_CACHE_INVAL: 0
[max diff] DIFF LL_CACHE_RD: 8, DIFF LL_CACHE_MISS_RD: 7, MISS_RATE: 87.50%
[max diff] DIFF L2D_CACHE_REFILL: 6
[max diff] DIFF L2D_CACHE_INVAL: 0

===========================================================
taskpendcnt:93805
t0:1291 ns
t1:3166 ns
t2:98666 ns
benchmark: Franka-derived Cartesian-impedance kernel, input trace:8, timer period:1.000 ms
controller source: franka_ros2 jazzy@73a1501d, updates:93828, SVD sweeps:5
pose error:[0.010000 0.015000 0.010000 -0.000000 0.049979 -0.000000]
tau[0:6]:[1.376914 -0.104433 0.790225 0.843903 0.642107 -0.956178 0.423547]
kernel exec min/avg/max: 94.21 / 95.48 / 102.08 us, samples:93837
pressure status:0, copy rounds total/window:0/0, 0.00 rounds/s
pressure logical copy:0.00 MiB total, approx 0.00 MiB/s, checksum:0
pressure report window:2.137993 s
t0_region>
[1]:93541
[2]:270
[3]:37
[4]:6
[5]:1
[6]:2
[7]:1

t1_region>
[2]:85705
[3]:7566
[4]:392
[5]:123
[6]:49
[7]:18
[8]:9
[9]:2
[10]:2

t2_region>
[97]:6380
[98]:83614
[99]:3181
[100]:372
[101]:193
[102]:74
[103]:37
[104]:13
[105]:2
[106]:6
[107]:1

t0_min: 1.04 us, round:124
t0_max: 7.17 us, round:80897
t0_jitter: 6.13 us

t1_min: 2.63 us, round:13
t1_max: 10.96 us, round:8153
t1_jitter: 8.33 us

t2_min: 97.13 us, round:2155
t2_max: 107.29 us, round:80900
t2_jitter: 10.17 us

PMU diff samples: 93903
AVG DIFF LL_CACHE_RD: 4.50
AVG DIFF LL_CACHE_MISS_RD: 0.07
AVG DIFF L2D_CACHE_REFILL: 0.07
AVG DIFF L2D_CACHE_INVAL: 0.00
[cur diff] DIFF LL_CACHE_RD: 29, DIFF LL_CACHE_MISS_RD: 0, MISS_RATE: 0.00%
[cur diff] DIFF L2D_CACHE_REFILL: 0
[cur diff] DIFF L2D_CACHE_INVAL: 0
[max diff] DIFF LL_CACHE_RD: 8, DIFF LL_CACHE_MISS_RD: 7, MISS_RATE: 87.50%
[max diff] DIFF L2D_CACHE_REFILL: 6
[max diff] DIFF L2D_CACHE_INVAL: 0

===========================================================
taskpendcnt:95943
t0:1250 ns
t1:2958 ns
t2:99333 ns
benchmark: Franka-derived Cartesian-impedance kernel, input trace:8, timer period:1.000 ms
controller source: franka_ros2 jazzy@73a1501d, updates:95966, SVD sweeps:5
pose error:[0.010000 0.015000 0.010000 -0.000000 0.049979 -0.000000]
tau[0:6]:[-2.781770 -1.613002 -1.930139 -1.581803 -1.382951 -0.390599 -0.663394]
kernel exec min/avg/max: 94.21 / 95.49 / 102.08 us, samples:95975
pressure status:0, copy rounds total/window:0/0, 0.00 rounds/s
pressure logical copy:0.00 MiB total, approx 0.00 MiB/s, checksum:0
pressure report window:2.138346 s
t0_region>
[1]:95658
[2]:286
[3]:42
[4]:6
[5]:2
[6]:2
[7]:1

t1_region>
[2]:87546
[3]:7827
[4]:414
[5]:128
[6]:54
[7]:19
[8]:10
[9]:4
[10]:2

t2_region>
[97]:6380
[98]:85549
[99]:3337
[100]:401
[101]:202
[102]:81
[103]:38
[104]:14
[105]:3
[106]:7
[107]:1

t0_min: 1.04 us, round:124
t0_max: 7.17 us, round:80897
t0_jitter: 6.13 us

t1_min: 2.63 us, round:13
t1_max: 10.96 us, round:8153
t1_jitter: 8.33 us

t2_min: 97.13 us, round:2155
t2_max: 107.29 us, round:80900
t2_jitter: 10.17 us

PMU diff samples: 96042
AVG DIFF LL_CACHE_RD: 4.49
AVG DIFF LL_CACHE_MISS_RD: 0.07
AVG DIFF L2D_CACHE_REFILL: 0.07
AVG DIFF L2D_CACHE_INVAL: 0.00
[cur diff] DIFF LL_CACHE_RD: 6, DIFF LL_CACHE_MISS_RD: 0, MISS_RATE: 0.00%
[cur diff] DIFF L2D_CACHE_REFILL: 0
[cur diff] DIFF L2D_CACHE_INVAL: 0
[max diff] DIFF LL_CACHE_RD: 8, DIFF LL_CACHE_MISS_RD: 7, MISS_RATE: 87.50%
[max diff] DIFF L2D_CACHE_REFILL: 6
[max diff] DIFF L2D_CACHE_INVAL: 0

===========================================================
taskpendcnt:98081
t0:1333 ns
t1:3208 ns
t2:99000 ns
benchmark: Franka-derived Cartesian-impedance kernel, input trace:8, timer period:1.000 ms
controller source: franka_ros2 jazzy@73a1501d, updates:98104, SVD sweeps:5
pose error:[0.010000 0.015000 0.010000 -0.000000 0.049979 -0.000000]
tau[0:6]:[-1.839419 -0.921560 -1.193198 -1.195971 -0.861243 0.113634 -0.461388]
kernel exec min/avg/max: 94.21 / 95.49 / 102.08 us, samples:98113
pressure status:0, copy rounds total/window:0/0, 0.00 rounds/s
pressure logical copy:0.00 MiB total, approx 0.00 MiB/s, checksum:0
pressure report window:2.137815 s
t0_region>
[1]:97796
[2]:286
[3]:42
[4]:6
[5]:2
[6]:2
[7]:1

t1_region>
[2]:89516
[3]:7995
[4]:414
[5]:128
[6]:54
[7]:19
[8]:10
[9]:4
[10]:2

t2_region>
[97]:6380
[98]:87598
[99]:3425
[100]:401
[101]:202
[102]:81
[103]:38
[104]:14
[105]:3
[106]:7
[107]:1

t0_min: 1.04 us, round:124
t0_max: 7.17 us, round:80897
t0_jitter: 6.13 us

t1_min: 2.63 us, round:13
t1_max: 10.96 us, round:8153
t1_jitter: 8.33 us

t2_min: 97.13 us, round:2155
t2_max: 107.29 us, round:80900
t2_jitter: 10.17 us

PMU diff samples: 98180
AVG DIFF LL_CACHE_RD: 4.49
AVG DIFF LL_CACHE_MISS_RD: 0.07
AVG DIFF L2D_CACHE_REFILL: 0.07
AVG DIFF L2D_CACHE_INVAL: 0.00
[cur diff] DIFF LL_CACHE_RD: 10, DIFF LL_CACHE_MISS_RD: 0, MISS_RATE: 0.00%
[cur diff] DIFF L2D_CACHE_REFILL: 0
[cur diff] DIFF L2D_CACHE_INVAL: 0
[max diff] DIFF LL_CACHE_RD: 8, DIFF LL_CACHE_MISS_RD: 7, MISS_RATE: 87.50%
[max diff] DIFF L2D_CACHE_REFILL: 6
[max diff] DIFF L2D_CACHE_INVAL: 0

===========================================================
taskpendcnt:100219
t0:1416 ns
t1:3000 ns
t2:98791 ns
benchmark: Franka-derived Cartesian-impedance kernel, input trace:8, timer period:1.000 ms
controller source: franka_ros2 jazzy@73a1501d, updates:100242, SVD sweeps:5
pose error:[0.010000 0.015000 0.010000 -0.000000 0.049979 -0.000000]
tau[0:6]:[0.839771 0.130674 0.617691 0.624912 0.653099 -0.592692 0.265887]
kernel exec min/avg/max: 94.21 / 95.49 / 102.08 us, samples:100251
pressure status:0, copy rounds total/window:0/0, 0.00 rounds/s
pressure logical copy:0.00 MiB total, approx 0.00 MiB/s, checksum:0
pressure report window:2.137730 s
t0_region>
[1]:99933
[2]:286
[3]:42
[4]:6
[5]:2
[6]:2
[7]:1

t1_region>
[2]:91476
[3]:8172
[4]:414
[5]:128
[6]:54
[7]:19
[8]:10
[9]:4
[10]:2

t2_region>
[97]:6380
[98]:89697
[99]:3463
[100]:401
[101]:202
[102]:81
[103]:38
[104]:14
[105]:3
[106]:7
[107]:1

t0_min: 1.04 us, round:124
t0_max: 7.17 us, round:80897
t0_jitter: 6.13 us

t1_min: 2.63 us, round:13
t1_max: 10.96 us, round:8153
t1_jitter: 8.33 us

t2_min: 97.13 us, round:2155
t2_max: 107.29 us, round:80900
t2_jitter: 10.17 us

PMU diff samples: 100317
AVG DIFF LL_CACHE_RD: 4.48
AVG DIFF LL_CACHE_MISS_RD: 0.07
AVG DIFF L2D_CACHE_REFILL: 0.07
AVG DIFF L2D_CACHE_INVAL: 0.00
[cur diff] DIFF LL_CACHE_RD: 15, DIFF LL_CACHE_MISS_RD: 0, MISS_RATE: 0.00%
[cur diff] DIFF L2D_CACHE_REFILL: 0
[cur diff] DIFF L2D_CACHE_INVAL: 0
[max diff] DIFF LL_CACHE_RD: 8, DIFF LL_CACHE_MISS_RD: 7, MISS_RATE: 87.50%
[max diff] DIFF L2D_CACHE_REFILL: 6
[max diff] DIFF L2D_CACHE_INVAL: 0

===========================================================
taskpendcnt:102357
t0:1500 ns
t1:3083 ns
t2:98875 ns
benchmark: Franka-derived Cartesian-impedance kernel, input trace:8, timer period:1.000 ms
controller source: franka_ros2 jazzy@73a1501d, updates:102379, SVD sweeps:5
pose error:[0.010000 0.015000 0.010000 -0.000000 0.049979 -0.000000]
tau[0:6]:[1.376914 -0.104433 0.790225 0.843903 0.642107 -0.956178 0.423547]
kernel exec min/avg/max: 94.21 / 95.49 / 102.08 us, samples:102389
pressure status:0, copy rounds total/window:0/0, 0.00 rounds/s
pressure logical copy:0.00 MiB total, approx 0.00 MiB/s, checksum:0
pressure report window:2.137993 s
t0_region>
[1]:102071
[2]:286
[3]:42
[4]:6
[5]:2
[6]:2
[7]:1

t1_region>
[2]:93438
[3]:8348
[4]:414
[5]:128
[6]:54
[7]:19
[8]:10
[9]:4
[10]:2

t2_region>
[97]:6380
[98]:91787
[99]:3511
[100]:401
[101]:202
[102]:81
[103]:38
[104]:14
[105]:3
[106]:7
[107]:1

t0_min: 1.04 us, round:124
t0_max: 7.17 us, round:80897
t0_jitter: 6.13 us

t1_min: 2.63 us, round:13
t1_max: 10.96 us, round:8153
t1_jitter: 8.33 us

t2_min: 97.13 us, round:2155
t2_max: 107.29 us, round:80900
t2_jitter: 10.17 us

PMU diff samples: 102455
AVG DIFF LL_CACHE_RD: 4.47
AVG DIFF LL_CACHE_MISS_RD: 0.07
AVG DIFF L2D_CACHE_REFILL: 0.07
AVG DIFF L2D_CACHE_INVAL: 0.00
[cur diff] DIFF LL_CACHE_RD: 11, DIFF LL_CACHE_MISS_RD: 0, MISS_RATE: 0.00%
[cur diff] DIFF L2D_CACHE_REFILL: 0
[cur diff] DIFF L2D_CACHE_INVAL: 0
[max diff] DIFF LL_CACHE_RD: 8, DIFF LL_CACHE_MISS_RD: 7, MISS_RATE: 87.50%
[max diff] DIFF L2D_CACHE_REFILL: 6
[max diff] DIFF L2D_CACHE_INVAL: 0

===========================================================
taskpendcnt:104495
t0:1583 ns
t1:2875 ns
t2:98666 ns
benchmark: Franka-derived Cartesian-impedance kernel, input trace:8, timer period:1.000 ms
controller source: franka_ros2 jazzy@73a1501d, updates:104517, SVD sweeps:5
pose error:[0.010000 0.015000 0.010000 -0.000000 0.049979 -0.000000]
tau[0:6]:[-2.781770 -1.613002 -1.930139 -1.581803 -1.382951 -0.390599 -0.663394]
kernel exec min/avg/max: 94.21 / 95.49 / 102.08 us, samples:104527
pressure status:0, copy rounds total/window:0/0, 0.00 rounds/s
pressure logical copy:0.00 MiB total, approx 0.00 MiB/s, checksum:0
pressure report window:2.138335 s
t0_region>
[1]:104210
[2]:286
[3]:42
[4]:6
[5]:2
[6]:2
[7]:1

t1_region>
[2]:95399
[3]:8525
[4]:414
[5]:128
[6]:54
[7]:19
[8]:10
[9]:4
[10]:2

t2_region>
[97]:6380
[98]:93895
[99]:3542
[100]:401
[101]:202
[102]:81
[103]:38
[104]:14
[105]:3
[106]:7
[107]:1

t0_min: 1.04 us, round:124
t0_max: 7.17 us, round:80897
t0_jitter: 6.13 us

t1_min: 2.63 us, round:13
t1_max: 10.96 us, round:8153
t1_jitter: 8.33 us

t2_min: 97.13 us, round:2155
t2_max: 107.29 us, round:80900
t2_jitter: 10.17 us

PMU diff samples: 104594
AVG DIFF LL_CACHE_RD: 4.47
AVG DIFF LL_CACHE_MISS_RD: 0.07
AVG DIFF L2D_CACHE_REFILL: 0.07
AVG DIFF L2D_CACHE_INVAL: 0.00
[cur diff] DIFF LL_CACHE_RD: 13, DIFF LL_CACHE_MISS_RD: 0, MISS_RATE: 0.00%
[cur diff] DIFF L2D_CACHE_REFILL: 0
[cur diff] DIFF L2D_CACHE_INVAL: 0
[max diff] DIFF LL_CACHE_RD: 8, DIFF LL_CACHE_MISS_RD: 7, MISS_RATE: 87.50%
[max diff] DIFF L2D_CACHE_REFILL: 6
[max diff] DIFF L2D_CACHE_INVAL: 0

===========================================================
taskpendcnt:106634
t0:1500 ns
t1:3083 ns
t2:98875 ns
benchmark: Franka-derived Cartesian-impedance kernel, input trace:8, timer period:1.000 ms
controller source: franka_ros2 jazzy@73a1501d, updates:106656, SVD sweeps:5
pose error:[0.010000 0.015000 0.010000 -0.000000 0.049979 -0.000000]
tau[0:6]:[-0.274004 -0.324180 0.001577 -0.231466 0.050986 -0.328952 0.010844]
kernel exec min/avg/max: 94.21 / 95.49 / 102.08 us, samples:106666
pressure status:0, copy rounds total/window:0/0, 0.00 rounds/s
pressure logical copy:0.00 MiB total, approx 0.00 MiB/s, checksum:0
pressure report window:2.138646 s
t0_region>
[1]:106348
[2]:286
[3]:42
[4]:6
[5]:2
[6]:2
[7]:1

t1_region>
[2]:97367
[3]:8696
[4]:414
[5]:128
[6]:54
[7]:19
[8]:10
[9]:4
[10]:2

t2_region>
[97]:6380
[98]:95979
[99]:3596
[100]:401
[101]:202
[102]:81
[103]:38
[104]:14
[105]:3
[106]:7
[107]:1

t0_min: 1.04 us, round:124
t0_max: 7.17 us, round:80897
t0_jitter: 6.13 us

t1_min: 2.63 us, round:13
t1_max: 10.96 us, round:8153
t1_jitter: 8.33 us

t2_min: 97.13 us, round:2155
t2_max: 107.29 us, round:80900
t2_jitter: 10.17 us

PMU diff samples: 106732
AVG DIFF LL_CACHE_RD: 4.46
AVG DIFF LL_CACHE_MISS_RD: 0.07
AVG DIFF L2D_CACHE_REFILL: 0.07
AVG DIFF L2D_CACHE_INVAL: 0.00
[cur diff] DIFF LL_CACHE_RD: 27, DIFF LL_CACHE_MISS_RD: 0, MISS_RATE: 0.00%
[cur diff] DIFF L2D_CACHE_REFILL: 0
[cur diff] DIFF L2D_CACHE_INVAL: 0
[max diff] DIFF LL_CACHE_RD: 8, DIFF LL_CACHE_MISS_RD: 7, MISS_RATE: 87.50%
[max diff] DIFF L2D_CACHE_REFILL: 6
[max diff] DIFF L2D_CACHE_INVAL: 0

===========================================================
taskpendcnt:108772
t0:1291 ns
t1:3750 ns
t2:99250 ns
benchmark: Franka-derived Cartesian-impedance kernel, input trace:8, timer period:1.000 ms
controller source: franka_ros2 jazzy@73a1501d, updates:108794, SVD sweeps:5
pose error:[0.010000 0.015000 0.010000 -0.000000 0.049979 -0.000000]
tau[0:6]:[1.228026 0.081850 0.819520 0.875435 0.745706 -0.833381 0.398995]
kernel exec min/avg/max: 94.21 / 95.49 / 102.08 us, samples:108804
pressure status:0, copy rounds total/window:0/0, 0.00 rounds/s
pressure logical copy:0.00 MiB total, approx 0.00 MiB/s, checksum:0
pressure report window:2.137740 s
t0_region>
[1]:108485
[2]:286
[3]:43
[4]:6
[5]:2
[6]:2
[7]:1

t1_region>
[2]:99337
[3]:8861
[4]:417
[5]:128
[6]:54
[7]:19
[8]:10
[9]:4
[10]:2

t2_region>
[97]:6380
[98]:98048
[99]:3663
[100]:403
[101]:202
[102]:82
[103]:38
[104]:14
[105]:3
[106]:7
[107]:1

t0_min: 1.04 us, round:124
t0_max: 7.17 us, round:80897
t0_jitter: 6.13 us

t1_min: 2.63 us, round:13
t1_max: 10.96 us, round:8153
t1_jitter: 8.33 us

t2_min: 97.13 us, round:2155
t2_max: 107.29 us, round:80900
t2_jitter: 10.17 us

PMU diff samples: 108870
AVG DIFF LL_CACHE_RD: 4.46
AVG DIFF LL_CACHE_MISS_RD: 0.07
AVG DIFF L2D_CACHE_REFILL: 0.07
AVG DIFF L2D_CACHE_INVAL: 0.00
[cur diff] DIFF LL_CACHE_RD: 11, DIFF LL_CACHE_MISS_RD: 0, MISS_RATE: 0.00%
[cur diff] DIFF L2D_CACHE_REFILL: 0
[cur diff] DIFF L2D_CACHE_INVAL: 0
[max diff] DIFF LL_CACHE_RD: 8, DIFF LL_CACHE_MISS_RD: 7, MISS_RATE: 87.50%
[max diff] DIFF L2D_CACHE_REFILL: 6
[max diff] DIFF L2D_CACHE_INVAL: 0

===========================================================
taskpendcnt:110909
t0:1375 ns
t1:2958 ns
t2:98750 ns
benchmark: Franka-derived Cartesian-impedance kernel, input trace:8, timer period:1.000 ms
controller source: franka_ros2 jazzy@73a1501d, updates:110932, SVD sweeps:5
pose error:[0.010000 0.015000 0.010000 -0.000000 0.049979 -0.000000]
tau[0:6]:[-0.567483 -0.552304 -0.482512 -0.231067 -0.297494 -0.656094 -0.085004]
kernel exec min/avg/max: 94.21 / 95.50 / 102.08 us, samples:110942
pressure status:0, copy rounds total/window:0/0, 0.00 rounds/s
pressure logical copy:0.00 MiB total, approx 0.00 MiB/s, checksum:0
pressure report window:2.138327 s
t0_region>
[1]:110603
[2]:303
[3]:44
[4]:7
[5]:3
[6]:2
[7]:1

t1_region>
[2]:101215
[3]:9094
[4]:435
[5]:131
[6]:55
[7]:21
[8]:12
[9]:6
[10]:2

t2_region>
[97]:6380
[98]:99974
[99]:3839
[100]:425
[101]:208
[102]:85
[103]:40
[104]:16
[105]:5
[106]:7
[107]:1

t0_min: 1.04 us, round:124
t0_max: 7.17 us, round:80897
t0_jitter: 6.13 us

t1_min: 2.63 us, round:13
t1_max: 10.96 us, round:8153
t1_jitter: 8.33 us

t2_min: 97.13 us, round:2155
t2_max: 107.29 us, round:80900
t2_jitter: 10.17 us

PMU diff samples: 111008
AVG DIFF LL_CACHE_RD: 4.45
AVG DIFF LL_CACHE_MISS_RD: 0.07
AVG DIFF L2D_CACHE_REFILL: 0.07
AVG DIFF L2D_CACHE_INVAL: 0.00
[cur diff] DIFF LL_CACHE_RD: 8, DIFF LL_CACHE_MISS_RD: 0, MISS_RATE: 0.00%
[cur diff] DIFF L2D_CACHE_REFILL: 0
[cur diff] DIFF L2D_CACHE_INVAL: 0
[max diff] DIFF LL_CACHE_RD: 8, DIFF LL_CACHE_MISS_RD: 7, MISS_RATE: 87.50%
[max diff] DIFF L2D_CACHE_REFILL: 6
[max diff] DIFF L2D_CACHE_INVAL: 0

===========================================================
taskpendcnt:113048
t0:1291 ns
t1:2875 ns
t2:98958 ns
benchmark: Franka-derived Cartesian-impedance kernel, input trace:8, timer period:1.000 ms
controller source: franka_ros2 jazzy@73a1501d, updates:113071, SVD sweeps:5
pose error:[0.010000 0.015000 0.010000 -0.000000 0.049979 -0.000000]
tau[0:6]:[-1.839419 -0.921560 -1.193198 -1.195971 -0.861243 0.113634 -0.461388]
kernel exec min/avg/max: 94.21 / 95.50 / 102.08 us, samples:113081
pressure status:0, copy rounds total/window:0/0, 0.00 rounds/s
pressure logical copy:0.00 MiB total, approx 0.00 MiB/s, checksum:0
pressure report window:2.138813 s
t0_region>
[1]:112742
[2]:303
[3]:44
[4]:7
[5]:3
[6]:2
[7]:1

t1_region>
[2]:103182
[3]:9265
[4]:435
[5]:131
[6]:55
[7]:21
[8]:12
[9]:6
[10]:2

t2_region>
[97]:6380
[98]:102030
[99]:3920
[100]:425
[101]:208
[102]:85
[103]:40
[104]:16
[105]:5
[106]:7
[107]:1

t0_min: 1.04 us, round:124
t0_max: 7.17 us, round:80897
t0_jitter: 6.13 us

t1_min: 2.63 us, round:13
t1_max: 10.96 us, round:8153
t1_jitter: 8.33 us

t2_min: 97.13 us, round:2155
t2_max: 107.29 us, round:80900
t2_jitter: 10.17 us

PMU diff samples: 113147
AVG DIFF LL_CACHE_RD: 4.45
AVG DIFF LL_CACHE_MISS_RD: 0.07
AVG DIFF L2D_CACHE_REFILL: 0.07
AVG DIFF L2D_CACHE_INVAL: 0.00
[cur diff] DIFF LL_CACHE_RD: 16, DIFF LL_CACHE_MISS_RD: 0, MISS_RATE: 0.00%
[cur diff] DIFF L2D_CACHE_REFILL: 0
[cur diff] DIFF L2D_CACHE_INVAL: 0
[max diff] DIFF LL_CACHE_RD: 8, DIFF LL_CACHE_MISS_RD: 7, MISS_RATE: 87.50%
[max diff] DIFF L2D_CACHE_REFILL: 6
[max diff] DIFF L2D_CACHE_INVAL: 0

===========================================================
taskpendcnt:115187
t0:1208 ns
t1:3083 ns
t2:98583 ns
benchmark: Franka-derived Cartesian-impedance kernel, input trace:8, timer period:1.000 ms
controller source: franka_ros2 jazzy@73a1501d, updates:115210, SVD sweeps:5
pose error:[0.010000 0.015000 0.010000 -0.000000 0.049979 -0.000000]
tau[0:6]:[1.228026 0.081850 0.819520 0.875435 0.745706 -0.833381 0.398995]
kernel exec min/avg/max: 94.21 / 95.50 / 102.08 us, samples:115219
pressure status:0, copy rounds total/window:0/0, 0.00 rounds/s
pressure logical copy:0.00 MiB total, approx 0.00 MiB/s, checksum:0
pressure report window:2.138472 s
t0_region>
[1]:114881
[2]:303
[3]:44
[4]:7
[5]:3
[6]:2
[7]:1

t1_region>
[2]:105155
[3]:9431
[4]:435
[5]:131
[6]:55
[7]:21
[8]:12
[9]:6
[10]:2

t2_region>
[97]:6380
[98]:104126
[99]:3963
[100]:425
[101]:208
[102]:85
[103]:40
[104]:16
[105]:5
[106]:7
[107]:1

t0_min: 1.04 us, round:124
t0_max: 7.17 us, round:80897
t0_jitter: 6.13 us

t1_min: 2.63 us, round:13
t1_max: 10.96 us, round:8153
t1_jitter: 8.33 us

t2_min: 97.13 us, round:2155
t2_max: 107.29 us, round:80900
t2_jitter: 10.17 us

PMU diff samples: 115286
AVG DIFF LL_CACHE_RD: 4.44
AVG DIFF LL_CACHE_MISS_RD: 0.07
AVG DIFF L2D_CACHE_REFILL: 0.07
AVG DIFF L2D_CACHE_INVAL: 0.00
[cur diff] DIFF LL_CACHE_RD: 18, DIFF LL_CACHE_MISS_RD: 0, MISS_RATE: 0.00%
[cur diff] DIFF L2D_CACHE_REFILL: 0
[cur diff] DIFF L2D_CACHE_INVAL: 0
[max diff] DIFF LL_CACHE_RD: 8, DIFF LL_CACHE_MISS_RD: 7, MISS_RATE: 87.50%
[max diff] DIFF L2D_CACHE_REFILL: 6
[max diff] DIFF L2D_CACHE_INVAL: 0

===========================================================
taskpendcnt:117325
t0:1291 ns
t1:2875 ns
t2:98375 ns
benchmark: Franka-derived Cartesian-impedance kernel, input trace:8, timer period:1.000 ms
controller source: franka_ros2 jazzy@73a1501d, updates:117348, SVD sweeps:5
pose error:[0.010000 0.015000 0.010000 -0.000000 0.049979 -0.000000]
tau[0:6]:[-0.567483 -0.552304 -0.482512 -0.231067 -0.297494 -0.656094 -0.085004]
kernel exec min/avg/max: 94.21 / 95.50 / 102.08 us, samples:117358
pressure status:0, copy rounds total/window:0/0, 0.00 rounds/s
pressure logical copy:0.00 MiB total, approx 0.00 MiB/s, checksum:0
pressure report window:2.138503 s
t0_region>
[1]:117014
[2]:307
[3]:45
[4]:7
[5]:3
[6]:2
[7]:1

t1_region>
[2]:107076
[3]:9614
[4]:466
[5]:133
[6]:56
[7]:21
[8]:12
[9]:6
[10]:2

t2_region>
[97]:6380
[98]:106179
[99]:4014
[100]:451
[101]:212
[102]:88
[103]:41
[104]:16
[105]:5
[106]:7
[107]:1

t0_min: 1.04 us, round:124
t0_max: 7.17 us, round:80897
t0_jitter: 6.13 us

t1_min: 2.63 us, round:13
t1_max: 10.96 us, round:8153
t1_jitter: 8.33 us

t2_min: 97.13 us, round:2155
t2_max: 107.29 us, round:80900
t2_jitter: 10.17 us

PMU diff samples: 117424
AVG DIFF LL_CACHE_RD: 4.49
AVG DIFF LL_CACHE_MISS_RD: 0.07
AVG DIFF L2D_CACHE_REFILL: 0.07
AVG DIFF L2D_CACHE_INVAL: 0.00
[cur diff] DIFF LL_CACHE_RD: 12, DIFF LL_CACHE_MISS_RD: 1, MISS_RATE: 8.33%
[cur diff] DIFF L2D_CACHE_REFILL: 0
[cur diff] DIFF L2D_CACHE_INVAL: 0
[max diff] DIFF LL_CACHE_RD: 8, DIFF LL_CACHE_MISS_RD: 7, MISS_RATE: 87.50%
[max diff] DIFF L2D_CACHE_REFILL: 6
[max diff] DIFF L2D_CACHE_INVAL: 0

===========================================================
taskpendcnt:119464
t0:1208 ns
t1:3083 ns
t2:98583 ns
benchmark: Franka-derived Cartesian-impedance kernel, input trace:8, timer period:1.000 ms
controller source: franka_ros2 jazzy@73a1501d, updates:119487, SVD sweeps:5
pose error:[0.010000 0.015000 0.010000 -0.000000 0.049979 -0.000000]
tau[0:6]:[-2.379368 -1.292411 -1.655224 -1.570015 -1.185234 -0.066588 -0.610247]
kernel exec min/avg/max: 94.21 / 95.50 / 102.08 us, samples:119497
pressure status:0, copy rounds total/window:0/0, 0.00 rounds/s
pressure logical copy:0.00 MiB total, approx 0.00 MiB/s, checksum:0
pressure report window:2.138830 s
t0_region>
[1]:119153
[2]:307
[3]:45
[4]:7
[5]:3
[6]:2
[7]:1

t1_region>
[2]:109051
[3]:9778
[4]:466
[5]:133
[6]:56
[7]:21
[8]:12
[9]:6
[10]:2

t2_region>
[97]:6380
[98]:108278
[99]:4054
[100]:451
[101]:212
[102]:88
[103]:41
[104]:16
[105]:5
[106]:7
[107]:1

t0_min: 1.04 us, round:124
t0_max: 7.17 us, round:80897
t0_jitter: 6.13 us

t1_min: 2.63 us, round:13
t1_max: 10.96 us, round:8153
t1_jitter: 8.33 us

t2_min: 97.13 us, round:2155
t2_max: 107.29 us, round:80900
t2_jitter: 10.17 us

PMU diff samples: 119563
AVG DIFF LL_CACHE_RD: 4.49
AVG DIFF LL_CACHE_MISS_RD: 0.07
AVG DIFF L2D_CACHE_REFILL: 0.07
AVG DIFF L2D_CACHE_INVAL: 0.00
[cur diff] DIFF LL_CACHE_RD: 17, DIFF LL_CACHE_MISS_RD: 0, MISS_RATE: 0.00%
[cur diff] DIFF L2D_CACHE_REFILL: 0
[cur diff] DIFF L2D_CACHE_INVAL: 0
[max diff] DIFF LL_CACHE_RD: 8, DIFF LL_CACHE_MISS_RD: 7, MISS_RATE: 87.50%
[max diff] DIFF L2D_CACHE_REFILL: 6
[max diff] DIFF L2D_CACHE_INVAL: 0

===========================================================
taskpendcnt:121603
t0:1583 ns
t1:3166 ns
t2:98666 ns
benchmark: Franka-derived Cartesian-impedance kernel, input trace:8, timer period:1.000 ms
controller source: franka_ros2 jazzy@73a1501d, updates:121626, SVD sweeps:5
pose error:[0.010000 0.015000 0.010000 -0.000000 0.049979 -0.000000]
tau[0:6]:[0.839771 0.130674 0.617691 0.624912 0.653099 -0.592692 0.265887]
kernel exec min/avg/max: 94.21 / 95.50 / 102.08 us, samples:121635
pressure status:0, copy rounds total/window:0/0, 0.00 rounds/s
pressure logical copy:0.00 MiB total, approx 0.00 MiB/s, checksum:0
pressure report window:2.138382 s
t0_region>
[1]:121290
[2]:307
[3]:45
[4]:7
[5]:4
[6]:2
[7]:1

t1_region>
[2]:111036
[3]:9931
[4]:466
[5]:133
[6]:56
[7]:22
[8]:12
[9]:6
[10]:2

t2_region>
[97]:6380
[98]:110372
[99]:4098
[100]:451
[101]:212
[102]:89
[103]:41
[104]:16
[105]:5
[106]:7
[107]:1

t0_min: 1.04 us, round:124
t0_max: 7.17 us, round:80897
t0_jitter: 6.13 us

t1_min: 2.63 us, round:13
t1_max: 10.96 us, round:8153
t1_jitter: 8.33 us

t2_min: 97.13 us, round:2155
t2_max: 107.29 us, round:80900
t2_jitter: 10.17 us

PMU diff samples: 121702
AVG DIFF LL_CACHE_RD: 4.48
AVG DIFF LL_CACHE_MISS_RD: 0.07
AVG DIFF L2D_CACHE_REFILL: 0.07
AVG DIFF L2D_CACHE_INVAL: 0.00
[cur diff] DIFF LL_CACHE_RD: 13, DIFF LL_CACHE_MISS_RD: 0, MISS_RATE: 0.00%
[cur diff] DIFF L2D_CACHE_REFILL: 0
[cur diff] DIFF L2D_CACHE_INVAL: 0
[max diff] DIFF LL_CACHE_RD: 8, DIFF LL_CACHE_MISS_RD: 7, MISS_RATE: 87.50%
[max diff] DIFF L2D_CACHE_REFILL: 6
[max diff] DIFF L2D_CACHE_INVAL: 0

===========================================================
taskpendcnt:123741
t0:1666 ns
t1:3250 ns
t2:98750 ns
benchmark: Franka-derived Cartesian-impedance kernel, input trace:8, timer period:1.000 ms
controller source: franka_ros2 jazzy@73a1501d, updates:123763, SVD sweeps:5
pose error:[0.010000 0.015000 0.010000 -0.000000 0.049979 -0.000000]
tau[0:6]:[1.376914 -0.104433 0.790225 0.843903 0.642107 -0.956178 0.423547]
kernel exec min/avg/max: 94.21 / 95.50 / 102.08 us, samples:123773
pressure status:0, copy rounds total/window:0/0, 0.00 rounds/s
pressure logical copy:0.00 MiB total, approx 0.00 MiB/s, checksum:0
pressure report window:2.137989 s
t0_region>
[1]:123428
[2]:307
[3]:45
[4]:7
[5]:4
[6]:2
[7]:1

t1_region>
[2]:113017
[3]:10087
[4]:466
[5]:133
[6]:57
[7]:22
[8]:12
[9]:6
[10]:2

t2_region>
[97]:6380
[98]:112465
[99]:4141
[100]:451
[101]:214
[102]:89
[103]:41
[104]:16
[105]:5
[106]:7
[107]:1

t0_min: 1.04 us, round:124
t0_max: 7.17 us, round:80897
t0_jitter: 6.13 us

t1_min: 2.63 us, round:13
t1_max: 10.96 us, round:8153
t1_jitter: 8.33 us

t2_min: 97.13 us, round:2155
t2_max: 107.29 us, round:80900
t2_jitter: 10.17 us

PMU diff samples: 123840
AVG DIFF LL_CACHE_RD: 4.47
AVG DIFF LL_CACHE_MISS_RD: 0.07
AVG DIFF L2D_CACHE_REFILL: 0.07
AVG DIFF L2D_CACHE_INVAL: 0.00
[cur diff] DIFF LL_CACHE_RD: 13, DIFF LL_CACHE_MISS_RD: 0, MISS_RATE: 0.00%
[cur diff] DIFF L2D_CACHE_REFILL: 0
[cur diff] DIFF L2D_CACHE_INVAL: 0
[max diff] DIFF LL_CACHE_RD: 8, DIFF LL_CACHE_MISS_RD: 7, MISS_RATE: 87.50%
[max diff] DIFF L2D_CACHE_REFILL: 6
[max diff] DIFF L2D_CACHE_INVAL: 0

===========================================================
taskpendcnt:125879
t0:1458 ns
t1:3333 ns
t2:98541 ns
benchmark: Franka-derived Cartesian-impedance kernel, input trace:8, timer period:1.000 ms
controller source: franka_ros2 jazzy@73a1501d, updates:125901, SVD sweeps:5
pose error:[0.010000 0.015000 0.010000 -0.000000 0.049979 -0.000000]
tau[0:6]:[-2.781770 -1.613002 -1.930139 -1.581803 -1.382951 -0.390599 -0.663394]
kernel exec min/avg/max: 94.21 / 95.51 / 102.08 us, samples:125911
pressure status:0, copy rounds total/window:0/0, 0.00 rounds/s
pressure logical copy:0.00 MiB total, approx 0.00 MiB/s, checksum:0
pressure report window:2.138348 s
t0_region>
[1]:125557
[2]:315
[3]:47
[4]:7
[5]:4
[6]:2
[7]:1

t1_region>
[2]:114899
[3]:10322
[4]:481
[5]:137
[6]:58
[7]:22
[8]:13
[9]:6
[10]:2

t2_region>
[97]:6380
[98]:114345
[99]:4376
[100]:467
[101]:217
[102]:92
[103]:42
[104]:17
[105]:5
[106]:7
[107]:1

t0_min: 1.04 us, round:124
t0_max: 7.17 us, round:80897
t0_jitter: 6.13 us

t1_min: 2.63 us, round:13
t1_max: 10.96 us, round:8153
t1_jitter: 8.33 us

t2_min: 97.13 us, round:2155
t2_max: 107.29 us, round:80900
t2_jitter: 10.17 us

PMU diff samples: 125978
AVG DIFF LL_CACHE_RD: 4.47
AVG DIFF LL_CACHE_MISS_RD: 0.07
AVG DIFF L2D_CACHE_REFILL: 0.07
AVG DIFF L2D_CACHE_INVAL: 0.00
[cur diff] DIFF LL_CACHE_RD: 11, DIFF LL_CACHE_MISS_RD: 0, MISS_RATE: 0.00%
[cur diff] DIFF L2D_CACHE_REFILL: 0
[cur diff] DIFF L2D_CACHE_INVAL: 0
[max diff] DIFF LL_CACHE_RD: 8, DIFF LL_CACHE_MISS_RD: 7, MISS_RATE: 87.50%
[max diff] DIFF L2D_CACHE_REFILL: 6
[max diff] DIFF L2D_CACHE_INVAL: 0

===========================================================
taskpendcnt:128018
t0:1375 ns
t1:3541 ns
t2:98750 ns
benchmark: Franka-derived Cartesian-impedance kernel, input trace:8, timer period:1.000 ms
controller source: franka_ros2 jazzy@73a1501d, updates:128040, SVD sweeps:5
pose error:[0.010000 0.015000 0.010000 -0.000000 0.049979 -0.000000]
tau[0:6]:[-0.274004 -0.324180 0.001577 -0.231466 0.050986 -0.328952 0.010844]
kernel exec min/avg/max: 94.21 / 95.51 / 102.08 us, samples:128050
pressure status:0, copy rounds total/window:0/0, 0.00 rounds/s
pressure logical copy:0.00 MiB total, approx 0.00 MiB/s, checksum:0
pressure report window:2.138640 s
t0_region>
[1]:127695
[2]:315
[3]:47
[4]:7
[5]:4
[6]:2
[7]:1

t1_region>
[2]:116879
[3]:10481
[4]:481
[5]:137
[6]:58
[7]:22
[8]:13
[9]:6
[10]:2

t2_region>
[97]:6380
[98]:116409
[99]:4450
[100]:467
[101]:217
[102]:92
[103]:42
[104]:17
[105]:5
[106]:7
[107]:1

t0_min: 1.04 us, round:124
t0_max: 7.17 us, round:80897
t0_jitter: 6.13 us

t1_min: 2.63 us, round:13
t1_max: 10.96 us, round:8153
t1_jitter: 8.33 us

t2_min: 97.13 us, round:2155
t2_max: 107.29 us, round:80900
t2_jitter: 10.17 us

PMU diff samples: 128117
AVG DIFF LL_CACHE_RD: 4.47
AVG DIFF LL_CACHE_MISS_RD: 0.07
AVG DIFF L2D_CACHE_REFILL: 0.07
AVG DIFF L2D_CACHE_INVAL: 0.00
[cur diff] DIFF LL_CACHE_RD: 10, DIFF LL_CACHE_MISS_RD: 0, MISS_RATE: 0.00%
[cur diff] DIFF L2D_CACHE_REFILL: 0
[cur diff] DIFF L2D_CACHE_INVAL: 0
[max diff] DIFF LL_CACHE_RD: 8, DIFF LL_CACHE_MISS_RD: 7, MISS_RATE: 87.50%
[max diff] DIFF L2D_CACHE_REFILL: 6
[max diff] DIFF L2D_CACHE_INVAL: 0

===========================================================
taskpendcnt:130157
t0:1291 ns
t1:3458 ns
t2:99833 ns
benchmark: Franka-derived Cartesian-impedance kernel, input trace:8, timer period:1.000 ms
controller source: franka_ros2 jazzy@73a1501d, updates:130179, SVD sweeps:5
pose error:[0.010000 0.015000 0.010000 -0.000000 0.049979 -0.000000]
tau[0:6]:[1.376914 -0.104433 0.790225 0.843903 0.642107 -0.956178 0.423547]
kernel exec min/avg/max: 94.21 / 95.51 / 102.08 us, samples:130189
pressure status:0, copy rounds total/window:0/0, 0.00 rounds/s
pressure logical copy:0.00 MiB total, approx 0.00 MiB/s, checksum:0
pressure report window:2.138812 s
t0_region>
[1]:129834
[2]:315
[3]:47
[4]:7
[5]:4
[6]:2
[7]:1

t1_region>
[2]:118849
[3]:10649
[4]:481
[5]:137
[6]:58
[7]:22
[8]:13
[9]:6
[10]:2

t2_region>
[97]:6380
[98]:118461
[99]:4538
[100]:467
[101]:217
[102]:92
[103]:42
[104]:17
[105]:5
[106]:7
[107]:1

t0_min: 1.04 us, round:124
t0_max: 7.17 us, round:80897
t0_jitter: 6.13 us

t1_min: 2.63 us, round:13
t1_max: 10.96 us, round:8153
t1_jitter: 8.33 us

t2_min: 97.13 us, round:2155
t2_max: 107.29 us, round:80900
t2_jitter: 10.17 us

PMU diff samples: 130255
AVG DIFF LL_CACHE_RD: 4.46
AVG DIFF LL_CACHE_MISS_RD: 0.07
AVG DIFF L2D_CACHE_REFILL: 0.07
AVG DIFF L2D_CACHE_INVAL: 0.00
[cur diff] DIFF LL_CACHE_RD: 20, DIFF LL_CACHE_MISS_RD: 0, MISS_RATE: 0.00%
[cur diff] DIFF L2D_CACHE_REFILL: 0
[cur diff] DIFF L2D_CACHE_INVAL: 0
[max diff] DIFF LL_CACHE_RD: 8, DIFF LL_CACHE_MISS_RD: 7, MISS_RATE: 87.50%
[max diff] DIFF L2D_CACHE_REFILL: 6
[max diff] DIFF L2D_CACHE_INVAL: 0

===========================================================
taskpendcnt:132294
t0:1375 ns
t1:2958 ns
t2:98458 ns
benchmark: Franka-derived Cartesian-impedance kernel, input trace:8, timer period:1.000 ms
controller source: franka_ros2 jazzy@73a1501d, updates:132317, SVD sweeps:5
pose error:[0.010000 0.015000 0.010000 -0.000000 0.049979 -0.000000]
tau[0:6]:[-2.781770 -1.613002 -1.930139 -1.581803 -1.382951 -0.390599 -0.663394]
kernel exec min/avg/max: 94.21 / 95.51 / 102.08 us, samples:132327
pressure status:0, copy rounds total/window:0/0, 0.00 rounds/s
pressure logical copy:0.00 MiB total, approx 0.00 MiB/s, checksum:0
pressure report window:2.138244 s
t0_region>
[1]:131972
[2]:315
[3]:47
[4]:7
[5]:4
[6]:2
[7]:1

t1_region>
[2]:120831
[3]:10806
[4]:481
[5]:137
[6]:58
[7]:22
[8]:13
[9]:6
[10]:2

t2_region>
[97]:6380
[98]:120548
[99]:4587
[100]:468
[101]:217
[102]:92
[103]:42
[104]:17
[105]:5
[106]:7
[107]:1

t0_min: 1.04 us, round:124
t0_max: 7.17 us, round:80897
t0_jitter: 6.13 us

t1_min: 2.63 us, round:13
t1_max: 10.96 us, round:8153
t1_jitter: 8.33 us

t2_min: 97.13 us, round:2155
t2_max: 107.29 us, round:80900
t2_jitter: 10.17 us

PMU diff samples: 132394
AVG DIFF LL_CACHE_RD: 4.46
AVG DIFF LL_CACHE_MISS_RD: 0.07
AVG DIFF L2D_CACHE_REFILL: 0.07
AVG DIFF L2D_CACHE_INVAL: 0.00
[cur diff] DIFF LL_CACHE_RD: 9, DIFF LL_CACHE_MISS_RD: 0, MISS_RATE: 0.00%
[cur diff] DIFF L2D_CACHE_REFILL: 0
[cur diff] DIFF L2D_CACHE_INVAL: 0
[max diff] DIFF LL_CACHE_RD: 8, DIFF LL_CACHE_MISS_RD: 7, MISS_RATE: 87.50%
[max diff] DIFF L2D_CACHE_REFILL: 6
[max diff] DIFF L2D_CACHE_INVAL: 0

===========================================================
taskpendcnt:134433
t0:1291 ns
t1:3166 ns
t2:98666 ns
benchmark: Franka-derived Cartesian-impedance kernel, input trace:8, timer period:1.000 ms
controller source: franka_ros2 jazzy@73a1501d, updates:134456, SVD sweeps:5
pose error:[0.010000 0.015000 0.010000 -0.000000 0.049979 -0.000000]
tau[0:6]:[-0.274004 -0.324180 0.001577 -0.231466 0.050986 -0.328952 0.010844]
kernel exec min/avg/max: 94.21 / 95.51 / 102.08 us, samples:134466
pressure status:0, copy rounds total/window:0/0, 0.00 rounds/s
pressure logical copy:0.00 MiB total, approx 0.00 MiB/s, checksum:0
pressure report window:2.138646 s
t0_region>
[1]:134111
[2]:315
[3]:47
[4]:7
[5]:4
[6]:2
[7]:1

t1_region>
[2]:122803
[3]:10972
[4]:481
[5]:137
[6]:58
[7]:22
[8]:13
[9]:6
[10]:2

t2_region>
[97]:6380
[98]:122636
[99]:4637
[100]:468
[101]:217
[102]:92
[103]:42
[104]:17
[105]:5
[106]:7
[107]:1

t0_min: 1.04 us, round:124
t0_max: 7.17 us, round:80897
t0_jitter: 6.13 us

t1_min: 2.63 us, round:13
t1_max: 10.96 us, round:8153
t1_jitter: 8.33 us

t2_min: 97.13 us, round:2155
t2_max: 107.29 us, round:80900
t2_jitter: 10.17 us

PMU diff samples: 134532
AVG DIFF LL_CACHE_RD: 4.45
AVG DIFF LL_CACHE_MISS_RD: 0.06
AVG DIFF L2D_CACHE_REFILL: 0.06
AVG DIFF L2D_CACHE_INVAL: 0.00
[cur diff] DIFF LL_CACHE_RD: 7, DIFF LL_CACHE_MISS_RD: 0, MISS_RATE: 0.00%
[cur diff] DIFF L2D_CACHE_REFILL: 0
[cur diff] DIFF L2D_CACHE_INVAL: 0
[max diff] DIFF LL_CACHE_RD: 8, DIFF LL_CACHE_MISS_RD: 7, MISS_RATE: 87.50%
[max diff] DIFF L2D_CACHE_REFILL: 6
[max diff] DIFF L2D_CACHE_INVAL: 0

===========================================================
taskpendcnt:136572
t0:1500 ns
t1:3083 ns
t2:98583 ns
benchmark: Franka-derived Cartesian-impedance kernel, input trace:8, timer period:1.000 ms
controller source: franka_ros2 jazzy@73a1501d, updates:136595, SVD sweeps:5
pose error:[0.010000 0.015000 0.010000 -0.000000 0.049979 -0.000000]
tau[0:6]:[1.376914 -0.104433 0.790225 0.843903 0.642107 -0.956178 0.423547]
kernel exec min/avg/max: 94.21 / 95.51 / 102.08 us, samples:136604
pressure status:0, copy rounds total/window:0/0, 0.00 rounds/s
pressure logical copy:0.00 MiB total, approx 0.00 MiB/s, checksum:0
pressure report window:2.138732 s
t0_region>
[1]:136250
[2]:315
[3]:47
[4]:7
[5]:4
[6]:2
[7]:1

t1_region>
[2]:124788
[3]:11126
[4]:481
[5]:137
[6]:58
[7]:22
[8]:13
[9]:6
[10]:2

t2_region>
[97]:6380
[98]:124720
[99]:4691
[100]:468
[101]:217
[102]:92
[103]:43
[104]:17
[105]:5
[106]:7
[107]:1

t0_min: 1.04 us, round:124
t0_max: 7.17 us, round:80897
t0_jitter: 6.13 us

t1_min: 2.63 us, round:13
t1_max: 10.96 us, round:8153
t1_jitter: 8.33 us

t2_min: 97.13 us, round:2155
t2_max: 107.29 us, round:80900
t2_jitter: 10.17 us

PMU diff samples: 136671
AVG DIFF LL_CACHE_RD: 4.45
AVG DIFF LL_CACHE_MISS_RD: 0.06
AVG DIFF L2D_CACHE_REFILL: 0.06
AVG DIFF L2D_CACHE_INVAL: 0.00
[cur diff] DIFF LL_CACHE_RD: 13, DIFF LL_CACHE_MISS_RD: 0, MISS_RATE: 0.00%
[cur diff] DIFF L2D_CACHE_REFILL: 0
[cur diff] DIFF L2D_CACHE_INVAL: 0
[max diff] DIFF LL_CACHE_RD: 8, DIFF LL_CACHE_MISS_RD: 7, MISS_RATE: 87.50%
[max diff] DIFF L2D_CACHE_REFILL: 6
[max diff] DIFF L2D_CACHE_INVAL: 0

===========================================================
taskpendcnt:138710
t0:1583 ns
t1:2875 ns
t2:98958 ns
benchmark: Franka-derived Cartesian-impedance kernel, input trace:8, timer period:1.000 ms
controller source: franka_ros2 jazzy@73a1501d, updates:138733, SVD sweeps:5
pose error:[0.010000 0.015000 0.010000 -0.000000 0.049979 -0.000000]
tau[0:6]:[-2.781770 -1.613002 -1.930139 -1.581803 -1.382951 -0.390599 -0.663394]
kernel exec min/avg/max: 94.21 / 95.51 / 102.08 us, samples:138743
pressure status:0, copy rounds total/window:0/0, 0.00 rounds/s
pressure logical copy:0.00 MiB total, approx 0.00 MiB/s, checksum:0
pressure report window:2.138378 s
t0_region>
[1]:138381
[2]:320
[3]:48
[4]:8
[5]:4
[6]:2
[7]:1

t1_region>
[2]:126728
[3]:11315
[4]:484
[5]:140
[6]:60
[7]:22
[8]:14
[9]:6
[10]:2

t2_region>
[97]:6380
[98]:126750
[99]:4792
[100]:469
[101]:219
[102]:94
[103]:45
[104]:18
[105]:5
[106]:8
[107]:1

t0_min: 1.04 us, round:124
t0_max: 7.17 us, round:80897
t0_jitter: 6.13 us

t1_min: 2.63 us, round:13
t1_max: 10.96 us, round:8153
t1_jitter: 8.33 us

t2_min: 97.13 us, round:2155
t2_max: 107.29 us, round:80900
t2_jitter: 10.17 us

PMU diff samples: 138809
AVG DIFF LL_CACHE_RD: 4.44
AVG DIFF LL_CACHE_MISS_RD: 0.06
AVG DIFF L2D_CACHE_REFILL: 0.06
AVG DIFF L2D_CACHE_INVAL: 0.00
[cur diff] DIFF LL_CACHE_RD: 16, DIFF LL_CACHE_MISS_RD: 0, MISS_RATE: 0.00%
[cur diff] DIFF L2D_CACHE_REFILL: 0
[cur diff] DIFF L2D_CACHE_INVAL: 0
[max diff] DIFF LL_CACHE_RD: 8, DIFF LL_CACHE_MISS_RD: 7, MISS_RATE: 87.50%
[max diff] DIFF L2D_CACHE_REFILL: 6
[max diff] DIFF L2D_CACHE_INVAL: 0

===========================================================
taskpendcnt:140849
t0:1500 ns
t1:3083 ns
t2:98583 ns
benchmark: Franka-derived Cartesian-impedance kernel, input trace:8, timer period:1.000 ms
controller source: franka_ros2 jazzy@73a1501d, updates:140872, SVD sweeps:5
pose error:[0.010000 0.015000 0.010000 -0.000000 0.049979 -0.000000]
tau[0:6]:[-1.839419 -0.921560 -1.193198 -1.195971 -0.861243 0.113634 -0.461388]
kernel exec min/avg/max: 94.21 / 95.52 / 102.08 us, samples:140882
pressure status:0, copy rounds total/window:0/0, 0.00 rounds/s
pressure logical copy:0.00 MiB total, approx 0.00 MiB/s, checksum:0
pressure report window:2.138809 s
t0_region>
[1]:140495
[2]:343
[3]:50
[4]:8
[5]:4
[6]:2
[7]:1

t1_region>
[2]:128558
[3]:11585
[4]:509
[5]:152
[6]:62
[7]:22
[8]:14
[9]:6
[10]:2

t2_region>
[97]:6380
[98]:128518
[99]:5111
[100]:499
[101]:233
[102]:96
[103]:48
[104]:18
[105]:6
[106]:8
[107]:1

t0_min: 1.04 us, round:124
t0_max: 7.17 us, round:80897
t0_jitter: 6.13 us

t1_min: 2.63 us, round:13
t1_max: 10.96 us, round:8153
t1_jitter: 8.33 us

t2_min: 97.13 us, round:2155
t2_max: 107.29 us, round:80900
t2_jitter: 10.17 us

PMU diff samples: 140948
AVG DIFF LL_CACHE_RD: 4.44
AVG DIFF LL_CACHE_MISS_RD: 0.07
AVG DIFF L2D_CACHE_REFILL: 0.07
AVG DIFF L2D_CACHE_INVAL: 0.00
[cur diff] DIFF LL_CACHE_RD: 21, DIFF LL_CACHE_MISS_RD: 0, MISS_RATE: 0.00%
[cur diff] DIFF L2D_CACHE_REFILL: 0
[cur diff] DIFF L2D_CACHE_INVAL: 0
[max diff] DIFF LL_CACHE_RD: 8, DIFF LL_CACHE_MISS_RD: 7, MISS_RATE: 87.50%
[max diff] DIFF L2D_CACHE_REFILL: 6
[max diff] DIFF L2D_CACHE_INVAL: 0

===========================================================
taskpendcnt:142988
t0:1291 ns
t1:3000 ns
t2:98500 ns
benchmark: Franka-derived Cartesian-impedance kernel, input trace:8, timer period:1.000 ms
controller source: franka_ros2 jazzy@73a1501d, updates:143011, SVD sweeps:5
pose error:[0.010000 0.015000 0.010000 -0.000000 0.049979 -0.000000]
tau[0:6]:[1.228026 0.081850 0.819520 0.875435 0.745706 -0.833381 0.398995]
kernel exec min/avg/max: 94.21 / 95.52 / 102.08 us, samples:143020
pressure status:0, copy rounds total/window:0/0, 0.00 rounds/s
pressure logical copy:0.00 MiB total, approx 0.00 MiB/s, checksum:0
pressure report window:2.138468 s
t0_region>
[1]:142633
[2]:343
[3]:50
[4]:8
[5]:4
[6]:2
[7]:1

t1_region>
[2]:130533
[3]:11748
[4]:509
[5]:152
[6]:62
[7]:22
[8]:14
[9]:6
[10]:2

t2_region>
[97]:6380
[98]:130588
[99]:5180
[100]:499
[101]:233
[102]:96
[103]:48
[104]:18
[105]:6
[106]:8
[107]:1

t0_min: 1.04 us, round:124
t0_max: 7.17 us, round:80897
t0_jitter: 6.13 us

t1_min: 2.63 us, round:13
t1_max: 10.96 us, round:8153
t1_jitter: 8.33 us

t2_min: 97.13 us, round:2155
t2_max: 107.29 us, round:80900
t2_jitter: 10.17 us

PMU diff samples: 143087
AVG DIFF LL_CACHE_RD: 4.44
AVG DIFF LL_CACHE_MISS_RD: 0.07
AVG DIFF L2D_CACHE_REFILL: 0.07
AVG DIFF L2D_CACHE_INVAL: 0.00
[cur diff] DIFF LL_CACHE_RD: 15, DIFF LL_CACHE_MISS_RD: 0, MISS_RATE: 0.00%
[cur diff] DIFF L2D_CACHE_REFILL: 0
[cur diff] DIFF L2D_CACHE_INVAL: 0
[max diff] DIFF LL_CACHE_RD: 8, DIFF LL_CACHE_MISS_RD: 7, MISS_RATE: 87.50%
[max diff] DIFF L2D_CACHE_REFILL: 6
[max diff] DIFF L2D_CACHE_INVAL: 0

===========================================================
taskpendcnt:145126
t0:1375 ns
t1:2958 ns
t2:98750 ns
benchmark: Franka-derived Cartesian-impedance kernel, input trace:8, timer period:1.000 ms
controller source: franka_ros2 jazzy@73a1501d, updates:145149, SVD sweeps:5
pose error:[0.010000 0.015000 0.010000 -0.000000 0.049979 -0.000000]
tau[0:6]:[-0.567483 -0.552304 -0.482512 -0.231067 -0.297494 -0.656094 -0.085004]
kernel exec min/avg/max: 94.21 / 95.52 / 102.08 us, samples:145158
pressure status:0, copy rounds total/window:0/0, 0.00 rounds/s
pressure logical copy:0.00 MiB total, approx 0.00 MiB/s, checksum:0
pressure report window:2.138423 s
t0_region>
[1]:144771
[2]:343
[3]:50
[4]:8
[5]:5
[6]:2
[7]:1

t1_region>
[2]:132516
[3]:11903
[4]:509
[5]:152
[6]:63
[7]:22
[8]:14
[9]:6
[10]:2

t2_region>
[97]:6380
[98]:132667
[99]:5238
[100]:499
[101]:233
[102]:97
[103]:48
[104]:18
[105]:6
[106]:8
[107]:1

t0_min: 1.04 us, round:124
t0_max: 7.17 us, round:80897
t0_jitter: 6.13 us

t1_min: 2.63 us, round:13
t1_max: 10.96 us, round:8153
t1_jitter: 8.33 us

t2_min: 97.13 us, round:2155
t2_max: 107.29 us, round:80900
t2_jitter: 10.17 us

PMU diff samples: 145225
AVG DIFF LL_CACHE_RD: 4.43
AVG DIFF LL_CACHE_MISS_RD: 0.07
AVG DIFF L2D_CACHE_REFILL: 0.07
AVG DIFF L2D_CACHE_INVAL: 0.00
[cur diff] DIFF LL_CACHE_RD: 21, DIFF LL_CACHE_MISS_RD: 0, MISS_RATE: 0.00%
[cur diff] DIFF L2D_CACHE_REFILL: 0
[cur diff] DIFF L2D_CACHE_INVAL: 0
[max diff] DIFF LL_CACHE_RD: 8, DIFF LL_CACHE_MISS_RD: 7, MISS_RATE: 87.50%
[max diff] DIFF L2D_CACHE_REFILL: 6
[max diff] DIFF L2D_CACHE_INVAL: 0

===========================================================
taskpendcnt:147265
t0:1291 ns
t1:3166 ns
t2:98958 ns
benchmark: Franka-derived Cartesian-impedance kernel, input trace:8, timer period:1.000 ms
controller source: franka_ros2 jazzy@73a1501d, updates:147287, SVD sweeps:5
pose error:[0.010000 0.015000 0.010000 -0.000000 0.049979 -0.000000]
tau[0:6]:[-1.839419 -0.921560 -1.193198 -1.195971 -0.861243 0.113634 -0.461388]
kernel exec min/avg/max: 94.21 / 95.52 / 102.08 us, samples:147297
pressure status:0, copy rounds total/window:0/0, 0.00 rounds/s
pressure logical copy:0.00 MiB total, approx 0.00 MiB/s, checksum:0
pressure report window:2.138818 s
t0_region>
[1]:146910
[2]:343
[3]:50
[4]:8
[5]:5
[6]:2
[7]:1

t1_region>
[2]:134467
[3]:12090
[4]:509
[5]:152
[6]:63
[7]:22
[8]:14
[9]:6
[10]:2

t2_region>
[97]:6380
[98]:134744
[99]:5300
[100]:499
[101]:233
[102]:97
[103]:48
[104]:18
[105]:6
[106]:8
[107]:1

t0_min: 1.04 us, round:124
t0_max: 7.17 us, round:80897
t0_jitter: 6.13 us

t1_min: 2.63 us, round:13
t1_max: 10.96 us, round:8153
t1_jitter: 8.33 us

t2_min: 97.13 us, round:2155
t2_max: 107.29 us, round:80900
t2_jitter: 10.17 us

PMU diff samples: 147364
AVG DIFF LL_CACHE_RD: 4.43
AVG DIFF LL_CACHE_MISS_RD: 0.06
AVG DIFF L2D_CACHE_REFILL: 0.06
AVG DIFF L2D_CACHE_INVAL: 0.00
[cur diff] DIFF LL_CACHE_RD: 15, DIFF LL_CACHE_MISS_RD: 0, MISS_RATE: 0.00%
[cur diff] DIFF L2D_CACHE_REFILL: 0
[cur diff] DIFF L2D_CACHE_INVAL: 0
[max diff] DIFF LL_CACHE_RD: 8, DIFF LL_CACHE_MISS_RD: 7, MISS_RATE: 87.50%
[max diff] DIFF L2D_CACHE_REFILL: 6
[max diff] DIFF L2D_CACHE_INVAL: 0

===========================================================
taskpendcnt:149404
t0:1500 ns
t1:3083 ns
t2:98875 ns
benchmark: Franka-derived Cartesian-impedance kernel, input trace:8, timer period:1.000 ms
controller source: franka_ros2 jazzy@73a1501d, updates:149426, SVD sweeps:5
pose error:[0.010000 0.015000 0.010000 -0.000000 0.049979 -0.000000]
tau[0:6]:[1.228026 0.081850 0.819520 0.875435 0.745706 -0.833381 0.398995]
kernel exec min/avg/max: 94.21 / 95.52 / 102.08 us, samples:149436
pressure status:0, copy rounds total/window:0/0, 0.00 rounds/s
pressure logical copy:0.00 MiB total, approx 0.00 MiB/s, checksum:0
pressure report window:2.138483 s
t0_region>
[1]:149048
[2]:343
[3]:50
[4]:8
[5]:5
[6]:2
[7]:1

t1_region>
[2]:136424
[3]:12272
[4]:509
[5]:152
[6]:63
[7]:22
[8]:14
[9]:6
[10]:2

t2_region>
[97]:6380
[98]:136822
[99]:5360
[100]:499
[101]:233
[102]:97
[103]:48
[104]:18
[105]:6
[106]:8
[107]:1

t0_min: 1.04 us, round:124
t0_max: 7.17 us, round:80897
t0_jitter: 6.13 us

t1_min: 2.63 us, round:13
t1_max: 10.96 us, round:8153
t1_jitter: 8.33 us

t2_min: 97.13 us, round:2155
t2_max: 107.29 us, round:80900
t2_jitter: 10.17 us

PMU diff samples: 149502
AVG DIFF LL_CACHE_RD: 4.43
AVG DIFF LL_CACHE_MISS_RD: 0.06
AVG DIFF L2D_CACHE_REFILL: 0.06
AVG DIFF L2D_CACHE_INVAL: 0.00
[cur diff] DIFF LL_CACHE_RD: 14, DIFF LL_CACHE_MISS_RD: 0, MISS_RATE: 0.00%
[cur diff] DIFF L2D_CACHE_REFILL: 0
[cur diff] DIFF L2D_CACHE_INVAL: 0
[max diff] DIFF LL_CACHE_RD: 8, DIFF LL_CACHE_MISS_RD: 7, MISS_RATE: 87.50%
[max diff] DIFF L2D_CACHE_REFILL: 6
[max diff] DIFF L2D_CACHE_INVAL: 0

===========================================================
taskpendcnt:151542
t0:1291 ns
t1:2875 ns
t2:98958 ns
benchmark: Franka-derived Cartesian-impedance kernel, input trace:8, timer period:1.000 ms
controller source: franka_ros2 jazzy@73a1501d, updates:151564, SVD sweeps:5
pose error:[0.010000 0.015000 0.010000 -0.000000 0.049979 -0.000000]
tau[0:6]:[-0.567483 -0.552304 -0.482512 -0.231067 -0.297494 -0.656094 -0.085004]
kernel exec min/avg/max: 94.21 / 95.52 / 102.08 us, samples:151574
pressure status:0, copy rounds total/window:0/0, 0.00 rounds/s
pressure logical copy:0.00 MiB total, approx 0.00 MiB/s, checksum:0
pressure report window:2.138414 s
t0_region>
[1]:151186
[2]:344
[3]:50
[4]:8
[5]:5
[6]:2
[7]:1

t1_region>
[2]:138392
[3]:12441
[4]:510
[5]:153
[6]:63
[7]:22
[8]:14
[9]:6
[10]:2

t2_region>
[97]:6380
[98]:138896
[99]:5423
[100]:500
[101]:234
[102]:97
[103]:48
[104]:18
[105]:6
[106]:8
[107]:1

t0_min: 1.04 us, round:124
t0_max: 7.17 us, round:80897
t0_jitter: 6.13 us

t1_min: 2.63 us, round:13
t1_max: 10.96 us, round:8153
t1_jitter: 8.33 us

t2_min: 97.13 us, round:2155
t2_max: 107.29 us, round:80900
t2_jitter: 10.17 us

PMU diff samples: 151641
AVG DIFF LL_CACHE_RD: 4.42
AVG DIFF LL_CACHE_MISS_RD: 0.06
AVG DIFF L2D_CACHE_REFILL: 0.06
AVG DIFF L2D_CACHE_INVAL: 0.00
[cur diff] DIFF LL_CACHE_RD: 11, DIFF LL_CACHE_MISS_RD: 0, MISS_RATE: 0.00%
[cur diff] DIFF L2D_CACHE_REFILL: 0
[cur diff] DIFF L2D_CACHE_INVAL: 0
[max diff] DIFF LL_CACHE_RD: 8, DIFF LL_CACHE_MISS_RD: 7, MISS_RATE: 87.50%
[max diff] DIFF L2D_CACHE_REFILL: 6
[max diff] DIFF L2D_CACHE_INVAL: 0

===========================================================
taskpendcnt:153681
t0:1500 ns
t1:3958 ns
t2:100041 ns
benchmark: Franka-derived Cartesian-impedance kernel, input trace:8, timer period:1.000 ms
controller source: franka_ros2 jazzy@73a1501d, updates:153703, SVD sweeps:5
pose error:[0.010000 0.015000 0.010000 -0.000000 0.049979 -0.000000]
tau[0:6]:[-1.839419 -0.921560 -1.193198 -1.195971 -0.861243 0.113634 -0.461388]
kernel exec min/avg/max: 94.21 / 95.52 / 102.08 us, samples:153713
pressure status:0, copy rounds total/window:0/0, 0.00 rounds/s
pressure logical copy:0.00 MiB total, approx 0.00 MiB/s, checksum:0
pressure report window:2.138996 s
t0_region>
[1]:153308
[2]:357
[3]:53
[4]:9
[5]:5
[6]:2
[7]:1

t1_region>
[2]:140275
[3]:12676
[4]:525
[5]:154
[6]:65
[7]:23
[8]:15
[9]:7
[10]:2

t2_region>
[97]:6380
[98]:140828
[99]:5587
[100]:534
[101]:239
[102]:98
[103]:48
[104]:20
[105]:8
[106]:8
[107]:1

t0_min: 1.04 us, round:124
t0_max: 7.17 us, round:80897
t0_jitter: 6.13 us

t1_min: 2.63 us, round:13
t1_max: 10.96 us, round:8153
t1_jitter: 8.33 us

t2_min: 97.13 us, round:2155
t2_max: 107.29 us, round:80900
t2_jitter: 10.17 us

PMU diff samples: 153780
AVG DIFF LL_CACHE_RD: 4.42
AVG DIFF LL_CACHE_MISS_RD: 0.06
AVG DIFF L2D_CACHE_REFILL: 0.06
AVG DIFF L2D_CACHE_INVAL: 0.00
[cur diff] DIFF LL_CACHE_RD: 27, DIFF LL_CACHE_MISS_RD: 0, MISS_RATE: 0.00%
[cur diff] DIFF L2D_CACHE_REFILL: 0
[cur diff] DIFF L2D_CACHE_INVAL: 0
[max diff] DIFF LL_CACHE_RD: 8, DIFF LL_CACHE_MISS_RD: 7, MISS_RATE: 87.50%
[max diff] DIFF L2D_CACHE_REFILL: 6
[max diff] DIFF L2D_CACHE_INVAL: 0

===========================================================
taskpendcnt:155819
t0:1416 ns
t1:3291 ns
t2:98500 ns
benchmark: Franka-derived Cartesian-impedance kernel, input trace:8, timer period:1.000 ms
controller source: franka_ros2 jazzy@73a1501d, updates:155842, SVD sweeps:5
pose error:[0.010000 0.015000 0.010000 -0.000000 0.049979 -0.000000]
tau[0:6]:[1.228026 0.081850 0.819520 0.875435 0.745706 -0.833381 0.398995]
kernel exec min/avg/max: 94.21 / 95.52 / 102.08 us, samples:155851
pressure status:0, copy rounds total/window:0/0, 0.00 rounds/s
pressure logical copy:0.00 MiB total, approx 0.00 MiB/s, checksum:0
pressure report window:2.138295 s
t0_region>
[1]:155439
[2]:363
[3]:53
[4]:10
[5]:5
[6]:2
[7]:1

t1_region>
[2]:142231
[3]:12848
[4]:532
[5]:155
[6]:66
[7]:24
[8]:15
[9]:7
[10]:2

t2_region>
[97]:6380
[98]:142843
[99]:5696
[100]:542
[101]:242
[102]:99
[103]:49
[104]:20
[105]:8
[106]:8
[107]:1

t0_min: 1.04 us, round:124
t0_max: 7.17 us, round:80897
t0_jitter: 6.13 us

t1_min: 2.63 us, round:13
t1_max: 10.96 us, round:8153
t1_jitter: 8.33 us

t2_min: 97.13 us, round:2155
t2_max: 107.29 us, round:80900
t2_jitter: 10.17 us

PMU diff samples: 155918
AVG DIFF LL_CACHE_RD: 4.42
AVG DIFF LL_CACHE_MISS_RD: 0.06
AVG DIFF L2D_CACHE_REFILL: 0.06
AVG DIFF L2D_CACHE_INVAL: 0.00
[cur diff] DIFF LL_CACHE_RD: 23, DIFF LL_CACHE_MISS_RD: 0, MISS_RATE: 0.00%
[cur diff] DIFF L2D_CACHE_REFILL: 0
[cur diff] DIFF L2D_CACHE_INVAL: 0
[max diff] DIFF LL_CACHE_RD: 8, DIFF LL_CACHE_MISS_RD: 7, MISS_RATE: 87.50%
[max diff] DIFF L2D_CACHE_REFILL: 6
[max diff] DIFF L2D_CACHE_INVAL: 0

===========================================================
taskpendcnt:157957
t0:1208 ns
t1:2791 ns
t2:98875 ns
benchmark: Franka-derived Cartesian-impedance kernel, input trace:8, timer period:1.000 ms
controller source: franka_ros2 jazzy@73a1501d, updates:157980, SVD sweeps:5
pose error:[0.010000 0.015000 0.010000 -0.000000 0.049979 -0.000000]
tau[0:6]:[-0.567483 -0.552304 -0.482512 -0.231067 -0.297494 -0.656094 -0.085004]
kernel exec min/avg/max: 94.21 / 95.52 / 102.08 us, samples:157990
pressure status:0, copy rounds total/window:0/0, 0.00 rounds/s
pressure logical copy:0.00 MiB total, approx 0.00 MiB/s, checksum:0
pressure report window:2.138427 s
t0_region>
[1]:157577
[2]:363
[3]:53
[4]:10
[5]:5
[6]:2
[7]:1

t1_region>
[2]:144214
[3]:13004
[4]:532
[5]:155
[6]:66
[7]:24
[8]:15
[9]:7
[10]:2

t2_region>
[97]:6380
[98]:144928
[99]:5750
[100]:542
[101]:242
[102]:99
[103]:49
[104]:20
[105]:8
[106]:8
[107]:1

t0_min: 1.04 us, round:124
t0_max: 7.17 us, round:80897
t0_jitter: 6.13 us

t1_min: 2.63 us, round:13
t1_max: 10.96 us, round:8153
t1_jitter: 8.33 us

t2_min: 97.13 us, round:2155
t2_max: 107.29 us, round:80900
t2_jitter: 10.17 us

PMU diff samples: 158057
AVG DIFF LL_CACHE_RD: 4.41
AVG DIFF LL_CACHE_MISS_RD: 0.06
AVG DIFF L2D_CACHE_REFILL: 0.06
AVG DIFF L2D_CACHE_INVAL: 0.00
[cur diff] DIFF LL_CACHE_RD: 22, DIFF LL_CACHE_MISS_RD: 0, MISS_RATE: 0.00%
[cur diff] DIFF L2D_CACHE_REFILL: 0
[cur diff] DIFF L2D_CACHE_INVAL: 0
[max diff] DIFF LL_CACHE_RD: 8, DIFF LL_CACHE_MISS_RD: 7, MISS_RATE: 87.50%
[max diff] DIFF L2D_CACHE_REFILL: 6
[max diff] DIFF L2D_CACHE_INVAL: 0

===========================================================
taskpendcnt:160096
t0:1416 ns
t1:3291 ns
t2:98500 ns
benchmark: Franka-derived Cartesian-impedance kernel, input trace:8, timer period:1.000 ms
controller source: franka_ros2 jazzy@73a1501d, updates:160119, SVD sweeps:5
pose error:[0.010000 0.015000 0.010000 -0.000000 0.049979 -0.000000]
tau[0:6]:[-1.839419 -0.921560 -1.193198 -1.195971 -0.861243 0.113634 -0.461388]
kernel exec min/avg/max: 94.21 / 95.52 / 102.08 us, samples:160129
pressure status:0, copy rounds total/window:0/0, 0.00 rounds/s
pressure logical copy:0.00 MiB total, approx 0.00 MiB/s, checksum:0
pressure report window:2.138868 s
t0_region>
[1]:159715
[2]:364
[3]:53
[4]:10
[5]:5
[6]:2
[7]:1

t1_region>
[2]:146160
[3]:13195
[4]:533
[5]:155
[6]:66
[7]:24
[8]:15
[9]:7
[10]:2

t2_region>
[97]:6380
[98]:147011
[99]:5805
[100]:542
[101]:242
[102]:99
[103]:49
[104]:20
[105]:8
[106]:8
[107]:1

t0_min: 1.04 us, round:124
t0_max: 7.17 us, round:80897
t0_jitter: 6.13 us

t1_min: 2.63 us, round:13
t1_max: 10.96 us, round:8153
t1_jitter: 8.33 us

t2_min: 97.13 us, round:2155
t2_max: 107.29 us, round:80900
t2_jitter: 10.17 us

PMU diff samples: 160195
AVG DIFF LL_CACHE_RD: 4.41
AVG DIFF LL_CACHE_MISS_RD: 0.06
AVG DIFF L2D_CACHE_REFILL: 0.06
AVG DIFF L2D_CACHE_INVAL: 0.00
[cur diff] DIFF LL_CACHE_RD: 10, DIFF LL_CACHE_MISS_RD: 0, MISS_RATE: 0.00%
[cur diff] DIFF L2D_CACHE_REFILL: 0
[cur diff] DIFF L2D_CACHE_INVAL: 0
[max diff] DIFF LL_CACHE_RD: 8, DIFF LL_CACHE_MISS_RD: 7, MISS_RATE: 87.50%
[max diff] DIFF L2D_CACHE_REFILL: 6
[max diff] DIFF L2D_CACHE_INVAL: 0

===========================================================
taskpendcnt:162235
t0:1333 ns
t1:3208 ns
t2:99000 ns
benchmark: Franka-derived Cartesian-impedance kernel, input trace:8, timer period:1.000 ms
controller source: franka_ros2 jazzy@73a1501d, updates:162258, SVD sweeps:5
pose error:[0.010000 0.015000 0.010000 -0.000000 0.049979 -0.000000]
tau[0:6]:[1.228026 0.081850 0.819520 0.875435 0.745706 -0.833381 0.398995]
kernel exec min/avg/max: 94.21 / 95.52 / 102.08 us, samples:162267
pressure status:0, copy rounds total/window:0/0, 0.00 rounds/s
pressure logical copy:0.00 MiB total, approx 0.00 MiB/s, checksum:0
pressure report window:2.138420 s
t0_region>
[1]:161854
[2]:364
[3]:53
[4]:10
[5]:5
[6]:2
[7]:1

t1_region>
[2]:148130
[3]:13364
[4]:533
[5]:155
[6]:66
[7]:24
[8]:15
[9]:7
[10]:2

t2_region>
[97]:6380
[98]:149093
[99]:5862
[100]:542
[101]:242
[102]:99
[103]:49
[104]:20
[105]:8
[106]:8
[107]:1

t0_min: 1.04 us, round:124
t0_max: 7.17 us, round:80897
t0_jitter: 6.13 us

t1_min: 2.63 us, round:13
t1_max: 10.96 us, round:8153
t1_jitter: 8.33 us

t2_min: 97.13 us, round:2155
t2_max: 107.29 us, round:80900
t2_jitter: 10.17 us

PMU diff samples: 162334
AVG DIFF LL_CACHE_RD: 4.41
AVG DIFF LL_CACHE_MISS_RD: 0.06
AVG DIFF L2D_CACHE_REFILL: 0.06
AVG DIFF L2D_CACHE_INVAL: 0.00
[cur diff] DIFF LL_CACHE_RD: 13, DIFF LL_CACHE_MISS_RD: 0, MISS_RATE: 0.00%
[cur diff] DIFF L2D_CACHE_REFILL: 0
[cur diff] DIFF L2D_CACHE_INVAL: 0
[max diff] DIFF LL_CACHE_RD: 8, DIFF LL_CACHE_MISS_RD: 7, MISS_RATE: 87.50%
[max diff] DIFF L2D_CACHE_REFILL: 6
[max diff] DIFF L2D_CACHE_INVAL: 0

===========================================================
taskpendcnt:164373
t0:1416 ns
t1:3000 ns
t2:98791 ns
benchmark: Franka-derived Cartesian-impedance kernel, input trace:8, timer period:1.000 ms
controller source: franka_ros2 jazzy@73a1501d, updates:164396, SVD sweeps:5
pose error:[0.010000 0.015000 0.010000 -0.000000 0.049979 -0.000000]
tau[0:6]:[1.376914 -0.104433 0.790225 0.843903 0.642107 -0.956178 0.423547]
kernel exec min/avg/max: 94.21 / 95.52 / 102.08 us, samples:164405
pressure status:0, copy rounds total/window:0/0, 0.00 rounds/s
pressure logical copy:0.00 MiB total, approx 0.00 MiB/s, checksum:0
pressure report window:2.137993 s
t0_region>
[1]:163992
[2]:364
[3]:53
[4]:10
[5]:5
[6]:2
[7]:1

t1_region>
[2]:150085
[3]:13546
[4]:533
[5]:155
[6]:66
[7]:24
[8]:15
[9]:7
[10]:2

t2_region>
[97]:6380
[98]:151175
[99]:5918
[100]:542
[101]:242
[102]:99
[103]:49
[104]:20
[105]:8
[106]:8
[107]:1

t0_min: 1.04 us, round:124
t0_max: 7.17 us, round:80897
t0_jitter: 6.13 us

t1_min: 2.63 us, round:13
t1_max: 10.96 us, round:8153
t1_jitter: 8.33 us

t2_min: 97.13 us, round:2155
t2_max: 107.29 us, round:80900
t2_jitter: 10.17 us

PMU diff samples: 164472
AVG DIFF LL_CACHE_RD: 4.40
AVG DIFF LL_CACHE_MISS_RD: 0.06
AVG DIFF L2D_CACHE_REFILL: 0.06
AVG DIFF L2D_CACHE_INVAL: 0.00
[cur diff] DIFF LL_CACHE_RD: 12, DIFF LL_CACHE_MISS_RD: 0, MISS_RATE: 0.00%
[cur diff] DIFF L2D_CACHE_REFILL: 0
[cur diff] DIFF L2D_CACHE_INVAL: 0
[max diff] DIFF LL_CACHE_RD: 8, DIFF LL_CACHE_MISS_RD: 7, MISS_RATE: 87.50%
[max diff] DIFF L2D_CACHE_REFILL: 6
[max diff] DIFF L2D_CACHE_INVAL: 0

===========================================================
taskpendcnt:166511
t0:1666 ns
t1:3541 ns
t2:98583 ns
benchmark: Franka-derived Cartesian-impedance kernel, input trace:8, timer period:1.000 ms
controller source: franka_ros2 jazzy@73a1501d, updates:166534, SVD sweeps:5
pose error:[0.010000 0.015000 0.010000 -0.000000 0.049979 -0.000000]
tau[0:6]:[-2.781770 -1.613002 -1.930139 -1.581803 -1.382951 -0.390599 -0.663394]
kernel exec min/avg/max: 94.21 / 95.52 / 102.08 us, samples:166543
pressure status:0, copy rounds total/window:0/0, 0.00 rounds/s
pressure logical copy:0.00 MiB total, approx 0.00 MiB/s, checksum:0
pressure report window:2.138343 s
t0_region>
[1]:166130
[2]:364
[3]:53
[4]:10
[5]:5
[6]:2
[7]:1

t1_region>
[2]:152052
[3]:13718
[4]:533
[5]:155
[6]:66
[7]:24
[8]:15
[9]:7
[10]:2

t2_region>
[97]:6380
[98]:153238
[99]:5993
[100]:542
[101]:242
[102]:99
[103]:49
[104]:20
[105]:8
[106]:8
[107]:1

t0_min: 1.04 us, round:124
t0_max: 7.17 us, round:80897
t0_jitter: 6.13 us

t1_min: 2.63 us, round:13
t1_max: 10.96 us, round:8153
t1_jitter: 8.33 us

t2_min: 97.13 us, round:2155
t2_max: 107.29 us, round:80900
t2_jitter: 10.17 us

PMU diff samples: 166610
AVG DIFF LL_CACHE_RD: 4.40
AVG DIFF LL_CACHE_MISS_RD: 0.06
AVG DIFF L2D_CACHE_REFILL: 0.06
AVG DIFF L2D_CACHE_INVAL: 0.00
[cur diff] DIFF LL_CACHE_RD: 31, DIFF LL_CACHE_MISS_RD: 1, MISS_RATE: 3.23%
[cur diff] DIFF L2D_CACHE_REFILL: 0
[cur diff] DIFF L2D_CACHE_INVAL: 0
[max diff] DIFF LL_CACHE_RD: 8, DIFF LL_CACHE_MISS_RD: 7, MISS_RATE: 87.50%
[max diff] DIFF L2D_CACHE_REFILL: 6
[max diff] DIFF L2D_CACHE_INVAL: 0

===========================================================
taskpendcnt:168650
t0:1583 ns
t1:3166 ns
t2:98958 ns
benchmark: Franka-derived Cartesian-impedance kernel, input trace:8, timer period:1.000 ms
controller source: franka_ros2 jazzy@73a1501d, updates:168673, SVD sweeps:5
pose error:[0.010000 0.015000 0.010000 -0.000000 0.049979 -0.000000]
tau[0:6]:[-0.274004 -0.324180 0.001577 -0.231466 0.050986 -0.328952 0.010844]
kernel exec min/avg/max: 94.21 / 95.53 / 102.08 us, samples:168682
pressure status:0, copy rounds total/window:0/0, 0.00 rounds/s
pressure logical copy:0.00 MiB total, approx 0.00 MiB/s, checksum:0
pressure report window:2.138654 s
t0_region>
[1]:168254
[2]:377
[3]:55
[4]:10
[5]:5
[6]:2
[7]:1

t1_region>
[2]:153944
[3]:13936
[4]:545
[5]:165
[6]:70
[7]:26
[8]:15
[9]:7
[10]:2

t2_region>
[97]:6380
[98]:155068
[99]:6267
[100]:554
[101]:254
[102]:104
[103]:53
[104]:22
[105]:8
[106]:8
[107]:1

t0_min: 1.04 us, round:124
t0_max: 7.17 us, round:80897
t0_jitter: 6.13 us

t1_min: 2.63 us, round:13
t1_max: 10.96 us, round:8153
t1_jitter: 8.33 us

t2_min: 97.13 us, round:2155
t2_max: 107.29 us, round:80900
t2_jitter: 10.17 us

PMU diff samples: 168749
AVG DIFF LL_CACHE_RD: 4.40
AVG DIFF LL_CACHE_MISS_RD: 0.06
AVG DIFF L2D_CACHE_REFILL: 0.06
AVG DIFF L2D_CACHE_INVAL: 0.00
[cur diff] DIFF LL_CACHE_RD: 13, DIFF LL_CACHE_MISS_RD: 0, MISS_RATE: 0.00%
[cur diff] DIFF L2D_CACHE_REFILL: 2
[cur diff] DIFF L2D_CACHE_INVAL: 0
[max diff] DIFF LL_CACHE_RD: 8, DIFF LL_CACHE_MISS_RD: 7, MISS_RATE: 87.50%
[max diff] DIFF L2D_CACHE_REFILL: 6
[max diff] DIFF L2D_CACHE_INVAL: 0

===========================================================
taskpendcnt:170789
t0:1500 ns
t1:3083 ns
t2:98875 ns
benchmark: Franka-derived Cartesian-impedance kernel, input trace:8, timer period:1.000 ms
controller source: franka_ros2 jazzy@73a1501d, updates:170811, SVD sweeps:5
pose error:[0.010000 0.015000 0.010000 -0.000000 0.049979 -0.000000]
tau[0:6]:[1.376914 -0.104433 0.790225 0.843903 0.642107 -0.956178 0.423547]
kernel exec min/avg/max: 94.21 / 95.53 / 102.08 us, samples:170821
pressure status:0, copy rounds total/window:0/0, 0.00 rounds/s
pressure logical copy:0.00 MiB total, approx 0.00 MiB/s, checksum:0
pressure report window:2.138734 s
t0_region>
[1]:170386
[2]:380
[3]:56
[4]:12
[5]:5
[6]:2
[7]:1

t1_region>
[2]:155884
[3]:14129
[4]:547
[5]:167
[6]:71
[7]:26
[8]:16
[9]:8
[10]:2

t2_region>
[97]:6380
[98]:157071
[99]:6394
[100]:557
[101]:256
[102]:105
[103]:54
[104]:22
[105]:9
[106]:9
[107]:1

t0_min: 1.04 us, round:124
t0_max: 7.17 us, round:80897
t0_jitter: 6.13 us

t1_min: 2.63 us, round:13
t1_max: 10.96 us, round:8153
t1_jitter: 8.33 us

t2_min: 97.13 us, round:2155
t2_max: 107.29 us, round:80900
t2_jitter: 10.17 us

PMU diff samples: 170888
AVG DIFF LL_CACHE_RD: 4.40
AVG DIFF LL_CACHE_MISS_RD: 0.06
AVG DIFF L2D_CACHE_REFILL: 0.06
AVG DIFF L2D_CACHE_INVAL: 0.00
[cur diff] DIFF LL_CACHE_RD: 9, DIFF LL_CACHE_MISS_RD: 0, MISS_RATE: 0.00%
[cur diff] DIFF L2D_CACHE_REFILL: 0
[cur diff] DIFF L2D_CACHE_INVAL: 0
[max diff] DIFF LL_CACHE_RD: 8, DIFF LL_CACHE_MISS_RD: 7, MISS_RATE: 87.50%
[max diff] DIFF L2D_CACHE_REFILL: 6
[max diff] DIFF L2D_CACHE_INVAL: 0

===========================================================
taskpendcnt:172928
t0:1416 ns
t1:3291 ns
t2:98791 ns
benchmark: Franka-derived Cartesian-impedance kernel, input trace:8, timer period:1.000 ms
controller source: franka_ros2 jazzy@73a1501d, updates:172950, SVD sweeps:5
pose error:[0.010000 0.015000 0.010000 -0.000000 0.049979 -0.000000]
tau[0:6]:[-2.379368 -1.292411 -1.655224 -1.570015 -1.185234 -0.066588 -0.610247]
kernel exec min/avg/max: 94.21 / 95.53 / 102.08 us, samples:172960
pressure status:0, copy rounds total/window:0/0, 0.00 rounds/s
pressure logical copy:0.00 MiB total, approx 0.00 MiB/s, checksum:0
pressure report window:2.139338 s
t0_region>
[1]:172526
[2]:380
[3]:56
[4]:12
[5]:5
[6]:2
[7]:1

t1_region>
[2]:157856
[3]:14296
[4]:547
[5]:167
[6]:71
[7]:26
[8]:16
[9]:8
[10]:2

t2_region>
[97]:6380
[98]:159139
[99]:6466
[100]:557
[101]:256
[102]:105
[103]:54
[104]:22
[105]:9
[106]:9
[107]:1

t0_min: 1.04 us, round:124
t0_max: 7.17 us, round:80897
t0_jitter: 6.13 us

t1_min: 2.63 us, round:13
t1_max: 10.96 us, round:8153
t1_jitter: 8.33 us

t2_min: 97.13 us, round:2155
t2_max: 107.29 us, round:80900
t2_jitter: 10.17 us

PMU diff samples: 173027
AVG DIFF LL_CACHE_RD: 4.39
AVG DIFF LL_CACHE_MISS_RD: 0.06
AVG DIFF L2D_CACHE_REFILL: 0.06
AVG DIFF L2D_CACHE_INVAL: 0.00
[cur diff] DIFF LL_CACHE_RD: 18, DIFF LL_CACHE_MISS_RD: 0, MISS_RATE: 0.00%
[cur diff] DIFF L2D_CACHE_REFILL: 0
[cur diff] DIFF L2D_CACHE_INVAL: 0
[max diff] DIFF LL_CACHE_RD: 8, DIFF LL_CACHE_MISS_RD: 7, MISS_RATE: 87.50%
[max diff] DIFF L2D_CACHE_REFILL: 6
[max diff] DIFF L2D_CACHE_INVAL: 0

===========================================================
taskpendcnt:175067
t0:1625 ns
t1:3208 ns
t2:99291 ns
benchmark: Franka-derived Cartesian-impedance kernel, input trace:8, timer period:1.000 ms
controller source: franka_ros2 jazzy@73a1501d, updates:175089, SVD sweeps:5
pose error:[0.010000 0.015000 0.010000 -0.000000 0.049979 -0.000000]
tau[0:6]:[0.839771 0.130674 0.617691 0.624912 0.653099 -0.592692 0.265887]
kernel exec min/avg/max: 94.21 / 95.53 / 102.08 us, samples:175099
pressure status:0, copy rounds total/window:0/0, 0.00 rounds/s
pressure logical copy:0.00 MiB total, approx 0.00 MiB/s, checksum:0
pressure report window:2.138405 s
t0_region>
[1]:174663
[2]:381
[3]:56
[4]:12
[5]:5
[6]:2
[7]:1

t1_region>
[2]:159829
[3]:14460
[4]:547
[5]:168
[6]:71
[7]:26
[8]:16
[9]:8
[10]:2

t2_region>
[97]:6380
[98]:161192
[99]:6549
[100]:558
[101]:256
[102]:105
[103]:54
[104]:22
[105]:9
[106]:9
[107]:1

t0_min: 1.04 us, round:124
t0_max: 7.17 us, round:80897
t0_jitter: 6.13 us

t1_min: 2.63 us, round:13
t1_max: 10.96 us, round:8153
t1_jitter: 8.33 us

t2_min: 97.13 us, round:2155
t2_max: 107.29 us, round:80900
t2_jitter: 10.17 us

PMU diff samples: 175165
AVG DIFF LL_CACHE_RD: 4.39
AVG DIFF LL_CACHE_MISS_RD: 0.06
AVG DIFF L2D_CACHE_REFILL: 0.06
AVG DIFF L2D_CACHE_INVAL: 0.00
[cur diff] DIFF LL_CACHE_RD: 9, DIFF LL_CACHE_MISS_RD: 0, MISS_RATE: 0.00%
[cur diff] DIFF L2D_CACHE_REFILL: 0
[cur diff] DIFF L2D_CACHE_INVAL: 0
[max diff] DIFF LL_CACHE_RD: 8, DIFF LL_CACHE_MISS_RD: 7, MISS_RATE: 87.50%
[max diff] DIFF L2D_CACHE_REFILL: 6
[max diff] DIFF L2D_CACHE_INVAL: 0

===========================================================
taskpendcnt:177205
t0:1416 ns
t1:3000 ns
t2:98500 ns
benchmark: Franka-derived Cartesian-impedance kernel, input trace:8, timer period:1.000 ms
controller source: franka_ros2 jazzy@73a1501d, updates:177227, SVD sweeps:5
pose error:[0.010000 0.015000 0.010000 -0.000000 0.049979 -0.000000]
tau[0:6]:[1.376914 -0.104433 0.790225 0.843903 0.642107 -0.956178 0.423547]
kernel exec min/avg/max: 94.21 / 95.53 / 102.08 us, samples:177237
pressure status:0, copy rounds total/window:0/0, 0.00 rounds/s
pressure logical copy:0.00 MiB total, approx 0.00 MiB/s, checksum:0
pressure report window:2.137964 s
t0_region>
[1]:176801
[2]:381
[3]:56
[4]:12
[5]:5
[6]:2
[7]:1

t1_region>
[2]:161809
[3]:14617
[4]:548
[5]:168
[6]:71
[7]:26
[8]:16
[9]:8
[10]:2

t2_region>
[97]:6380
[98]:163299
[99]:6581
[100]:559
[101]:256
[102]:105
[103]:54
[104]:22
[105]:9
[106]:9
[107]:1

t0_min: 1.04 us, round:124
t0_max: 7.17 us, round:80897
t0_jitter: 6.13 us

t1_min: 2.63 us, round:13
t1_max: 10.96 us, round:8153
t1_jitter: 8.33 us

t2_min: 97.13 us, round:2155
t2_max: 107.29 us, round:80900
t2_jitter: 10.17 us

PMU diff samples: 177303
AVG DIFF LL_CACHE_RD: 4.39
AVG DIFF LL_CACHE_MISS_RD: 0.06
AVG DIFF L2D_CACHE_REFILL: 0.06
AVG DIFF L2D_CACHE_INVAL: 0.00
[cur diff] DIFF LL_CACHE_RD: 11, DIFF LL_CACHE_MISS_RD: 0, MISS_RATE: 0.00%
[cur diff] DIFF L2D_CACHE_REFILL: 0
[cur diff] DIFF L2D_CACHE_INVAL: 0
[max diff] DIFF LL_CACHE_RD: 8, DIFF LL_CACHE_MISS_RD: 7, MISS_RATE: 87.50%
[max diff] DIFF L2D_CACHE_REFILL: 6
[max diff] DIFF L2D_CACHE_INVAL: 0

===========================================================
taskpendcnt:179343
t0:1333 ns
t1:3208 ns
t2:99291 ns
benchmark: Franka-derived Cartesian-impedance kernel, input trace:8, timer period:1.000 ms
controller source: franka_ros2 jazzy@73a1501d, updates:179366, SVD sweeps:5
pose error:[0.010000 0.015000 0.010000 -0.000000 0.049979 -0.000000]
tau[0:6]:[-2.379368 -1.292411 -1.655224 -1.570015 -1.185234 -0.066588 -0.610247]
kernel exec min/avg/max: 94.21 / 95.53 / 102.08 us, samples:179376
pressure status:0, copy rounds total/window:0/0, 0.00 rounds/s
pressure logical copy:0.00 MiB total, approx 0.00 MiB/s, checksum:0
pressure report window:2.139330 s
t0_region>
[1]:178939
[2]:382
[3]:56
[4]:12
[5]:5
[6]:2
[7]:1

t1_region>
[2]:163782
[3]:14783
[4]:549
[5]:168
[6]:71
[7]:26
[8]:16
[9]:8
[10]:2

t2_region>
[97]:6380
[98]:165353
[99]:6665
[100]:559
[101]:256
[102]:105
[103]:54
[104]:22
[105]:9
[106]:9
[107]:1

t0_min: 1.04 us, round:124
t0_max: 7.17 us, round:80897
t0_jitter: 6.13 us

t1_min: 2.63 us, round:13
t1_max: 10.96 us, round:8153
t1_jitter: 8.33 us

t2_min: 97.13 us, round:2155
t2_max: 107.29 us, round:80900
t2_jitter: 10.17 us

PMU diff samples: 179443
AVG DIFF LL_CACHE_RD: 4.39
AVG DIFF LL_CACHE_MISS_RD: 0.06
AVG DIFF L2D_CACHE_REFILL: 0.06
AVG DIFF L2D_CACHE_INVAL: 0.00
[cur diff] DIFF LL_CACHE_RD: 15, DIFF LL_CACHE_MISS_RD: 0, MISS_RATE: 0.00%
[cur diff] DIFF L2D_CACHE_REFILL: 0
[cur diff] DIFF L2D_CACHE_INVAL: 0
[max diff] DIFF LL_CACHE_RD: 8, DIFF LL_CACHE_MISS_RD: 7, MISS_RATE: 87.50%
[max diff] DIFF L2D_CACHE_REFILL: 6
[max diff] DIFF L2D_CACHE_INVAL: 0

===========================================================
taskpendcnt:181482
t0:1541 ns
t1:3125 ns
t2:98625 ns
benchmark: Franka-derived Cartesian-impedance kernel, input trace:8, timer period:1.000 ms
controller source: franka_ros2 jazzy@73a1501d, updates:181505, SVD sweeps:5
pose error:[0.010000 0.015000 0.010000 -0.000000 0.049979 -0.000000]
tau[0:6]:[0.839771 0.130674 0.617691 0.624912 0.653099 -0.592692 0.265887]
kernel exec min/avg/max: 94.21 / 95.53 / 102.08 us, samples:181514
pressure status:0, copy rounds total/window:0/0, 0.00 rounds/s
pressure logical copy:0.00 MiB total, approx 0.00 MiB/s, checksum:0
pressure report window:2.138384 s
t0_region>
[1]:181077
[2]:383
[3]:56
[4]:12
[5]:5
[6]:2
[7]:1

t1_region>
[2]:165747
[3]:14954
[4]:550
[5]:169
[6]:71
[7]:26
[8]:16
[9]:8
[10]:2

t2_region>
[97]:6380
[98]:167426
[99]:6728
[100]:560
[101]:257
[102]:105
[103]:54
[104]:22
[105]:9
[106]:9
[107]:1

t0_min: 1.04 us, round:124
t0_max: 7.17 us, round:80897
t0_jitter: 6.13 us

t1_min: 2.63 us, round:13
t1_max: 10.96 us, round:8153
t1_jitter: 8.33 us

t2_min: 97.13 us, round:2155
t2_max: 107.29 us, round:80900
t2_jitter: 10.17 us

PMU diff samples: 181581
AVG DIFF LL_CACHE_RD: 4.38
AVG DIFF LL_CACHE_MISS_RD: 0.06
AVG DIFF L2D_CACHE_REFILL: 0.06
AVG DIFF L2D_CACHE_INVAL: 0.00
[cur diff] DIFF LL_CACHE_RD: 20, DIFF LL_CACHE_MISS_RD: 0, MISS_RATE: 0.00%
[cur diff] DIFF L2D_CACHE_REFILL: 0
[cur diff] DIFF L2D_CACHE_INVAL: 0
[max diff] DIFF LL_CACHE_RD: 8, DIFF LL_CACHE_MISS_RD: 7, MISS_RATE: 87.50%
[max diff] DIFF L2D_CACHE_REFILL: 6
[max diff] DIFF L2D_CACHE_INVAL: 0

===========================================================
taskpendcnt:183621
t0:1458 ns
t1:3041 ns
t2:98833 ns
benchmark: Franka-derived Cartesian-impedance kernel, input trace:8, timer period:1.000 ms
controller source: franka_ros2 jazzy@73a1501d, updates:183644, SVD sweeps:5
pose error:[0.010000 0.015000 0.010000 -0.000000 0.049979 -0.000000]
tau[0:6]:[-0.567483 -0.552304 -0.482512 -0.231067 -0.297494 -0.656094 -0.085004]
kernel exec min/avg/max: 94.21 / 95.53 / 102.08 us, samples:183654
pressure status:0, copy rounds total/window:0/0, 0.00 rounds/s
pressure logical copy:0.00 MiB total, approx 0.00 MiB/s, checksum:0
pressure report window:2.139443 s
t0_region>
[1]:183207
[2]:390
[3]:58
[4]:12
[5]:5
[6]:2
[7]:1

t1_region>
[2]:167663
[3]:15160
[4]:558
[5]:174
[6]:75
[7]:26
[8]:16
[9]:8
[10]:2

t2_region>
[97]:6380
[98]:169308
[99]:6967
[100]:570
[101]:260
[102]:109
[103]:57
[104]:22
[105]:9
[106]:9
[107]:1

t0_min: 1.04 us, round:124
t0_max: 7.17 us, round:80897
t0_jitter: 6.13 us

t1_min: 2.63 us, round:13
t1_max: 10.96 us, round:8153
t1_jitter: 8.33 us

t2_min: 97.13 us, round:2155
t2_max: 107.29 us, round:80900
t2_jitter: 10.17 us

PMU diff samples: 183721
AVG DIFF LL_CACHE_RD: 4.38
AVG DIFF LL_CACHE_MISS_RD: 0.06
AVG DIFF L2D_CACHE_REFILL: 0.06
AVG DIFF L2D_CACHE_INVAL: 0.00
[cur diff] DIFF LL_CACHE_RD: 11, DIFF LL_CACHE_MISS_RD: 0, MISS_RATE: 0.00%
[cur diff] DIFF L2D_CACHE_REFILL: 0
[cur diff] DIFF L2D_CACHE_INVAL: 0
[max diff] DIFF LL_CACHE_RD: 8, DIFF LL_CACHE_MISS_RD: 7, MISS_RATE: 87.50%
[max diff] DIFF L2D_CACHE_REFILL: 6
[max diff] DIFF L2D_CACHE_INVAL: 0

===========================================================
taskpendcnt:185760
t0:1375 ns
t1:3250 ns
t2:98750 ns
benchmark: Franka-derived Cartesian-impedance kernel, input trace:8, timer period:1.000 ms
controller source: franka_ros2 jazzy@73a1501d, updates:185783, SVD sweeps:5
pose error:[0.010000 0.015000 0.010000 -0.000000 0.049979 -0.000000]
tau[0:6]:[-1.839419 -0.921560 -1.193198 -1.195971 -0.861243 0.113634 -0.461388]
kernel exec min/avg/max: 94.21 / 95.53 / 102.08 us, samples:185793
pressure status:0, copy rounds total/window:0/0, 0.00 rounds/s
pressure logical copy:0.00 MiB total, approx 0.00 MiB/s, checksum:0
pressure report window:2.138817 s
t0_region>
[1]:185342
[2]:394
[3]:58
[4]:12
[5]:5
[6]:2
[7]:1

t1_region>
[2]:169628
[3]:15328
[4]:563
[5]:175
[6]:75
[7]:26
[8]:16
[9]:8
[10]:2

t2_region>
[97]:6380
[98]:171320
[99]:7087
[100]:573
[101]:262
[102]:109
[103]:57
[104]:22
[105]:9
[106]:9
[107]:1

t0_min: 1.04 us, round:124
t0_max: 7.17 us, round:80897
t0_jitter: 6.13 us

t1_min: 2.63 us, round:13
t1_max: 10.96 us, round:8153
t1_jitter: 8.33 us

t2_min: 97.13 us, round:2155
t2_max: 107.29 us, round:80900
t2_jitter: 10.17 us

PMU diff samples: 185859
AVG DIFF LL_CACHE_RD: 4.38
AVG DIFF LL_CACHE_MISS_RD: 0.06
AVG DIFF L2D_CACHE_REFILL: 0.06
AVG DIFF L2D_CACHE_INVAL: 0.00
[cur diff] DIFF LL_CACHE_RD: 13, DIFF LL_CACHE_MISS_RD: 0, MISS_RATE: 0.00%
[cur diff] DIFF L2D_CACHE_REFILL: 0
[cur diff] DIFF L2D_CACHE_INVAL: 0
[max diff] DIFF LL_CACHE_RD: 8, DIFF LL_CACHE_MISS_RD: 7, MISS_RATE: 87.50%
[max diff] DIFF L2D_CACHE_REFILL: 6
[max diff] DIFF L2D_CACHE_INVAL: 0

===========================================================
taskpendcnt:187899
t0:1458 ns
t1:2875 ns
t2:98958 ns
benchmark: Franka-derived Cartesian-impedance kernel, input trace:8, timer period:1.000 ms
controller source: franka_ros2 jazzy@73a1501d, updates:187922, SVD sweeps:5
pose error:[0.010000 0.015000 0.010000 -0.000000 0.049979 -0.000000]
tau[0:6]:[0.839771 0.130674 0.617691 0.624912 0.653099 -0.592692 0.265887]
kernel exec min/avg/max: 94.21 / 95.53 / 102.08 us, samples:187931
pressure status:0, copy rounds total/window:0/0, 0.00 rounds/s
pressure logical copy:0.00 MiB total, approx 0.00 MiB/s, checksum:0
pressure report window:2.138469 s
t0_region>
[1]:187480
[2]:394
[3]:58
[4]:12
[5]:5
[6]:2
[7]:1

t1_region>
[2]:171609
[3]:15486
[4]:563
[5]:175
[6]:75
[7]:26
[8]:16
[9]:8
[10]:2

t2_region>
[97]:6380
[98]:173393
[99]:7154
[100]:573
[101]:262
[102]:109
[103]:57
[104]:22
[105]:9
[106]:9
[107]:1

t0_min: 1.04 us, round:124
t0_max: 7.17 us, round:80897
t0_jitter: 6.13 us

t1_min: 2.63 us, round:13
t1_max: 10.96 us, round:8153
t1_jitter: 8.33 us

t2_min: 97.13 us, round:2155
t2_max: 107.29 us, round:80900
t2_jitter: 10.17 us

PMU diff samples: 187998
AVG DIFF LL_CACHE_RD: 4.38
AVG DIFF LL_CACHE_MISS_RD: 0.06
AVG DIFF L2D_CACHE_REFILL: 0.06
AVG DIFF L2D_CACHE_INVAL: 0.00
[cur diff] DIFF LL_CACHE_RD: 12, DIFF LL_CACHE_MISS_RD: 0, MISS_RATE: 0.00%
[cur diff] DIFF L2D_CACHE_REFILL: 0
[cur diff] DIFF L2D_CACHE_INVAL: 0
[max diff] DIFF LL_CACHE_RD: 8, DIFF LL_CACHE_MISS_RD: 7, MISS_RATE: 87.50%
[max diff] DIFF L2D_CACHE_REFILL: 6
[max diff] DIFF L2D_CACHE_INVAL: 0

===========================================================
taskpendcnt:190038
t0:1375 ns
t1:2958 ns
t2:98750 ns
benchmark: Franka-derived Cartesian-impedance kernel, input trace:8, timer period:1.000 ms
controller source: franka_ros2 jazzy@73a1501d, updates:190061, SVD sweeps:5
pose error:[0.010000 0.015000 0.010000 -0.000000 0.049979 -0.000000]
tau[0:6]:[-0.567483 -0.552304 -0.482512 -0.231067 -0.297494 -0.656094 -0.085004]
kernel exec min/avg/max: 94.21 / 95.53 / 102.08 us, samples:190070
pressure status:0, copy rounds total/window:0/0, 0.00 rounds/s
pressure logical copy:0.00 MiB total, approx 0.00 MiB/s, checksum:0
pressure report window:2.139426 s
t0_region>
[1]:189620
[2]:394
[3]:58
[4]:12
[5]:5
[6]:2
[7]:1

t1_region>
[2]:173585
[3]:15649
[4]:563
[5]:175
[6]:75
[7]:26
[8]:16
[9]:8
[10]:2

t2_region>
[97]:6380
[98]:175464
[99]:7221
[100]:573
[101]:262
[102]:109
[103]:57
[104]:22
[105]:9
[106]:9
[107]:1

t0_min: 1.04 us, round:124
t0_max: 7.17 us, round:80897
t0_jitter: 6.13 us

t1_min: 2.63 us, round:13
t1_max: 10.96 us, round:8153
t1_jitter: 8.33 us

t2_min: 97.13 us, round:2155
t2_max: 107.29 us, round:80900
t2_jitter: 10.17 us

PMU diff samples: 190137
AVG DIFF LL_CACHE_RD: 4.37
AVG DIFF LL_CACHE_MISS_RD: 0.06
AVG DIFF L2D_CACHE_REFILL: 0.06
AVG DIFF L2D_CACHE_INVAL: 0.00
[cur diff] DIFF LL_CACHE_RD: 12, DIFF LL_CACHE_MISS_RD: 0, MISS_RATE: 0.00%
[cur diff] DIFF L2D_CACHE_REFILL: 0
[cur diff] DIFF L2D_CACHE_INVAL: 0
[max diff] DIFF LL_CACHE_RD: 8, DIFF LL_CACHE_MISS_RD: 7, MISS_RATE: 87.50%
[max diff] DIFF L2D_CACHE_REFILL: 6
[max diff] DIFF L2D_CACHE_INVAL: 0

===========================================================
taskpendcnt:192177
t0:1583 ns
t1:3166 ns
t2:98666 ns
benchmark: Franka-derived Cartesian-impedance kernel, input trace:8, timer period:1.000 ms
controller source: franka_ros2 jazzy@73a1501d, updates:192199, SVD sweeps:5
pose error:[0.010000 0.015000 0.010000 -0.000000 0.049979 -0.000000]
tau[0:6]:[-1.839419 -0.921560 -1.193198 -1.195971 -0.861243 0.113634 -0.461388]
kernel exec min/avg/max: 94.21 / 95.53 / 102.08 us, samples:192209
pressure status:0, copy rounds total/window:0/0, 0.00 rounds/s
pressure logical copy:0.00 MiB total, approx 0.00 MiB/s, checksum:0
pressure report window:2.138819 s
t0_region>
[1]:191759
[2]:394
[3]:58
[4]:12
[5]:5
[6]:2
[7]:1

t1_region>
[2]:175538
[3]:15834
[4]:563
[5]:175
[6]:75
[7]:26
[8]:16
[9]:8
[10]:2

t2_region>
[97]:6380
[98]:177549
[99]:7275
[100]:573
[101]:262
[102]:109
[103]:57
[104]:22
[105]:9
[106]:9
[107]:1

t0_min: 1.04 us, round:124
t0_max: 7.17 us, round:80897
t0_jitter: 6.13 us

t1_min: 2.63 us, round:13
t1_max: 10.96 us, round:8153
t1_jitter: 8.33 us

t2_min: 97.13 us, round:2155
t2_max: 107.29 us, round:80900
t2_jitter: 10.17 us

PMU diff samples: 192276
AVG DIFF LL_CACHE_RD: 4.37
AVG DIFF LL_CACHE_MISS_RD: 0.06
AVG DIFF L2D_CACHE_REFILL: 0.06
AVG DIFF L2D_CACHE_INVAL: 0.00
[cur diff] DIFF LL_CACHE_RD: 25, DIFF LL_CACHE_MISS_RD: 0, MISS_RATE: 0.00%
[cur diff] DIFF L2D_CACHE_REFILL: 0
[cur diff] DIFF L2D_CACHE_INVAL: 0
[max diff] DIFF LL_CACHE_RD: 8, DIFF LL_CACHE_MISS_RD: 7, MISS_RATE: 87.50%
[max diff] DIFF L2D_CACHE_REFILL: 6
[max diff] DIFF L2D_CACHE_INVAL: 0

===========================================================
taskpendcnt:194316
t0:2083 ns
t1:3083 ns
t2:98875 ns
benchmark: Franka-derived Cartesian-impedance kernel, input trace:8, timer period:1.000 ms
controller source: franka_ros2 jazzy@73a1501d, updates:194338, SVD sweeps:5
pose error:[0.010000 0.015000 0.010000 -0.000000 0.049979 -0.000000]
tau[0:6]:[1.228026 0.081850 0.819520 0.875435 0.745706 -0.833381 0.398995]
kernel exec min/avg/max: 94.21 / 95.53 / 102.08 us, samples:194348
pressure status:0, copy rounds total/window:0/0, 0.00 rounds/s
pressure logical copy:0.00 MiB total, approx 0.00 MiB/s, checksum:0
pressure report window:2.138468 s
t0_region>
[1]:193895
[2]:396
[3]:58
[4]:12
[5]:5
[6]:2
[7]:1

t1_region>
[2]:177495
[3]:16015
[4]:563
[5]:176
[6]:75
[7]:26
[8]:16
[9]:8
[10]:2

t2_region>
[97]:6380
[98]:179617
[99]:7345
[100]:573
[101]:263
[102]:109
[103]:57
[104]:22
[105]:9
[106]:9
[107]:1

t0_min: 1.04 us, round:124
t0_max: 7.17 us, round:80897
t0_jitter: 6.13 us

t1_min: 2.63 us, round:13
t1_max: 10.96 us, round:8153
t1_jitter: 8.33 us

t2_min: 97.13 us, round:2155
t2_max: 107.29 us, round:80900
t2_jitter: 10.17 us

PMU diff samples: 194415
AVG DIFF LL_CACHE_RD: 4.37
AVG DIFF LL_CACHE_MISS_RD: 0.06
AVG DIFF L2D_CACHE_REFILL: 0.06
AVG DIFF L2D_CACHE_INVAL: 0.00
[cur diff] DIFF LL_CACHE_RD: 17, DIFF LL_CACHE_MISS_RD: 0, MISS_RATE: 0.00%
[cur diff] DIFF L2D_CACHE_REFILL: 0
[cur diff] DIFF L2D_CACHE_INVAL: 0
[max diff] DIFF LL_CACHE_RD: 8, DIFF LL_CACHE_MISS_RD: 7, MISS_RATE: 87.50%
[max diff] DIFF L2D_CACHE_REFILL: 6
[max diff] DIFF L2D_CACHE_INVAL: 0

===========================================================
taskpendcnt:196455
t0:1416 ns
t1:3000 ns
t2:98791 ns
benchmark: Franka-derived Cartesian-impedance kernel, input trace:8, timer period:1.000 ms
controller source: franka_ros2 jazzy@73a1501d, updates:196477, SVD sweeps:5
pose error:[0.010000 0.015000 0.010000 -0.000000 0.049979 -0.000000]
tau[0:6]:[-2.781770 -1.613002 -1.930139 -1.581803 -1.382951 -0.390599 -0.663394]
kernel exec min/avg/max: 94.21 / 95.54 / 102.08 us, samples:196487
pressure status:0, copy rounds total/window:0/0, 0.00 rounds/s
pressure logical copy:0.00 MiB total, approx 0.00 MiB/s, checksum:0
pressure report window:2.139426 s
t0_region>
[1]:196028
[2]:402
[3]:59
[4]:12
[5]:5
[6]:2
[7]:1

t1_region>
[2]:179464
[3]:16179
[4]:566
[5]:179
[6]:75
[7]:26
[8]:16
[9]:9
[10]:2

t2_region>
[97]:6380
[98]:181571
[99]:7521
[100]:578
[101]:264
[102]:110
[103]:58
[104]:22
[105]:11
[106]:9
[107]:1

t0_min: 1.04 us, round:124
t0_max: 7.17 us, round:80897
t0_jitter: 6.13 us

t1_min: 2.63 us, round:13
t1_max: 10.96 us, round:8153
t1_jitter: 8.33 us

t2_min: 97.13 us, round:2155
t2_max: 107.29 us, round:80900
t2_jitter: 10.17 us

PMU diff samples: 196554
AVG DIFF LL_CACHE_RD: 4.37
AVG DIFF LL_CACHE_MISS_RD: 0.06
AVG DIFF L2D_CACHE_REFILL: 0.06
AVG DIFF L2D_CACHE_INVAL: 0.00
[cur diff] DIFF LL_CACHE_RD: 21, DIFF LL_CACHE_MISS_RD: 0, MISS_RATE: 0.00%
[cur diff] DIFF L2D_CACHE_REFILL: 0
[cur diff] DIFF L2D_CACHE_INVAL: 0
[max diff] DIFF LL_CACHE_RD: 8, DIFF LL_CACHE_MISS_RD: 7, MISS_RATE: 87.50%
[max diff] DIFF L2D_CACHE_REFILL: 6
[max diff] DIFF L2D_CACHE_INVAL: 0

===========================================================
taskpendcnt:198594
t0:1333 ns
t1:3208 ns
t2:99583 ns
benchmark: Franka-derived Cartesian-impedance kernel, input trace:8, timer period:1.000 ms
controller source: franka_ros2 jazzy@73a1501d, updates:198616, SVD sweeps:5
pose error:[0.010000 0.015000 0.010000 -0.000000 0.049979 -0.000000]
tau[0:6]:[-0.274004 -0.324180 0.001577 -0.231466 0.050986 -0.328952 0.010844]
kernel exec min/avg/max: 94.21 / 95.54 / 102.08 us, samples:198626
pressure status:0, copy rounds total/window:0/0, 0.00 rounds/s
pressure logical copy:0.00 MiB total, approx 0.00 MiB/s, checksum:0
pressure report window:2.138715 s
t0_region>
[1]:198152
[2]:415
[3]:59
[4]:13
[5]:5
[6]:2
[7]:1

t1_region>
[2]:181365
[3]:16400
[4]:579
[5]:181
[6]:76
[7]:26
[8]:17
[9]:9
[10]:2

t2_region>
[97]:6380
[98]:183495
[99]:7708
[100]:599
[101]:269
[102]:110
[103]:58
[104]:24
[105]:11
[106]:9
[107]:1

t0_min: 1.04 us, round:124
t0_max: 7.17 us, round:80897
t0_jitter: 6.13 us

t1_min: 2.63 us, round:13
t1_max: 10.96 us, round:8153
t1_jitter: 8.33 us

t2_min: 97.13 us, round:2155
t2_max: 107.29 us, round:80900
t2_jitter: 10.17 us

PMU diff samples: 198693
AVG DIFF LL_CACHE_RD: 4.37
AVG DIFF LL_CACHE_MISS_RD: 0.06
AVG DIFF L2D_CACHE_REFILL: 0.06
AVG DIFF L2D_CACHE_INVAL: 0.00
[cur diff] DIFF LL_CACHE_RD: 12, DIFF LL_CACHE_MISS_RD: 0, MISS_RATE: 0.00%
[cur diff] DIFF L2D_CACHE_REFILL: 0
[cur diff] DIFF L2D_CACHE_INVAL: 0
[max diff] DIFF LL_CACHE_RD: 8, DIFF LL_CACHE_MISS_RD: 7, MISS_RATE: 87.50%
[max diff] DIFF L2D_CACHE_REFILL: 6
[max diff] DIFF L2D_CACHE_INVAL: 0

===========================================================
taskpendcnt:200732
t0:1541 ns
t1:3125 ns
t2:98625 ns
benchmark: Franka-derived Cartesian-impedance kernel, input trace:8, timer period:1.000 ms
controller source: franka_ros2 jazzy@73a1501d, updates:200755, SVD sweeps:5
pose error:[0.010000 0.015000 0.010000 -0.000000 0.049979 -0.000000]
tau[0:6]:[1.376914 -0.104433 0.790225 0.843903 0.642107 -0.956178 0.423547]
kernel exec min/avg/max: 94.21 / 95.54 / 102.08 us, samples:200765
pressure status:0, copy rounds total/window:0/0, 0.00 rounds/s
pressure logical copy:0.00 MiB total, approx 0.00 MiB/s, checksum:0
pressure report window:2.138654 s
t0_region>
[1]:200291
[2]:415
[3]:59
[4]:13
[5]:5
[6]:2
[7]:1

t1_region>
[2]:183334
[3]:16569
[4]:579
[5]:181
[6]:76
[7]:26
[8]:17
[9]:9
[10]:2

t2_region>
[97]:6380
[98]:185558
[99]:7778
[100]:603
[101]:269
[102]:110
[103]:58
[104]:24
[105]:11
[106]:9
[107]:1

t0_min: 1.04 us, round:124
t0_max: 7.17 us, round:80897
t0_jitter: 6.13 us

t1_min: 2.63 us, round:13
t1_max: 10.96 us, round:8153
t1_jitter: 8.33 us

t2_min: 97.13 us, round:2155
t2_max: 107.29 us, round:80900
t2_jitter: 10.17 us

PMU diff samples: 200832
AVG DIFF LL_CACHE_RD: 4.37
AVG DIFF LL_CACHE_MISS_RD: 0.06
AVG DIFF L2D_CACHE_REFILL: 0.06
AVG DIFF L2D_CACHE_INVAL: 0.00
[cur diff] DIFF LL_CACHE_RD: 18, DIFF LL_CACHE_MISS_RD: 0, MISS_RATE: 0.00%
[cur diff] DIFF L2D_CACHE_REFILL: 0
[cur diff] DIFF L2D_CACHE_INVAL: 0
[max diff] DIFF LL_CACHE_RD: 8, DIFF LL_CACHE_MISS_RD: 7, MISS_RATE: 87.50%
[max diff] DIFF L2D_CACHE_REFILL: 6
[max diff] DIFF L2D_CACHE_INVAL: 0

===========================================================
taskpendcnt:202871
t0:1458 ns
t1:3041 ns
t2:98541 ns
benchmark: Franka-derived Cartesian-impedance kernel, input trace:8, timer period:1.000 ms
controller source: franka_ros2 jazzy@73a1501d, updates:202894, SVD sweeps:5
pose error:[0.010000 0.015000 0.010000 -0.000000 0.049979 -0.000000]
tau[0:6]:[-2.379368 -1.292411 -1.655224 -1.570015 -1.185234 -0.066588 -0.610247]
kernel exec min/avg/max: 94.21 / 95.54 / 102.08 us, samples:202904
pressure status:0, copy rounds total/window:0/0, 0.00 rounds/s
pressure logical copy:0.00 MiB total, approx 0.00 MiB/s, checksum:0
pressure report window:2.139341 s
t0_region>
[1]:202429
[2]:415
[3]:60
[4]:13
[5]:5
[6]:2
[7]:1

t1_region>
[2]:185300
[3]:16742
[4]:579
[5]:181
[6]:77
[7]:26
[8]:17
[9]:9
[10]:2

t2_region>
[97]:6380
[98]:187645
[99]:7830
[100]:603
[101]:270
[102]:110
[103]:58
[104]:24
[105]:11
[106]:9
[107]:1

t0_min: 1.04 us, round:124
t0_max: 7.17 us, round:80897
t0_jitter: 6.13 us

t1_min: 2.63 us, round:13
t1_max: 10.96 us, round:8153
t1_jitter: 8.33 us

t2_min: 97.13 us, round:2155
t2_max: 107.29 us, round:80900
t2_jitter: 10.17 us

PMU diff samples: 202971
AVG DIFF LL_CACHE_RD: 4.37
AVG DIFF LL_CACHE_MISS_RD: 0.06
AVG DIFF L2D_CACHE_REFILL: 0.06
AVG DIFF L2D_CACHE_INVAL: 0.00
[cur diff] DIFF LL_CACHE_RD: 8, DIFF LL_CACHE_MISS_RD: 0, MISS_RATE: 0.00%
[cur diff] DIFF L2D_CACHE_REFILL: 0
[cur diff] DIFF L2D_CACHE_INVAL: 0
[max diff] DIFF LL_CACHE_RD: 8, DIFF LL_CACHE_MISS_RD: 7, MISS_RATE: 87.50%
[max diff] DIFF L2D_CACHE_REFILL: 6
[max diff] DIFF L2D_CACHE_INVAL: 0

===========================================================
taskpendcnt:205010
t0:1375 ns
t1:3250 ns
t2:98750 ns
benchmark: Franka-derived Cartesian-impedance kernel, input trace:8, timer period:1.000 ms
controller source: franka_ros2 jazzy@73a1501d, updates:205033, SVD sweeps:5
pose error:[0.010000 0.015000 0.010000 -0.000000 0.049979 -0.000000]
tau[0:6]:[0.839771 0.130674 0.617691 0.624912 0.653099 -0.592692 0.265887]
kernel exec min/avg/max: 94.21 / 95.54 / 102.08 us, samples:205042
pressure status:0, copy rounds total/window:0/0, 0.00 rounds/s
pressure logical copy:0.00 MiB total, approx 0.00 MiB/s, checksum:0
pressure report window:2.138383 s
t0_region>
[1]:204568
[2]:415
[3]:60
[4]:13
[5]:5
[6]:2
[7]:1

t1_region>
[2]:187271
[3]:16909
[4]:579
[5]:181
[6]:77
[7]:26
[8]:17
[9]:9
[10]:2

t2_region>
[97]:6380
[98]:189712
[99]:7901
[100]:603
[101]:270
[102]:110
[103]:58
[104]:24
[105]:11
[106]:9
[107]:1

t0_min: 1.04 us, round:124
t0_max: 7.17 us, round:80897
t0_jitter: 6.13 us

t1_min: 2.63 us, round:13
t1_max: 10.96 us, round:8153
t1_jitter: 8.33 us

t2_min: 97.13 us, round:2155
t2_max: 107.29 us, round:80900
t2_jitter: 10.17 us

PMU diff samples: 205109
AVG DIFF LL_CACHE_RD: 4.37
AVG DIFF LL_CACHE_MISS_RD: 0.06
AVG DIFF L2D_CACHE_REFILL: 0.06
AVG DIFF L2D_CACHE_INVAL: 0.00
[cur diff] DIFF LL_CACHE_RD: 14, DIFF LL_CACHE_MISS_RD: 0, MISS_RATE: 0.00%
[cur diff] DIFF L2D_CACHE_REFILL: 0
[cur diff] DIFF L2D_CACHE_INVAL: 0
[max diff] DIFF LL_CACHE_RD: 8, DIFF LL_CACHE_MISS_RD: 7, MISS_RATE: 87.50%
[max diff] DIFF L2D_CACHE_REFILL: 6
[max diff] DIFF L2D_CACHE_INVAL: 0

===========================================================
taskpendcnt:207149
t0:1583 ns
t1:3166 ns
t2:98666 ns
benchmark: Franka-derived Cartesian-impedance kernel, input trace:8, timer period:1.000 ms
controller source: franka_ros2 jazzy@73a1501d, updates:207172, SVD sweeps:5
pose error:[0.010000 0.015000 0.010000 -0.000000 0.049979 -0.000000]
tau[0:6]:[-0.567483 -0.552304 -0.482512 -0.231067 -0.297494 -0.656094 -0.085004]
kernel exec min/avg/max: 94.21 / 95.54 / 102.08 us, samples:207182
pressure status:0, copy rounds total/window:0/0, 0.00 rounds/s
pressure logical copy:0.00 MiB total, approx 0.00 MiB/s, checksum:0
pressure report window:2.139475 s
t0_region>
[1]:206707
[2]:415
[3]:60
[4]:13
[5]:5
[6]:2
[7]:1

t1_region>
[2]:189250
[3]:17069
[4]:579
[5]:181
[6]:77
[7]:26
[8]:17
[9]:9
[10]:2

t2_region>
[97]:6380
[98]:191798
[99]:7954
[100]:603
[101]:270
[102]:110
[103]:58
[104]:24
[105]:11
[106]:9
[107]:1

t0_min: 1.04 us, round:124
t0_max: 7.17 us, round:80897
t0_jitter: 6.13 us

t1_min: 2.63 us, round:13
t1_max: 10.96 us, round:8153
t1_jitter: 8.33 us

t2_min: 97.13 us, round:2155
t2_max: 107.29 us, round:80900
t2_jitter: 10.17 us

PMU diff samples: 207249
AVG DIFF LL_CACHE_RD: 4.36
AVG DIFF LL_CACHE_MISS_RD: 0.06
AVG DIFF L2D_CACHE_REFILL: 0.06
AVG DIFF L2D_CACHE_INVAL: 0.00
[cur diff] DIFF LL_CACHE_RD: 16, DIFF LL_CACHE_MISS_RD: 0, MISS_RATE: 0.00%
[cur diff] DIFF L2D_CACHE_REFILL: 0
[cur diff] DIFF L2D_CACHE_INVAL: 0
[max diff] DIFF LL_CACHE_RD: 8, DIFF LL_CACHE_MISS_RD: 7, MISS_RATE: 87.50%
[max diff] DIFF L2D_CACHE_REFILL: 6
[max diff] DIFF L2D_CACHE_INVAL: 0

===========================================================
taskpendcnt:209288
t0:1208 ns
t1:3375 ns
t2:98875 ns
benchmark: Franka-derived Cartesian-impedance kernel, input trace:8, timer period:1.000 ms
controller source: franka_ros2 jazzy@73a1501d, updates:209311, SVD sweeps:5
pose error:[0.010000 0.015000 0.010000 -0.000000 0.049979 -0.000000]
tau[0:6]:[-2.379368 -1.292411 -1.655224 -1.570015 -1.185234 -0.066588 -0.610247]
kernel exec min/avg/max: 94.21 / 95.54 / 102.08 us, samples:209321
pressure status:0, copy rounds total/window:0/0, 0.00 rounds/s
pressure logical copy:0.00 MiB total, approx 0.00 MiB/s, checksum:0
pressure report window:2.138854 s
t0_region>
[1]:208846
[2]:415
[3]:60
[4]:13
[5]:5
[6]:2
[7]:1

t1_region>
[2]:191212
[3]:17245
[4]:580
[5]:181
[6]:77
[7]:26
[8]:17
[9]:9
[10]:2

t2_region>
[97]:6380
[98]:193865
[99]:8025
[100]:604
[101]:270
[102]:110
[103]:58
[104]:24
[105]:11
[106]:9
[107]:1

t0_min: 1.04 us, round:124
t0_max: 7.17 us, round:80897
t0_jitter: 6.13 us

t1_min: 2.63 us, round:13
t1_max: 10.96 us, round:8153
t1_jitter: 8.33 us

t2_min: 97.13 us, round:2155
t2_max: 107.29 us, round:80900
t2_jitter: 10.17 us

PMU diff samples: 209388
AVG DIFF LL_CACHE_RD: 4.36
AVG DIFF LL_CACHE_MISS_RD: 0.06
AVG DIFF L2D_CACHE_REFILL: 0.06
AVG DIFF L2D_CACHE_INVAL: 0.00
[cur diff] DIFF LL_CACHE_RD: 18, DIFF LL_CACHE_MISS_RD: 0, MISS_RATE: 0.00%
[cur diff] DIFF L2D_CACHE_REFILL: 0
[cur diff] DIFF L2D_CACHE_INVAL: 0
[max diff] DIFF LL_CACHE_RD: 8, DIFF LL_CACHE_MISS_RD: 7, MISS_RATE: 87.50%
[max diff] DIFF L2D_CACHE_REFILL: 6
[max diff] DIFF L2D_CACHE_INVAL: 0

===========================================================
taskpendcnt:211427
t0:1583 ns
t1:3166 ns
t2:98791 ns
benchmark: Franka-derived Cartesian-impedance kernel, input trace:8, timer period:1.000 ms
controller source: franka_ros2 jazzy@73a1501d, updates:211450, SVD sweeps:5
pose error:[0.010000 0.015000 0.010000 -0.000000 0.049979 -0.000000]
tau[0:6]:[0.839771 0.130674 0.617691 0.624912 0.653099 -0.592692 0.265887]
kernel exec min/avg/max: 94.21 / 95.54 / 102.08 us, samples:211459
pressure status:0, copy rounds total/window:0/0, 0.00 rounds/s
pressure logical copy:0.00 MiB total, approx 0.00 MiB/s, checksum:0
pressure report window:2.138389 s
t0_region>
[1]:210976
[2]:421
[3]:60
[4]:15
[5]:5
[6]:2
[7]:1

t1_region>
[2]:193154
[3]:17435
[4]:583
[5]:181
[6]:78
[7]:27
[8]:17
[9]:10
[10]:2

t2_region>
[97]:6380
[98]:195878
[99]:8144
[100]:607
[101]:270
[102]:111
[103]:60
[104]:24
[105]:12
[106]:9
[107]:1

t0_min: 1.04 us, round:124
t0_max: 7.17 us, round:80897
t0_jitter: 6.13 us

t1_min: 2.63 us, round:13
t1_max: 10.96 us, round:8153
t1_jitter: 8.33 us

t2_min: 97.13 us, round:2155
t2_max: 107.29 us, round:80900
t2_jitter: 10.17 us

PMU diff samples: 211526
AVG DIFF LL_CACHE_RD: 4.36
AVG DIFF LL_CACHE_MISS_RD: 0.06
AVG DIFF L2D_CACHE_REFILL: 0.06
AVG DIFF L2D_CACHE_INVAL: 0.00
[cur diff] DIFF LL_CACHE_RD: 12, DIFF LL_CACHE_MISS_RD: 0, MISS_RATE: 0.00%
[cur diff] DIFF L2D_CACHE_REFILL: 0
[cur diff] DIFF L2D_CACHE_INVAL: 0
[max diff] DIFF LL_CACHE_RD: 8, DIFF LL_CACHE_MISS_RD: 7, MISS_RATE: 87.50%
[max diff] DIFF L2D_CACHE_REFILL: 6
[max diff] DIFF L2D_CACHE_INVAL: 0

===========================================================
taskpendcnt:213566
t0:1791 ns
t1:3083 ns
t2:98583 ns
benchmark: Franka-derived Cartesian-impedance kernel, input trace:8, timer period:1.000 ms
controller source: franka_ros2 jazzy@73a1501d, updates:213589, SVD sweeps:5
pose error:[0.010000 0.015000 0.010000 -0.000000 0.049979 -0.000000]
tau[0:6]:[-0.567483 -0.552304 -0.482512 -0.231067 -0.297494 -0.656094 -0.085004]
kernel exec min/avg/max: 94.21 / 95.54 / 102.08 us, samples:213598
pressure status:0, copy rounds total/window:0/0, 0.00 rounds/s
pressure logical copy:0.00 MiB total, approx 0.00 MiB/s, checksum:0
pressure report window:2.139423 s
t0_region>
[1]:213104
[2]:430
[3]:61
[4]:16
[5]:6
[6]:2
[7]:1

t1_region>
[2]:195077
[3]:17642
[4]:588
[5]:183
[6]:79
[7]:29
[8]:17
[9]:10
[10]:2

t2_region>
[97]:6380
[98]:197774
[99]:8369
[100]:619
[101]:272
[102]:113
[103]:61
[104]:25
[105]:12
[106]:9
[107]:1

t0_min: 1.04 us, round:124
t0_max: 7.17 us, round:80897
t0_jitter: 6.13 us

t1_min: 2.63 us, round:13
t1_max: 10.96 us, round:8153
t1_jitter: 8.33 us

t2_min: 97.13 us, round:2155
t2_max: 107.29 us, round:80900
t2_jitter: 10.17 us

PMU diff samples: 213665
AVG DIFF LL_CACHE_RD: 4.36
AVG DIFF LL_CACHE_MISS_RD: 0.06
AVG DIFF L2D_CACHE_REFILL: 0.06
AVG DIFF L2D_CACHE_INVAL: 0.00
[cur diff] DIFF LL_CACHE_RD: 13, DIFF LL_CACHE_MISS_RD: 0, MISS_RATE: 0.00%
[cur diff] DIFF L2D_CACHE_REFILL: 0
[cur diff] DIFF L2D_CACHE_INVAL: 0
[max diff] DIFF LL_CACHE_RD: 8, DIFF LL_CACHE_MISS_RD: 7, MISS_RATE: 87.50%
[max diff] DIFF L2D_CACHE_REFILL: 6
[max diff] DIFF L2D_CACHE_INVAL: 0

===========================================================
taskpendcnt:215705
t0:1416 ns
t1:3291 ns
t2:98500 ns
benchmark: Franka-derived Cartesian-impedance kernel, input trace:8, timer period:1.000 ms
controller source: franka_ros2 jazzy@73a1501d, updates:215727, SVD sweeps:5
pose error:[0.010000 0.015000 0.010000 -0.000000 0.049979 -0.000000]
tau[0:6]:[-1.839419 -0.921560 -1.193198 -1.195971 -0.861243 0.113634 -0.461388]
kernel exec min/avg/max: 94.21 / 95.54 / 102.08 us, samples:215737
pressure status:0, copy rounds total/window:0/0, 0.00 rounds/s
pressure logical copy:0.00 MiB total, approx 0.00 MiB/s, checksum:0
pressure report window:2.138820 s
t0_region>
[1]:215243
[2]:430
[3]:61
[4]:16
[5]:6
[6]:2
[7]:1

t1_region>
[2]:197042
[3]:17816
[4]:588
[5]:183
[6]:79
[7]:29
[8]:17
[9]:10
[10]:2

t2_region>
[97]:6380
[98]:199811
[99]:8471
[100]:619
[101]:272
[102]:113
[103]:61
[104]:25
[105]:12
[106]:9
[107]:1

t0_min: 1.04 us, round:124
t0_max: 7.17 us, round:80897
t0_jitter: 6.13 us

t1_min: 2.63 us, round:13
t1_max: 10.96 us, round:8153
t1_jitter: 8.33 us

t2_min: 97.13 us, round:2155
t2_max: 107.29 us, round:80900
t2_jitter: 10.17 us

PMU diff samples: 215804
AVG DIFF LL_CACHE_RD: 4.36
AVG DIFF LL_CACHE_MISS_RD: 0.06
AVG DIFF L2D_CACHE_REFILL: 0.06
AVG DIFF L2D_CACHE_INVAL: 0.00
[cur diff] DIFF LL_CACHE_RD: 24, DIFF LL_CACHE_MISS_RD: 0, MISS_RATE: 0.00%
[cur diff] DIFF L2D_CACHE_REFILL: 0
[cur diff] DIFF L2D_CACHE_INVAL: 0
[max diff] DIFF LL_CACHE_RD: 8, DIFF LL_CACHE_MISS_RD: 7, MISS_RATE: 87.50%
[max diff] DIFF L2D_CACHE_REFILL: 6
[max diff] DIFF L2D_CACHE_INVAL: 0

===========================================================
taskpendcnt:217844
t0:1333 ns
t1:3208 ns
t2:98708 ns
benchmark: Franka-derived Cartesian-impedance kernel, input trace:8, timer period:1.000 ms
controller source: franka_ros2 jazzy@73a1501d, updates:217866, SVD sweeps:5
pose error:[0.010000 0.015000 0.010000 -0.000000 0.049979 -0.000000]
tau[0:6]:[1.228026 0.081850 0.819520 0.875435 0.745706 -0.833381 0.398995]
kernel exec min/avg/max: 94.21 / 95.54 / 102.08 us, samples:217876
pressure status:0, copy rounds total/window:0/0, 0.00 rounds/s
pressure logical copy:0.00 MiB total, approx 0.00 MiB/s, checksum:0
pressure report window:2.138513 s
t0_region>
[1]:217381
[2]:430
[3]:61
[4]:16
[5]:6
[6]:2
[7]:1

t1_region>
[2]:199011
[3]:17985
[4]:588
[5]:183
[6]:79
[7]:29
[8]:17
[9]:10
[10]:2

t2_region>
[97]:6380
[98]:201876
[99]:8545
[100]:619
[101]:272
[102]:113
[103]:61
[104]:25
[105]:12
[106]:9
[107]:1

t0_min: 1.04 us, round:124
t0_max: 7.17 us, round:80897
t0_jitter: 6.13 us

t1_min: 2.63 us, round:13
t1_max: 10.96 us, round:8153
t1_jitter: 8.33 us

t2_min: 97.13 us, round:2155
t2_max: 107.29 us, round:80900
t2_jitter: 10.17 us

PMU diff samples: 217943
AVG DIFF LL_CACHE_RD: 4.36
AVG DIFF LL_CACHE_MISS_RD: 0.06
AVG DIFF L2D_CACHE_REFILL: 0.06
AVG DIFF L2D_CACHE_INVAL: 0.00
[cur diff] DIFF LL_CACHE_RD: 9, DIFF LL_CACHE_MISS_RD: 0, MISS_RATE: 0.00%
[cur diff] DIFF L2D_CACHE_REFILL: 1
[cur diff] DIFF L2D_CACHE_INVAL: 0
[max diff] DIFF LL_CACHE_RD: 8, DIFF LL_CACHE_MISS_RD: 7, MISS_RATE: 87.50%
[max diff] DIFF L2D_CACHE_REFILL: 6
[max diff] DIFF L2D_CACHE_INVAL: 0

===========================================================
taskpendcnt:219983
t0:1250 ns
t1:3125 ns
t2:99500 ns
benchmark: Franka-derived Cartesian-impedance kernel, input trace:8, timer period:1.000 ms
controller source: franka_ros2 jazzy@73a1501d, updates:220005, SVD sweeps:5
pose error:[0.010000 0.015000 0.010000 -0.000000 0.049979 -0.000000]
tau[0:6]:[-2.781770 -1.613002 -1.930139 -1.581803 -1.382951 -0.390599 -0.663394]
kernel exec min/avg/max: 94.21 / 95.54 / 102.08 us, samples:220015
pressure status:0, copy rounds total/window:0/0, 0.00 rounds/s
pressure logical copy:0.00 MiB total, approx 0.00 MiB/s, checksum:0
pressure report window:2.139405 s
t0_region>
[1]:219521
[2]:430
[3]:61
[4]:16
[5]:6
[6]:2
[7]:1

t1_region>
[2]:200983
[3]:18153
[4]:588
[5]:183
[6]:79
[7]:29
[8]:17
[9]:10
[10]:2

t2_region>
[97]:6380
[98]:203911
[99]:8649
[100]:619
[101]:272
[102]:113
[103]:61
[104]:25
[105]:12
[106]:9
[107]:1

t0_min: 1.04 us, round:124
t0_max: 7.17 us, round:80897
t0_jitter: 6.13 us

t1_min: 2.63 us, round:13
t1_max: 10.96 us, round:8153
t1_jitter: 8.33 us

t2_min: 97.13 us, round:2155
t2_max: 107.29 us, round:80900
t2_jitter: 10.17 us

PMU diff samples: 220082
AVG DIFF LL_CACHE_RD: 4.36
AVG DIFF LL_CACHE_MISS_RD: 0.06
AVG DIFF L2D_CACHE_REFILL: 0.06
AVG DIFF L2D_CACHE_INVAL: 0.00
[cur diff] DIFF LL_CACHE_RD: 14, DIFF LL_CACHE_MISS_RD: 0, MISS_RATE: 0.00%
[cur diff] DIFF L2D_CACHE_REFILL: 0
[cur diff] DIFF L2D_CACHE_INVAL: 0
[max diff] DIFF LL_CACHE_RD: 8, DIFF LL_CACHE_MISS_RD: 7, MISS_RATE: 87.50%
[max diff] DIFF L2D_CACHE_REFILL: 6
[max diff] DIFF L2D_CACHE_INVAL: 0

===========================================================
taskpendcnt:222122
t0:1458 ns
t1:3041 ns
t2:98833 ns
benchmark: Franka-derived Cartesian-impedance kernel, input trace:8, timer period:1.000 ms
controller source: franka_ros2 jazzy@73a1501d, updates:222144, SVD sweeps:5
pose error:[0.010000 0.015000 0.010000 -0.000000 0.049979 -0.000000]
tau[0:6]:[-0.274004 -0.324180 0.001577 -0.231466 0.050986 -0.328952 0.010844]
kernel exec min/avg/max: 94.21 / 95.54 / 102.08 us, samples:222154
pressure status:0, copy rounds total/window:0/0, 0.00 rounds/s
pressure logical copy:0.00 MiB total, approx 0.00 MiB/s, checksum:0
pressure report window:2.138615 s
t0_region>
[1]:221658
[2]:431
[3]:61
[4]:16
[5]:6
[6]:2
[7]:1

t1_region>
[2]:202958
[3]:18316
[4]:589
[5]:183
[6]:79
[7]:29
[8]:17
[9]:10
[10]:2

t2_region>
[97]:6380
[98]:206027
[99]:8672
[100]:619
[101]:273
[102]:113
[103]:61
[104]:25
[105]:12
[106]:9
[107]:1

t0_min: 1.04 us, round:124
t0_max: 7.17 us, round:80897
t0_jitter: 6.13 us

t1_min: 2.63 us, round:13
t1_max: 10.96 us, round:8153
t1_jitter: 8.33 us

t2_min: 97.13 us, round:2155
t2_max: 107.29 us, round:80900
t2_jitter: 10.17 us

PMU diff samples: 222221
AVG DIFF LL_CACHE_RD: 4.35
AVG DIFF LL_CACHE_MISS_RD: 0.06
AVG DIFF L2D_CACHE_REFILL: 0.06
AVG DIFF L2D_CACHE_INVAL: 0.00
[cur diff] DIFF LL_CACHE_RD: 16, DIFF LL_CACHE_MISS_RD: 0, MISS_RATE: 0.00%
[cur diff] DIFF L2D_CACHE_REFILL: 0
[cur diff] DIFF L2D_CACHE_INVAL: 0
[max diff] DIFF LL_CACHE_RD: 8, DIFF LL_CACHE_MISS_RD: 7, MISS_RATE: 87.50%
[max diff] DIFF L2D_CACHE_REFILL: 6
[max diff] DIFF L2D_CACHE_INVAL: 0

===========================================================
taskpendcnt:224260
t0:1375 ns
t1:2958 ns
t2:98458 ns
benchmark: Franka-derived Cartesian-impedance kernel, input trace:8, timer period:1.000 ms
controller source: franka_ros2 jazzy@73a1501d, updates:224283, SVD sweeps:5
pose error:[0.010000 0.015000 0.010000 -0.000000 0.049979 -0.000000]
tau[0:6]:[1.376914 -0.104433 0.790225 0.843903 0.642107 -0.956178 0.423547]
kernel exec min/avg/max: 94.21 / 95.54 / 102.08 us, samples:224292
pressure status:0, copy rounds total/window:0/0, 0.00 rounds/s
pressure logical copy:0.00 MiB total, approx 0.00 MiB/s, checksum:0
pressure report window:2.138724 s
t0_region>
[1]:223797
[2]:431
[3]:61
[4]:16
[5]:6
[6]:2
[7]:1

t1_region>
[2]:204906
[3]:18505
[4]:589
[5]:183
[6]:79
[7]:29
[8]:17
[9]:10
[10]:2

t2_region>
[97]:6380
[98]:208067
[99]:8769
[100]:619
[101]:273
[102]:113
[103]:61
[104]:25
[105]:12
[106]:9
[107]:1

t0_min: 1.04 us, round:124
t0_max: 7.17 us, round:80897
t0_jitter: 6.13 us

t1_min: 2.63 us, round:13
t1_max: 10.96 us, round:8153
t1_jitter: 8.33 us

t2_min: 97.13 us, round:2155
t2_max: 107.29 us, round:80900
t2_jitter: 10.17 us

PMU diff samples: 224360
AVG DIFF LL_CACHE_RD: 4.35
AVG DIFF LL_CACHE_MISS_RD: 0.06
AVG DIFF L2D_CACHE_REFILL: 0.06
AVG DIFF L2D_CACHE_INVAL: 0.00
[cur diff] DIFF LL_CACHE_RD: 11, DIFF LL_CACHE_MISS_RD: 0, MISS_RATE: 0.00%
[cur diff] DIFF L2D_CACHE_REFILL: 0
[cur diff] DIFF L2D_CACHE_INVAL: 0
[max diff] DIFF LL_CACHE_RD: 8, DIFF LL_CACHE_MISS_RD: 7, MISS_RATE: 87.50%
[max diff] DIFF L2D_CACHE_REFILL: 6
[max diff] DIFF L2D_CACHE_INVAL: 0

===========================================================
taskpendcnt:226399
t0:1291 ns
t1:3458 ns
t2:98958 ns
benchmark: Franka-derived Cartesian-impedance kernel, input trace:8, timer period:1.000 ms
controller source: franka_ros2 jazzy@73a1501d, updates:226422, SVD sweeps:5
pose error:[0.010000 0.015000 0.010000 -0.000000 0.049979 -0.000000]
tau[0:6]:[-2.379368 -1.292411 -1.655224 -1.570015 -1.185234 -0.066588 -0.610247]
kernel exec min/avg/max: 94.21 / 95.54 / 102.08 us, samples:226432
pressure status:0, copy rounds total/window:0/0, 0.00 rounds/s
pressure logical copy:0.00 MiB total, approx 0.00 MiB/s, checksum:0
pressure report window:2.139349 s
t0_region>
[1]:225925
[2]:440
[3]:63
[4]:16
[5]:6
[6]:2
[7]:1

t1_region>
[2]:206835
[3]:18702
[4]:599
[5]:186
[6]:81
[7]:29
[8]:17
[9]:10
[10]:2

t2_region>
[97]:6380
[98]:210090
[99]:8874
[100]:625
[101]:278
[102]:115
[103]:61
[104]:25
[105]:12
[106]:9
[107]:1

t0_min: 1.04 us, round:124
t0_max: 7.17 us, round:80897
t0_jitter: 6.13 us

t1_min: 2.63 us, round:13
t1_max: 10.96 us, round:8153
t1_jitter: 8.33 us

t2_min: 97.13 us, round:2155
t2_max: 107.29 us, round:80900
t2_jitter: 10.17 us

PMU diff samples: 226499
AVG DIFF LL_CACHE_RD: 4.35
AVG DIFF LL_CACHE_MISS_RD: 0.06
AVG DIFF L2D_CACHE_REFILL: 0.06
AVG DIFF L2D_CACHE_INVAL: 0.00
[cur diff] DIFF LL_CACHE_RD: 15, DIFF LL_CACHE_MISS_RD: 0, MISS_RATE: 0.00%
[cur diff] DIFF L2D_CACHE_REFILL: 1
[cur diff] DIFF L2D_CACHE_INVAL: 0
[max diff] DIFF LL_CACHE_RD: 8, DIFF LL_CACHE_MISS_RD: 7, MISS_RATE: 87.50%
[max diff] DIFF L2D_CACHE_REFILL: 6
[max diff] DIFF L2D_CACHE_INVAL: 0

===========================================================
taskpendcnt:228538
t0:1208 ns
t1:3083 ns
t2:98583 ns
benchmark: Franka-derived Cartesian-impedance kernel, input trace:8, timer period:1.000 ms
controller source: franka_ros2 jazzy@73a1501d, updates:228561, SVD sweeps:5
pose error:[0.010000 0.015000 0.010000 -0.000000 0.049979 -0.000000]
tau[0:6]:[0.839771 0.130674 0.617691 0.624912 0.653099 -0.592692 0.265887]
kernel exec min/avg/max: 94.21 / 95.54 / 102.08 us, samples:228570
pressure status:0, copy rounds total/window:0/0, 0.00 rounds/s
pressure logical copy:0.00 MiB total, approx 0.00 MiB/s, checksum:0
pressure report window:2.138391 s
t0_region>
[1]:228047
[2]:454
[3]:65
[4]:17
[5]:6
[6]:2
[7]:1

t1_region>
[2]:208771
[3]:18883
[4]:611
[5]:193
[6]:82
[7]:30
[8]:17
[9]:10
[10]:2

t2_region>
[97]:6380
[98]:212051
[99]:9034
[100]:636
[101]:281
[102]:116
[103]:63
[104]:25
[105]:12
[106]:9
[107]:1

t0_min: 1.04 us, round:124
t0_max: 7.17 us, round:80897
t0_jitter: 6.13 us

t1_min: 2.63 us, round:13
t1_max: 10.96 us, round:8153
t1_jitter: 8.33 us

t2_min: 97.13 us, round:2155
t2_max: 107.29 us, round:80900
t2_jitter: 10.17 us

PMU diff samples: 228637
AVG DIFF LL_CACHE_RD: 4.35
AVG DIFF LL_CACHE_MISS_RD: 0.06
AVG DIFF L2D_CACHE_REFILL: 0.06
AVG DIFF L2D_CACHE_INVAL: 0.00
[cur diff] DIFF LL_CACHE_RD: 20, DIFF LL_CACHE_MISS_RD: 0, MISS_RATE: 0.00%
[cur diff] DIFF L2D_CACHE_REFILL: 0
[cur diff] DIFF L2D_CACHE_INVAL: 0
[max diff] DIFF LL_CACHE_RD: 8, DIFF LL_CACHE_MISS_RD: 7, MISS_RATE: 87.50%
[max diff] DIFF L2D_CACHE_REFILL: 6
[max diff] DIFF L2D_CACHE_INVAL: 0

===========================================================
taskpendcnt:230677
t0:1416 ns
t1:3583 ns
t2:98791 ns
benchmark: Franka-derived Cartesian-impedance kernel, input trace:8, timer period:1.000 ms
controller source: franka_ros2 jazzy@73a1501d, updates:230700, SVD sweeps:5
pose error:[0.010000 0.015000 0.010000 -0.000000 0.049979 -0.000000]
tau[0:6]:[-0.567483 -0.552304 -0.482512 -0.231067 -0.297494 -0.656094 -0.085004]
kernel exec min/avg/max: 94.21 / 95.55 / 102.08 us, samples:230710
pressure status:0, copy rounds total/window:0/0, 0.00 rounds/s
pressure logical copy:0.00 MiB total, approx 0.00 MiB/s, checksum:0
pressure report window:2.139516 s
t0_region>
[1]:230186
[2]:454
[3]:65
[4]:17
[5]:6
[6]:2
[7]:1

t1_region>
[2]:210744
[3]:19049
[4]:611
[5]:193
[6]:82
[7]:30
[8]:17
[9]:10
[10]:2

t2_region>
[97]:6380
[98]:214104
[99]:9121
[100]:636
[101]:281
[102]:116
[103]:63
[104]:25
[105]:12
[106]:9
[107]:1

t0_min: 1.04 us, round:124
t0_max: 7.17 us, round:80897
t0_jitter: 6.13 us

t1_min: 2.63 us, round:13
t1_max: 10.96 us, round:8153
t1_jitter: 8.33 us

t2_min: 97.13 us, round:2155
t2_max: 107.29 us, round:80900
t2_jitter: 10.17 us

PMU diff samples: 230777
AVG DIFF LL_CACHE_RD: 4.35
AVG DIFF LL_CACHE_MISS_RD: 0.06
AVG DIFF L2D_CACHE_REFILL: 0.06
AVG DIFF L2D_CACHE_INVAL: 0.00
[cur diff] DIFF LL_CACHE_RD: 16, DIFF LL_CACHE_MISS_RD: 0, MISS_RATE: 0.00%
[cur diff] DIFF L2D_CACHE_REFILL: 0
[cur diff] DIFF L2D_CACHE_INVAL: 0
[max diff] DIFF LL_CACHE_RD: 8, DIFF LL_CACHE_MISS_RD: 7, MISS_RATE: 87.50%
[max diff] DIFF L2D_CACHE_REFILL: 6
[max diff] DIFF L2D_CACHE_INVAL: 0

===========================================================
taskpendcnt:232816
t0:1500 ns
t1:3208 ns
t2:99000 ns
benchmark: Franka-derived Cartesian-impedance kernel, input trace:8, timer period:1.000 ms
controller source: franka_ros2 jazzy@73a1501d, updates:232839, SVD sweeps:5
pose error:[0.010000 0.015000 0.010000 -0.000000 0.049979 -0.000000]
tau[0:6]:[-2.379368 -1.292411 -1.655224 -1.570015 -1.185234 -0.066588 -0.610247]
kernel exec min/avg/max: 94.21 / 95.55 / 102.08 us, samples:232849
pressure status:0, copy rounds total/window:0/0, 0.00 rounds/s
pressure logical copy:0.00 MiB total, approx 0.00 MiB/s, checksum:0
pressure report window:2.138816 s
t0_region>
[1]:232325
[2]:454
[3]:65
[4]:17
[5]:6
[6]:2
[7]:1

t1_region>
[2]:212713
[3]:19218
[4]:611
[5]:194
[6]:82
[7]:30
[8]:17
[9]:10
[10]:2

t2_region>
[97]:6380
[98]:216169
[99]:9192
[100]:636
[101]:282
[102]:116
[103]:63
[104]:25
[105]:12
[106]:9
[107]:1

t0_min: 1.04 us, round:124
t0_max: 7.17 us, round:80897
t0_jitter: 6.13 us

t1_min: 2.63 us, round:13
t1_max: 10.96 us, round:8153
t1_jitter: 8.33 us

t2_min: 97.13 us, round:2155
t2_max: 107.29 us, round:80900
t2_jitter: 10.17 us

PMU diff samples: 232916
AVG DIFF LL_CACHE_RD: 4.35
AVG DIFF LL_CACHE_MISS_RD: 0.06
AVG DIFF L2D_CACHE_REFILL: 0.06
AVG DIFF L2D_CACHE_INVAL: 0.00
[cur diff] DIFF LL_CACHE_RD: 9, DIFF LL_CACHE_MISS_RD: 0, MISS_RATE: 0.00%
[cur diff] DIFF L2D_CACHE_REFILL: 0
[cur diff] DIFF L2D_CACHE_INVAL: 0
[max diff] DIFF LL_CACHE_RD: 8, DIFF LL_CACHE_MISS_RD: 7, MISS_RATE: 87.50%
[max diff] DIFF L2D_CACHE_REFILL: 6
[max diff] DIFF L2D_CACHE_INVAL: 0

===========================================================
taskpendcnt:234955
t0:1416 ns
t1:3291 ns
t2:98791 ns
benchmark: Franka-derived Cartesian-impedance kernel, input trace:8, timer period:1.000 ms
controller source: franka_ros2 jazzy@73a1501d, updates:234978, SVD sweeps:5
pose error:[0.010000 0.015000 0.010000 -0.000000 0.049979 -0.000000]
tau[0:6]:[0.839771 0.130674 0.617691 0.624912 0.653099 -0.592692 0.265887]
kernel exec min/avg/max: 94.21 / 95.55 / 102.08 us, samples:234987
pressure status:0, copy rounds total/window:0/0, 0.00 rounds/s
pressure logical copy:0.00 MiB total, approx 0.00 MiB/s, checksum:0
pressure report window:2.138384 s
t0_region>
[1]:234462
[2]:455
[3]:65
[4]:17
[5]:6
[6]:2
[7]:1

t1_region>
[2]:214669
[3]:19401
[4]:611
[5]:194
[6]:82
[7]:30
[8]:17
[9]:10
[10]:2

t2_region>
[97]:6380
[98]:218220
[99]:9280
[100]:636
[101]:282
[102]:116
[103]:63
[104]:25
[105]:12
[106]:9
[107]:1

t0_min: 1.04 us, round:124
t0_max: 7.17 us, round:80897
t0_jitter: 6.13 us

t1_min: 2.63 us, round:13
t1_max: 10.96 us, round:8153
t1_jitter: 8.33 us

t2_min: 97.13 us, round:2155
t2_max: 107.29 us, round:80900
t2_jitter: 10.17 us

PMU diff samples: 235054
AVG DIFF LL_CACHE_RD: 4.34
AVG DIFF LL_CACHE_MISS_RD: 0.06
AVG DIFF L2D_CACHE_REFILL: 0.06
AVG DIFF L2D_CACHE_INVAL: 0.00
[cur diff] DIFF LL_CACHE_RD: 7, DIFF LL_CACHE_MISS_RD: 0, MISS_RATE: 0.00%
[cur diff] DIFF L2D_CACHE_REFILL: 0
[cur diff] DIFF L2D_CACHE_INVAL: 0
[max diff] DIFF LL_CACHE_RD: 8, DIFF LL_CACHE_MISS_RD: 7, MISS_RATE: 87.50%
[max diff] DIFF L2D_CACHE_REFILL: 6
[max diff] DIFF L2D_CACHE_INVAL: 0

===========================================================
taskpendcnt:237094
t0:1625 ns
t1:3208 ns
t2:98708 ns
benchmark: Franka-derived Cartesian-impedance kernel, input trace:8, timer period:1.000 ms
controller source: franka_ros2 jazzy@73a1501d, updates:237116, SVD sweeps:5
pose error:[0.010000 0.015000 0.010000 -0.000000 0.049979 -0.000000]
tau[0:6]:[-0.567483 -0.552304 -0.482512 -0.231067 -0.297494 -0.656094 -0.085004]
kernel exec min/avg/max: 94.21 / 95.55 / 102.08 us, samples:237126
pressure status:0, copy rounds total/window:0/0, 0.00 rounds/s
pressure logical copy:0.00 MiB total, approx 0.00 MiB/s, checksum:0
pressure report window:2.139426 s
t0_region>
[1]:236602
[2]:455
[3]:65
[4]:17
[5]:6
[6]:2
[7]:1

t1_region>
[2]:216645
[3]:19564
[4]:611
[5]:194
[6]:82
[7]:30
[8]:17
[9]:10
[10]:2

t2_region>
[97]:6380
[98]:220281
[99]:9358
[100]:636
[101]:282
[102]:116
[103]:63
[104]:25
[105]:12
[106]:9
[107]:1

t0_min: 1.04 us, round:124
t0_max: 7.17 us, round:80897
t0_jitter: 6.13 us

t1_min: 2.63 us, round:13
t1_max: 10.96 us, round:8153
t1_jitter: 8.33 us

t2_min: 97.13 us, round:2155
t2_max: 107.29 us, round:80900
t2_jitter: 10.17 us

PMU diff samples: 237193
AVG DIFF LL_CACHE_RD: 4.34
AVG DIFF LL_CACHE_MISS_RD: 0.06
AVG DIFF L2D_CACHE_REFILL: 0.06
AVG DIFF L2D_CACHE_INVAL: 0.00
[cur diff] DIFF LL_CACHE_RD: 14, DIFF LL_CACHE_MISS_RD: 0, MISS_RATE: 0.00%
[cur diff] DIFF L2D_CACHE_REFILL: 0
[cur diff] DIFF L2D_CACHE_INVAL: 0
[max diff] DIFF LL_CACHE_RD: 8, DIFF LL_CACHE_MISS_RD: 7, MISS_RATE: 87.50%
[max diff] DIFF L2D_CACHE_REFILL: 6
[max diff] DIFF L2D_CACHE_INVAL: 0

===========================================================
taskpendcnt:239233
t0:1541 ns
t1:3125 ns
t2:98625 ns
benchmark: Franka-derived Cartesian-impedance kernel, input trace:8, timer period:1.000 ms
controller source: franka_ros2 jazzy@73a1501d, updates:239255, SVD sweeps:5
pose error:[0.010000 0.015000 0.010000 -0.000000 0.049979 -0.000000]
tau[0:6]:[-1.839419 -0.921560 -1.193198 -1.195971 -0.861243 0.113634 -0.461388]
kernel exec min/avg/max: 94.21 / 95.55 / 102.08 us, samples:239265
pressure status:0, copy rounds total/window:0/0, 0.00 rounds/s
pressure logical copy:0.00 MiB total, approx 0.00 MiB/s, checksum:0
pressure report window:2.138818 s
t0_region>
[1]:238741
[2]:455
[3]:65
[4]:17
[5]:6
[6]:2
[7]:1

t1_region>
[2]:218608
[3]:19740
[4]:611
[5]:194
[6]:82
[7]:30
[8]:17
[9]:10
[10]:2

t2_region>
[97]:6380
[98]:222351
[99]:9427
[100]:636
[101]:282
[102]:116
[103]:63
[104]:25
[105]:12
[106]:9
[107]:1

t0_min: 1.04 us, round:124
t0_max: 7.17 us, round:80897
t0_jitter: 6.13 us

t1_min: 2.63 us, round:13
t1_max: 10.96 us, round:8153
t1_jitter: 8.33 us

t2_min: 97.13 us, round:2155
t2_max: 107.29 us, round:80900
t2_jitter: 10.17 us

PMU diff samples: 239332
AVG DIFF LL_CACHE_RD: 4.34
AVG DIFF LL_CACHE_MISS_RD: 0.06
AVG DIFF L2D_CACHE_REFILL: 0.06
AVG DIFF L2D_CACHE_INVAL: 0.00
[cur diff] DIFF LL_CACHE_RD: 22, DIFF LL_CACHE_MISS_RD: 0, MISS_RATE: 0.00%
[cur diff] DIFF L2D_CACHE_REFILL: 0
[cur diff] DIFF L2D_CACHE_INVAL: 0
[max diff] DIFF LL_CACHE_RD: 8, DIFF LL_CACHE_MISS_RD: 7, MISS_RATE: 87.50%
[max diff] DIFF L2D_CACHE_REFILL: 6
[max diff] DIFF L2D_CACHE_INVAL: 0

===========================================================
taskpendcnt:241372
t0:1458 ns
t1:3333 ns
t2:98833 ns
benchmark: Franka-derived Cartesian-impedance kernel, input trace:8, timer period:1.000 ms
controller source: franka_ros2 jazzy@73a1501d, updates:241394, SVD sweeps:5
pose error:[0.010000 0.015000 0.010000 -0.000000 0.049979 -0.000000]
tau[0:6]:[1.228026 0.081850 0.819520 0.875435 0.745706 -0.833381 0.398995]
kernel exec min/avg/max: 94.21 / 95.55 / 102.08 us, samples:241404
pressure status:0, copy rounds total/window:0/0, 0.00 rounds/s
pressure logical copy:0.00 MiB total, approx 0.00 MiB/s, checksum:0
pressure report window:2.138557 s
t0_region>
[1]:240866
[2]:463
[3]:68
[4]:18
[5]:7
[6]:2
[7]:1

t1_region>
[2]:220519
[3]:19947
[4]:622
[5]:199
[6]:85
[7]:30
[8]:17
[9]:11
[10]:2

t2_region>
[97]:6380
[98]:224198
[99]:9699
[100]:646
[101]:286
[102]:120
[103]:63
[104]:25
[105]:13
[106]:9
[107]:1
[108]:1

t0_min: 1.04 us, round:124
t0_max: 7.17 us, round:80897
t0_jitter: 6.13 us

t1_min: 2.63 us, round:13
t1_max: 10.96 us, round:8153
t1_jitter: 8.33 us

t2_min: 97.13 us, round:2155
t2_max: 108.08 us, round:239391
t2_jitter: 10.96 us

PMU diff samples: 241472
AVG DIFF LL_CACHE_RD: 4.34
AVG DIFF LL_CACHE_MISS_RD: 0.06
AVG DIFF L2D_CACHE_REFILL: 0.06
AVG DIFF L2D_CACHE_INVAL: 0.00
[cur diff] DIFF LL_CACHE_RD: 8, DIFF LL_CACHE_MISS_RD: 0, MISS_RATE: 0.00%
[cur diff] DIFF L2D_CACHE_REFILL: 0
[cur diff] DIFF L2D_CACHE_INVAL: 0
[max diff] DIFF LL_CACHE_RD: 8, DIFF LL_CACHE_MISS_RD: 7, MISS_RATE: 87.50%
[max diff] DIFF L2D_CACHE_REFILL: 6
[max diff] DIFF L2D_CACHE_INVAL: 0

===========================================================
taskpendcnt:243511
t0:1666 ns
t1:3250 ns
t2:99625 ns
benchmark: Franka-derived Cartesian-impedance kernel, input trace:8, timer period:1.000 ms
controller source: franka_ros2 jazzy@73a1501d, updates:243533, SVD sweeps:5
pose error:[0.010000 0.015000 0.010000 -0.000000 0.049979 -0.000000]
tau[0:6]:[-2.781770 -1.613002 -1.930139 -1.581803 -1.382951 -0.390599 -0.663394]
kernel exec min/avg/max: 94.21 / 95.55 / 102.08 us, samples:243543
pressure status:0, copy rounds total/window:0/0, 0.00 rounds/s
pressure logical copy:0.00 MiB total, approx 0.00 MiB/s, checksum:0
pressure report window:2.139407 s
t0_region>
[1]:243003
[2]:466
[3]:68
[4]:18
[5]:7
[6]:2
[7]:1

t1_region>
[2]:222461
[3]:20139
[4]:625
[5]:202
[6]:85
[7]:30
[8]:17
[9]:11
[10]:2

t2_region>
[97]:6380
[98]:226213
[99]:9815
[100]:652
[101]:289
[102]:120
[103]:63
[104]:25
[105]:13
[106]:9
[107]:1
[108]:1

t0_min: 1.04 us, round:124
t0_max: 7.17 us, round:80897
t0_jitter: 6.13 us

t1_min: 2.63 us, round:13
t1_max: 10.96 us, round:8153
t1_jitter: 8.33 us

t2_min: 97.13 us, round:2155
t2_max: 108.08 us, round:239391
t2_jitter: 10.96 us

PMU diff samples: 243611
AVG DIFF LL_CACHE_RD: 4.34
AVG DIFF LL_CACHE_MISS_RD: 0.06
AVG DIFF L2D_CACHE_REFILL: 0.06
AVG DIFF L2D_CACHE_INVAL: 0.00
[cur diff] DIFF LL_CACHE_RD: 19, DIFF LL_CACHE_MISS_RD: 0, MISS_RATE: 0.00%
[cur diff] DIFF L2D_CACHE_REFILL: 0
[cur diff] DIFF L2D_CACHE_INVAL: 0
[max diff] DIFF LL_CACHE_RD: 8, DIFF LL_CACHE_MISS_RD: 7, MISS_RATE: 87.50%
[max diff] DIFF L2D_CACHE_REFILL: 6
[max diff] DIFF L2D_CACHE_INVAL: 0

===========================================================
taskpendcnt:245650
t0:1416 ns
t1:3000 ns
t2:98500 ns
benchmark: Franka-derived Cartesian-impedance kernel, input trace:8, timer period:1.000 ms
controller source: franka_ros2 jazzy@73a1501d, updates:245673, SVD sweeps:5
pose error:[0.010000 0.015000 0.010000 -0.000000 0.049979 -0.000000]
tau[0:6]:[0.839771 0.130674 0.617691 0.624912 0.653099 -0.592692 0.265887]
kernel exec min/avg/max: 94.21 / 95.55 / 102.08 us, samples:245682
pressure status:0, copy rounds total/window:0/0, 0.00 rounds/s
pressure logical copy:0.00 MiB total, approx 0.00 MiB/s, checksum:0
pressure report window:2.139308 s
t0_region>
[1]:245142
[2]:466
[3]:68
[4]:18
[5]:7
[6]:2
[7]:1

t1_region>
[2]:224435
[3]:20304
[4]:625
[5]:202
[6]:85
[7]:30
[8]:17
[9]:11
[10]:2

t2_region>
[97]:6380
[98]:228278
[99]:9887
[100]:653
[101]:289
[102]:120
[103]:63
[104]:25
[105]:13
[106]:9
[107]:1
[108]:1

t0_min: 1.04 us, round:124
t0_max: 7.17 us, round:80897
t0_jitter: 6.13 us

t1_min: 2.63 us, round:13
t1_max: 10.96 us, round:8153
t1_jitter: 8.33 us

t2_min: 97.13 us, round:2155
t2_max: 108.08 us, round:239391
t2_jitter: 10.96 us

PMU diff samples: 245750
AVG DIFF LL_CACHE_RD: 4.34
AVG DIFF LL_CACHE_MISS_RD: 0.06
AVG DIFF L2D_CACHE_REFILL: 0.06
AVG DIFF L2D_CACHE_INVAL: 0.00
[cur diff] DIFF LL_CACHE_RD: 11, DIFF LL_CACHE_MISS_RD: 0, MISS_RATE: 0.00%
[cur diff] DIFF L2D_CACHE_REFILL: 0
[cur diff] DIFF L2D_CACHE_INVAL: 0
[max diff] DIFF LL_CACHE_RD: 8, DIFF LL_CACHE_MISS_RD: 7, MISS_RATE: 87.50%
[max diff] DIFF L2D_CACHE_REFILL: 6
[max diff] DIFF L2D_CACHE_INVAL: 0

===========================================================
taskpendcnt:247790
t0:1458 ns
t1:3041 ns
t2:98833 ns
benchmark: Franka-derived Cartesian-impedance kernel, input trace:8, timer period:1.000 ms
controller source: franka_ros2 jazzy@73a1501d, updates:247813, SVD sweeps:5
pose error:[0.010000 0.015000 0.010000 -0.000000 0.049979 -0.000000]
tau[0:6]:[-2.781770 -1.613002 -1.930139 -1.581803 -1.382951 -0.390599 -0.663394]
kernel exec min/avg/max: 94.21 / 95.55 / 102.08 us, samples:247823
pressure status:0, copy rounds total/window:0/0, 0.00 rounds/s
pressure logical copy:0.00 MiB total, approx 0.00 MiB/s, checksum:0
pressure report window:2.140429 s
t0_region>
[1]:247282
[2]:466
[3]:68
[4]:18
[5]:7
[6]:2
[7]:1

t1_region>
[2]:226413
[3]:20466
[4]:625
[5]:202
[6]:85
[7]:30
[8]:17
[9]:11
[10]:2

t2_region>
[97]:6380
[98]:230353
[99]:9953
[100]:653
[101]:289
[102]:120
[103]:63
[104]:25
[105]:13
[106]:9
[107]:1
[108]:1

t0_min: 1.04 us, round:124
t0_max: 7.17 us, round:80897
t0_jitter: 6.13 us

t1_min: 2.63 us, round:13
t1_max: 10.96 us, round:8153
t1_jitter: 8.33 us

t2_min: 97.13 us, round:2155
t2_max: 108.08 us, round:239391
t2_jitter: 10.96 us

PMU diff samples: 247891
AVG DIFF LL_CACHE_RD: 4.34
AVG DIFF LL_CACHE_MISS_RD: 0.06
AVG DIFF L2D_CACHE_REFILL: 0.06
AVG DIFF L2D_CACHE_INVAL: 0.00
[cur diff] DIFF LL_CACHE_RD: 10, DIFF LL_CACHE_MISS_RD: 0, MISS_RATE: 0.00%
[cur diff] DIFF L2D_CACHE_REFILL: 0
[cur diff] DIFF L2D_CACHE_INVAL: 0
[max diff] DIFF LL_CACHE_RD: 8, DIFF LL_CACHE_MISS_RD: 7, MISS_RATE: 87.50%
[max diff] DIFF L2D_CACHE_REFILL: 6
[max diff] DIFF L2D_CACHE_INVAL: 0

===========================================================
taskpendcnt:249930
t0:1500 ns
t1:3083 ns
t2:98875 ns
benchmark: Franka-derived Cartesian-impedance kernel, input trace:8, timer period:1.000 ms
controller source: franka_ros2 jazzy@73a1501d, updates:249953, SVD sweeps:5
pose error:[0.010000 0.015000 0.010000 -0.000000 0.049979 -0.000000]
tau[0:6]:[0.839771 0.130674 0.617691 0.624912 0.653099 -0.592692 0.265887]
kernel exec min/avg/max: 94.21 / 95.55 / 102.08 us, samples:249962
pressure status:0, copy rounds total/window:0/0, 0.00 rounds/s
pressure logical copy:0.00 MiB total, approx 0.00 MiB/s, checksum:0
pressure report window:2.139390 s
t0_region>
[1]:249422
[2]:466
[3]:68
[4]:18
[5]:7
[6]:2
[7]:1

t1_region>
[2]:228389
[3]:20630
[4]:625
[5]:202
[6]:85
[7]:30
[8]:17
[9]:11
[10]:2

t2_region>
[97]:6380
[98]:232429
[99]:10016
[100]:653
[101]:289
[102]:120
[103]:63
[104]:25
[105]:13
[106]:9
[107]:1
[108]:1

t0_min: 1.04 us, round:124
t0_max: 7.17 us, round:80897
t0_jitter: 6.13 us

t1_min: 2.63 us, round:13
t1_max: 10.96 us, round:8153
t1_jitter: 8.33 us

t2_min: 97.13 us, round:2155
t2_max: 108.08 us, round:239391
t2_jitter: 10.96 us

PMU diff samples: 250030
AVG DIFF LL_CACHE_RD: 4.33
AVG DIFF LL_CACHE_MISS_RD: 0.06
AVG DIFF L2D_CACHE_REFILL: 0.06
AVG DIFF L2D_CACHE_INVAL: 0.00
[cur diff] DIFF LL_CACHE_RD: 16, DIFF LL_CACHE_MISS_RD: 0, MISS_RATE: 0.00%
[cur diff] DIFF L2D_CACHE_REFILL: 0
[cur diff] DIFF L2D_CACHE_INVAL: 0
[max diff] DIFF LL_CACHE_RD: 8, DIFF LL_CACHE_MISS_RD: 7, MISS_RATE: 87.50%
[max diff] DIFF L2D_CACHE_REFILL: 6
[max diff] DIFF L2D_CACHE_INVAL: 0

===========================================================
taskpendcnt:252070
t0:1541 ns
t1:2833 ns
t2:98916 ns
benchmark: Franka-derived Cartesian-impedance kernel, input trace:8, timer period:1.000 ms
controller source: franka_ros2 jazzy@73a1501d, updates:252093, SVD sweeps:5
pose error:[0.010000 0.015000 0.010000 -0.000000 0.049979 -0.000000]
tau[0:6]:[-2.781770 -1.613002 -1.930139 -1.581803 -1.382951 -0.390599 -0.663394]
kernel exec min/avg/max: 94.21 / 95.55 / 102.08 us, samples:252103
pressure status:0, copy rounds total/window:0/0, 0.00 rounds/s
pressure logical copy:0.00 MiB total, approx 0.00 MiB/s, checksum:0
pressure report window:2.140466 s
t0_region>
[1]:251562
[2]:466
[3]:68
[4]:18
[5]:7
[6]:2
[7]:1

t1_region>
[2]:230364
[3]:20795
[4]:625
[5]:202
[6]:85
[7]:30
[8]:17
[9]:11
[10]:2

t2_region>
[97]:6380
[98]:234489
[99]:10097
[100]:653
[101]:289
[102]:120
[103]:63
[104]:25
[105]:13
[106]:9
[107]:1
[108]:1

t0_min: 1.04 us, round:124
t0_max: 7.17 us, round:80897
t0_jitter: 6.13 us

t1_min: 2.63 us, round:13
t1_max: 10.96 us, round:8153
t1_jitter: 8.33 us

t2_min: 97.13 us, round:2155
t2_max: 108.08 us, round:239391
t2_jitter: 10.96 us

PMU diff samples: 252171
AVG DIFF LL_CACHE_RD: 4.33
AVG DIFF LL_CACHE_MISS_RD: 0.06
AVG DIFF L2D_CACHE_REFILL: 0.06
AVG DIFF L2D_CACHE_INVAL: 0.00
[cur diff] DIFF LL_CACHE_RD: 13, DIFF LL_CACHE_MISS_RD: 0, MISS_RATE: 0.00%
[cur diff] DIFF L2D_CACHE_REFILL: 0
[cur diff] DIFF L2D_CACHE_INVAL: 0
[max diff] DIFF LL_CACHE_RD: 8, DIFF LL_CACHE_MISS_RD: 7, MISS_RATE: 87.50%
[max diff] DIFF L2D_CACHE_REFILL: 6
[max diff] DIFF L2D_CACHE_INVAL: 0

===========================================================
taskpendcnt:254210
t0:2166 ns
t1:3458 ns
t2:98666 ns
benchmark: Franka-derived Cartesian-impedance kernel, input trace:8, timer period:1.000 ms
controller source: franka_ros2 jazzy@73a1501d, updates:254233, SVD sweeps:5
pose error:[0.010000 0.015000 0.010000 -0.000000 0.049979 -0.000000]
tau[0:6]:[-0.274004 -0.324180 0.001577 -0.231466 0.050986 -0.328952 0.010844]
kernel exec min/avg/max: 94.21 / 95.55 / 102.08 us, samples:254242
pressure status:0, copy rounds total/window:0/0, 0.00 rounds/s
pressure logical copy:0.00 MiB total, approx 0.00 MiB/s, checksum:0
pressure report window:2.139611 s
t0_region>
[1]:253694
[2]:472
[3]:70
[4]:18
[5]:7
[6]:2
[7]:1

t1_region>
[2]:232303
[3]:20983
[4]:635
[5]:205
[6]:85
[7]:30
[8]:17
[9]:11
[10]:2

t2_region>
[97]:6380
[98]:236490
[99]:10225
[100]:661
[101]:292
[102]:120
[103]:63
[104]:25
[105]:13
[106]:9
[107]:1
[108]:1

t0_min: 1.04 us, round:124
t0_max: 7.17 us, round:80897
t0_jitter: 6.13 us

t1_min: 2.63 us, round:13
t1_max: 10.96 us, round:8153
t1_jitter: 8.33 us

t2_min: 97.13 us, round:2155
t2_max: 108.08 us, round:239391
t2_jitter: 10.96 us

PMU diff samples: 254310
AVG DIFF LL_CACHE_RD: 4.33
AVG DIFF LL_CACHE_MISS_RD: 0.06
AVG DIFF L2D_CACHE_REFILL: 0.06
AVG DIFF L2D_CACHE_INVAL: 0.00
[cur diff] DIFF LL_CACHE_RD: 13, DIFF LL_CACHE_MISS_RD: 0, MISS_RATE: 0.00%
[cur diff] DIFF L2D_CACHE_REFILL: 0
[cur diff] DIFF L2D_CACHE_INVAL: 0
[max diff] DIFF LL_CACHE_RD: 8, DIFF LL_CACHE_MISS_RD: 7, MISS_RATE: 87.50%
[max diff] DIFF L2D_CACHE_REFILL: 6
[max diff] DIFF L2D_CACHE_INVAL: 0

===========================================================
taskpendcnt:256350
t0:1500 ns
t1:3083 ns
t2:98708 ns
benchmark: Franka-derived Cartesian-impedance kernel, input trace:8, timer period:1.000 ms
controller source: franka_ros2 jazzy@73a1501d, updates:256373, SVD sweeps:5
pose error:[0.010000 0.015000 0.010000 -0.000000 0.049979 -0.000000]
tau[0:6]:[-0.567483 -0.552304 -0.482512 -0.231067 -0.297494 -0.656094 -0.085004]
kernel exec min/avg/max: 94.21 / 95.55 / 102.08 us, samples:256382
pressure status:0, copy rounds total/window:0/0, 0.00 rounds/s
pressure logical copy:0.00 MiB total, approx 0.00 MiB/s, checksum:0
pressure report window:2.140165 s
t0_region>
[1]:255828
[2]:478
[3]:70
[4]:18
[5]:7
[6]:2
[7]:1

t1_region>
[2]:234238
[3]:21181
[4]:639
[5]:207
[6]:86
[7]:30
[8]:17
[9]:11
[10]:2

t2_region>
[97]:6380
[98]:238382
[99]:10461
[100]:668
[101]:292
[102]:122
[103]:65
[104]:25
[105]:13
[106]:9
[107]:1
[108]:1

t0_min: 1.04 us, round:124
t0_max: 7.17 us, round:80897
t0_jitter: 6.13 us

t1_min: 2.63 us, round:13
t1_max: 10.96 us, round:8153
t1_jitter: 8.33 us

t2_min: 97.13 us, round:2155
t2_max: 108.08 us, round:239391
t2_jitter: 10.96 us

PMU diff samples: 256451
AVG DIFF LL_CACHE_RD: 4.33
AVG DIFF LL_CACHE_MISS_RD: 0.06
AVG DIFF L2D_CACHE_REFILL: 0.06
AVG DIFF L2D_CACHE_INVAL: 0.00
[cur diff] DIFF LL_CACHE_RD: 16, DIFF LL_CACHE_MISS_RD: 0, MISS_RATE: 0.00%
[cur diff] DIFF L2D_CACHE_REFILL: 0
[cur diff] DIFF L2D_CACHE_INVAL: 0
[max diff] DIFF LL_CACHE_RD: 8, DIFF LL_CACHE_MISS_RD: 7, MISS_RATE: 87.50%
[max diff] DIFF L2D_CACHE_REFILL: 6
[max diff] DIFF L2D_CACHE_INVAL: 0

===========================================================
taskpendcnt:258490
t0:1541 ns
t1:3416 ns
t2:98625 ns
benchmark: Franka-derived Cartesian-impedance kernel, input trace:8, timer period:1.000 ms
controller source: franka_ros2 jazzy@73a1501d, updates:258513, SVD sweeps:5
pose error:[0.010000 0.015000 0.010000 -0.000000 0.049979 -0.000000]
tau[0:6]:[-0.274004 -0.324180 0.001577 -0.231466 0.050986 -0.328952 0.010844]
kernel exec min/avg/max: 94.21 / 95.55 / 102.08 us, samples:258522
pressure status:0, copy rounds total/window:0/0, 0.00 rounds/s
pressure logical copy:0.00 MiB total, approx 0.00 MiB/s, checksum:0
pressure report window:2.139653 s
t0_region>
[1]:257965
[2]:480
[3]:71
[4]:18
[5]:7
[6]:2
[7]:1

t1_region>
[2]:236174
[3]:21380
[4]:642
[5]:208
[6]:86
[7]:30
[8]:18
[9]:11
[10]:2

t2_region>
[97]:6380
[98]:240391
[99]:10586
[100]:672
[101]:292
[102]:122
[103]:66
[104]:26
[105]:13
[106]:9
[107]:1
[108]:1

t0_min: 1.04 us, round:124
t0_max: 7.17 us, round:80897
t0_jitter: 6.13 us

t1_min: 2.63 us, round:13
t1_max: 10.96 us, round:8153
t1_jitter: 8.33 us

t2_min: 97.13 us, round:2155
t2_max: 108.08 us, round:239391
t2_jitter: 10.96 us

PMU diff samples: 258590
AVG DIFF LL_CACHE_RD: 4.33
AVG DIFF LL_CACHE_MISS_RD: 0.06
AVG DIFF L2D_CACHE_REFILL: 0.06
AVG DIFF L2D_CACHE_INVAL: 0.00
[cur diff] DIFF LL_CACHE_RD: 23, DIFF LL_CACHE_MISS_RD: 0, MISS_RATE: 0.00%
[cur diff] DIFF L2D_CACHE_REFILL: 0
[cur diff] DIFF L2D_CACHE_INVAL: 0
[max diff] DIFF LL_CACHE_RD: 8, DIFF LL_CACHE_MISS_RD: 7, MISS_RATE: 87.50%
[max diff] DIFF L2D_CACHE_REFILL: 6
[max diff] DIFF L2D_CACHE_INVAL: 0

===========================================================
taskpendcnt:260630
t0:1583 ns
t1:3166 ns
t2:98666 ns
benchmark: Franka-derived Cartesian-impedance kernel, input trace:8, timer period:1.000 ms
controller source: franka_ros2 jazzy@73a1501d, updates:260652, SVD sweeps:5
pose error:[0.010000 0.015000 0.010000 -0.000000 0.049979 -0.000000]
tau[0:6]:[-0.567483 -0.552304 -0.482512 -0.231067 -0.297494 -0.656094 -0.085004]
kernel exec min/avg/max: 94.21 / 95.55 / 102.08 us, samples:260662
pressure status:0, copy rounds total/window:0/0, 0.00 rounds/s
pressure logical copy:0.00 MiB total, approx 0.00 MiB/s, checksum:0
pressure report window:2.140164 s
t0_region>
[1]:260105
[2]:480
[3]:71
[4]:18
[5]:7
[6]:2
[7]:1

t1_region>
[2]:238158
[3]:21536
[4]:642
[5]:208
[6]:86
[7]:30
[8]:18
[9]:11
[10]:2

t2_region>
[97]:6380
[98]:242459
[99]:10658
[100]:672
[101]:292
[102]:122
[103]:66
[104]:26
[105]:13
[106]:9
[107]:1
[108]:1

t0_min: 1.04 us, round:124
t0_max: 7.17 us, round:80897
t0_jitter: 6.13 us

t1_min: 2.63 us, round:13
t1_max: 10.96 us, round:8153
t1_jitter: 8.33 us

t2_min: 97.13 us, round:2155
t2_max: 108.08 us, round:239391
t2_jitter: 10.96 us

PMU diff samples: 260730
AVG DIFF LL_CACHE_RD: 4.33
AVG DIFF LL_CACHE_MISS_RD: 0.06
AVG DIFF L2D_CACHE_REFILL: 0.06
AVG DIFF L2D_CACHE_INVAL: 0.00
[cur diff] DIFF LL_CACHE_RD: 7, DIFF LL_CACHE_MISS_RD: 0, MISS_RATE: 0.00%
[cur diff] DIFF L2D_CACHE_REFILL: 0
[cur diff] DIFF L2D_CACHE_INVAL: 0
[max diff] DIFF LL_CACHE_RD: 8, DIFF LL_CACHE_MISS_RD: 7, MISS_RATE: 87.50%
[max diff] DIFF L2D_CACHE_REFILL: 6
[max diff] DIFF L2D_CACHE_INVAL: 0

===========================================================
taskpendcnt:262770
t0:1333 ns
t1:3208 ns
t2:98708 ns
benchmark: Franka-derived Cartesian-impedance kernel, input trace:8, timer period:1.000 ms
controller source: franka_ros2 jazzy@73a1501d, updates:262792, SVD sweeps:5
pose error:[0.010000 0.015000 0.010000 -0.000000 0.049979 -0.000000]
tau[0:6]:[-0.274004 -0.324180 0.001577 -0.231466 0.050986 -0.328952 0.010844]
kernel exec min/avg/max: 94.21 / 95.55 / 102.08 us, samples:262802
pressure status:0, copy rounds total/window:0/0, 0.00 rounds/s
pressure logical copy:0.00 MiB total, approx 0.00 MiB/s, checksum:0
pressure report window:2.139643 s
t0_region>
[1]:262244
[2]:480
[3]:71
[4]:18
[5]:7
[6]:2
[7]:1

t1_region>
[2]:240127
[3]:21706
[4]:643
[5]:208
[6]:86
[7]:30
[8]:18
[9]:11
[10]:2

t2_region>
[97]:6380
[98]:244552
[99]:10705
[100]:672
[101]:292
[102]:122
[103]:66
[104]:26
[105]:13
[106]:9
[107]:1
[108]:1

t0_min: 1.04 us, round:124
t0_max: 7.17 us, round:80897
t0_jitter: 6.13 us

t1_min: 2.63 us, round:13
t1_max: 10.96 us, round:8153
t1_jitter: 8.33 us

t2_min: 97.13 us, round:2155
t2_max: 108.08 us, round:239391
t2_jitter: 10.96 us

PMU diff samples: 262870
AVG DIFF LL_CACHE_RD: 4.33
AVG DIFF LL_CACHE_MISS_RD: 0.06
AVG DIFF L2D_CACHE_REFILL: 0.06
AVG DIFF L2D_CACHE_INVAL: 0.00
[cur diff] DIFF LL_CACHE_RD: 20, DIFF LL_CACHE_MISS_RD: 0, MISS_RATE: 0.00%
[cur diff] DIFF L2D_CACHE_REFILL: 0
[cur diff] DIFF L2D_CACHE_INVAL: 0
[max diff] DIFF LL_CACHE_RD: 8, DIFF LL_CACHE_MISS_RD: 7, MISS_RATE: 87.50%
[max diff] DIFF L2D_CACHE_REFILL: 6
[max diff] DIFF L2D_CACHE_INVAL: 0

===========================================================
taskpendcnt:264910
t0:1375 ns
t1:3250 ns
t2:99333 ns
benchmark: Franka-derived Cartesian-impedance kernel, input trace:8, timer period:1.000 ms
controller source: franka_ros2 jazzy@73a1501d, updates:264932, SVD sweeps:5
pose error:[0.010000 0.015000 0.010000 -0.000000 0.049979 -0.000000]
tau[0:6]:[-0.567483 -0.552304 -0.482512 -0.231067 -0.297494 -0.656094 -0.085004]
kernel exec min/avg/max: 94.21 / 95.55 / 102.08 us, samples:264942
pressure status:0, copy rounds total/window:0/0, 0.00 rounds/s
pressure logical copy:0.00 MiB total, approx 0.00 MiB/s, checksum:0
pressure report window:2.140168 s
t0_region>
[1]:264385
[2]:480
[3]:71
[4]:18
[5]:7
[6]:2
[7]:1

t1_region>
[2]:242088
[3]:21885
[4]:643
[5]:208
[6]:86
[7]:30
[8]:18
[9]:11
[10]:2

t2_region>
[97]:6380
[98]:246615
[99]:10782
[100]:672
[101]:292
[102]:122
[103]:66
[104]:26
[105]:13
[106]:9
[107]:1
[108]:1

t0_min: 1.04 us, round:124
t0_max: 7.17 us, round:80897
t0_jitter: 6.13 us

t1_min: 2.63 us, round:13
t1_max: 10.96 us, round:8153
t1_jitter: 8.33 us

t2_min: 97.13 us, round:2155
t2_max: 108.08 us, round:239391
t2_jitter: 10.96 us

PMU diff samples: 265010
AVG DIFF LL_CACHE_RD: 4.32
AVG DIFF LL_CACHE_MISS_RD: 0.06
AVG DIFF L2D_CACHE_REFILL: 0.06
AVG DIFF L2D_CACHE_INVAL: 0.00
[cur diff] DIFF LL_CACHE_RD: 13, DIFF LL_CACHE_MISS_RD: 0, MISS_RATE: 0.00%
[cur diff] DIFF L2D_CACHE_REFILL: 0
[cur diff] DIFF L2D_CACHE_INVAL: 0
[max diff] DIFF LL_CACHE_RD: 8, DIFF LL_CACHE_MISS_RD: 7, MISS_RATE: 87.50%
[max diff] DIFF L2D_CACHE_REFILL: 6
[max diff] DIFF L2D_CACHE_INVAL: 0

===========================================================
taskpendcnt:267050
t0:1708 ns
t1:3583 ns
t2:99375 ns
benchmark: Franka-derived Cartesian-impedance kernel, input trace:8, timer period:1.000 ms
controller source: franka_ros2 jazzy@73a1501d, updates:267072, SVD sweeps:5
pose error:[0.010000 0.015000 0.010000 -0.000000 0.049979 -0.000000]
tau[0:6]:[-0.274004 -0.324180 0.001577 -0.231466 0.050986 -0.328952 0.010844]
kernel exec min/avg/max: 94.21 / 95.55 / 102.08 us, samples:267082
pressure status:0, copy rounds total/window:0/0, 0.00 rounds/s
pressure logical copy:0.00 MiB total, approx 0.00 MiB/s, checksum:0
pressure report window:2.139739 s
t0_region>
[1]:266524
[2]:480
[3]:71
[4]:18
[5]:7
[6]:2
[7]:1

t1_region>
[2]:244061
[3]:22052
[4]:643
[5]:208
[6]:86
[7]:30
[8]:18
[9]:11
[10]:2

t2_region>
[97]:6380
[98]:248685
[99]:10852
[100]:673
[101]:292
[102]:122
[103]:66
[104]:26
[105]:13
[106]:9
[107]:1
[108]:1

t0_min: 1.04 us, round:124
t0_max: 7.17 us, round:80897
t0_jitter: 6.13 us

t1_min: 2.63 us, round:13
t1_max: 10.96 us, round:8153
t1_jitter: 8.33 us

t2_min: 97.13 us, round:2155
t2_max: 108.08 us, round:239391
t2_jitter: 10.96 us

PMU diff samples: 267150
AVG DIFF LL_CACHE_RD: 4.32
AVG DIFF LL_CACHE_MISS_RD: 0.05
AVG DIFF L2D_CACHE_REFILL: 0.05
AVG DIFF L2D_CACHE_INVAL: 0.00
[cur diff] DIFF LL_CACHE_RD: 18, DIFF LL_CACHE_MISS_RD: 0, MISS_RATE: 0.00%
[cur diff] DIFF L2D_CACHE_REFILL: 0
[cur diff] DIFF L2D_CACHE_INVAL: 0
[max diff] DIFF LL_CACHE_RD: 8, DIFF LL_CACHE_MISS_RD: 7, MISS_RATE: 87.50%
[max diff] DIFF L2D_CACHE_REFILL: 6
[max diff] DIFF L2D_CACHE_INVAL: 0

===========================================================
taskpendcnt:269189
t0:2041 ns
t1:3041 ns
t2:98541 ns
benchmark: Franka-derived Cartesian-impedance kernel, input trace:8, timer period:1.000 ms
controller source: franka_ros2 jazzy@73a1501d, updates:269212, SVD sweeps:5
pose error:[0.010000 0.015000 0.010000 -0.000000 0.049979 -0.000000]
tau[0:6]:[-0.567483 -0.552304 -0.482512 -0.231067 -0.297494 -0.656094 -0.085004]
kernel exec min/avg/max: 94.21 / 95.55 / 102.08 us, samples:269222
pressure status:0, copy rounds total/window:0/0, 0.00 rounds/s
pressure logical copy:0.00 MiB total, approx 0.00 MiB/s, checksum:0
pressure report window:2.140060 s
t0_region>
[1]:268659
[2]:484
[3]:72
[4]:18
[5]:7
[6]:2
[7]:1

t1_region>
[2]:245993
[3]:22252
[4]:648
[5]:210
[6]:87
[7]:30
[8]:18
[9]:11
[10]:2

t2_region>
[97]:6380
[98]:250710
[99]:10955
[100]:678
[101]:295
[102]:124
[103]:68
[104]:26
[105]:13
[106]:9
[107]:1
[108]:1

t0_min: 1.04 us, round:124
t0_max: 7.17 us, round:80897
t0_jitter: 6.13 us

t1_min: 2.63 us, round:13
t1_max: 10.96 us, round:8153
t1_jitter: 8.33 us

t2_min: 97.13 us, round:2155
t2_max: 108.08 us, round:239391
t2_jitter: 10.96 us

PMU diff samples: 269290
AVG DIFF LL_CACHE_RD: 4.32
AVG DIFF LL_CACHE_MISS_RD: 0.05
AVG DIFF L2D_CACHE_REFILL: 0.05
AVG DIFF L2D_CACHE_INVAL: 0.00
[cur diff] DIFF LL_CACHE_RD: 14, DIFF LL_CACHE_MISS_RD: 0, MISS_RATE: 0.00%
[cur diff] DIFF L2D_CACHE_REFILL: 0
[cur diff] DIFF L2D_CACHE_INVAL: 0
[max diff] DIFF LL_CACHE_RD: 8, DIFF LL_CACHE_MISS_RD: 7, MISS_RATE: 87.50%
[max diff] DIFF L2D_CACHE_REFILL: 6
[max diff] DIFF L2D_CACHE_INVAL: 0

===========================================================
taskpendcnt:271329
t0:1791 ns
t1:5708 ns
t2:104125 ns
benchmark: Franka-derived Cartesian-impedance kernel, input trace:8, timer period:1.000 ms
controller source: franka_ros2 jazzy@73a1501d, updates:271352, SVD sweeps:5
pose error:[0.010000 0.015000 0.010000 -0.000000 0.049979 -0.000000]
tau[0:6]:[-0.274004 -0.324180 0.001577 -0.231466 0.050986 -0.328952 0.010844]
kernel exec min/avg/max: 94.21 / 95.55 / 102.08 us, samples:271362
pressure status:0, copy rounds total/window:0/0, 0.00 rounds/s
pressure logical copy:0.00 MiB total, approx 0.00 MiB/s, checksum:0
pressure report window:2.139796 s
t0_region>
[1]:270789
[2]:491
[3]:75
[4]:18
[5]:7
[6]:2
[7]:1

t1_region>
[2]:247918
[3]:22447
[4]:658
[5]:215
[6]:90
[7]:31
[8]:18
[9]:11
[10]:2

t2_region>
[97]:6380
[98]:252732
[99]:11054
[100]:686
[101]:301
[102]:126
[103]:69
[104]:27
[105]:13
[106]:9
[107]:1
[108]:1

t0_min: 1.04 us, round:124
t0_max: 7.17 us, round:80897
t0_jitter: 6.13 us

t1_min: 2.63 us, round:13
t1_max: 10.96 us, round:8153
t1_jitter: 8.33 us

t2_min: 97.13 us, round:2155
t2_max: 108.08 us, round:239391
t2_jitter: 10.96 us

PMU diff samples: 271430
AVG DIFF LL_CACHE_RD: 4.32
AVG DIFF LL_CACHE_MISS_RD: 0.06
AVG DIFF L2D_CACHE_REFILL: 0.06
AVG DIFF L2D_CACHE_INVAL: 0.00
[cur diff] DIFF LL_CACHE_RD: 11, DIFF LL_CACHE_MISS_RD: 0, MISS_RATE: 0.00%
[cur diff] DIFF L2D_CACHE_REFILL: 0
[cur diff] DIFF L2D_CACHE_INVAL: 0
[max diff] DIFF LL_CACHE_RD: 8, DIFF LL_CACHE_MISS_RD: 7, MISS_RATE: 87.50%
[max diff] DIFF L2D_CACHE_REFILL: 6
[max diff] DIFF L2D_CACHE_INVAL: 0

===========================================================
taskpendcnt:273469
t0:1541 ns
t1:3125 ns
t2:98625 ns
benchmark: Franka-derived Cartesian-impedance kernel, input trace:8, timer period:1.000 ms
controller source: franka_ros2 jazzy@73a1501d, updates:273492, SVD sweeps:5
pose error:[0.010000 0.015000 0.010000 -0.000000 0.049979 -0.000000]
tau[0:6]:[-0.567483 -0.552304 -0.482512 -0.231067 -0.297494 -0.656094 -0.085004]
kernel exec min/avg/max: 94.21 / 95.56 / 102.08 us, samples:273502
pressure status:0, copy rounds total/window:0/0, 0.00 rounds/s
pressure logical copy:0.00 MiB total, approx 0.00 MiB/s, checksum:0
pressure report window:2.140024 s
t0_region>
[1]:272926
[2]:494
[3]:75
[4]:18
[5]:7
[6]:2
[7]:1

t1_region>
[2]:249879
[3]:22624
[4]:661
[5]:215
[6]:90
[7]:31
[8]:18
[9]:11
[10]:2

t2_region>
[97]:6380
[98]:254658
[99]:11264
[100]:690
[101]:301
[102]:126
[103]:69
[104]:27
[105]:13
[106]:9
[107]:1
[108]:1

t0_min: 1.04 us, round:124
t0_max: 7.17 us, round:80897
t0_jitter: 6.13 us

t1_min: 2.63 us, round:13
t1_max: 10.96 us, round:8153
t1_jitter: 8.33 us

t2_min: 97.13 us, round:2155
t2_max: 108.08 us, round:239391
t2_jitter: 10.96 us

PMU diff samples: 273570
AVG DIFF LL_CACHE_RD: 4.32
AVG DIFF LL_CACHE_MISS_RD: 0.05
AVG DIFF L2D_CACHE_REFILL: 0.05
AVG DIFF L2D_CACHE_INVAL: 0.00
[cur diff] DIFF LL_CACHE_RD: 13, DIFF LL_CACHE_MISS_RD: 0, MISS_RATE: 0.00%
[cur diff] DIFF L2D_CACHE_REFILL: 0
[cur diff] DIFF L2D_CACHE_INVAL: 0
[max diff] DIFF LL_CACHE_RD: 8, DIFF LL_CACHE_MISS_RD: 7, MISS_RATE: 87.50%
[max diff] DIFF L2D_CACHE_REFILL: 6
[max diff] DIFF L2D_CACHE_INVAL: 0

===========================================================
taskpendcnt:275609
t0:1583 ns
t1:2875 ns
t2:98666 ns
benchmark: Franka-derived Cartesian-impedance kernel, input trace:8, timer period:1.000 ms
controller source: franka_ros2 jazzy@73a1501d, updates:275632, SVD sweeps:5
pose error:[0.010000 0.015000 0.010000 -0.000000 0.049979 -0.000000]
tau[0:6]:[-0.274004 -0.324180 0.001577 -0.231466 0.050986 -0.328952 0.010844]
kernel exec min/avg/max: 94.21 / 95.56 / 102.08 us, samples:275641
pressure status:0, copy rounds total/window:0/0, 0.00 rounds/s
pressure logical copy:0.00 MiB total, approx 0.00 MiB/s, checksum:0
pressure report window:2.139647 s
t0_region>
[1]:275065
[2]:495
[3]:75
[4]:18
[5]:7
[6]:2
[7]:1

t1_region>
[2]:251837
[3]:22805
[4]:661
[5]:215
[6]:90
[7]:31
[8]:18
[9]:11
[10]:2

t2_region>
[97]:6380
[98]:256707
[99]:11354
[100]:690
[101]:301
[102]:126
[103]:69
[104]:27
[105]:13
[106]:9
[107]:1
[108]:1

t0_min: 1.04 us, round:124
t0_max: 7.17 us, round:80897
t0_jitter: 6.13 us

t1_min: 2.63 us, round:13
t1_max: 10.96 us, round:8153
t1_jitter: 8.33 us

t2_min: 97.13 us, round:2155
t2_max: 108.08 us, round:239391
t2_jitter: 10.96 us

PMU diff samples: 275709
AVG DIFF LL_CACHE_RD: 4.32
AVG DIFF LL_CACHE_MISS_RD: 0.05
AVG DIFF L2D_CACHE_REFILL: 0.05
AVG DIFF L2D_CACHE_INVAL: 0.00
[cur diff] DIFF LL_CACHE_RD: 18, DIFF LL_CACHE_MISS_RD: 0, MISS_RATE: 0.00%
[cur diff] DIFF L2D_CACHE_REFILL: 0
[cur diff] DIFF L2D_CACHE_INVAL: 0
[max diff] DIFF LL_CACHE_RD: 8, DIFF LL_CACHE_MISS_RD: 7, MISS_RATE: 87.50%
[max diff] DIFF L2D_CACHE_REFILL: 6
[max diff] DIFF L2D_CACHE_INVAL: 0

===========================================================
taskpendcnt:277749
t0:1333 ns
t1:2916 ns
t2:98708 ns
benchmark: Franka-derived Cartesian-impedance kernel, input trace:8, timer period:1.000 ms
controller source: franka_ros2 jazzy@73a1501d, updates:277772, SVD sweeps:5
pose error:[0.010000 0.015000 0.010000 -0.000000 0.049979 -0.000000]
tau[0:6]:[1.376914 -0.104433 0.790225 0.843903 0.642107 -0.956178 0.423547]
kernel exec min/avg/max: 94.21 / 95.56 / 102.08 us, samples:277781
pressure status:0, copy rounds total/window:0/0, 0.00 rounds/s
pressure logical copy:0.00 MiB total, approx 0.00 MiB/s, checksum:0
pressure report window:2.139728 s
t0_region>
[1]:277205
[2]:495
[3]:75
[4]:18
[5]:7
[6]:2
[7]:1

t1_region>
[2]:253824
[3]:22958
[4]:661
[5]:215
[6]:90
[7]:31
[8]:18
[9]:11
[10]:2

t2_region>
[97]:6380
[98]:258774
[99]:11427
[100]:690
[101]:301
[102]:126
[103]:69
[104]:27
[105]:13
[106]:9
[107]:1
[108]:1

t0_min: 1.04 us, round:124
t0_max: 7.17 us, round:80897
t0_jitter: 6.13 us

t1_min: 2.63 us, round:13
t1_max: 10.96 us, round:8153
t1_jitter: 8.33 us

t2_min: 97.13 us, round:2155
t2_max: 108.08 us, round:239391
t2_jitter: 10.96 us

PMU diff samples: 277849
AVG DIFF LL_CACHE_RD: 4.32
AVG DIFF LL_CACHE_MISS_RD: 0.05
AVG DIFF L2D_CACHE_REFILL: 0.05
AVG DIFF L2D_CACHE_INVAL: 0.00
[cur diff] DIFF LL_CACHE_RD: 11, DIFF LL_CACHE_MISS_RD: 0, MISS_RATE: 0.00%
[cur diff] DIFF L2D_CACHE_REFILL: 0
[cur diff] DIFF L2D_CACHE_INVAL: 0
[max diff] DIFF LL_CACHE_RD: 8, DIFF LL_CACHE_MISS_RD: 7, MISS_RATE: 87.50%
[max diff] DIFF L2D_CACHE_REFILL: 6
[max diff] DIFF L2D_CACHE_INVAL: 0

===========================================================
taskpendcnt:279889
t0:1541 ns
t1:3125 ns
t2:98625 ns
benchmark: Franka-derived Cartesian-impedance kernel, input trace:8, timer period:1.000 ms
controller source: franka_ros2 jazzy@73a1501d, updates:279912, SVD sweeps:5
pose error:[0.010000 0.015000 0.010000 -0.000000 0.049979 -0.000000]
tau[0:6]:[-1.839419 -0.921560 -1.193198 -1.195971 -0.861243 0.113634 -0.461388]
kernel exec min/avg/max: 94.21 / 95.56 / 102.08 us, samples:279921
pressure status:0, copy rounds total/window:0/0, 0.00 rounds/s
pressure logical copy:0.00 MiB total, approx 0.00 MiB/s, checksum:0
pressure report window:2.140252 s
t0_region>
[1]:279345
[2]:495
[3]:75
[4]:18
[5]:7
[6]:2
[7]:1

t1_region>
[2]:255793
[3]:23128
[4]:662
[5]:215
[6]:90
[7]:31
[8]:18
[9]:11
[10]:2

t2_region>
[97]:6380
[98]:260842
[99]:11499
[100]:690
[101]:301
[102]:126
[103]:69
[104]:27
[105]:13
[106]:9
[107]:1
[108]:1

t0_min: 1.04 us, round:124
t0_max: 7.17 us, round:80897
t0_jitter: 6.13 us

t1_min: 2.63 us, round:13
t1_max: 10.96 us, round:8153
t1_jitter: 8.33 us

t2_min: 97.13 us, round:2155
t2_max: 108.08 us, round:239391
t2_jitter: 10.96 us

PMU diff samples: 279989
AVG DIFF LL_CACHE_RD: 4.32
AVG DIFF LL_CACHE_MISS_RD: 0.05
AVG DIFF L2D_CACHE_REFILL: 0.05
AVG DIFF L2D_CACHE_INVAL: 0.00
[cur diff] DIFF LL_CACHE_RD: 15, DIFF LL_CACHE_MISS_RD: 0, MISS_RATE: 0.00%
[cur diff] DIFF L2D_CACHE_REFILL: 0
[cur diff] DIFF L2D_CACHE_INVAL: 0
[max diff] DIFF LL_CACHE_RD: 8, DIFF LL_CACHE_MISS_RD: 7, MISS_RATE: 87.50%
[max diff] DIFF L2D_CACHE_REFILL: 6
[max diff] DIFF L2D_CACHE_INVAL: 0

===========================================================
taskpendcnt:282029
t0:1291 ns
t1:3166 ns
t2:98666 ns
benchmark: Franka-derived Cartesian-impedance kernel, input trace:8, timer period:1.000 ms
controller source: franka_ros2 jazzy@73a1501d, updates:282052, SVD sweeps:5
pose error:[0.010000 0.015000 0.010000 -0.000000 0.049979 -0.000000]
tau[0:6]:[1.376914 -0.104433 0.790225 0.843903 0.642107 -0.956178 0.423547]
kernel exec min/avg/max: 94.21 / 95.56 / 102.08 us, samples:282061
pressure status:0, copy rounds total/window:0/0, 0.00 rounds/s
pressure logical copy:0.00 MiB total, approx 0.00 MiB/s, checksum:0
pressure report window:2.139559 s
t0_region>
[1]:281484
[2]:495
[3]:75
[4]:18
[5]:7
[6]:2
[7]:1

t1_region>
[2]:257784
[3]:23276
[4]:662
[5]:215
[6]:90
[7]:31
[8]:18
[9]:11
[10]:2

t2_region>
[97]:6380
[98]:262909
[99]:11572
[100]:690
[101]:301
[102]:126
[103]:69
[104]:27
[105]:13
[106]:9
[107]:1
[108]:1

t0_min: 1.04 us, round:124
t0_max: 7.17 us, round:80897
t0_jitter: 6.13 us

t1_min: 2.63 us, round:13
t1_max: 10.96 us, round:8153
t1_jitter: 8.33 us

t2_min: 97.13 us, round:2155
t2_max: 108.08 us, round:239391
t2_jitter: 10.96 us

PMU diff samples: 282129
AVG DIFF LL_CACHE_RD: 4.32
AVG DIFF LL_CACHE_MISS_RD: 0.05
AVG DIFF L2D_CACHE_REFILL: 0.05
AVG DIFF L2D_CACHE_INVAL: 0.00
[cur diff] DIFF LL_CACHE_RD: 14, DIFF LL_CACHE_MISS_RD: 0, MISS_RATE: 0.00%
[cur diff] DIFF L2D_CACHE_REFILL: 0
[cur diff] DIFF L2D_CACHE_INVAL: 0
[max diff] DIFF LL_CACHE_RD: 8, DIFF LL_CACHE_MISS_RD: 7, MISS_RATE: 87.50%
[max diff] DIFF L2D_CACHE_REFILL: 6
[max diff] DIFF L2D_CACHE_INVAL: 0

===========================================================
taskpendcnt:284169
t0:1625 ns
t1:3208 ns
t2:98708 ns
benchmark: Franka-derived Cartesian-impedance kernel, input trace:8, timer period:1.000 ms
controller source: franka_ros2 jazzy@73a1501d, updates:284191, SVD sweeps:5
pose error:[0.010000 0.015000 0.010000 -0.000000 0.049979 -0.000000]
tau[0:6]:[-1.839419 -0.921560 -1.193198 -1.195971 -0.861243 0.113634 -0.461388]
kernel exec min/avg/max: 94.21 / 95.56 / 102.08 us, samples:284201
pressure status:0, copy rounds total/window:0/0, 0.00 rounds/s
pressure logical copy:0.00 MiB total, approx 0.00 MiB/s, checksum:0
pressure report window:2.140256 s
t0_region>
[1]:283619
[2]:498
[3]:78
[4]:18
[5]:7
[6]:2
[7]:1

t1_region>
[2]:259709
[3]:23478
[4]:672
[5]:218
[6]:90
[7]:32
[8]:18
[9]:11
[10]:2

t2_region>
[97]:6380
[98]:264910
[99]:11697
[100]:700
[101]:304
[102]:126
[103]:69
[104]:28
[105]:13
[106]:9
[107]:1
[108]:1

t0_min: 1.04 us, round:124
t0_max: 7.17 us, round:80897
t0_jitter: 6.13 us

t1_min: 2.63 us, round:13
t1_max: 10.96 us, round:8153
t1_jitter: 8.33 us

t2_min: 97.13 us, round:2155
t2_max: 108.08 us, round:239391
t2_jitter: 10.96 us

PMU diff samples: 284269
AVG DIFF LL_CACHE_RD: 4.32
AVG DIFF LL_CACHE_MISS_RD: 0.05
AVG DIFF L2D_CACHE_REFILL: 0.05
AVG DIFF L2D_CACHE_INVAL: 0.00
[cur diff] DIFF LL_CACHE_RD: 25, DIFF LL_CACHE_MISS_RD: 0, MISS_RATE: 0.00%
[cur diff] DIFF L2D_CACHE_REFILL: 0
[cur diff] DIFF L2D_CACHE_INVAL: 0
[max diff] DIFF LL_CACHE_RD: 8, DIFF LL_CACHE_MISS_RD: 7, MISS_RATE: 87.50%
[max diff] DIFF L2D_CACHE_REFILL: 6
[max diff] DIFF L2D_CACHE_INVAL: 0

===========================================================
taskpendcnt:286309
t0:1958 ns
t1:2958 ns
t2:99041 ns
benchmark: Franka-derived Cartesian-impedance kernel, input trace:8, timer period:1.000 ms
controller source: franka_ros2 jazzy@73a1501d, updates:286331, SVD sweeps:5
pose error:[0.010000 0.015000 0.010000 -0.000000 0.049979 -0.000000]
tau[0:6]:[1.376914 -0.104433 0.790225 0.843903 0.642107 -0.956178 0.423547]
kernel exec min/avg/max: 94.21 / 95.56 / 102.08 us, samples:286341
pressure status:0, copy rounds total/window:0/0, 0.00 rounds/s
pressure logical copy:0.00 MiB total, approx 0.00 MiB/s, checksum:0
pressure report window:2.139565 s
t0_region>
[1]:285748
[2]:506
[3]:80
[4]:18
[5]:7
[6]:2
[7]:1

t1_region>
[2]:261628
[3]:23687
[4]:679
[5]:220
[6]:92
[7]:32
[8]:19
[9]:11
[10]:2

t2_region>
[97]:6380
[98]:266821
[99]:11913
[100]:707
[101]:304
[102]:127
[103]:73
[104]:28
[105]:13
[106]:10
[107]:1
[108]:1

t0_min: 1.04 us, round:124
t0_max: 7.17 us, round:80897
t0_jitter: 6.13 us

t1_min: 2.63 us, round:13
t1_max: 10.96 us, round:8153
t1_jitter: 8.33 us

t2_min: 97.13 us, round:2155
t2_max: 108.08 us, round:239391
t2_jitter: 10.96 us

PMU diff samples: 286409
AVG DIFF LL_CACHE_RD: 4.31
AVG DIFF LL_CACHE_MISS_RD: 0.05
AVG DIFF L2D_CACHE_REFILL: 0.05
AVG DIFF L2D_CACHE_INVAL: 0.00
[cur diff] DIFF LL_CACHE_RD: 12, DIFF LL_CACHE_MISS_RD: 0, MISS_RATE: 0.00%
[cur diff] DIFF L2D_CACHE_REFILL: 0
[cur diff] DIFF L2D_CACHE_INVAL: 0
[max diff] DIFF LL_CACHE_RD: 8, DIFF LL_CACHE_MISS_RD: 7, MISS_RATE: 87.50%
[max diff] DIFF L2D_CACHE_REFILL: 6
[max diff] DIFF L2D_CACHE_INVAL: 0

===========================================================
taskpendcnt:288449
t0:1416 ns
t1:3000 ns
t2:99666 ns
benchmark: Franka-derived Cartesian-impedance kernel, input trace:8, timer period:1.000 ms
controller source: franka_ros2 jazzy@73a1501d, updates:288471, SVD sweeps:5
pose error:[0.010000 0.015000 0.010000 -0.000000 0.049979 -0.000000]
tau[0:6]:[-1.839419 -0.921560 -1.193198 -1.195971 -0.861243 0.113634 -0.461388]
kernel exec min/avg/max: 94.21 / 95.56 / 102.08 us, samples:288481
pressure status:0, copy rounds total/window:0/0, 0.00 rounds/s
pressure logical copy:0.00 MiB total, approx 0.00 MiB/s, checksum:0
pressure report window:2.140288 s
t0_region>
[1]:287885
[2]:510
[3]:80
[4]:18
[5]:7
[6]:2
[7]:1

t1_region>
[2]:263588
[3]:23861
[4]:685
[5]:220
[6]:92
[7]:32
[8]:19
[9]:11
[10]:2

t2_region>
[97]:6380
[98]:268826
[99]:12043
[100]:712
[101]:305
[102]:127
[103]:73
[104]:28
[105]:13
[106]:10
[107]:1
[108]:1

t0_min: 1.04 us, round:124
t0_max: 7.17 us, round:80897
t0_jitter: 6.13 us

t1_min: 2.63 us, round:13
t1_max: 10.96 us, round:8153
t1_jitter: 8.33 us

t2_min: 97.13 us, round:2155
t2_max: 108.08 us, round:239391
t2_jitter: 10.96 us

PMU diff samples: 288549
AVG DIFF LL_CACHE_RD: 4.32
AVG DIFF LL_CACHE_MISS_RD: 0.05
AVG DIFF L2D_CACHE_REFILL: 0.05
AVG DIFF L2D_CACHE_INVAL: 0.00
[cur diff] DIFF LL_CACHE_RD: 13, DIFF LL_CACHE_MISS_RD: 0, MISS_RATE: 0.00%
[cur diff] DIFF L2D_CACHE_REFILL: 0
[cur diff] DIFF L2D_CACHE_INVAL: 0
[max diff] DIFF LL_CACHE_RD: 8, DIFF LL_CACHE_MISS_RD: 7, MISS_RATE: 87.50%
[max diff] DIFF L2D_CACHE_REFILL: 6
[max diff] DIFF L2D_CACHE_INVAL: 0

===========================================================
taskpendcnt:290588
t0:1750 ns
t1:3041 ns
t2:98833 ns
benchmark: Franka-derived Cartesian-impedance kernel, input trace:8, timer period:1.000 ms
controller source: franka_ros2 jazzy@73a1501d, updates:290611, SVD sweeps:5
pose error:[0.010000 0.015000 0.010000 -0.000000 0.049979 -0.000000]
tau[0:6]:[1.376914 -0.104433 0.790225 0.843903 0.642107 -0.956178 0.423547]
kernel exec min/avg/max: 94.21 / 95.56 / 102.08 us, samples:290621
pressure status:0, copy rounds total/window:0/0, 0.00 rounds/s
pressure logical copy:0.00 MiB total, approx 0.00 MiB/s, checksum:0
pressure report window:2.139510 s
t0_region>
[1]:290024
[2]:510
[3]:80
[4]:18
[5]:7
[6]:2
[7]:1

t1_region>
[2]:265550
[3]:24038
[4]:685
[5]:220
[6]:92
[7]:32
[8]:19
[9]:11
[10]:2

t2_region>
[97]:6380
[98]:270938
[99]:12068
[100]:713
[101]:305
[102]:127
[103]:73
[104]:28
[105]:13
[106]:10
[107]:1
[108]:1

t0_min: 1.04 us, round:124
t0_max: 7.17 us, round:80897
t0_jitter: 6.13 us

t1_min: 2.63 us, round:13
t1_max: 10.96 us, round:8153
t1_jitter: 8.33 us

t2_min: 97.13 us, round:2155
t2_max: 108.08 us, round:239391
t2_jitter: 10.96 us

PMU diff samples: 290689
AVG DIFF LL_CACHE_RD: 4.31
AVG DIFF LL_CACHE_MISS_RD: 0.05
AVG DIFF L2D_CACHE_REFILL: 0.05
AVG DIFF L2D_CACHE_INVAL: 0.00
[cur diff] DIFF LL_CACHE_RD: 20, DIFF LL_CACHE_MISS_RD: 0, MISS_RATE: 0.00%
[cur diff] DIFF L2D_CACHE_REFILL: 0
[cur diff] DIFF L2D_CACHE_INVAL: 0
[max diff] DIFF LL_CACHE_RD: 8, DIFF LL_CACHE_MISS_RD: 7, MISS_RATE: 87.50%
[max diff] DIFF L2D_CACHE_REFILL: 6
[max diff] DIFF L2D_CACHE_INVAL: 0

===========================================================
taskpendcnt:292728
t0:1208 ns
t1:3083 ns
t2:98875 ns
benchmark: Franka-derived Cartesian-impedance kernel, input trace:8, timer period:1.000 ms
controller source: franka_ros2 jazzy@73a1501d, updates:292751, SVD sweeps:5
pose error:[0.010000 0.015000 0.010000 -0.000000 0.049979 -0.000000]
tau[0:6]:[-1.839419 -0.921560 -1.193198 -1.195971 -0.861243 0.113634 -0.461388]
kernel exec min/avg/max: 94.21 / 95.56 / 102.08 us, samples:292761
pressure status:0, copy rounds total/window:0/0, 0.00 rounds/s
pressure logical copy:0.00 MiB total, approx 0.00 MiB/s, checksum:0
pressure report window:2.140249 s
t0_region>
[1]:292164
[2]:510
[3]:80
[4]:18
[5]:7
[6]:2
[7]:1

t1_region>
[2]:267521
[3]:24206
[4]:686
[5]:220
[6]:92
[7]:32
[8]:19
[9]:11
[10]:2

t2_region>
[97]:6380
[98]:272976
[99]:12171
[100]:713
[101]:305
[102]:127
[103]:73
[104]:28
[105]:13
[106]:10
[107]:1
[108]:1

t0_min: 1.04 us, round:124
t0_max: 7.17 us, round:80897
t0_jitter: 6.13 us

t1_min: 2.63 us, round:13
t1_max: 10.96 us, round:8153
t1_jitter: 8.33 us

t2_min: 97.13 us, round:2155
t2_max: 108.08 us, round:239391
t2_jitter: 10.96 us

PMU diff samples: 292829
AVG DIFF LL_CACHE_RD: 4.31
AVG DIFF LL_CACHE_MISS_RD: 0.05
AVG DIFF L2D_CACHE_REFILL: 0.05
AVG DIFF L2D_CACHE_INVAL: 0.00
[cur diff] DIFF LL_CACHE_RD: 11, DIFF LL_CACHE_MISS_RD: 0, MISS_RATE: 0.00%
[cur diff] DIFF L2D_CACHE_REFILL: 0
[cur diff] DIFF L2D_CACHE_INVAL: 0
[max diff] DIFF LL_CACHE_RD: 8, DIFF LL_CACHE_MISS_RD: 7, MISS_RATE: 87.50%
[max diff] DIFF L2D_CACHE_REFILL: 6
[max diff] DIFF L2D_CACHE_INVAL: 0

===========================================================
taskpendcnt:294868
t0:1541 ns
t1:2833 ns
t2:98916 ns
benchmark: Franka-derived Cartesian-impedance kernel, input trace:8, timer period:1.000 ms
controller source: franka_ros2 jazzy@73a1501d, updates:294891, SVD sweeps:5
pose error:[0.010000 0.015000 0.010000 -0.000000 0.049979 -0.000000]
tau[0:6]:[1.376914 -0.104433 0.790225 0.843903 0.642107 -0.956178 0.423547]
kernel exec min/avg/max: 94.21 / 95.56 / 102.08 us, samples:294900
pressure status:0, copy rounds total/window:0/0, 0.00 rounds/s
pressure logical copy:0.00 MiB total, approx 0.00 MiB/s, checksum:0
pressure report window:2.139559 s
t0_region>
[1]:294304
[2]:510
[3]:80
[4]:18
[5]:7
[6]:2
[7]:1

t1_region>
[2]:269484
[3]:24383
[4]:686
[5]:220
[6]:92
[7]:32
[8]:19
[9]:11
[10]:2

t2_region>
[97]:6380
[98]:275037
[99]:12250
[100]:713
[101]:305
[102]:127
[103]:73
[104]:28
[105]:13
[106]:10
[107]:1
[108]:1

t0_min: 1.04 us, round:124
t0_max: 7.17 us, round:80897
t0_jitter: 6.13 us

t1_min: 2.63 us, round:13
t1_max: 10.96 us, round:8153
t1_jitter: 8.33 us

t2_min: 97.13 us, round:2155
t2_max: 108.08 us, round:239391
t2_jitter: 10.96 us

PMU diff samples: 294968
AVG DIFF LL_CACHE_RD: 4.31
AVG DIFF LL_CACHE_MISS_RD: 0.05
AVG DIFF L2D_CACHE_REFILL: 0.05
AVG DIFF L2D_CACHE_INVAL: 0.00
[cur diff] DIFF LL_CACHE_RD: 20, DIFF LL_CACHE_MISS_RD: 0, MISS_RATE: 0.00%
[cur diff] DIFF L2D_CACHE_REFILL: 0
[cur diff] DIFF L2D_CACHE_INVAL: 0
[max diff] DIFF LL_CACHE_RD: 8, DIFF LL_CACHE_MISS_RD: 7, MISS_RATE: 87.50%
[max diff] DIFF L2D_CACHE_REFILL: 6
[max diff] DIFF L2D_CACHE_INVAL: 0

===========================================================
taskpendcnt:297008
t0:1583 ns
t1:2875 ns
t2:98958 ns
benchmark: Franka-derived Cartesian-impedance kernel, input trace:8, timer period:1.000 ms
controller source: franka_ros2 jazzy@73a1501d, updates:297031, SVD sweeps:5
pose error:[0.010000 0.015000 0.010000 -0.000000 0.049979 -0.000000]
tau[0:6]:[-1.839419 -0.921560 -1.193198 -1.195971 -0.861243 0.113634 -0.461388]
kernel exec min/avg/max: 94.21 / 95.56 / 102.08 us, samples:297041
pressure status:0, copy rounds total/window:0/0, 0.00 rounds/s
pressure logical copy:0.00 MiB total, approx 0.00 MiB/s, checksum:0
pressure report window:2.140254 s
t0_region>
[1]:296438
[2]:516
[3]:80
[4]:18
[5]:7
[6]:2
[7]:1

t1_region>
[2]:271448
[3]:24552
[4]:690
[5]:221
[6]:94
[7]:32
[8]:19
[9]:11
[10]:2

t2_region>
[97]:6380
[98]:277084
[99]:12336
[100]:715
[101]:307
[102]:129
[103]:73
[104]:28
[105]:14
[106]:10
[107]:1
[108]:1

t0_min: 1.04 us, round:124
t0_max: 7.17 us, round:80897
t0_jitter: 6.13 us

t1_min: 2.63 us, round:13
t1_max: 10.96 us, round:8153
t1_jitter: 8.33 us

t2_min: 97.13 us, round:2155
t2_max: 108.08 us, round:239391
t2_jitter: 10.96 us

PMU diff samples: 297109
AVG DIFF LL_CACHE_RD: 4.31
AVG DIFF LL_CACHE_MISS_RD: 0.05
AVG DIFF L2D_CACHE_REFILL: 0.05
AVG DIFF L2D_CACHE_INVAL: 0.00
[cur diff] DIFF LL_CACHE_RD: 10, DIFF LL_CACHE_MISS_RD: 0, MISS_RATE: 0.00%
[cur diff] DIFF L2D_CACHE_REFILL: 0
[cur diff] DIFF L2D_CACHE_INVAL: 0
[max diff] DIFF LL_CACHE_RD: 8, DIFF LL_CACHE_MISS_RD: 7, MISS_RATE: 87.50%
[max diff] DIFF L2D_CACHE_REFILL: 6
[max diff] DIFF L2D_CACHE_INVAL: 0

===========================================================
taskpendcnt:299148
t0:1333 ns
t1:3500 ns
t2:101333 ns
benchmark: Franka-derived Cartesian-impedance kernel, input trace:8, timer period:1.000 ms
controller source: franka_ros2 jazzy@73a1501d, updates:299171, SVD sweeps:5
pose error:[0.010000 0.015000 0.010000 -0.000000 0.049979 -0.000000]
tau[0:6]:[1.376914 -0.104433 0.790225 0.843903 0.642107 -0.956178 0.423547]
kernel exec min/avg/max: 94.21 / 95.56 / 102.08 us, samples:299180
pressure status:0, copy rounds total/window:0/0, 0.00 rounds/s
pressure logical copy:0.00 MiB total, approx 0.00 MiB/s, checksum:0
pressure report window:2.139652 s
t0_region>
[1]:298570
[2]:523
[3]:80
[4]:19
[5]:7
[6]:2
[7]:1

t1_region>
[2]:273400
[3]:24731
[4]:695
[5]:223
[6]:96
[7]:32
[8]:19
[9]:11
[10]:2

t2_region>
[97]:6380
[98]:279060
[99]:12489
[100]:720
[101]:311
[102]:130
[103]:73
[104]:28
[105]:14
[106]:10
[107]:1
[108]:1

t0_min: 1.04 us, round:124
t0_max: 7.17 us, round:80897
t0_jitter: 6.13 us

t1_min: 2.63 us, round:13
t1_max: 10.96 us, round:8153
t1_jitter: 8.33 us

t2_min: 97.13 us, round:2155
t2_max: 108.08 us, round:239391
t2_jitter: 10.96 us

PMU diff samples: 299248
AVG DIFF LL_CACHE_RD: 4.31
AVG DIFF LL_CACHE_MISS_RD: 0.05
AVG DIFF L2D_CACHE_REFILL: 0.05
AVG DIFF L2D_CACHE_INVAL: 0.00
[cur diff] DIFF LL_CACHE_RD: 18, DIFF LL_CACHE_MISS_RD: 0, MISS_RATE: 0.00%
[cur diff] DIFF L2D_CACHE_REFILL: 0
[cur diff] DIFF L2D_CACHE_INVAL: 0
[max diff] DIFF LL_CACHE_RD: 8, DIFF LL_CACHE_MISS_RD: 7, MISS_RATE: 87.50%
[max diff] DIFF L2D_CACHE_REFILL: 6
[max diff] DIFF L2D_CACHE_INVAL: 0

===========================================================
taskpendcnt:301288
t0:1541 ns
t1:2958 ns
t2:99041 ns
benchmark: Franka-derived Cartesian-impedance kernel, input trace:8, timer period:1.000 ms
controller source: franka_ros2 jazzy@73a1501d, updates:301311, SVD sweeps:5
pose error:[0.010000 0.015000 0.010000 -0.000000 0.049979 -0.000000]
tau[0:6]:[-2.379368 -1.292411 -1.655224 -1.570015 -1.185234 -0.066588 -0.610247]
kernel exec min/avg/max: 94.21 / 95.56 / 102.08 us, samples:301321
pressure status:0, copy rounds total/window:0/0, 0.00 rounds/s
pressure logical copy:0.00 MiB total, approx 0.00 MiB/s, checksum:0
pressure report window:2.140256 s
t0_region>
[1]:300695
[2]:534
[3]:83
[4]:20
[5]:7
[6]:2
[7]:1

t1_region>
[2]:275314
[3]:24932
[4]:712
[5]:231
[6]:96
[7]:32
[8]:19
[9]:11
[10]:2

t2_region>
[97]:6380
[98]:281027
[99]:12640
[100]:734
[101]:318
[102]:131
[103]:73
[104]:28
[105]:14
[106]:10
[107]:1
[108]:1

t0_min: 1.04 us, round:124
t0_max: 7.17 us, round:80897
t0_jitter: 6.13 us

t1_min: 2.63 us, round:13
t1_max: 10.96 us, round:8153
t1_jitter: 8.33 us

t2_min: 97.13 us, round:2155
t2_max: 108.08 us, round:239391
t2_jitter: 10.96 us

PMU diff samples: 301389
AVG DIFF LL_CACHE_RD: 4.31
AVG DIFF LL_CACHE_MISS_RD: 0.05
AVG DIFF L2D_CACHE_REFILL: 0.05
AVG DIFF L2D_CACHE_INVAL: 0.00
[cur diff] DIFF LL_CACHE_RD: 16, DIFF LL_CACHE_MISS_RD: 0, MISS_RATE: 0.00%
[cur diff] DIFF L2D_CACHE_REFILL: 0
[cur diff] DIFF L2D_CACHE_INVAL: 0
[max diff] DIFF LL_CACHE_RD: 8, DIFF LL_CACHE_MISS_RD: 7, MISS_RATE: 87.50%
[max diff] DIFF L2D_CACHE_REFILL: 6
[max diff] DIFF L2D_CACHE_INVAL: 0

===========================================================
taskpendcnt:303428
t0:1583 ns
t1:3166 ns
t2:98666 ns
benchmark: Franka-derived Cartesian-impedance kernel, input trace:8, timer period:1.000 ms
controller source: franka_ros2 jazzy@73a1501d, updates:303451, SVD sweeps:5
pose error:[0.010000 0.015000 0.010000 -0.000000 0.049979 -0.000000]
tau[0:6]:[1.228026 0.081850 0.819520 0.875435 0.745706 -0.833381 0.398995]
kernel exec min/avg/max: 94.21 / 95.56 / 102.08 us, samples:303460
pressure status:0, copy rounds total/window:0/0, 0.00 rounds/s
pressure logical copy:0.00 MiB total, approx 0.00 MiB/s, checksum:0
pressure report window:2.139383 s
t0_region>
[1]:302834
[2]:534
[3]:83
[4]:20
[5]:7
[6]:2
[7]:1

t1_region>
[2]:277277
[3]:25108
[4]:712
[5]:231
[6]:96
[7]:32
[8]:19
[9]:11
[10]:2

t2_region>
[97]:6380
[98]:283068
[99]:12739
[100]:734
[101]:318
[102]:131
[103]:73
[104]:28
[105]:14
[106]:10
[107]:1
[108]:1

t0_min: 1.04 us, round:124
t0_max: 7.17 us, round:80897
t0_jitter: 6.13 us

t1_min: 2.63 us, round:13
t1_max: 10.96 us, round:8153
t1_jitter: 8.33 us

t2_min: 97.13 us, round:2155
t2_max: 108.08 us, round:239391
t2_jitter: 10.96 us

PMU diff samples: 303528
AVG DIFF LL_CACHE_RD: 4.31
AVG DIFF LL_CACHE_MISS_RD: 0.05
AVG DIFF L2D_CACHE_REFILL: 0.05
AVG DIFF L2D_CACHE_INVAL: 0.00
[cur diff] DIFF LL_CACHE_RD: 20, DIFF LL_CACHE_MISS_RD: 0, MISS_RATE: 0.00%
[cur diff] DIFF L2D_CACHE_REFILL: 0
[cur diff] DIFF L2D_CACHE_INVAL: 0
[max diff] DIFF LL_CACHE_RD: 8, DIFF LL_CACHE_MISS_RD: 7, MISS_RATE: 87.50%
[max diff] DIFF L2D_CACHE_REFILL: 6
[max diff] DIFF L2D_CACHE_INVAL: 0

===========================================================
taskpendcnt:305568
t0:1333 ns
t1:3208 ns
t2:98708 ns
benchmark: Franka-derived Cartesian-impedance kernel, input trace:8, timer period:1.000 ms
controller source: franka_ros2 jazzy@73a1501d, updates:305590, SVD sweeps:5
pose error:[0.010000 0.015000 0.010000 -0.000000 0.049979 -0.000000]
tau[0:6]:[-2.379368 -1.292411 -1.655224 -1.570015 -1.185234 -0.066588 -0.610247]
kernel exec min/avg/max: 94.21 / 95.56 / 102.08 us, samples:305600
pressure status:0, copy rounds total/window:0/0, 0.00 rounds/s
pressure logical copy:0.00 MiB total, approx 0.00 MiB/s, checksum:0
pressure report window:2.140422 s
t0_region>
[1]:304975
[2]:534
[3]:83
[4]:20
[5]:7
[6]:2
[7]:1

t1_region>
[2]:279257
[3]:25269
[4]:712
[5]:231
[6]:96
[7]:32
[8]:19
[9]:11
[10]:2

t2_region>
[97]:6380
[98]:285121
[99]:12826
[100]:734
[101]:318
[102]:131
[103]:73
[104]:28
[105]:14
[106]:10
[107]:1
[108]:1

t0_min: 1.04 us, round:124
t0_max: 7.17 us, round:80897
t0_jitter: 6.13 us

t1_min: 2.63 us, round:13
t1_max: 10.96 us, round:8153
t1_jitter: 8.33 us

t2_min: 97.13 us, round:2155
t2_max: 108.08 us, round:239391
t2_jitter: 10.96 us

PMU diff samples: 305668
AVG DIFF LL_CACHE_RD: 4.31
AVG DIFF LL_CACHE_MISS_RD: 0.05
AVG DIFF L2D_CACHE_REFILL: 0.05
AVG DIFF L2D_CACHE_INVAL: 0.00
[cur diff] DIFF LL_CACHE_RD: 8, DIFF LL_CACHE_MISS_RD: 0, MISS_RATE: 0.00%
[cur diff] DIFF L2D_CACHE_REFILL: 0
[cur diff] DIFF L2D_CACHE_INVAL: 0
[max diff] DIFF LL_CACHE_RD: 8, DIFF LL_CACHE_MISS_RD: 7, MISS_RATE: 87.50%
[max diff] DIFF L2D_CACHE_REFILL: 6
[max diff] DIFF L2D_CACHE_INVAL: 0

===========================================================
taskpendcnt:307708
t0:1375 ns
t1:3250 ns
t2:99041 ns
benchmark: Franka-derived Cartesian-impedance kernel, input trace:8, timer period:1.000 ms
controller source: franka_ros2 jazzy@73a1501d, updates:307730, SVD sweeps:5
pose error:[0.010000 0.015000 0.010000 -0.000000 0.049979 -0.000000]
tau[0:6]:[1.228026 0.081850 0.819520 0.875435 0.745706 -0.833381 0.398995]
kernel exec min/avg/max: 94.21 / 95.56 / 102.08 us, samples:307740
pressure status:0, copy rounds total/window:0/0, 0.00 rounds/s
pressure logical copy:0.00 MiB total, approx 0.00 MiB/s, checksum:0
pressure report window:2.139398 s
t0_region>
[1]:307114
[2]:534
[3]:83
[4]:20
[5]:7
[6]:2
[7]:1

t1_region>
[2]:281220
[3]:25445
[4]:712
[5]:231
[6]:96
[7]:32
[8]:19
[9]:11
[10]:2

t2_region>
[97]:6380
[98]:287170
[99]:12917
[100]:734
[101]:318
[102]:131
[103]:73
[104]:28
[105]:14
[106]:10
[107]:1
[108]:1

t0_min: 1.04 us, round:124
t0_max: 7.17 us, round:80897
t0_jitter: 6.13 us

t1_min: 2.63 us, round:13
t1_max: 10.96 us, round:8153
t1_jitter: 8.33 us

t2_min: 97.13 us, round:2155
t2_max: 108.08 us, round:239391
t2_jitter: 10.96 us

PMU diff samples: 307808
AVG DIFF LL_CACHE_RD: 4.31
AVG DIFF LL_CACHE_MISS_RD: 0.05
AVG DIFF L2D_CACHE_REFILL: 0.05
AVG DIFF L2D_CACHE_INVAL: 0.00
[cur diff] DIFF LL_CACHE_RD: 11, DIFF LL_CACHE_MISS_RD: 0, MISS_RATE: 0.00%
[cur diff] DIFF L2D_CACHE_REFILL: 0
[cur diff] DIFF L2D_CACHE_INVAL: 0
[max diff] DIFF LL_CACHE_RD: 8, DIFF LL_CACHE_MISS_RD: 7, MISS_RATE: 87.50%
[max diff] DIFF L2D_CACHE_REFILL: 6
[max diff] DIFF L2D_CACHE_INVAL: 0

===========================================================
taskpendcnt:309848
t0:1416 ns
t1:3000 ns
t2:98791 ns
benchmark: Franka-derived Cartesian-impedance kernel, input trace:8, timer period:1.000 ms
controller source: franka_ros2 jazzy@73a1501d, updates:309870, SVD sweeps:5
pose error:[0.010000 0.015000 0.010000 -0.000000 0.049979 -0.000000]
tau[0:6]:[-2.379368 -1.292411 -1.655224 -1.570015 -1.185234 -0.066588 -0.610247]
kernel exec min/avg/max: 94.21 / 95.56 / 102.08 us, samples:309880
pressure status:0, copy rounds total/window:0/0, 0.00 rounds/s
pressure logical copy:0.00 MiB total, approx 0.00 MiB/s, checksum:0
pressure report window:2.140414 s
t0_region>
[1]:309255
[2]:534
[3]:83
[4]:20
[5]:7
[6]:2
[7]:1

t1_region>
[2]:283184
[3]:25621
[4]:713
[5]:231
[6]:96
[7]:32
[8]:19
[9]:11
[10]:2

t2_region>
[97]:6380
[98]:289211
[99]:13015
[100]:735
[101]:318
[102]:131
[103]:73
[104]:28
[105]:14
[106]:10
[107]:1
[108]:1

t0_min: 1.04 us, round:124
t0_max: 7.17 us, round:80897
t0_jitter: 6.13 us

t1_min: 2.63 us, round:13
t1_max: 10.96 us, round:8153
t1_jitter: 8.33 us

t2_min: 97.13 us, round:2155
t2_max: 108.08 us, round:239391
t2_jitter: 10.96 us

PMU diff samples: 309948
AVG DIFF LL_CACHE_RD: 4.31
AVG DIFF LL_CACHE_MISS_RD: 0.05
AVG DIFF L2D_CACHE_REFILL: 0.05
AVG DIFF L2D_CACHE_INVAL: 0.00
[cur diff] DIFF LL_CACHE_RD: 19, DIFF LL_CACHE_MISS_RD: 0, MISS_RATE: 0.00%
[cur diff] DIFF L2D_CACHE_REFILL: 0
[cur diff] DIFF L2D_CACHE_INVAL: 0
[max diff] DIFF LL_CACHE_RD: 8, DIFF LL_CACHE_MISS_RD: 7, MISS_RATE: 87.50%
[max diff] DIFF L2D_CACHE_REFILL: 6
[max diff] DIFF L2D_CACHE_INVAL: 0

===========================================================
taskpendcnt:311988
t0:1458 ns
t1:3041 ns
t2:99416 ns
benchmark: Franka-derived Cartesian-impedance kernel, input trace:8, timer period:1.000 ms
controller source: franka_ros2 jazzy@73a1501d, updates:312010, SVD sweeps:5
pose error:[0.010000 0.015000 0.010000 -0.000000 0.049979 -0.000000]
tau[0:6]:[1.228026 0.081850 0.819520 0.875435 0.745706 -0.833381 0.398995]
kernel exec min/avg/max: 94.21 / 95.56 / 102.08 us, samples:312020
pressure status:0, copy rounds total/window:0/0, 0.00 rounds/s
pressure logical copy:0.00 MiB total, approx 0.00 MiB/s, checksum:0
pressure report window:2.139472 s
t0_region>
[1]:311389
[2]:539
[3]:83
[4]:20
[5]:7
[6]:2
[7]:1

t1_region>
[2]:285101
[3]:25831
[4]:721
[5]:235
[6]:96
[7]:32
[8]:19
[9]:11
[10]:2

t2_region>
[97]:6380
[98]:291209
[99]:13143
[100]:744
[101]:321
[102]:133
[103]:74
[104]:28
[105]:14
[106]:10
[107]:1
[108]:1

t0_min: 1.04 us, round:124
t0_max: 7.17 us, round:80897
t0_jitter: 6.13 us

t1_min: 2.63 us, round:13
t1_max: 10.96 us, round:8153
t1_jitter: 8.33 us

t2_min: 97.13 us, round:2155
t2_max: 108.08 us, round:239391
t2_jitter: 10.96 us

PMU diff samples: 312088
AVG DIFF LL_CACHE_RD: 4.31
AVG DIFF LL_CACHE_MISS_RD: 0.05
AVG DIFF L2D_CACHE_REFILL: 0.05
AVG DIFF L2D_CACHE_INVAL: 0.00
[cur diff] DIFF LL_CACHE_RD: 15, DIFF LL_CACHE_MISS_RD: 0, MISS_RATE: 0.00%
[cur diff] DIFF L2D_CACHE_REFILL: 0
[cur diff] DIFF L2D_CACHE_INVAL: 0
[max diff] DIFF LL_CACHE_RD: 8, DIFF LL_CACHE_MISS_RD: 7, MISS_RATE: 87.50%
[max diff] DIFF L2D_CACHE_REFILL: 6
[max diff] DIFF L2D_CACHE_INVAL: 0

===========================================================
taskpendcnt:314127
t0:1500 ns
t1:3083 ns
t2:98875 ns
benchmark: Franka-derived Cartesian-impedance kernel, input trace:8, timer period:1.000 ms
controller source: franka_ros2 jazzy@73a1501d, updates:314150, SVD sweeps:5
pose error:[0.010000 0.015000 0.010000 -0.000000 0.049979 -0.000000]
tau[0:6]:[-2.379368 -1.292411 -1.655224 -1.570015 -1.185234 -0.066588 -0.610247]
kernel exec min/avg/max: 94.21 / 95.56 / 102.08 us, samples:314160
pressure status:0, copy rounds total/window:0/0, 0.00 rounds/s
pressure logical copy:0.00 MiB total, approx 0.00 MiB/s, checksum:0
pressure report window:2.140326 s
t0_region>
[1]:313525
[2]:542
[3]:84
[4]:20
[5]:7
[6]:2
[7]:1

t1_region>
[2]:287043
[3]:26025
[4]:723
[5]:236
[6]:98
[7]:32
[8]:19
[9]:11
[10]:2

t2_region>
[97]:6380
[98]:293221
[99]:13261
[100]:748
[101]:324
[102]:135
[103]:74
[104]:28
[105]:14
[106]:10
[107]:1
[108]:1

t0_min: 1.04 us, round:124
t0_max: 7.17 us, round:80897
t0_jitter: 6.13 us

t1_min: 2.63 us, round:13
t1_max: 10.96 us, round:8153
t1_jitter: 8.33 us

t2_min: 97.13 us, round:2155
t2_max: 108.08 us, round:239391
t2_jitter: 10.96 us

PMU diff samples: 314228
AVG DIFF LL_CACHE_RD: 4.31
AVG DIFF LL_CACHE_MISS_RD: 0.05
AVG DIFF L2D_CACHE_REFILL: 0.05
AVG DIFF L2D_CACHE_INVAL: 0.00
[cur diff] DIFF LL_CACHE_RD: 10, DIFF LL_CACHE_MISS_RD: 0, MISS_RATE: 0.00%
[cur diff] DIFF L2D_CACHE_REFILL: 0
[cur diff] DIFF L2D_CACHE_INVAL: 0
[max diff] DIFF LL_CACHE_RD: 8, DIFF LL_CACHE_MISS_RD: 7, MISS_RATE: 87.50%
[max diff] DIFF L2D_CACHE_REFILL: 6
[max diff] DIFF L2D_CACHE_INVAL: 0

===========================================================
taskpendcnt:316267
t0:1250 ns
t1:2833 ns
t2:98916 ns
benchmark: Franka-derived Cartesian-impedance kernel, input trace:8, timer period:1.000 ms
controller source: franka_ros2 jazzy@73a1501d, updates:316290, SVD sweeps:5
pose error:[0.010000 0.015000 0.010000 -0.000000 0.049979 -0.000000]
tau[0:6]:[1.228026 0.081850 0.819520 0.875435 0.745706 -0.833381 0.398995]
kernel exec min/avg/max: 94.21 / 95.56 / 102.08 us, samples:316299
pressure status:0, copy rounds total/window:0/0, 0.00 rounds/s
pressure logical copy:0.00 MiB total, approx 0.00 MiB/s, checksum:0
pressure report window:2.139399 s
t0_region>
[1]:315656
[2]:551
[3]:84
[4]:20
[5]:7
[6]:2
[7]:1

t1_region>
[2]:288979
[3]:26218
[4]:730
[5]:238
[6]:98
[7]:33
[8]:19
[9]:11
[10]:2

t2_region>
[97]:6380
[98]:295135
[99]:13475
[100]:755
[101]:327
[102]:135
[103]:76
[104]:28
[105]:14
[106]:10
[107]:1
[108]:1

t0_min: 1.04 us, round:124
t0_max: 7.17 us, round:80897
t0_jitter: 6.13 us

t1_min: 2.63 us, round:13
t1_max: 10.96 us, round:8153
t1_jitter: 8.33 us

t2_min: 97.13 us, round:2155
t2_max: 108.08 us, round:239391
t2_jitter: 10.96 us

PMU diff samples: 316367
AVG DIFF LL_CACHE_RD: 4.31
AVG DIFF LL_CACHE_MISS_RD: 0.05
AVG DIFF L2D_CACHE_REFILL: 0.05
AVG DIFF L2D_CACHE_INVAL: 0.00
[cur diff] DIFF LL_CACHE_RD: 7, DIFF LL_CACHE_MISS_RD: 0, MISS_RATE: 0.00%
[cur diff] DIFF L2D_CACHE_REFILL: 0
[cur diff] DIFF L2D_CACHE_INVAL: 0
[max diff] DIFF LL_CACHE_RD: 8, DIFF LL_CACHE_MISS_RD: 7, MISS_RATE: 87.50%
[max diff] DIFF L2D_CACHE_REFILL: 6
[max diff] DIFF L2D_CACHE_INVAL: 0

===========================================================
taskpendcnt:318407
t0:1291 ns
t1:2875 ns
t2:98666 ns
benchmark: Franka-derived Cartesian-impedance kernel, input trace:8, timer period:1.000 ms
controller source: franka_ros2 jazzy@73a1501d, updates:318430, SVD sweeps:5
pose error:[0.010000 0.015000 0.010000 -0.000000 0.049979 -0.000000]
tau[0:6]:[-2.379368 -1.292411 -1.655224 -1.570015 -1.185234 -0.066588 -0.610247]
kernel exec min/avg/max: 94.21 / 95.56 / 102.08 us, samples:318440
pressure status:0, copy rounds total/window:0/0, 0.00 rounds/s
pressure logical copy:0.00 MiB total, approx 0.00 MiB/s, checksum:0
pressure report window:2.140420 s
t0_region>
[1]:317796
[2]:551
[3]:84
[4]:20
[5]:7
[6]:2
[7]:1

t1_region>
[2]:290945
[3]:26392
[4]:730
[5]:238
[6]:98
[7]:33
[8]:19
[9]:11
[10]:2

t2_region>
[97]:6380
[98]:297154
[99]:13595
[100]:755
[101]:327
[102]:136
[103]:76
[104]:28
[105]:14
[106]:10
[107]:1
[108]:1

t0_min: 1.04 us, round:124
t0_max: 7.17 us, round:80897
t0_jitter: 6.13 us

t1_min: 2.63 us, round:13
t1_max: 10.96 us, round:8153
t1_jitter: 8.33 us

t2_min: 97.13 us, round:2155
t2_max: 108.08 us, round:239391
t2_jitter: 10.96 us

PMU diff samples: 318508
AVG DIFF LL_CACHE_RD: 4.30
AVG DIFF LL_CACHE_MISS_RD: 0.05
AVG DIFF L2D_CACHE_REFILL: 0.05
AVG DIFF L2D_CACHE_INVAL: 0.00
[cur diff] DIFF LL_CACHE_RD: 9, DIFF LL_CACHE_MISS_RD: 0, MISS_RATE: 0.00%
[cur diff] DIFF L2D_CACHE_REFILL: 0
[cur diff] DIFF L2D_CACHE_INVAL: 0
[max diff] DIFF LL_CACHE_RD: 8, DIFF LL_CACHE_MISS_RD: 7, MISS_RATE: 87.50%
[max diff] DIFF L2D_CACHE_REFILL: 6
[max diff] DIFF L2D_CACHE_INVAL: 0

===========================================================
taskpendcnt:320547
t0:1333 ns
t1:2916 ns
t2:98708 ns
benchmark: Franka-derived Cartesian-impedance kernel, input trace:8, timer period:1.000 ms
controller source: franka_ros2 jazzy@73a1501d, updates:320570, SVD sweeps:5
pose error:[0.010000 0.015000 0.010000 -0.000000 0.049979 -0.000000]
tau[0:6]:[1.228026 0.081850 0.819520 0.875435 0.745706 -0.833381 0.398995]
kernel exec min/avg/max: 94.21 / 95.56 / 102.08 us, samples:320579
pressure status:0, copy rounds total/window:0/0, 0.00 rounds/s
pressure logical copy:0.00 MiB total, approx 0.00 MiB/s, checksum:0
pressure report window:2.139386 s
t0_region>
[1]:319936
[2]:551
[3]:84
[4]:20
[5]:7
[6]:2
[7]:1

t1_region>
[2]:292897
[3]:26580
[4]:730
[5]:238
[6]:98
[7]:33
[8]:19
[9]:11
[10]:2

t2_region>
[97]:6380
[98]:299200
[99]:13688
[100]:755
[101]:327
[102]:136
[103]:76
[104]:28
[105]:14
[106]:10
[107]:1
[108]:1

t0_min: 1.04 us, round:124
t0_max: 7.17 us, round:80897
t0_jitter: 6.13 us

t1_min: 2.63 us, round:13
t1_max: 10.96 us, round:8153
t1_jitter: 8.33 us

t2_min: 97.13 us, round:2155
t2_max: 108.08 us, round:239391
t2_jitter: 10.96 us

PMU diff samples: 320647
AVG DIFF LL_CACHE_RD: 4.31
AVG DIFF LL_CACHE_MISS_RD: 0.05
AVG DIFF L2D_CACHE_REFILL: 0.05
AVG DIFF L2D_CACHE_INVAL: 0.00
[cur diff] DIFF LL_CACHE_RD: 15, DIFF LL_CACHE_MISS_RD: 0, MISS_RATE: 0.00%
[cur diff] DIFF L2D_CACHE_REFILL: 0
[cur diff] DIFF L2D_CACHE_INVAL: 0
[max diff] DIFF LL_CACHE_RD: 8, DIFF LL_CACHE_MISS_RD: 7, MISS_RATE: 87.50%
[max diff] DIFF L2D_CACHE_REFILL: 6
[max diff] DIFF L2D_CACHE_INVAL: 0

===========================================================
taskpendcnt:322687
t0:1375 ns
t1:3250 ns
t2:98750 ns
benchmark: Franka-derived Cartesian-impedance kernel, input trace:8, timer period:1.000 ms
controller source: franka_ros2 jazzy@73a1501d, updates:322710, SVD sweeps:5
pose error:[0.010000 0.015000 0.010000 -0.000000 0.049979 -0.000000]
tau[0:6]:[-2.781770 -1.613002 -1.930139 -1.581803 -1.382951 -0.390599 -0.663394]
kernel exec min/avg/max: 94.21 / 95.56 / 102.08 us, samples:322720
pressure status:0, copy rounds total/window:0/0, 0.00 rounds/s
pressure logical copy:0.00 MiB total, approx 0.00 MiB/s, checksum:0
pressure report window:2.140426 s
t0_region>
[1]:322076
[2]:551
[3]:84
[4]:20
[5]:7
[6]:2
[7]:1

t1_region>
[2]:294836
[3]:26781
[4]:730
[5]:238
[6]:98
[7]:33
[8]:19
[9]:11
[10]:2

t2_region>
[97]:6380
[98]:301254
[99]:13774
[100]:755
[101]:327
[102]:136
[103]:76
[104]:28
[105]:14
[106]:10
[107]:1
[108]:1

t0_min: 1.04 us, round:124
t0_max: 7.17 us, round:80897
t0_jitter: 6.13 us

t1_min: 2.63 us, round:13
t1_max: 10.96 us, round:8153
t1_jitter: 8.33 us

t2_min: 97.13 us, round:2155
t2_max: 108.08 us, round:239391
t2_jitter: 10.96 us

PMU diff samples: 322788
AVG DIFF LL_CACHE_RD: 4.31
AVG DIFF LL_CACHE_MISS_RD: 0.05
AVG DIFF L2D_CACHE_REFILL: 0.05
AVG DIFF L2D_CACHE_INVAL: 0.00
[cur diff] DIFF LL_CACHE_RD: 9, DIFF LL_CACHE_MISS_RD: 0, MISS_RATE: 0.00%
[cur diff] DIFF L2D_CACHE_REFILL: 0
[cur diff] DIFF L2D_CACHE_INVAL: 0
[max diff] DIFF LL_CACHE_RD: 8, DIFF LL_CACHE_MISS_RD: 7, MISS_RATE: 87.50%
[max diff] DIFF L2D_CACHE_REFILL: 6
[max diff] DIFF L2D_CACHE_INVAL: 0

===========================================================
taskpendcnt:324827
t0:1291 ns
t1:3166 ns
t2:98791 ns
benchmark: Franka-derived Cartesian-impedance kernel, input trace:8, timer period:1.000 ms
controller source: franka_ros2 jazzy@73a1501d, updates:324850, SVD sweeps:5
pose error:[0.010000 0.015000 0.010000 -0.000000 0.049979 -0.000000]
tau[0:6]:[0.839771 0.130674 0.617691 0.624912 0.653099 -0.592692 0.265887]
kernel exec min/avg/max: 94.21 / 95.56 / 102.08 us, samples:324859
pressure status:0, copy rounds total/window:0/0, 0.00 rounds/s
pressure logical copy:0.00 MiB total, approx 0.00 MiB/s, checksum:0
pressure report window:2.139388 s
t0_region>
[1]:324215
[2]:551
[3]:84
[4]:20
[5]:7
[6]:2
[7]:1

t1_region>
[2]:296805
[3]:26952
[4]:730
[5]:238
[6]:98
[7]:33
[8]:19
[9]:11
[10]:2

t2_region>
[97]:6380
[98]:303298
[99]:13870
[100]:755
[101]:327
[102]:136
[103]:76
[104]:28
[105]:14
[106]:10
[107]:1
[108]:1

t0_min: 1.04 us, round:124
t0_max: 7.17 us, round:80897
t0_jitter: 6.13 us

t1_min: 2.63 us, round:13
t1_max: 10.96 us, round:8153
t1_jitter: 8.33 us

t2_min: 97.13 us, round:2155
t2_max: 108.08 us, round:239391
t2_jitter: 10.96 us

PMU diff samples: 324927
AVG DIFF LL_CACHE_RD: 4.31
AVG DIFF LL_CACHE_MISS_RD: 0.05
AVG DIFF L2D_CACHE_REFILL: 0.05
AVG DIFF L2D_CACHE_INVAL: 0.00
[cur diff] DIFF LL_CACHE_RD: 16, DIFF LL_CACHE_MISS_RD: 0, MISS_RATE: 0.00%
[cur diff] DIFF L2D_CACHE_REFILL: 0
[cur diff] DIFF L2D_CACHE_INVAL: 0
[max diff] DIFF LL_CACHE_RD: 8, DIFF LL_CACHE_MISS_RD: 7, MISS_RATE: 87.50%
[max diff] DIFF L2D_CACHE_REFILL: 6
[max diff] DIFF L2D_CACHE_INVAL: 0

===========================================================
taskpendcnt:326967
t0:1625 ns
t1:3208 ns
t2:99000 ns
benchmark: Franka-derived Cartesian-impedance kernel, input trace:8, timer period:1.000 ms
controller source: franka_ros2 jazzy@73a1501d, updates:326990, SVD sweeps:5
pose error:[0.010000 0.015000 0.010000 -0.000000 0.049979 -0.000000]
tau[0:6]:[-2.781770 -1.613002 -1.930139 -1.581803 -1.382951 -0.390599 -0.663394]
kernel exec min/avg/max: 94.21 / 95.56 / 102.08 us, samples:326999
pressure status:0, copy rounds total/window:0/0, 0.00 rounds/s
pressure logical copy:0.00 MiB total, approx 0.00 MiB/s, checksum:0
pressure report window:2.140433 s
t0_region>
[1]:326353
[2]:552
[3]:86
[4]:20
[5]:7
[6]:2
[7]:1

t1_region>
[2]:298738
[3]:27154
[4]:733
[5]:238
[6]:100
[7]:33
[8]:19
[9]:11
[10]:2

t2_region>
[97]:6380
[98]:305194
[99]:14103
[100]:762
[101]:327
[102]:139
[103]:76
[104]:28
[105]:15
[106]:10
[107]:1
[108]:1

t0_min: 1.04 us, round:124
t0_max: 7.17 us, round:80897
t0_jitter: 6.13 us

t1_min: 2.63 us, round:13
t1_max: 10.96 us, round:8153
t1_jitter: 8.33 us

t2_min: 97.13 us, round:2155
t2_max: 108.08 us, round:239391
t2_jitter: 10.96 us

PMU diff samples: 327068
AVG DIFF LL_CACHE_RD: 4.31
AVG DIFF LL_CACHE_MISS_RD: 0.05
AVG DIFF L2D_CACHE_REFILL: 0.05
AVG DIFF L2D_CACHE_INVAL: 0.00
[cur diff] DIFF LL_CACHE_RD: 9, DIFF LL_CACHE_MISS_RD: 0, MISS_RATE: 0.00%
[cur diff] DIFF L2D_CACHE_REFILL: 0
[cur diff] DIFF L2D_CACHE_INVAL: 0
[max diff] DIFF LL_CACHE_RD: 8, DIFF LL_CACHE_MISS_RD: 7, MISS_RATE: 87.50%
[max diff] DIFF L2D_CACHE_REFILL: 6
[max diff] DIFF L2D_CACHE_INVAL: 0

===========================================================
taskpendcnt:329107
t0:1375 ns
t1:3250 ns
t2:98750 ns
benchmark: Franka-derived Cartesian-impedance kernel, input trace:8, timer period:1.000 ms
controller source: franka_ros2 jazzy@73a1501d, updates:329129, SVD sweeps:5
pose error:[0.010000 0.015000 0.010000 -0.000000 0.049979 -0.000000]
tau[0:6]:[0.839771 0.130674 0.617691 0.624912 0.653099 -0.592692 0.265887]
kernel exec min/avg/max: 94.21 / 95.57 / 102.08 us, samples:329139
pressure status:0, copy rounds total/window:0/0, 0.00 rounds/s
pressure logical copy:0.00 MiB total, approx 0.00 MiB/s, checksum:0
pressure report window:2.139383 s
t0_region>
[1]:328488
[2]:556
[3]:86
[4]:20
[5]:7
[6]:2
[7]:1

t1_region>
[2]:300666
[3]:27359
[4]:738
[5]:240
[6]:100
[7]:33
[8]:19
[9]:11
[10]:2

t2_region>
[97]:6380
[98]:307133
[99]:14295
[100]:768
[101]:330
[102]:139
[103]:76
[104]:28
[105]:15
[106]:10
[107]:1
[108]:1

t0_min: 1.04 us, round:124
t0_max: 7.17 us, round:80897
t0_jitter: 6.13 us

t1_min: 2.63 us, round:13
t1_max: 10.96 us, round:8153
t1_jitter: 8.33 us

t2_min: 97.13 us, round:2155
t2_max: 108.08 us, round:239391
t2_jitter: 10.96 us

PMU diff samples: 329207
AVG DIFF LL_CACHE_RD: 4.30
AVG DIFF LL_CACHE_MISS_RD: 0.05
AVG DIFF L2D_CACHE_REFILL: 0.05
AVG DIFF L2D_CACHE_INVAL: 0.00
[cur diff] DIFF LL_CACHE_RD: 13, DIFF LL_CACHE_MISS_RD: 0, MISS_RATE: 0.00%
[cur diff] DIFF L2D_CACHE_REFILL: 0
[cur diff] DIFF L2D_CACHE_INVAL: 0
[max diff] DIFF LL_CACHE_RD: 8, DIFF LL_CACHE_MISS_RD: 7, MISS_RATE: 87.50%
[max diff] DIFF L2D_CACHE_REFILL: 6
[max diff] DIFF L2D_CACHE_INVAL: 0

===========================================================
taskpendcnt:331247
t0:1416 ns
t1:3291 ns
t2:98791 ns
benchmark: Franka-derived Cartesian-impedance kernel, input trace:8, timer period:1.000 ms
controller source: franka_ros2 jazzy@73a1501d, updates:331269, SVD sweeps:5
pose error:[0.010000 0.015000 0.010000 -0.000000 0.049979 -0.000000]
tau[0:6]:[-2.781770 -1.613002 -1.930139 -1.581803 -1.382951 -0.390599 -0.663394]
kernel exec min/avg/max: 94.21 / 95.57 / 102.08 us, samples:331279
pressure status:0, copy rounds total/window:0/0, 0.00 rounds/s
pressure logical copy:0.00 MiB total, approx 0.00 MiB/s, checksum:0
pressure report window:2.140433 s
t0_region>
[1]:330622
[2]:562
[3]:86
[4]:20
[5]:7
[6]:2
[7]:2

t1_region>
[2]:302608
[3]:27547
[4]:742
[5]:243
[6]:102
[7]:33
[8]:20
[9]:11
[10]:2

t2_region>
[97]:6380
[98]:309130
[99]:14428
[100]:772
[101]:332
[102]:140
[103]:78
[104]:29
[105]:15
[106]:10
[107]:1
[108]:1

t0_min: 1.04 us, round:124
t0_max: 7.21 us, round:329913
t0_jitter: 6.17 us

t1_min: 2.63 us, round:13
t1_max: 10.96 us, round:8153
t1_jitter: 8.33 us

t2_min: 97.13 us, round:2155
t2_max: 108.08 us, round:239391
t2_jitter: 10.96 us

PMU diff samples: 331347
AVG DIFF LL_CACHE_RD: 4.30
AVG DIFF LL_CACHE_MISS_RD: 0.05
AVG DIFF L2D_CACHE_REFILL: 0.05
AVG DIFF L2D_CACHE_INVAL: 0.00
[cur diff] DIFF LL_CACHE_RD: 8, DIFF LL_CACHE_MISS_RD: 0, MISS_RATE: 0.00%
[cur diff] DIFF L2D_CACHE_REFILL: 0
[cur diff] DIFF L2D_CACHE_INVAL: 0
[max diff] DIFF LL_CACHE_RD: 8, DIFF LL_CACHE_MISS_RD: 7, MISS_RATE: 87.50%
[max diff] DIFF L2D_CACHE_REFILL: 6
[max diff] DIFF L2D_CACHE_INVAL: 0

===========================================================
taskpendcnt:333387
t0:1458 ns
t1:3333 ns
t2:99708 ns
benchmark: Franka-derived Cartesian-impedance kernel, input trace:8, timer period:1.000 ms
controller source: franka_ros2 jazzy@73a1501d, updates:333409, SVD sweeps:5
pose error:[0.010000 0.015000 0.010000 -0.000000 0.049979 -0.000000]
tau[0:6]:[0.839771 0.130674 0.617691 0.624912 0.653099 -0.592692 0.265887]
kernel exec min/avg/max: 94.21 / 95.57 / 102.08 us, samples:333419
pressure status:0, copy rounds total/window:0/0, 0.00 rounds/s
pressure logical copy:0.00 MiB total, approx 0.00 MiB/s, checksum:0
pressure report window:2.139404 s
t0_region>
[1]:332761
[2]:562
[3]:86
[4]:20
[5]:7
[6]:2
[7]:2

t1_region>
[2]:304558
[3]:27735
[4]:742
[5]:243
[6]:103
[7]:33
[8]:20
[9]:11
[10]:2

t2_region>
[97]:6380
[98]:311123
[99]:14574
[100]:772
[101]:332
[102]:141
[103]:78
[104]:29
[105]:15
[106]:10
[107]:1
[108]:1

t0_min: 1.04 us, round:124
t0_max: 7.21 us, round:329913
t0_jitter: 6.17 us

t1_min: 2.63 us, round:13
t1_max: 10.96 us, round:8153
t1_jitter: 8.33 us

t2_min: 97.13 us, round:2155
t2_max: 108.08 us, round:239391
t2_jitter: 10.96 us

PMU diff samples: 333487
AVG DIFF LL_CACHE_RD: 4.30
AVG DIFF LL_CACHE_MISS_RD: 0.05
AVG DIFF L2D_CACHE_REFILL: 0.05
AVG DIFF L2D_CACHE_INVAL: 0.00
[cur diff] DIFF LL_CACHE_RD: 13, DIFF LL_CACHE_MISS_RD: 0, MISS_RATE: 0.00%
[cur diff] DIFF L2D_CACHE_REFILL: 0
[cur diff] DIFF L2D_CACHE_INVAL: 0
[max diff] DIFF LL_CACHE_RD: 8, DIFF LL_CACHE_MISS_RD: 7, MISS_RATE: 87.50%
[max diff] DIFF L2D_CACHE_REFILL: 6
[max diff] DIFF L2D_CACHE_INVAL: 0

===========================================================
taskpendcnt:335527
t0:1500 ns
t1:3083 ns
t2:98583 ns
benchmark: Franka-derived Cartesian-impedance kernel, input trace:8, timer period:1.000 ms
controller source: franka_ros2 jazzy@73a1501d, updates:335549, SVD sweeps:5
pose error:[0.010000 0.015000 0.010000 -0.000000 0.049979 -0.000000]
tau[0:6]:[-2.781770 -1.613002 -1.930139 -1.581803 -1.382951 -0.390599 -0.663394]
kernel exec min/avg/max: 94.21 / 95.57 / 102.08 us, samples:335559
pressure status:0, copy rounds total/window:0/0, 0.00 rounds/s
pressure logical copy:0.00 MiB total, approx 0.00 MiB/s, checksum:0
pressure report window:2.140400 s
t0_region>
[1]:334901
[2]:562
[3]:86
[4]:20
[5]:7
[6]:2
[7]:2

t1_region>
[2]:306517
[3]:27917
[4]:742
[5]:243
[6]:103
[7]:33
[8]:20
[9]:11
[10]:2

t2_region>
[97]:6380
[98]:313215
[99]:14622
[100]:773
[101]:332
[102]:141
[103]:78
[104]:29
[105]:15
[106]:10
[107]:1
[108]:1

t0_min: 1.04 us, round:124
t0_max: 7.21 us, round:329913
t0_jitter: 6.17 us

t1_min: 2.63 us, round:13
t1_max: 10.96 us, round:8153
t1_jitter: 8.33 us

t2_min: 97.13 us, round:2155
t2_max: 108.08 us, round:239391
t2_jitter: 10.96 us

PMU diff samples: 335627
AVG DIFF LL_CACHE_RD: 4.30
AVG DIFF LL_CACHE_MISS_RD: 0.05
AVG DIFF L2D_CACHE_REFILL: 0.05
AVG DIFF L2D_CACHE_INVAL: 0.00
[cur diff] DIFF LL_CACHE_RD: 40, DIFF LL_CACHE_MISS_RD: 0, MISS_RATE: 0.00%
[cur diff] DIFF L2D_CACHE_REFILL: 0
[cur diff] DIFF L2D_CACHE_INVAL: 0
[max diff] DIFF LL_CACHE_RD: 8, DIFF LL_CACHE_MISS_RD: 7, MISS_RATE: 87.50%
[max diff] DIFF L2D_CACHE_REFILL: 6
[max diff] DIFF L2D_CACHE_INVAL: 0

===========================================================
taskpendcnt:337666
t0:1250 ns
t1:3125 ns
t2:98916 ns
benchmark: Franka-derived Cartesian-impedance kernel, input trace:8, timer period:1.000 ms
controller source: franka_ros2 jazzy@73a1501d, updates:337689, SVD sweeps:5
pose error:[0.010000 0.015000 0.010000 -0.000000 0.049979 -0.000000]
tau[0:6]:[0.839771 0.130674 0.617691 0.624912 0.653099 -0.592692 0.265887]
kernel exec min/avg/max: 94.21 / 95.57 / 102.08 us, samples:337698
pressure status:0, copy rounds total/window:0/0, 0.00 rounds/s
pressure logical copy:0.00 MiB total, approx 0.00 MiB/s, checksum:0
pressure report window:2.139377 s
t0_region>
[1]:337041
[2]:562
[3]:86
[4]:20
[5]:7
[6]:2
[7]:2

t1_region>
[2]:308478
[3]:28095
[4]:742
[5]:243
[6]:103
[7]:33
[8]:20
[9]:11
[10]:2

t2_region>
[97]:6380
[98]:315253
[99]:14720
[100]:775
[101]:332
[102]:141
[103]:78
[104]:29
[105]:15
[106]:10
[107]:1
[108]:1

t0_min: 1.04 us, round:124
t0_max: 7.21 us, round:329913
t0_jitter: 6.17 us

t1_min: 2.63 us, round:13
t1_max: 10.96 us, round:8153
t1_jitter: 8.33 us

t2_min: 97.13 us, round:2155
t2_max: 108.08 us, round:239391
t2_jitter: 10.96 us

PMU diff samples: 337767
AVG DIFF LL_CACHE_RD: 4.30
AVG DIFF LL_CACHE_MISS_RD: 0.05
AVG DIFF L2D_CACHE_REFILL: 0.05
AVG DIFF L2D_CACHE_INVAL: 0.00
[cur diff] DIFF LL_CACHE_RD: 9, DIFF LL_CACHE_MISS_RD: 0, MISS_RATE: 0.00%
[cur diff] DIFF L2D_CACHE_REFILL: 0
[cur diff] DIFF L2D_CACHE_INVAL: 0
[max diff] DIFF LL_CACHE_RD: 8, DIFF LL_CACHE_MISS_RD: 7, MISS_RATE: 87.50%
[max diff] DIFF L2D_CACHE_REFILL: 6
[max diff] DIFF L2D_CACHE_INVAL: 0

===========================================================
taskpendcnt:339806
t0:1291 ns
t1:3166 ns
t2:98666 ns
benchmark: Franka-derived Cartesian-impedance kernel, input trace:8, timer period:1.000 ms
controller source: franka_ros2 jazzy@73a1501d, updates:339829, SVD sweeps:5
pose error:[0.010000 0.015000 0.010000 -0.000000 0.049979 -0.000000]
tau[0:6]:[-2.781770 -1.613002 -1.930139 -1.581803 -1.382951 -0.390599 -0.663394]
kernel exec min/avg/max: 94.21 / 95.57 / 102.08 us, samples:339839
pressure status:0, copy rounds total/window:0/0, 0.00 rounds/s
pressure logical copy:0.00 MiB total, approx 0.00 MiB/s, checksum:0
pressure report window:2.140426 s
t0_region>
[1]:339181
[2]:562
[3]:86
[4]:20
[5]:7
[6]:2
[7]:2

t1_region>
[2]:310444
[3]:28270
[4]:742
[5]:243
[6]:103
[7]:33
[8]:20
[9]:11
[10]:2

t2_region>
[97]:6380
[98]:317300
[99]:14814
[100]:775
[101]:332
[102]:141
[103]:78
[104]:29
[105]:15
[106]:10
[107]:1
[108]:1

t0_min: 1.04 us, round:124
t0_max: 7.21 us, round:329913
t0_jitter: 6.17 us

t1_min: 2.63 us, round:13
t1_max: 10.96 us, round:8153
t1_jitter: 8.33 us

t2_min: 97.13 us, round:2155
t2_max: 108.08 us, round:239391
t2_jitter: 10.96 us

PMU diff samples: 339907
AVG DIFF LL_CACHE_RD: 4.30
AVG DIFF LL_CACHE_MISS_RD: 0.05
AVG DIFF L2D_CACHE_REFILL: 0.05
AVG DIFF L2D_CACHE_INVAL: 0.00
[cur diff] DIFF LL_CACHE_RD: 9, DIFF LL_CACHE_MISS_RD: 0, MISS_RATE: 0.00%
[cur diff] DIFF L2D_CACHE_REFILL: 0
[cur diff] DIFF L2D_CACHE_INVAL: 0
[max diff] DIFF LL_CACHE_RD: 8, DIFF LL_CACHE_MISS_RD: 7, MISS_RATE: 87.50%
[max diff] DIFF L2D_CACHE_REFILL: 6
[max diff] DIFF L2D_CACHE_INVAL: 0

===========================================================
taskpendcnt:341946
t0:1625 ns
t1:3208 ns
t2:98708 ns
benchmark: Franka-derived Cartesian-impedance kernel, input trace:8, timer period:1.000 ms
controller source: franka_ros2 jazzy@73a1501d, updates:341969, SVD sweeps:5
pose error:[0.010000 0.015000 0.010000 -0.000000 0.049979 -0.000000]
tau[0:6]:[0.839771 0.130674 0.617691 0.624912 0.653099 -0.592692 0.265887]
kernel exec min/avg/max: 94.21 / 95.57 / 102.08 us, samples:341978
pressure status:0, copy rounds total/window:0/0, 0.00 rounds/s
pressure logical copy:0.00 MiB total, approx 0.00 MiB/s, checksum:0
pressure report window:2.139389 s
t0_region>
[1]:341314
[2]:568
[3]:86
[4]:21
[5]:7
[6]:2
[7]:2

t1_region>
[2]:312384
[3]:28458
[4]:749
[5]:246
[6]:104
[7]:33
[8]:20
[9]:11
[10]:2

t2_region>
[97]:6380
[98]:319203
[99]:15031
[100]:787
[101]:339
[102]:141
[103]:78
[104]:30
[105]:15
[106]:10
[107]:1
[108]:1

t0_min: 1.04 us, round:124
t0_max: 7.21 us, round:329913
t0_jitter: 6.17 us

t1_min: 2.63 us, round:13
t1_max: 10.96 us, round:8153
t1_jitter: 8.33 us

t2_min: 97.13 us, round:2155
t2_max: 108.08 us, round:239391
t2_jitter: 10.96 us

PMU diff samples: 342046
AVG DIFF LL_CACHE_RD: 4.30
AVG DIFF LL_CACHE_MISS_RD: 0.05
AVG DIFF L2D_CACHE_REFILL: 0.05
AVG DIFF L2D_CACHE_INVAL: 0.00
[cur diff] DIFF LL_CACHE_RD: 18, DIFF LL_CACHE_MISS_RD: 0, MISS_RATE: 0.00%
[cur diff] DIFF L2D_CACHE_REFILL: 0
[cur diff] DIFF L2D_CACHE_INVAL: 0
[max diff] DIFF LL_CACHE_RD: 8, DIFF LL_CACHE_MISS_RD: 7, MISS_RATE: 87.50%
[max diff] DIFF L2D_CACHE_REFILL: 6
[max diff] DIFF L2D_CACHE_INVAL: 0

===========================================================
taskpendcnt:344086
t0:1375 ns
t1:2958 ns
t2:98750 ns
benchmark: Franka-derived Cartesian-impedance kernel, input trace:8, timer period:1.000 ms
controller source: franka_ros2 jazzy@73a1501d, updates:344109, SVD sweeps:5
pose error:[0.010000 0.015000 0.010000 -0.000000 0.049979 -0.000000]
tau[0:6]:[-2.781770 -1.613002 -1.930139 -1.581803 -1.382951 -0.390599 -0.663394]
kernel exec min/avg/max: 94.21 / 95.57 / 102.08 us, samples:344119
pressure status:0, copy rounds total/window:0/0, 0.00 rounds/s
pressure logical copy:0.00 MiB total, approx 0.00 MiB/s, checksum:0
pressure report window:2.140522 s
t0_region>
[1]:343447
[2]:574
[3]:86
[4]:22
[5]:7
[6]:2
[7]:2

t1_region>
[2]:314318
[3]:28653
[4]:755
[5]:248
[6]:106
[7]:34
[8]:20
[9]:11
[10]:2

t2_region>
[97]:6380
[98]:321214
[99]:15150
[100]:791
[101]:341
[102]:144
[103]:78
[104]:30
[105]:16
[106]:10
[107]:1
[108]:1

t0_min: 1.04 us, round:124
t0_max: 7.21 us, round:329913
t0_jitter: 6.17 us

t1_min: 2.63 us, round:13
t1_max: 10.96 us, round:8153
t1_jitter: 8.33 us

t2_min: 97.13 us, round:2155
t2_max: 108.08 us, round:239391
t2_jitter: 10.96 us

PMU diff samples: 344187
AVG DIFF LL_CACHE_RD: 4.30
AVG DIFF LL_CACHE_MISS_RD: 0.05
AVG DIFF L2D_CACHE_REFILL: 0.05
AVG DIFF L2D_CACHE_INVAL: 0.00
[cur diff] DIFF LL_CACHE_RD: 10, DIFF LL_CACHE_MISS_RD: 0, MISS_RATE: 0.00%
[cur diff] DIFF L2D_CACHE_REFILL: 0
[cur diff] DIFF L2D_CACHE_INVAL: 0
[max diff] DIFF LL_CACHE_RD: 8, DIFF LL_CACHE_MISS_RD: 7, MISS_RATE: 87.50%
[max diff] DIFF L2D_CACHE_REFILL: 6
[max diff] DIFF L2D_CACHE_INVAL: 0

===========================================================
taskpendcnt:346226
t0:1583 ns
t1:3583 ns
t2:98791 ns
benchmark: Franka-derived Cartesian-impedance kernel, input trace:8, timer period:1.000 ms
controller source: franka_ros2 jazzy@73a1501d, updates:346249, SVD sweeps:5
pose error:[0.010000 0.015000 0.010000 -0.000000 0.049979 -0.000000]
tau[0:6]:[-0.274004 -0.324180 0.001577 -0.231466 0.050986 -0.328952 0.010844]
kernel exec min/avg/max: 94.21 / 95.57 / 102.08 us, samples:346258
pressure status:0, copy rounds total/window:0/0, 0.00 rounds/s
pressure logical copy:0.00 MiB total, approx 0.00 MiB/s, checksum:0
pressure report window:2.139558 s
t0_region>
[1]:345583
[2]:577
[3]:86
[4]:23
[5]:7
[6]:2
[7]:2

t1_region>
[2]:316255
[3]:28846
[4]:762
[5]:250
[6]:106
[7]:34
[8]:20
[9]:12
[10]:2

t2_region>
[97]:6380
[98]:323167
[99]:15327
[100]:796
[101]:342
[102]:145
[103]:78
[104]:31
[105]:17
[106]:10
[107]:1
[108]:1

t0_min: 1.04 us, round:124
t0_max: 7.21 us, round:329913
t0_jitter: 6.17 us

t1_min: 2.63 us, round:13
t1_max: 10.96 us, round:8153
t1_jitter: 8.33 us

t2_min: 97.13 us, round:2155
t2_max: 108.08 us, round:239391
t2_jitter: 10.96 us

PMU diff samples: 346327
AVG DIFF LL_CACHE_RD: 4.30
AVG DIFF LL_CACHE_MISS_RD: 0.05
AVG DIFF L2D_CACHE_REFILL: 0.05
AVG DIFF L2D_CACHE_INVAL: 0.00
[cur diff] DIFF LL_CACHE_RD: 10, DIFF LL_CACHE_MISS_RD: 0, MISS_RATE: 0.00%
[cur diff] DIFF L2D_CACHE_REFILL: 0
[cur diff] DIFF L2D_CACHE_INVAL: 0
[max diff] DIFF LL_CACHE_RD: 8, DIFF LL_CACHE_MISS_RD: 7, MISS_RATE: 87.50%
[max diff] DIFF L2D_CACHE_REFILL: 6
[max diff] DIFF L2D_CACHE_INVAL: 0

===========================================================
taskpendcnt:348366
t0:1625 ns
t1:3208 ns
t2:98708 ns
benchmark: Franka-derived Cartesian-impedance kernel, input trace:8, timer period:1.000 ms
controller source: franka_ros2 jazzy@73a1501d, updates:348389, SVD sweeps:5
pose error:[0.010000 0.015000 0.010000 -0.000000 0.049979 -0.000000]
tau[0:6]:[-0.567483 -0.552304 -0.482512 -0.231067 -0.297494 -0.656094 -0.085004]
kernel exec min/avg/max: 94.21 / 95.57 / 102.08 us, samples:348398
pressure status:0, copy rounds total/window:0/0, 0.00 rounds/s
pressure logical copy:0.00 MiB total, approx 0.00 MiB/s, checksum:0
pressure report window:2.140161 s
t0_region>
[1]:347723
[2]:577
[3]:86
[4]:23
[5]:7
[6]:2
[7]:2

t1_region>
[2]:318206
[3]:29035
[4]:762
[5]:250
[6]:106
[7]:34
[8]:20
[9]:12
[10]:2

t2_region>
[97]:6380
[98]:325215
[99]:15419
[100]:796
[101]:342
[102]:145
[103]:78
[104]:31
[105]:17
[106]:10
[107]:1
[108]:1

t0_min: 1.04 us, round:124
t0_max: 7.21 us, round:329913
t0_jitter: 6.17 us

t1_min: 2.63 us, round:13
t1_max: 10.96 us, round:8153
t1_jitter: 8.33 us

t2_min: 97.13 us, round:2155
t2_max: 108.08 us, round:239391
t2_jitter: 10.96 us

PMU diff samples: 348467
AVG DIFF LL_CACHE_RD: 4.30
AVG DIFF LL_CACHE_MISS_RD: 0.05
AVG DIFF L2D_CACHE_REFILL: 0.05
AVG DIFF L2D_CACHE_INVAL: 0.00
[cur diff] DIFF LL_CACHE_RD: 15, DIFF LL_CACHE_MISS_RD: 0, MISS_RATE: 0.00%
[cur diff] DIFF L2D_CACHE_REFILL: 0
[cur diff] DIFF L2D_CACHE_INVAL: 0
[max diff] DIFF LL_CACHE_RD: 8, DIFF LL_CACHE_MISS_RD: 7, MISS_RATE: 87.50%
[max diff] DIFF L2D_CACHE_REFILL: 6
[max diff] DIFF L2D_CACHE_INVAL: 0

===========================================================
taskpendcnt:350506
t0:1375 ns
t1:3250 ns
t2:98750 ns
benchmark: Franka-derived Cartesian-impedance kernel, input trace:8, timer period:1.000 ms
controller source: franka_ros2 jazzy@73a1501d, updates:350528, SVD sweeps:5
pose error:[0.010000 0.015000 0.010000 -0.000000 0.049979 -0.000000]
tau[0:6]:[-0.274004 -0.324180 0.001577 -0.231466 0.050986 -0.328952 0.010844]
kernel exec min/avg/max: 94.21 / 95.57 / 102.08 us, samples:350538
pressure status:0, copy rounds total/window:0/0, 0.00 rounds/s
pressure logical copy:0.00 MiB total, approx 0.00 MiB/s, checksum:0
pressure report window:2.139648 s
t0_region>
[1]:349863
[2]:577
[3]:86
[4]:23
[5]:7
[6]:2
[7]:2

t1_region>
[2]:320180
[3]:29201
[4]:762
[5]:250
[6]:106
[7]:34
[8]:20
[9]:12
[10]:2

t2_region>
[97]:6380
[98]:327259
[99]:15515
[100]:796
[101]:342
[102]:145
[103]:78
[104]:31
[105]:17
[106]:10
[107]:1
[108]:1

t0_min: 1.04 us, round:124
t0_max: 7.21 us, round:329913
t0_jitter: 6.17 us

t1_min: 2.63 us, round:13
t1_max: 10.96 us, round:8153
t1_jitter: 8.33 us

t2_min: 97.13 us, round:2155
t2_max: 108.08 us, round:239391
t2_jitter: 10.96 us

PMU diff samples: 350606
AVG DIFF LL_CACHE_RD: 4.30
AVG DIFF LL_CACHE_MISS_RD: 0.05
AVG DIFF L2D_CACHE_REFILL: 0.05
AVG DIFF L2D_CACHE_INVAL: 0.00
[cur diff] DIFF LL_CACHE_RD: 19, DIFF LL_CACHE_MISS_RD: 0, MISS_RATE: 0.00%
[cur diff] DIFF L2D_CACHE_REFILL: 0
[cur diff] DIFF L2D_CACHE_INVAL: 0
[max diff] DIFF LL_CACHE_RD: 8, DIFF LL_CACHE_MISS_RD: 7, MISS_RATE: 87.50%
[max diff] DIFF L2D_CACHE_REFILL: 6
[max diff] DIFF L2D_CACHE_INVAL: 0

===========================================================
taskpendcnt:352646
t0:1416 ns
t1:3000 ns
t2:98791 ns
benchmark: Franka-derived Cartesian-impedance kernel, input trace:8, timer period:1.000 ms
controller source: franka_ros2 jazzy@73a1501d, updates:352668, SVD sweeps:5
pose error:[0.010000 0.015000 0.010000 -0.000000 0.049979 -0.000000]
tau[0:6]:[-0.567483 -0.552304 -0.482512 -0.231067 -0.297494 -0.656094 -0.085004]
kernel exec min/avg/max: 94.21 / 95.57 / 102.08 us, samples:352678
pressure status:0, copy rounds total/window:0/0, 0.00 rounds/s
pressure logical copy:0.00 MiB total, approx 0.00 MiB/s, checksum:0
pressure report window:2.140163 s
t0_region>
[1]:352003
[2]:577
[3]:86
[4]:23
[5]:7
[6]:2
[7]:2

t1_region>
[2]:322159
[3]:29362
[4]:762
[5]:250
[6]:106
[7]:34
[8]:20
[9]:12
[10]:2

t2_region>
[97]:6380
[98]:329310
[99]:15604
[100]:796
[101]:342
[102]:145
[103]:78
[104]:31
[105]:17
[106]:10
[107]:1
[108]:1

t0_min: 1.04 us, round:124
t0_max: 7.21 us, round:329913
t0_jitter: 6.17 us

t1_min: 2.63 us, round:13
t1_max: 10.96 us, round:8153
t1_jitter: 8.33 us

t2_min: 97.13 us, round:2155
t2_max: 108.08 us, round:239391
t2_jitter: 10.96 us

PMU diff samples: 352747
AVG DIFF LL_CACHE_RD: 4.30
AVG DIFF LL_CACHE_MISS_RD: 0.05
AVG DIFF L2D_CACHE_REFILL: 0.05
AVG DIFF L2D_CACHE_INVAL: 0.00
[cur diff] DIFF LL_CACHE_RD: 6, DIFF LL_CACHE_MISS_RD: 0, MISS_RATE: 0.00%
[cur diff] DIFF L2D_CACHE_REFILL: 1
[cur diff] DIFF L2D_CACHE_INVAL: 0
[max diff] DIFF LL_CACHE_RD: 8, DIFF LL_CACHE_MISS_RD: 7, MISS_RATE: 87.50%
[max diff] DIFF L2D_CACHE_REFILL: 6
[max diff] DIFF L2D_CACHE_INVAL: 0

===========================================================
taskpendcnt:354786
t0:1458 ns
t1:3041 ns
t2:98833 ns
benchmark: Franka-derived Cartesian-impedance kernel, input trace:8, timer period:1.000 ms
controller source: franka_ros2 jazzy@73a1501d, updates:354808, SVD sweeps:5
pose error:[0.010000 0.015000 0.010000 -0.000000 0.049979 -0.000000]
tau[0:6]:[-0.274004 -0.324180 0.001577 -0.231466 0.050986 -0.328952 0.010844]
kernel exec min/avg/max: 94.21 / 95.57 / 102.08 us, samples:354818
pressure status:0, copy rounds total/window:0/0, 0.00 rounds/s
pressure logical copy:0.00 MiB total, approx 0.00 MiB/s, checksum:0
pressure report window:2.139646 s
t0_region>
[1]:354137
[2]:580
[3]:87
[4]:23
[5]:8
[6]:2
[7]:2

t1_region>
[2]:324089
[3]:29564
[4]:765
[5]:253
[6]:106
[7]:34
[8]:20
[9]:12
[10]:2
[11]:1
[13]:1

t2_region>
[97]:6380
[98]:331210
[99]:15833
[100]:802
[101]:346
[102]:145
[103]:78
[104]:31
[105]:17
[106]:10
[107]:1
[108]:3

t0_min: 1.04 us, round:124
t0_max: 7.21 us, round:329913
t0_jitter: 6.17 us

t1_min: 2.63 us, round:13
t1_max: 13.17 us, round:354232
t1_jitter: 10.54 us

t2_min: 97.13 us, round:2155
t2_max: 108.83 us, round:354232
t2_jitter: 11.71 us

PMU diff samples: 354888
AVG DIFF LL_CACHE_RD: 4.30
AVG DIFF LL_CACHE_MISS_RD: 0.05
AVG DIFF L2D_CACHE_REFILL: 0.05
AVG DIFF L2D_CACHE_INVAL: 0.00
[cur diff] DIFF LL_CACHE_RD: 16, DIFF LL_CACHE_MISS_RD: 0, MISS_RATE: 0.00%
[cur diff] DIFF L2D_CACHE_REFILL: 0
[cur diff] DIFF L2D_CACHE_INVAL: 0
[max diff] DIFF LL_CACHE_RD: 7, DIFF LL_CACHE_MISS_RD: 5, MISS_RATE: 71.43%
[max diff] DIFF L2D_CACHE_REFILL: 5
[max diff] DIFF L2D_CACHE_INVAL: 0

===========================================================
taskpendcnt:356928
t0:1458 ns
t1:3041 ns
t2:99708 ns
benchmark: Franka-derived Cartesian-impedance kernel, input trace:8, timer period:1.000 ms
controller source: franka_ros2 jazzy@73a1501d, updates:356950, SVD sweeps:5
pose error:[0.010000 0.015000 0.010000 -0.000000 0.049979 -0.000000]
tau[0:6]:[-2.379368 -1.292411 -1.655224 -1.570015 -1.185234 -0.066588 -0.610247]
kernel exec min/avg/max: 94.21 / 95.57 / 102.08 us, samples:356960
pressure status:0, copy rounds total/window:0/0, 0.00 rounds/s
pressure logical copy:0.00 MiB total, approx 0.00 MiB/s, checksum:0
pressure report window:2.142230 s
t0_region>
[1]:356278
[2]:582
[3]:87
[4]:23
[5]:8
[6]:2
[7]:2

t1_region>
[2]:326050
[3]:29744
[4]:766
[5]:253
[6]:106
[7]:34
[8]:20
[9]:12
[10]:2
[11]:1
[13]:1

t2_region>
[97]:6380
[98]:333234
[99]:15950
[100]:805
[101]:346
[102]:145
[103]:78
[104]:31
[105]:17
[106]:10
[107]:1
[108]:3

t0_min: 1.04 us, round:124
t0_max: 7.21 us, round:329913
t0_jitter: 6.17 us

t1_min: 2.63 us, round:13
t1_max: 13.17 us, round:354232
t1_jitter: 10.54 us

t2_min: 97.13 us, round:2155
t2_max: 108.83 us, round:354232
t2_jitter: 11.71 us

PMU diff samples: 357030
AVG DIFF LL_CACHE_RD: 4.30
AVG DIFF LL_CACHE_MISS_RD: 0.05
AVG DIFF L2D_CACHE_REFILL: 0.05
AVG DIFF L2D_CACHE_INVAL: 0.00
[cur diff] DIFF LL_CACHE_RD: 22, DIFF LL_CACHE_MISS_RD: 0, MISS_RATE: 0.00%
[cur diff] DIFF L2D_CACHE_REFILL: 0
[cur diff] DIFF L2D_CACHE_INVAL: 0
[max diff] DIFF LL_CACHE_RD: 7, DIFF LL_CACHE_MISS_RD: 5, MISS_RATE: 71.43%
[max diff] DIFF L2D_CACHE_REFILL: 5
[max diff] DIFF L2D_CACHE_INVAL: 0

===========================================================
taskpendcnt:359069
t0:2041 ns
t1:3041 ns
t2:99708 ns
benchmark: Franka-derived Cartesian-impedance kernel, input trace:8, timer period:1.000 ms
controller source: franka_ros2 jazzy@73a1501d, updates:359092, SVD sweeps:5
pose error:[0.010000 0.015000 0.010000 -0.000000 0.049979 -0.000000]
tau[0:6]:[-0.567483 -0.552304 -0.482512 -0.231067 -0.297494 -0.656094 -0.085004]
kernel exec min/avg/max: 94.21 / 95.57 / 102.08 us, samples:359102
pressure status:0, copy rounds total/window:0/0, 0.00 rounds/s
pressure logical copy:0.00 MiB total, approx 0.00 MiB/s, checksum:0
pressure report window:2.141839 s
t0_region>
[1]:358404
[2]:596
[3]:88
[4]:23
[5]:8
[6]:2
[7]:2

t1_region>
[2]:327968
[3]:29951
[4]:776
[5]:257
[6]:108
[7]:35
[8]:20
[9]:12
[10]:2
[11]:1
[13]:1

t2_region>
[97]:6380
[98]:335238
[99]:16069
[100]:814
[101]:350
[102]:147
[103]:80
[104]:31
[105]:17
[106]:10
[107]:1
[108]:3

t0_min: 1.04 us, round:124
t0_max: 7.21 us, round:329913
t0_jitter: 6.17 us

t1_min: 2.63 us, round:13
t1_max: 13.17 us, round:354232
t1_jitter: 10.54 us

t2_min: 97.13 us, round:2155
t2_max: 108.83 us, round:354232
t2_jitter: 11.71 us

PMU diff samples: 359172
AVG DIFF LL_CACHE_RD: 4.30
AVG DIFF LL_CACHE_MISS_RD: 0.05
AVG DIFF L2D_CACHE_REFILL: 0.05
AVG DIFF L2D_CACHE_INVAL: 0.00
[cur diff] DIFF LL_CACHE_RD: 11, DIFF LL_CACHE_MISS_RD: 0, MISS_RATE: 0.00%
[cur diff] DIFF L2D_CACHE_REFILL: 0
[cur diff] DIFF L2D_CACHE_INVAL: 0
[max diff] DIFF LL_CACHE_RD: 7, DIFF LL_CACHE_MISS_RD: 5, MISS_RATE: 71.43%
[max diff] DIFF L2D_CACHE_REFILL: 5
[max diff] DIFF L2D_CACHE_INVAL: 0

===========================================================
taskpendcnt:361211
t0:1458 ns
t1:3333 ns
t2:98833 ns
benchmark: Franka-derived Cartesian-impedance kernel, input trace:8, timer period:1.000 ms
controller source: franka_ros2 jazzy@73a1501d, updates:361234, SVD sweeps:5
pose error:[0.010000 0.015000 0.010000 -0.000000 0.049979 -0.000000]
tau[0:6]:[1.228026 0.081850 0.819520 0.875435 0.745706 -0.833381 0.398995]
kernel exec min/avg/max: 94.21 / 95.57 / 102.08 us, samples:361243
pressure status:0, copy rounds total/window:0/0, 0.00 rounds/s
pressure logical copy:0.00 MiB total, approx 0.00 MiB/s, checksum:0
pressure report window:2.141382 s
t0_region>
[1]:360545
[2]:596
[3]:89
[4]:23
[5]:8
[6]:2
[7]:2

t1_region>
[2]:329925
[3]:30133
[4]:777
[5]:258
[6]:108
[7]:35
[8]:20
[9]:12
[10]:2
[11]:1
[13]:1

t2_region>
[97]:6380
[98]:337195
[99]:16252
[100]:815
[101]:351
[102]:147
[103]:80
[104]:31
[105]:17
[106]:10
[107]:1
[108]:3

t0_min: 1.04 us, round:124
t0_max: 7.21 us, round:329913
t0_jitter: 6.17 us

t1_min: 2.63 us, round:13
t1_max: 13.17 us, round:354232
t1_jitter: 10.54 us

t2_min: 97.13 us, round:2155
t2_max: 108.83 us, round:354232
t2_jitter: 11.71 us

PMU diff samples: 361313
AVG DIFF LL_CACHE_RD: 4.30
AVG DIFF LL_CACHE_MISS_RD: 0.05
AVG DIFF L2D_CACHE_REFILL: 0.05
AVG DIFF L2D_CACHE_INVAL: 0.00
[cur diff] DIFF LL_CACHE_RD: 22, DIFF LL_CACHE_MISS_RD: 0, MISS_RATE: 0.00%
[cur diff] DIFF L2D_CACHE_REFILL: 0
[cur diff] DIFF L2D_CACHE_INVAL: 0
[max diff] DIFF LL_CACHE_RD: 7, DIFF LL_CACHE_MISS_RD: 5, MISS_RATE: 71.43%
[max diff] DIFF L2D_CACHE_REFILL: 5
[max diff] DIFF L2D_CACHE_INVAL: 0

===========================================================
taskpendcnt:363353
t0:1458 ns
t1:3041 ns
t2:98833 ns
benchmark: Franka-derived Cartesian-impedance kernel, input trace:8, timer period:1.000 ms
controller source: franka_ros2 jazzy@73a1501d, updates:363376, SVD sweeps:5
pose error:[0.010000 0.015000 0.010000 -0.000000 0.049979 -0.000000]
tau[0:6]:[-0.274004 -0.324180 0.001577 -0.231466 0.050986 -0.328952 0.010844]
kernel exec min/avg/max: 94.21 / 95.57 / 102.08 us, samples:363385
pressure status:0, copy rounds total/window:0/0, 0.00 rounds/s
pressure logical copy:0.00 MiB total, approx 0.00 MiB/s, checksum:0
pressure report window:2.142163 s
t0_region>
[1]:362687
[2]:596
[3]:89
[4]:23
[5]:8
[6]:2
[7]:2

t1_region>
[2]:331891
[3]:30308
[4]:778
[5]:258
[6]:108
[7]:35
[8]:20
[9]:12
[10]:2
[11]:1
[13]:1

t2_region>
[97]:6380
[98]:339249
[99]:16340
[100]:815
[101]:351
[102]:147
[103]:80
[104]:31
[105]:17
[106]:10
[107]:1
[108]:3

t0_min: 1.04 us, round:124
t0_max: 7.21 us, round:329913
t0_jitter: 6.17 us

t1_min: 2.63 us, round:13
t1_max: 13.17 us, round:354232
t1_jitter: 10.54 us

t2_min: 97.13 us, round:2155
t2_max: 108.83 us, round:354232
t2_jitter: 11.71 us

PMU diff samples: 363455
AVG DIFF LL_CACHE_RD: 4.29
AVG DIFF LL_CACHE_MISS_RD: 0.05
AVG DIFF L2D_CACHE_REFILL: 0.05
AVG DIFF L2D_CACHE_INVAL: 0.00
[cur diff] DIFF LL_CACHE_RD: 14, DIFF LL_CACHE_MISS_RD: 0, MISS_RATE: 0.00%
[cur diff] DIFF L2D_CACHE_REFILL: 0
[cur diff] DIFF L2D_CACHE_INVAL: 0
[max diff] DIFF LL_CACHE_RD: 7, DIFF LL_CACHE_MISS_RD: 5, MISS_RATE: 71.43%
[max diff] DIFF L2D_CACHE_REFILL: 5
[max diff] DIFF L2D_CACHE_INVAL: 0

===========================================================
taskpendcnt:365495
t0:1458 ns
t1:3041 ns
t2:98833 ns
benchmark: Franka-derived Cartesian-impedance kernel, input trace:8, timer period:1.000 ms
controller source: franka_ros2 jazzy@73a1501d, updates:365518, SVD sweeps:5
pose error:[0.010000 0.015000 0.010000 -0.000000 0.049979 -0.000000]
tau[0:6]:[-2.379368 -1.292411 -1.655224 -1.570015 -1.185234 -0.066588 -0.610247]
kernel exec min/avg/max: 94.21 / 95.57 / 102.08 us, samples:365528
pressure status:0, copy rounds total/window:0/0, 0.00 rounds/s
pressure logical copy:0.00 MiB total, approx 0.00 MiB/s, checksum:0
pressure report window:2.142210 s
t0_region>
[1]:364829
[2]:596
[3]:89
[4]:23
[5]:8
[6]:2
[7]:2

t1_region>
[2]:333853
[3]:30488
[4]:778
[5]:258
[6]:108
[7]:35
[8]:20
[9]:12
[10]:2
[11]:1
[13]:1

t2_region>
[97]:6380
[98]:341289
[99]:16442
[100]:815
[101]:351
[102]:147
[103]:80
[104]:31
[105]:17
[106]:10
[107]:1
[108]:3

t0_min: 1.04 us, round:124
t0_max: 7.21 us, round:329913
t0_jitter: 6.17 us

t1_min: 2.63 us, round:13
t1_max: 13.17 us, round:354232
t1_jitter: 10.54 us

t2_min: 97.13 us, round:2155
t2_max: 108.83 us, round:354232
t2_jitter: 11.71 us

PMU diff samples: 365598
AVG DIFF LL_CACHE_RD: 4.29
AVG DIFF LL_CACHE_MISS_RD: 0.05
AVG DIFF L2D_CACHE_REFILL: 0.05
AVG DIFF L2D_CACHE_INVAL: 0.00
[cur diff] DIFF LL_CACHE_RD: 9, DIFF LL_CACHE_MISS_RD: 0, MISS_RATE: 0.00%
[cur diff] DIFF L2D_CACHE_REFILL: 0
[cur diff] DIFF L2D_CACHE_INVAL: 0
[max diff] DIFF LL_CACHE_RD: 7, DIFF LL_CACHE_MISS_RD: 5, MISS_RATE: 71.43%
[max diff] DIFF L2D_CACHE_REFILL: 5
[max diff] DIFF L2D_CACHE_INVAL: 0

===========================================================
taskpendcnt:367637
t0:1458 ns
t1:3041 ns
t2:98833 ns
benchmark: Franka-derived Cartesian-impedance kernel, input trace:8, timer period:1.000 ms
controller source: franka_ros2 jazzy@73a1501d, updates:367660, SVD sweeps:5
pose error:[0.010000 0.015000 0.010000 -0.000000 0.049979 -0.000000]
tau[0:6]:[1.376914 -0.104433 0.790225 0.843903 0.642107 -0.956178 0.423547]
kernel exec min/avg/max: 94.21 / 95.57 / 102.08 us, samples:367669
pressure status:0, copy rounds total/window:0/0, 0.00 rounds/s
pressure logical copy:0.00 MiB total, approx 0.00 MiB/s, checksum:0
pressure report window:2.141433 s
t0_region>
[1]:366971
[2]:596
[3]:89
[4]:23
[5]:8
[6]:2
[7]:2

t1_region>
[2]:335826
[3]:30657
[4]:778
[5]:258
[6]:108
[7]:35
[8]:20
[9]:12
[10]:2
[11]:1
[13]:1

t2_region>
[97]:6380
[98]:343334
[99]:16539
[100]:815
[101]:351
[102]:147
[103]:80
[104]:31
[105]:17
[106]:10
[107]:1
[108]:3

t0_min: 1.04 us, round:124
t0_max: 7.21 us, round:329913
t0_jitter: 6.17 us

t1_min: 2.63 us, round:13
t1_max: 13.17 us, round:354232
t1_jitter: 10.54 us

t2_min: 97.13 us, round:2155
t2_max: 108.83 us, round:354232
t2_jitter: 11.71 us

PMU diff samples: 367739
AVG DIFF LL_CACHE_RD: 4.29
AVG DIFF LL_CACHE_MISS_RD: 0.05
AVG DIFF L2D_CACHE_REFILL: 0.05
AVG DIFF L2D_CACHE_INVAL: 0.00
[cur diff] DIFF LL_CACHE_RD: 7, DIFF LL_CACHE_MISS_RD: 0, MISS_RATE: 0.00%
[cur diff] DIFF L2D_CACHE_REFILL: 0
[cur diff] DIFF L2D_CACHE_INVAL: 0
[max diff] DIFF LL_CACHE_RD: 7, DIFF LL_CACHE_MISS_RD: 5, MISS_RATE: 71.43%
[max diff] DIFF L2D_CACHE_REFILL: 5
[max diff] DIFF L2D_CACHE_INVAL: 0

===========================================================
taskpendcnt:369779
t0:1916 ns
t1:3208 ns
t2:98541 ns
benchmark: Franka-derived Cartesian-impedance kernel, input trace:8, timer period:1.000 ms
controller source: franka_ros2 jazzy@73a1501d, updates:369802, SVD sweeps:5
pose error:[0.010000 0.015000 0.010000 -0.000000 0.049979 -0.000000]
tau[0:6]:[0.839771 0.130674 0.617691 0.624912 0.653099 -0.592692 0.265887]
kernel exec min/avg/max: 94.21 / 95.57 / 102.08 us, samples:369811
pressure status:0, copy rounds total/window:0/0, 0.00 rounds/s
pressure logical copy:0.00 MiB total, approx 0.00 MiB/s, checksum:0
pressure report window:2.141822 s
t0_region>
[1]:369107
[2]:601
[3]:89
[4]:23
[5]:8
[6]:2
[7]:2

t1_region>
[2]:337767
[3]:30851
[4]:784
[5]:259
[6]:108
[7]:35
[8]:20
[9]:12
[10]:2
[11]:1
[13]:1

t2_region>
[97]:6380
[98]:345241
[99]:16768
[100]:819
[101]:351
[102]:148
[103]:80
[104]:31
[105]:17
[106]:10
[107]:1
[108]:3

t0_min: 1.04 us, round:124
t0_max: 7.21 us, round:329913
t0_jitter: 6.17 us

t1_min: 2.63 us, round:13
t1_max: 13.17 us, round:354232
t1_jitter: 10.54 us

t2_min: 97.13 us, round:2155
t2_max: 108.83 us, round:354232
t2_jitter: 11.71 us

PMU diff samples: 369881
AVG DIFF LL_CACHE_RD: 4.29
AVG DIFF LL_CACHE_MISS_RD: 0.05
AVG DIFF L2D_CACHE_REFILL: 0.05
AVG DIFF L2D_CACHE_INVAL: 0.00
[cur diff] DIFF LL_CACHE_RD: 24, DIFF LL_CACHE_MISS_RD: 0, MISS_RATE: 0.00%
[cur diff] DIFF L2D_CACHE_REFILL: 0
[cur diff] DIFF L2D_CACHE_INVAL: 0
[max diff] DIFF LL_CACHE_RD: 7, DIFF LL_CACHE_MISS_RD: 5, MISS_RATE: 71.43%
[max diff] DIFF L2D_CACHE_REFILL: 5
[max diff] DIFF L2D_CACHE_INVAL: 0

===========================================================
taskpendcnt:371921
t0:1625 ns
t1:3208 ns
t2:99000 ns
benchmark: Franka-derived Cartesian-impedance kernel, input trace:8, timer period:1.000 ms
controller source: franka_ros2 jazzy@73a1501d, updates:371944, SVD sweeps:5
pose error:[0.010000 0.015000 0.010000 -0.000000 0.049979 -0.000000]
tau[0:6]:[-1.839419 -0.921560 -1.193198 -1.195971 -0.861243 0.113634 -0.461388]
kernel exec min/avg/max: 94.21 / 95.57 / 102.08 us, samples:371953
pressure status:0, copy rounds total/window:0/0, 0.00 rounds/s
pressure logical copy:0.00 MiB total, approx 0.00 MiB/s, checksum:0
pressure report window:2.142340 s
t0_region>
[1]:371250
[2]:601
[3]:89
[4]:23
[5]:8
[6]:2
[7]:2

t1_region>
[2]:339743
[3]:31016
[4]:784
[5]:260
[6]:108
[7]:35
[8]:20
[9]:12
[10]:2
[11]:1
[13]:1

t2_region>
[97]:6380
[98]:347285
[99]:16866
[100]:820
[101]:351
[102]:148
[103]:80
[104]:31
[105]:17
[106]:10
[107]:1
[108]:3

t0_min: 1.04 us, round:124
t0_max: 7.21 us, round:329913
t0_jitter: 6.17 us

t1_min: 2.63 us, round:13
t1_max: 13.17 us, round:354232
t1_jitter: 10.54 us

t2_min: 97.13 us, round:2155
t2_max: 108.83 us, round:354232
t2_jitter: 11.71 us

PMU diff samples: 372023
AVG DIFF LL_CACHE_RD: 4.29
AVG DIFF LL_CACHE_MISS_RD: 0.05
AVG DIFF L2D_CACHE_REFILL: 0.05
AVG DIFF L2D_CACHE_INVAL: 0.00
[cur diff] DIFF LL_CACHE_RD: 15, DIFF LL_CACHE_MISS_RD: 0, MISS_RATE: 0.00%
[cur diff] DIFF L2D_CACHE_REFILL: 0
[cur diff] DIFF L2D_CACHE_INVAL: 0
[max diff] DIFF LL_CACHE_RD: 7, DIFF LL_CACHE_MISS_RD: 5, MISS_RATE: 71.43%
[max diff] DIFF L2D_CACHE_REFILL: 5
[max diff] DIFF L2D_CACHE_INVAL: 0

===========================================================
taskpendcnt:374063
t0:1916 ns
t1:3208 ns
t2:99000 ns
benchmark: Franka-derived Cartesian-impedance kernel, input trace:8, timer period:1.000 ms
controller source: franka_ros2 jazzy@73a1501d, updates:374085, SVD sweeps:5
pose error:[0.010000 0.015000 0.010000 -0.000000 0.049979 -0.000000]
tau[0:6]:[-2.781770 -1.613002 -1.930139 -1.581803 -1.382951 -0.390599 -0.663394]
kernel exec min/avg/max: 94.21 / 95.57 / 102.08 us, samples:374095
pressure status:0, copy rounds total/window:0/0, 0.00 rounds/s
pressure logical copy:0.00 MiB total, approx 0.00 MiB/s, checksum:0
pressure report window:2.141999 s
t0_region>
[1]:373383
[2]:607
[3]:92
[4]:23
[5]:8
[6]:2
[7]:2

t1_region>
[2]:341667
[3]:31216
[4]:792
[5]:267
[6]:111
[7]:35
[8]:20
[9]:12
[10]:2
[11]:1
[13]:1

t2_region>
[97]:6380
[98]:349162
[99]:17109
[100]:830
[101]:360
[102]:150
[103]:81
[104]:31
[105]:17
[106]:10
[107]:1
[108]:3

t0_min: 1.04 us, round:124
t0_max: 7.21 us, round:329913
t0_jitter: 6.17 us

t1_min: 2.63 us, round:13
t1_max: 13.17 us, round:354232
t1_jitter: 10.54 us

t2_min: 97.13 us, round:2155
t2_max: 108.83 us, round:354232
t2_jitter: 11.71 us

PMU diff samples: 374165
AVG DIFF LL_CACHE_RD: 4.29
AVG DIFF LL_CACHE_MISS_RD: 0.05
AVG DIFF L2D_CACHE_REFILL: 0.05
AVG DIFF L2D_CACHE_INVAL: 0.00
[cur diff] DIFF LL_CACHE_RD: 18, DIFF LL_CACHE_MISS_RD: 0, MISS_RATE: 0.00%
[cur diff] DIFF L2D_CACHE_REFILL: 0
[cur diff] DIFF L2D_CACHE_INVAL: 0
[max diff] DIFF LL_CACHE_RD: 7, DIFF LL_CACHE_MISS_RD: 5, MISS_RATE: 71.43%
[max diff] DIFF L2D_CACHE_REFILL: 5
[max diff] DIFF L2D_CACHE_INVAL: 0

===========================================================
taskpendcnt:376205
t0:1625 ns
t1:3208 ns
t2:99000 ns
benchmark: Franka-derived Cartesian-impedance kernel, input trace:8, timer period:1.000 ms
controller source: franka_ros2 jazzy@73a1501d, updates:376227, SVD sweeps:5
pose error:[0.010000 0.015000 0.010000 -0.000000 0.049979 -0.000000]
tau[0:6]:[1.376914 -0.104433 0.790225 0.843903 0.642107 -0.956178 0.423547]
kernel exec min/avg/max: 94.21 / 95.57 / 102.08 us, samples:376237
pressure status:0, copy rounds total/window:0/0, 0.00 rounds/s
pressure logical copy:0.00 MiB total, approx 0.00 MiB/s, checksum:0
pressure report window:2.141468 s
t0_region>
[1]:375524
[2]:607
[3]:92
[4]:23
[5]:8
[6]:2
[7]:2

t1_region>
[2]:343638
[3]:31387
[4]:792
[5]:267
[6]:111
[7]:35
[8]:20
[9]:12
[10]:2
[11]:1
[13]:1

t2_region>
[97]:6380
[98]:351186
[99]:17227
[100]:830
[101]:360
[102]:150
[103]:81
[104]:31
[105]:17
[106]:10
[107]:1
[108]:3

t0_min: 1.04 us, round:124
t0_max: 7.21 us, round:329913
t0_jitter: 6.17 us

t1_min: 2.63 us, round:13
t1_max: 13.17 us, round:354232
t1_jitter: 10.54 us

t2_min: 97.13 us, round:2155
t2_max: 108.83 us, round:354232
t2_jitter: 11.71 us

PMU diff samples: 376307
AVG DIFF LL_CACHE_RD: 4.29
AVG DIFF LL_CACHE_MISS_RD: 0.05
AVG DIFF L2D_CACHE_REFILL: 0.05
AVG DIFF L2D_CACHE_INVAL: 0.00
[cur diff] DIFF LL_CACHE_RD: 10, DIFF LL_CACHE_MISS_RD: 0, MISS_RATE: 0.00%
[cur diff] DIFF L2D_CACHE_REFILL: 0
[cur diff] DIFF L2D_CACHE_INVAL: 0
[max diff] DIFF LL_CACHE_RD: 7, DIFF LL_CACHE_MISS_RD: 5, MISS_RATE: 71.43%
[max diff] DIFF L2D_CACHE_REFILL: 5
[max diff] DIFF L2D_CACHE_INVAL: 0

===========================================================
taskpendcnt:378347
t0:1625 ns
t1:3208 ns
t2:99291 ns
benchmark: Franka-derived Cartesian-impedance kernel, input trace:8, timer period:1.000 ms
controller source: franka_ros2 jazzy@73a1501d, updates:378369, SVD sweeps:5
pose error:[0.010000 0.015000 0.010000 -0.000000 0.049979 -0.000000]
tau[0:6]:[0.839771 0.130674 0.617691 0.624912 0.653099 -0.592692 0.265887]
kernel exec min/avg/max: 94.21 / 95.57 / 102.08 us, samples:378379
pressure status:0, copy rounds total/window:0/0, 0.00 rounds/s
pressure logical copy:0.00 MiB total, approx 0.00 MiB/s, checksum:0
pressure report window:2.141823 s
t0_region>
[1]:377666
[2]:607
[3]:92
[4]:23
[5]:8
[6]:2
[7]:2

t1_region>
[2]:345603
[3]:31563
[4]:792
[5]:267
[6]:111
[7]:35
[8]:20
[9]:12
[10]:2
[11]:1
[13]:1

t2_region>
[97]:6380
[98]:353220
[99]:17334
[100]:830
[101]:360
[102]:150
[103]:81
[104]:31
[105]:17
[106]:10
[107]:1
[108]:3

t0_min: 1.04 us, round:124
t0_max: 7.21 us, round:329913
t0_jitter: 6.17 us

t1_min: 2.63 us, round:13
t1_max: 13.17 us, round:354232
t1_jitter: 10.54 us

t2_min: 97.13 us, round:2155
t2_max: 108.83 us, round:354232
t2_jitter: 11.71 us

PMU diff samples: 378449
AVG DIFF LL_CACHE_RD: 4.29
AVG DIFF LL_CACHE_MISS_RD: 0.05
AVG DIFF L2D_CACHE_REFILL: 0.05
AVG DIFF L2D_CACHE_INVAL: 0.00
[cur diff] DIFF LL_CACHE_RD: 9, DIFF LL_CACHE_MISS_RD: 0, MISS_RATE: 0.00%
[cur diff] DIFF L2D_CACHE_REFILL: 0
[cur diff] DIFF L2D_CACHE_INVAL: 0
[max diff] DIFF LL_CACHE_RD: 7, DIFF LL_CACHE_MISS_RD: 5, MISS_RATE: 71.43%
[max diff] DIFF L2D_CACHE_REFILL: 5
[max diff] DIFF L2D_CACHE_INVAL: 0

===========================================================
taskpendcnt:380488
t0:1208 ns
t1:3083 ns
t2:98875 ns
benchmark: Franka-derived Cartesian-impedance kernel, input trace:8, timer period:1.000 ms
controller source: franka_ros2 jazzy@73a1501d, updates:380510, SVD sweeps:5
pose error:[0.010000 0.015000 0.010000 -0.000000 0.049979 -0.000000]
tau[0:6]:[-2.379368 -1.292411 -1.655224 -1.570015 -1.185234 -0.066588 -0.610247]
kernel exec min/avg/max: 94.21 / 95.57 / 102.08 us, samples:380520
pressure status:0, copy rounds total/window:0/0, 0.00 rounds/s
pressure logical copy:0.00 MiB total, approx 0.00 MiB/s, checksum:0
pressure report window:2.141415 s
t0_region>
[1]:379808
[2]:607
[3]:92
[4]:23
[5]:8
[6]:2
[7]:2

t1_region>
[2]:347583
[3]:31725
[4]:792
[5]:267
[6]:111
[7]:35
[8]:20
[9]:12
[10]:2
[11]:1
[13]:1

t2_region>
[97]:6380
[98]:355293
[99]:17403
[100]:831
[101]:360
[102]:150
[103]:81
[104]:31
[105]:17
[106]:10
[107]:1
[108]:3

t0_min: 1.04 us, round:124
t0_max: 7.21 us, round:329913
t0_jitter: 6.17 us

t1_min: 2.63 us, round:13
t1_max: 13.17 us, round:354232
t1_jitter: 10.54 us

t2_min: 97.13 us, round:2155
t2_max: 108.83 us, round:354232
t2_jitter: 11.71 us

PMU diff samples: 380590
AVG DIFF LL_CACHE_RD: 4.29
AVG DIFF LL_CACHE_MISS_RD: 0.05
AVG DIFF L2D_CACHE_REFILL: 0.05
AVG DIFF L2D_CACHE_INVAL: 0.00
[cur diff] DIFF LL_CACHE_RD: 22, DIFF LL_CACHE_MISS_RD: 0, MISS_RATE: 0.00%
[cur diff] DIFF L2D_CACHE_REFILL: 0
[cur diff] DIFF L2D_CACHE_INVAL: 0
[max diff] DIFF LL_CACHE_RD: 7, DIFF LL_CACHE_MISS_RD: 5, MISS_RATE: 71.43%
[max diff] DIFF L2D_CACHE_REFILL: 5
[max diff] DIFF L2D_CACHE_INVAL: 0

===========================================================
taskpendcnt:382629
t0:1208 ns
t1:3083 ns
t2:98875 ns
benchmark: Franka-derived Cartesian-impedance kernel, input trace:8, timer period:1.000 ms
controller source: franka_ros2 jazzy@73a1501d, updates:382652, SVD sweeps:5
pose error:[0.010000 0.015000 0.010000 -0.000000 0.049979 -0.000000]
tau[0:6]:[-0.567483 -0.552304 -0.482512 -0.231067 -0.297494 -0.656094 -0.085004]
kernel exec min/avg/max: 94.21 / 95.57 / 102.08 us, samples:382662
pressure status:0, copy rounds total/window:0/0, 0.00 rounds/s
pressure logical copy:0.00 MiB total, approx 0.00 MiB/s, checksum:0
pressure report window:2.141896 s
t0_region>
[1]:381949
[2]:607
[3]:92
[4]:23
[5]:8
[6]:2
[7]:2

t1_region>
[2]:349559
[3]:31891
[4]:792
[5]:267
[6]:111
[7]:35
[8]:20
[9]:12
[10]:2
[11]:1
[13]:1

t2_region>
[97]:6380
[98]:357332
[99]:17504
[100]:831
[101]:360
[102]:150
[103]:81
[104]:31
[105]:17
[106]:10
[107]:1
[108]:3

t0_min: 1.04 us, round:124
t0_max: 7.21 us, round:329913
t0_jitter: 6.17 us

t1_min: 2.63 us, round:13
t1_max: 13.17 us, round:354232
t1_jitter: 10.54 us

t2_min: 97.13 us, round:2155
t2_max: 108.83 us, round:354232
t2_jitter: 11.71 us

PMU diff samples: 382732
AVG DIFF LL_CACHE_RD: 4.29
AVG DIFF LL_CACHE_MISS_RD: 0.05
AVG DIFF L2D_CACHE_REFILL: 0.05
AVG DIFF L2D_CACHE_INVAL: 0.00
[cur diff] DIFF LL_CACHE_RD: 12, DIFF LL_CACHE_MISS_RD: 0, MISS_RATE: 0.00%
[cur diff] DIFF L2D_CACHE_REFILL: 0
[cur diff] DIFF L2D_CACHE_INVAL: 0
[max diff] DIFF LL_CACHE_RD: 7, DIFF LL_CACHE_MISS_RD: 5, MISS_RATE: 71.43%
[max diff] DIFF L2D_CACHE_REFILL: 5
[max diff] DIFF L2D_CACHE_INVAL: 0

===========================================================
taskpendcnt:384771
t0:1208 ns
t1:3375 ns
t2:98583 ns
benchmark: Franka-derived Cartesian-impedance kernel, input trace:8, timer period:1.000 ms
controller source: franka_ros2 jazzy@73a1501d, updates:384794, SVD sweeps:5
pose error:[0.010000 0.015000 0.010000 -0.000000 0.049979 -0.000000]
tau[0:6]:[1.228026 0.081850 0.819520 0.875435 0.745706 -0.833381 0.398995]
kernel exec min/avg/max: 94.21 / 95.57 / 102.08 us, samples:384803
pressure status:0, copy rounds total/window:0/0, 0.00 rounds/s
pressure logical copy:0.00 MiB total, approx 0.00 MiB/s, checksum:0
pressure report window:2.141391 s
t0_region>
[1]:384083
[2]:614
[3]:92
[4]:24
[5]:8
[6]:2
[7]:2

t1_region>
[2]:351485
[3]:32091
[4]:803
[5]:267
[6]:113
[7]:36
[8]:21
[9]:12
[10]:2
[11]:1
[13]:1

t2_region>
[97]:6380
[98]:359259
[99]:17699
[100]:844
[101]:362
[102]:152
[103]:82
[104]:33
[105]:17
[106]:10
[107]:1
[108]:3

t0_min: 1.04 us, round:124
t0_max: 7.21 us, round:329913
t0_jitter: 6.17 us

t1_min: 2.63 us, round:13
t1_max: 13.17 us, round:354232
t1_jitter: 10.54 us

t2_min: 97.13 us, round:2155
t2_max: 108.83 us, round:354232
t2_jitter: 11.71 us

PMU diff samples: 384873
AVG DIFF LL_CACHE_RD: 4.29
AVG DIFF LL_CACHE_MISS_RD: 0.05
AVG DIFF L2D_CACHE_REFILL: 0.05
AVG DIFF L2D_CACHE_INVAL: 0.00
[cur diff] DIFF LL_CACHE_RD: 20, DIFF LL_CACHE_MISS_RD: 0, MISS_RATE: 0.00%
[cur diff] DIFF L2D_CACHE_REFILL: 0
[cur diff] DIFF L2D_CACHE_INVAL: 0
[max diff] DIFF LL_CACHE_RD: 7, DIFF LL_CACHE_MISS_RD: 5, MISS_RATE: 71.43%
[max diff] DIFF L2D_CACHE_REFILL: 5
[max diff] DIFF L2D_CACHE_INVAL: 0

===========================================================
taskpendcnt:386913
t0:1208 ns
t1:3083 ns
t2:99166 ns
benchmark: Franka-derived Cartesian-impedance kernel, input trace:8, timer period:1.000 ms
controller source: franka_ros2 jazzy@73a1501d, updates:386936, SVD sweeps:5
pose error:[0.010000 0.015000 0.010000 -0.000000 0.049979 -0.000000]
tau[0:6]:[-0.274004 -0.324180 0.001577 -0.231466 0.050986 -0.328952 0.010844]
kernel exec min/avg/max: 94.21 / 95.57 / 102.08 us, samples:386945
pressure status:0, copy rounds total/window:0/0, 0.00 rounds/s
pressure logical copy:0.00 MiB total, approx 0.00 MiB/s, checksum:0
pressure report window:2.142169 s
t0_region>
[1]:386224
[2]:615
[3]:92
[4]:24
[5]:8
[6]:2
[7]:2

t1_region>
[2]:353445
[3]:32263
[4]:811
[5]:269
[6]:113
[7]:36
[8]:21
[9]:12
[10]:2
[11]:1
[13]:1

t2_region>
[97]:6380
[98]:361253
[99]:17836
[100]:853
[101]:363
[102]:152
[103]:83
[104]:33
[105]:17
[106]:10
[107]:1
[108]:3

t0_min: 1.04 us, round:124
t0_max: 7.21 us, round:329913
t0_jitter: 6.17 us

t1_min: 2.63 us, round:13
t1_max: 13.17 us, round:354232
t1_jitter: 10.54 us

t2_min: 97.13 us, round:2155
t2_max: 108.83 us, round:354232
t2_jitter: 11.71 us

PMU diff samples: 387015
AVG DIFF LL_CACHE_RD: 4.29
AVG DIFF LL_CACHE_MISS_RD: 0.05
AVG DIFF L2D_CACHE_REFILL: 0.05
AVG DIFF L2D_CACHE_INVAL: 0.00
[cur diff] DIFF LL_CACHE_RD: 8, DIFF LL_CACHE_MISS_RD: 0, MISS_RATE: 0.00%
[cur diff] DIFF L2D_CACHE_REFILL: 0
[cur diff] DIFF L2D_CACHE_INVAL: 0
[max diff] DIFF LL_CACHE_RD: 7, DIFF LL_CACHE_MISS_RD: 5, MISS_RATE: 71.43%
[max diff] DIFF L2D_CACHE_REFILL: 5
[max diff] DIFF L2D_CACHE_INVAL: 0

===========================================================
taskpendcnt:389055
t0:1500 ns
t1:3083 ns
t2:98875 ns
benchmark: Franka-derived Cartesian-impedance kernel, input trace:8, timer period:1.000 ms
controller source: franka_ros2 jazzy@73a1501d, updates:389078, SVD sweeps:5
pose error:[0.010000 0.015000 0.010000 -0.000000 0.049979 -0.000000]
tau[0:6]:[-2.379368 -1.292411 -1.655224 -1.570015 -1.185234 -0.066588 -0.610247]
kernel exec min/avg/max: 94.21 / 95.58 / 102.08 us, samples:389088
pressure status:0, copy rounds total/window:0/0, 0.00 rounds/s
pressure logical copy:0.00 MiB total, approx 0.00 MiB/s, checksum:0
pressure report window:2.142244 s
t0_region>
[1]:388360
[2]:621
[3]:92
[4]:24
[5]:8
[6]:2
[7]:2

t1_region>
[2]:355385
[3]:32456
[4]:818
[5]:269
[6]:115
[7]:36
[8]:21
[9]:12
[10]:2
[11]:1
[13]:1

t2_region>
[97]:6380
[98]:363194
[99]:18026
[100]:860
[101]:365
[102]:153
[103]:84
[104]:33
[105]:17
[106]:10
[107]:1
[108]:3

t0_min: 1.04 us, round:124
t0_max: 7.21 us, round:329913
t0_jitter: 6.17 us

t1_min: 2.63 us, round:13
t1_max: 13.17 us, round:354232
t1_jitter: 10.54 us

t2_min: 97.13 us, round:2155
t2_max: 108.83 us, round:354232
t2_jitter: 11.71 us

PMU diff samples: 389158
AVG DIFF LL_CACHE_RD: 4.29
AVG DIFF LL_CACHE_MISS_RD: 0.05
AVG DIFF L2D_CACHE_REFILL: 0.05
AVG DIFF L2D_CACHE_INVAL: 0.00
[cur diff] DIFF LL_CACHE_RD: 10, DIFF LL_CACHE_MISS_RD: 0, MISS_RATE: 0.00%
[cur diff] DIFF L2D_CACHE_REFILL: 0
[cur diff] DIFF L2D_CACHE_INVAL: 0
[max diff] DIFF LL_CACHE_RD: 7, DIFF LL_CACHE_MISS_RD: 5, MISS_RATE: 71.43%
[max diff] DIFF L2D_CACHE_REFILL: 5
[max diff] DIFF L2D_CACHE_INVAL: 0

===========================================================
taskpendcnt:391197
t0:1500 ns
t1:3083 ns
t2:98875 ns
benchmark: Franka-derived Cartesian-impedance kernel, input trace:8, timer period:1.000 ms
controller source: franka_ros2 jazzy@73a1501d, updates:391220, SVD sweeps:5
pose error:[0.010000 0.015000 0.010000 -0.000000 0.049979 -0.000000]
tau[0:6]:[1.376914 -0.104433 0.790225 0.843903 0.642107 -0.956178 0.423547]
kernel exec min/avg/max: 94.21 / 95.58 / 102.08 us, samples:391229
pressure status:0, copy rounds total/window:0/0, 0.00 rounds/s
pressure logical copy:0.00 MiB total, approx 0.00 MiB/s, checksum:0
pressure report window:2.141400 s
t0_region>
[1]:390502
[2]:621
[3]:92
[4]:24
[5]:8
[6]:2
[7]:2

t1_region>
[2]:357369
[3]:32613
[4]:819
[5]:269
[6]:115
[7]:36
[8]:21
[9]:12
[10]:2
[11]:1
[13]:1

t2_region>
[97]:6380
[98]:365205
[99]:18156
[100]:860
[101]:365
[102]:153
[103]:84
[104]:33
[105]:17
[106]:10
[107]:1
[108]:3

t0_min: 1.04 us, round:124
t0_max: 7.21 us, round:329913
t0_jitter: 6.17 us

t1_min: 2.63 us, round:13
t1_max: 13.17 us, round:354232
t1_jitter: 10.54 us

t2_min: 97.13 us, round:2155
t2_max: 108.83 us, round:354232
t2_jitter: 11.71 us

PMU diff samples: 391299
AVG DIFF LL_CACHE_RD: 4.29
AVG DIFF LL_CACHE_MISS_RD: 0.05
AVG DIFF L2D_CACHE_REFILL: 0.05
AVG DIFF L2D_CACHE_INVAL: 0.00
[cur diff] DIFF LL_CACHE_RD: 8, DIFF LL_CACHE_MISS_RD: 0, MISS_RATE: 0.00%
[cur diff] DIFF L2D_CACHE_REFILL: 0
[cur diff] DIFF L2D_CACHE_INVAL: 0
[max diff] DIFF LL_CACHE_RD: 7, DIFF LL_CACHE_MISS_RD: 5, MISS_RATE: 71.43%
[max diff] DIFF L2D_CACHE_REFILL: 5
[max diff] DIFF L2D_CACHE_INVAL: 0

===========================================================
taskpendcnt:393339
t0:1375 ns
t1:3250 ns
t2:98750 ns
benchmark: Franka-derived Cartesian-impedance kernel, input trace:8, timer period:1.000 ms
controller source: franka_ros2 jazzy@73a1501d, updates:393362, SVD sweeps:5
pose error:[0.010000 0.015000 0.010000 -0.000000 0.049979 -0.000000]
tau[0:6]:[0.839771 0.130674 0.617691 0.624912 0.653099 -0.592692 0.265887]
kernel exec min/avg/max: 94.21 / 95.58 / 102.08 us, samples:393371
pressure status:0, copy rounds total/window:0/0, 0.00 rounds/s
pressure logical copy:0.00 MiB total, approx 0.00 MiB/s, checksum:0
pressure report window:2.141819 s
t0_region>
[1]:392643
[2]:621
[3]:92
[4]:24
[5]:8
[6]:2
[7]:2

t1_region>
[2]:359338
[3]:32786
[4]:819
[5]:269
[6]:115
[7]:36
[8]:21
[9]:12
[10]:2
[11]:1
[13]:1

t2_region>
[97]:6380
[98]:367243
[99]:18260
[100]:860
[101]:365
[102]:153
[103]:84
[104]:33
[105]:17
[106]:10
[107]:1
[108]:3

t0_min: 1.04 us, round:124
t0_max: 7.21 us, round:329913
t0_jitter: 6.17 us

t1_min: 2.63 us, round:13
t1_max: 13.17 us, round:354232
t1_jitter: 10.54 us

t2_min: 97.13 us, round:2155
t2_max: 108.83 us, round:354232
t2_jitter: 11.71 us

PMU diff samples: 393441
AVG DIFF LL_CACHE_RD: 4.29
AVG DIFF LL_CACHE_MISS_RD: 0.05
AVG DIFF L2D_CACHE_REFILL: 0.05
AVG DIFF L2D_CACHE_INVAL: 0.00
[cur diff] DIFF LL_CACHE_RD: 14, DIFF LL_CACHE_MISS_RD: 0, MISS_RATE: 0.00%
[cur diff] DIFF L2D_CACHE_REFILL: 0
[cur diff] DIFF L2D_CACHE_INVAL: 0
[max diff] DIFF LL_CACHE_RD: 7, DIFF LL_CACHE_MISS_RD: 5, MISS_RATE: 71.43%
[max diff] DIFF L2D_CACHE_REFILL: 5
[max diff] DIFF L2D_CACHE_INVAL: 0

===========================================================
taskpendcnt:395481
t0:1666 ns
t1:3250 ns
t2:98750 ns
benchmark: Franka-derived Cartesian-impedance kernel, input trace:8, timer period:1.000 ms
controller source: franka_ros2 jazzy@73a1501d, updates:395504, SVD sweeps:5
pose error:[0.010000 0.015000 0.010000 -0.000000 0.049979 -0.000000]
tau[0:6]:[-1.839419 -0.921560 -1.193198 -1.195971 -0.861243 0.113634 -0.461388]
kernel exec min/avg/max: 94.21 / 95.58 / 102.08 us, samples:395513
pressure status:0, copy rounds total/window:0/0, 0.00 rounds/s
pressure logical copy:0.00 MiB total, approx 0.00 MiB/s, checksum:0
pressure report window:2.142339 s
t0_region>
[1]:394786
[2]:621
[3]:92
[4]:24
[5]:8
[6]:2
[7]:2

t1_region>
[2]:361316
[3]:32950
[4]:819
[5]:269
[6]:115
[7]:36
[8]:21
[9]:12
[10]:2
[11]:1
[13]:1

t2_region>
[97]:6380
[98]:369281
[99]:18365
[100]:860
[101]:365
[102]:153
[103]:84
[104]:33
[105]:17
[106]:10
[107]:1
[108]:3

t0_min: 1.04 us, round:124
t0_max: 7.21 us, round:329913
t0_jitter: 6.17 us

t1_min: 2.63 us, round:13
t1_max: 13.17 us, round:354232
t1_jitter: 10.54 us

t2_min: 97.13 us, round:2155
t2_max: 108.83 us, round:354232
t2_jitter: 11.71 us

PMU diff samples: 395583
AVG DIFF LL_CACHE_RD: 4.29
AVG DIFF LL_CACHE_MISS_RD: 0.05
AVG DIFF L2D_CACHE_REFILL: 0.05
AVG DIFF L2D_CACHE_INVAL: 0.00
[cur diff] DIFF LL_CACHE_RD: 17, DIFF LL_CACHE_MISS_RD: 0, MISS_RATE: 0.00%
[cur diff] DIFF L2D_CACHE_REFILL: 0
[cur diff] DIFF L2D_CACHE_INVAL: 0
[max diff] DIFF LL_CACHE_RD: 7, DIFF LL_CACHE_MISS_RD: 5, MISS_RATE: 71.43%
[max diff] DIFF L2D_CACHE_REFILL: 5
[max diff] DIFF L2D_CACHE_INVAL: 0

===========================================================
taskpendcnt:397623
t0:1375 ns
t1:2958 ns
t2:98750 ns
benchmark: Franka-derived Cartesian-impedance kernel, input trace:8, timer period:1.000 ms
controller source: franka_ros2 jazzy@73a1501d, updates:397645, SVD sweeps:5
pose error:[0.010000 0.015000 0.010000 -0.000000 0.049979 -0.000000]
tau[0:6]:[-2.781770 -1.613002 -1.930139 -1.581803 -1.382951 -0.390599 -0.663394]
kernel exec min/avg/max: 94.21 / 95.58 / 102.08 us, samples:397655
pressure status:0, copy rounds total/window:0/0, 0.00 rounds/s
pressure logical copy:0.00 MiB total, approx 0.00 MiB/s, checksum:0
pressure report window:2.141994 s
t0_region>
[1]:396922
[2]:625
[3]:94
[4]:24
[5]:8
[6]:2
[7]:2

t1_region>
[2]:363275
[3]:33123
[4]:825
[5]:271
[6]:117
[7]:37
[8]:21
[9]:12
[10]:2
[11]:1
[13]:1

t2_region>
[97]:6380
[98]:371257
[99]:18519
[100]:868
[101]:366
[102]:156
[103]:85
[104]:33
[105]:17
[106]:10
[107]:1
[108]:3

t0_min: 1.04 us, round:124
t0_max: 7.21 us, round:329913
t0_jitter: 6.17 us

t1_min: 2.63 us, round:13
t1_max: 13.17 us, round:354232
t1_jitter: 10.54 us

t2_min: 97.13 us, round:2155
t2_max: 108.83 us, round:354232
t2_jitter: 11.71 us

PMU diff samples: 397725
AVG DIFF LL_CACHE_RD: 4.29
AVG DIFF LL_CACHE_MISS_RD: 0.05
AVG DIFF L2D_CACHE_REFILL: 0.05
AVG DIFF L2D_CACHE_INVAL: 0.00
[cur diff] DIFF LL_CACHE_RD: 18, DIFF LL_CACHE_MISS_RD: 1, MISS_RATE: 5.56%
[cur diff] DIFF L2D_CACHE_REFILL: 1
[cur diff] DIFF L2D_CACHE_INVAL: 0
[max diff] DIFF LL_CACHE_RD: 7, DIFF LL_CACHE_MISS_RD: 5, MISS_RATE: 71.43%
[max diff] DIFF L2D_CACHE_REFILL: 5
[max diff] DIFF L2D_CACHE_INVAL: 0

===========================================================
taskpendcnt:399765
t0:1375 ns
t1:2958 ns
t2:98750 ns
benchmark: Franka-derived Cartesian-impedance kernel, input trace:8, timer period:1.000 ms
controller source: franka_ros2 jazzy@73a1501d, updates:399787, SVD sweeps:5
pose error:[0.010000 0.015000 0.010000 -0.000000 0.049979 -0.000000]
tau[0:6]:[1.376914 -0.104433 0.790225 0.843903 0.642107 -0.956178 0.423547]
kernel exec min/avg/max: 94.21 / 95.58 / 102.08 us, samples:399797
pressure status:0, copy rounds total/window:0/0, 0.00 rounds/s
pressure logical copy:0.00 MiB total, approx 0.00 MiB/s, checksum:0
pressure report window:2.141478 s
t0_region>
[1]:399061
[2]:626
[3]:95
[4]:24
[5]:8
[6]:2
[7]:2

t1_region>
[2]:365238
[3]:33295
[4]:830
[5]:272
[6]:117
[7]:37
[8]:21
[9]:12
[10]:2
[11]:1
[13]:1

t2_region>
[97]:6380
[98]:373244
[99]:18666
[100]:871
[101]:368
[102]:157
[103]:85
[104]:33
[105]:17
[106]:10
[107]:1
[108]:3

t0_min: 1.04 us, round:124
t0_max: 7.21 us, round:329913
t0_jitter: 6.17 us

t1_min: 2.63 us, round:13
t1_max: 13.17 us, round:354232
t1_jitter: 10.54 us

t2_min: 97.13 us, round:2155
t2_max: 108.83 us, round:354232
t2_jitter: 11.71 us

PMU diff samples: 399867
AVG DIFF LL_CACHE_RD: 4.29
AVG DIFF LL_CACHE_MISS_RD: 0.05
AVG DIFF L2D_CACHE_REFILL: 0.05
AVG DIFF L2D_CACHE_INVAL: 0.00
[cur diff] DIFF LL_CACHE_RD: 13, DIFF LL_CACHE_MISS_RD: 0, MISS_RATE: 0.00%
[cur diff] DIFF L2D_CACHE_REFILL: 0
[cur diff] DIFF L2D_CACHE_INVAL: 0
[max diff] DIFF LL_CACHE_RD: 7, DIFF LL_CACHE_MISS_RD: 5, MISS_RATE: 71.43%
[max diff] DIFF L2D_CACHE_REFILL: 5
[max diff] DIFF L2D_CACHE_INVAL: 0

===========================================================
taskpendcnt:401907
t0:1666 ns
t1:3250 ns
t2:99625 ns
benchmark: Franka-derived Cartesian-impedance kernel, input trace:8, timer period:1.000 ms
controller source: franka_ros2 jazzy@73a1501d, updates:401929, SVD sweeps:5
pose error:[0.010000 0.015000 0.010000 -0.000000 0.049979 -0.000000]
tau[0:6]:[0.839771 0.130674 0.617691 0.624912 0.653099 -0.592692 0.265887]
kernel exec min/avg/max: 94.21 / 95.58 / 102.08 us, samples:401939
pressure status:0, copy rounds total/window:0/0, 0.00 rounds/s
pressure logical copy:0.00 MiB total, approx 0.00 MiB/s, checksum:0
pressure report window:2.141857 s
t0_region>
[1]:401198
[2]:630
[3]:96
[4]:24
[5]:8
[6]:2
[7]:2

t1_region>
[2]:367172
[3]:33493
[4]:836
[5]:273
[6]:119
[7]:37
[8]:21
[9]:12
[10]:2
[11]:1
[13]:1

t2_region>
[97]:6380
[98]:375137
[99]:18899
[100]:883
[101]:371
[102]:159
[103]:85
[104]:33
[105]:17
[106]:10
[107]:1
[108]:3

t0_min: 1.04 us, round:124
t0_max: 7.21 us, round:329913
t0_jitter: 6.17 us

t1_min: 2.63 us, round:13
t1_max: 13.17 us, round:354232
t1_jitter: 10.54 us

t2_min: 97.13 us, round:2155
t2_max: 108.83 us, round:354232
t2_jitter: 11.71 us

PMU diff samples: 402009
AVG DIFF LL_CACHE_RD: 4.29
AVG DIFF LL_CACHE_MISS_RD: 0.05
AVG DIFF L2D_CACHE_REFILL: 0.05
AVG DIFF L2D_CACHE_INVAL: 0.00
[cur diff] DIFF LL_CACHE_RD: 6, DIFF LL_CACHE_MISS_RD: 0, MISS_RATE: 0.00%
[cur diff] DIFF L2D_CACHE_REFILL: 0
[cur diff] DIFF L2D_CACHE_INVAL: 0
[max diff] DIFF LL_CACHE_RD: 7, DIFF LL_CACHE_MISS_RD: 5, MISS_RATE: 71.43%
[max diff] DIFF L2D_CACHE_REFILL: 5
[max diff] DIFF L2D_CACHE_INVAL: 0

===========================================================
taskpendcnt:404048
t0:1541 ns
t1:2833 ns
t2:98625 ns
benchmark: Franka-derived Cartesian-impedance kernel, input trace:8, timer period:1.000 ms
controller source: franka_ros2 jazzy@73a1501d, updates:404070, SVD sweeps:5
pose error:[0.010000 0.015000 0.010000 -0.000000 0.049979 -0.000000]
tau[0:6]:[-2.379368 -1.292411 -1.655224 -1.570015 -1.185234 -0.066588 -0.610247]
kernel exec min/avg/max: 94.21 / 95.58 / 102.08 us, samples:404080
pressure status:0, copy rounds total/window:0/0, 0.00 rounds/s
pressure logical copy:0.00 MiB total, approx 0.00 MiB/s, checksum:0
pressure report window:2.141380 s
t0_region>
[1]:403331
[2]:637
[3]:97
[4]:24
[5]:8
[6]:2
[7]:2

t1_region>
[2]:369104
[3]:33692
[4]:844
[5]:276
[6]:119
[7]:37
[8]:21
[9]:12
[10]:2
[11]:1
[13]:1

t2_region>
[97]:6380
[98]:377225
[99]:18940
[100]:890
[101]:374
[102]:160
[103]:85
[104]:33
[105]:17
[106]:10
[107]:1
[108]:3

t0_min: 1.04 us, round:124
t0_max: 7.21 us, round:329913
t0_jitter: 6.17 us

t1_min: 2.63 us, round:13
t1_max: 13.17 us, round:354232
t1_jitter: 10.54 us

t2_min: 97.13 us, round:2155
t2_max: 108.83 us, round:354232
t2_jitter: 11.71 us

PMU diff samples: 404150
AVG DIFF LL_CACHE_RD: 4.29
AVG DIFF LL_CACHE_MISS_RD: 0.05
AVG DIFF L2D_CACHE_REFILL: 0.05
AVG DIFF L2D_CACHE_INVAL: 0.00
[cur diff] DIFF LL_CACHE_RD: 19, DIFF LL_CACHE_MISS_RD: 0, MISS_RATE: 0.00%
[cur diff] DIFF L2D_CACHE_REFILL: 0
[cur diff] DIFF L2D_CACHE_INVAL: 0
[max diff] DIFF LL_CACHE_RD: 7, DIFF LL_CACHE_MISS_RD: 5, MISS_RATE: 71.43%
[max diff] DIFF L2D_CACHE_REFILL: 5
[max diff] DIFF L2D_CACHE_INVAL: 0

===========================================================
taskpendcnt:406189
t0:1250 ns
t1:3125 ns
t2:98625 ns
benchmark: Franka-derived Cartesian-impedance kernel, input trace:8, timer period:1.000 ms
controller source: franka_ros2 jazzy@73a1501d, updates:406212, SVD sweeps:5
pose error:[0.010000 0.015000 0.010000 -0.000000 0.049979 -0.000000]
tau[0:6]:[-0.567483 -0.552304 -0.482512 -0.231067 -0.297494 -0.656094 -0.085004]
kernel exec min/avg/max: 94.21 / 95.58 / 102.08 us, samples:406222
pressure status:0, copy rounds total/window:0/0, 0.00 rounds/s
pressure logical copy:0.00 MiB total, approx 0.00 MiB/s, checksum:0
pressure report window:2.141899 s
t0_region>
[1]:405473
[2]:637
[3]:97
[4]:24
[5]:8
[6]:2
[7]:2

t1_region>
[2]:371061
[3]:33876
[4]:845
[5]:276
[6]:119
[7]:37
[8]:21
[9]:12
[10]:2
[11]:1
[13]:1

t2_region>
[97]:6380
[98]:379233
[99]:19074
[100]:890
[101]:374
[102]:160
[103]:85
[104]:33
[105]:17
[106]:10
[107]:1
[108]:3

t0_min: 1.04 us, round:124
t0_max: 7.21 us, round:329913
t0_jitter: 6.17 us

t1_min: 2.63 us, round:13
t1_max: 13.17 us, round:354232
t1_jitter: 10.54 us

t2_min: 97.13 us, round:2155
t2_max: 108.83 us, round:354232
t2_jitter: 11.71 us

PMU diff samples: 406292
AVG DIFF LL_CACHE_RD: 4.29
AVG DIFF LL_CACHE_MISS_RD: 0.05
AVG DIFF L2D_CACHE_REFILL: 0.05
AVG DIFF L2D_CACHE_INVAL: 0.00
[cur diff] DIFF LL_CACHE_RD: 14, DIFF LL_CACHE_MISS_RD: 0, MISS_RATE: 0.00%
[cur diff] DIFF L2D_CACHE_REFILL: 0
[cur diff] DIFF L2D_CACHE_INVAL: 0
[max diff] DIFF LL_CACHE_RD: 7, DIFF LL_CACHE_MISS_RD: 5, MISS_RATE: 71.43%
[max diff] DIFF L2D_CACHE_REFILL: 5
[max diff] DIFF L2D_CACHE_INVAL: 0

===========================================================
taskpendcnt:408331
t0:1250 ns
t1:3125 ns
t2:98916 ns
benchmark: Franka-derived Cartesian-impedance kernel, input trace:8, timer period:1.000 ms
controller source: franka_ros2 jazzy@73a1501d, updates:408354, SVD sweeps:5
pose error:[0.010000 0.015000 0.010000 -0.000000 0.049979 -0.000000]
tau[0:6]:[1.228026 0.081850 0.819520 0.875435 0.745706 -0.833381 0.398995]
kernel exec min/avg/max: 94.21 / 95.58 / 102.08 us, samples:408363
pressure status:0, copy rounds total/window:0/0, 0.00 rounds/s
pressure logical copy:0.00 MiB total, approx 0.00 MiB/s, checksum:0
pressure report window:2.141387 s
t0_region>
[1]:407615
[2]:637
[3]:97
[4]:24
[5]:8
[6]:2
[7]:2

t1_region>
[2]:373046
[3]:34032
[4]:845
[5]:276
[6]:119
[7]:37
[8]:21
[9]:12
[10]:2
[11]:1
[13]:1

t2_region>
[97]:6380
[98]:381287
[99]:19162
[100]:890
[101]:374
[102]:160
[103]:85
[104]:33
[105]:17
[106]:10
[107]:1
[108]:3

t0_min: 1.04 us, round:124
t0_max: 7.21 us, round:329913
t0_jitter: 6.17 us

t1_min: 2.63 us, round:13
t1_max: 13.17 us, round:354232
t1_jitter: 10.54 us

t2_min: 97.13 us, round:2155
t2_max: 108.83 us, round:354232
t2_jitter: 11.71 us

PMU diff samples: 408433
AVG DIFF LL_CACHE_RD: 4.29
AVG DIFF LL_CACHE_MISS_RD: 0.05
AVG DIFF L2D_CACHE_REFILL: 0.05
AVG DIFF L2D_CACHE_INVAL: 0.00
[cur diff] DIFF LL_CACHE_RD: 25, DIFF LL_CACHE_MISS_RD: 0, MISS_RATE: 0.00%
[cur diff] DIFF L2D_CACHE_REFILL: 0
[cur diff] DIFF L2D_CACHE_INVAL: 0
[max diff] DIFF LL_CACHE_RD: 7, DIFF LL_CACHE_MISS_RD: 5, MISS_RATE: 71.43%
[max diff] DIFF L2D_CACHE_REFILL: 5
[max diff] DIFF L2D_CACHE_INVAL: 0

===========================================================
taskpendcnt:410473
t0:1541 ns
t1:2833 ns
t2:98625 ns
benchmark: Franka-derived Cartesian-impedance kernel, input trace:8, timer period:1.000 ms
controller source: franka_ros2 jazzy@73a1501d, updates:410496, SVD sweeps:5
pose error:[0.010000 0.015000 0.010000 -0.000000 0.049979 -0.000000]
tau[0:6]:[-0.274004 -0.324180 0.001577 -0.231466 0.050986 -0.328952 0.010844]
kernel exec min/avg/max: 94.21 / 95.58 / 102.08 us, samples:410505
pressure status:0, copy rounds total/window:0/0, 0.00 rounds/s
pressure logical copy:0.00 MiB total, approx 0.00 MiB/s, checksum:0
pressure report window:2.142168 s
t0_region>
[1]:409757
[2]:637
[3]:97
[4]:24
[5]:8
[6]:2
[7]:2

t1_region>
[2]:375011
[3]:34209
[4]:845
[5]:276
[6]:119
[7]:37
[8]:21
[9]:12
[10]:2
[11]:1
[13]:1

t2_region>
[97]:6380
[98]:383326
[99]:19265
[100]:890
[101]:374
[102]:160
[103]:85
[104]:33
[105]:17
[106]:10
[107]:1
[108]:3

t0_min: 1.04 us, round:124
t0_max: 7.21 us, round:329913
t0_jitter: 6.17 us

t1_min: 2.63 us, round:13
t1_max: 13.17 us, round:354232
t1_jitter: 10.54 us

t2_min: 97.13 us, round:2155
t2_max: 108.83 us, round:354232
t2_jitter: 11.71 us

PMU diff samples: 410575
AVG DIFF LL_CACHE_RD: 4.29
AVG DIFF LL_CACHE_MISS_RD: 0.05
AVG DIFF L2D_CACHE_REFILL: 0.05
AVG DIFF L2D_CACHE_INVAL: 0.00
[cur diff] DIFF LL_CACHE_RD: 11, DIFF LL_CACHE_MISS_RD: 0, MISS_RATE: 0.00%
[cur diff] DIFF L2D_CACHE_REFILL: 0
[cur diff] DIFF L2D_CACHE_INVAL: 0
[max diff] DIFF LL_CACHE_RD: 7, DIFF LL_CACHE_MISS_RD: 5, MISS_RATE: 71.43%
[max diff] DIFF L2D_CACHE_REFILL: 5
[max diff] DIFF L2D_CACHE_INVAL: 0

===========================================================
taskpendcnt:412615
t0:1541 ns
t1:3125 ns
t2:99208 ns
benchmark: Franka-derived Cartesian-impedance kernel, input trace:8, timer period:1.000 ms
controller source: franka_ros2 jazzy@73a1501d, updates:412638, SVD sweeps:5
pose error:[0.010000 0.015000 0.010000 -0.000000 0.049979 -0.000000]
tau[0:6]:[-2.781770 -1.613002 -1.930139 -1.581803 -1.382951 -0.390599 -0.663394]
kernel exec min/avg/max: 94.21 / 95.58 / 102.08 us, samples:412648
pressure status:0, copy rounds total/window:0/0, 0.00 rounds/s
pressure logical copy:0.00 MiB total, approx 0.00 MiB/s, checksum:0
pressure report window:2.142169 s
t0_region>
[1]:411892
[2]:640
[3]:101
[4]:24
[5]:8
[6]:2
[7]:2

t1_region>
[2]:376926
[3]:34427
[4]:849
[5]:278
[6]:120
[7]:38
[8]:22
[9]:12
[10]:2
[11]:1
[13]:1

t2_region>
[97]:6380
[98]:385321
[99]:19400
[100]:895
[101]:377
[102]:162
[103]:86
[104]:34
[105]:17
[106]:10
[107]:1
[108]:3

t0_min: 1.04 us, round:124
t0_max: 7.21 us, round:329913
t0_jitter: 6.17 us

t1_min: 2.63 us, round:13
t1_max: 13.17 us, round:354232
t1_jitter: 10.54 us

t2_min: 97.13 us, round:2155
t2_max: 108.83 us, round:354232
t2_jitter: 11.71 us

PMU diff samples: 412718
AVG DIFF LL_CACHE_RD: 4.29
AVG DIFF LL_CACHE_MISS_RD: 0.05
AVG DIFF L2D_CACHE_REFILL: 0.05
AVG DIFF L2D_CACHE_INVAL: 0.00
[cur diff] DIFF LL_CACHE_RD: 12, DIFF LL_CACHE_MISS_RD: 0, MISS_RATE: 0.00%
[cur diff] DIFF L2D_CACHE_REFILL: 0
[cur diff] DIFF L2D_CACHE_INVAL: 0
[max diff] DIFF LL_CACHE_RD: 7, DIFF LL_CACHE_MISS_RD: 5, MISS_RATE: 71.43%
[max diff] DIFF L2D_CACHE_REFILL: 5
[max diff] DIFF L2D_CACHE_INVAL: 0

===========================================================
taskpendcnt:414757
t0:1416 ns
t1:3125 ns
t2:98625 ns
benchmark: Franka-derived Cartesian-impedance kernel, input trace:8, timer period:1.000 ms
controller source: franka_ros2 jazzy@73a1501d, updates:414780, SVD sweeps:5
pose error:[0.010000 0.015000 0.010000 -0.000000 0.049979 -0.000000]
tau[0:6]:[1.376914 -0.104433 0.790225 0.843903 0.642107 -0.956178 0.423547]
kernel exec min/avg/max: 94.21 / 95.58 / 102.08 us, samples:414789
pressure status:0, copy rounds total/window:0/0, 0.00 rounds/s
pressure logical copy:0.00 MiB total, approx 0.00 MiB/s, checksum:0
pressure report window:2.141472 s
t0_region>
[1]:414033
[2]:641
[3]:101
[4]:24
[5]:8
[6]:2
[7]:2

t1_region>
[2]:378912
[3]:34582
[4]:849
[5]:278
[6]:120
[7]:39
[8]:22
[9]:12
[10]:2
[11]:1
[13]:1

t2_region>
[97]:6380
[98]:387347
[99]:19515
[100]:895
[101]:377
[102]:162
[103]:86
[104]:35
[105]:17
[106]:10
[107]:1
[108]:3

t0_min: 1.04 us, round:124
t0_max: 7.21 us, round:329913
t0_jitter: 6.17 us

t1_min: 2.63 us, round:13
t1_max: 13.17 us, round:354232
t1_jitter: 10.54 us

t2_min: 97.13 us, round:2155
t2_max: 108.83 us, round:354232
t2_jitter: 11.71 us

PMU diff samples: 414859
AVG DIFF LL_CACHE_RD: 4.29
AVG DIFF LL_CACHE_MISS_RD: 0.05
AVG DIFF L2D_CACHE_REFILL: 0.05
AVG DIFF L2D_CACHE_INVAL: 0.00
[cur diff] DIFF LL_CACHE_RD: 9, DIFF LL_CACHE_MISS_RD: 0, MISS_RATE: 0.00%
[cur diff] DIFF L2D_CACHE_REFILL: 0
[cur diff] DIFF L2D_CACHE_INVAL: 0
[max diff] DIFF LL_CACHE_RD: 7, DIFF LL_CACHE_MISS_RD: 5, MISS_RATE: 71.43%
[max diff] DIFF L2D_CACHE_REFILL: 5
[max diff] DIFF L2D_CACHE_INVAL: 0

===========================================================
taskpendcnt:416899
t0:1708 ns
t1:3000 ns
t2:98791 ns
benchmark: Franka-derived Cartesian-impedance kernel, input trace:8, timer period:1.000 ms
controller source: franka_ros2 jazzy@73a1501d, updates:416922, SVD sweeps:5
pose error:[0.010000 0.015000 0.010000 -0.000000 0.049979 -0.000000]
tau[0:6]:[0.839771 0.130674 0.617691 0.624912 0.653099 -0.592692 0.265887]
kernel exec min/avg/max: 94.21 / 95.58 / 102.08 us, samples:416931
pressure status:0, copy rounds total/window:0/0, 0.00 rounds/s
pressure logical copy:0.00 MiB total, approx 0.00 MiB/s, checksum:0
pressure report window:2.141821 s
t0_region>
[1]:416167
[2]:647
[3]:102
[4]:24
[5]:8
[6]:2
[7]:2

t1_region>
[2]:380835
[3]:34793
[4]:856
[5]:278
[6]:121
[7]:39
[8]:22
[9]:12
[10]:2
[11]:1
[13]:1

t2_region>
[97]:6380
[98]:389207
[99]:19782
[100]:904
[101]:379
[102]:162
[103]:88
[104]:36
[105]:17
[106]:10
[107]:1
[108]:3

t0_min: 1.04 us, round:124
t0_max: 7.21 us, round:329913
t0_jitter: 6.17 us

t1_min: 2.63 us, round:13
t1_max: 13.17 us, round:354232
t1_jitter: 10.54 us

t2_min: 97.13 us, round:2155
t2_max: 108.83 us, round:354232
t2_jitter: 11.71 us

PMU diff samples: 417001
AVG DIFF LL_CACHE_RD: 4.29
AVG DIFF LL_CACHE_MISS_RD: 0.05
AVG DIFF L2D_CACHE_REFILL: 0.05
AVG DIFF L2D_CACHE_INVAL: 0.00
[cur diff] DIFF LL_CACHE_RD: 15, DIFF LL_CACHE_MISS_RD: 0, MISS_RATE: 0.00%
[cur diff] DIFF L2D_CACHE_REFILL: 0
[cur diff] DIFF L2D_CACHE_INVAL: 0
[max diff] DIFF LL_CACHE_RD: 7, DIFF LL_CACHE_MISS_RD: 5, MISS_RATE: 71.43%
[max diff] DIFF L2D_CACHE_REFILL: 5
[max diff] DIFF L2D_CACHE_INVAL: 0

===========================================================
taskpendcnt:419041
t0:1416 ns
t1:3291 ns
t2:98791 ns
benchmark: Franka-derived Cartesian-impedance kernel, input trace:8, timer period:1.000 ms
controller source: franka_ros2 jazzy@73a1501d, updates:419063, SVD sweeps:5
pose error:[0.010000 0.015000 0.010000 -0.000000 0.049979 -0.000000]
tau[0:6]:[-1.839419 -0.921560 -1.193198 -1.195971 -0.861243 0.113634 -0.461388]
kernel exec min/avg/max: 94.21 / 95.58 / 102.08 us, samples:419073
pressure status:0, copy rounds total/window:0/0, 0.00 rounds/s
pressure logical copy:0.00 MiB total, approx 0.00 MiB/s, checksum:0
pressure report window:2.142342 s
t0_region>
[1]:418303
[2]:651
[3]:104
[4]:25
[5]:8
[6]:2
[7]:2

t1_region>
[2]:382771
[3]:34990
[4]:859
[5]:282
[6]:122
[7]:39
[8]:23
[9]:12
[10]:2
[11]:1
[13]:1

t2_region>
[97]:6380
[98]:391176
[99]:19946
[100]:907
[101]:384
[102]:163
[103]:88
[104]:37
[105]:17
[106]:10
[107]:1
[108]:3

t0_min: 1.04 us, round:124
t0_max: 7.21 us, round:329913
t0_jitter: 6.17 us

t1_min: 2.63 us, round:13
t1_max: 13.17 us, round:354232
t1_jitter: 10.54 us

t2_min: 97.13 us, round:2155
t2_max: 108.83 us, round:354232
t2_jitter: 11.71 us

PMU diff samples: 419143
AVG DIFF LL_CACHE_RD: 4.29
AVG DIFF LL_CACHE_MISS_RD: 0.05
AVG DIFF L2D_CACHE_REFILL: 0.05
AVG DIFF L2D_CACHE_INVAL: 0.00
[cur diff] DIFF LL_CACHE_RD: 16, DIFF LL_CACHE_MISS_RD: 0, MISS_RATE: 0.00%
[cur diff] DIFF L2D_CACHE_REFILL: 0
[cur diff] DIFF L2D_CACHE_INVAL: 0
[max diff] DIFF LL_CACHE_RD: 7, DIFF LL_CACHE_MISS_RD: 5, MISS_RATE: 71.43%
[max diff] DIFF L2D_CACHE_REFILL: 5
[max diff] DIFF L2D_CACHE_INVAL: 0

===========================================================
taskpendcnt:421183
t0:1416 ns
t1:3000 ns
t2:98791 ns
benchmark: Franka-derived Cartesian-impedance kernel, input trace:8, timer period:1.000 ms
controller source: franka_ros2 jazzy@73a1501d, updates:421205, SVD sweeps:5
pose error:[0.010000 0.015000 0.010000 -0.000000 0.049979 -0.000000]
tau[0:6]:[-2.781770 -1.613002 -1.930139 -1.581803 -1.382951 -0.390599 -0.663394]
kernel exec min/avg/max: 94.21 / 95.58 / 102.08 us, samples:421215
pressure status:0, copy rounds total/window:0/0, 0.00 rounds/s
pressure logical copy:0.00 MiB total, approx 0.00 MiB/s, checksum:0
pressure report window:2.141993 s
t0_region>
[1]:420445
[2]:651
[3]:104
[4]:25
[5]:8
[6]:2
[7]:2

t1_region>
[2]:384737
[3]:35166
[4]:859
[5]:282
[6]:122
[7]:39
[8]:23
[9]:12
[10]:2
[11]:1
[13]:1

t2_region>
[97]:6380
[98]:393196
[99]:20068
[100]:907
[101]:384
[102]:163
[103]:88
[104]:37
[105]:17
[106]:10
[107]:1
[108]:3

t0_min: 1.04 us, round:124
t0_max: 7.21 us, round:329913
t0_jitter: 6.17 us

t1_min: 2.63 us, round:13
t1_max: 13.17 us, round:354232
t1_jitter: 10.54 us

t2_min: 97.13 us, round:2155
t2_max: 108.83 us, round:354232
t2_jitter: 11.71 us

PMU diff samples: 421285
AVG DIFF LL_CACHE_RD: 4.29
AVG DIFF LL_CACHE_MISS_RD: 0.05
AVG DIFF L2D_CACHE_REFILL: 0.05
AVG DIFF L2D_CACHE_INVAL: 0.00
[cur diff] DIFF LL_CACHE_RD: 19, DIFF LL_CACHE_MISS_RD: 0, MISS_RATE: 0.00%
[cur diff] DIFF L2D_CACHE_REFILL: 0
[cur diff] DIFF L2D_CACHE_INVAL: 0
[max diff] DIFF LL_CACHE_RD: 7, DIFF LL_CACHE_MISS_RD: 5, MISS_RATE: 71.43%
[max diff] DIFF L2D_CACHE_REFILL: 5
[max diff] DIFF L2D_CACHE_INVAL: 0

===========================================================
taskpendcnt:423325
t0:1416 ns
t1:3000 ns
t2:98791 ns
benchmark: Franka-derived Cartesian-impedance kernel, input trace:8, timer period:1.000 ms
controller source: franka_ros2 jazzy@73a1501d, updates:423347, SVD sweeps:5
pose error:[0.010000 0.015000 0.010000 -0.000000 0.049979 -0.000000]
tau[0:6]:[1.376914 -0.104433 0.790225 0.843903 0.642107 -0.956178 0.423547]
kernel exec min/avg/max: 94.21 / 95.58 / 102.08 us, samples:423357
pressure status:0, copy rounds total/window:0/0, 0.00 rounds/s
pressure logical copy:0.00 MiB total, approx 0.00 MiB/s, checksum:0
pressure report window:2.141481 s
t0_region>
[1]:422586
[2]:651
[3]:104
[4]:25
[5]:8
[6]:2
[7]:2

t1_region>
[2]:386686
[3]:35359
[4]:859
[5]:282
[6]:122
[7]:39
[8]:23
[9]:12
[10]:2
[11]:1
[13]:1

t2_region>
[97]:6380
[98]:395206
[99]:20200
[100]:907
[101]:384
[102]:163
[103]:88
[104]:37
[105]:17
[106]:10
[107]:1
[108]:3

t0_min: 1.04 us, round:124
t0_max: 7.21 us, round:329913
t0_jitter: 6.17 us

t1_min: 2.63 us, round:13
t1_max: 13.17 us, round:354232
t1_jitter: 10.54 us

t2_min: 97.13 us, round:2155
t2_max: 108.83 us, round:354232
t2_jitter: 11.71 us

PMU diff samples: 423427
AVG DIFF LL_CACHE_RD: 4.29
AVG DIFF LL_CACHE_MISS_RD: 0.05
AVG DIFF L2D_CACHE_REFILL: 0.05
AVG DIFF L2D_CACHE_INVAL: 0.00
[cur diff] DIFF LL_CACHE_RD: 15, DIFF LL_CACHE_MISS_RD: 0, MISS_RATE: 0.00%
[cur diff] DIFF L2D_CACHE_REFILL: 0
[cur diff] DIFF L2D_CACHE_INVAL: 0
[max diff] DIFF LL_CACHE_RD: 7, DIFF LL_CACHE_MISS_RD: 5, MISS_RATE: 71.43%
[max diff] DIFF L2D_CACHE_REFILL: 5
[max diff] DIFF L2D_CACHE_INVAL: 0

===========================================================
taskpendcnt:425467
t0:1416 ns
t1:3000 ns
t2:99375 ns
benchmark: Franka-derived Cartesian-impedance kernel, input trace:8, timer period:1.000 ms
controller source: franka_ros2 jazzy@73a1501d, updates:425489, SVD sweeps:5
pose error:[0.010000 0.015000 0.010000 -0.000000 0.049979 -0.000000]
tau[0:6]:[0.839771 0.130674 0.617691 0.624912 0.653099 -0.592692 0.265887]
kernel exec min/avg/max: 94.21 / 95.58 / 102.08 us, samples:425499
pressure status:0, copy rounds total/window:0/0, 0.00 rounds/s
pressure logical copy:0.00 MiB total, approx 0.00 MiB/s, checksum:0
pressure report window:2.141884 s
t0_region>
[1]:424728
[2]:651
[3]:104
[4]:25
[5]:8
[6]:2
[7]:2

t1_region>
[2]:388656
[3]:35529
[4]:859
[5]:282
[6]:122
[7]:39
[8]:23
[9]:12
[10]:2
[11]:1
[13]:1

t2_region>
[97]:6380
[98]:397247
[99]:20300
[100]:908
[101]:384
[102]:163
[103]:88
[104]:37
[105]:17
[106]:10
[107]:1
[108]:3

t0_min: 1.04 us, round:124
t0_max: 7.21 us, round:329913
t0_jitter: 6.17 us

t1_min: 2.63 us, round:13
t1_max: 13.17 us, round:354232
t1_jitter: 10.54 us

t2_min: 97.13 us, round:2155
t2_max: 108.83 us, round:354232
t2_jitter: 11.71 us

PMU diff samples: 425569
AVG DIFF LL_CACHE_RD: 4.29
AVG DIFF LL_CACHE_MISS_RD: 0.05
AVG DIFF L2D_CACHE_REFILL: 0.05
AVG DIFF L2D_CACHE_INVAL: 0.00
[cur diff] DIFF LL_CACHE_RD: 21, DIFF LL_CACHE_MISS_RD: 0, MISS_RATE: 0.00%
[cur diff] DIFF L2D_CACHE_REFILL: 0
[cur diff] DIFF L2D_CACHE_INVAL: 0
[max diff] DIFF LL_CACHE_RD: 7, DIFF LL_CACHE_MISS_RD: 5, MISS_RATE: 71.43%
[max diff] DIFF L2D_CACHE_REFILL: 5
[max diff] DIFF L2D_CACHE_INVAL: 0

===========================================================
taskpendcnt:427608
t0:1125 ns
t1:3000 ns
t2:98791 ns
benchmark: Franka-derived Cartesian-impedance kernel, input trace:8, timer period:1.000 ms
controller source: franka_ros2 jazzy@73a1501d, updates:427631, SVD sweeps:5
pose error:[0.010000 0.015000 0.010000 -0.000000 0.049979 -0.000000]
tau[0:6]:[-1.839419 -0.921560 -1.193198 -1.195971 -0.861243 0.113634 -0.461388]
kernel exec min/avg/max: 94.21 / 95.58 / 102.08 us, samples:427641
pressure status:0, copy rounds total/window:0/0, 0.00 rounds/s
pressure logical copy:0.00 MiB total, approx 0.00 MiB/s, checksum:0
pressure report window:2.142258 s
t0_region>
[1]:426863
[2]:658
[3]:104
[4]:25
[5]:8
[6]:2
[7]:2

t1_region>
[2]:390599
[3]:35713
[4]:872
[5]:284
[6]:122
[7]:40
[8]:23
[9]:12
[10]:2
[11]:1
[13]:1

t2_region>
[97]:6380
[98]:399265
[99]:20406
[100]:921
[101]:386
[102]:164
[103]:88
[104]:38
[105]:17
[106]:10
[107]:1
[108]:3

t0_min: 1.04 us, round:124
t0_max: 7.21 us, round:329913
t0_jitter: 6.17 us

t1_min: 2.63 us, round:13
t1_max: 13.17 us, round:354232
t1_jitter: 10.54 us

t2_min: 97.13 us, round:2155
t2_max: 108.83 us, round:354232
t2_jitter: 11.71 us

PMU diff samples: 427711
AVG DIFF LL_CACHE_RD: 4.28
AVG DIFF LL_CACHE_MISS_RD: 0.05
AVG DIFF L2D_CACHE_REFILL: 0.05
AVG DIFF L2D_CACHE_INVAL: 0.00
[cur diff] DIFF LL_CACHE_RD: 14, DIFF LL_CACHE_MISS_RD: 0, MISS_RATE: 0.00%
[cur diff] DIFF L2D_CACHE_REFILL: 0
[cur diff] DIFF L2D_CACHE_INVAL: 0
[max diff] DIFF LL_CACHE_RD: 7, DIFF LL_CACHE_MISS_RD: 5, MISS_RATE: 71.43%
[max diff] DIFF L2D_CACHE_REFILL: 5
[max diff] DIFF L2D_CACHE_INVAL: 0

===========================================================
taskpendcnt:429750
t0:1416 ns
t1:3000 ns
t2:98791 ns
benchmark: Franka-derived Cartesian-impedance kernel, input trace:8, timer period:1.000 ms
controller source: franka_ros2 jazzy@73a1501d, updates:429773, SVD sweeps:5
pose error:[0.010000 0.015000 0.010000 -0.000000 0.049979 -0.000000]
tau[0:6]:[-2.781770 -1.613002 -1.930139 -1.581803 -1.382951 -0.390599 -0.663394]
kernel exec min/avg/max: 94.21 / 95.58 / 102.08 us, samples:429783
pressure status:0, copy rounds total/window:0/0, 0.00 rounds/s
pressure logical copy:0.00 MiB total, approx 0.00 MiB/s, checksum:0
pressure report window:2.141991 s
t0_region>
[1]:429004
[2]:659
[3]:104
[4]:25
[5]:8
[6]:2
[7]:2

t1_region>
[2]:392574
[3]:35881
[4]:872
[5]:284
[6]:122
[7]:40
[8]:23
[9]:12
[10]:2
[11]:1
[13]:1

t2_region>
[97]:6380
[98]:401290
[99]:20523
[100]:921
[101]:386
[102]:164
[103]:88
[104]:38
[105]:17
[106]:10
[107]:1
[108]:3

t0_min: 1.04 us, round:124
t0_max: 7.21 us, round:329913
t0_jitter: 6.17 us

t1_min: 2.63 us, round:13
t1_max: 13.17 us, round:354232
t1_jitter: 10.54 us

t2_min: 97.13 us, round:2155
t2_max: 108.83 us, round:354232
t2_jitter: 11.71 us

PMU diff samples: 429853
AVG DIFF LL_CACHE_RD: 4.28
AVG DIFF LL_CACHE_MISS_RD: 0.05
AVG DIFF L2D_CACHE_REFILL: 0.05
AVG DIFF L2D_CACHE_INVAL: 0.00
[cur diff] DIFF LL_CACHE_RD: 19, DIFF LL_CACHE_MISS_RD: 0, MISS_RATE: 0.00%
[cur diff] DIFF L2D_CACHE_REFILL: 0
[cur diff] DIFF L2D_CACHE_INVAL: 0
[max diff] DIFF LL_CACHE_RD: 7, DIFF LL_CACHE_MISS_RD: 5, MISS_RATE: 71.43%
[max diff] DIFF L2D_CACHE_REFILL: 5
[max diff] DIFF L2D_CACHE_INVAL: 0

===========================================================
taskpendcnt:431892
t0:1416 ns
t1:3000 ns
t2:98791 ns
benchmark: Franka-derived Cartesian-impedance kernel, input trace:8, timer period:1.000 ms
controller source: franka_ros2 jazzy@73a1501d, updates:431915, SVD sweeps:5
pose error:[0.010000 0.015000 0.010000 -0.000000 0.049979 -0.000000]
tau[0:6]:[1.376914 -0.104433 0.790225 0.843903 0.642107 -0.956178 0.423547]
kernel exec min/avg/max: 94.21 / 95.58 / 102.08 us, samples:431924
pressure status:0, copy rounds total/window:0/0, 0.00 rounds/s
pressure logical copy:0.00 MiB total, approx 0.00 MiB/s, checksum:0
pressure report window:2.141482 s
t0_region>
[1]:431134
[2]:668
[3]:106
[4]:26
[5]:8
[6]:2
[7]:2

t1_region>
[2]:394512
[3]:36070
[4]:879
[5]:286
[6]:126
[7]:40
[8]:23
[9]:12
[10]:2
[11]:1
[12]:1
[13]:1

t2_region>
[97]:6380
[98]:403258
[99]:20682
[100]:928
[101]:389
[102]:166
[103]:90
[104]:38
[105]:17
[106]:10
[107]:1
[108]:4

t0_min: 1.04 us, round:124
t0_max: 7.21 us, round:329913
t0_jitter: 6.17 us

t1_min: 2.63 us, round:13
t1_max: 13.17 us, round:354232
t1_jitter: 10.54 us

t2_min: 97.13 us, round:2155
t2_max: 108.83 us, round:354232
t2_jitter: 11.71 us

PMU diff samples: 431995
AVG DIFF LL_CACHE_RD: 4.28
AVG DIFF LL_CACHE_MISS_RD: 0.05
AVG DIFF L2D_CACHE_REFILL: 0.05
AVG DIFF L2D_CACHE_INVAL: 0.00
[cur diff] DIFF LL_CACHE_RD: 10, DIFF LL_CACHE_MISS_RD: 0, MISS_RATE: 0.00%
[cur diff] DIFF L2D_CACHE_REFILL: 0
[cur diff] DIFF L2D_CACHE_INVAL: 0
[max diff] DIFF LL_CACHE_RD: 7, DIFF LL_CACHE_MISS_RD: 5, MISS_RATE: 71.43%
[max diff] DIFF L2D_CACHE_REFILL: 5
[max diff] DIFF L2D_CACHE_INVAL: 0

===========================================================
taskpendcnt:434034
t0:1416 ns
t1:3000 ns
t2:98791 ns
benchmark: Franka-derived Cartesian-impedance kernel, input trace:8, timer period:1.000 ms
controller source: franka_ros2 jazzy@73a1501d, updates:434057, SVD sweeps:5
pose error:[0.010000 0.015000 0.010000 -0.000000 0.049979 -0.000000]
tau[0:6]:[0.839771 0.130674 0.617691 0.624912 0.653099 -0.592692 0.265887]
kernel exec min/avg/max: 94.21 / 95.58 / 102.08 us, samples:434066
pressure status:0, copy rounds total/window:0/0, 0.00 rounds/s
pressure logical copy:0.00 MiB total, approx 0.00 MiB/s, checksum:0
pressure report window:2.141821 s
t0_region>
[1]:433273
[2]:671
[3]:106
[4]:26
[5]:8
[6]:2
[7]:2

t1_region>
[2]:396466
[3]:36253
[4]:883
[5]:287
[6]:126
[7]:40
[8]:23
[9]:12
[10]:2
[11]:1
[12]:1
[13]:1

t2_region>
[97]:6380
[98]:405212
[99]:20862
[100]:936
[101]:390
[102]:166
[103]:90
[104]:38
[105]:17
[106]:10
[107]:1
[108]:4

t0_min: 1.04 us, round:124
t0_max: 7.21 us, round:329913
t0_jitter: 6.17 us

t1_min: 2.63 us, round:13
t1_max: 13.17 us, round:354232
t1_jitter: 10.54 us

t2_min: 97.13 us, round:2155
t2_max: 108.83 us, round:354232
t2_jitter: 11.71 us

PMU diff samples: 434137
AVG DIFF LL_CACHE_RD: 4.28
AVG DIFF LL_CACHE_MISS_RD: 0.05
AVG DIFF L2D_CACHE_REFILL: 0.05
AVG DIFF L2D_CACHE_INVAL: 0.00
[cur diff] DIFF LL_CACHE_RD: 14, DIFF LL_CACHE_MISS_RD: 0, MISS_RATE: 0.00%
[cur diff] DIFF L2D_CACHE_REFILL: 0
[cur diff] DIFF L2D_CACHE_INVAL: 0
[max diff] DIFF LL_CACHE_RD: 7, DIFF LL_CACHE_MISS_RD: 5, MISS_RATE: 71.43%
[max diff] DIFF L2D_CACHE_REFILL: 5
[max diff] DIFF L2D_CACHE_INVAL: 0

===========================================================
taskpendcnt:436176
t0:1416 ns
t1:3000 ns
t2:98791 ns
benchmark: Franka-derived Cartesian-impedance kernel, input trace:8, timer period:1.000 ms
controller source: franka_ros2 jazzy@73a1501d, updates:436199, SVD sweeps:5
pose error:[0.010000 0.015000 0.010000 -0.000000 0.049979 -0.000000]
tau[0:6]:[-2.379368 -1.292411 -1.655224 -1.570015 -1.185234 -0.066588 -0.610247]
kernel exec min/avg/max: 94.21 / 95.58 / 102.08 us, samples:436209
pressure status:0, copy rounds total/window:0/0, 0.00 rounds/s
pressure logical copy:0.00 MiB total, approx 0.00 MiB/s, checksum:0
pressure report window:2.142426 s
t0_region>
[1]:435415
[2]:671
[3]:106
[4]:26
[5]:8
[6]:2
[7]:2

t1_region>
[2]:398434
[3]:36427
[4]:883
[5]:287
[6]:126
[7]:40
[8]:23
[9]:12
[10]:2
[11]:1
[12]:1
[13]:1

t2_region>
[97]:6380
[98]:407239
[99]:20977
[100]:936
[101]:390
[102]:166
[103]:90
[104]:38
[105]:17
[106]:10
[107]:1
[108]:4

t0_min: 1.04 us, round:124
t0_max: 7.21 us, round:329913
t0_jitter: 6.17 us

t1_min: 2.63 us, round:13
t1_max: 13.17 us, round:354232
t1_jitter: 10.54 us

t2_min: 97.13 us, round:2155
t2_max: 108.83 us, round:354232
t2_jitter: 11.71 us

PMU diff samples: 436279
AVG DIFF LL_CACHE_RD: 4.28
AVG DIFF LL_CACHE_MISS_RD: 0.05
AVG DIFF L2D_CACHE_REFILL: 0.05
AVG DIFF L2D_CACHE_INVAL: 0.00
[cur diff] DIFF LL_CACHE_RD: 25, DIFF LL_CACHE_MISS_RD: 0, MISS_RATE: 0.00%
[cur diff] DIFF L2D_CACHE_REFILL: 0
[cur diff] DIFF L2D_CACHE_INVAL: 0
[max diff] DIFF LL_CACHE_RD: 7, DIFF LL_CACHE_MISS_RD: 5, MISS_RATE: 71.43%
[max diff] DIFF L2D_CACHE_REFILL: 5
[max diff] DIFF L2D_CACHE_INVAL: 0

===========================================================
taskpendcnt:438319
t0:1416 ns
t1:3291 ns
t2:98625 ns
benchmark: Franka-derived Cartesian-impedance kernel, input trace:8, timer period:1.000 ms
controller source: franka_ros2 jazzy@73a1501d, updates:438342, SVD sweeps:5
pose error:[0.010000 0.015000 0.010000 -0.000000 0.049979 -0.000000]
tau[0:6]:[-2.781770 -1.613002 -1.930139 -1.581803 -1.382951 -0.390599 -0.663394]
kernel exec min/avg/max: 94.21 / 95.58 / 102.08 us, samples:438351
pressure status:0, copy rounds total/window:0/0, 0.00 rounds/s
pressure logical copy:0.00 MiB total, approx 0.00 MiB/s, checksum:0
pressure report window:2.142907 s
t0_region>
[1]:437558
[2]:671
[3]:106
[4]:26
[5]:8
[6]:2
[7]:2

t1_region>
[2]:400401
[3]:36603
[4]:883
[5]:287
[6]:126
[7]:40
[8]:23
[9]:12
[10]:2
[11]:1
[12]:1
[13]:1

t2_region>
[97]:6380
[98]:409260
[99]:21099
[100]:936
[101]:390
[102]:166
[103]:90
[104]:38
[105]:17
[106]:10
[107]:1
[108]:4

t0_min: 1.04 us, round:124
t0_max: 7.21 us, round:329913
t0_jitter: 6.17 us

t1_min: 2.63 us, round:13
t1_max: 13.17 us, round:354232
t1_jitter: 10.54 us

t2_min: 97.13 us, round:2155
t2_max: 108.83 us, round:354232
t2_jitter: 11.71 us

PMU diff samples: 438422
AVG DIFF LL_CACHE_RD: 4.28
AVG DIFF LL_CACHE_MISS_RD: 0.05
AVG DIFF L2D_CACHE_REFILL: 0.05
AVG DIFF L2D_CACHE_INVAL: 0.00
[cur diff] DIFF LL_CACHE_RD: 24, DIFF LL_CACHE_MISS_RD: 0, MISS_RATE: 0.00%
[cur diff] DIFF L2D_CACHE_REFILL: 1
[cur diff] DIFF L2D_CACHE_INVAL: 0
[max diff] DIFF LL_CACHE_RD: 7, DIFF LL_CACHE_MISS_RD: 5, MISS_RATE: 71.43%
[max diff] DIFF L2D_CACHE_REFILL: 5
[max diff] DIFF L2D_CACHE_INVAL: 0

===========================================================
taskpendcnt:440462
t0:1541 ns
t1:3125 ns
t2:98916 ns
benchmark: Franka-derived Cartesian-impedance kernel, input trace:8, timer period:1.000 ms
controller source: franka_ros2 jazzy@73a1501d, updates:440485, SVD sweeps:5
pose error:[0.010000 0.015000 0.010000 -0.000000 0.049979 -0.000000]
tau[0:6]:[-0.567483 -0.552304 -0.482512 -0.231067 -0.297494 -0.656094 -0.085004]
kernel exec min/avg/max: 94.21 / 95.58 / 102.08 us, samples:440494
pressure status:0, copy rounds total/window:0/0, 0.00 rounds/s
pressure logical copy:0.00 MiB total, approx 0.00 MiB/s, checksum:0
pressure report window:2.142909 s
t0_region>
[1]:439701
[2]:671
[3]:106
[4]:26
[5]:8
[6]:2
[7]:2

t1_region>
[2]:402387
[3]:36759
[4]:883
[5]:287
[6]:126
[7]:41
[8]:23
[9]:12
[10]:2
[11]:1
[12]:1
[13]:1

t2_region>
[97]:6380
[98]:411268
[99]:21232
[100]:936
[101]:391
[102]:167
[103]:90
[104]:39
[105]:17
[106]:10
[107]:1
[108]:4

t0_min: 1.04 us, round:124
t0_max: 7.21 us, round:329913
t0_jitter: 6.17 us

t1_min: 2.63 us, round:13
t1_max: 13.17 us, round:354232
t1_jitter: 10.54 us

t2_min: 97.13 us, round:2155
t2_max: 108.83 us, round:354232
t2_jitter: 11.71 us

PMU diff samples: 440565
AVG DIFF LL_CACHE_RD: 4.28
AVG DIFF LL_CACHE_MISS_RD: 0.05
AVG DIFF L2D_CACHE_REFILL: 0.05
AVG DIFF L2D_CACHE_INVAL: 0.00
[cur diff] DIFF LL_CACHE_RD: 22, DIFF LL_CACHE_MISS_RD: 0, MISS_RATE: 0.00%
[cur diff] DIFF L2D_CACHE_REFILL: 0
[cur diff] DIFF L2D_CACHE_INVAL: 0
[max diff] DIFF LL_CACHE_RD: 7, DIFF LL_CACHE_MISS_RD: 5, MISS_RATE: 71.43%
[max diff] DIFF L2D_CACHE_REFILL: 5
[max diff] DIFF L2D_CACHE_INVAL: 0

===========================================================
taskpendcnt:442605
t0:1666 ns
t1:2958 ns
t2:98750 ns
benchmark: Franka-derived Cartesian-impedance kernel, input trace:8, timer period:1.000 ms
controller source: franka_ros2 jazzy@73a1501d, updates:442627, SVD sweeps:5
pose error:[0.010000 0.015000 0.010000 -0.000000 0.049979 -0.000000]
tau[0:6]:[1.376914 -0.104433 0.790225 0.843903 0.642107 -0.956178 0.423547]
kernel exec min/avg/max: 94.21 / 95.58 / 102.08 us, samples:442637
pressure status:0, copy rounds total/window:0/0, 0.00 rounds/s
pressure logical copy:0.00 MiB total, approx 0.00 MiB/s, checksum:0
pressure report window:2.142480 s
t0_region>
[1]:441836
[2]:675
[3]:107
[4]:27
[5]:9
[6]:2
[7]:2

t1_region>
[2]:404341
[3]:36937
[4]:888
[5]:290
[6]:128
[7]:41
[8]:23
[9]:13
[10]:2
[11]:1
[12]:1
[13]:1

t2_region>
[97]:6380
[98]:413240
[99]:21392
[100]:939
[101]:395
[102]:168
[103]:90
[104]:39
[105]:18
[106]:10
[107]:1
[108]:4

t0_min: 1.04 us, round:124
t0_max: 7.21 us, round:329913
t0_jitter: 6.17 us

t1_min: 2.63 us, round:13
t1_max: 13.17 us, round:354232
t1_jitter: 10.54 us

t2_min: 97.13 us, round:2155
t2_max: 108.83 us, round:354232
t2_jitter: 11.71 us

PMU diff samples: 442708
AVG DIFF LL_CACHE_RD: 4.28
AVG DIFF LL_CACHE_MISS_RD: 0.05
AVG DIFF L2D_CACHE_REFILL: 0.05
AVG DIFF L2D_CACHE_INVAL: 0.00
[cur diff] DIFF LL_CACHE_RD: 7, DIFF LL_CACHE_MISS_RD: 0, MISS_RATE: 0.00%
[cur diff] DIFF L2D_CACHE_REFILL: 0
[cur diff] DIFF L2D_CACHE_INVAL: 0
[max diff] DIFF LL_CACHE_RD: 7, DIFF LL_CACHE_MISS_RD: 5, MISS_RATE: 71.43%
[max diff] DIFF L2D_CACHE_REFILL: 5
[max diff] DIFF L2D_CACHE_INVAL: 0

===========================================================
taskpendcnt:444747
t0:1375 ns
t1:3250 ns
t2:98750 ns
benchmark: Franka-derived Cartesian-impedance kernel, input trace:8, timer period:1.000 ms
controller source: franka_ros2 jazzy@73a1501d, updates:444769, SVD sweeps:5
pose error:[0.010000 0.015000 0.010000 -0.000000 0.049979 -0.000000]
tau[0:6]:[0.839771 0.130674 0.617691 0.624912 0.653099 -0.592692 0.265887]
kernel exec min/avg/max: 94.21 / 95.58 / 102.08 us, samples:444779
pressure status:0, copy rounds total/window:0/0, 0.00 rounds/s
pressure logical copy:0.00 MiB total, approx 0.00 MiB/s, checksum:0
pressure report window:2.141842 s
t0_region>
[1]:443978
[2]:675
[3]:107
[4]:27
[5]:9
[6]:2
[7]:2

t1_region>
[2]:406309
[3]:37110
[4]:888
[5]:291
[6]:128
[7]:41
[8]:23
[9]:13
[10]:2
[11]:1
[12]:1
[13]:1

t2_region>
[97]:6380
[98]:415260
[99]:21513
[100]:939
[101]:396
[102]:168
[103]:90
[104]:39
[105]:18
[106]:10
[107]:1
[108]:4

t0_min: 1.04 us, round:124
t0_max: 7.21 us, round:329913
t0_jitter: 6.17 us

t1_min: 2.63 us, round:13
t1_max: 13.17 us, round:354232
t1_jitter: 10.54 us

t2_min: 97.13 us, round:2155
t2_max: 108.83 us, round:354232
t2_jitter: 11.71 us

PMU diff samples: 444849
AVG DIFF LL_CACHE_RD: 4.28
AVG DIFF LL_CACHE_MISS_RD: 0.05
AVG DIFF L2D_CACHE_REFILL: 0.05
AVG DIFF L2D_CACHE_INVAL: 0.00
[cur diff] DIFF LL_CACHE_RD: 6, DIFF LL_CACHE_MISS_RD: 0, MISS_RATE: 0.00%
[cur diff] DIFF L2D_CACHE_REFILL: 0
[cur diff] DIFF L2D_CACHE_INVAL: 0
[max diff] DIFF LL_CACHE_RD: 7, DIFF LL_CACHE_MISS_RD: 5, MISS_RATE: 71.43%
[max diff] DIFF L2D_CACHE_REFILL: 5
[max diff] DIFF L2D_CACHE_INVAL: 0

===========================================================
taskpendcnt:446889
t0:1666 ns
t1:3833 ns
t2:100208 ns
benchmark: Franka-derived Cartesian-impedance kernel, input trace:8, timer period:1.000 ms
controller source: franka_ros2 jazzy@73a1501d, updates:446911, SVD sweeps:5
pose error:[0.010000 0.015000 0.010000 -0.000000 0.049979 -0.000000]
tau[0:6]:[-1.839419 -0.921560 -1.193198 -1.195971 -0.861243 0.113634 -0.461388]
kernel exec min/avg/max: 94.21 / 95.59 / 102.08 us, samples:446921
pressure status:0, copy rounds total/window:0/0, 0.00 rounds/s
pressure logical copy:0.00 MiB total, approx 0.00 MiB/s, checksum:0
pressure report window:2.142411 s
t0_region>
[1]:446112
[2]:683
[3]:107
[4]:27
[5]:10
[6]:2
[7]:2

t1_region>
[2]:408228
[3]:37319
[4]:898
[5]:294
[6]:128
[7]:41
[8]:24
[9]:13
[10]:2
[11]:1
[12]:1
[13]:1

t2_region>
[97]:6380
[98]:417127
[99]:21768
[100]:952
[101]:401
[102]:169
[103]:90
[104]:39
[105]:18
[106]:11
[107]:1
[108]:4

t0_min: 1.04 us, round:124
t0_max: 7.21 us, round:329913
t0_jitter: 6.17 us

t1_min: 2.63 us, round:13
t1_max: 13.17 us, round:354232
t1_jitter: 10.54 us

t2_min: 97.13 us, round:2155
t2_max: 108.83 us, round:354232
t2_jitter: 11.71 us

PMU diff samples: 446992
AVG DIFF LL_CACHE_RD: 4.28
AVG DIFF LL_CACHE_MISS_RD: 0.05
AVG DIFF L2D_CACHE_REFILL: 0.05
AVG DIFF L2D_CACHE_INVAL: 0.00
[cur diff] DIFF LL_CACHE_RD: 15, DIFF LL_CACHE_MISS_RD: 1, MISS_RATE: 6.67%
[cur diff] DIFF L2D_CACHE_REFILL: 0
[cur diff] DIFF L2D_CACHE_INVAL: 0
[max diff] DIFF LL_CACHE_RD: 7, DIFF LL_CACHE_MISS_RD: 5, MISS_RATE: 71.43%
[max diff] DIFF L2D_CACHE_REFILL: 5
[max diff] DIFF L2D_CACHE_INVAL: 0

===========================================================
taskpendcnt:449032
t0:1208 ns
t1:3083 ns
t2:99458 ns
benchmark: Franka-derived Cartesian-impedance kernel, input trace:8, timer period:1.000 ms
controller source: franka_ros2 jazzy@73a1501d, updates:449054, SVD sweeps:5
pose error:[0.010000 0.015000 0.010000 -0.000000 0.049979 -0.000000]
tau[0:6]:[-2.379368 -1.292411 -1.655224 -1.570015 -1.185234 -0.066588 -0.610247]
kernel exec min/avg/max: 94.21 / 95.59 / 102.08 us, samples:449064
pressure status:0, copy rounds total/window:0/0, 0.00 rounds/s
pressure logical copy:0.00 MiB total, approx 0.00 MiB/s, checksum:0
pressure report window:2.142995 s
t0_region>
[1]:448255
[2]:683
[3]:107
[4]:27
[5]:10
[6]:2
[7]:2

t1_region>
[2]:410186
[3]:37503
[4]:898
[5]:294
[6]:128
[7]:41
[8]:24
[9]:13
[10]:2
[11]:1
[12]:1
[13]:1

t2_region>
[97]:6380
[98]:419179
[99]:21859
[100]:953
[101]:401
[102]:169
[103]:90
[104]:39
[105]:18
[106]:11
[107]:1
[108]:4

t0_min: 1.04 us, round:124
t0_max: 7.21 us, round:329913
t0_jitter: 6.17 us

t1_min: 2.63 us, round:13
t1_max: 13.17 us, round:354232
t1_jitter: 10.54 us

t2_min: 97.13 us, round:2155
t2_max: 108.83 us, round:354232
t2_jitter: 11.71 us

PMU diff samples: 449135
AVG DIFF LL_CACHE_RD: 4.28
AVG DIFF LL_CACHE_MISS_RD: 0.05
AVG DIFF L2D_CACHE_REFILL: 0.05
AVG DIFF L2D_CACHE_INVAL: 0.00
[cur diff] DIFF LL_CACHE_RD: 17, DIFF LL_CACHE_MISS_RD: 0, MISS_RATE: 0.00%
[cur diff] DIFF L2D_CACHE_REFILL: 0
[cur diff] DIFF L2D_CACHE_INVAL: 0
[max diff] DIFF LL_CACHE_RD: 7, DIFF LL_CACHE_MISS_RD: 5, MISS_RATE: 71.43%
[max diff] DIFF L2D_CACHE_REFILL: 5
[max diff] DIFF L2D_CACHE_INVAL: 0

===========================================================
taskpendcnt:451174
t0:1333 ns
t1:3208 ns
t2:98708 ns
benchmark: Franka-derived Cartesian-impedance kernel, input trace:8, timer period:1.000 ms
controller source: franka_ros2 jazzy@73a1501d, updates:451197, SVD sweeps:5
pose error:[0.010000 0.015000 0.010000 -0.000000 0.049979 -0.000000]
tau[0:6]:[-2.781770 -1.613002 -1.930139 -1.581803 -1.382951 -0.390599 -0.663394]
kernel exec min/avg/max: 94.21 / 95.59 / 102.08 us, samples:451207
pressure status:0, copy rounds total/window:0/0, 0.00 rounds/s
pressure logical copy:0.00 MiB total, approx 0.00 MiB/s, checksum:0
pressure report window:2.142797 s
t0_region>
[1]:450397
[2]:683
[3]:107
[4]:27
[5]:10
[6]:2
[7]:2

t1_region>
[2]:412162
[3]:37671
[4]:898
[5]:294
[6]:128
[7]:41
[8]:24
[9]:13
[10]:2
[11]:1
[12]:1
[13]:1

t2_region>
[97]:6380
[98]:421220
[99]:21958
[100]:955
[101]:401
[102]:169
[103]:90
[104]:39
[105]:18
[106]:11
[107]:1
[108]:4

t0_min: 1.04 us, round:124
t0_max: 7.21 us, round:329913
t0_jitter: 6.17 us

t1_min: 2.63 us, round:13
t1_max: 13.17 us, round:354232
t1_jitter: 10.54 us

t2_min: 97.13 us, round:2155
t2_max: 108.83 us, round:354232
t2_jitter: 11.71 us

PMU diff samples: 451278
AVG DIFF LL_CACHE_RD: 4.28
AVG DIFF LL_CACHE_MISS_RD: 0.05
AVG DIFF L2D_CACHE_REFILL: 0.05
AVG DIFF L2D_CACHE_INVAL: 0.00
[cur diff] DIFF LL_CACHE_RD: 11, DIFF LL_CACHE_MISS_RD: 0, MISS_RATE: 0.00%
[cur diff] DIFF L2D_CACHE_REFILL: 0
[cur diff] DIFF L2D_CACHE_INVAL: 0
[max diff] DIFF LL_CACHE_RD: 7, DIFF LL_CACHE_MISS_RD: 5, MISS_RATE: 71.43%
[max diff] DIFF L2D_CACHE_REFILL: 5
[max diff] DIFF L2D_CACHE_INVAL: 0

===========================================================
taskpendcnt:453317
t0:1458 ns
t1:3333 ns
t2:98833 ns
benchmark: Franka-derived Cartesian-impedance kernel, input trace:8, timer period:1.000 ms
controller source: franka_ros2 jazzy@73a1501d, updates:453340, SVD sweeps:5
pose error:[0.010000 0.015000 0.010000 -0.000000 0.049979 -0.000000]
tau[0:6]:[-0.567483 -0.552304 -0.482512 -0.231067 -0.297494 -0.656094 -0.085004]
kernel exec min/avg/max: 94.21 / 95.59 / 102.08 us, samples:453350
pressure status:0, copy rounds total/window:0/0, 0.00 rounds/s
pressure logical copy:0.00 MiB total, approx 0.00 MiB/s, checksum:0
pressure report window:2.142907 s
t0_region>
[1]:452538
[2]:684
[3]:107
[4]:27
[5]:11
[6]:2
[7]:2

t1_region>
[2]:414146
[3]:37828
[4]:899
[5]:294
[6]:128
[7]:42
[8]:24
[9]:13
[10]:2
[11]:1
[12]:1
[13]:1

t2_region>
[97]:6380
[98]:423254
[99]:22066
[100]:955
[101]:401
[102]:170
[103]:90
[104]:39
[105]:18
[106]:11
[107]:1
[108]:4

t0_min: 1.04 us, round:124
t0_max: 7.21 us, round:329913
t0_jitter: 6.17 us

t1_min: 2.63 us, round:13
t1_max: 13.17 us, round:354232
t1_jitter: 10.54 us

t2_min: 97.13 us, round:2155
t2_max: 108.83 us, round:354232
t2_jitter: 11.71 us

PMU diff samples: 453421
AVG DIFF LL_CACHE_RD: 4.28
AVG DIFF LL_CACHE_MISS_RD: 0.05
AVG DIFF L2D_CACHE_REFILL: 0.05
AVG DIFF L2D_CACHE_INVAL: 0.00
[cur diff] DIFF LL_CACHE_RD: 11, DIFF LL_CACHE_MISS_RD: 0, MISS_RATE: 0.00%
[cur diff] DIFF L2D_CACHE_REFILL: 0
[cur diff] DIFF L2D_CACHE_INVAL: 0
[max diff] DIFF LL_CACHE_RD: 7, DIFF LL_CACHE_MISS_RD: 5, MISS_RATE: 71.43%
[max diff] DIFF L2D_CACHE_REFILL: 5
[max diff] DIFF L2D_CACHE_INVAL: 0

===========================================================
taskpendcnt:455460
t0:1583 ns
t1:2875 ns
t2:98958 ns
benchmark: Franka-derived Cartesian-impedance kernel, input trace:8, timer period:1.000 ms
controller source: franka_ros2 jazzy@73a1501d, updates:455483, SVD sweeps:5
pose error:[0.010000 0.015000 0.010000 -0.000000 0.049979 -0.000000]
tau[0:6]:[1.376914 -0.104433 0.790225 0.843903 0.642107 -0.956178 0.423547]
kernel exec min/avg/max: 94.21 / 95.59 / 102.08 us, samples:455492
pressure status:0, copy rounds total/window:0/0, 0.00 rounds/s
pressure logical copy:0.00 MiB total, approx 0.00 MiB/s, checksum:0
pressure report window:2.142475 s
t0_region>
[1]:454675
[2]:690
[3]:107
[4]:27
[5]:11
[6]:2
[7]:2

t1_region>
[2]:416074
[3]:38039
[4]:901
[5]:295
[6]:128
[7]:42
[8]:24
[9]:13
[10]:2
[11]:1
[12]:1
[13]:1

t2_region>
[97]:6380
[98]:425241
[99]:22217
[100]:956
[101]:404
[102]:171
[103]:90
[104]:39
[105]:18
[106]:11
[107]:1
[108]:4

t0_min: 1.04 us, round:124
t0_max: 7.21 us, round:329913
t0_jitter: 6.17 us

t1_min: 2.63 us, round:13
t1_max: 13.17 us, round:354232
t1_jitter: 10.54 us

t2_min: 97.13 us, round:2155
t2_max: 108.83 us, round:354232
t2_jitter: 11.71 us

PMU diff samples: 455563
AVG DIFF LL_CACHE_RD: 4.28
AVG DIFF LL_CACHE_MISS_RD: 0.05
AVG DIFF L2D_CACHE_REFILL: 0.05
AVG DIFF L2D_CACHE_INVAL: 0.00
[cur diff] DIFF LL_CACHE_RD: 20, DIFF LL_CACHE_MISS_RD: 0, MISS_RATE: 0.00%
[cur diff] DIFF L2D_CACHE_REFILL: 0
[cur diff] DIFF L2D_CACHE_INVAL: 0
[max diff] DIFF LL_CACHE_RD: 7, DIFF LL_CACHE_MISS_RD: 5, MISS_RATE: 71.43%
[max diff] DIFF L2D_CACHE_REFILL: 5
[max diff] DIFF L2D_CACHE_INVAL: 0

===========================================================
taskpendcnt:457602
t0:1291 ns
t1:3166 ns
t2:98666 ns
benchmark: Franka-derived Cartesian-impedance kernel, input trace:8, timer period:1.000 ms
controller source: franka_ros2 jazzy@73a1501d, updates:457625, SVD sweeps:5
pose error:[0.010000 0.015000 0.010000 -0.000000 0.049979 -0.000000]
tau[0:6]:[0.839771 0.130674 0.617691 0.624912 0.653099 -0.592692 0.265887]
kernel exec min/avg/max: 94.21 / 95.59 / 102.08 us, samples:457634
pressure status:0, copy rounds total/window:0/0, 0.00 rounds/s
pressure logical copy:0.00 MiB total, approx 0.00 MiB/s, checksum:0
pressure report window:2.141817 s
t0_region>
[1]:456815
[2]:691
[3]:108
[4]:27
[5]:11
[6]:2
[7]:2

t1_region>
[2]:418059
[3]:38194
[4]:902
[5]:296
[6]:128
[7]:42
[8]:24
[9]:13
[10]:2
[11]:1
[12]:1
[13]:1

t2_region>
[97]:6380
[98]:427243
[99]:22354
[100]:957
[101]:405
[102]:171
[103]:90
[104]:39
[105]:18
[106]:11
[107]:1
[108]:4

t0_min: 1.04 us, round:124
t0_max: 7.21 us, round:329913
t0_jitter: 6.17 us

t1_min: 2.63 us, round:13
t1_max: 13.17 us, round:354232
t1_jitter: 10.54 us

t2_min: 97.13 us, round:2155
t2_max: 108.83 us, round:354232
t2_jitter: 11.71 us

PMU diff samples: 457705
AVG DIFF LL_CACHE_RD: 4.28
AVG DIFF LL_CACHE_MISS_RD: 0.05
AVG DIFF L2D_CACHE_REFILL: 0.05
AVG DIFF L2D_CACHE_INVAL: 0.00
[cur diff] DIFF LL_CACHE_RD: 8, DIFF LL_CACHE_MISS_RD: 0, MISS_RATE: 0.00%
[cur diff] DIFF L2D_CACHE_REFILL: 0
[cur diff] DIFF L2D_CACHE_INVAL: 0
[max diff] DIFF LL_CACHE_RD: 7, DIFF LL_CACHE_MISS_RD: 5, MISS_RATE: 71.43%
[max diff] DIFF L2D_CACHE_REFILL: 5
[max diff] DIFF L2D_CACHE_INVAL: 0

===========================================================
taskpendcnt:459744
t0:1291 ns
t1:3166 ns
t2:98958 ns
benchmark: Franka-derived Cartesian-impedance kernel, input trace:8, timer period:1.000 ms
controller source: franka_ros2 jazzy@73a1501d, updates:459767, SVD sweeps:5
pose error:[0.010000 0.015000 0.010000 -0.000000 0.049979 -0.000000]
tau[0:6]:[-2.379368 -1.292411 -1.655224 -1.570015 -1.185234 -0.066588 -0.610247]
kernel exec min/avg/max: 94.21 / 95.59 / 102.08 us, samples:459777
pressure status:0, copy rounds total/window:0/0, 0.00 rounds/s
pressure logical copy:0.00 MiB total, approx 0.00 MiB/s, checksum:0
pressure report window:2.142426 s
t0_region>
[1]:458956
[2]:692
[3]:108
[4]:27
[5]:11
[6]:2
[7]:2

t1_region>
[2]:420038
[3]:38355
[4]:903
[5]:296
[6]:128
[7]:42
[8]:25
[9]:13
[10]:2
[11]:1
[12]:1
[13]:1

t2_region>
[97]:6380
[98]:429265
[99]:22473
[100]:958
[101]:405
[102]:171
[103]:90
[104]:40
[105]:18
[106]:11
[107]:1
[108]:4

t0_min: 1.04 us, round:124
t0_max: 7.21 us, round:329913
t0_jitter: 6.17 us

t1_min: 2.63 us, round:13
t1_max: 13.17 us, round:354232
t1_jitter: 10.54 us

t2_min: 97.13 us, round:2155
t2_max: 108.83 us, round:354232
t2_jitter: 11.71 us

PMU diff samples: 459847
AVG DIFF LL_CACHE_RD: 4.28
AVG DIFF LL_CACHE_MISS_RD: 0.05
AVG DIFF L2D_CACHE_REFILL: 0.05
AVG DIFF L2D_CACHE_INVAL: 0.00
[cur diff] DIFF LL_CACHE_RD: 22, DIFF LL_CACHE_MISS_RD: 0, MISS_RATE: 0.00%
[cur diff] DIFF L2D_CACHE_REFILL: 0
[cur diff] DIFF L2D_CACHE_INVAL: 0
[max diff] DIFF LL_CACHE_RD: 7, DIFF LL_CACHE_MISS_RD: 5, MISS_RATE: 71.43%
[max diff] DIFF L2D_CACHE_REFILL: 5
[max diff] DIFF L2D_CACHE_INVAL: 0

===========================================================
taskpendcnt:461887
t0:1583 ns
t1:3166 ns
t2:98791 ns
benchmark: Franka-derived Cartesian-impedance kernel, input trace:8, timer period:1.000 ms
controller source: franka_ros2 jazzy@73a1501d, updates:461910, SVD sweeps:5
pose error:[0.010000 0.015000 0.010000 -0.000000 0.049979 -0.000000]
tau[0:6]:[-2.781770 -1.613002 -1.930139 -1.581803 -1.382951 -0.390599 -0.663394]
kernel exec min/avg/max: 94.21 / 95.59 / 102.08 us, samples:461919
pressure status:0, copy rounds total/window:0/0, 0.00 rounds/s
pressure logical copy:0.00 MiB total, approx 0.00 MiB/s, checksum:0
pressure report window:2.142918 s
t0_region>
[1]:461088
[2]:702
[3]:108
[4]:27
[5]:12
[6]:2
[7]:2

t1_region>
[2]:421941
[3]:38577
[4]:913
[5]:302
[6]:129
[7]:43
[8]:25
[9]:13
[10]:2
[11]:1
[12]:1
[13]:1

t2_region>
[97]:6380
[98]:431187
[99]:22669
[100]:970
[101]:413
[102]:173
[103]:93
[104]:40
[105]:18
[106]:11
[107]:1
[108]:4

t0_min: 1.04 us, round:124
t0_max: 7.21 us, round:329913
t0_jitter: 6.17 us

t1_min: 2.63 us, round:13
t1_max: 13.17 us, round:354232
t1_jitter: 10.54 us

t2_min: 97.13 us, round:2155
t2_max: 108.83 us, round:354232
t2_jitter: 11.71 us

PMU diff samples: 461990
AVG DIFF LL_CACHE_RD: 4.28
AVG DIFF LL_CACHE_MISS_RD: 0.05
AVG DIFF L2D_CACHE_REFILL: 0.05
AVG DIFF L2D_CACHE_INVAL: 0.00
[cur diff] DIFF LL_CACHE_RD: 17, DIFF LL_CACHE_MISS_RD: 0, MISS_RATE: 0.00%
[cur diff] DIFF L2D_CACHE_REFILL: 0
[cur diff] DIFF L2D_CACHE_INVAL: 0
[max diff] DIFF LL_CACHE_RD: 7, DIFF LL_CACHE_MISS_RD: 5, MISS_RATE: 71.43%
[max diff] DIFF L2D_CACHE_REFILL: 5
[max diff] DIFF L2D_CACHE_INVAL: 0

===========================================================
taskpendcnt:464030
t0:1416 ns
t1:3000 ns
t2:98791 ns
benchmark: Franka-derived Cartesian-impedance kernel, input trace:8, timer period:1.000 ms
controller source: franka_ros2 jazzy@73a1501d, updates:464053, SVD sweeps:5
pose error:[0.010000 0.015000 0.010000 -0.000000 0.049979 -0.000000]
tau[0:6]:[-0.567483 -0.552304 -0.482512 -0.231067 -0.297494 -0.656094 -0.085004]
kernel exec min/avg/max: 94.21 / 95.59 / 102.08 us, samples:464062
pressure status:0, copy rounds total/window:0/0, 0.00 rounds/s
pressure logical copy:0.00 MiB total, approx 0.00 MiB/s, checksum:0
pressure report window:2.142904 s
t0_region>
[1]:463231
[2]:702
[3]:108
[4]:27
[5]:12
[6]:2
[7]:2

t1_region>
[2]:423899
[3]:38762
[4]:913
[5]:302
[6]:129
[7]:43
[8]:25
[9]:13
[10]:2
[11]:1
[12]:1
[13]:1

t2_region>
[97]:6380
[98]:433203
[99]:22796
[100]:970
[101]:413
[102]:173
[103]:93
[104]:40
[105]:18
[106]:11
[107]:1
[108]:4

t0_min: 1.04 us, round:124
t0_max: 7.21 us, round:329913
t0_jitter: 6.17 us

t1_min: 2.63 us, round:13
t1_max: 13.17 us, round:354232
t1_jitter: 10.54 us

t2_min: 97.13 us, round:2155
t2_max: 108.83 us, round:354232
t2_jitter: 11.71 us

PMU diff samples: 464133
AVG DIFF LL_CACHE_RD: 4.28
AVG DIFF LL_CACHE_MISS_RD: 0.05
AVG DIFF L2D_CACHE_REFILL: 0.05
AVG DIFF L2D_CACHE_INVAL: 0.00
[cur diff] DIFF LL_CACHE_RD: 22, DIFF LL_CACHE_MISS_RD: 0, MISS_RATE: 0.00%
[cur diff] DIFF L2D_CACHE_REFILL: 0
[cur diff] DIFF L2D_CACHE_INVAL: 0
[max diff] DIFF LL_CACHE_RD: 7, DIFF LL_CACHE_MISS_RD: 5, MISS_RATE: 71.43%
[max diff] DIFF L2D_CACHE_REFILL: 5
[max diff] DIFF L2D_CACHE_INVAL: 0

===========================================================
taskpendcnt:466173
t0:1250 ns
t1:2833 ns
t2:98916 ns
benchmark: Franka-derived Cartesian-impedance kernel, input trace:8, timer period:1.000 ms
controller source: franka_ros2 jazzy@73a1501d, updates:466195, SVD sweeps:5
pose error:[0.010000 0.015000 0.010000 -0.000000 0.049979 -0.000000]
tau[0:6]:[1.376914 -0.104433 0.790225 0.843903 0.642107 -0.956178 0.423547]
kernel exec min/avg/max: 94.21 / 95.59 / 102.08 us, samples:466205
pressure status:0, copy rounds total/window:0/0, 0.00 rounds/s
pressure logical copy:0.00 MiB total, approx 0.00 MiB/s, checksum:0
pressure report window:2.142472 s
t0_region>
[1]:465373
[2]:702
[3]:108
[4]:27
[5]:12
[6]:2
[7]:2

t1_region>
[2]:425869
[3]:38935
[4]:913
[5]:302
[6]:129
[7]:43
[8]:25
[9]:13
[10]:2
[11]:1
[12]:1
[13]:1

t2_region>
[97]:6380
[98]:435233
[99]:22909
[100]:970
[101]:413
[102]:173
[103]:93
[104]:40
[105]:18
[106]:11
[107]:1
[108]:4

t0_min: 1.04 us, round:124
t0_max: 7.21 us, round:329913
t0_jitter: 6.17 us

t1_min: 2.63 us, round:13
t1_max: 13.17 us, round:354232
t1_jitter: 10.54 us

t2_min: 97.13 us, round:2155
t2_max: 108.83 us, round:354232
t2_jitter: 11.71 us

PMU diff samples: 466276
AVG DIFF LL_CACHE_RD: 4.28
AVG DIFF LL_CACHE_MISS_RD: 0.05
AVG DIFF L2D_CACHE_REFILL: 0.05
AVG DIFF L2D_CACHE_INVAL: 0.00
[cur diff] DIFF LL_CACHE_RD: 12, DIFF LL_CACHE_MISS_RD: 0, MISS_RATE: 0.00%
[cur diff] DIFF L2D_CACHE_REFILL: 0
[cur diff] DIFF L2D_CACHE_INVAL: 0
[max diff] DIFF LL_CACHE_RD: 7, DIFF LL_CACHE_MISS_RD: 5, MISS_RATE: 71.43%
[max diff] DIFF L2D_CACHE_REFILL: 5
[max diff] DIFF L2D_CACHE_INVAL: 0

===========================================================
taskpendcnt:468315
t0:1541 ns
t1:3125 ns
t2:98916 ns
benchmark: Franka-derived Cartesian-impedance kernel, input trace:8, timer period:1.000 ms
controller source: franka_ros2 jazzy@73a1501d, updates:468337, SVD sweeps:5
pose error:[0.010000 0.015000 0.010000 -0.000000 0.049979 -0.000000]
tau[0:6]:[0.839771 0.130674 0.617691 0.624912 0.653099 -0.592692 0.265887]
kernel exec min/avg/max: 94.21 / 95.59 / 102.08 us, samples:468347
pressure status:0, copy rounds total/window:0/0, 0.00 rounds/s
pressure logical copy:0.00 MiB total, approx 0.00 MiB/s, checksum:0
pressure report window:2.141878 s
t0_region>
[1]:467515
[2]:702
[3]:108
[4]:27
[5]:12
[6]:2
[7]:2

t1_region>
[2]:427827
[3]:39119
[4]:913
[5]:302
[6]:129
[7]:43
[8]:25
[9]:13
[10]:2
[11]:1
[12]:1
[13]:1

t2_region>
[97]:6380
[98]:437281
[99]:23002
[100]:970
[101]:413
[102]:173
[103]:93
[104]:40
[105]:18
[106]:11
[107]:1
[108]:4

t0_min: 1.04 us, round:124
t0_max: 7.21 us, round:329913
t0_jitter: 6.17 us

t1_min: 2.63 us, round:13
t1_max: 13.17 us, round:354232
t1_jitter: 10.54 us

t2_min: 97.13 us, round:2155
t2_max: 108.83 us, round:354232
t2_jitter: 11.71 us

PMU diff samples: 468417
AVG DIFF LL_CACHE_RD: 4.28
AVG DIFF LL_CACHE_MISS_RD: 0.05
AVG DIFF L2D_CACHE_REFILL: 0.05
AVG DIFF L2D_CACHE_INVAL: 0.00
[cur diff] DIFF LL_CACHE_RD: 10, DIFF LL_CACHE_MISS_RD: 0, MISS_RATE: 0.00%
[cur diff] DIFF L2D_CACHE_REFILL: 0
[cur diff] DIFF L2D_CACHE_INVAL: 0
[max diff] DIFF LL_CACHE_RD: 7, DIFF LL_CACHE_MISS_RD: 5, MISS_RATE: 71.43%
[max diff] DIFF L2D_CACHE_REFILL: 5
[max diff] DIFF L2D_CACHE_INVAL: 0

===========================================================
taskpendcnt:470457
t0:1833 ns
t1:3125 ns
t2:99500 ns
benchmark: Franka-derived Cartesian-impedance kernel, input trace:8, timer period:1.000 ms
controller source: franka_ros2 jazzy@73a1501d, updates:470479, SVD sweeps:5
pose error:[0.010000 0.015000 0.010000 -0.000000 0.049979 -0.000000]
tau[0:6]:[-1.839419 -0.921560 -1.193198 -1.195971 -0.861243 0.113634 -0.461388]
kernel exec min/avg/max: 94.21 / 95.59 / 102.08 us, samples:470489
pressure status:0, copy rounds total/window:0/0, 0.00 rounds/s
pressure logical copy:0.00 MiB total, approx 0.00 MiB/s, checksum:0
pressure report window:2.142321 s
t0_region>
[1]:469650
[2]:708
[3]:110
[4]:27
[5]:12
[6]:2
[7]:2

t1_region>
[2]:429761
[3]:39319
[4]:916
[5]:305
[6]:130
[7]:44
[8]:25
[9]:13
[10]:2
[11]:1
[12]:1
[13]:1

t2_region>
[97]:6380
[98]:439240
[99]:23176
[100]:974
[101]:415
[102]:176
[103]:94
[104]:40
[105]:18
[106]:11
[107]:1
[108]:4

t0_min: 1.04 us, round:124
t0_max: 7.21 us, round:329913
t0_jitter: 6.17 us

t1_min: 2.63 us, round:13
t1_max: 13.17 us, round:354232
t1_jitter: 10.54 us

t2_min: 97.13 us, round:2155
t2_max: 108.83 us, round:354232
t2_jitter: 11.71 us

PMU diff samples: 470560
AVG DIFF LL_CACHE_RD: 4.28
AVG DIFF LL_CACHE_MISS_RD: 0.05
AVG DIFF L2D_CACHE_REFILL: 0.05
AVG DIFF L2D_CACHE_INVAL: 0.00
[cur diff] DIFF LL_CACHE_RD: 13, DIFF LL_CACHE_MISS_RD: 0, MISS_RATE: 0.00%
[cur diff] DIFF L2D_CACHE_REFILL: 0
[cur diff] DIFF L2D_CACHE_INVAL: 0
[max diff] DIFF LL_CACHE_RD: 7, DIFF LL_CACHE_MISS_RD: 5, MISS_RATE: 71.43%
[max diff] DIFF L2D_CACHE_REFILL: 5
[max diff] DIFF L2D_CACHE_INVAL: 0

===========================================================
taskpendcnt:472600
t0:1375 ns
t1:3250 ns
t2:99041 ns
benchmark: Franka-derived Cartesian-impedance kernel, input trace:8, timer period:1.000 ms
controller source: franka_ros2 jazzy@73a1501d, updates:472622, SVD sweeps:5
pose error:[0.010000 0.015000 0.010000 -0.000000 0.049979 -0.000000]
tau[0:6]:[-2.379368 -1.292411 -1.655224 -1.570015 -1.185234 -0.066588 -0.610247]
kernel exec min/avg/max: 94.21 / 95.59 / 102.08 us, samples:472632
pressure status:0, copy rounds total/window:0/0, 0.00 rounds/s
pressure logical copy:0.00 MiB total, approx 0.00 MiB/s, checksum:0
pressure report window:2.142949 s
t0_region>
[1]:471792
[2]:708
[3]:110
[4]:27
[5]:12
[6]:2
[7]:2

t1_region>
[2]:431732
[3]:39490
[4]:916
[5]:305
[6]:131
[7]:44
[8]:25
[9]:13
[10]:2
[11]:1
[12]:1
[13]:1

t2_region>
[97]:6380
[98]:441353
[99]:23203
[100]:976
[101]:416
[102]:176
[103]:94
[104]:40
[105]:18
[106]:11
[107]:1
[108]:4

t0_min: 1.04 us, round:124
t0_max: 7.21 us, round:329913
t0_jitter: 6.17 us

t1_min: 2.63 us, round:13
t1_max: 13.17 us, round:354232
t1_jitter: 10.54 us

t2_min: 97.13 us, round:2155
t2_max: 108.83 us, round:354232
t2_jitter: 11.71 us

PMU diff samples: 472703
AVG DIFF LL_CACHE_RD: 4.28
AVG DIFF LL_CACHE_MISS_RD: 0.05
AVG DIFF L2D_CACHE_REFILL: 0.05
AVG DIFF L2D_CACHE_INVAL: 0.00
[cur diff] DIFF LL_CACHE_RD: 21, DIFF LL_CACHE_MISS_RD: 0, MISS_RATE: 0.00%
[cur diff] DIFF L2D_CACHE_REFILL: 0
[cur diff] DIFF L2D_CACHE_INVAL: 0
[max diff] DIFF LL_CACHE_RD: 7, DIFF LL_CACHE_MISS_RD: 5, MISS_RATE: 71.43%
[max diff] DIFF L2D_CACHE_REFILL: 5
[max diff] DIFF L2D_CACHE_INVAL: 0

===========================================================
taskpendcnt:474742
t0:1208 ns
t1:3083 ns
t2:98875 ns
benchmark: Franka-derived Cartesian-impedance kernel, input trace:8, timer period:1.000 ms
controller source: franka_ros2 jazzy@73a1501d, updates:474765, SVD sweeps:5
pose error:[0.010000 0.015000 0.010000 -0.000000 0.049979 -0.000000]
tau[0:6]:[-2.781770 -1.613002 -1.930139 -1.581803 -1.382951 -0.390599 -0.663394]
kernel exec min/avg/max: 94.21 / 95.59 / 102.08 us, samples:474775
pressure status:0, copy rounds total/window:0/0, 0.00 rounds/s
pressure logical copy:0.00 MiB total, approx 0.00 MiB/s, checksum:0
pressure report window:2.142906 s
t0_region>
[1]:473929
[2]:712
[3]:111
[4]:28
[5]:12
[6]:2
[7]:2

t1_region>
[2]:433682
[3]:39674
[4]:922
[5]:306
[6]:131
[7]:45
[8]:26
[9]:13
[10]:2
[11]:1
[12]:1
[13]:1

t2_region>
[97]:6380
[98]:443331
[99]:23355
[100]:984
[101]:419
[102]:176
[103]:95
[104]:40
[105]:18
[106]:11
[107]:2
[108]:4

t0_min: 1.04 us, round:124
t0_max: 7.21 us, round:329913
t0_jitter: 6.17 us

t1_min: 2.63 us, round:13
t1_max: 13.17 us, round:354232
t1_jitter: 10.54 us

t2_min: 97.13 us, round:2155
t2_max: 108.83 us, round:354232
t2_jitter: 11.71 us

PMU diff samples: 474846
AVG DIFF LL_CACHE_RD: 4.28
AVG DIFF LL_CACHE_MISS_RD: 0.05
AVG DIFF L2D_CACHE_REFILL: 0.05
AVG DIFF L2D_CACHE_INVAL: 0.00
[cur diff] DIFF LL_CACHE_RD: 10, DIFF LL_CACHE_MISS_RD: 0, MISS_RATE: 0.00%
[cur diff] DIFF L2D_CACHE_REFILL: 0
[cur diff] DIFF L2D_CACHE_INVAL: 0
[max diff] DIFF LL_CACHE_RD: 7, DIFF LL_CACHE_MISS_RD: 5, MISS_RATE: 71.43%
[max diff] DIFF L2D_CACHE_REFILL: 5
[max diff] DIFF L2D_CACHE_INVAL: 0

===========================================================
taskpendcnt:476885
t0:1333 ns
t1:3208 ns
t2:98708 ns
benchmark: Franka-derived Cartesian-impedance kernel, input trace:8, timer period:1.000 ms
controller source: franka_ros2 jazzy@73a1501d, updates:476908, SVD sweeps:5
pose error:[0.010000 0.015000 0.010000 -0.000000 0.049979 -0.000000]
tau[0:6]:[-0.567483 -0.552304 -0.482512 -0.231067 -0.297494 -0.656094 -0.085004]
kernel exec min/avg/max: 94.21 / 95.59 / 102.08 us, samples:476918
pressure status:0, copy rounds total/window:0/0, 0.00 rounds/s
pressure logical copy:0.00 MiB total, approx 0.00 MiB/s, checksum:0
pressure report window:2.142912 s
t0_region>
[1]:476062
[2]:721
[3]:112
[4]:28
[5]:12
[6]:2
[7]:2

t1_region>
[2]:435635
[3]:39853
[4]:928
[5]:309
[6]:132
[7]:46
[8]:26
[9]:13
[10]:2
[11]:1
[12]:1
[13]:1

t2_region>
[97]:6380
[98]:445277
[99]:23541
[100]:988
[101]:422
[102]:178
[103]:96
[104]:40
[105]:18
[106]:11
[107]:2
[108]:4

t0_min: 1.04 us, round:124
t0_max: 7.21 us, round:329913
t0_jitter: 6.17 us

t1_min: 2.63 us, round:13
t1_max: 13.17 us, round:354232
t1_jitter: 10.54 us

t2_min: 97.13 us, round:2155
t2_max: 108.83 us, round:354232
t2_jitter: 11.71 us

PMU diff samples: 476989
AVG DIFF LL_CACHE_RD: 4.28
AVG DIFF LL_CACHE_MISS_RD: 0.05
AVG DIFF L2D_CACHE_REFILL: 0.05
AVG DIFF L2D_CACHE_INVAL: 0.00
[cur diff] DIFF LL_CACHE_RD: 11, DIFF LL_CACHE_MISS_RD: 0, MISS_RATE: 0.00%
[cur diff] DIFF L2D_CACHE_REFILL: 0
[cur diff] DIFF L2D_CACHE_INVAL: 0
[max diff] DIFF LL_CACHE_RD: 7, DIFF LL_CACHE_MISS_RD: 5, MISS_RATE: 71.43%
[max diff] DIFF L2D_CACHE_REFILL: 5
[max diff] DIFF L2D_CACHE_INVAL: 0

===========================================================
taskpendcnt:479028
t0:1458 ns
t1:3333 ns
t2:98833 ns
benchmark: Franka-derived Cartesian-impedance kernel, input trace:8, timer period:1.000 ms
controller source: franka_ros2 jazzy@73a1501d, updates:479051, SVD sweeps:5
pose error:[0.010000 0.015000 0.010000 -0.000000 0.049979 -0.000000]
tau[0:6]:[1.376914 -0.104433 0.790225 0.843903 0.642107 -0.956178 0.423547]
kernel exec min/avg/max: 94.21 / 95.59 / 102.08 us, samples:479060
pressure status:0, copy rounds total/window:0/0, 0.00 rounds/s
pressure logical copy:0.00 MiB total, approx 0.00 MiB/s, checksum:0
pressure report window:2.142473 s
t0_region>
[1]:478205
[2]:721
[3]:112
[4]:28
[5]:12
[6]:2
[7]:2

t1_region>
[2]:437617
[3]:40013
[4]:928
[5]:309
[6]:132
[7]:46
[8]:26
[9]:13
[10]:2
[11]:1
[12]:1
[13]:1

t2_region>
[97]:6380
[98]:447297
[99]:23664
[100]:988
[101]:422
[102]:178
[103]:96
[104]:40
[105]:18
[106]:11
[107]:2
[108]:4

t0_min: 1.04 us, round:124
t0_max: 7.21 us, round:329913
t0_jitter: 6.17 us

t1_min: 2.63 us, round:13
t1_max: 13.17 us, round:354232
t1_jitter: 10.54 us

t2_min: 97.13 us, round:2155
t2_max: 108.83 us, round:354232
t2_jitter: 11.71 us

PMU diff samples: 479131
AVG DIFF LL_CACHE_RD: 4.28
AVG DIFF LL_CACHE_MISS_RD: 0.05
AVG DIFF L2D_CACHE_REFILL: 0.05
AVG DIFF L2D_CACHE_INVAL: 0.00
[cur diff] DIFF LL_CACHE_RD: 11, DIFF LL_CACHE_MISS_RD: 0, MISS_RATE: 0.00%
[cur diff] DIFF L2D_CACHE_REFILL: 0
[cur diff] DIFF L2D_CACHE_INVAL: 0
[max diff] DIFF LL_CACHE_RD: 7, DIFF LL_CACHE_MISS_RD: 5, MISS_RATE: 71.43%
[max diff] DIFF L2D_CACHE_REFILL: 5
[max diff] DIFF L2D_CACHE_INVAL: 0

===========================================================
taskpendcnt:481170
t0:1458 ns
t1:3041 ns
t2:98541 ns
benchmark: Franka-derived Cartesian-impedance kernel, input trace:8, timer period:1.000 ms
controller source: franka_ros2 jazzy@73a1501d, updates:481193, SVD sweeps:5
pose error:[0.010000 0.015000 0.010000 -0.000000 0.049979 -0.000000]
tau[0:6]:[0.839771 0.130674 0.617691 0.624912 0.653099 -0.592692 0.265887]
kernel exec min/avg/max: 94.21 / 95.59 / 102.08 us, samples:481202
pressure status:0, copy rounds total/window:0/0, 0.00 rounds/s
pressure logical copy:0.00 MiB total, approx 0.00 MiB/s, checksum:0
pressure report window:2.141820 s
t0_region>
[1]:480347
[2]:721
[3]:112
[4]:28
[5]:12
[6]:2
[7]:2

t1_region>
[2]:439602
[3]:40170
[4]:928
[5]:309
[6]:132
[7]:46
[8]:26
[9]:13
[10]:2
[11]:1
[12]:1
[13]:1

t2_region>
[97]:6380
[98]:449335
[99]:23767
[100]:988
[101]:422
[102]:178
[103]:96
[104]:40
[105]:18
[106]:11
[107]:2
[108]:4

t0_min: 1.04 us, round:124
t0_max: 7.21 us, round:329913
t0_jitter: 6.17 us

t1_min: 2.63 us, round:13
t1_max: 13.17 us, round:354232
t1_jitter: 10.54 us

t2_min: 97.13 us, round:2155
t2_max: 108.83 us, round:354232
t2_jitter: 11.71 us

PMU diff samples: 481273
AVG DIFF LL_CACHE_RD: 4.28
AVG DIFF LL_CACHE_MISS_RD: 0.05
AVG DIFF L2D_CACHE_REFILL: 0.05
AVG DIFF L2D_CACHE_INVAL: 0.00
[cur diff] DIFF LL_CACHE_RD: 17, DIFF LL_CACHE_MISS_RD: 0, MISS_RATE: 0.00%
[cur diff] DIFF L2D_CACHE_REFILL: 0
[cur diff] DIFF L2D_CACHE_INVAL: 0
[max diff] DIFF LL_CACHE_RD: 7, DIFF LL_CACHE_MISS_RD: 5, MISS_RATE: 71.43%
[max diff] DIFF L2D_CACHE_REFILL: 5
[max diff] DIFF L2D_CACHE_INVAL: 0

===========================================================
taskpendcnt:483312
t0:1625 ns
t1:3041 ns
t2:98541 ns
benchmark: Franka-derived Cartesian-impedance kernel, input trace:8, timer period:1.000 ms
controller source: franka_ros2 jazzy@73a1501d, updates:483335, SVD sweeps:5
pose error:[0.010000 0.015000 0.010000 -0.000000 0.049979 -0.000000]
tau[0:6]:[-2.379368 -1.292411 -1.655224 -1.570015 -1.185234 -0.066588 -0.610247]
kernel exec min/avg/max: 94.21 / 95.59 / 102.08 us, samples:483345
pressure status:0, copy rounds total/window:0/0, 0.00 rounds/s
pressure logical copy:0.00 MiB total, approx 0.00 MiB/s, checksum:0
pressure report window:2.142426 s
t0_region>
[1]:482488
[2]:722
[3]:112
[4]:28
[5]:12
[6]:2
[7]:2

t1_region>
[2]:441563
[3]:40350
[4]:929
[5]:309
[6]:132
[7]:46
[8]:26
[9]:13
[10]:2
[11]:1
[12]:1
[13]:1

t2_region>
[97]:6380
[98]:451383
[99]:23861
[100]:989
[101]:422
[102]:178
[103]:96
[104]:40
[105]:18
[106]:11
[107]:2
[108]:4

t0_min: 1.04 us, round:124
t0_max: 7.21 us, round:329913
t0_jitter: 6.17 us

t1_min: 2.63 us, round:13
t1_max: 13.17 us, round:354232
t1_jitter: 10.54 us

t2_min: 97.13 us, round:2155
t2_max: 108.83 us, round:354232
t2_jitter: 11.71 us

PMU diff samples: 483415
AVG DIFF LL_CACHE_RD: 4.28
AVG DIFF LL_CACHE_MISS_RD: 0.05
AVG DIFF L2D_CACHE_REFILL: 0.05
AVG DIFF L2D_CACHE_INVAL: 0.00
[cur diff] DIFF LL_CACHE_RD: 15, DIFF LL_CACHE_MISS_RD: 0, MISS_RATE: 0.00%
[cur diff] DIFF L2D_CACHE_REFILL: 0
[cur diff] DIFF L2D_CACHE_INVAL: 0
[max diff] DIFF LL_CACHE_RD: 7, DIFF LL_CACHE_MISS_RD: 5, MISS_RATE: 71.43%
[max diff] DIFF L2D_CACHE_REFILL: 5
[max diff] DIFF L2D_CACHE_INVAL: 0

===========================================================
taskpendcnt:485455
t0:1458 ns
t1:3041 ns
t2:98541 ns
benchmark: Franka-derived Cartesian-impedance kernel, input trace:8, timer period:1.000 ms
controller source: franka_ros2 jazzy@73a1501d, updates:485478, SVD sweeps:5
pose error:[0.010000 0.015000 0.010000 -0.000000 0.049979 -0.000000]
tau[0:6]:[-2.781770 -1.613002 -1.930139 -1.581803 -1.382951 -0.390599 -0.663394]
kernel exec min/avg/max: 94.21 / 95.59 / 102.08 us, samples:485487
pressure status:0, copy rounds total/window:0/0, 0.00 rounds/s
pressure logical copy:0.00 MiB total, approx 0.00 MiB/s, checksum:0
pressure report window:2.142910 s
t0_region>
[1]:484623
[2]:730
[3]:112
[4]:28
[5]:12
[6]:2
[7]:2

t1_region>
[2]:443509
[3]:40538
[4]:934
[5]:311
[6]:133
[7]:47
[8]:26
[9]:13
[10]:2
[11]:1
[12]:1
[13]:1

t2_region>
[97]:6380
[98]:453361
[99]:24018
[100]:994
[101]:425
[102]:178
[103]:97
[104]:40
[105]:18
[106]:11
[107]:2
[108]:4

t0_min: 1.04 us, round:124
t0_max: 7.21 us, round:329913
t0_jitter: 6.17 us

t1_min: 2.63 us, round:13
t1_max: 13.17 us, round:354232
t1_jitter: 10.54 us

t2_min: 97.13 us, round:2155
t2_max: 108.83 us, round:354232
t2_jitter: 11.71 us

PMU diff samples: 485558
AVG DIFF LL_CACHE_RD: 4.28
AVG DIFF LL_CACHE_MISS_RD: 0.05
AVG DIFF L2D_CACHE_REFILL: 0.05
AVG DIFF L2D_CACHE_INVAL: 0.00
[cur diff] DIFF LL_CACHE_RD: 20, DIFF LL_CACHE_MISS_RD: 0, MISS_RATE: 0.00%
[cur diff] DIFF L2D_CACHE_REFILL: 0
[cur diff] DIFF L2D_CACHE_INVAL: 0
[max diff] DIFF LL_CACHE_RD: 7, DIFF LL_CACHE_MISS_RD: 5, MISS_RATE: 71.43%
[max diff] DIFF L2D_CACHE_REFILL: 5
[max diff] DIFF L2D_CACHE_INVAL: 0

===========================================================
taskpendcnt:487598
t0:1291 ns
t1:3166 ns
t2:98958 ns
benchmark: Franka-derived Cartesian-impedance kernel, input trace:8, timer period:1.000 ms
controller source: franka_ros2 jazzy@73a1501d, updates:487620, SVD sweeps:5
pose error:[0.010000 0.015000 0.010000 -0.000000 0.049979 -0.000000]
tau[0:6]:[-0.567483 -0.552304 -0.482512 -0.231067 -0.297494 -0.656094 -0.085004]
kernel exec min/avg/max: 94.21 / 95.59 / 102.08 us, samples:487630
pressure status:0, copy rounds total/window:0/0, 0.00 rounds/s
pressure logical copy:0.00 MiB total, approx 0.00 MiB/s, checksum:0
pressure report window:2.142906 s
t0_region>
[1]:486766
[2]:730
[3]:112
[4]:28
[5]:12
[6]:2
[7]:2

t1_region>
[2]:445493
[3]:40696
[4]:934
[5]:311
[6]:133
[7]:47
[8]:26
[9]:13
[10]:2
[11]:1
[12]:1
[13]:1

t2_region>
[97]:6380
[98]:455383
[99]:24138
[100]:994
[101]:425
[102]:178
[103]:97
[104]:40
[105]:18
[106]:11
[107]:2
[108]:4

t0_min: 1.04 us, round:124
t0_max: 7.21 us, round:329913
t0_jitter: 6.17 us

t1_min: 2.63 us, round:13
t1_max: 13.17 us, round:354232
t1_jitter: 10.54 us

t2_min: 97.13 us, round:2155
t2_max: 108.83 us, round:354232
t2_jitter: 11.71 us

PMU diff samples: 487701
AVG DIFF LL_CACHE_RD: 4.28
AVG DIFF LL_CACHE_MISS_RD: 0.05
AVG DIFF L2D_CACHE_REFILL: 0.05
AVG DIFF L2D_CACHE_INVAL: 0.00
[cur diff] DIFF LL_CACHE_RD: 19, DIFF LL_CACHE_MISS_RD: 0, MISS_RATE: 0.00%
[cur diff] DIFF L2D_CACHE_REFILL: 0
[cur diff] DIFF L2D_CACHE_INVAL: 0
[max diff] DIFF LL_CACHE_RD: 7, DIFF LL_CACHE_MISS_RD: 5, MISS_RATE: 71.43%
[max diff] DIFF L2D_CACHE_REFILL: 5
[max diff] DIFF L2D_CACHE_INVAL: 0

===========================================================
taskpendcnt:489741
t0:1416 ns
t1:3291 ns
t2:98791 ns
benchmark: Franka-derived Cartesian-impedance kernel, input trace:8, timer period:1.000 ms
controller source: franka_ros2 jazzy@73a1501d, updates:489763, SVD sweeps:5
pose error:[0.010000 0.015000 0.010000 -0.000000 0.049979 -0.000000]
tau[0:6]:[1.376914 -0.104433 0.790225 0.843903 0.642107 -0.956178 0.423547]
kernel exec min/avg/max: 94.21 / 95.59 / 102.08 us, samples:489773
pressure status:0, copy rounds total/window:0/0, 0.00 rounds/s
pressure logical copy:0.00 MiB total, approx 0.00 MiB/s, checksum:0
pressure report window:2.142481 s
t0_region>
[1]:488901
[2]:736
[3]:113
[4]:28
[5]:12
[6]:2
[7]:2

t1_region>
[2]:447422
[3]:40904
[4]:939
[5]:312
[6]:133
[7]:48
[8]:26
[9]:13
[10]:2
[11]:1
[12]:1
[13]:1

t2_region>
[97]:6380
[98]:457262
[99]:24388
[100]:1002
[101]:429
[102]:178
[103]:97
[104]:40
[105]:19
[106]:11
[107]:2
[108]:4

t0_min: 1.04 us, round:124
t0_max: 7.21 us, round:329913
t0_jitter: 6.17 us

t1_min: 2.63 us, round:13
t1_max: 13.17 us, round:354232
t1_jitter: 10.54 us

t2_min: 97.13 us, round:2155
t2_max: 108.83 us, round:354232
t2_jitter: 11.71 us

PMU diff samples: 489844
AVG DIFF LL_CACHE_RD: 4.28
AVG DIFF LL_CACHE_MISS_RD: 0.05
AVG DIFF L2D_CACHE_REFILL: 0.05
AVG DIFF L2D_CACHE_INVAL: 0.00
[cur diff] DIFF LL_CACHE_RD: 14, DIFF LL_CACHE_MISS_RD: 0, MISS_RATE: 0.00%
[cur diff] DIFF L2D_CACHE_REFILL: 0
[cur diff] DIFF L2D_CACHE_INVAL: 0
[max diff] DIFF LL_CACHE_RD: 7, DIFF LL_CACHE_MISS_RD: 5, MISS_RATE: 71.43%
[max diff] DIFF L2D_CACHE_REFILL: 5
[max diff] DIFF L2D_CACHE_INVAL: 0

===========================================================
taskpendcnt:491884
t0:1250 ns
t1:3125 ns
t2:98625 ns
benchmark: Franka-derived Cartesian-impedance kernel, input trace:8, timer period:1.000 ms
controller source: franka_ros2 jazzy@73a1501d, updates:491906, SVD sweeps:5
pose error:[0.010000 0.015000 0.010000 -0.000000 0.049979 -0.000000]
tau[0:6]:[1.228026 0.081850 0.819520 0.875435 0.745706 -0.833381 0.398995]
kernel exec min/avg/max: 94.21 / 95.59 / 102.08 us, samples:491916
pressure status:0, copy rounds total/window:0/0, 0.00 rounds/s
pressure logical copy:0.00 MiB total, approx 0.00 MiB/s, checksum:0
pressure report window:2.142896 s
t0_region>
[1]:491039
[2]:741
[3]:113
[4]:28
[5]:12
[6]:2
[7]:2

t1_region>
[2]:449381
[3]:41081
[4]:944
[5]:312
[6]:135
[7]:48
[8]:26
[9]:13
[10]:2
[11]:1
[12]:1
[13]:1

t2_region>
[97]:6380
[98]:459262
[99]:24523
[100]:1008
[101]:429
[102]:179
[103]:98
[104]:40
[105]:19
[106]:11
[107]:2
[108]:4

t0_min: 1.04 us, round:124
t0_max: 7.21 us, round:329913
t0_jitter: 6.17 us

t1_min: 2.63 us, round:13
t1_max: 13.17 us, round:354232
t1_jitter: 10.54 us

t2_min: 97.13 us, round:2155
t2_max: 108.83 us, round:354232
t2_jitter: 11.71 us

PMU diff samples: 491987
AVG DIFF LL_CACHE_RD: 4.28
AVG DIFF LL_CACHE_MISS_RD: 0.05
AVG DIFF L2D_CACHE_REFILL: 0.05
AVG DIFF L2D_CACHE_INVAL: 0.00
[cur diff] DIFF LL_CACHE_RD: 15, DIFF LL_CACHE_MISS_RD: 0, MISS_RATE: 0.00%
[cur diff] DIFF L2D_CACHE_REFILL: 0
[cur diff] DIFF L2D_CACHE_INVAL: 0
[max diff] DIFF LL_CACHE_RD: 7, DIFF LL_CACHE_MISS_RD: 5, MISS_RATE: 71.43%
[max diff] DIFF L2D_CACHE_REFILL: 5
[max diff] DIFF L2D_CACHE_INVAL: 0

===========================================================
taskpendcnt:494026
t0:1833 ns
t1:3125 ns
t2:99500 ns
benchmark: Franka-derived Cartesian-impedance kernel, input trace:8, timer period:1.000 ms
controller source: franka_ros2 jazzy@73a1501d, updates:494048, SVD sweeps:5
pose error:[0.010000 0.015000 0.010000 -0.000000 0.049979 -0.000000]
tau[0:6]:[-0.274004 -0.324180 0.001577 -0.231466 0.050986 -0.328952 0.010844]
kernel exec min/avg/max: 94.21 / 95.59 / 102.08 us, samples:494058
pressure status:0, copy rounds total/window:0/0, 0.00 rounds/s
pressure logical copy:0.00 MiB total, approx 0.00 MiB/s, checksum:0
pressure report window:2.142145 s
t0_region>
[1]:493181
[2]:741
[3]:113
[4]:28
[5]:12
[6]:2
[7]:2

t1_region>
[2]:451340
[3]:41264
[4]:944
[5]:312
[6]:135
[7]:48
[8]:26
[9]:13
[10]:2
[11]:1
[12]:1
[13]:1

t2_region>
[97]:6380
[98]:461285
[99]:24642
[100]:1009
[101]:429
[102]:179
[103]:98
[104]:40
[105]:19
[106]:11
[107]:2
[108]:4

t0_min: 1.04 us, round:124
t0_max: 7.21 us, round:329913
t0_jitter: 6.17 us

t1_min: 2.63 us, round:13
t1_max: 13.17 us, round:354232
t1_jitter: 10.54 us

t2_min: 97.13 us, round:2155
t2_max: 108.83 us, round:354232
t2_jitter: 11.71 us

PMU diff samples: 494129
AVG DIFF LL_CACHE_RD: 4.28
AVG DIFF LL_CACHE_MISS_RD: 0.05
AVG DIFF L2D_CACHE_REFILL: 0.05
AVG DIFF L2D_CACHE_INVAL: 0.00
[cur diff] DIFF LL_CACHE_RD: 14, DIFF LL_CACHE_MISS_RD: 0, MISS_RATE: 0.00%
[cur diff] DIFF L2D_CACHE_REFILL: 0
[cur diff] DIFF L2D_CACHE_INVAL: 0
[max diff] DIFF LL_CACHE_RD: 7, DIFF LL_CACHE_MISS_RD: 5, MISS_RATE: 71.43%
[max diff] DIFF L2D_CACHE_REFILL: 5
[max diff] DIFF L2D_CACHE_INVAL: 0

===========================================================
taskpendcnt:496168
t0:1375 ns
t1:2958 ns
t2:98750 ns
benchmark: Franka-derived Cartesian-impedance kernel, input trace:8, timer period:1.000 ms
controller source: franka_ros2 jazzy@73a1501d, updates:496191, SVD sweeps:5
pose error:[0.010000 0.015000 0.010000 -0.000000 0.049979 -0.000000]
tau[0:6]:[-1.839419 -0.921560 -1.193198 -1.195971 -0.861243 0.113634 -0.461388]
kernel exec min/avg/max: 94.21 / 95.59 / 102.08 us, samples:496201
pressure status:0, copy rounds total/window:0/0, 0.00 rounds/s
pressure logical copy:0.00 MiB total, approx 0.00 MiB/s, checksum:0
pressure report window:2.143010 s
t0_region>
[1]:495324
[2]:741
[3]:113
[4]:28
[5]:12
[6]:2
[7]:2

t1_region>
[2]:453322
[3]:41425
[4]:944
[5]:312
[6]:135
[7]:48
[8]:26
[9]:13
[10]:2
[11]:1
[12]:1
[13]:1

t2_region>
[97]:6380
[98]:463360
[99]:24707
[100]:1011
[101]:429
[102]:179
[103]:98
[104]:40
[105]:19
[106]:11
[107]:2
[108]:4

t0_min: 1.04 us, round:124
t0_max: 7.21 us, round:329913
t0_jitter: 6.17 us

t1_min: 2.63 us, round:13
t1_max: 13.17 us, round:354232
t1_jitter: 10.54 us

t2_min: 97.13 us, round:2155
t2_max: 108.83 us, round:354232
t2_jitter: 11.71 us

PMU diff samples: 496272
AVG DIFF LL_CACHE_RD: 4.28
AVG DIFF LL_CACHE_MISS_RD: 0.05
AVG DIFF L2D_CACHE_REFILL: 0.05
AVG DIFF L2D_CACHE_INVAL: 0.00
[cur diff] DIFF LL_CACHE_RD: 15, DIFF LL_CACHE_MISS_RD: 0, MISS_RATE: 0.00%
[cur diff] DIFF L2D_CACHE_REFILL: 0
[cur diff] DIFF L2D_CACHE_INVAL: 0
[max diff] DIFF LL_CACHE_RD: 7, DIFF LL_CACHE_MISS_RD: 5, MISS_RATE: 71.43%
[max diff] DIFF L2D_CACHE_REFILL: 5
[max diff] DIFF L2D_CACHE_INVAL: 0

===========================================================
taskpendcnt:498311
t0:1791 ns
t1:3083 ns
t2:98875 ns
benchmark: Franka-derived Cartesian-impedance kernel, input trace:8, timer period:1.000 ms
controller source: franka_ros2 jazzy@73a1501d, updates:498334, SVD sweeps:5
pose error:[0.010000 0.015000 0.010000 -0.000000 0.049979 -0.000000]
tau[0:6]:[-2.379368 -1.292411 -1.655224 -1.570015 -1.185234 -0.066588 -0.610247]
kernel exec min/avg/max: 94.21 / 95.59 / 102.08 us, samples:498344
pressure status:0, copy rounds total/window:0/0, 0.00 rounds/s
pressure logical copy:0.00 MiB total, approx 0.00 MiB/s, checksum:0
pressure report window:2.142998 s
t0_region>
[1]:497465
[2]:743
[3]:113
[4]:28
[5]:12
[6]:2
[7]:2

t1_region>
[2]:455290
[3]:41597
[4]:946
[5]:313
[6]:135
[7]:48
[8]:26
[9]:13
[10]:2
[11]:1
[12]:1
[13]:1

t2_region>
[97]:6380
[98]:465399
[99]:24809
[100]:1012
[101]:429
[102]:180
[103]:99
[104]:40
[105]:19
[106]:11
[107]:2
[108]:4

t0_min: 1.04 us, round:124
t0_max: 7.21 us, round:329913
t0_jitter: 6.17 us

t1_min: 2.63 us, round:13
t1_max: 13.17 us, round:354232
t1_jitter: 10.54 us

t2_min: 97.13 us, round:2155
t2_max: 108.83 us, round:354232
t2_jitter: 11.71 us

PMU diff samples: 498415
AVG DIFF LL_CACHE_RD: 4.28
AVG DIFF LL_CACHE_MISS_RD: 0.05
AVG DIFF L2D_CACHE_REFILL: 0.05
AVG DIFF L2D_CACHE_INVAL: 0.00
[cur diff] DIFF LL_CACHE_RD: 8, DIFF LL_CACHE_MISS_RD: 1, MISS_RATE: 12.50%
[cur diff] DIFF L2D_CACHE_REFILL: 0
[cur diff] DIFF L2D_CACHE_INVAL: 0
[max diff] DIFF LL_CACHE_RD: 7, DIFF LL_CACHE_MISS_RD: 5, MISS_RATE: 71.43%
[max diff] DIFF L2D_CACHE_REFILL: 5
[max diff] DIFF L2D_CACHE_INVAL: 0

===========================================================
taskpendcnt:500454
t0:1625 ns
t1:2916 ns
t2:98708 ns
benchmark: Franka-derived Cartesian-impedance kernel, input trace:8, timer period:1.000 ms
controller source: franka_ros2 jazzy@73a1501d, updates:500477, SVD sweeps:5
pose error:[0.010000 0.015000 0.010000 -0.000000 0.049979 -0.000000]
tau[0:6]:[-2.781770 -1.613002 -1.930139 -1.581803 -1.382951 -0.390599 -0.663394]
kernel exec min/avg/max: 94.21 / 95.59 / 102.08 us, samples:500487
pressure status:0, copy rounds total/window:0/0, 0.00 rounds/s
pressure logical copy:0.00 MiB total, approx 0.00 MiB/s, checksum:0
pressure report window:2.142910 s
t0_region>
[1]:499605
[2]:746
[3]:113
[4]:28
[5]:12
[6]:2
[7]:2

t1_region>
[2]:457261
[3]:41763
[4]:951
[5]:314
[6]:135
[7]:48
[8]:26
[9]:13
[10]:2
[11]:1
[12]:1
[13]:1

t2_region>
[97]:6380
[98]:467332
[99]:25009
[100]:1018
[101]:431
[102]:181
[103]:99
[104]:40
[105]:19
[106]:11
[107]:2
[108]:4

t0_min: 1.04 us, round:124
t0_max: 7.21 us, round:329913
t0_jitter: 6.17 us

t1_min: 2.63 us, round:13
t1_max: 13.17 us, round:354232
t1_jitter: 10.54 us

t2_min: 97.13 us, round:2155
t2_max: 108.83 us, round:354232
t2_jitter: 11.71 us

PMU diff samples: 500558
AVG DIFF LL_CACHE_RD: 4.28
AVG DIFF LL_CACHE_MISS_RD: 0.05
AVG DIFF L2D_CACHE_REFILL: 0.05
AVG DIFF L2D_CACHE_INVAL: 0.00
[cur diff] DIFF LL_CACHE_RD: 10, DIFF LL_CACHE_MISS_RD: 0, MISS_RATE: 0.00%
[cur diff] DIFF L2D_CACHE_REFILL: 0
[cur diff] DIFF L2D_CACHE_INVAL: 0
[max diff] DIFF LL_CACHE_RD: 7, DIFF LL_CACHE_MISS_RD: 5, MISS_RATE: 71.43%
[max diff] DIFF L2D_CACHE_REFILL: 5
[max diff] DIFF L2D_CACHE_INVAL: 0

===========================================================
taskpendcnt:502597
t0:1458 ns
t1:3333 ns
t2:98833 ns
benchmark: Franka-derived Cartesian-impedance kernel, input trace:8, timer period:1.000 ms
controller source: franka_ros2 jazzy@73a1501d, updates:502620, SVD sweeps:5
pose error:[0.010000 0.015000 0.010000 -0.000000 0.049979 -0.000000]
tau[0:6]:[-0.567483 -0.552304 -0.482512 -0.231067 -0.297494 -0.656094 -0.085004]
kernel exec min/avg/max: 94.21 / 95.59 / 102.08 us, samples:502630
pressure status:0, copy rounds total/window:0/0, 0.00 rounds/s
pressure logical copy:0.00 MiB total, approx 0.00 MiB/s, checksum:0
pressure report window:2.142937 s
t0_region>
[1]:501747
[2]:746
[3]:114
[4]:28
[5]:12
[6]:2
[7]:2

t1_region>
[2]:459238
[3]:41928
[4]:952
[5]:314
[6]:135
[7]:48
[8]:26
[9]:13
[10]:2
[11]:1
[12]:1
[13]:1

t2_region>
[97]:6380
[98]:469371
[99]:25112
[100]:1019
[101]:431
[102]:181
[103]:99
[104]:40
[105]:19
[106]:11
[107]:2
[108]:4

t0_min: 1.04 us, round:124
t0_max: 7.21 us, round:329913
t0_jitter: 6.17 us

t1_min: 2.63 us, round:13
t1_max: 13.17 us, round:354232
t1_jitter: 10.54 us

t2_min: 97.13 us, round:2155
t2_max: 108.83 us, round:354232
t2_jitter: 11.71 us

PMU diff samples: 502701
AVG DIFF LL_CACHE_RD: 4.28
AVG DIFF LL_CACHE_MISS_RD: 0.05
AVG DIFF L2D_CACHE_REFILL: 0.05
AVG DIFF L2D_CACHE_INVAL: 0.00
[cur diff] DIFF LL_CACHE_RD: 14, DIFF LL_CACHE_MISS_RD: 0, MISS_RATE: 0.00%
[cur diff] DIFF L2D_CACHE_REFILL: 0
[cur diff] DIFF L2D_CACHE_INVAL: 0
[max diff] DIFF LL_CACHE_RD: 7, DIFF LL_CACHE_MISS_RD: 5, MISS_RATE: 71.43%
[max diff] DIFF L2D_CACHE_REFILL: 5
[max diff] DIFF L2D_CACHE_INVAL: 0

===========================================================
taskpendcnt:504740
t0:1291 ns
t1:2875 ns
t2:98958 ns
benchmark: Franka-derived Cartesian-impedance kernel, input trace:8, timer period:1.000 ms
controller source: franka_ros2 jazzy@73a1501d, updates:504763, SVD sweeps:5
pose error:[0.010000 0.015000 0.010000 -0.000000 0.049979 -0.000000]
tau[0:6]:[1.228026 0.081850 0.819520 0.875435 0.745706 -0.833381 0.398995]
kernel exec min/avg/max: 94.21 / 95.59 / 102.08 us, samples:504772
pressure status:0, copy rounds total/window:0/0, 0.00 rounds/s
pressure logical copy:0.00 MiB total, approx 0.00 MiB/s, checksum:0
pressure report window:2.142359 s
t0_region>
[1]:503882
[2]:750
[3]:117
[4]:28
[5]:13
[6]:2
[7]:2

t1_region>
[2]:461186
[3]:42114
[4]:956
[5]:316
[6]:135
[7]:49
[8]:27
[9]:13
[10]:2
[11]:1
[12]:1
[13]:1

t2_region>
[97]:6380
[98]:471324
[99]:25291
[100]:1025
[101]:432
[102]:182
[103]:99
[104]:41
[105]:19
[106]:12
[107]:2
[108]:4

t0_min: 1.04 us, round:124
t0_max: 7.21 us, round:329913
t0_jitter: 6.17 us

t1_min: 2.63 us, round:13
t1_max: 13.17 us, round:354232
t1_jitter: 10.54 us

t2_min: 97.13 us, round:2155
t2_max: 108.83 us, round:354232
t2_jitter: 11.71 us

PMU diff samples: 504843
AVG DIFF LL_CACHE_RD: 4.28
AVG DIFF LL_CACHE_MISS_RD: 0.05
AVG DIFF L2D_CACHE_REFILL: 0.05
AVG DIFF L2D_CACHE_INVAL: 0.00
[cur diff] DIFF LL_CACHE_RD: 15, DIFF LL_CACHE_MISS_RD: 0, MISS_RATE: 0.00%
[cur diff] DIFF L2D_CACHE_REFILL: 0
[cur diff] DIFF L2D_CACHE_INVAL: 0
[max diff] DIFF LL_CACHE_RD: 7, DIFF LL_CACHE_MISS_RD: 5, MISS_RATE: 71.43%
[max diff] DIFF L2D_CACHE_REFILL: 5
[max diff] DIFF L2D_CACHE_INVAL: 0

===========================================================
taskpendcnt:506882
t0:1458 ns
t1:3166 ns
t2:98666 ns
benchmark: Franka-derived Cartesian-impedance kernel, input trace:8, timer period:1.000 ms
controller source: franka_ros2 jazzy@73a1501d, updates:506905, SVD sweeps:5
pose error:[0.010000 0.015000 0.010000 -0.000000 0.049979 -0.000000]
tau[0:6]:[-0.274004 -0.324180 0.001577 -0.231466 0.050986 -0.328952 0.010844]
kernel exec min/avg/max: 94.21 / 95.59 / 102.08 us, samples:506914
pressure status:0, copy rounds total/window:0/0, 0.00 rounds/s
pressure logical copy:0.00 MiB total, approx 0.00 MiB/s, checksum:0
pressure report window:2.142169 s
t0_region>
[1]:506016
[2]:757
[3]:117
[4]:29
[5]:13
[6]:2
[7]:2

t1_region>
[2]:463134
[3]:42295
[4]:963
[5]:318
[6]:139
[7]:49
[8]:27
[9]:13
[10]:2
[11]:1
[12]:1
[13]:1

t2_region>
[97]:6380
[98]:473298
[99]:25449
[100]:1032
[101]:433
[102]:184
[103]:100
[104]:41
[105]:19
[106]:12
[107]:2
[108]:4

t0_min: 1.04 us, round:124
t0_max: 7.21 us, round:329913
t0_jitter: 6.17 us

t1_min: 2.63 us, round:13
t1_max: 13.17 us, round:354232
t1_jitter: 10.54 us

t2_min: 97.13 us, round:2155
t2_max: 108.83 us, round:354232
t2_jitter: 11.71 us

PMU diff samples: 506985
AVG DIFF LL_CACHE_RD: 4.28
AVG DIFF LL_CACHE_MISS_RD: 0.05
AVG DIFF L2D_CACHE_REFILL: 0.05
AVG DIFF L2D_CACHE_INVAL: 0.00
[cur diff] DIFF LL_CACHE_RD: 27, DIFF LL_CACHE_MISS_RD: 1, MISS_RATE: 3.70%
[cur diff] DIFF L2D_CACHE_REFILL: 0
[cur diff] DIFF L2D_CACHE_INVAL: 0
[max diff] DIFF LL_CACHE_RD: 7, DIFF LL_CACHE_MISS_RD: 5, MISS_RATE: 71.43%
[max diff] DIFF L2D_CACHE_REFILL: 5
[max diff] DIFF L2D_CACHE_INVAL: 0

===========================================================
taskpendcnt:509025
t0:1583 ns
t1:3166 ns
t2:98958 ns
benchmark: Franka-derived Cartesian-impedance kernel, input trace:8, timer period:1.000 ms
controller source: franka_ros2 jazzy@73a1501d, updates:509048, SVD sweeps:5
pose error:[0.010000 0.015000 0.010000 -0.000000 0.049979 -0.000000]
tau[0:6]:[-1.839419 -0.921560 -1.193198 -1.195971 -0.861243 0.113634 -0.461388]
kernel exec min/avg/max: 94.21 / 95.59 / 102.08 us, samples:509057
pressure status:0, copy rounds total/window:0/0, 0.00 rounds/s
pressure logical copy:0.00 MiB total, approx 0.00 MiB/s, checksum:0
pressure report window:2.143080 s
t0_region>
[1]:508159
[2]:757
[3]:117
[4]:29
[5]:13
[6]:2
[7]:2

t1_region>
[2]:465097
[3]:42475
[4]:963
[5]:318
[6]:139
[7]:49
[8]:27
[9]:13
[10]:2
[11]:1
[12]:1
[13]:1

t2_region>
[97]:6380
[98]:475322
[99]:25568
[100]:1032
[101]:433
[102]:184
[103]:100
[104]:41
[105]:19
[106]:12
[107]:2
[108]:4

t0_min: 1.04 us, round:124
t0_max: 7.21 us, round:329913
t0_jitter: 6.17 us

t1_min: 2.63 us, round:13
t1_max: 13.17 us, round:354232
t1_jitter: 10.54 us

t2_min: 97.13 us, round:2155
t2_max: 108.83 us, round:354232
t2_jitter: 11.71 us

PMU diff samples: 509128
AVG DIFF LL_CACHE_RD: 4.28
AVG DIFF LL_CACHE_MISS_RD: 0.05
AVG DIFF L2D_CACHE_REFILL: 0.05
AVG DIFF L2D_CACHE_INVAL: 0.00
[cur diff] DIFF LL_CACHE_RD: 15, DIFF LL_CACHE_MISS_RD: 0, MISS_RATE: 0.00%
[cur diff] DIFF L2D_CACHE_REFILL: 1
[cur diff] DIFF L2D_CACHE_INVAL: 0
[max diff] DIFF LL_CACHE_RD: 7, DIFF LL_CACHE_MISS_RD: 5, MISS_RATE: 71.43%
[max diff] DIFF L2D_CACHE_REFILL: 5
[max diff] DIFF L2D_CACHE_INVAL: 0

===========================================================
taskpendcnt:511168
t0:1416 ns
t1:3000 ns
t2:98791 ns
benchmark: Franka-derived Cartesian-impedance kernel, input trace:8, timer period:1.000 ms
controller source: franka_ros2 jazzy@73a1501d, updates:511190, SVD sweeps:5
pose error:[0.010000 0.015000 0.010000 -0.000000 0.049979 -0.000000]
tau[0:6]:[-2.379368 -1.292411 -1.655224 -1.570015 -1.185234 -0.066588 -0.610247]
kernel exec min/avg/max: 94.21 / 95.59 / 102.08 us, samples:511200
pressure status:0, copy rounds total/window:0/0, 0.00 rounds/s
pressure logical copy:0.00 MiB total, approx 0.00 MiB/s, checksum:0
pressure report window:2.142993 s
t0_region>
[1]:510301
[2]:758
[3]:117
[4]:29
[5]:13
[6]:2
[7]:2

t1_region>
[2]:467069
[3]:42645
[4]:964
[5]:318
[6]:139
[7]:49
[8]:27
[9]:13
[10]:2
[11]:1
[12]:1
[13]:1

t2_region>
[97]:6380
[98]:477358
[99]:25675
[100]:1032
[101]:433
[102]:184
[103]:100
[104]:41
[105]:19
[106]:12
[107]:2
[108]:4

t0_min: 1.04 us, round:124
t0_max: 7.21 us, round:329913
t0_jitter: 6.17 us

t1_min: 2.63 us, round:13
t1_max: 13.17 us, round:354232
t1_jitter: 10.54 us

t2_min: 97.13 us, round:2155
t2_max: 108.83 us, round:354232
t2_jitter: 11.71 us

PMU diff samples: 511271
AVG DIFF LL_CACHE_RD: 4.28
AVG DIFF LL_CACHE_MISS_RD: 0.05
AVG DIFF L2D_CACHE_REFILL: 0.05
AVG DIFF L2D_CACHE_INVAL: 0.00
[cur diff] DIFF LL_CACHE_RD: 15, DIFF LL_CACHE_MISS_RD: 0, MISS_RATE: 0.00%
[cur diff] DIFF L2D_CACHE_REFILL: 0
[cur diff] DIFF L2D_CACHE_INVAL: 0
[max diff] DIFF LL_CACHE_RD: 7, DIFF LL_CACHE_MISS_RD: 5, MISS_RATE: 71.43%
[max diff] DIFF L2D_CACHE_REFILL: 5
[max diff] DIFF L2D_CACHE_INVAL: 0

===========================================================
taskpendcnt:513311
t0:1541 ns
t1:3125 ns
t2:98916 ns
benchmark: Franka-derived Cartesian-impedance kernel, input trace:8, timer period:1.000 ms
controller source: franka_ros2 jazzy@73a1501d, updates:513333, SVD sweeps:5
pose error:[0.010000 0.015000 0.010000 -0.000000 0.049979 -0.000000]
tau[0:6]:[-2.781770 -1.613002 -1.930139 -1.581803 -1.382951 -0.390599 -0.663394]
kernel exec min/avg/max: 94.21 / 95.59 / 102.08 us, samples:513343
pressure status:0, copy rounds total/window:0/0, 0.00 rounds/s
pressure logical copy:0.00 MiB total, approx 0.00 MiB/s, checksum:0
pressure report window:2.142911 s
t0_region>
[1]:512438
[2]:763
[3]:118
[4]:29
[5]:13
[6]:2
[7]:2

t1_region>
[2]:469016
[3]:42833
[4]:971
[5]:318
[6]:139
[7]:49
[8]:28
[9]:13
[10]:2
[11]:1
[12]:1
[13]:1

t2_region>
[97]:6380
[98]:479254
[99]:25907
[100]:1040
[101]:438
[102]:184
[103]:100
[104]:42
[105]:19
[106]:12
[107]:2
[108]:4

t0_min: 1.04 us, round:124
t0_max: 7.21 us, round:329913
t0_jitter: 6.17 us

t1_min: 2.63 us, round:13
t1_max: 13.17 us, round:354232
t1_jitter: 10.54 us

t2_min: 97.13 us, round:2155
t2_max: 108.83 us, round:354232
t2_jitter: 11.71 us

PMU diff samples: 513414
AVG DIFF LL_CACHE_RD: 4.28
AVG DIFF LL_CACHE_MISS_RD: 0.05
AVG DIFF L2D_CACHE_REFILL: 0.05
AVG DIFF L2D_CACHE_INVAL: 0.00
[cur diff] DIFF LL_CACHE_RD: 26, DIFF LL_CACHE_MISS_RD: 0, MISS_RATE: 0.00%
[cur diff] DIFF L2D_CACHE_REFILL: 0
[cur diff] DIFF L2D_CACHE_INVAL: 0
[max diff] DIFF LL_CACHE_RD: 7, DIFF LL_CACHE_MISS_RD: 5, MISS_RATE: 71.43%
[max diff] DIFF L2D_CACHE_REFILL: 5
[max diff] DIFF L2D_CACHE_INVAL: 0

===========================================================
taskpendcnt:515454
t0:1375 ns
t1:2958 ns
t2:98750 ns
benchmark: Franka-derived Cartesian-impedance kernel, input trace:8, timer period:1.000 ms
controller source: franka_ros2 jazzy@73a1501d, updates:515476, SVD sweeps:5
pose error:[0.010000 0.015000 0.010000 -0.000000 0.049979 -0.000000]
tau[0:6]:[-0.567483 -0.552304 -0.482512 -0.231067 -0.297494 -0.656094 -0.085004]
kernel exec min/avg/max: 94.21 / 95.59 / 102.08 us, samples:515486
pressure status:0, copy rounds total/window:0/0, 0.00 rounds/s
pressure logical copy:0.00 MiB total, approx 0.00 MiB/s, checksum:0
pressure report window:2.142903 s
t0_region>
[1]:514580
[2]:764
[3]:118
[4]:29
[5]:13
[6]:2
[7]:2

t1_region>
[2]:471005
[3]:42986
[4]:971
[5]:319
[6]:139
[7]:49
[8]:28
[9]:13
[10]:2
[11]:1
[12]:1
[13]:1

t2_region>
[97]:6380
[98]:481274
[99]:26029
[100]:1040
[101]:439
[102]:184
[103]:100
[104]:42
[105]:19
[106]:12
[107]:2
[108]:4

t0_min: 1.04 us, round:124
t0_max: 7.21 us, round:329913
t0_jitter: 6.17 us

t1_min: 2.63 us, round:13
t1_max: 13.17 us, round:354232
t1_jitter: 10.54 us

t2_min: 97.13 us, round:2155
t2_max: 108.83 us, round:354232
t2_jitter: 11.71 us

PMU diff samples: 515557
AVG DIFF LL_CACHE_RD: 4.28
AVG DIFF LL_CACHE_MISS_RD: 0.05
AVG DIFF L2D_CACHE_REFILL: 0.05
AVG DIFF L2D_CACHE_INVAL: 0.00
[cur diff] DIFF LL_CACHE_RD: 18, DIFF LL_CACHE_MISS_RD: 0, MISS_RATE: 0.00%
[cur diff] DIFF L2D_CACHE_REFILL: 0
[cur diff] DIFF L2D_CACHE_INVAL: 0
[max diff] DIFF LL_CACHE_RD: 7, DIFF LL_CACHE_MISS_RD: 5, MISS_RATE: 71.43%
[max diff] DIFF L2D_CACHE_REFILL: 5
[max diff] DIFF L2D_CACHE_INVAL: 0

===========================================================
taskpendcnt:517597
t0:1208 ns
t1:3083 ns
t2:99750 ns
benchmark: Franka-derived Cartesian-impedance kernel, input trace:8, timer period:1.000 ms
controller source: franka_ros2 jazzy@73a1501d, updates:517619, SVD sweeps:5
pose error:[0.010000 0.015000 0.010000 -0.000000 0.049979 -0.000000]
tau[0:6]:[1.376914 -0.104433 0.790225 0.843903 0.642107 -0.956178 0.423547]
kernel exec min/avg/max: 94.21 / 95.59 / 102.08 us, samples:517629
pressure status:0, copy rounds total/window:0/0, 0.00 rounds/s
pressure logical copy:0.00 MiB total, approx 0.00 MiB/s, checksum:0
pressure report window:2.142584 s
t0_region>
[1]:516720
[2]:766
[3]:118
[4]:29
[5]:13
[6]:2
[7]:2

t1_region>
[2]:472966
[3]:43167
[4]:972
[5]:319
[6]:139
[7]:49
[8]:28
[9]:13
[10]:2
[11]:1
[12]:1
[13]:1

t2_region>
[97]:6380
[98]:483313
[99]:26133
[100]:1041
[101]:439
[102]:184
[103]:100
[104]:42
[105]:19
[106]:12
[107]:2
[108]:4

t0_min: 1.04 us, round:124
t0_max: 7.21 us, round:329913
t0_jitter: 6.17 us

t1_min: 2.63 us, round:13
t1_max: 13.17 us, round:354232
t1_jitter: 10.54 us

t2_min: 97.13 us, round:2155
t2_max: 108.83 us, round:354232
t2_jitter: 11.71 us

PMU diff samples: 517700
AVG DIFF LL_CACHE_RD: 4.28
AVG DIFF LL_CACHE_MISS_RD: 0.05
AVG DIFF L2D_CACHE_REFILL: 0.05
AVG DIFF L2D_CACHE_INVAL: 0.00
[cur diff] DIFF LL_CACHE_RD: 20, DIFF LL_CACHE_MISS_RD: 0, MISS_RATE: 0.00%
[cur diff] DIFF L2D_CACHE_REFILL: 0
[cur diff] DIFF L2D_CACHE_INVAL: 0
[max diff] DIFF LL_CACHE_RD: 7, DIFF LL_CACHE_MISS_RD: 5, MISS_RATE: 71.43%
[max diff] DIFF L2D_CACHE_REFILL: 5
[max diff] DIFF L2D_CACHE_INVAL: 0

===========================================================
taskpendcnt:519739
t0:1333 ns
t1:3208 ns
t2:99000 ns
benchmark: Franka-derived Cartesian-impedance kernel, input trace:8, timer period:1.000 ms
controller source: franka_ros2 jazzy@73a1501d, updates:519762, SVD sweeps:5
pose error:[0.010000 0.015000 0.010000 -0.000000 0.049979 -0.000000]
tau[0:6]:[1.228026 0.081850 0.819520 0.875435 0.745706 -0.833381 0.398995]
kernel exec min/avg/max: 94.21 / 95.59 / 102.08 us, samples:519771
pressure status:0, copy rounds total/window:0/0, 0.00 rounds/s
pressure logical copy:0.00 MiB total, approx 0.00 MiB/s, checksum:0
pressure report window:2.142706 s
t0_region>
[1]:518852
[2]:775
[3]:120
[4]:29
[5]:13
[6]:2
[7]:2

t1_region>
[2]:474886
[3]:43373
[4]:981
[5]:325
[6]:139
[7]:50
[8]:28
[9]:13
[10]:2
[11]:1
[12]:1
[13]:1

t2_region>
[97]:6380
[98]:485312
[99]:26253
[100]:1057
[101]:444
[102]:186
[103]:100
[104]:43
[105]:19
[106]:12
[107]:2
[108]:4

t0_min: 1.04 us, round:124
t0_max: 7.21 us, round:329913
t0_jitter: 6.17 us

t1_min: 2.63 us, round:13
t1_max: 13.17 us, round:354232
t1_jitter: 10.54 us

t2_min: 97.13 us, round:2155
t2_max: 108.83 us, round:354232
t2_jitter: 11.71 us

PMU diff samples: 519842
AVG DIFF LL_CACHE_RD: 4.28
AVG DIFF LL_CACHE_MISS_RD: 0.05
AVG DIFF L2D_CACHE_REFILL: 0.05
AVG DIFF L2D_CACHE_INVAL: 0.00
[cur diff] DIFF LL_CACHE_RD: 19, DIFF LL_CACHE_MISS_RD: 0, MISS_RATE: 0.00%
[cur diff] DIFF L2D_CACHE_REFILL: 0
[cur diff] DIFF L2D_CACHE_INVAL: 0
[max diff] DIFF LL_CACHE_RD: 7, DIFF LL_CACHE_MISS_RD: 5, MISS_RATE: 71.43%
[max diff] DIFF L2D_CACHE_REFILL: 5
[max diff] DIFF L2D_CACHE_INVAL: 0

===========================================================
taskpendcnt:521882
t0:1458 ns
t1:3041 ns
t2:98833 ns
benchmark: Franka-derived Cartesian-impedance kernel, input trace:8, timer period:1.000 ms
controller source: franka_ros2 jazzy@73a1501d, updates:521905, SVD sweeps:5
pose error:[0.010000 0.015000 0.010000 -0.000000 0.049979 -0.000000]
tau[0:6]:[0.839771 0.130674 0.617691 0.624912 0.653099 -0.592692 0.265887]
kernel exec min/avg/max: 94.21 / 95.59 / 102.08 us, samples:521914
pressure status:0, copy rounds total/window:0/0, 0.00 rounds/s
pressure logical copy:0.00 MiB total, approx 0.00 MiB/s, checksum:0
pressure report window:2.142906 s
t0_region>
[1]:520990
[2]:780
[3]:120
[4]:29
[5]:13
[6]:2
[7]:2

t1_region>
[2]:476848
[3]:43546
[4]:989
[5]:325
[6]:139
[7]:50
[8]:28
[9]:13
[10]:2
[11]:1
[12]:1
[13]:1

t2_region>
[97]:6380
[98]:487233
[99]:26463
[100]:1065
[101]:446
[102]:187
[103]:100
[104]:43
[105]:19
[106]:12
[107]:2
[108]:4

t0_min: 1.04 us, round:124
t0_max: 7.21 us, round:329913
t0_jitter: 6.17 us

t1_min: 2.63 us, round:13
t1_max: 13.17 us, round:354232
t1_jitter: 10.54 us

t2_min: 97.13 us, round:2155
t2_max: 108.83 us, round:354232
t2_jitter: 11.71 us

PMU diff samples: 521985
AVG DIFF LL_CACHE_RD: 4.28
AVG DIFF LL_CACHE_MISS_RD: 0.05
AVG DIFF L2D_CACHE_REFILL: 0.05
AVG DIFF L2D_CACHE_INVAL: 0.00
[cur diff] DIFF LL_CACHE_RD: 20, DIFF LL_CACHE_MISS_RD: 0, MISS_RATE: 0.00%
[cur diff] DIFF L2D_CACHE_REFILL: 0
[cur diff] DIFF L2D_CACHE_INVAL: 0
[max diff] DIFF LL_CACHE_RD: 7, DIFF LL_CACHE_MISS_RD: 5, MISS_RATE: 71.43%
[max diff] DIFF L2D_CACHE_REFILL: 5
[max diff] DIFF L2D_CACHE_INVAL: 0

===========================================================
taskpendcnt:524025
t0:1583 ns
t1:2875 ns
t2:98666 ns
benchmark: Franka-derived Cartesian-impedance kernel, input trace:8, timer period:1.000 ms
controller source: franka_ros2 jazzy@73a1501d, updates:524048, SVD sweeps:5
pose error:[0.010000 0.015000 0.010000 -0.000000 0.049979 -0.000000]
tau[0:6]:[-0.274004 -0.324180 0.001577 -0.231466 0.050986 -0.328952 0.010844]
kernel exec min/avg/max: 94.21 / 95.59 / 102.08 us, samples:524057
pressure status:0, copy rounds total/window:0/0, 0.00 rounds/s
pressure logical copy:0.00 MiB total, approx 0.00 MiB/s, checksum:0
pressure report window:2.143164 s
t0_region>
[1]:523133
[2]:780
[3]:120
[4]:29
[5]:13
[6]:2
[7]:2

t1_region>
[2]:478843
[3]:43694
[4]:989
[5]:325
[6]:139
[7]:50
[8]:28
[9]:13
[10]:2
[11]:1
[12]:1
[13]:1

t2_region>
[97]:6380
[98]:489270
[99]:26569
[100]:1065
[101]:446
[102]:187
[103]:100
[104]:43
[105]:19
[106]:12
[107]:2
[108]:4

t0_min: 1.04 us, round:124
t0_max: 7.21 us, round:329913
t0_jitter: 6.17 us

t1_min: 2.63 us, round:13
t1_max: 13.17 us, round:354232
t1_jitter: 10.54 us

t2_min: 97.13 us, round:2155
t2_max: 108.83 us, round:354232
t2_jitter: 11.71 us

PMU diff samples: 524128
AVG DIFF LL_CACHE_RD: 4.28
AVG DIFF LL_CACHE_MISS_RD: 0.05
AVG DIFF L2D_CACHE_REFILL: 0.05
AVG DIFF L2D_CACHE_INVAL: 0.00
[cur diff] DIFF LL_CACHE_RD: 11, DIFF LL_CACHE_MISS_RD: 0, MISS_RATE: 0.00%
[cur diff] DIFF L2D_CACHE_REFILL: 0
[cur diff] DIFF L2D_CACHE_INVAL: 0
[max diff] DIFF LL_CACHE_RD: 7, DIFF LL_CACHE_MISS_RD: 5, MISS_RATE: 71.43%
[max diff] DIFF L2D_CACHE_REFILL: 5
[max diff] DIFF L2D_CACHE_INVAL: 0

===========================================================
taskpendcnt:526168
t0:1416 ns
t1:3000 ns
t2:98791 ns
benchmark: Franka-derived Cartesian-impedance kernel, input trace:8, timer period:1.000 ms
controller source: franka_ros2 jazzy@73a1501d, updates:526191, SVD sweeps:5
pose error:[0.010000 0.015000 0.010000 -0.000000 0.049979 -0.000000]
tau[0:6]:[-1.839419 -0.921560 -1.193198 -1.195971 -0.861243 0.113634 -0.461388]
kernel exec min/avg/max: 94.21 / 95.59 / 102.08 us, samples:526201
pressure status:0, copy rounds total/window:0/0, 0.00 rounds/s
pressure logical copy:0.00 MiB total, approx 0.00 MiB/s, checksum:0
pressure report window:2.143078 s
t0_region>
[1]:525276
[2]:780
[3]:120
[4]:29
[5]:13
[6]:2
[7]:2

t1_region>
[2]:480811
[3]:43870
[4]:989
[5]:325
[6]:139
[7]:50
[8]:28
[9]:13
[10]:2
[11]:1
[12]:1
[13]:1

t2_region>
[97]:6380
[98]:491296
[99]:26686
[100]:1065
[101]:446
[102]:187
[103]:100
[104]:43
[105]:19
[106]:12
[107]:2
[108]:4

t0_min: 1.04 us, round:124
t0_max: 7.21 us, round:329913
t0_jitter: 6.17 us

t1_min: 2.63 us, round:13
t1_max: 13.17 us, round:354232
t1_jitter: 10.54 us

t2_min: 97.13 us, round:2155
t2_max: 108.83 us, round:354232
t2_jitter: 11.71 us

PMU diff samples: 526272
AVG DIFF LL_CACHE_RD: 4.28
AVG DIFF LL_CACHE_MISS_RD: 0.05
AVG DIFF L2D_CACHE_REFILL: 0.05
AVG DIFF L2D_CACHE_INVAL: 0.00
[cur diff] DIFF LL_CACHE_RD: 5, DIFF LL_CACHE_MISS_RD: 0, MISS_RATE: 0.00%
[cur diff] DIFF L2D_CACHE_REFILL: 0
[cur diff] DIFF L2D_CACHE_INVAL: 0
[max diff] DIFF LL_CACHE_RD: 7, DIFF LL_CACHE_MISS_RD: 5, MISS_RATE: 71.43%
[max diff] DIFF L2D_CACHE_REFILL: 5
[max diff] DIFF L2D_CACHE_INVAL: 0

===========================================================
taskpendcnt:528311
t0:1250 ns
t1:2833 ns
t2:98916 ns
benchmark: Franka-derived Cartesian-impedance kernel, input trace:8, timer period:1.000 ms
controller source: franka_ros2 jazzy@73a1501d, updates:528334, SVD sweeps:5
pose error:[0.010000 0.015000 0.010000 -0.000000 0.049979 -0.000000]
tau[0:6]:[-2.781770 -1.613002 -1.930139 -1.581803 -1.382951 -0.390599 -0.663394]
kernel exec min/avg/max: 94.21 / 95.59 / 102.08 us, samples:528344
pressure status:0, copy rounds total/window:0/0, 0.00 rounds/s
pressure logical copy:0.00 MiB total, approx 0.00 MiB/s, checksum:0
pressure report window:2.142999 s
t0_region>
[1]:527416
[2]:783
[3]:120
[4]:29
[5]:13
[6]:2
[7]:2

t1_region>
[2]:482739
[3]:44073
[4]:997
[5]:328
[6]:139
[7]:50
[8]:28
[9]:13
[10]:2
[11]:1
[12]:1
[13]:1

t2_region>
[97]:6380
[98]:493175
[99]:26939
[100]:1072
[101]:449
[102]:188
[103]:100
[104]:43
[105]:20
[106]:12
[107]:2
[108]:4

t0_min: 1.04 us, round:124
t0_max: 7.21 us, round:329913
t0_jitter: 6.17 us

t1_min: 2.63 us, round:13
t1_max: 13.17 us, round:354232
t1_jitter: 10.54 us

t2_min: 97.13 us, round:2155
t2_max: 108.83 us, round:354232
t2_jitter: 11.71 us

PMU diff samples: 528415
AVG DIFF LL_CACHE_RD: 4.28
AVG DIFF LL_CACHE_MISS_RD: 0.05
AVG DIFF L2D_CACHE_REFILL: 0.05
AVG DIFF L2D_CACHE_INVAL: 0.00
[cur diff] DIFF LL_CACHE_RD: 16, DIFF LL_CACHE_MISS_RD: 0, MISS_RATE: 0.00%
[cur diff] DIFF L2D_CACHE_REFILL: 0
[cur diff] DIFF L2D_CACHE_INVAL: 0
[max diff] DIFF LL_CACHE_RD: 7, DIFF LL_CACHE_MISS_RD: 5, MISS_RATE: 71.43%
[max diff] DIFF L2D_CACHE_REFILL: 5
[max diff] DIFF L2D_CACHE_INVAL: 0

===========================================================
taskpendcnt:530454
t0:1541 ns
t1:3125 ns
t2:98750 ns
benchmark: Franka-derived Cartesian-impedance kernel, input trace:8, timer period:1.000 ms
controller source: franka_ros2 jazzy@73a1501d, updates:530477, SVD sweeps:5
pose error:[0.010000 0.015000 0.010000 -0.000000 0.049979 -0.000000]
tau[0:6]:[-0.567483 -0.552304 -0.482512 -0.231067 -0.297494 -0.656094 -0.085004]
kernel exec min/avg/max: 94.21 / 95.59 / 102.08 us, samples:530486
pressure status:0, copy rounds total/window:0/0, 0.00 rounds/s
pressure logical copy:0.00 MiB total, approx 0.00 MiB/s, checksum:0
pressure report window:2.142907 s
t0_region>
[1]:529559
[2]:783
[3]:120
[4]:29
[5]:13
[6]:2
[7]:2

t1_region>
[2]:484715
[3]:44240
[4]:997
[5]:328
[6]:139
[7]:50
[8]:28
[9]:13
[10]:2
[11]:1
[12]:1
[13]:1

t2_region>
[97]:6380
[98]:495198
[99]:27058
[100]:1072
[101]:449
[102]:188
[103]:100
[104]:43
[105]:20
[106]:12
[107]:2
[108]:4

t0_min: 1.04 us, round:124
t0_max: 7.21 us, round:329913
t0_jitter: 6.17 us

t1_min: 2.63 us, round:13
t1_max: 13.17 us, round:354232
t1_jitter: 10.54 us

t2_min: 97.13 us, round:2155
t2_max: 108.83 us, round:354232
t2_jitter: 11.71 us

PMU diff samples: 530557
AVG DIFF LL_CACHE_RD: 4.28
AVG DIFF LL_CACHE_MISS_RD: 0.05
AVG DIFF L2D_CACHE_REFILL: 0.05
AVG DIFF L2D_CACHE_INVAL: 0.00
[cur diff] DIFF LL_CACHE_RD: 16, DIFF LL_CACHE_MISS_RD: 0, MISS_RATE: 0.00%
[cur diff] DIFF L2D_CACHE_REFILL: 0
[cur diff] DIFF L2D_CACHE_INVAL: 0
[max diff] DIFF LL_CACHE_RD: 7, DIFF LL_CACHE_MISS_RD: 5, MISS_RATE: 71.43%
[max diff] DIFF L2D_CACHE_REFILL: 5
[max diff] DIFF L2D_CACHE_INVAL: 0

===========================================================
taskpendcnt:532597
t0:1375 ns
t1:2958 ns
t2:98750 ns
benchmark: Franka-derived Cartesian-impedance kernel, input trace:8, timer period:1.000 ms
controller source: franka_ros2 jazzy@73a1501d, updates:532620, SVD sweeps:5
pose error:[0.010000 0.015000 0.010000 -0.000000 0.049979 -0.000000]
tau[0:6]:[1.376914 -0.104433 0.790225 0.843903 0.642107 -0.956178 0.423547]
kernel exec min/avg/max: 94.21 / 95.59 / 102.08 us, samples:532629
pressure status:0, copy rounds total/window:0/0, 0.00 rounds/s
pressure logical copy:0.00 MiB total, approx 0.00 MiB/s, checksum:0
pressure report window:2.142475 s
t0_region>
[1]:531701
[2]:783
[3]:120
[4]:29
[5]:13
[6]:2
[7]:2

t1_region>
[2]:486688
[3]:44410
[4]:997
[5]:328
[6]:139
[7]:50
[8]:28
[9]:13
[10]:2
[11]:1
[12]:1
[13]:1

t2_region>
[97]:6380
[98]:497227
[99]:27171
[100]:1072
[101]:449
[102]:188
[103]:100
[104]:43
[105]:20
[106]:12
[107]:2
[108]:4

t0_min: 1.04 us, round:124
t0_max: 7.21 us, round:329913
t0_jitter: 6.17 us

t1_min: 2.63 us, round:13
t1_max: 13.17 us, round:354232
t1_jitter: 10.54 us

t2_min: 97.13 us, round:2155
t2_max: 108.83 us, round:354232
t2_jitter: 11.71 us

PMU diff samples: 532700
AVG DIFF LL_CACHE_RD: 4.28
AVG DIFF LL_CACHE_MISS_RD: 0.05
AVG DIFF L2D_CACHE_REFILL: 0.05
AVG DIFF L2D_CACHE_INVAL: 0.00
[cur diff] DIFF LL_CACHE_RD: 13, DIFF LL_CACHE_MISS_RD: 0, MISS_RATE: 0.00%
[cur diff] DIFF L2D_CACHE_REFILL: 0
[cur diff] DIFF L2D_CACHE_INVAL: 0
[max diff] DIFF LL_CACHE_RD: 7, DIFF LL_CACHE_MISS_RD: 5, MISS_RATE: 71.43%
[max diff] DIFF L2D_CACHE_REFILL: 5
[max diff] DIFF L2D_CACHE_INVAL: 0

===========================================================
taskpendcnt:534740
t0:1500 ns
t1:3375 ns
t2:98875 ns
benchmark: Franka-derived Cartesian-impedance kernel, input trace:8, timer period:1.000 ms
controller source: franka_ros2 jazzy@73a1501d, updates:534762, SVD sweeps:5
pose error:[0.010000 0.015000 0.010000 -0.000000 0.049979 -0.000000]
tau[0:6]:[1.228026 0.081850 0.819520 0.875435 0.745706 -0.833381 0.398995]
kernel exec min/avg/max: 94.21 / 95.59 / 102.08 us, samples:534772
pressure status:0, copy rounds total/window:0/0, 0.00 rounds/s
pressure logical copy:0.00 MiB total, approx 0.00 MiB/s, checksum:0
pressure report window:2.142825 s
t0_region>
[1]:533835
[2]:788
[3]:122
[4]:30
[5]:14
[6]:2
[7]:2

t1_region>
[2]:488606
[3]:44625
[4]:1003
[5]:328
[6]:141
[7]:52
[8]:28
[9]:13
[10]:2
[11]:1
[12]:1
[13]:1

t2_region>
[97]:6380
[98]:499148
[99]:27381
[100]:1079
[101]:451
[102]:189
[103]:101
[104]:45
[105]:20
[106]:12
[107]:2
[108]:4

t0_min: 1.04 us, round:124
t0_max: 7.21 us, round:329913
t0_jitter: 6.17 us

t1_min: 2.63 us, round:13
t1_max: 13.17 us, round:354232
t1_jitter: 10.54 us

t2_min: 97.13 us, round:2155
t2_max: 108.83 us, round:354232
t2_jitter: 11.71 us

PMU diff samples: 534843
AVG DIFF LL_CACHE_RD: 4.28
AVG DIFF LL_CACHE_MISS_RD: 0.05
AVG DIFF L2D_CACHE_REFILL: 0.05
AVG DIFF L2D_CACHE_INVAL: 0.00
[cur diff] DIFF LL_CACHE_RD: 20, DIFF LL_CACHE_MISS_RD: 0, MISS_RATE: 0.00%
[cur diff] DIFF L2D_CACHE_REFILL: 0
[cur diff] DIFF L2D_CACHE_INVAL: 0
[max diff] DIFF LL_CACHE_RD: 7, DIFF LL_CACHE_MISS_RD: 5, MISS_RATE: 71.43%
[max diff] DIFF L2D_CACHE_REFILL: 5
[max diff] DIFF L2D_CACHE_INVAL: 0

===========================================================
taskpendcnt:536883
t0:1333 ns
t1:3208 ns
t2:98708 ns
benchmark: Franka-derived Cartesian-impedance kernel, input trace:8, timer period:1.000 ms
controller source: franka_ros2 jazzy@73a1501d, updates:536905, SVD sweeps:5
pose error:[0.010000 0.015000 0.010000 -0.000000 0.049979 -0.000000]
tau[0:6]:[0.839771 0.130674 0.617691 0.624912 0.653099 -0.592692 0.265887]
kernel exec min/avg/max: 94.21 / 95.59 / 102.08 us, samples:536915
pressure status:0, copy rounds total/window:0/0, 0.00 rounds/s
pressure logical copy:0.00 MiB total, approx 0.00 MiB/s, checksum:0
pressure report window:2.142939 s
t0_region>
[1]:535977
[2]:789
[3]:122
[4]:30
[5]:14
[6]:2
[7]:2

t1_region>
[2]:490587
[3]:44786
[4]:1004
[5]:328
[6]:141
[7]:52
[8]:28
[9]:13
[10]:2
[11]:1
[12]:1
[13]:1

t2_region>
[97]:6380
[98]:501161
[99]:27510
[100]:1079
[101]:451
[102]:189
[103]:101
[104]:45
[105]:20
[106]:12
[107]:2
[108]:4

t0_min: 1.04 us, round:124
t0_max: 7.21 us, round:329913
t0_jitter: 6.17 us

t1_min: 2.63 us, round:13
t1_max: 13.17 us, round:354232
t1_jitter: 10.54 us

t2_min: 97.13 us, round:2155
t2_max: 108.83 us, round:354232
t2_jitter: 11.71 us

PMU diff samples: 536986
AVG DIFF LL_CACHE_RD: 4.28
AVG DIFF LL_CACHE_MISS_RD: 0.05
AVG DIFF L2D_CACHE_REFILL: 0.05
AVG DIFF L2D_CACHE_INVAL: 0.00
[cur diff] DIFF LL_CACHE_RD: 20, DIFF LL_CACHE_MISS_RD: 0, MISS_RATE: 0.00%
[cur diff] DIFF L2D_CACHE_REFILL: 0
[cur diff] DIFF L2D_CACHE_INVAL: 0
[max diff] DIFF LL_CACHE_RD: 7, DIFF LL_CACHE_MISS_RD: 5, MISS_RATE: 71.43%
[max diff] DIFF L2D_CACHE_REFILL: 5
[max diff] DIFF L2D_CACHE_INVAL: 0

===========================================================
taskpendcnt:539026
t0:1458 ns
t1:3041 ns
t2:99416 ns
benchmark: Franka-derived Cartesian-impedance kernel, input trace:8, timer period:1.000 ms
controller source: franka_ros2 jazzy@73a1501d, updates:539048, SVD sweeps:5
pose error:[0.010000 0.015000 0.010000 -0.000000 0.049979 -0.000000]
tau[0:6]:[-0.274004 -0.324180 0.001577 -0.231466 0.050986 -0.328952 0.010844]
kernel exec min/avg/max: 94.21 / 95.59 / 102.08 us, samples:539058
pressure status:0, copy rounds total/window:0/0, 0.00 rounds/s
pressure logical copy:0.00 MiB total, approx 0.00 MiB/s, checksum:0
pressure report window:2.143145 s
t0_region>
[1]:538119
[2]:789
[3]:123
[4]:30
[5]:14
[6]:2
[7]:2

t1_region>
[2]:492573
[3]:44941
[4]:1005
[5]:329
[6]:141
[7]:52
[8]:28
[9]:13
[10]:2
[11]:1
[12]:1
[13]:1

t2_region>
[97]:6380
[98]:503171
[99]:27641
[100]:1080
[101]:452
[102]:189
[103]:101
[104]:45
[105]:20
[106]:12
[107]:2
[108]:4

t0_min: 1.04 us, round:124
t0_max: 7.21 us, round:329913
t0_jitter: 6.17 us

t1_min: 2.63 us, round:13
t1_max: 13.17 us, round:354232
t1_jitter: 10.54 us

t2_min: 97.13 us, round:2155
t2_max: 108.83 us, round:354232
t2_jitter: 11.71 us

PMU diff samples: 539129
AVG DIFF LL_CACHE_RD: 4.28
AVG DIFF LL_CACHE_MISS_RD: 0.05
AVG DIFF L2D_CACHE_REFILL: 0.05
AVG DIFF L2D_CACHE_INVAL: 0.00
[cur diff] DIFF LL_CACHE_RD: 9, DIFF LL_CACHE_MISS_RD: 0, MISS_RATE: 0.00%
[cur diff] DIFF L2D_CACHE_REFILL: 0
[cur diff] DIFF L2D_CACHE_INVAL: 0
[max diff] DIFF LL_CACHE_RD: 7, DIFF LL_CACHE_MISS_RD: 5, MISS_RATE: 71.43%
[max diff] DIFF L2D_CACHE_REFILL: 5
[max diff] DIFF L2D_CACHE_INVAL: 0

===========================================================
taskpendcnt:541169
t0:1291 ns
t1:3166 ns
t2:98958 ns
benchmark: Franka-derived Cartesian-impedance kernel, input trace:8, timer period:1.000 ms
controller source: franka_ros2 jazzy@73a1501d, updates:541191, SVD sweeps:5
pose error:[0.010000 0.015000 0.010000 -0.000000 0.049979 -0.000000]
tau[0:6]:[-1.839419 -0.921560 -1.193198 -1.195971 -0.861243 0.113634 -0.461388]
kernel exec min/avg/max: 94.21 / 95.59 / 102.08 us, samples:541201
pressure status:0, copy rounds total/window:0/0, 0.00 rounds/s
pressure logical copy:0.00 MiB total, approx 0.00 MiB/s, checksum:0
pressure report window:2.143058 s
t0_region>
[1]:540261
[2]:789
[3]:123
[4]:30
[5]:14
[6]:3
[7]:2

t1_region>
[2]:494549
[3]:45107
[4]:1005
[5]:329
[6]:141
[7]:52
[8]:29
[9]:13
[10]:2
[11]:1
[12]:1
[13]:1

t2_region>
[97]:6380
[98]:505262
[99]:27691
[100]:1082
[101]:452
[102]:189
[103]:101
[104]:45
[105]:21
[106]:12
[107]:2
[108]:4

t0_min: 1.04 us, round:124
t0_max: 7.21 us, round:329913
t0_jitter: 6.17 us

t1_min: 2.63 us, round:13
t1_max: 13.17 us, round:354232
t1_jitter: 10.54 us

t2_min: 97.13 us, round:2155
t2_max: 108.83 us, round:354232
t2_jitter: 11.71 us

PMU diff samples: 541272
AVG DIFF LL_CACHE_RD: 4.28
AVG DIFF LL_CACHE_MISS_RD: 0.05
AVG DIFF L2D_CACHE_REFILL: 0.05
AVG DIFF L2D_CACHE_INVAL: 0.00
[cur diff] DIFF LL_CACHE_RD: 21, DIFF LL_CACHE_MISS_RD: 0, MISS_RATE: 0.00%
[cur diff] DIFF L2D_CACHE_REFILL: 0
[cur diff] DIFF L2D_CACHE_INVAL: 0
[max diff] DIFF LL_CACHE_RD: 7, DIFF LL_CACHE_MISS_RD: 5, MISS_RATE: 71.43%
[max diff] DIFF L2D_CACHE_REFILL: 5
[max diff] DIFF L2D_CACHE_INVAL: 0

===========================================================
taskpendcnt:543311
t0:1416 ns
t1:3000 ns
t2:98791 ns
benchmark: Franka-derived Cartesian-impedance kernel, input trace:8, timer period:1.000 ms
controller source: franka_ros2 jazzy@73a1501d, updates:543334, SVD sweeps:5
pose error:[0.010000 0.015000 0.010000 -0.000000 0.049979 -0.000000]
tau[0:6]:[-2.379368 -1.292411 -1.655224 -1.570015 -1.185234 -0.066588 -0.610247]
kernel exec min/avg/max: 94.21 / 95.60 / 102.08 us, samples:543344
pressure status:0, copy rounds total/window:0/0, 0.00 rounds/s
pressure logical copy:0.00 MiB total, approx 0.00 MiB/s, checksum:0
pressure report window:2.142989 s
t0_region>
[1]:542395
[2]:798
[3]:123
[4]:30
[5]:14
[6]:3
[7]:2

t1_region>
[2]:496488
[3]:45297
[4]:1014
[5]:331
[6]:142
[7]:54
[8]:29
[9]:13
[10]:2
[11]:1
[12]:1
[13]:1

t2_region>
[97]:6380
[98]:507219
[99]:27854
[100]:1096
[101]:455
[102]:190
[103]:103
[104]:47
[105]:21
[106]:12
[107]:2
[108]:4

t0_min: 1.04 us, round:124
t0_max: 7.21 us, round:329913
t0_jitter: 6.17 us

t1_min: 2.63 us, round:13
t1_max: 13.17 us, round:354232
t1_jitter: 10.54 us

t2_min: 97.13 us, round:2155
t2_max: 108.83 us, round:354232
t2_jitter: 11.71 us

PMU diff samples: 543415
AVG DIFF LL_CACHE_RD: 4.28
AVG DIFF LL_CACHE_MISS_RD: 0.05
AVG DIFF L2D_CACHE_REFILL: 0.05
AVG DIFF L2D_CACHE_INVAL: 0.00
[cur diff] DIFF LL_CACHE_RD: 21, DIFF LL_CACHE_MISS_RD: 0, MISS_RATE: 0.00%
[cur diff] DIFF L2D_CACHE_REFILL: 0
[cur diff] DIFF L2D_CACHE_INVAL: 0
[max diff] DIFF LL_CACHE_RD: 7, DIFF LL_CACHE_MISS_RD: 5, MISS_RATE: 71.43%
[max diff] DIFF L2D_CACHE_REFILL: 5
[max diff] DIFF L2D_CACHE_INVAL: 0

===========================================================
taskpendcnt:545454
t0:1250 ns
t1:3125 ns
t2:98916 ns
benchmark: Franka-derived Cartesian-impedance kernel, input trace:8, timer period:1.000 ms
controller source: franka_ros2 jazzy@73a1501d, updates:545477, SVD sweeps:5
pose error:[0.010000 0.015000 0.010000 -0.000000 0.049979 -0.000000]
tau[0:6]:[-2.781770 -1.613002 -1.930139 -1.581803 -1.382951 -0.390599 -0.663394]
kernel exec min/avg/max: 94.21 / 95.60 / 102.08 us, samples:545487
pressure status:0, copy rounds total/window:0/0, 0.00 rounds/s
pressure logical copy:0.00 MiB total, approx 0.00 MiB/s, checksum:0
pressure report window:2.142902 s
t0_region>
[1]:544538
[2]:798
[3]:123
[4]:30
[5]:14
[6]:3
[7]:2

t1_region>
[2]:498463
[3]:45465
[4]:1014
[5]:331
[6]:142
[7]:54
[8]:29
[9]:13
[10]:2
[11]:1
[12]:1
[13]:1

t2_region>
[97]:6380
[98]:509246
[99]:27970
[100]:1096
[101]:455
[102]:190
[103]:103
[104]:47
[105]:21
[106]:12
[107]:2
[108]:4

t0_min: 1.04 us, round:124
t0_max: 7.21 us, round:329913
t0_jitter: 6.17 us

t1_min: 2.63 us, round:13
t1_max: 13.17 us, round:354232
t1_jitter: 10.54 us

t2_min: 97.13 us, round:2155
t2_max: 108.83 us, round:354232
t2_jitter: 11.71 us

PMU diff samples: 545558
AVG DIFF LL_CACHE_RD: 4.28
AVG DIFF LL_CACHE_MISS_RD: 0.05
AVG DIFF L2D_CACHE_REFILL: 0.05
AVG DIFF L2D_CACHE_INVAL: 0.00
[cur diff] DIFF LL_CACHE_RD: 10, DIFF LL_CACHE_MISS_RD: 0, MISS_RATE: 0.00%
[cur diff] DIFF L2D_CACHE_REFILL: 0
[cur diff] DIFF L2D_CACHE_INVAL: 0
[max diff] DIFF LL_CACHE_RD: 7, DIFF LL_CACHE_MISS_RD: 5, MISS_RATE: 71.43%
[max diff] DIFF L2D_CACHE_REFILL: 5
[max diff] DIFF L2D_CACHE_INVAL: 0

===========================================================
taskpendcnt:547597
t0:1375 ns
t1:3250 ns
t2:99041 ns
benchmark: Franka-derived Cartesian-impedance kernel, input trace:8, timer period:1.000 ms
controller source: franka_ros2 jazzy@73a1501d, updates:547620, SVD sweeps:5
pose error:[0.010000 0.015000 0.010000 -0.000000 0.049979 -0.000000]
tau[0:6]:[-0.567483 -0.552304 -0.482512 -0.231067 -0.297494 -0.656094 -0.085004]
kernel exec min/avg/max: 94.21 / 95.60 / 102.08 us, samples:547630
pressure status:0, copy rounds total/window:0/0, 0.00 rounds/s
pressure logical copy:0.00 MiB total, approx 0.00 MiB/s, checksum:0
pressure report window:2.142910 s
t0_region>
[1]:546677
[2]:802
[3]:123
[4]:30
[5]:14
[6]:3
[7]:2

t1_region>
[2]:500429
[3]:45637
[4]:1016
[5]:334
[6]:142
[7]:54
[8]:29
[9]:13
[10]:2
[11]:1
[12]:1
[13]:1

t2_region>
[97]:6380
[98]:511248
[99]:28106
[100]:1098
[101]:458
[102]:190
[103]:103
[104]:47
[105]:21
[106]:12
[107]:2
[108]:4

t0_min: 1.04 us, round:124
t0_max: 7.21 us, round:329913
t0_jitter: 6.17 us

t1_min: 2.63 us, round:13
t1_max: 13.17 us, round:354232
t1_jitter: 10.54 us

t2_min: 97.13 us, round:2155
t2_max: 108.83 us, round:354232
t2_jitter: 11.71 us

PMU diff samples: 547701
AVG DIFF LL_CACHE_RD: 4.27
AVG DIFF LL_CACHE_MISS_RD: 0.05
AVG DIFF L2D_CACHE_REFILL: 0.05
AVG DIFF L2D_CACHE_INVAL: 0.00
[cur diff] DIFF LL_CACHE_RD: 12, DIFF LL_CACHE_MISS_RD: 0, MISS_RATE: 0.00%
[cur diff] DIFF L2D_CACHE_REFILL: 0
[cur diff] DIFF L2D_CACHE_INVAL: 0
[max diff] DIFF LL_CACHE_RD: 7, DIFF LL_CACHE_MISS_RD: 5, MISS_RATE: 71.43%
[max diff] DIFF L2D_CACHE_REFILL: 5
[max diff] DIFF L2D_CACHE_INVAL: 0

===========================================================
taskpendcnt:549740
t0:1500 ns
t1:3375 ns
t2:98875 ns
benchmark: Franka-derived Cartesian-impedance kernel, input trace:8, timer period:1.000 ms
controller source: franka_ros2 jazzy@73a1501d, updates:549763, SVD sweeps:5
pose error:[0.010000 0.015000 0.010000 -0.000000 0.049979 -0.000000]
tau[0:6]:[1.376914 -0.104433 0.790225 0.843903 0.642107 -0.956178 0.423547]
kernel exec min/avg/max: 94.21 / 95.60 / 102.08 us, samples:549772
pressure status:0, copy rounds total/window:0/0, 0.00 rounds/s
pressure logical copy:0.00 MiB total, approx 0.00 MiB/s, checksum:0
pressure report window:2.142476 s
t0_region>
[1]:548812
[2]:808
[3]:123
[4]:31
[5]:14
[6]:4
[7]:2

t1_region>
[2]:502363
[3]:45835
[4]:1023
[5]:335
[6]:143
[7]:55
[8]:29
[9]:13
[10]:2
[11]:1
[12]:1
[13]:1

t2_region>
[97]:6380
[98]:513180
[99]:28307
[100]:1104
[101]:460
[102]:191
[103]:104
[104]:47
[105]:21
[106]:12
[107]:2
[108]:4

t0_min: 1.04 us, round:124
t0_max: 7.21 us, round:329913
t0_jitter: 6.17 us

t1_min: 2.63 us, round:13
t1_max: 13.17 us, round:354232
t1_jitter: 10.54 us

t2_min: 97.13 us, round:2155
t2_max: 108.83 us, round:354232
t2_jitter: 11.71 us

PMU diff samples: 549843
AVG DIFF LL_CACHE_RD: 4.27
AVG DIFF LL_CACHE_MISS_RD: 0.05
AVG DIFF L2D_CACHE_REFILL: 0.05
AVG DIFF L2D_CACHE_INVAL: 0.00
[cur diff] DIFF LL_CACHE_RD: 21, DIFF LL_CACHE_MISS_RD: 0, MISS_RATE: 0.00%
[cur diff] DIFF L2D_CACHE_REFILL: 0
[cur diff] DIFF L2D_CACHE_INVAL: 0
[max diff] DIFF LL_CACHE_RD: 7, DIFF LL_CACHE_MISS_RD: 5, MISS_RATE: 71.43%
[max diff] DIFF L2D_CACHE_REFILL: 5
[max diff] DIFF L2D_CACHE_INVAL: 0

===========================================================
taskpendcnt:551883
t0:1500 ns
t1:3208 ns
t2:98708 ns
benchmark: Franka-derived Cartesian-impedance kernel, input trace:8, timer period:1.000 ms
controller source: franka_ros2 jazzy@73a1501d, updates:551906, SVD sweeps:5
pose error:[0.010000 0.015000 0.010000 -0.000000 0.049979 -0.000000]
tau[0:6]:[0.839771 0.130674 0.617691 0.624912 0.653099 -0.592692 0.265887]
kernel exec min/avg/max: 94.21 / 95.60 / 102.08 us, samples:551915
pressure status:0, copy rounds total/window:0/0, 0.00 rounds/s
pressure logical copy:0.00 MiB total, approx 0.00 MiB/s, checksum:0
pressure report window:2.142818 s
t0_region>
[1]:550954
[2]:808
[3]:123
[4]:31
[5]:14
[6]:4
[7]:2

t1_region>
[2]:504346
[3]:45995
[4]:1023
[5]:335
[6]:143
[7]:55
[8]:29
[9]:13
[10]:2
[11]:1
[12]:1
[13]:1

t2_region>
[97]:6380
[98]:515193
[99]:28436
[100]:1104
[101]:460
[102]:191
[103]:104
[104]:47
[105]:21
[106]:12
[107]:2
[108]:4

t0_min: 1.04 us, round:124
t0_max: 7.21 us, round:329913
t0_jitter: 6.17 us

t1_min: 2.63 us, round:13
t1_max: 13.17 us, round:354232
t1_jitter: 10.54 us

t2_min: 97.13 us, round:2155
t2_max: 108.83 us, round:354232
t2_jitter: 11.71 us

PMU diff samples: 551986
AVG DIFF LL_CACHE_RD: 4.27
AVG DIFF LL_CACHE_MISS_RD: 0.05
AVG DIFF L2D_CACHE_REFILL: 0.05
AVG DIFF L2D_CACHE_INVAL: 0.00
[cur diff] DIFF LL_CACHE_RD: 11, DIFF LL_CACHE_MISS_RD: 0, MISS_RATE: 0.00%
[cur diff] DIFF L2D_CACHE_REFILL: 0
[cur diff] DIFF L2D_CACHE_INVAL: 0
[max diff] DIFF LL_CACHE_RD: 7, DIFF LL_CACHE_MISS_RD: 5, MISS_RATE: 71.43%
[max diff] DIFF L2D_CACHE_REFILL: 5
[max diff] DIFF L2D_CACHE_INVAL: 0

===========================================================
taskpendcnt:554026
t0:1333 ns
t1:3208 ns
t2:98708 ns
benchmark: Franka-derived Cartesian-impedance kernel, input trace:8, timer period:1.000 ms
controller source: franka_ros2 jazzy@73a1501d, updates:554049, SVD sweeps:5
pose error:[0.010000 0.015000 0.010000 -0.000000 0.049979 -0.000000]
tau[0:6]:[-0.274004 -0.324180 0.001577 -0.231466 0.050986 -0.328952 0.010844]
kernel exec min/avg/max: 94.21 / 95.60 / 102.08 us, samples:554058
pressure status:0, copy rounds total/window:0/0, 0.00 rounds/s
pressure logical copy:0.00 MiB total, approx 0.00 MiB/s, checksum:0
pressure report window:2.143164 s
t0_region>
[1]:553098
[2]:808
[3]:123
[4]:31
[5]:14
[6]:4
[7]:2

t1_region>
[2]:506309
[3]:46175
[4]:1023
[5]:335
[6]:143
[7]:55
[8]:29
[9]:13
[10]:2
[11]:1
[12]:1
[13]:1

t2_region>
[97]:6380
[98]:517213
[99]:28561
[100]:1104
[101]:460
[102]:191
[103]:104
[104]:47
[105]:21
[106]:12
[107]:2
[108]:4

t0_min: 1.04 us, round:124
t0_max: 7.21 us, round:329913
t0_jitter: 6.17 us

t1_min: 2.63 us, round:13
t1_max: 13.17 us, round:354232
t1_jitter: 10.54 us

t2_min: 97.13 us, round:2155
t2_max: 108.83 us, round:354232
t2_jitter: 11.71 us

PMU diff samples: 554129
AVG DIFF LL_CACHE_RD: 4.27
AVG DIFF LL_CACHE_MISS_RD: 0.05
AVG DIFF L2D_CACHE_REFILL: 0.05
AVG DIFF L2D_CACHE_INVAL: 0.00
[cur diff] DIFF LL_CACHE_RD: 15, DIFF LL_CACHE_MISS_RD: 0, MISS_RATE: 0.00%
[cur diff] DIFF L2D_CACHE_REFILL: 0
[cur diff] DIFF L2D_CACHE_INVAL: 0
[max diff] DIFF LL_CACHE_RD: 7, DIFF LL_CACHE_MISS_RD: 5, MISS_RATE: 71.43%
[max diff] DIFF L2D_CACHE_REFILL: 5
[max diff] DIFF L2D_CACHE_INVAL: 0

===========================================================
taskpendcnt:556169
t0:1458 ns
t1:3625 ns
t2:99125 ns
benchmark: Franka-derived Cartesian-impedance kernel, input trace:8, timer period:1.000 ms
controller source: franka_ros2 jazzy@73a1501d, updates:556191, SVD sweeps:5
pose error:[0.010000 0.015000 0.010000 -0.000000 0.049979 -0.000000]
tau[0:6]:[-1.839419 -0.921560 -1.193198 -1.195971 -0.861243 0.113634 -0.461388]
kernel exec min/avg/max: 94.21 / 95.60 / 102.08 us, samples:556201
pressure status:0, copy rounds total/window:0/0, 0.00 rounds/s
pressure logical copy:0.00 MiB total, approx 0.00 MiB/s, checksum:0
pressure report window:2.143086 s
t0_region>
[1]:555231
[2]:817
[3]:123
[4]:32
[5]:14
[6]:4
[7]:2

t1_region>
[2]:508264
[3]:46353
[4]:1029
[5]:337
[6]:143
[7]:56
[8]:30
[9]:13
[10]:2
[11]:1
[12]:1
[13]:1

t2_region>
[97]:6380
[98]:519176
[99]:28729
[100]:1109
[101]:464
[102]:191
[103]:104
[104]:49
[105]:21
[106]:12
[107]:2
[108]:4

t0_min: 1.04 us, round:124
t0_max: 7.21 us, round:329913
t0_jitter: 6.17 us

t1_min: 2.63 us, round:13
t1_max: 13.17 us, round:354232
t1_jitter: 10.54 us

t2_min: 97.13 us, round:2155
t2_max: 108.83 us, round:354232
t2_jitter: 11.71 us

PMU diff samples: 556272
AVG DIFF LL_CACHE_RD: 4.27
AVG DIFF LL_CACHE_MISS_RD: 0.05
AVG DIFF L2D_CACHE_REFILL: 0.05
AVG DIFF L2D_CACHE_INVAL: 0.00
[cur diff] DIFF LL_CACHE_RD: 24, DIFF LL_CACHE_MISS_RD: 0, MISS_RATE: 0.00%
[cur diff] DIFF L2D_CACHE_REFILL: 0
[cur diff] DIFF L2D_CACHE_INVAL: 0
[max diff] DIFF LL_CACHE_RD: 7, DIFF LL_CACHE_MISS_RD: 5, MISS_RATE: 71.43%
[max diff] DIFF L2D_CACHE_REFILL: 5
[max diff] DIFF L2D_CACHE_INVAL: 0

===========================================================
taskpendcnt:558312
t0:1583 ns
t1:3166 ns
t2:98958 ns
benchmark: Franka-derived Cartesian-impedance kernel, input trace:8, timer period:1.000 ms
controller source: franka_ros2 jazzy@73a1501d, updates:558334, SVD sweeps:5
pose error:[0.010000 0.015000 0.010000 -0.000000 0.049979 -0.000000]
tau[0:6]:[-2.379368 -1.292411 -1.655224 -1.570015 -1.185234 -0.066588 -0.610247]
kernel exec min/avg/max: 94.21 / 95.60 / 102.08 us, samples:558344
pressure status:0, copy rounds total/window:0/0, 0.00 rounds/s
pressure logical copy:0.00 MiB total, approx 0.00 MiB/s, checksum:0
pressure report window:2.142986 s
t0_region>
[1]:557374
[2]:817
[3]:123
[4]:32
[5]:14
[6]:4
[7]:2

t1_region>
[2]:510244
[3]:46516
[4]:1029
[5]:337
[6]:143
[7]:56
[8]:30
[9]:13
[10]:2
[11]:1
[12]:1
[13]:1

t2_region>
[97]:6380
[98]:521154
[99]:28894
[100]:1109
[101]:464
[102]:191
[103]:104
[104]:49
[105]:21
[106]:12
[107]:2
[108]:4

t0_min: 1.04 us, round:124
t0_max: 7.21 us, round:329913
t0_jitter: 6.17 us

t1_min: 2.63 us, round:13
t1_max: 13.17 us, round:354232
t1_jitter: 10.54 us

t2_min: 97.13 us, round:2155
t2_max: 108.83 us, round:354232
t2_jitter: 11.71 us

PMU diff samples: 558415
AVG DIFF LL_CACHE_RD: 4.27
AVG DIFF LL_CACHE_MISS_RD: 0.05
AVG DIFF L2D_CACHE_REFILL: 0.05
AVG DIFF L2D_CACHE_INVAL: 0.00
[cur diff] DIFF LL_CACHE_RD: 19, DIFF LL_CACHE_MISS_RD: 0, MISS_RATE: 0.00%
[cur diff] DIFF L2D_CACHE_REFILL: 0
[cur diff] DIFF L2D_CACHE_INVAL: 0
[max diff] DIFF LL_CACHE_RD: 7, DIFF LL_CACHE_MISS_RD: 5, MISS_RATE: 71.43%
[max diff] DIFF L2D_CACHE_REFILL: 5
[max diff] DIFF L2D_CACHE_INVAL: 0

===========================================================
taskpendcnt:560455
t0:1416 ns
t1:3000 ns
t2:98791 ns
benchmark: Franka-derived Cartesian-impedance kernel, input trace:8, timer period:1.000 ms
controller source: franka_ros2 jazzy@73a1501d, updates:560477, SVD sweeps:5
pose error:[0.010000 0.015000 0.010000 -0.000000 0.049979 -0.000000]
tau[0:6]:[-2.781770 -1.613002 -1.930139 -1.581803 -1.382951 -0.390599 -0.663394]
kernel exec min/avg/max: 94.21 / 95.60 / 102.08 us, samples:560487
pressure status:0, copy rounds total/window:0/0, 0.00 rounds/s
pressure logical copy:0.00 MiB total, approx 0.00 MiB/s, checksum:0
pressure report window:2.142906 s
t0_region>
[1]:559517
[2]:817
[3]:123
[4]:32
[5]:14
[6]:4
[7]:2

t1_region>
[2]:512202
[3]:46701
[4]:1029
[5]:337
[6]:143
[7]:56
[8]:30
[9]:13
[10]:2
[11]:1
[12]:1
[13]:1

t2_region>
[97]:6380
[98]:523156
[99]:29034
[100]:1109
[101]:464
[102]:192
[103]:104
[104]:49
[105]:21
[106]:12
[107]:2
[108]:4

t0_min: 1.04 us, round:124
t0_max: 7.21 us, round:329913
t0_jitter: 6.17 us

t1_min: 2.63 us, round:13
t1_max: 13.17 us, round:354232
t1_jitter: 10.54 us

t2_min: 97.13 us, round:2155
t2_max: 108.83 us, round:354232
t2_jitter: 11.71 us

PMU diff samples: 560558
AVG DIFF LL_CACHE_RD: 4.27
AVG DIFF LL_CACHE_MISS_RD: 0.05
AVG DIFF L2D_CACHE_REFILL: 0.05
AVG DIFF L2D_CACHE_INVAL: 0.00
[cur diff] DIFF LL_CACHE_RD: 22, DIFF LL_CACHE_MISS_RD: 0, MISS_RATE: 0.00%
[cur diff] DIFF L2D_CACHE_REFILL: 0
[cur diff] DIFF L2D_CACHE_INVAL: 0
[max diff] DIFF LL_CACHE_RD: 7, DIFF LL_CACHE_MISS_RD: 5, MISS_RATE: 71.43%
[max diff] DIFF L2D_CACHE_REFILL: 5
[max diff] DIFF L2D_CACHE_INVAL: 0

===========================================================
taskpendcnt:562598
t0:1250 ns
t1:3125 ns
t2:99500 ns
benchmark: Franka-derived Cartesian-impedance kernel, input trace:8, timer period:1.000 ms
controller source: franka_ros2 jazzy@73a1501d, updates:562620, SVD sweeps:5
pose error:[0.010000 0.015000 0.010000 -0.000000 0.049979 -0.000000]
tau[0:6]:[-0.567483 -0.552304 -0.482512 -0.231067 -0.297494 -0.656094 -0.085004]
kernel exec min/avg/max: 94.21 / 95.60 / 102.08 us, samples:562630
pressure status:0, copy rounds total/window:0/0, 0.00 rounds/s
pressure logical copy:0.00 MiB total, approx 0.00 MiB/s, checksum:0
pressure report window:2.142968 s
t0_region>
[1]:561652
[2]:825
[3]:123
[4]:32
[5]:14
[6]:4
[7]:2

t1_region>
[2]:514127
[3]:46905
[4]:1040
[5]:337
[6]:145
[7]:57
[8]:30
[9]:13
[10]:2
[11]:1
[12]:1
[13]:1

t2_region>
[97]:6380
[98]:525097
[99]:29210
[100]:1131
[101]:466
[102]:193
[103]:105
[104]:50
[105]:21
[106]:12
[107]:2
[108]:4

t0_min: 1.04 us, round:124
t0_max: 7.21 us, round:329913
t0_jitter: 6.17 us

t1_min: 2.63 us, round:13
t1_max: 13.17 us, round:354232
t1_jitter: 10.54 us

t2_min: 97.13 us, round:2155
t2_max: 108.83 us, round:354232
t2_jitter: 11.71 us

PMU diff samples: 562701
AVG DIFF LL_CACHE_RD: 4.27
AVG DIFF LL_CACHE_MISS_RD: 0.05
AVG DIFF L2D_CACHE_REFILL: 0.05
AVG DIFF L2D_CACHE_INVAL: 0.00
[cur diff] DIFF LL_CACHE_RD: 33, DIFF LL_CACHE_MISS_RD: 0, MISS_RATE: 0.00%
[cur diff] DIFF L2D_CACHE_REFILL: 0
[cur diff] DIFF L2D_CACHE_INVAL: 0
[max diff] DIFF LL_CACHE_RD: 7, DIFF LL_CACHE_MISS_RD: 5, MISS_RATE: 71.43%
[max diff] DIFF L2D_CACHE_REFILL: 5
[max diff] DIFF L2D_CACHE_INVAL: 0

===========================================================
taskpendcnt:564740
t0:1375 ns
t1:3250 ns
t2:99041 ns
benchmark: Franka-derived Cartesian-impedance kernel, input trace:8, timer period:1.000 ms
controller source: franka_ros2 jazzy@73a1501d, updates:564763, SVD sweeps:5
pose error:[0.010000 0.015000 0.010000 -0.000000 0.049979 -0.000000]
tau[0:6]:[1.376914 -0.104433 0.790225 0.843903 0.642107 -0.956178 0.423547]
kernel exec min/avg/max: 94.21 / 95.60 / 102.08 us, samples:564773
pressure status:0, copy rounds total/window:0/0, 0.00 rounds/s
pressure logical copy:0.00 MiB total, approx 0.00 MiB/s, checksum:0
pressure report window:2.142403 s
t0_region>
[1]:563789
[2]:828
[3]:125
[4]:32
[5]:14
[6]:4
[7]:2

t1_region>
[2]:516075
[3]:47092
[4]:1044
[5]:340
[6]:145
[7]:57
[8]:30
[9]:13
[10]:2
[11]:1
[12]:1
[13]:1

t2_region>
[97]:6380
[98]:527138
[99]:29300
[100]:1137
[101]:469
[102]:193
[103]:106
[104]:50
[105]:21
[106]:12
[107]:2
[108]:4

t0_min: 1.04 us, round:124
t0_max: 7.21 us, round:329913
t0_jitter: 6.17 us

t1_min: 2.63 us, round:13
t1_max: 13.17 us, round:354232
t1_jitter: 10.54 us

t2_min: 97.13 us, round:2155
t2_max: 108.83 us, round:354232
t2_jitter: 11.71 us

PMU diff samples: 564844
AVG DIFF LL_CACHE_RD: 4.27
AVG DIFF LL_CACHE_MISS_RD: 0.05
AVG DIFF L2D_CACHE_REFILL: 0.05
AVG DIFF L2D_CACHE_INVAL: 0.00
[cur diff] DIFF LL_CACHE_RD: 10, DIFF LL_CACHE_MISS_RD: 0, MISS_RATE: 0.00%
[cur diff] DIFF L2D_CACHE_REFILL: 0
[cur diff] DIFF L2D_CACHE_INVAL: 0
[max diff] DIFF LL_CACHE_RD: 7, DIFF LL_CACHE_MISS_RD: 5, MISS_RATE: 71.43%
[max diff] DIFF L2D_CACHE_REFILL: 5
[max diff] DIFF L2D_CACHE_INVAL: 0

===========================================================
taskpendcnt:566883
t0:1500 ns
t1:3083 ns
t2:98875 ns
benchmark: Franka-derived Cartesian-impedance kernel, input trace:8, timer period:1.000 ms
controller source: franka_ros2 jazzy@73a1501d, updates:566906, SVD sweeps:5
pose error:[0.010000 0.015000 0.010000 -0.000000 0.049979 -0.000000]
tau[0:6]:[1.228026 0.081850 0.819520 0.875435 0.745706 -0.833381 0.398995]
kernel exec min/avg/max: 94.21 / 95.60 / 102.08 us, samples:566915
pressure status:0, copy rounds total/window:0/0, 0.00 rounds/s
pressure logical copy:0.00 MiB total, approx 0.00 MiB/s, checksum:0
pressure report window:2.142817 s
t0_region>
[1]:565932
[2]:828
[3]:125
[4]:32
[5]:14
[6]:4
[7]:2

t1_region>
[2]:518039
[3]:47271
[4]:1044
[5]:340
[6]:145
[7]:57
[8]:30
[9]:13
[10]:2
[11]:1
[12]:1
[13]:1

t2_region>
[97]:6380
[98]:529132
[99]:29450
[100]:1137
[101]:469
[102]:193
[103]:106
[104]:50
[105]:21
[106]:12
[107]:2
[108]:4

t0_min: 1.04 us, round:124
t0_max: 7.21 us, round:329913
t0_jitter: 6.17 us

t1_min: 2.63 us, round:13
t1_max: 13.17 us, round:354232
t1_jitter: 10.54 us

t2_min: 97.13 us, round:2155
t2_max: 108.83 us, round:354232
t2_jitter: 11.71 us

PMU diff samples: 566986
AVG DIFF LL_CACHE_RD: 4.27
AVG DIFF LL_CACHE_MISS_RD: 0.05
AVG DIFF L2D_CACHE_REFILL: 0.05
AVG DIFF L2D_CACHE_INVAL: 0.00
[cur diff] DIFF LL_CACHE_RD: 10, DIFF LL_CACHE_MISS_RD: 0, MISS_RATE: 0.00%
[cur diff] DIFF L2D_CACHE_REFILL: 0
[cur diff] DIFF L2D_CACHE_INVAL: 0
[max diff] DIFF LL_CACHE_RD: 7, DIFF LL_CACHE_MISS_RD: 5, MISS_RATE: 71.43%
[max diff] DIFF L2D_CACHE_REFILL: 5
[max diff] DIFF L2D_CACHE_INVAL: 0

===========================================================
taskpendcnt:569026
t0:1333 ns
t1:3208 ns
t2:98708 ns
benchmark: Franka-derived Cartesian-impedance kernel, input trace:8, timer period:1.000 ms
controller source: franka_ros2 jazzy@73a1501d, updates:569049, SVD sweeps:5
pose error:[0.010000 0.015000 0.010000 -0.000000 0.049979 -0.000000]
tau[0:6]:[0.839771 0.130674 0.617691 0.624912 0.653099 -0.592692 0.265887]
kernel exec min/avg/max: 94.21 / 95.60 / 102.08 us, samples:569058
pressure status:0, copy rounds total/window:0/0, 0.00 rounds/s
pressure logical copy:0.00 MiB total, approx 0.00 MiB/s, checksum:0
pressure report window:2.142907 s
t0_region>
[1]:568075
[2]:828
[3]:125
[4]:32
[5]:14
[6]:4
[7]:2

t1_region>
[2]:520012
[3]:47441
[4]:1044
[5]:340
[6]:145
[7]:57
[8]:30
[9]:13
[10]:2
[11]:1
[12]:1
[13]:1

t2_region>
[97]:6380
[98]:531137
[99]:29587
[100]:1137
[101]:469
[102]:193
[103]:106
[104]:50
[105]:21
[106]:12
[107]:2
[108]:4

t0_min: 1.04 us, round:124
t0_max: 7.21 us, round:329913
t0_jitter: 6.17 us

t1_min: 2.63 us, round:13
t1_max: 13.17 us, round:354232
t1_jitter: 10.54 us

t2_min: 97.13 us, round:2155
t2_max: 108.83 us, round:354232
t2_jitter: 11.71 us

PMU diff samples: 569129
AVG DIFF LL_CACHE_RD: 4.27
AVG DIFF LL_CACHE_MISS_RD: 0.05
AVG DIFF L2D_CACHE_REFILL: 0.05
AVG DIFF L2D_CACHE_INVAL: 0.00
[cur diff] DIFF LL_CACHE_RD: 21, DIFF LL_CACHE_MISS_RD: 0, MISS_RATE: 0.00%
[cur diff] DIFF L2D_CACHE_REFILL: 0
[cur diff] DIFF L2D_CACHE_INVAL: 0
[max diff] DIFF LL_CACHE_RD: 7, DIFF LL_CACHE_MISS_RD: 5, MISS_RATE: 71.43%
[max diff] DIFF L2D_CACHE_REFILL: 5
[max diff] DIFF L2D_CACHE_INVAL: 0

===========================================================
taskpendcnt:571169
t0:1166 ns
t1:3041 ns
t2:98833 ns
benchmark: Franka-derived Cartesian-impedance kernel, input trace:8, timer period:1.000 ms
controller source: franka_ros2 jazzy@73a1501d, updates:571192, SVD sweeps:5
pose error:[0.010000 0.015000 0.010000 -0.000000 0.049979 -0.000000]
tau[0:6]:[-0.274004 -0.324180 0.001577 -0.231466 0.050986 -0.328952 0.010844]
kernel exec min/avg/max: 94.21 / 95.60 / 102.08 us, samples:571201
pressure status:0, copy rounds total/window:0/0, 0.00 rounds/s
pressure logical copy:0.00 MiB total, approx 0.00 MiB/s, checksum:0
pressure report window:2.143170 s
t0_region>
[1]:570212
[2]:833
[3]:126
[4]:32
[5]:14
[6]:4
[7]:2

t1_region>
[2]:521948
[3]:47640
[4]:1046
[5]:345
[6]:146
[7]:57
[8]:30
[9]:13
[10]:2
[11]:1
[12]:1
[13]:1

t2_region>
[97]:6380
[98]:533122
[99]:29737
[100]:1140
[101]:473
[102]:195
[103]:106
[104]:50
[105]:21
[106]:12
[107]:2
[108]:4

t0_min: 1.04 us, round:124
t0_max: 7.21 us, round:329913
t0_jitter: 6.17 us

t1_min: 2.63 us, round:13
t1_max: 13.17 us, round:354232
t1_jitter: 10.54 us

t2_min: 97.13 us, round:2155
t2_max: 108.83 us, round:354232
t2_jitter: 11.71 us

PMU diff samples: 571272
AVG DIFF LL_CACHE_RD: 4.27
AVG DIFF LL_CACHE_MISS_RD: 0.05
AVG DIFF L2D_CACHE_REFILL: 0.05
AVG DIFF L2D_CACHE_INVAL: 0.00
[cur diff] DIFF LL_CACHE_RD: 19, DIFF LL_CACHE_MISS_RD: 0, MISS_RATE: 0.00%
[cur diff] DIFF L2D_CACHE_REFILL: 0
[cur diff] DIFF L2D_CACHE_INVAL: 0
[max diff] DIFF LL_CACHE_RD: 7, DIFF LL_CACHE_MISS_RD: 5, MISS_RATE: 71.43%
[max diff] DIFF L2D_CACHE_REFILL: 5
[max diff] DIFF L2D_CACHE_INVAL: 0

===========================================================
taskpendcnt:573312
t0:1291 ns
t1:3166 ns
t2:98958 ns
benchmark: Franka-derived Cartesian-impedance kernel, input trace:8, timer period:1.000 ms
controller source: franka_ros2 jazzy@73a1501d, updates:573335, SVD sweeps:5
pose error:[0.010000 0.015000 0.010000 -0.000000 0.049979 -0.000000]
tau[0:6]:[-2.379368 -1.292411 -1.655224 -1.570015 -1.185234 -0.066588 -0.610247]
kernel exec min/avg/max: 94.21 / 95.60 / 102.08 us, samples:573345
pressure status:0, copy rounds total/window:0/0, 0.00 rounds/s
pressure logical copy:0.00 MiB total, approx 0.00 MiB/s, checksum:0
pressure report window:2.143162 s
t0_region>
[1]:572355
[2]:833
[3]:126
[4]:32
[5]:14
[6]:4
[7]:2

t1_region>
[2]:523925
[3]:47805
[4]:1046
[5]:346
[6]:146
[7]:57
[8]:30
[9]:13
[10]:2
[11]:1
[12]:1
[13]:1

t2_region>
[97]:6380
[98]:535123
[99]:29878
[100]:1140
[101]:474
[102]:195
[103]:106
[104]:50
[105]:21
[106]:12
[107]:2
[108]:4

t0_min: 1.04 us, round:124
t0_max: 7.21 us, round:329913
t0_jitter: 6.17 us

t1_min: 2.63 us, round:13
t1_max: 13.17 us, round:354232
t1_jitter: 10.54 us

t2_min: 97.13 us, round:2155
t2_max: 108.83 us, round:354232
t2_jitter: 11.71 us

PMU diff samples: 573416
AVG DIFF LL_CACHE_RD: 4.27
AVG DIFF LL_CACHE_MISS_RD: 0.05
AVG DIFF L2D_CACHE_REFILL: 0.05
AVG DIFF L2D_CACHE_INVAL: 0.00
[cur diff] DIFF LL_CACHE_RD: 16, DIFF LL_CACHE_MISS_RD: 1, MISS_RATE: 6.25%
[cur diff] DIFF L2D_CACHE_REFILL: 0
[cur diff] DIFF L2D_CACHE_INVAL: 0
[max diff] DIFF LL_CACHE_RD: 7, DIFF LL_CACHE_MISS_RD: 5, MISS_RATE: 71.43%
[max diff] DIFF L2D_CACHE_REFILL: 5
[max diff] DIFF L2D_CACHE_INVAL: 0

===========================================================
taskpendcnt:575455
t0:1291 ns
t1:2875 ns
t2:99083 ns
benchmark: Franka-derived Cartesian-impedance kernel, input trace:8, timer period:1.000 ms
controller source: franka_ros2 jazzy@73a1501d, updates:575478, SVD sweeps:5
pose error:[0.010000 0.015000 0.010000 -0.000000 0.049979 -0.000000]
tau[0:6]:[-2.781770 -1.613002 -1.930139 -1.581803 -1.382951 -0.390599 -0.663394]
kernel exec min/avg/max: 94.21 / 95.60 / 102.08 us, samples:575487
pressure status:0, copy rounds total/window:0/0, 0.00 rounds/s
pressure logical copy:0.00 MiB total, approx 0.00 MiB/s, checksum:0
pressure report window:2.142907 s
t0_region>
[1]:574498
[2]:833
[3]:126
[4]:32
[5]:14
[6]:4
[7]:2

t1_region>
[2]:525902
[3]:47971
[4]:1046
[5]:346
[6]:146
[7]:57
[8]:30
[9]:13
[10]:2
[11]:1
[12]:1
[13]:1

t2_region>
[97]:6380
[98]:537129
[99]:30014
[100]:1140
[101]:474
[102]:195
[103]:106
[104]:50
[105]:21
[106]:12
[107]:2
[108]:4

t0_min: 1.04 us, round:124
t0_max: 7.21 us, round:329913
t0_jitter: 6.17 us

t1_min: 2.63 us, round:13
t1_max: 13.17 us, round:354232
t1_jitter: 10.54 us

t2_min: 97.13 us, round:2155
t2_max: 108.83 us, round:354232
t2_jitter: 11.71 us

PMU diff samples: 575559
AVG DIFF LL_CACHE_RD: 4.27
AVG DIFF LL_CACHE_MISS_RD: 0.05
AVG DIFF L2D_CACHE_REFILL: 0.05
AVG DIFF L2D_CACHE_INVAL: 0.00
[cur diff] DIFF LL_CACHE_RD: 15, DIFF LL_CACHE_MISS_RD: 0, MISS_RATE: 0.00%
[cur diff] DIFF L2D_CACHE_REFILL: 0
[cur diff] DIFF L2D_CACHE_INVAL: 0
[max diff] DIFF LL_CACHE_RD: 7, DIFF LL_CACHE_MISS_RD: 5, MISS_RATE: 71.43%
[max diff] DIFF L2D_CACHE_REFILL: 5
[max diff] DIFF L2D_CACHE_INVAL: 0

===========================================================
taskpendcnt:577598
t0:1416 ns
t1:3291 ns
t2:98791 ns
benchmark: Franka-derived Cartesian-impedance kernel, input trace:8, timer period:1.000 ms
controller source: franka_ros2 jazzy@73a1501d, updates:577621, SVD sweeps:5
pose error:[0.010000 0.015000 0.010000 -0.000000 0.049979 -0.000000]
tau[0:6]:[-0.567483 -0.552304 -0.482512 -0.231067 -0.297494 -0.656094 -0.085004]
kernel exec min/avg/max: 94.21 / 95.60 / 102.08 us, samples:577630
pressure status:0, copy rounds total/window:0/0, 0.00 rounds/s
pressure logical copy:0.00 MiB total, approx 0.00 MiB/s, checksum:0
pressure report window:2.142917 s
t0_region>
[1]:576631
[2]:840
[3]:128
[4]:33
[5]:14
[6]:4
[7]:2

t1_region>
[2]:527831
[3]:48175
[4]:1051
[5]:350
[6]:147
[7]:57
[8]:30
[9]:13
[10]:2
[11]:1
[12]:1
[13]:1

t2_region>
[97]:6380
[98]:539005
[99]:30266
[100]:1149
[101]:477
[102]:198
[103]:106
[104]:50
[105]:21
[106]:12
[107]:2
[108]:4

t0_min: 1.04 us, round:124
t0_max: 7.21 us, round:329913
t0_jitter: 6.17 us

t1_min: 2.63 us, round:13
t1_max: 13.17 us, round:354232
t1_jitter: 10.54 us

t2_min: 97.13 us, round:2155
t2_max: 108.83 us, round:354232
t2_jitter: 11.71 us

PMU diff samples: 577701
AVG DIFF LL_CACHE_RD: 4.27
AVG DIFF LL_CACHE_MISS_RD: 0.05
AVG DIFF L2D_CACHE_REFILL: 0.05
AVG DIFF L2D_CACHE_INVAL: 0.00
[cur diff] DIFF LL_CACHE_RD: 10, DIFF LL_CACHE_MISS_RD: 0, MISS_RATE: 0.00%
[cur diff] DIFF L2D_CACHE_REFILL: 0
[cur diff] DIFF L2D_CACHE_INVAL: 0
[max diff] DIFF LL_CACHE_RD: 7, DIFF LL_CACHE_MISS_RD: 5, MISS_RATE: 71.43%
[max diff] DIFF L2D_CACHE_REFILL: 5
[max diff] DIFF L2D_CACHE_INVAL: 0

===========================================================
taskpendcnt:579741
t0:1833 ns
t1:3125 ns
t2:99208 ns
benchmark: Franka-derived Cartesian-impedance kernel, input trace:8, timer period:1.000 ms
controller source: franka_ros2 jazzy@73a1501d, updates:579763, SVD sweeps:5
pose error:[0.010000 0.015000 0.010000 -0.000000 0.049979 -0.000000]
tau[0:6]:[1.376914 -0.104433 0.790225 0.843903 0.642107 -0.956178 0.423547]
kernel exec min/avg/max: 94.21 / 95.60 / 102.08 us, samples:579773
pressure status:0, copy rounds total/window:0/0, 0.00 rounds/s
pressure logical copy:0.00 MiB total, approx 0.00 MiB/s, checksum:0
pressure report window:2.142476 s
t0_region>
[1]:578768
[2]:843
[3]:130
[4]:33
[5]:14
[6]:4
[7]:2

t1_region>
[2]:529754
[3]:48388
[4]:1053
[5]:351
[6]:149
[7]:57
[8]:30
[9]:14
[10]:2
[11]:1
[12]:1
[13]:1

t2_region>
[97]:6380
[98]:540940
[99]:30464
[100]:1152
[101]:478
[102]:201
[103]:106
[104]:51
[105]:21
[106]:13
[107]:2
[108]:4

t0_min: 1.04 us, round:124
t0_max: 7.21 us, round:329913
t0_jitter: 6.17 us

t1_min: 2.63 us, round:13
t1_max: 13.17 us, round:354232
t1_jitter: 10.54 us

t2_min: 97.13 us, round:2155
t2_max: 108.83 us, round:354232
t2_jitter: 11.71 us

PMU diff samples: 579844
AVG DIFF LL_CACHE_RD: 4.27
AVG DIFF LL_CACHE_MISS_RD: 0.05
AVG DIFF L2D_CACHE_REFILL: 0.05
AVG DIFF L2D_CACHE_INVAL: 0.00
[cur diff] DIFF LL_CACHE_RD: 18, DIFF LL_CACHE_MISS_RD: 0, MISS_RATE: 0.00%
[cur diff] DIFF L2D_CACHE_REFILL: 0
[cur diff] DIFF L2D_CACHE_INVAL: 0
[max diff] DIFF LL_CACHE_RD: 7, DIFF LL_CACHE_MISS_RD: 5, MISS_RATE: 71.43%
[max diff] DIFF L2D_CACHE_REFILL: 5
[max diff] DIFF L2D_CACHE_INVAL: 0

===========================================================
taskpendcnt:581884
t0:1666 ns
t1:3250 ns
t2:99041 ns
benchmark: Franka-derived Cartesian-impedance kernel, input trace:8, timer period:1.000 ms
controller source: franka_ros2 jazzy@73a1501d, updates:581906, SVD sweeps:5
pose error:[0.010000 0.015000 0.010000 -0.000000 0.049979 -0.000000]
tau[0:6]:[1.228026 0.081850 0.819520 0.875435 0.745706 -0.833381 0.398995]
kernel exec min/avg/max: 94.21 / 95.60 / 102.08 us, samples:581916
pressure status:0, copy rounds total/window:0/0, 0.00 rounds/s
pressure logical copy:0.00 MiB total, approx 0.00 MiB/s, checksum:0
pressure report window:2.142832 s
t0_region>
[1]:580911
[2]:843
[3]:130
[4]:33
[5]:14
[6]:4
[7]:2

t1_region>
[2]:531720
[3]:48566
[4]:1053
[5]:351
[6]:149
[7]:57
[8]:30
[9]:14
[10]:2
[11]:1
[12]:1
[13]:1

t2_region>
[97]:6380
[98]:542937
[99]:30610
[100]:1152
[101]:478
[102]:201
[103]:106
[104]:51
[105]:21
[106]:13
[107]:2
[108]:4

t0_min: 1.04 us, round:124
t0_max: 7.21 us, round:329913
t0_jitter: 6.17 us

t1_min: 2.63 us, round:13
t1_max: 13.17 us, round:354232
t1_jitter: 10.54 us

t2_min: 97.13 us, round:2155
t2_max: 108.83 us, round:354232
t2_jitter: 11.71 us

PMU diff samples: 581987
AVG DIFF LL_CACHE_RD: 4.27
AVG DIFF LL_CACHE_MISS_RD: 0.05
AVG DIFF L2D_CACHE_REFILL: 0.05
AVG DIFF L2D_CACHE_INVAL: 0.00
[cur diff] DIFF LL_CACHE_RD: 15, DIFF LL_CACHE_MISS_RD: 0, MISS_RATE: 0.00%
[cur diff] DIFF L2D_CACHE_REFILL: 0
[cur diff] DIFF L2D_CACHE_INVAL: 0
[max diff] DIFF LL_CACHE_RD: 7, DIFF LL_CACHE_MISS_RD: 5, MISS_RATE: 71.43%
[max diff] DIFF L2D_CACHE_REFILL: 5
[max diff] DIFF L2D_CACHE_INVAL: 0

===========================================================
taskpendcnt:584027
t0:1500 ns
t1:3375 ns
t2:98875 ns
benchmark: Franka-derived Cartesian-impedance kernel, input trace:8, timer period:1.000 ms
controller source: franka_ros2 jazzy@73a1501d, updates:584049, SVD sweeps:5
pose error:[0.010000 0.015000 0.010000 -0.000000 0.049979 -0.000000]
tau[0:6]:[0.839771 0.130674 0.617691 0.624912 0.653099 -0.592692 0.265887]
kernel exec min/avg/max: 94.21 / 95.60 / 102.08 us, samples:584059
pressure status:0, copy rounds total/window:0/0, 0.00 rounds/s
pressure logical copy:0.00 MiB total, approx 0.00 MiB/s, checksum:0
pressure report window:2.142888 s
t0_region>
[1]:583053
[2]:844
[3]:130
[4]:33
[5]:14
[6]:4
[7]:2

t1_region>
[2]:533680
[3]:48748
[4]:1054
[5]:351
[6]:149
[7]:57
[8]:30
[9]:14
[10]:2
[11]:1
[12]:1
[13]:1

t2_region>
[97]:6380
[98]:544932
[99]:30758
[100]:1153
[101]:478
[102]:201
[103]:106
[104]:51
[105]:21
[106]:13
[107]:2
[108]:4

t0_min: 1.04 us, round:124
t0_max: 7.21 us, round:329913
t0_jitter: 6.17 us

t1_min: 2.63 us, round:13
t1_max: 13.17 us, round:354232
t1_jitter: 10.54 us

t2_min: 97.13 us, round:2155
t2_max: 108.83 us, round:354232
t2_jitter: 11.71 us

PMU diff samples: 584130
AVG DIFF LL_CACHE_RD: 4.27
AVG DIFF LL_CACHE_MISS_RD: 0.05
AVG DIFF L2D_CACHE_REFILL: 0.05
AVG DIFF L2D_CACHE_INVAL: 0.00
[cur diff] DIFF LL_CACHE_RD: 17, DIFF LL_CACHE_MISS_RD: 0, MISS_RATE: 0.00%
[cur diff] DIFF L2D_CACHE_REFILL: 0
[cur diff] DIFF L2D_CACHE_INVAL: 0
[max diff] DIFF LL_CACHE_RD: 7, DIFF LL_CACHE_MISS_RD: 5, MISS_RATE: 71.43%
[max diff] DIFF L2D_CACHE_REFILL: 5
[max diff] DIFF L2D_CACHE_INVAL: 0

===========================================================
taskpendcnt:586170
t0:1625 ns
t1:2916 ns
t2:99583 ns
benchmark: Franka-derived Cartesian-impedance kernel, input trace:8, timer period:1.000 ms
controller source: franka_ros2 jazzy@73a1501d, updates:586192, SVD sweeps:5
pose error:[0.010000 0.015000 0.010000 -0.000000 0.049979 -0.000000]
tau[0:6]:[-0.274004 -0.324180 0.001577 -0.231466 0.050986 -0.328952 0.010844]
kernel exec min/avg/max: 94.21 / 95.60 / 102.08 us, samples:586202
pressure status:0, copy rounds total/window:0/0, 0.00 rounds/s
pressure logical copy:0.00 MiB total, approx 0.00 MiB/s, checksum:0
pressure report window:2.143260 s
t0_region>
[1]:585188
[2]:849
[3]:131
[4]:33
[5]:15
[6]:4
[7]:3

t1_region>
[2]:535628
[3]:48935
[4]:1057
[5]:351
[6]:149
[7]:60
[8]:31
[9]:15
[10]:2
[11]:1
[12]:1
[13]:1

t2_region>
[97]:6380
[98]:546942
[99]:30882
[100]:1156
[101]:479
[102]:202
[103]:108
[104]:53
[105]:21
[106]:13
[107]:2
[108]:4

t0_min: 1.04 us, round:124
t0_max: 7.21 us, round:329913
t0_jitter: 6.17 us

t1_min: 2.63 us, round:13
t1_max: 13.17 us, round:354232
t1_jitter: 10.54 us

t2_min: 97.13 us, round:2155
t2_max: 108.83 us, round:354232
t2_jitter: 11.71 us

PMU diff samples: 586273
AVG DIFF LL_CACHE_RD: 4.27
AVG DIFF LL_CACHE_MISS_RD: 0.05
AVG DIFF L2D_CACHE_REFILL: 0.05
AVG DIFF L2D_CACHE_INVAL: 0.00
[cur diff] DIFF LL_CACHE_RD: 18, DIFF LL_CACHE_MISS_RD: 0, MISS_RATE: 0.00%
[cur diff] DIFF L2D_CACHE_REFILL: 0
[cur diff] DIFF L2D_CACHE_INVAL: 0
[max diff] DIFF LL_CACHE_RD: 7, DIFF LL_CACHE_MISS_RD: 5, MISS_RATE: 71.43%
[max diff] DIFF L2D_CACHE_REFILL: 5
[max diff] DIFF L2D_CACHE_INVAL: 0

===========================================================
taskpendcnt:588312
t0:1458 ns
t1:3041 ns
t2:98833 ns
benchmark: Franka-derived Cartesian-impedance kernel, input trace:8, timer period:1.000 ms
controller source: franka_ros2 jazzy@73a1501d, updates:588335, SVD sweeps:5
pose error:[0.010000 0.015000 0.010000 -0.000000 0.049979 -0.000000]
tau[0:6]:[-1.839419 -0.921560 -1.193198 -1.195971 -0.861243 0.113634 -0.461388]
kernel exec min/avg/max: 94.21 / 95.60 / 102.08 us, samples:588345
pressure status:0, copy rounds total/window:0/0, 0.00 rounds/s
pressure logical copy:0.00 MiB total, approx 0.00 MiB/s, checksum:0
pressure report window:2.142972 s
t0_region>
[1]:587330
[2]:850
[3]:131
[4]:33
[5]:15
[6]:4
[7]:3

t1_region>
[2]:537594
[3]:49111
[4]:1057
[5]:352
[6]:149
[7]:60
[8]:31
[9]:15
[10]:2
[11]:1
[12]:1
[13]:1

t2_region>
[97]:6380
[98]:548971
[99]:30993
[100]:1158
[101]:479
[102]:202
[103]:108
[104]:53
[105]:21
[106]:13
[107]:2
[108]:4

t0_min: 1.04 us, round:124
t0_max: 7.21 us, round:329913
t0_jitter: 6.17 us

t1_min: 2.63 us, round:13
t1_max: 13.17 us, round:354232
t1_jitter: 10.54 us

t2_min: 97.13 us, round:2155
t2_max: 108.83 us, round:354232
t2_jitter: 11.71 us

PMU diff samples: 588416
AVG DIFF LL_CACHE_RD: 4.27
AVG DIFF LL_CACHE_MISS_RD: 0.05
AVG DIFF L2D_CACHE_REFILL: 0.05
AVG DIFF L2D_CACHE_INVAL: 0.00
[cur diff] DIFF LL_CACHE_RD: 6, DIFF LL_CACHE_MISS_RD: 0, MISS_RATE: 0.00%
[cur diff] DIFF L2D_CACHE_REFILL: 0
[cur diff] DIFF L2D_CACHE_INVAL: 0
[max diff] DIFF LL_CACHE_RD: 7, DIFF LL_CACHE_MISS_RD: 5, MISS_RATE: 71.43%
[max diff] DIFF L2D_CACHE_REFILL: 5
[max diff] DIFF L2D_CACHE_INVAL: 0

===========================================================
taskpendcnt:590455
t0:1583 ns
t1:3166 ns
t2:98958 ns
benchmark: Franka-derived Cartesian-impedance kernel, input trace:8, timer period:1.000 ms
controller source: franka_ros2 jazzy@73a1501d, updates:590478, SVD sweeps:5
pose error:[0.010000 0.015000 0.010000 -0.000000 0.049979 -0.000000]
tau[0:6]:[-2.379368 -1.292411 -1.655224 -1.570015 -1.185234 -0.066588 -0.610247]
kernel exec min/avg/max: 94.21 / 95.60 / 102.08 us, samples:590488
pressure status:0, copy rounds total/window:0/0, 0.00 rounds/s
pressure logical copy:0.00 MiB total, approx 0.00 MiB/s, checksum:0
pressure report window:2.143003 s
t0_region>
[1]:589472
[2]:850
[3]:132
[4]:33
[5]:15
[6]:4
[7]:3

t1_region>
[2]:539562
[3]:49285
[4]:1057
[5]:353
[6]:149
[7]:60
[8]:31
[9]:15
[10]:2
[11]:1
[12]:1
[13]:1

t2_region>
[97]:6380
[98]:550982
[99]:31124
[100]:1158
[101]:480
[102]:202
[103]:108
[104]:53
[105]:21
[106]:13
[107]:2
[108]:4

t0_min: 1.04 us, round:124
t0_max: 7.21 us, round:329913
t0_jitter: 6.17 us

t1_min: 2.63 us, round:13
t1_max: 13.17 us, round:354232
t1_jitter: 10.54 us

t2_min: 97.13 us, round:2155
t2_max: 108.83 us, round:354232
t2_jitter: 11.71 us

PMU diff samples: 590559
AVG DIFF LL_CACHE_RD: 4.27
AVG DIFF LL_CACHE_MISS_RD: 0.05
AVG DIFF L2D_CACHE_REFILL: 0.05
AVG DIFF L2D_CACHE_INVAL: 0.00
[cur diff] DIFF LL_CACHE_RD: 16, DIFF LL_CACHE_MISS_RD: 0, MISS_RATE: 0.00%
[cur diff] DIFF L2D_CACHE_REFILL: 0
[cur diff] DIFF L2D_CACHE_INVAL: 0
[max diff] DIFF LL_CACHE_RD: 7, DIFF LL_CACHE_MISS_RD: 5, MISS_RATE: 71.43%
[max diff] DIFF L2D_CACHE_REFILL: 5
[max diff] DIFF L2D_CACHE_INVAL: 0

===========================================================
taskpendcnt:592598
t0:1416 ns
t1:3000 ns
t2:99083 ns
benchmark: Franka-derived Cartesian-impedance kernel, input trace:8, timer period:1.000 ms
controller source: franka_ros2 jazzy@73a1501d, updates:592621, SVD sweeps:5
pose error:[0.010000 0.015000 0.010000 -0.000000 0.049979 -0.000000]
tau[0:6]:[-2.781770 -1.613002 -1.930139 -1.581803 -1.382951 -0.390599 -0.663394]
kernel exec min/avg/max: 94.21 / 95.60 / 102.08 us, samples:592631
pressure status:0, copy rounds total/window:0/0, 0.00 rounds/s
pressure logical copy:0.00 MiB total, approx 0.00 MiB/s, checksum:0
pressure report window:2.142913 s
t0_region>
[1]:591609
[2]:855
[3]:132
[4]:34
[5]:15
[6]:4
[7]:3

t1_region>
[2]:541502
[3]:49477
[4]:1067
[5]:353
[6]:149
[7]:61
[8]:31
[9]:15
[10]:2
[11]:1
[12]:1
[13]:1

t2_region>
[97]:6380
[98]:552956
[99]:31283
[100]:1165
[101]:480
[102]:203
[103]:109
[104]:54
[105]:21
[106]:13
[107]:2
[108]:4

t0_min: 1.04 us, round:124
t0_max: 7.21 us, round:329913
t0_jitter: 6.17 us

t1_min: 2.63 us, round:13
t1_max: 13.17 us, round:354232
t1_jitter: 10.54 us

t2_min: 97.13 us, round:2155
t2_max: 108.83 us, round:354232
t2_jitter: 11.71 us

PMU diff samples: 592702
AVG DIFF LL_CACHE_RD: 4.27
AVG DIFF LL_CACHE_MISS_RD: 0.05
AVG DIFF L2D_CACHE_REFILL: 0.05
AVG DIFF L2D_CACHE_INVAL: 0.00
[cur diff] DIFF LL_CACHE_RD: 16, DIFF LL_CACHE_MISS_RD: 0, MISS_RATE: 0.00%
[cur diff] DIFF L2D_CACHE_REFILL: 0
[cur diff] DIFF L2D_CACHE_INVAL: 0
[max diff] DIFF LL_CACHE_RD: 7, DIFF LL_CACHE_MISS_RD: 5, MISS_RATE: 71.43%
[max diff] DIFF L2D_CACHE_REFILL: 5
[max diff] DIFF L2D_CACHE_INVAL: 0

===========================================================
taskpendcnt:594741
t0:1541 ns
t1:3125 ns
t2:98916 ns
benchmark: Franka-derived Cartesian-impedance kernel, input trace:8, timer period:1.000 ms
controller source: franka_ros2 jazzy@73a1501d, updates:594764, SVD sweeps:5
pose error:[0.010000 0.015000 0.010000 -0.000000 0.049979 -0.000000]
tau[0:6]:[-0.567483 -0.552304 -0.482512 -0.231067 -0.297494 -0.656094 -0.085004]
kernel exec min/avg/max: 94.21 / 95.60 / 102.08 us, samples:594774
pressure status:0, copy rounds total/window:0/0, 0.00 rounds/s
pressure logical copy:0.00 MiB total, approx 0.00 MiB/s, checksum:0
pressure report window:2.142965 s
t0_region>
[1]:593749
[2]:857
[3]:133
[4]:34
[5]:15
[6]:4
[7]:3

t1_region>
[2]:543438
[3]:49678
[4]:1070
[5]:356
[6]:149
[7]:61
[8]:31
[9]:15
[10]:2
[11]:1
[12]:1
[13]:1

t2_region>
[97]:6380
[98]:554842
[99]:31533
[100]:1169
[101]:482
[102]:204
[103]:109
[104]:54
[105]:21
[106]:13
[107]:2
[108]:4

t0_min: 1.04 us, round:124
t0_max: 7.21 us, round:329913
t0_jitter: 6.17 us

t1_min: 2.63 us, round:13
t1_max: 13.17 us, round:354232
t1_jitter: 10.54 us

t2_min: 97.13 us, round:2155
t2_max: 108.83 us, round:354232
t2_jitter: 11.71 us

PMU diff samples: 594845
AVG DIFF LL_CACHE_RD: 4.27
AVG DIFF LL_CACHE_MISS_RD: 0.05
AVG DIFF L2D_CACHE_REFILL: 0.05
AVG DIFF L2D_CACHE_INVAL: 0.00
[cur diff] DIFF LL_CACHE_RD: 8, DIFF LL_CACHE_MISS_RD: 0, MISS_RATE: 0.00%
[cur diff] DIFF L2D_CACHE_REFILL: 0
[cur diff] DIFF L2D_CACHE_INVAL: 0
[max diff] DIFF LL_CACHE_RD: 7, DIFF LL_CACHE_MISS_RD: 5, MISS_RATE: 71.43%
[max diff] DIFF L2D_CACHE_REFILL: 5
[max diff] DIFF L2D_CACHE_INVAL: 0

===========================================================
taskpendcnt:596884
t0:1375 ns
t1:3250 ns
t2:99041 ns
benchmark: Franka-derived Cartesian-impedance kernel, input trace:8, timer period:1.000 ms
controller source: franka_ros2 jazzy@73a1501d, updates:596907, SVD sweeps:5
pose error:[0.010000 0.015000 0.010000 -0.000000 0.049979 -0.000000]
tau[0:6]:[1.228026 0.081850 0.819520 0.875435 0.745706 -0.833381 0.398995]
kernel exec min/avg/max: 94.21 / 95.60 / 102.08 us, samples:596916
pressure status:0, copy rounds total/window:0/0, 0.00 rounds/s
pressure logical copy:0.00 MiB total, approx 0.00 MiB/s, checksum:0
pressure report window:2.142331 s
t0_region>
[1]:595892
[2]:857
[3]:133
[4]:34
[5]:15
[6]:4
[7]:3

t1_region>
[2]:545412
[3]:49845
[4]:1070
[5]:356
[6]:149
[7]:61
[8]:31
[9]:15
[10]:2
[11]:1
[12]:1
[13]:1

t2_region>
[97]:6380
[98]:556853
[99]:31664
[100]:1169
[101]:482
[102]:204
[103]:109
[104]:54
[105]:21
[106]:13
[107]:2
[108]:4

t0_min: 1.04 us, round:124
t0_max: 7.21 us, round:329913
t0_jitter: 6.17 us

t1_min: 2.63 us, round:13
t1_max: 13.17 us, round:354232
t1_jitter: 10.54 us

t2_min: 97.13 us, round:2155
t2_max: 108.83 us, round:354232
t2_jitter: 11.71 us

PMU diff samples: 596987
AVG DIFF LL_CACHE_RD: 4.27
AVG DIFF LL_CACHE_MISS_RD: 0.05
AVG DIFF L2D_CACHE_REFILL: 0.05
AVG DIFF L2D_CACHE_INVAL: 0.00
[cur diff] DIFF LL_CACHE_RD: 10, DIFF LL_CACHE_MISS_RD: 0, MISS_RATE: 0.00%
[cur diff] DIFF L2D_CACHE_REFILL: 0
[cur diff] DIFF L2D_CACHE_INVAL: 0
[max diff] DIFF LL_CACHE_RD: 7, DIFF LL_CACHE_MISS_RD: 5, MISS_RATE: 71.43%
[max diff] DIFF L2D_CACHE_REFILL: 5
[max diff] DIFF L2D_CACHE_INVAL: 0

===========================================================
taskpendcnt:599027
t0:1375 ns
t1:3250 ns
t2:99166 ns
benchmark: Franka-derived Cartesian-impedance kernel, input trace:8, timer period:1.000 ms
controller source: franka_ros2 jazzy@73a1501d, updates:599050, SVD sweeps:5
pose error:[0.010000 0.015000 0.010000 -0.000000 0.049979 -0.000000]
tau[0:6]:[0.839771 0.130674 0.617691 0.624912 0.653099 -0.592692 0.265887]
kernel exec min/avg/max: 94.21 / 95.60 / 102.08 us, samples:599059
pressure status:0, copy rounds total/window:0/0, 0.00 rounds/s
pressure logical copy:0.00 MiB total, approx 0.00 MiB/s, checksum:0
pressure report window:2.142910 s
t0_region>
[1]:598030
[2]:861
[3]:133
[4]:34
[5]:15
[6]:4
[7]:3

t1_region>
[2]:547375
[3]:50019
[4]:1074
[5]:357
[6]:150
[7]:62
[8]:31
[9]:15
[10]:2
[11]:1
[12]:1
[13]:1

t2_region>
[97]:6380
[98]:558818
[99]:31834
[100]:1172
[101]:485
[102]:205
[103]:109
[104]:55
[105]:21
[106]:13
[107]:2
[108]:4

t0_min: 1.04 us, round:124
t0_max: 7.21 us, round:329913
t0_jitter: 6.17 us

t1_min: 2.63 us, round:13
t1_max: 13.17 us, round:354232
t1_jitter: 10.54 us

t2_min: 97.13 us, round:2155
t2_max: 108.83 us, round:354232
t2_jitter: 11.71 us

PMU diff samples: 599130
AVG DIFF LL_CACHE_RD: 4.27
AVG DIFF LL_CACHE_MISS_RD: 0.05
AVG DIFF L2D_CACHE_REFILL: 0.05
AVG DIFF L2D_CACHE_INVAL: 0.00
[cur diff] DIFF LL_CACHE_RD: 16, DIFF LL_CACHE_MISS_RD: 0, MISS_RATE: 0.00%
[cur diff] DIFF L2D_CACHE_REFILL: 0
[cur diff] DIFF L2D_CACHE_INVAL: 0
[max diff] DIFF LL_CACHE_RD: 7, DIFF LL_CACHE_MISS_RD: 5, MISS_RATE: 71.43%
[max diff] DIFF L2D_CACHE_REFILL: 5
[max diff] DIFF L2D_CACHE_INVAL: 0

===========================================================
taskpendcnt:600000
t0:1250 ns
t1:2708 ns
t2:98375 ns
benchmark: Franka-derived Cartesian-impedance kernel, input trace:8, timer period:1.000 ms
controller source: franka_ros2 jazzy@73a1501d, updates:600010, SVD sweeps:5
pose error:[0.010000 0.015000 0.010000 -0.000000 0.049979 -0.000000]
tau[0:6]:[-2.781770 -1.613002 -1.930139 -1.581803 -1.382951 -0.390599 -0.663394]
kernel exec min/avg/max: 94.21 / 95.60 / 102.08 us, samples:600000
pressure status:0, copy rounds total/window:0/0, 0.00 rounds/s
pressure logical copy:0.00 MiB total, approx 0.00 MiB/s, checksum:0
pressure report window:2.143426 s
t0_region>
[1]:598947
[2]:864
[3]:133
[4]:34
[5]:15
[6]:4
[7]:3

t1_region>
[2]:548187
[3]:50113
[4]:1078
[5]:358
[6]:150
[7]:63
[8]:31
[9]:15
[10]:2
[11]:1
[12]:1
[13]:1

t2_region>
[97]:6380
[98]:559673
[99]:31874
[100]:1176
[101]:487
[102]:205
[103]:110
[104]:55
[105]:21
[106]:13
[107]:2
[108]:4

t0_min: 1.04 us, round:124
t0_max: 7.21 us, round:329913
t0_jitter: 6.17 us

t1_min: 2.63 us, round:13
t1_max: 13.17 us, round:354232
t1_jitter: 10.54 us

t2_min: 97.13 us, round:2155
t2_max: 108.83 us, round:354232
t2_jitter: 11.71 us

PMU diff samples: 600000
AVG DIFF LL_CACHE_RD: 4.27
AVG DIFF LL_CACHE_MISS_RD: 0.05
AVG DIFF L2D_CACHE_REFILL: 0.05
AVG DIFF L2D_CACHE_INVAL: 0.00
[cur diff] DIFF LL_CACHE_RD: 2, DIFF LL_CACHE_MISS_RD: 0, MISS_RATE: 0.00%
[cur diff] DIFF L2D_CACHE_REFILL: 0
[cur diff] DIFF L2D_CACHE_INVAL: 0
[max diff] DIFF LL_CACHE_RD: 7, DIFF LL_CACHE_MISS_RD: 5, MISS_RATE: 71.43%
[max diff] DIFF L2D_CACHE_REFILL: 5
[max diff] DIFF L2D_CACHE_INVAL: 0

===========================================================
taskpendcnt:600000
t0:1250 ns
t1:2708 ns
t2:98375 ns
benchmark: Franka-derived Cartesian-impedance kernel, input trace:8, timer period:1.000 ms
controller source: franka_ros2 jazzy@73a1501d, updates:600010, SVD sweeps:5
pose error:[0.010000 0.015000 0.010000 -0.000000 0.049979 -0.000000]
tau[0:6]:[-2.781770 -1.613002 -1.930139 -1.581803 -1.382951 -0.390599 -0.663394]
kernel exec min/avg/max: 94.21 / 95.60 / 102.08 us, samples:600000
pressure status:0, copy rounds total/window:0/0, 0.00 rounds/s
pressure logical copy:0.00 MiB total, approx 0.00 MiB/s, checksum:0
pressure report window:2.146651 s
t0_region>
[1]:598947
[2]:864
[3]:133
[4]:34
[5]:15
[6]:4
[7]:3

t1_region>
[2]:548187
[3]:50113
[4]:1078
[5]:358
[6]:150
[7]:63
[8]:31
[9]:15
[10]:2
[11]:1
[12]:1
[13]:1

t2_region>
[97]:6380
[98]:559673
[99]:31874
[100]:1176
[101]:487
[102]:205
[103]:110
[104]:55
[105]:21
[106]:13
[107]:2
[108]:4

t0_min: 1.04 us, round:124
t0_max: 7.21 us, round:329913
t0_jitter: 6.17 us

t1_min: 2.63 us, round:13
t1_max: 13.17 us, round:354232
t1_jitter: 10.54 us

t2_min: 97.13 us, round:2155
t2_max: 108.83 us, round:354232
t2_jitter: 11.71 us

PMU diff samples: 600000
AVG DIFF LL_CACHE_RD: 4.27
AVG DIFF LL_CACHE_MISS_RD: 0.05
AVG DIFF L2D_CACHE_REFILL: 0.05
AVG DIFF L2D_CACHE_INVAL: 0.00
[cur diff] DIFF LL_CACHE_RD: 2, DIFF LL_CACHE_MISS_RD: 0, MISS_RATE: 0.00%
[cur diff] DIFF L2D_CACHE_REFILL: 0
[cur diff] DIFF L2D_CACHE_INVAL: 0
[max diff] DIFF LL_CACHE_RD: 7, DIFF LL_CACHE_MISS_RD: 5, MISS_RATE: 71.43%
[max diff] DIFF L2D_CACHE_REFILL: 5
[max diff] DIFF L2D_CACHE_INVAL: 0
