Hello, QSemOS-RT 24.03-LTS @ v1.3.4-unknown git time-unknown git ID
[ColorHeap] already initialized
[ColorHeap] CRITICAL (ptNo=1): VA [0x100000000, 0x1164c9000) total=356 MB
[ColorHeap] NORMAL   (ptNo=2): VA [0x200000000, 0x2076f0000) total=118 MB
[SysEvict] code 315 pages [0x24000000, 0x2413b000)
[SysEvict] data 700 pages [0x2413b000, 0x243f7e60) (rodata+data+bss)
[SysEvict] done: 743 pages evicted to NORMAL, 24 crit pages skipped
[CritText] remapping 6 pages [0x24002000, 0x240070b8) -> CRITICAL pool
[CritText]   [0] 0x24002000 -> critPA=0x24413000 color=3
[CritText]   [1] 0x24003000 -> critPA=0x24400000 color=0
[CritText]   [2] 0x24004000 -> critPA=0x24401000 color=1
[CritText]   [3] 0x24005000 -> critPA=0x24402000 color=2
[CritText]   [4] 0x24006000 -> critPA=0x24403000 color=3
[CritText]   [5] 0x24007000 -> critPA=0x24404000 color=4
[CritText] remap done: 6 pages now in CRITICAL cache sets
[CritData] remapping 2 pages [0x241d5000, 0x241d6494) -> CRITICAL pool
[CritData]   [0] 0x241d5000 -> critPA=0x24410000 color=0
[CritData]   [1] 0x241d6000 -> critPA=0x24411000 color=1
[CritData] remap done: 2 pages now in CRITICAL cache sets
[SysStack] remapping 16 pages [0x241c4000, 0x241d4000) -> CRITICAL pool
[SysStack]   [0] 0x241c4000 -> critPA=0x24423000 color=3
[SysStack]   [1] 0x241c5000 -> critPA=0x24424000 color=4
[SysStack]   [2] 0x241c6000 -> critPA=0x24425000 color=5
[SysStack]   [3] 0x241c7000 -> critPA=0x24426000 color=6
[SysStack]   [4] 0x241c8000 -> critPA=0x24427000 color=7
[SysStack]   [5] 0x241c9000 -> critPA=0x24428000 color=8
[SysStack]   [6] 0x241ca000 -> critPA=0x24429000 color=9
[SysStack]   [7] 0x241cb000 -> critPA=0x2442a000 color=10
[SysStack]   [8] 0x241cc000 -> critPA=0x2442b000 color=11
[SysStack]   [9] 0x241cd000 -> critPA=0x24430000 color=0
[SysStack]   [10] 0x241ce000 -> critPA=0x24431000 color=1
[SysStack]   [11] 0x241cf000 -> critPA=0x24406000 color=6
[SysStack]   [12] 0x241d0000 -> critPA=0x24407000 color=7
[SysStack]   [13] 0x241d1000 -> critPA=0x24408000 color=8
[SysStack]   [14] 0x241d2000 -> critPA=0x24409000 color=9
[SysStack]   [15] 0x241d3000 -> critPA=0x2440a000 color=10
[SysStack] remap done: 16 pages now in CRITICAL cache sets
[XlatMigrate] pool free CRITICAL: 900, NORMAL in-use: 369
[XlatMigrate] done: 369 -> CRITICAL (pool+heap), 0 skipped
OsMainTask apps_entry done!
TL3588-EVM @ Jul 20 2026 08:25:16
timer_rt_test_demo running ...
Starting timer_rt_test_demo...sleep 25s
open interrupt and realtime performance control
[ColorHeap] CRITICAL (ptNo=1): VA [0x100000000, 0x1164c9000) total=356 MB
[ColorHeap] NORMAL   (ptNo=2): VA [0x200000000, 0x2076f0000) total=118 MB
HRTIMER NOSTRESS TEST Demo
OsSysGetClock():24000000
task_cycles:1000 
=======begin========

cache_partitioning_task_stack done
pressurTaskEntry start 
src addr: 0x0x2066f8000
dst addr: 0x0x205cf7000 
TEST_MEMSIZE: 0xa00000 

===========================================================
taskpendcnt:1990
t0:916 ns
t1:1916 ns
t2:30625 ns
benchmark: Franka-derived Cartesian-impedance kernel, input trace:8, timer period:1.000 ms
controller source: franka_ros2 jazzy@73a1501d, updates:2013, SVD sweeps:5
pose error:[0.010000 0.015000 0.010000 -0.000000 0.049979 -0.000000]
tau[0:6]:[-0.567483 -0.552304 -0.482512 -0.231067 -0.297494 -0.656094 -0.085004]
kernel exec min/avg/max: 28.88 / 29.28 / 30.63 us, samples:2022
pressure status:1, copy rounds total/window:15/15, 7.50 rounds/s
pressure logical copy:150.00 MiB total, approx 75.00 MiB/s, checksum:19975372800
pressure report window:2.000000 s
t0_region>
[0]:1909
[1]:133
[2]:2
[3]:1

t1_region>
[1]:1884
[2]:149
[3]:15
[5]:1

t2_region>
[30]:1353
[31]:642
[32]:50
[33]:7
[35]:1

t0_min: 0.58 us, round:41
t0_max: 3.04 us, round:210
t0_jitter: 2.46 us

t1_min: 1.38 us, round:2054
t1_max: 5.08 us, round:210
t1_jitter: 3.71 us

t2_min: 30.42 us, round:1647
t2_max: 35.13 us, round:210
t2_jitter: 4.71 us

PMU diff samples: 2078
AVG DIFF LL_CACHE_RD: 3.55
AVG DIFF LL_CACHE_MISS_RD: 1.79
AVG DIFF L2D_CACHE_REFILL: 0.76
AVG DIFF L2D_CACHE_INVAL: 40.70
[cur diff] DIFF LL_CACHE_RD: 0, DIFF LL_CACHE_MISS_RD: 0, MISS_RATE: 0.00%
[cur diff] DIFF L2D_CACHE_REFILL: 0
[cur diff] DIFF L2D_CACHE_INVAL: 0
[max diff] DIFF LL_CACHE_RD: 33, DIFF LL_CACHE_MISS_RD: 23, MISS_RATE: 69.70%
[max diff] DIFF L2D_CACHE_REFILL: 20
[max diff] DIFF L2D_CACHE_INVAL: 1834

===========================================================
taskpendcnt:4118
t0:1083 ns
t1:2083 ns
t2:32250 ns
benchmark: Franka-derived Cartesian-impedance kernel, input trace:8, timer period:1.000 ms
controller source: franka_ros2 jazzy@73a1501d, updates:4140, SVD sweeps:5
pose error:[0.010000 0.015000 0.010000 -0.000000 0.049979 -0.000000]
tau[0:6]:[-0.567483 -0.552304 -0.482512 -0.231067 -0.297494 -0.656094 -0.085004]
kernel exec min/avg/max: 28.58 / 29.30 / 31.50 us, samples:4150
pressure status:1, copy rounds total/window:30/15, 7.05 rounds/s
pressure logical copy:300.00 MiB total, approx 70.51 MiB/s, checksum:39950745600
pressure report window:2.127381 s
t0_region>
[0]:2993
[1]:1123
[2]:54
[3]:2

t1_region>
[1]:2544
[2]:1435
[3]:156
[4]:38
[5]:3

t2_region>
[30]:1551
[31]:2176
[32]:375
[33]:73
[34]:5
[35]:2

t0_min: 0.58 us, round:41
t0_max: 3.71 us, round:3825
t0_jitter: 3.13 us

t1_min: 1.38 us, round:2054
t1_max: 5.75 us, round:3825
t1_jitter: 4.38 us

t2_min: 30.42 us, round:1647
t2_max: 35.21 us, round:3825
t2_jitter: 4.79 us

PMU diff samples: 4207
AVG DIFF LL_CACHE_RD: 4.96
AVG DIFF LL_CACHE_MISS_RD: 4.83
AVG DIFF L2D_CACHE_REFILL: 1.98
AVG DIFF L2D_CACHE_INVAL: 182.99
[cur diff] DIFF LL_CACHE_RD: 0, DIFF LL_CACHE_MISS_RD: 0, MISS_RATE: 0.00%
[cur diff] DIFF L2D_CACHE_REFILL: 0
[cur diff] DIFF L2D_CACHE_INVAL: 0
[max diff] DIFF LL_CACHE_RD: 12, DIFF LL_CACHE_MISS_RD: 12, MISS_RATE: 100.00%
[max diff] DIFF L2D_CACHE_REFILL: 10
[max diff] DIFF L2D_CACHE_INVAL: 2065

===========================================================
taskpendcnt:6248
t0:1041 ns
t1:1750 ns
t2:31041 ns
benchmark: Franka-derived Cartesian-impedance kernel, input trace:8, timer period:1.000 ms
controller source: franka_ros2 jazzy@73a1501d, updates:6270, SVD sweeps:5
pose error:[0.010000 0.015000 0.010000 -0.000000 0.049979 -0.000000]
tau[0:6]:[-2.379368 -1.292411 -1.655224 -1.570015 -1.185234 -0.066588 -0.610247]
kernel exec min/avg/max: 28.58 / 29.30 / 31.50 us, samples:6280
pressure status:1, copy rounds total/window:46/16, 7.51 rounds/s
pressure logical copy:460.00 MiB total, approx 75.11 MiB/s, checksum:61257809920
pressure report window:2.130191 s
t0_region>
[0]:3708
[1]:2447
[2]:140
[3]:7

t1_region>
[1]:2947
[2]:2836
[3]:414
[4]:100
[5]:10

t2_region>
[30]:1698
[31]:3518
[32]:906
[33]:160
[34]:27
[35]:3

t0_min: 0.58 us, round:41
t0_max: 3.71 us, round:3825
t0_jitter: 3.13 us

t1_min: 1.38 us, round:2054
t1_max: 5.75 us, round:3825
t1_jitter: 4.38 us

t2_min: 30.38 us, round:6311
t2_max: 35.21 us, round:3825
t2_jitter: 4.83 us

PMU diff samples: 6338
AVG DIFF LL_CACHE_RD: 5.41
AVG DIFF LL_CACHE_MISS_RD: 6.17
AVG DIFF L2D_CACHE_REFILL: 2.49
AVG DIFF L2D_CACHE_INVAL: 249.75
[cur diff] DIFF LL_CACHE_RD: 0, DIFF LL_CACHE_MISS_RD: 0, MISS_RATE: 0.00%
[cur diff] DIFF L2D_CACHE_REFILL: 0
[cur diff] DIFF L2D_CACHE_INVAL: 0
[max diff] DIFF LL_CACHE_RD: 12, DIFF LL_CACHE_MISS_RD: 12, MISS_RATE: 100.00%
[max diff] DIFF L2D_CACHE_REFILL: 10
[max diff] DIFF L2D_CACHE_INVAL: 2065

===========================================================
taskpendcnt:8378
t0:1291 ns
t1:1708 ns
t2:31000 ns
benchmark: Franka-derived Cartesian-impedance kernel, input trace:8, timer period:1.000 ms
controller source: franka_ros2 jazzy@73a1501d, updates:8400, SVD sweeps:5
pose error:[0.010000 0.015000 0.010000 -0.000000 0.049979 -0.000000]
tau[0:6]:[-0.274004 -0.324180 0.001577 -0.231466 0.050986 -0.328952 0.010844]
kernel exec min/avg/max: 28.58 / 29.29 / 31.50 us, samples:8410
pressure status:1, copy rounds total/window:61/15, 7.04 rounds/s
pressure logical copy:610.00 MiB total, approx 70.43 MiB/s, checksum:81233182720
pressure report window:2.129758 s
t0_region>
[0]:5114
[1]:3154
[2]:157
[3]:7

t1_region>
[1]:4073
[2]:3761
[3]:487
[4]:106
[5]:10

t2_region>
[30]:2248
[31]:4933
[32]:1046
[33]:185
[34]:27
[35]:3

t0_min: 0.58 us, round:41
t0_max: 3.71 us, round:3825
t0_jitter: 3.13 us

t1_min: 1.38 us, round:2054
t1_max: 5.75 us, round:3825
t1_jitter: 4.38 us

t2_min: 30.38 us, round:6311
t2_max: 35.21 us, round:3825
t2_jitter: 4.83 us

PMU diff samples: 8468
AVG DIFF LL_CACHE_RD: 5.24
AVG DIFF LL_CACHE_MISS_RD: 6.16
AVG DIFF L2D_CACHE_REFILL: 2.40
AVG DIFF L2D_CACHE_INVAL: 235.80
[cur diff] DIFF LL_CACHE_RD: 0, DIFF LL_CACHE_MISS_RD: 0, MISS_RATE: 0.00%
[cur diff] DIFF L2D_CACHE_REFILL: 0
[cur diff] DIFF L2D_CACHE_INVAL: 0
[max diff] DIFF LL_CACHE_RD: 12, DIFF LL_CACHE_MISS_RD: 12, MISS_RATE: 100.00%
[max diff] DIFF L2D_CACHE_REFILL: 10
[max diff] DIFF L2D_CACHE_INVAL: 2065

===========================================================
taskpendcnt:10508
t0:958 ns
t1:2250 ns
t2:31541 ns
benchmark: Franka-derived Cartesian-impedance kernel, input trace:8, timer period:1.000 ms
controller source: franka_ros2 jazzy@73a1501d, updates:10530, SVD sweeps:5
pose error:[0.010000 0.015000 0.010000 -0.000000 0.049979 -0.000000]
tau[0:6]:[1.228026 0.081850 0.819520 0.875435 0.745706 -0.833381 0.398995]
kernel exec min/avg/max: 28.58 / 29.29 / 31.50 us, samples:10540
pressure status:1, copy rounds total/window:76/15, 7.04 rounds/s
pressure logical copy:760.00 MiB total, approx 70.42 MiB/s, checksum:101208555520
pressure report window:2.130018 s
t0_region>
[0]:6342
[1]:4033
[2]:181
[3]:7

t1_region>
[1]:4958
[2]:4884
[3]:593
[4]:122
[5]:10

t2_region>
[30]:2656
[31]:6398
[32]:1264
[33]:224
[34]:27
[35]:3

t0_min: 0.58 us, round:41
t0_max: 3.71 us, round:3825
t0_jitter: 3.13 us

t1_min: 1.38 us, round:2054
t1_max: 5.75 us, round:3825
t1_jitter: 4.38 us

t2_min: 30.38 us, round:6311
t2_max: 35.21 us, round:3825
t2_jitter: 4.83 us

PMU diff samples: 10598
AVG DIFF LL_CACHE_RD: 5.25
AVG DIFF LL_CACHE_MISS_RD: 6.31
AVG DIFF L2D_CACHE_REFILL: 2.44
AVG DIFF L2D_CACHE_INVAL: 238.73
[cur diff] DIFF LL_CACHE_RD: 0, DIFF LL_CACHE_MISS_RD: 0, MISS_RATE: 0.00%
[cur diff] DIFF L2D_CACHE_REFILL: 0
[cur diff] DIFF L2D_CACHE_INVAL: 0
[max diff] DIFF LL_CACHE_RD: 12, DIFF LL_CACHE_MISS_RD: 12, MISS_RATE: 100.00%
[max diff] DIFF L2D_CACHE_REFILL: 10
[max diff] DIFF L2D_CACHE_INVAL: 2065

===========================================================
taskpendcnt:12638
t0:1208 ns
t1:1625 ns
t2:31208 ns
benchmark: Franka-derived Cartesian-impedance kernel, input trace:8, timer period:1.000 ms
controller source: franka_ros2 jazzy@73a1501d, updates:12661, SVD sweeps:5
pose error:[0.010000 0.015000 0.010000 -0.000000 0.049979 -0.000000]
tau[0:6]:[-0.567483 -0.552304 -0.482512 -0.231067 -0.297494 -0.656094 -0.085004]
kernel exec min/avg/max: 28.58 / 29.29 / 31.50 us, samples:12670
pressure status:1, copy rounds total/window:92/16, 7.51 rounds/s
pressure logical copy:920.00 MiB total, approx 75.09 MiB/s, checksum:122515619840
pressure report window:2.130728 s
t0_region>
[0]:7510
[1]:4965
[2]:211
[3]:7

t1_region>
[1]:5740
[2]:6125
[3]:684
[4]:138
[5]:10

t2_region>
[30]:2982
[31]:7937
[32]:1488
[33]:265
[34]:28
[35]:3

t0_min: 0.58 us, round:41
t0_max: 3.71 us, round:3825
t0_jitter: 3.13 us

t1_min: 1.38 us, round:2054
t1_max: 5.75 us, round:3825
t1_jitter: 4.38 us

t2_min: 30.38 us, round:6311
t2_max: 35.21 us, round:3825
t2_jitter: 4.83 us

PMU diff samples: 12728
AVG DIFF LL_CACHE_RD: 5.29
AVG DIFF LL_CACHE_MISS_RD: 6.45
AVG DIFF L2D_CACHE_REFILL: 2.50
AVG DIFF L2D_CACHE_INVAL: 245.38
[cur diff] DIFF LL_CACHE_RD: 0, DIFF LL_CACHE_MISS_RD: 0, MISS_RATE: 0.00%
[cur diff] DIFF L2D_CACHE_REFILL: 0
[cur diff] DIFF L2D_CACHE_INVAL: 0
[max diff] DIFF LL_CACHE_RD: 12, DIFF LL_CACHE_MISS_RD: 12, MISS_RATE: 100.00%
[max diff] DIFF L2D_CACHE_REFILL: 10
[max diff] DIFF L2D_CACHE_INVAL: 2065

===========================================================
taskpendcnt:14769
t0:1291 ns
t1:1541 ns
t2:30833 ns
benchmark: Franka-derived Cartesian-impedance kernel, input trace:8, timer period:1.000 ms
controller source: franka_ros2 jazzy@73a1501d, updates:14792, SVD sweeps:5
pose error:[0.010000 0.015000 0.010000 -0.000000 0.049979 -0.000000]
tau[0:6]:[-1.839419 -0.921560 -1.193198 -1.195971 -0.861243 0.113634 -0.461388]
kernel exec min/avg/max: 28.58 / 29.29 / 31.50 us, samples:14801
pressure status:1, copy rounds total/window:107/15, 7.04 rounds/s
pressure logical copy:1070.00 MiB total, approx 70.39 MiB/s, checksum:142490992640
pressure report window:2.131037 s
t0_region>
[0]:8718
[1]:5861
[2]:238
[3]:7

t1_region>
[1]:6541
[2]:7354
[3]:772
[4]:152
[5]:10

t2_region>
[30]:3263
[31]:9533
[32]:1699
[33]:307
[34]:30
[35]:3

t0_min: 0.58 us, round:41
t0_max: 3.71 us, round:3825
t0_jitter: 3.13 us

t1_min: 1.38 us, round:2054
t1_max: 5.75 us, round:3825
t1_jitter: 4.38 us

t2_min: 30.38 us, round:6311
t2_max: 35.21 us, round:3825
t2_jitter: 4.83 us

PMU diff samples: 14860
AVG DIFF LL_CACHE_RD: 5.32
AVG DIFF LL_CACHE_MISS_RD: 6.56
AVG DIFF L2D_CACHE_REFILL: 2.53
AVG DIFF L2D_CACHE_INVAL: 250.10
[cur diff] DIFF LL_CACHE_RD: 0, DIFF LL_CACHE_MISS_RD: 0, MISS_RATE: 0.00%
[cur diff] DIFF L2D_CACHE_REFILL: 0
[cur diff] DIFF L2D_CACHE_INVAL: 1
[max diff] DIFF LL_CACHE_RD: 12, DIFF LL_CACHE_MISS_RD: 12, MISS_RATE: 100.00%
[max diff] DIFF L2D_CACHE_REFILL: 10
[max diff] DIFF L2D_CACHE_INVAL: 2065

===========================================================
taskpendcnt:16900
t0:916 ns
t1:2500 ns
t2:30625 ns
benchmark: Franka-derived Cartesian-impedance kernel, input trace:8, timer period:1.000 ms
controller source: franka_ros2 jazzy@73a1501d, updates:16923, SVD sweeps:5
pose error:[0.010000 0.015000 0.010000 -0.000000 0.049979 -0.000000]
tau[0:6]:[1.228026 0.081850 0.819520 0.875435 0.745706 -0.833381 0.398995]
kernel exec min/avg/max: 28.58 / 29.29 / 31.50 us, samples:16932
pressure status:1, copy rounds total/window:122/15, 7.04 rounds/s
pressure logical copy:1220.00 MiB total, approx 70.40 MiB/s, checksum:162466365440
pressure report window:2.130614 s
t0_region>
[0]:9897
[1]:6789
[2]:262
[3]:7

t1_region>
[1]:7347
[2]:8565
[3]:870
[4]:167
[5]:10

t2_region>
[30]:3585
[31]:11054
[32]:1955
[33]:337
[34]:30
[35]:3

t0_min: 0.58 us, round:41
t0_max: 3.71 us, round:3825
t0_jitter: 3.13 us

t1_min: 1.38 us, round:2054
t1_max: 5.75 us, round:3825
t1_jitter: 4.38 us

t2_min: 30.38 us, round:6311
t2_max: 35.21 us, round:3825
t2_jitter: 4.83 us

PMU diff samples: 16990
AVG DIFF LL_CACHE_RD: 5.32
AVG DIFF LL_CACHE_MISS_RD: 6.64
AVG DIFF L2D_CACHE_REFILL: 2.56
AVG DIFF L2D_CACHE_INVAL: 254.07
[cur diff] DIFF LL_CACHE_RD: 0, DIFF LL_CACHE_MISS_RD: 0, MISS_RATE: 0.00%
[cur diff] DIFF L2D_CACHE_REFILL: 0
[cur diff] DIFF L2D_CACHE_INVAL: 1
[max diff] DIFF LL_CACHE_RD: 12, DIFF LL_CACHE_MISS_RD: 12, MISS_RATE: 100.00%
[max diff] DIFF L2D_CACHE_REFILL: 10
[max diff] DIFF L2D_CACHE_INVAL: 2065

===========================================================
taskpendcnt:19030
t0:875 ns
t1:1583 ns
t2:30875 ns
benchmark: Franka-derived Cartesian-impedance kernel, input trace:8, timer period:1.000 ms
controller source: franka_ros2 jazzy@73a1501d, updates:19053, SVD sweeps:5
pose error:[0.010000 0.015000 0.010000 -0.000000 0.049979 -0.000000]
tau[0:6]:[-2.781770 -1.613002 -1.930139 -1.581803 -1.382951 -0.390599 -0.663394]
kernel exec min/avg/max: 28.58 / 29.29 / 31.50 us, samples:19063
pressure status:1, copy rounds total/window:138/16, 7.51 rounds/s
pressure logical copy:1380.00 MiB total, approx 75.09 MiB/s, checksum:183773429760
pressure report window:2.130661 s
t0_region>
[0]:11118
[1]:7666
[2]:295
[3]:7

t1_region>
[1]:8164
[2]:9775
[3]:962
[4]:179
[5]:10

t2_region>
[30]:3918
[31]:12599
[32]:2169
[33]:374
[34]:33
[35]:3

t0_min: 0.58 us, round:41
t0_max: 3.71 us, round:3825
t0_jitter: 3.13 us

t1_min: 1.38 us, round:2054
t1_max: 5.75 us, round:3825
t1_jitter: 4.38 us

t2_min: 30.38 us, round:6311
t2_max: 35.21 us, round:3825
t2_jitter: 4.83 us

PMU diff samples: 19121
AVG DIFF LL_CACHE_RD: 5.33
AVG DIFF LL_CACHE_MISS_RD: 6.68
AVG DIFF L2D_CACHE_REFILL: 2.58
AVG DIFF L2D_CACHE_INVAL: 256.74
[cur diff] DIFF LL_CACHE_RD: 0, DIFF LL_CACHE_MISS_RD: 0, MISS_RATE: 0.00%
[cur diff] DIFF L2D_CACHE_REFILL: 0
[cur diff] DIFF L2D_CACHE_INVAL: 0
[max diff] DIFF LL_CACHE_RD: 12, DIFF LL_CACHE_MISS_RD: 12, MISS_RATE: 100.00%
[max diff] DIFF L2D_CACHE_REFILL: 10
[max diff] DIFF L2D_CACHE_INVAL: 2065

===========================================================
taskpendcnt:21162
t0:1250 ns
t1:1375 ns
t2:30958 ns
benchmark: Franka-derived Cartesian-impedance kernel, input trace:8, timer period:1.000 ms
controller source: franka_ros2 jazzy@73a1501d, updates:21184, SVD sweeps:5
pose error:[0.010000 0.015000 0.010000 -0.000000 0.049979 -0.000000]
tau[0:6]:[-0.274004 -0.324180 0.001577 -0.231466 0.050986 -0.328952 0.010844]
kernel exec min/avg/max: 28.58 / 29.29 / 31.50 us, samples:21194
pressure status:1, copy rounds total/window:153/15, 7.04 rounds/s
pressure logical copy:1530.00 MiB total, approx 70.39 MiB/s, checksum:203748802560
pressure report window:2.130926 s
t0_region>
[0]:12329
[1]:8561
[2]:319
[3]:7

t1_region>
[1]:9036
[2]:10920
[3]:1062
[4]:193
[5]:10

t2_region>
[30]:4255
[31]:14143
[32]:2381
[33]:409
[34]:35
[35]:3

t0_min: 0.58 us, round:41
t0_max: 3.71 us, round:3825
t0_jitter: 3.13 us

t1_min: 1.38 us, round:2054
t1_max: 5.75 us, round:3825
t1_jitter: 4.38 us

t2_min: 30.38 us, round:6311
t2_max: 35.21 us, round:3825
t2_jitter: 4.83 us

PMU diff samples: 21252
AVG DIFF LL_CACHE_RD: 5.32
AVG DIFF LL_CACHE_MISS_RD: 6.72
AVG DIFF L2D_CACHE_REFILL: 2.60
AVG DIFF L2D_CACHE_INVAL: 258.20
[cur diff] DIFF LL_CACHE_RD: 0, DIFF LL_CACHE_MISS_RD: 0, MISS_RATE: 0.00%
[cur diff] DIFF L2D_CACHE_REFILL: 0
[cur diff] DIFF L2D_CACHE_INVAL: 0
[max diff] DIFF LL_CACHE_RD: 12, DIFF LL_CACHE_MISS_RD: 12, MISS_RATE: 100.00%
[max diff] DIFF L2D_CACHE_REFILL: 10
[max diff] DIFF L2D_CACHE_INVAL: 2065

===========================================================
taskpendcnt:23293
t0:1333 ns
t1:1750 ns
t2:31041 ns
benchmark: Franka-derived Cartesian-impedance kernel, input trace:8, timer period:1.000 ms
controller source: franka_ros2 jazzy@73a1501d, updates:23315, SVD sweeps:5
pose error:[0.010000 0.015000 0.010000 -0.000000 0.049979 -0.000000]
tau[0:6]:[1.376914 -0.104433 0.790225 0.843903 0.642107 -0.956178 0.423547]
kernel exec min/avg/max: 28.58 / 29.29 / 31.50 us, samples:23324
pressure status:1, copy rounds total/window:169/16, 7.51 rounds/s
pressure logical copy:1690.00 MiB total, approx 75.09 MiB/s, checksum:225055866880
pressure report window:2.130893 s
t0_region>
[0]:13535
[1]:9461
[2]:345
[3]:7

t1_region>
[1]:9869
[2]:12120
[3]:1150
[4]:203
[5]:10

t2_region>
[30]:4532
[31]:15721
[32]:2624
[33]:441
[34]:36
[35]:3

t0_min: 0.58 us, round:41
t0_max: 3.71 us, round:3825
t0_jitter: 3.13 us

t1_min: 1.38 us, round:2054
t1_max: 5.75 us, round:3825
t1_jitter: 4.38 us

t2_min: 30.38 us, round:6311
t2_max: 35.21 us, round:3825
t2_jitter: 4.83 us

PMU diff samples: 23383
AVG DIFF LL_CACHE_RD: 5.33
AVG DIFF LL_CACHE_MISS_RD: 6.77
AVG DIFF L2D_CACHE_REFILL: 2.61
AVG DIFF L2D_CACHE_INVAL: 259.38
[cur diff] DIFF LL_CACHE_RD: 0, DIFF LL_CACHE_MISS_RD: 0, MISS_RATE: 0.00%
[cur diff] DIFF L2D_CACHE_REFILL: 0
[cur diff] DIFF L2D_CACHE_INVAL: 0
[max diff] DIFF LL_CACHE_RD: 12, DIFF LL_CACHE_MISS_RD: 12, MISS_RATE: 100.00%
[max diff] DIFF L2D_CACHE_REFILL: 10
[max diff] DIFF L2D_CACHE_INVAL: 2065

===========================================================
taskpendcnt:25424
t0:1708 ns
t1:2125 ns
t2:31416 ns
benchmark: Franka-derived Cartesian-impedance kernel, input trace:8, timer period:1.000 ms
controller source: franka_ros2 jazzy@73a1501d, updates:25446, SVD sweeps:5
pose error:[0.010000 0.015000 0.010000 -0.000000 0.049979 -0.000000]
tau[0:6]:[-2.379368 -1.292411 -1.655224 -1.570015 -1.185234 -0.066588 -0.610247]
kernel exec min/avg/max: 28.58 / 29.29 / 31.50 us, samples:25456
pressure status:1, copy rounds total/window:184/15, 7.04 rounds/s
pressure logical copy:1840.00 MiB total, approx 70.37 MiB/s, checksum:245031239680
pressure report window:2.131515 s
t0_region>
[0]:14720
[1]:10381
[2]:372
[3]:7

t1_region>
[1]:10718
[2]:13306
[3]:1232
[4]:217
[5]:10

t2_region>
[30]:4831
[31]:17307
[32]:2833
[33]:476
[34]:40
[35]:3

t0_min: 0.58 us, round:41
t0_max: 3.71 us, round:3825
t0_jitter: 3.13 us

t1_min: 1.38 us, round:2054
t1_max: 5.75 us, round:3825
t1_jitter: 4.38 us

t2_min: 30.38 us, round:6311
t2_max: 35.21 us, round:3825
t2_jitter: 4.83 us

PMU diff samples: 25515
AVG DIFF LL_CACHE_RD: 5.33
AVG DIFF LL_CACHE_MISS_RD: 6.77
AVG DIFF L2D_CACHE_REFILL: 2.62
AVG DIFF L2D_CACHE_INVAL: 260.28
[cur diff] DIFF LL_CACHE_RD: 0, DIFF LL_CACHE_MISS_RD: 0, MISS_RATE: 0.00%
[cur diff] DIFF L2D_CACHE_REFILL: 0
[cur diff] DIFF L2D_CACHE_INVAL: 0
[max diff] DIFF LL_CACHE_RD: 12, DIFF LL_CACHE_MISS_RD: 12, MISS_RATE: 100.00%
[max diff] DIFF L2D_CACHE_REFILL: 10
[max diff] DIFF L2D_CACHE_INVAL: 2065

===========================================================
taskpendcnt:27555
t0:1500 ns
t1:1916 ns
t2:31208 ns
benchmark: Franka-derived Cartesian-impedance kernel, input trace:8, timer period:1.000 ms
controller source: franka_ros2 jazzy@73a1501d, updates:27577, SVD sweeps:5
pose error:[0.010000 0.015000 0.010000 -0.000000 0.049979 -0.000000]
tau[0:6]:[0.839771 0.130674 0.617691 0.624912 0.653099 -0.592692 0.265887]
kernel exec min/avg/max: 28.58 / 29.29 / 31.50 us, samples:27587
pressure status:1, copy rounds total/window:199/15, 7.04 rounds/s
pressure logical copy:1990.00 MiB total, approx 70.40 MiB/s, checksum:265006612480
pressure report window:2.130574 s
t0_region>
[0]:15921
[1]:11279
[2]:402
[3]:7

t1_region>
[1]:11508
[2]:14536
[3]:1334
[4]:226
[5]:10

t2_region>
[30]:5125
[31]:18869
[32]:3067
[33]:515
[34]:40
[35]:3

t0_min: 0.58 us, round:41
t0_max: 3.71 us, round:3825
t0_jitter: 3.13 us

t1_min: 1.38 us, round:2054
t1_max: 5.75 us, round:3825
t1_jitter: 4.38 us

t2_min: 30.38 us, round:6311
t2_max: 35.21 us, round:3825
t2_jitter: 4.83 us

PMU diff samples: 27645
AVG DIFF LL_CACHE_RD: 5.34
AVG DIFF LL_CACHE_MISS_RD: 6.81
AVG DIFF L2D_CACHE_REFILL: 2.63
AVG DIFF L2D_CACHE_INVAL: 261.38
[cur diff] DIFF LL_CACHE_RD: 0, DIFF LL_CACHE_MISS_RD: 0, MISS_RATE: 0.00%
[cur diff] DIFF L2D_CACHE_REFILL: 0
[cur diff] DIFF L2D_CACHE_INVAL: 0
[max diff] DIFF LL_CACHE_RD: 12, DIFF LL_CACHE_MISS_RD: 12, MISS_RATE: 100.00%
[max diff] DIFF L2D_CACHE_REFILL: 10
[max diff] DIFF L2D_CACHE_INVAL: 2065

===========================================================
taskpendcnt:29686
t0:1000 ns
t1:1708 ns
t2:31000 ns
benchmark: Franka-derived Cartesian-impedance kernel, input trace:8, timer period:1.000 ms
controller source: franka_ros2 jazzy@73a1501d, updates:29708, SVD sweeps:5
pose error:[0.010000 0.015000 0.010000 -0.000000 0.049979 -0.000000]
tau[0:6]:[-0.567483 -0.552304 -0.482512 -0.231067 -0.297494 -0.656094 -0.085004]
kernel exec min/avg/max: 28.58 / 29.29 / 31.50 us, samples:29718
pressure status:1, copy rounds total/window:215/16, 7.51 rounds/s
pressure logical copy:2150.00 MiB total, approx 75.06 MiB/s, checksum:286313676800
pressure report window:2.131617 s
t0_region>
[0]:17190
[1]:12124
[2]:420
[3]:7

t1_region>
[1]:12364
[2]:15717
[3]:1425
[4]:230
[5]:10

t2_region>
[30]:5458
[31]:20437
[32]:3276
[33]:536
[34]:41
[35]:4

t0_min: 0.58 us, round:41
t0_max: 3.71 us, round:3825
t0_jitter: 3.13 us

t1_min: 1.38 us, round:2054
t1_max: 5.75 us, round:3825
t1_jitter: 4.38 us

t2_min: 30.38 us, round:6311
t2_max: 35.21 us, round:3825
t2_jitter: 4.83 us

PMU diff samples: 29777
AVG DIFF LL_CACHE_RD: 5.33
AVG DIFF LL_CACHE_MISS_RD: 6.84
AVG DIFF L2D_CACHE_REFILL: 2.64
AVG DIFF L2D_CACHE_INVAL: 262.05
[cur diff] DIFF LL_CACHE_RD: 0, DIFF LL_CACHE_MISS_RD: 0, MISS_RATE: 0.00%
[cur diff] DIFF L2D_CACHE_REFILL: 0
[cur diff] DIFF L2D_CACHE_INVAL: 0
[max diff] DIFF LL_CACHE_RD: 12, DIFF LL_CACHE_MISS_RD: 12, MISS_RATE: 100.00%
[max diff] DIFF L2D_CACHE_REFILL: 10
[max diff] DIFF L2D_CACHE_INVAL: 2065

===========================================================
taskpendcnt:31817
t0:1083 ns
t1:1791 ns
t2:30791 ns
benchmark: Franka-derived Cartesian-impedance kernel, input trace:8, timer period:1.000 ms
controller source: franka_ros2 jazzy@73a1501d, updates:31840, SVD sweeps:5
pose error:[0.010000 0.015000 0.010000 -0.000000 0.049979 -0.000000]
tau[0:6]:[-1.839419 -0.921560 -1.193198 -1.195971 -0.861243 0.113634 -0.461388]
kernel exec min/avg/max: 28.58 / 29.29 / 31.50 us, samples:31849
pressure status:1, copy rounds total/window:230/15, 7.04 rounds/s
pressure logical copy:2300.00 MiB total, approx 70.39 MiB/s, checksum:306289049600
pressure report window:2.131022 s
t0_region>
[0]:18433
[1]:12987
[2]:445
[3]:7

t1_region>
[1]:13223
[2]:16890
[3]:1512
[4]:242
[5]:10

t2_region>
[30]:5770
[31]:21988
[32]:3505
[33]:572
[34]:43
[35]:4

t0_min: 0.58 us, round:41
t0_max: 3.71 us, round:3825
t0_jitter: 3.13 us

t1_min: 1.38 us, round:2054
t1_max: 5.75 us, round:3825
t1_jitter: 4.38 us

t2_min: 30.38 us, round:6311
t2_max: 35.21 us, round:3825
t2_jitter: 4.83 us

PMU diff samples: 31908
AVG DIFF LL_CACHE_RD: 5.33
AVG DIFF LL_CACHE_MISS_RD: 6.86
AVG DIFF L2D_CACHE_REFILL: 2.64
AVG DIFF L2D_CACHE_INVAL: 262.76
[cur diff] DIFF LL_CACHE_RD: 0, DIFF LL_CACHE_MISS_RD: 0, MISS_RATE: 0.00%
[cur diff] DIFF L2D_CACHE_REFILL: 0
[cur diff] DIFF L2D_CACHE_INVAL: 0
[max diff] DIFF LL_CACHE_RD: 12, DIFF LL_CACHE_MISS_RD: 12, MISS_RATE: 100.00%
[max diff] DIFF L2D_CACHE_REFILL: 10
[max diff] DIFF L2D_CACHE_INVAL: 2065

===========================================================
taskpendcnt:33948
t0:875 ns
t1:1875 ns
t2:31166 ns
benchmark: Franka-derived Cartesian-impedance kernel, input trace:8, timer period:1.000 ms
controller source: franka_ros2 jazzy@73a1501d, updates:33971, SVD sweeps:5
pose error:[0.010000 0.015000 0.010000 -0.000000 0.049979 -0.000000]
tau[0:6]:[1.228026 0.081850 0.819520 0.875435 0.745706 -0.833381 0.398995]
kernel exec min/avg/max: 28.58 / 29.29 / 31.50 us, samples:33980
pressure status:1, copy rounds total/window:246/16, 7.51 rounds/s
pressure logical copy:2460.00 MiB total, approx 75.10 MiB/s, checksum:327596113920
pressure report window:2.130579 s
t0_region>
[0]:19631
[1]:13897
[2]:468
[3]:7

t1_region>
[1]:14020
[2]:18115
[3]:1601
[4]:260
[5]:11

t2_region>
[30]:6114
[31]:23539
[32]:3691
[33]:618
[34]:47
[35]:4

t0_min: 0.58 us, round:41
t0_max: 3.71 us, round:3825
t0_jitter: 3.13 us

t1_min: 1.38 us, round:2054
t1_max: 5.75 us, round:3825
t1_jitter: 4.38 us

t2_min: 30.25 us, round:33981
t2_max: 35.21 us, round:3825
t2_jitter: 4.96 us

PMU diff samples: 34039
AVG DIFF LL_CACHE_RD: 5.33
AVG DIFF LL_CACHE_MISS_RD: 6.86
AVG DIFF L2D_CACHE_REFILL: 2.65
AVG DIFF L2D_CACHE_INVAL: 263.21
[cur diff] DIFF LL_CACHE_RD: 0, DIFF LL_CACHE_MISS_RD: 0, MISS_RATE: 0.00%
[cur diff] DIFF L2D_CACHE_REFILL: 0
[cur diff] DIFF L2D_CACHE_INVAL: 0
[max diff] DIFF LL_CACHE_RD: 12, DIFF LL_CACHE_MISS_RD: 12, MISS_RATE: 100.00%
[max diff] DIFF L2D_CACHE_REFILL: 10
[max diff] DIFF L2D_CACHE_INVAL: 2065

===========================================================
taskpendcnt:36079
t0:1083 ns
t1:1500 ns
t2:31083 ns
benchmark: Franka-derived Cartesian-impedance kernel, input trace:8, timer period:1.000 ms
controller source: franka_ros2 jazzy@73a1501d, updates:36102, SVD sweeps:5
pose error:[0.010000 0.015000 0.010000 -0.000000 0.049979 -0.000000]
tau[0:6]:[-2.781770 -1.613002 -1.930139 -1.581803 -1.382951 -0.390599 -0.663394]
kernel exec min/avg/max: 28.58 / 29.29 / 31.50 us, samples:36111
pressure status:1, copy rounds total/window:261/15, 7.04 rounds/s
pressure logical copy:2610.00 MiB total, approx 70.37 MiB/s, checksum:347571486720
pressure report window:2.131714 s
t0_region>
[0]:20890
[1]:14749
[2]:488
[3]:7

t1_region>
[1]:14927
[2]:19246
[3]:1689
[4]:266
[5]:11

t2_region>
[30]:6466
[31]:25097
[32]:3885
[33]:642
[34]:50
[35]:4

t0_min: 0.58 us, round:41
t0_max: 3.71 us, round:3825
t0_jitter: 3.13 us

t1_min: 1.38 us, round:2054
t1_max: 5.75 us, round:3825
t1_jitter: 4.38 us

t2_min: 30.25 us, round:33981
t2_max: 35.21 us, round:3825
t2_jitter: 4.96 us

PMU diff samples: 36170
AVG DIFF LL_CACHE_RD: 5.33
AVG DIFF LL_CACHE_MISS_RD: 6.87
AVG DIFF L2D_CACHE_REFILL: 2.66
AVG DIFF L2D_CACHE_INVAL: 263.54
[cur diff] DIFF LL_CACHE_RD: 0, DIFF LL_CACHE_MISS_RD: 0, MISS_RATE: 0.00%
[cur diff] DIFF L2D_CACHE_REFILL: 0
[cur diff] DIFF L2D_CACHE_INVAL: 0
[max diff] DIFF LL_CACHE_RD: 12, DIFF LL_CACHE_MISS_RD: 12, MISS_RATE: 100.00%
[max diff] DIFF L2D_CACHE_REFILL: 10
[max diff] DIFF L2D_CACHE_INVAL: 2065

===========================================================
taskpendcnt:38211
t0:708 ns
t1:1708 ns
t2:31000 ns
benchmark: Franka-derived Cartesian-impedance kernel, input trace:8, timer period:1.000 ms
controller source: franka_ros2 jazzy@73a1501d, updates:38234, SVD sweeps:5
pose error:[0.010000 0.015000 0.010000 -0.000000 0.049979 -0.000000]
tau[0:6]:[0.839771 0.130674 0.617691 0.624912 0.653099 -0.592692 0.265887]
kernel exec min/avg/max: 28.58 / 29.29 / 31.50 us, samples:38243
pressure status:1, copy rounds total/window:276/15, 7.04 rounds/s
pressure logical copy:2760.00 MiB total, approx 70.37 MiB/s, checksum:367546859520
pressure report window:2.131481 s
t0_region>
[0]:22101
[1]:15648
[2]:510
[3]:7

t1_region>
[1]:15759
[2]:20431
[3]:1792
[4]:277
[5]:11

t2_region>
[30]:6778
[31]:26639
[32]:4126
[33]:677
[34]:52
[35]:4

t0_min: 0.58 us, round:41
t0_max: 3.71 us, round:3825
t0_jitter: 3.13 us

t1_min: 1.38 us, round:2054
t1_max: 5.75 us, round:3825
t1_jitter: 4.38 us

t2_min: 30.25 us, round:33981
t2_max: 35.21 us, round:3825
t2_jitter: 4.96 us

PMU diff samples: 38302
AVG DIFF LL_CACHE_RD: 5.33
AVG DIFF LL_CACHE_MISS_RD: 6.88
AVG DIFF L2D_CACHE_REFILL: 2.66
AVG DIFF L2D_CACHE_INVAL: 264.14
[cur diff] DIFF LL_CACHE_RD: 0, DIFF LL_CACHE_MISS_RD: 0, MISS_RATE: 0.00%
[cur diff] DIFF L2D_CACHE_REFILL: 0
[cur diff] DIFF L2D_CACHE_INVAL: 0
[max diff] DIFF LL_CACHE_RD: 12, DIFF LL_CACHE_MISS_RD: 12, MISS_RATE: 100.00%
[max diff] DIFF L2D_CACHE_REFILL: 10
[max diff] DIFF L2D_CACHE_INVAL: 2065

===========================================================
taskpendcnt:40342
t0:791 ns
t1:1791 ns
t2:30791 ns
benchmark: Franka-derived Cartesian-impedance kernel, input trace:8, timer period:1.000 ms
controller source: franka_ros2 jazzy@73a1501d, updates:40365, SVD sweeps:5
pose error:[0.010000 0.015000 0.010000 -0.000000 0.049979 -0.000000]
tau[0:6]:[-0.567483 -0.552304 -0.482512 -0.231067 -0.297494 -0.656094 -0.085004]
kernel exec min/avg/max: 28.58 / 29.29 / 31.50 us, samples:40375
pressure status:1, copy rounds total/window:292/16, 7.51 rounds/s
pressure logical copy:2920.00 MiB total, approx 75.06 MiB/s, checksum:388853923840
pressure report window:2.131600 s
t0_region>
[0]:23477
[1]:16386
[2]:527
[3]:7

t1_region>
[1]:16749
[2]:21511
[3]:1850
[4]:281
[5]:11

t2_region>
[30]:7154
[31]:28232
[32]:4272
[33]:692
[34]:53
[35]:4

t0_min: 0.58 us, round:41
t0_max: 3.71 us, round:3825
t0_jitter: 3.13 us

t1_min: 1.38 us, round:2054
t1_max: 5.75 us, round:3825
t1_jitter: 4.38 us

t2_min: 30.25 us, round:33981
t2_max: 35.21 us, round:3825
t2_jitter: 4.96 us

PMU diff samples: 40433
AVG DIFF LL_CACHE_RD: 5.32
AVG DIFF LL_CACHE_MISS_RD: 6.87
AVG DIFF L2D_CACHE_REFILL: 2.65
AVG DIFF L2D_CACHE_INVAL: 263.40
[cur diff] DIFF LL_CACHE_RD: 0, DIFF LL_CACHE_MISS_RD: 0, MISS_RATE: 0.00%
[cur diff] DIFF L2D_CACHE_REFILL: 0
[cur diff] DIFF L2D_CACHE_INVAL: 1
[max diff] DIFF LL_CACHE_RD: 12, DIFF LL_CACHE_MISS_RD: 12, MISS_RATE: 100.00%
[max diff] DIFF L2D_CACHE_REFILL: 10
[max diff] DIFF L2D_CACHE_INVAL: 2065

===========================================================
taskpendcnt:42473
t0:875 ns
t1:1583 ns
t2:30875 ns
benchmark: Franka-derived Cartesian-impedance kernel, input trace:8, timer period:1.000 ms
controller source: franka_ros2 jazzy@73a1501d, updates:42496, SVD sweeps:5
pose error:[0.010000 0.015000 0.010000 -0.000000 0.049979 -0.000000]
tau[0:6]:[-0.274004 -0.324180 0.001577 -0.231466 0.050986 -0.328952 0.010844]
kernel exec min/avg/max: 28.58 / 29.29 / 31.50 us, samples:42505
pressure status:1, copy rounds total/window:307/15, 7.04 rounds/s
pressure logical copy:3070.00 MiB total, approx 70.40 MiB/s, checksum:408829296640
pressure report window:2.130826 s
t0_region>
[0]:24769
[1]:17198
[2]:554
[3]:7

t1_region>
[1]:17700
[2]:22610
[3]:1921
[4]:291
[5]:11

t2_region>
[30]:7529
[31]:29774
[32]:4458
[33]:721
[34]:53
[35]:4

t0_min: 0.58 us, round:41
t0_max: 3.71 us, round:3825
t0_jitter: 3.13 us

t1_min: 1.38 us, round:2054
t1_max: 5.75 us, round:3825
t1_jitter: 4.38 us

t2_min: 30.25 us, round:33981
t2_max: 35.21 us, round:3825
t2_jitter: 4.96 us

PMU diff samples: 42564
AVG DIFF LL_CACHE_RD: 5.32
AVG DIFF LL_CACHE_MISS_RD: 6.86
AVG DIFF L2D_CACHE_REFILL: 2.66
AVG DIFF L2D_CACHE_INVAL: 263.35
[cur diff] DIFF LL_CACHE_RD: 0, DIFF LL_CACHE_MISS_RD: 0, MISS_RATE: 0.00%
[cur diff] DIFF L2D_CACHE_REFILL: 0
[cur diff] DIFF L2D_CACHE_INVAL: 0
[max diff] DIFF LL_CACHE_RD: 12, DIFF LL_CACHE_MISS_RD: 12, MISS_RATE: 100.00%
[max diff] DIFF L2D_CACHE_REFILL: 10
[max diff] DIFF L2D_CACHE_INVAL: 2065

===========================================================
taskpendcnt:44604
t0:958 ns
t1:2250 ns
t2:31250 ns
benchmark: Franka-derived Cartesian-impedance kernel, input trace:8, timer period:1.000 ms
controller source: franka_ros2 jazzy@73a1501d, updates:44627, SVD sweeps:5
pose error:[0.010000 0.015000 0.010000 -0.000000 0.049979 -0.000000]
tau[0:6]:[1.376914 -0.104433 0.790225 0.843903 0.642107 -0.956178 0.423547]
kernel exec min/avg/max: 28.58 / 29.29 / 31.50 us, samples:44636
pressure status:1, copy rounds total/window:323/16, 7.51 rounds/s
pressure logical copy:3230.00 MiB total, approx 75.09 MiB/s, checksum:430136360960
pressure report window:2.130900 s
t0_region>
[0]:26088
[1]:17997
[2]:567
[3]:8

t1_region>
[1]:18666
[2]:23703
[3]:1988
[4]:296
[5]:11

t2_region>
[30]:7937
[31]:31293
[32]:4642
[33]:737
[34]:56
[35]:4

t0_min: 0.58 us, round:41
t0_max: 3.71 us, round:3825
t0_jitter: 3.13 us

t1_min: 1.38 us, round:2054
t1_max: 5.75 us, round:3825
t1_jitter: 4.38 us

t2_min: 30.25 us, round:33981
t2_max: 35.21 us, round:3825
t2_jitter: 4.96 us

PMU diff samples: 44695
AVG DIFF LL_CACHE_RD: 5.31
AVG DIFF LL_CACHE_MISS_RD: 6.86
AVG DIFF L2D_CACHE_REFILL: 2.65
AVG DIFF L2D_CACHE_INVAL: 262.77
[cur diff] DIFF LL_CACHE_RD: 0, DIFF LL_CACHE_MISS_RD: 0, MISS_RATE: 0.00%
[cur diff] DIFF L2D_CACHE_REFILL: 0
[cur diff] DIFF L2D_CACHE_INVAL: 0
[max diff] DIFF LL_CACHE_RD: 12, DIFF LL_CACHE_MISS_RD: 12, MISS_RATE: 100.00%
[max diff] DIFF L2D_CACHE_REFILL: 10
[max diff] DIFF L2D_CACHE_INVAL: 2065

===========================================================
taskpendcnt:46736
t0:1041 ns
t1:1458 ns
t2:31333 ns
benchmark: Franka-derived Cartesian-impedance kernel, input trace:8, timer period:1.000 ms
controller source: franka_ros2 jazzy@73a1501d, updates:46758, SVD sweeps:5
pose error:[0.010000 0.015000 0.010000 -0.000000 0.049979 -0.000000]
tau[0:6]:[-2.379368 -1.292411 -1.655224 -1.570015 -1.185234 -0.066588 -0.610247]
kernel exec min/avg/max: 28.58 / 29.29 / 31.50 us, samples:46768
pressure status:1, copy rounds total/window:338/15, 7.04 rounds/s
pressure logical copy:3380.00 MiB total, approx 70.37 MiB/s, checksum:450111733760
pressure report window:2.131601 s
t0_region>
[0]:27422
[1]:18776
[2]:585
[3]:8

t1_region>
[1]:19606
[2]:24817
[3]:2061
[4]:300
[5]:11

t2_region>
[30]:8225
[31]:32945
[32]:4814
[33]:758
[34]:56
[35]:4

t0_min: 0.58 us, round:41
t0_max: 3.71 us, round:3825
t0_jitter: 3.13 us

t1_min: 1.38 us, round:2054
t1_max: 5.75 us, round:3825
t1_jitter: 4.38 us

t2_min: 30.25 us, round:33981
t2_max: 35.21 us, round:3825
t2_jitter: 4.96 us

PMU diff samples: 46827
AVG DIFF LL_CACHE_RD: 5.31
AVG DIFF LL_CACHE_MISS_RD: 6.85
AVG DIFF L2D_CACHE_REFILL: 2.65
AVG DIFF L2D_CACHE_INVAL: 262.52
[cur diff] DIFF LL_CACHE_RD: 0, DIFF LL_CACHE_MISS_RD: 0, MISS_RATE: 0.00%
[cur diff] DIFF L2D_CACHE_REFILL: 0
[cur diff] DIFF L2D_CACHE_INVAL: 0
[max diff] DIFF LL_CACHE_RD: 12, DIFF LL_CACHE_MISS_RD: 12, MISS_RATE: 100.00%
[max diff] DIFF L2D_CACHE_REFILL: 10
[max diff] DIFF L2D_CACHE_INVAL: 2065

===========================================================
taskpendcnt:48868
t0:1250 ns
t1:1958 ns
t2:31833 ns
benchmark: Franka-derived Cartesian-impedance kernel, input trace:8, timer period:1.000 ms
controller source: franka_ros2 jazzy@73a1501d, updates:48890, SVD sweeps:5
pose error:[0.010000 0.015000 0.010000 -0.000000 0.049979 -0.000000]
tau[0:6]:[1.228026 0.081850 0.819520 0.875435 0.745706 -0.833381 0.398995]
kernel exec min/avg/max: 28.58 / 29.30 / 31.50 us, samples:48899
pressure status:1, copy rounds total/window:354/16, 7.51 rounds/s
pressure logical copy:3540.00 MiB total, approx 75.07 MiB/s, checksum:471418798080
pressure report window:2.131476 s
t0_region>
[0]:28735
[1]:19572
[2]:607
[3]:8

t1_region>
[1]:20558
[2]:25916
[3]:2138
[4]:304
[5]:11

t2_region>
[30]:8505
[31]:34556
[32]:5021
[33]:790
[34]:56
[35]:4

t0_min: 0.58 us, round:41
t0_max: 3.71 us, round:3825
t0_jitter: 3.13 us

t1_min: 1.38 us, round:2054
t1_max: 5.75 us, round:3825
t1_jitter: 4.38 us

t2_min: 30.25 us, round:33981
t2_max: 35.21 us, round:3825
t2_jitter: 4.96 us

PMU diff samples: 48958
AVG DIFF LL_CACHE_RD: 5.31
AVG DIFF LL_CACHE_MISS_RD: 6.87
AVG DIFF L2D_CACHE_REFILL: 2.65
AVG DIFF L2D_CACHE_INVAL: 262.33
[cur diff] DIFF LL_CACHE_RD: 0, DIFF LL_CACHE_MISS_RD: 0, MISS_RATE: 0.00%
[cur diff] DIFF L2D_CACHE_REFILL: 0
[cur diff] DIFF L2D_CACHE_INVAL: 1
[max diff] DIFF LL_CACHE_RD: 12, DIFF LL_CACHE_MISS_RD: 12, MISS_RATE: 100.00%
[max diff] DIFF L2D_CACHE_REFILL: 10
[max diff] DIFF L2D_CACHE_INVAL: 2065

===========================================================
taskpendcnt:50999
t0:1041 ns
t1:1750 ns
t2:30750 ns
benchmark: Franka-derived Cartesian-impedance kernel, input trace:8, timer period:1.000 ms
controller source: franka_ros2 jazzy@73a1501d, updates:51021, SVD sweeps:5
pose error:[0.010000 0.015000 0.010000 -0.000000 0.049979 -0.000000]
tau[0:6]:[-2.781770 -1.613002 -1.930139 -1.581803 -1.382951 -0.390599 -0.663394]
kernel exec min/avg/max: 28.58 / 29.30 / 31.50 us, samples:51031
pressure status:1, copy rounds total/window:369/15, 7.04 rounds/s
pressure logical copy:3690.00 MiB total, approx 70.37 MiB/s, checksum:491394170880
pressure report window:2.131618 s
t0_region>
[0]:29990
[1]:20420
[2]:636
[3]:8

t1_region>
[1]:21471
[2]:27033
[3]:2221
[4]:322
[5]:11

t2_region>
[30]:8870
[31]:36037
[32]:5262
[33]:834
[34]:58
[35]:4

t0_min: 0.58 us, round:41
t0_max: 3.71 us, round:3825
t0_jitter: 3.13 us

t1_min: 1.38 us, round:2054
t1_max: 5.75 us, round:3825
t1_jitter: 4.38 us

t2_min: 30.25 us, round:33981
t2_max: 35.21 us, round:3825
t2_jitter: 4.96 us

PMU diff samples: 51090
AVG DIFF LL_CACHE_RD: 5.30
AVG DIFF LL_CACHE_MISS_RD: 6.86
AVG DIFF L2D_CACHE_REFILL: 2.65
AVG DIFF L2D_CACHE_INVAL: 261.59
[cur diff] DIFF LL_CACHE_RD: 0, DIFF LL_CACHE_MISS_RD: 0, MISS_RATE: 0.00%
[cur diff] DIFF L2D_CACHE_REFILL: 0
[cur diff] DIFF L2D_CACHE_INVAL: 0
[max diff] DIFF LL_CACHE_RD: 12, DIFF LL_CACHE_MISS_RD: 12, MISS_RATE: 100.00%
[max diff] DIFF L2D_CACHE_REFILL: 10
[max diff] DIFF L2D_CACHE_INVAL: 2065

===========================================================
taskpendcnt:53131
t0:958 ns
t1:1666 ns
t2:30666 ns
benchmark: Franka-derived Cartesian-impedance kernel, input trace:8, timer period:1.000 ms
controller source: franka_ros2 jazzy@73a1501d, updates:53153, SVD sweeps:5
pose error:[0.010000 0.015000 0.010000 -0.000000 0.049979 -0.000000]
tau[0:6]:[0.839771 0.130674 0.617691 0.624912 0.653099 -0.592692 0.265887]
kernel exec min/avg/max: 28.58 / 29.30 / 31.50 us, samples:53162
pressure status:1, copy rounds total/window:385/16, 7.51 rounds/s
pressure logical copy:3850.00 MiB total, approx 75.07 MiB/s, checksum:512701235200
pressure report window:2.131234 s
t0_region>
[0]:32043
[1]:20499
[2]:636
[3]:8

t1_region>
[1]:23536
[2]:27099
[3]:2222
[4]:322
[5]:11

t2_region>
[30]:10309
[31]:36723
[32]:5268
[33]:834
[34]:58
[35]:4

t0_min: 0.58 us, round:41
t0_max: 3.71 us, round:3825
t0_jitter: 3.13 us

t1_min: 1.38 us, round:2054
t1_max: 5.75 us, round:3825
t1_jitter: 4.38 us

t2_min: 30.25 us, round:33981
t2_max: 35.21 us, round:3825
t2_jitter: 4.96 us

PMU diff samples: 53221
AVG DIFF LL_CACHE_RD: 5.22
AVG DIFF LL_CACHE_MISS_RD: 6.64
AVG DIFF L2D_CACHE_REFILL: 2.56
AVG DIFF L2D_CACHE_INVAL: 251.68
[cur diff] DIFF LL_CACHE_RD: 1, DIFF LL_CACHE_MISS_RD: 0, MISS_RATE: 0.00%
[cur diff] DIFF L2D_CACHE_REFILL: 0
[cur diff] DIFF L2D_CACHE_INVAL: 0
[max diff] DIFF LL_CACHE_RD: 12, DIFF LL_CACHE_MISS_RD: 12, MISS_RATE: 100.00%
[max diff] DIFF L2D_CACHE_REFILL: 10
[max diff] DIFF L2D_CACHE_INVAL: 2065

===========================================================
taskpendcnt:55261
t0:1041 ns
t1:1750 ns
t2:31041 ns
benchmark: Franka-derived Cartesian-impedance kernel, input trace:8, timer period:1.000 ms
controller source: franka_ros2 jazzy@73a1501d, updates:55284, SVD sweeps:5
pose error:[0.010000 0.015000 0.010000 -0.000000 0.049979 -0.000000]
tau[0:6]:[-0.567483 -0.552304 -0.482512 -0.231067 -0.297494 -0.656094 -0.085004]
kernel exec min/avg/max: 28.58 / 29.30 / 31.50 us, samples:55294
pressure status:1, copy rounds total/window:400/15, 7.04 rounds/s
pressure logical copy:4000.00 MiB total, approx 70.37 MiB/s, checksum:532676608000
pressure report window:2.131447 s
t0_region>
[0]:33992
[1]:20669
[2]:648
[3]:8

t1_region>
[1]:25494
[2]:27249
[3]:2240
[4]:327
[5]:11

t2_region>
[30]:11562
[31]:37565
[32]:5295
[33]:843
[34]:58
[35]:4

t0_min: 0.58 us, round:41
t0_max: 3.71 us, round:3825
t0_jitter: 3.13 us

t1_min: 1.38 us, round:2054
t1_max: 5.75 us, round:3825
t1_jitter: 4.38 us

t2_min: 30.25 us, round:33981
t2_max: 35.21 us, round:3825
t2_jitter: 4.96 us

PMU diff samples: 55353
AVG DIFF LL_CACHE_RD: 5.15
AVG DIFF LL_CACHE_MISS_RD: 6.47
AVG DIFF L2D_CACHE_REFILL: 2.50
AVG DIFF L2D_CACHE_INVAL: 243.68
[cur diff] DIFF LL_CACHE_RD: 0, DIFF LL_CACHE_MISS_RD: 0, MISS_RATE: 0.00%
[cur diff] DIFF L2D_CACHE_REFILL: 0
[cur diff] DIFF L2D_CACHE_INVAL: 0
[max diff] DIFF LL_CACHE_RD: 12, DIFF LL_CACHE_MISS_RD: 12, MISS_RATE: 100.00%
[max diff] DIFF L2D_CACHE_REFILL: 10
[max diff] DIFF L2D_CACHE_INVAL: 2295

===========================================================
taskpendcnt:57393
t0:958 ns
t1:1666 ns
t2:30958 ns
benchmark: Franka-derived Cartesian-impedance kernel, input trace:8, timer period:1.000 ms
controller source: franka_ros2 jazzy@73a1501d, updates:57416, SVD sweeps:5
pose error:[0.010000 0.015000 0.010000 -0.000000 0.049979 -0.000000]
tau[0:6]:[-1.839419 -0.921560 -1.193198 -1.195971 -0.861243 0.113634 -0.461388]
kernel exec min/avg/max: 28.58 / 29.30 / 31.50 us, samples:57425
pressure status:1, copy rounds total/window:416/16, 7.51 rounds/s
pressure logical copy:4160.00 MiB total, approx 75.05 MiB/s, checksum:553983672320
pressure report window:2.131828 s
t0_region>
[0]:35627
[1]:21150
[2]:662
[3]:9

t1_region>
[1]:26876
[2]:27938
[3]:2292
[4]:336
[5]:11

t2_region>
[30]:12298
[31]:38840
[32]:5393
[33]:865
[34]:58
[35]:4

t0_min: 0.58 us, round:41
t0_max: 3.71 us, round:3825
t0_jitter: 3.13 us

t1_min: 1.38 us, round:2054
t1_max: 5.75 us, round:3825
t1_jitter: 4.38 us

t2_min: 30.25 us, round:33981
t2_max: 35.21 us, round:3825
t2_jitter: 4.96 us

PMU diff samples: 57485
AVG DIFF LL_CACHE_RD: 5.12
AVG DIFF LL_CACHE_MISS_RD: 6.40
AVG DIFF L2D_CACHE_REFILL: 2.47
AVG DIFF L2D_CACHE_INVAL: 240.73
[cur diff] DIFF LL_CACHE_RD: 0, DIFF LL_CACHE_MISS_RD: 0, MISS_RATE: 0.00%
[cur diff] DIFF L2D_CACHE_REFILL: 0
[cur diff] DIFF L2D_CACHE_INVAL: 0
[max diff] DIFF LL_CACHE_RD: 12, DIFF LL_CACHE_MISS_RD: 12, MISS_RATE: 100.00%
[max diff] DIFF L2D_CACHE_REFILL: 10
[max diff] DIFF L2D_CACHE_INVAL: 2295

===========================================================
taskpendcnt:59524
t0:750 ns
t1:1458 ns
t2:30750 ns
benchmark: Franka-derived Cartesian-impedance kernel, input trace:8, timer period:1.000 ms
controller source: franka_ros2 jazzy@73a1501d, updates:59547, SVD sweeps:5
pose error:[0.010000 0.015000 0.010000 -0.000000 0.049979 -0.000000]
tau[0:6]:[1.376914 -0.104433 0.790225 0.843903 0.642107 -0.956178 0.423547]
kernel exec min/avg/max: 28.58 / 29.30 / 31.50 us, samples:59556
pressure status:1, copy rounds total/window:431/15, 7.04 rounds/s
pressure logical copy:4310.00 MiB total, approx 70.40 MiB/s, checksum:573959045120
pressure report window:2.130787 s
t0_region>
[0]:36862
[1]:22017
[2]:691
[3]:9

t1_region>
[1]:27717
[2]:29119
[3]:2387
[4]:350
[5]:11

t2_region>
[30]:12570
[31]:40406
[32]:5644
[33]:907
[34]:58
[35]:4

t0_min: 0.58 us, round:41
t0_max: 3.71 us, round:3825
t0_jitter: 3.13 us

t1_min: 1.38 us, round:2054
t1_max: 5.75 us, round:3825
t1_jitter: 4.38 us

t2_min: 30.25 us, round:33981
t2_max: 35.21 us, round:3825
t2_jitter: 4.96 us

PMU diff samples: 59615
AVG DIFF LL_CACHE_RD: 5.13
AVG DIFF LL_CACHE_MISS_RD: 6.42
AVG DIFF L2D_CACHE_REFILL: 2.48
AVG DIFF L2D_CACHE_INVAL: 242.04
[cur diff] DIFF LL_CACHE_RD: 0, DIFF LL_CACHE_MISS_RD: 0, MISS_RATE: 0.00%
[cur diff] DIFF L2D_CACHE_REFILL: 0
[cur diff] DIFF L2D_CACHE_INVAL: 0
[max diff] DIFF LL_CACHE_RD: 12, DIFF LL_CACHE_MISS_RD: 12, MISS_RATE: 100.00%
[max diff] DIFF L2D_CACHE_REFILL: 10
[max diff] DIFF L2D_CACHE_INVAL: 2295

===========================================================
taskpendcnt:61656
t0:1125 ns
t1:1833 ns
t2:31416 ns
benchmark: Franka-derived Cartesian-impedance kernel, input trace:8, timer period:1.000 ms
controller source: franka_ros2 jazzy@73a1501d, updates:61678, SVD sweeps:5
pose error:[0.010000 0.015000 0.010000 -0.000000 0.049979 -0.000000]
tau[0:6]:[-2.379368 -1.292411 -1.655224 -1.570015 -1.185234 -0.066588 -0.610247]
kernel exec min/avg/max: 28.58 / 29.30 / 31.50 us, samples:61688
pressure status:1, copy rounds total/window:446/15, 7.04 rounds/s
pressure logical copy:4460.00 MiB total, approx 70.37 MiB/s, checksum:593934417920
pressure report window:2.131632 s
t0_region>
[0]:38017
[1]:22959
[2]:727
[3]:9

t1_region>
[1]:28474
[2]:30372
[3]:2491
[4]:367
[5]:11

t2_region>
[30]:12845
[31]:41906
[32]:5941
[33]:964
[34]:61
[35]:4

t0_min: 0.58 us, round:41
t0_max: 3.71 us, round:3825
t0_jitter: 3.13 us

t1_min: 1.38 us, round:2054
t1_max: 5.75 us, round:3825
t1_jitter: 4.38 us

t2_min: 30.25 us, round:33981
t2_max: 35.21 us, round:3825
t2_jitter: 4.96 us

PMU diff samples: 61747
AVG DIFF LL_CACHE_RD: 5.14
AVG DIFF LL_CACHE_MISS_RD: 6.45
AVG DIFF L2D_CACHE_REFILL: 2.49
AVG DIFF L2D_CACHE_INVAL: 243.33
[cur diff] DIFF LL_CACHE_RD: 0, DIFF LL_CACHE_MISS_RD: 0, MISS_RATE: 0.00%
[cur diff] DIFF L2D_CACHE_REFILL: 0
[cur diff] DIFF L2D_CACHE_INVAL: 1
[max diff] DIFF LL_CACHE_RD: 12, DIFF LL_CACHE_MISS_RD: 12, MISS_RATE: 100.00%
[max diff] DIFF L2D_CACHE_REFILL: 10
[max diff] DIFF L2D_CACHE_INVAL: 2295

===========================================================
taskpendcnt:63788
t0:1333 ns
t1:2041 ns
t2:30750 ns
benchmark: Franka-derived Cartesian-impedance kernel, input trace:8, timer period:1.000 ms
controller source: franka_ros2 jazzy@73a1501d, updates:63810, SVD sweeps:5
pose error:[0.010000 0.015000 0.010000 -0.000000 0.049979 -0.000000]
tau[0:6]:[1.228026 0.081850 0.819520 0.875435 0.745706 -0.833381 0.398995]
kernel exec min/avg/max: 28.58 / 29.30 / 31.50 us, samples:63819
pressure status:1, copy rounds total/window:462/16, 7.51 rounds/s
pressure logical copy:4620.00 MiB total, approx 75.06 MiB/s, checksum:615241482240
pressure report window:2.131588 s
t0_region>
[0]:39187
[1]:23887
[2]:759
[3]:9

t1_region>
[1]:29228
[2]:31652
[3]:2569
[4]:386
[5]:12

t2_region>
[30]:13140
[31]:43461
[32]:6178
[33]:1003
[34]:65
[35]:5

t0_min: 0.58 us, round:41
t0_max: 3.71 us, round:3825
t0_jitter: 3.13 us

t1_min: 1.38 us, round:2054
t1_max: 5.75 us, round:3825
t1_jitter: 4.38 us

t2_min: 30.25 us, round:33981
t2_max: 35.38 us, round:63450
t2_jitter: 5.13 us

PMU diff samples: 63879
AVG DIFF LL_CACHE_RD: 5.15
AVG DIFF LL_CACHE_MISS_RD: 6.48
AVG DIFF L2D_CACHE_REFILL: 2.50
AVG DIFF L2D_CACHE_INVAL: 244.46
[cur diff] DIFF LL_CACHE_RD: 0, DIFF LL_CACHE_MISS_RD: 0, MISS_RATE: 0.00%
[cur diff] DIFF L2D_CACHE_REFILL: 0
[cur diff] DIFF L2D_CACHE_INVAL: 0
[max diff] DIFF LL_CACHE_RD: 12, DIFF LL_CACHE_MISS_RD: 12, MISS_RATE: 100.00%
[max diff] DIFF L2D_CACHE_REFILL: 10
[max diff] DIFF L2D_CACHE_INVAL: 2295

===========================================================
taskpendcnt:65919
t0:1416 ns
t1:1833 ns
t2:30833 ns
benchmark: Franka-derived Cartesian-impedance kernel, input trace:8, timer period:1.000 ms
controller source: franka_ros2 jazzy@73a1501d, updates:65941, SVD sweeps:5
pose error:[0.010000 0.015000 0.010000 -0.000000 0.049979 -0.000000]
tau[0:6]:[-2.781770 -1.613002 -1.930139 -1.581803 -1.382951 -0.390599 -0.663394]
kernel exec min/avg/max: 28.58 / 29.30 / 31.50 us, samples:65951
pressure status:1, copy rounds total/window:477/15, 7.04 rounds/s
pressure logical copy:4770.00 MiB total, approx 70.37 MiB/s, checksum:635216855040
pressure report window:2.131633 s
t0_region>
[0]:40359
[1]:24817
[2]:789
[3]:9

t1_region>
[1]:30003
[2]:32904
[3]:2659
[4]:401
[5]:12

t2_region>
[30]:13409
[31]:45075
[32]:6389
[33]:1041
[34]:65
[35]:5

t0_min: 0.58 us, round:41
t0_max: 3.71 us, round:3825
t0_jitter: 3.13 us

t1_min: 1.38 us, round:2054
t1_max: 5.75 us, round:3825
t1_jitter: 4.38 us

t2_min: 30.25 us, round:33981
t2_max: 35.38 us, round:63450
t2_jitter: 5.13 us

PMU diff samples: 66010
AVG DIFF LL_CACHE_RD: 5.15
AVG DIFF LL_CACHE_MISS_RD: 6.50
AVG DIFF L2D_CACHE_REFILL: 2.51
AVG DIFF L2D_CACHE_INVAL: 245.47
[cur diff] DIFF LL_CACHE_RD: 0, DIFF LL_CACHE_MISS_RD: 0, MISS_RATE: 0.00%
[cur diff] DIFF L2D_CACHE_REFILL: 0
[cur diff] DIFF L2D_CACHE_INVAL: 0
[max diff] DIFF LL_CACHE_RD: 12, DIFF LL_CACHE_MISS_RD: 12, MISS_RATE: 100.00%
[max diff] DIFF L2D_CACHE_REFILL: 10
[max diff] DIFF L2D_CACHE_INVAL: 2295

===========================================================
taskpendcnt:68051
t0:1333 ns
t1:2625 ns
t2:31041 ns
benchmark: Franka-derived Cartesian-impedance kernel, input trace:8, timer period:1.000 ms
controller source: franka_ros2 jazzy@73a1501d, updates:68073, SVD sweeps:5
pose error:[0.010000 0.015000 0.010000 -0.000000 0.049979 -0.000000]
tau[0:6]:[0.839771 0.130674 0.617691 0.624912 0.653099 -0.592692 0.265887]
kernel exec min/avg/max: 28.58 / 29.30 / 31.50 us, samples:68083
pressure status:1, copy rounds total/window:492/15, 7.04 rounds/s
pressure logical copy:4920.00 MiB total, approx 70.37 MiB/s, checksum:655192227840
pressure report window:2.131597 s
t0_region>
[0]:41550
[1]:25727
[2]:820
[3]:9

t1_region>
[1]:30795
[2]:34136
[3]:2748
[4]:419
[5]:12

t2_region>
[30]:13715
[31]:46629
[32]:6615
[33]:1086
[34]:66
[35]:5

t0_min: 0.58 us, round:41
t0_max: 3.71 us, round:3825
t0_jitter: 3.13 us

t1_min: 1.38 us, round:2054
t1_max: 5.75 us, round:3825
t1_jitter: 4.38 us

t2_min: 30.25 us, round:33981
t2_max: 35.38 us, round:63450
t2_jitter: 5.13 us

PMU diff samples: 68142
AVG DIFF LL_CACHE_RD: 5.16
AVG DIFF LL_CACHE_MISS_RD: 6.52
AVG DIFF L2D_CACHE_REFILL: 2.52
AVG DIFF L2D_CACHE_INVAL: 246.55
[cur diff] DIFF LL_CACHE_RD: 0, DIFF LL_CACHE_MISS_RD: 0, MISS_RATE: 0.00%
[cur diff] DIFF L2D_CACHE_REFILL: 0
[cur diff] DIFF L2D_CACHE_INVAL: 1
[max diff] DIFF LL_CACHE_RD: 12, DIFF LL_CACHE_MISS_RD: 12, MISS_RATE: 100.00%
[max diff] DIFF L2D_CACHE_REFILL: 10
[max diff] DIFF L2D_CACHE_INVAL: 2295

===========================================================
taskpendcnt:70182
t0:1125 ns
t1:2125 ns
t2:30833 ns
benchmark: Franka-derived Cartesian-impedance kernel, input trace:8, timer period:1.000 ms
controller source: franka_ros2 jazzy@73a1501d, updates:70205, SVD sweeps:5
pose error:[0.010000 0.015000 0.010000 -0.000000 0.049979 -0.000000]
tau[0:6]:[-0.567483 -0.552304 -0.482512 -0.231067 -0.297494 -0.656094 -0.085004]
kernel exec min/avg/max: 28.58 / 29.30 / 31.50 us, samples:70214
pressure status:1, copy rounds total/window:508/16, 7.51 rounds/s
pressure logical copy:5080.00 MiB total, approx 75.06 MiB/s, checksum:676499292160
pressure report window:2.131645 s
t0_region>
[0]:42737
[1]:26647
[2]:845
[3]:9

t1_region>
[1]:31587
[2]:35360
[3]:2851
[4]:432
[5]:12

t2_region>
[30]:14008
[31]:48172
[32]:6875
[33]:1118
[34]:69
[35]:5

t0_min: 0.58 us, round:41
t0_max: 3.71 us, round:3825
t0_jitter: 3.13 us

t1_min: 1.38 us, round:2054
t1_max: 5.75 us, round:3825
t1_jitter: 4.38 us

t2_min: 30.25 us, round:33981
t2_max: 35.38 us, round:63450
t2_jitter: 5.13 us

PMU diff samples: 70274
AVG DIFF LL_CACHE_RD: 5.17
AVG DIFF LL_CACHE_MISS_RD: 6.55
AVG DIFF L2D_CACHE_REFILL: 2.53
AVG DIFF L2D_CACHE_INVAL: 247.47
[cur diff] DIFF LL_CACHE_RD: 0, DIFF LL_CACHE_MISS_RD: 0, MISS_RATE: 0.00%
[cur diff] DIFF L2D_CACHE_REFILL: 0
[cur diff] DIFF L2D_CACHE_INVAL: 0
[max diff] DIFF LL_CACHE_RD: 12, DIFF LL_CACHE_MISS_RD: 12, MISS_RATE: 100.00%
[max diff] DIFF L2D_CACHE_REFILL: 10
[max diff] DIFF L2D_CACHE_INVAL: 2295

===========================================================
taskpendcnt:72314
t0:1166 ns
t1:1583 ns
t2:31166 ns
benchmark: Franka-derived Cartesian-impedance kernel, input trace:8, timer period:1.000 ms
controller source: franka_ros2 jazzy@73a1501d, updates:72337, SVD sweeps:5
pose error:[0.010000 0.015000 0.010000 -0.000000 0.049979 -0.000000]
tau[0:6]:[-0.274004 -0.324180 0.001577 -0.231466 0.050986 -0.328952 0.010844]
kernel exec min/avg/max: 28.58 / 29.30 / 31.50 us, samples:72346
pressure status:1, copy rounds total/window:523/15, 7.04 rounds/s
pressure logical copy:5230.00 MiB total, approx 70.36 MiB/s, checksum:696474664960
pressure report window:2.131889 s
t0_region>
[0]:43955
[1]:27532
[2]:873
[3]:9

t1_region>
[1]:32410
[2]:36569
[3]:2934
[4]:448
[5]:13

t2_region>
[30]:14338
[31]:49714
[32]:7096
[33]:1157
[34]:70
[35]:5

t0_min: 0.58 us, round:41
t0_max: 3.71 us, round:3825
t0_jitter: 3.13 us

t1_min: 1.38 us, round:2054
t1_max: 5.75 us, round:3825
t1_jitter: 4.38 us

t2_min: 30.25 us, round:33981
t2_max: 35.38 us, round:63450
t2_jitter: 5.13 us

PMU diff samples: 72405
AVG DIFF LL_CACHE_RD: 5.17
AVG DIFF LL_CACHE_MISS_RD: 6.56
AVG DIFF L2D_CACHE_REFILL: 2.53
AVG DIFF L2D_CACHE_INVAL: 248.38
[cur diff] DIFF LL_CACHE_RD: 0, DIFF LL_CACHE_MISS_RD: 0, MISS_RATE: 0.00%
[cur diff] DIFF L2D_CACHE_REFILL: 0
[cur diff] DIFF L2D_CACHE_INVAL: 0
[max diff] DIFF LL_CACHE_RD: 12, DIFF LL_CACHE_MISS_RD: 12, MISS_RATE: 100.00%
[max diff] DIFF L2D_CACHE_REFILL: 10
[max diff] DIFF L2D_CACHE_INVAL: 2295

===========================================================
taskpendcnt:74446
t0:791 ns
t1:1791 ns
t2:31083 ns
benchmark: Franka-derived Cartesian-impedance kernel, input trace:8, timer period:1.000 ms
controller source: franka_ros2 jazzy@73a1501d, updates:74469, SVD sweeps:5
pose error:[0.010000 0.015000 0.010000 -0.000000 0.049979 -0.000000]
tau[0:6]:[-0.567483 -0.552304 -0.482512 -0.231067 -0.297494 -0.656094 -0.085004]
kernel exec min/avg/max: 28.58 / 29.30 / 31.50 us, samples:74479
pressure status:1, copy rounds total/window:539/16, 7.50 rounds/s
pressure logical copy:5390.00 MiB total, approx 75.04 MiB/s, checksum:717781729280
pressure report window:2.132267 s
t0_region>
[0]:45175
[1]:28420
[2]:897
[3]:9

t1_region>
[1]:33241
[2]:37767
[3]:3023
[4]:462
[5]:13

t2_region>
[30]:14667
[31]:51259
[32]:7311
[33]:1199
[34]:70
[35]:5

t0_min: 0.58 us, round:41
t0_max: 3.71 us, round:3825
t0_jitter: 3.13 us

t1_min: 1.38 us, round:2054
t1_max: 5.75 us, round:3825
t1_jitter: 4.38 us

t2_min: 30.25 us, round:33981
t2_max: 35.38 us, round:63450
t2_jitter: 5.13 us

PMU diff samples: 74538
AVG DIFF LL_CACHE_RD: 5.18
AVG DIFF LL_CACHE_MISS_RD: 6.58
AVG DIFF L2D_CACHE_REFILL: 2.54
AVG DIFF L2D_CACHE_INVAL: 248.94
[cur diff] DIFF LL_CACHE_RD: 0, DIFF LL_CACHE_MISS_RD: 0, MISS_RATE: 0.00%
[cur diff] DIFF L2D_CACHE_REFILL: 0
[cur diff] DIFF L2D_CACHE_INVAL: 0
[max diff] DIFF LL_CACHE_RD: 12, DIFF LL_CACHE_MISS_RD: 12, MISS_RATE: 100.00%
[max diff] DIFF L2D_CACHE_REFILL: 10
[max diff] DIFF L2D_CACHE_INVAL: 2295

===========================================================
taskpendcnt:76578
t0:708 ns
t1:1708 ns
t2:31291 ns
benchmark: Franka-derived Cartesian-impedance kernel, input trace:8, timer period:1.000 ms
controller source: franka_ros2 jazzy@73a1501d, updates:76601, SVD sweeps:5
pose error:[0.010000 0.015000 0.010000 -0.000000 0.049979 -0.000000]
tau[0:6]:[0.839771 0.130674 0.617691 0.624912 0.653099 -0.592692 0.265887]
kernel exec min/avg/max: 28.58 / 29.30 / 31.50 us, samples:76610
pressure status:1, copy rounds total/window:554/15, 7.04 rounds/s
pressure logical copy:5540.00 MiB total, approx 70.37 MiB/s, checksum:737757102080
pressure report window:2.131583 s
t0_region>
[0]:46452
[1]:29248
[2]:924
[3]:9

t1_region>
[1]:34119
[2]:38928
[3]:3102
[4]:475
[5]:13

t2_region>
[30]:14998
[31]:52810
[32]:7529
[33]:1229
[34]:71
[35]:6

t0_min: 0.58 us, round:41
t0_max: 3.71 us, round:3825
t0_jitter: 3.13 us

t1_min: 1.38 us, round:2054
t1_max: 5.75 us, round:3825
t1_jitter: 4.38 us

t2_min: 30.25 us, round:33981
t2_max: 35.38 us, round:63450
t2_jitter: 5.13 us

PMU diff samples: 76669
AVG DIFF LL_CACHE_RD: 5.18
AVG DIFF LL_CACHE_MISS_RD: 6.59
AVG DIFF L2D_CACHE_REFILL: 2.54
AVG DIFF L2D_CACHE_INVAL: 249.46
[cur diff] DIFF LL_CACHE_RD: 0, DIFF LL_CACHE_MISS_RD: 0, MISS_RATE: 0.00%
[cur diff] DIFF L2D_CACHE_REFILL: 0
[cur diff] DIFF L2D_CACHE_INVAL: 1
[max diff] DIFF LL_CACHE_RD: 12, DIFF LL_CACHE_MISS_RD: 12, MISS_RATE: 100.00%
[max diff] DIFF L2D_CACHE_REFILL: 10
[max diff] DIFF L2D_CACHE_INVAL: 2295

===========================================================
taskpendcnt:78710
t0:1083 ns
t1:1500 ns
t2:30791 ns
benchmark: Franka-derived Cartesian-impedance kernel, input trace:8, timer period:1.000 ms
controller source: franka_ros2 jazzy@73a1501d, updates:78732, SVD sweeps:5
pose error:[0.010000 0.015000 0.010000 -0.000000 0.049979 -0.000000]
tau[0:6]:[-0.567483 -0.552304 -0.482512 -0.231067 -0.297494 -0.656094 -0.085004]
kernel exec min/avg/max: 28.58 / 29.30 / 31.50 us, samples:78742
pressure status:1, copy rounds total/window:569/15, 7.04 rounds/s
pressure logical copy:5690.00 MiB total, approx 70.37 MiB/s, checksum:757732474880
pressure report window:2.131725 s
t0_region>
[0]:47754
[1]:30049
[2]:953
[3]:9

t1_region>
[1]:34996
[2]:40082
[3]:3183
[4]:495
[5]:13

t2_region>
[30]:15338
[31]:54359
[32]:7734
[33]:1266
[34]:73
[35]:6

t0_min: 0.58 us, round:41
t0_max: 3.71 us, round:3825
t0_jitter: 3.13 us

t1_min: 1.38 us, round:2054
t1_max: 5.75 us, round:3825
t1_jitter: 4.38 us

t2_min: 30.25 us, round:33981
t2_max: 35.38 us, round:63450
t2_jitter: 5.13 us

PMU diff samples: 78801
AVG DIFF LL_CACHE_RD: 5.19
AVG DIFF LL_CACHE_MISS_RD: 6.60
AVG DIFF L2D_CACHE_REFILL: 2.55
AVG DIFF L2D_CACHE_INVAL: 250.04
[cur diff] DIFF LL_CACHE_RD: 0, DIFF LL_CACHE_MISS_RD: 0, MISS_RATE: 0.00%
[cur diff] DIFF L2D_CACHE_REFILL: 0
[cur diff] DIFF L2D_CACHE_INVAL: 0
[max diff] DIFF LL_CACHE_RD: 12, DIFF LL_CACHE_MISS_RD: 12, MISS_RATE: 100.00%
[max diff] DIFF L2D_CACHE_REFILL: 10
[max diff] DIFF L2D_CACHE_INVAL: 2295

===========================================================
taskpendcnt:80842
t0:1291 ns
t1:1708 ns
t2:31000 ns
benchmark: Franka-derived Cartesian-impedance kernel, input trace:8, timer period:1.000 ms
controller source: franka_ros2 jazzy@73a1501d, updates:80864, SVD sweeps:5
pose error:[0.010000 0.015000 0.010000 -0.000000 0.049979 -0.000000]
tau[0:6]:[-0.274004 -0.324180 0.001577 -0.231466 0.050986 -0.328952 0.010844]
kernel exec min/avg/max: 28.58 / 29.30 / 31.50 us, samples:80874
pressure status:1, copy rounds total/window:585/16, 7.51 rounds/s
pressure logical copy:5850.00 MiB total, approx 75.05 MiB/s, checksum:779039539200
pressure report window:2.131803 s
t0_region>
[0]:48955
[1]:30950
[2]:983
[3]:9

t1_region>
[1]:35862
[2]:41256
[3]:3263
[4]:507
[5]:13

t2_region>
[30]:15635
[31]:55929
[32]:7961
[33]:1302
[34]:74
[35]:6

t0_min: 0.58 us, round:41
t0_max: 3.71 us, round:3825
t0_jitter: 3.13 us

t1_min: 1.38 us, round:2054
t1_max: 5.75 us, round:3825
t1_jitter: 4.38 us

t2_min: 30.25 us, round:33981
t2_max: 35.38 us, round:63450
t2_jitter: 5.13 us

PMU diff samples: 80933
AVG DIFF LL_CACHE_RD: 5.19
AVG DIFF LL_CACHE_MISS_RD: 6.62
AVG DIFF L2D_CACHE_REFILL: 2.55
AVG DIFF L2D_CACHE_INVAL: 250.57
[cur diff] DIFF LL_CACHE_RD: 0, DIFF LL_CACHE_MISS_RD: 0, MISS_RATE: 0.00%
[cur diff] DIFF L2D_CACHE_REFILL: 0
[cur diff] DIFF L2D_CACHE_INVAL: 0
[max diff] DIFF LL_CACHE_RD: 12, DIFF LL_CACHE_MISS_RD: 12, MISS_RATE: 100.00%
[max diff] DIFF L2D_CACHE_REFILL: 10
[max diff] DIFF L2D_CACHE_INVAL: 2295

===========================================================
taskpendcnt:82974
t0:1208 ns
t1:1916 ns
t2:31500 ns
benchmark: Franka-derived Cartesian-impedance kernel, input trace:8, timer period:1.000 ms
controller source: franka_ros2 jazzy@73a1501d, updates:82996, SVD sweeps:5
pose error:[0.010000 0.015000 0.010000 -0.000000 0.049979 -0.000000]
tau[0:6]:[-0.567483 -0.552304 -0.482512 -0.231067 -0.297494 -0.656094 -0.085004]
kernel exec min/avg/max: 28.58 / 29.30 / 31.50 us, samples:83006
pressure status:1, copy rounds total/window:600/15, 7.03 rounds/s
pressure logical copy:6000.00 MiB total, approx 70.34 MiB/s, checksum:799014912000
pressure report window:2.132352 s
t0_region>
[0]:50187
[1]:31832
[2]:1001
[3]:9

t1_region>
[1]:36697
[2]:42455
[3]:3355
[4]:513
[5]:13

t2_region>
[30]:15911
[31]:57530
[32]:8181
[33]:1337
[34]:74
[35]:6

t0_min: 0.58 us, round:41
t0_max: 3.71 us, round:3825
t0_jitter: 3.13 us

t1_min: 1.38 us, round:2054
t1_max: 5.75 us, round:3825
t1_jitter: 4.38 us

t2_min: 30.25 us, round:33981
t2_max: 35.38 us, round:63450
t2_jitter: 5.13 us

PMU diff samples: 83065
AVG DIFF LL_CACHE_RD: 5.20
AVG DIFF LL_CACHE_MISS_RD: 6.63
AVG DIFF L2D_CACHE_REFILL: 2.55
AVG DIFF L2D_CACHE_INVAL: 251.03
[cur diff] DIFF LL_CACHE_RD: 0, DIFF LL_CACHE_MISS_RD: 0, MISS_RATE: 0.00%
[cur diff] DIFF L2D_CACHE_REFILL: 0
[cur diff] DIFF L2D_CACHE_INVAL: 1
[max diff] DIFF LL_CACHE_RD: 12, DIFF LL_CACHE_MISS_RD: 12, MISS_RATE: 100.00%
[max diff] DIFF L2D_CACHE_REFILL: 10
[max diff] DIFF L2D_CACHE_INVAL: 2295

===========================================================
taskpendcnt:85106
t0:1125 ns
t1:1541 ns
t2:30833 ns
benchmark: Franka-derived Cartesian-impedance kernel, input trace:8, timer period:1.000 ms
controller source: franka_ros2 jazzy@73a1501d, updates:85128, SVD sweeps:5
pose error:[0.010000 0.015000 0.010000 -0.000000 0.049979 -0.000000]
tau[0:6]:[-0.274004 -0.324180 0.001577 -0.231466 0.050986 -0.328952 0.010844]
kernel exec min/avg/max: 28.58 / 29.30 / 31.50 us, samples:85138
pressure status:1, copy rounds total/window:615/15, 7.04 rounds/s
pressure logical copy:6150.00 MiB total, approx 70.36 MiB/s, checksum:818990284800
pressure report window:2.131853 s
t0_region>
[0]:51388
[1]:32731
[2]:1033
[3]:9

t1_region>
[1]:37562
[2]:43612
[3]:3452
[4]:526
[5]:13

t2_region>
[30]:16222
[31]:59074
[32]:8416
[33]:1380
[34]:74
[35]:6

t0_min: 0.58 us, round:41
t0_max: 3.71 us, round:3825
t0_jitter: 3.13 us

t1_min: 1.38 us, round:2054
t1_max: 5.75 us, round:3825
t1_jitter: 4.38 us

t2_min: 30.25 us, round:33981
t2_max: 35.38 us, round:63450
t2_jitter: 5.13 us

PMU diff samples: 85197
AVG DIFF LL_CACHE_RD: 5.20
AVG DIFF LL_CACHE_MISS_RD: 6.64
AVG DIFF L2D_CACHE_REFILL: 2.56
AVG DIFF L2D_CACHE_INVAL: 251.58
[cur diff] DIFF LL_CACHE_RD: 0, DIFF LL_CACHE_MISS_RD: 0, MISS_RATE: 0.00%
[cur diff] DIFF L2D_CACHE_REFILL: 0
[cur diff] DIFF L2D_CACHE_INVAL: 0
[max diff] DIFF LL_CACHE_RD: 12, DIFF LL_CACHE_MISS_RD: 12, MISS_RATE: 100.00%
[max diff] DIFF L2D_CACHE_REFILL: 10
[max diff] DIFF L2D_CACHE_INVAL: 2295

===========================================================
taskpendcnt:87238
t0:1333 ns
t1:1750 ns
t2:30750 ns
benchmark: Franka-derived Cartesian-impedance kernel, input trace:8, timer period:1.000 ms
controller source: franka_ros2 jazzy@73a1501d, updates:87260, SVD sweeps:5
pose error:[0.010000 0.015000 0.010000 -0.000000 0.049979 -0.000000]
tau[0:6]:[-0.567483 -0.552304 -0.482512 -0.231067 -0.297494 -0.656094 -0.085004]
kernel exec min/avg/max: 28.58 / 29.30 / 31.50 us, samples:87270
pressure status:1, copy rounds total/window:631/16, 7.50 rounds/s
pressure logical copy:6310.00 MiB total, approx 75.03 MiB/s, checksum:840297349120
pressure report window:2.132340 s
t0_region>
[0]:52622
[1]:33608
[2]:1054
[3]:9

t1_region>
[1]:38434
[2]:44778
[3]:3542
[4]:531
[5]:13

t2_region>
[30]:16535
[31]:60625
[32]:8656
[33]:1407
[34]:74
[35]:6

t0_min: 0.58 us, round:41
t0_max: 3.71 us, round:3825
t0_jitter: 3.13 us

t1_min: 1.38 us, round:2054
t1_max: 5.75 us, round:3825
t1_jitter: 4.38 us

t2_min: 30.25 us, round:33981
t2_max: 35.38 us, round:63450
t2_jitter: 5.13 us

PMU diff samples: 87329
AVG DIFF LL_CACHE_RD: 5.21
AVG DIFF LL_CACHE_MISS_RD: 6.66
AVG DIFF L2D_CACHE_REFILL: 2.56
AVG DIFF L2D_CACHE_INVAL: 251.99
[cur diff] DIFF LL_CACHE_RD: 0, DIFF LL_CACHE_MISS_RD: 0, MISS_RATE: 0.00%
[cur diff] DIFF L2D_CACHE_REFILL: 0
[cur diff] DIFF L2D_CACHE_INVAL: 0
[max diff] DIFF LL_CACHE_RD: 12, DIFF LL_CACHE_MISS_RD: 12, MISS_RATE: 100.00%
[max diff] DIFF L2D_CACHE_REFILL: 10
[max diff] DIFF L2D_CACHE_INVAL: 2295

===========================================================
taskpendcnt:89370
t0:958 ns
t1:1666 ns
t2:31250 ns
benchmark: Franka-derived Cartesian-impedance kernel, input trace:8, timer period:1.000 ms
controller source: franka_ros2 jazzy@73a1501d, updates:89392, SVD sweeps:5
pose error:[0.010000 0.015000 0.010000 -0.000000 0.049979 -0.000000]
tau[0:6]:[-0.274004 -0.324180 0.001577 -0.231466 0.050986 -0.328952 0.010844]
kernel exec min/avg/max: 28.58 / 29.30 / 31.50 us, samples:89402
pressure status:1, copy rounds total/window:646/15, 7.04 rounds/s
pressure logical copy:6460.00 MiB total, approx 70.36 MiB/s, checksum:860272721920
pressure report window:2.131755 s
t0_region>
[0]:53858
[1]:34487
[2]:1071
[3]:9

t1_region>
[1]:39317
[2]:45925
[3]:3637
[4]:537
[5]:13

t2_region>
[30]:16835
[31]:62190
[32]:8894
[33]:1436
[34]:74
[35]:6

t0_min: 0.58 us, round:41
t0_max: 3.71 us, round:3825
t0_jitter: 3.13 us

t1_min: 1.38 us, round:2054
t1_max: 5.75 us, round:3825
t1_jitter: 4.38 us

t2_min: 30.25 us, round:33981
t2_max: 35.38 us, round:63450
t2_jitter: 5.13 us

PMU diff samples: 89461
AVG DIFF LL_CACHE_RD: 5.21
AVG DIFF LL_CACHE_MISS_RD: 6.67
AVG DIFF L2D_CACHE_REFILL: 2.57
AVG DIFF L2D_CACHE_INVAL: 252.45
[cur diff] DIFF LL_CACHE_RD: 0, DIFF LL_CACHE_MISS_RD: 0, MISS_RATE: 0.00%
[cur diff] DIFF L2D_CACHE_REFILL: 0
[cur diff] DIFF L2D_CACHE_INVAL: 1
[max diff] DIFF LL_CACHE_RD: 12, DIFF LL_CACHE_MISS_RD: 12, MISS_RATE: 100.00%
[max diff] DIFF L2D_CACHE_REFILL: 10
[max diff] DIFF L2D_CACHE_INVAL: 2295

===========================================================
taskpendcnt:91502
t0:1458 ns
t1:1583 ns
t2:31000 ns
benchmark: Franka-derived Cartesian-impedance kernel, input trace:8, timer period:1.000 ms
controller source: franka_ros2 jazzy@73a1501d, updates:91525, SVD sweeps:5
pose error:[0.010000 0.015000 0.010000 -0.000000 0.049979 -0.000000]
tau[0:6]:[-0.567483 -0.552304 -0.482512 -0.231067 -0.297494 -0.656094 -0.085004]
kernel exec min/avg/max: 28.58 / 29.30 / 31.50 us, samples:91534
pressure status:1, copy rounds total/window:662/16, 7.50 rounds/s
pressure logical copy:6620.00 MiB total, approx 75.03 MiB/s, checksum:881579786240
pressure report window:2.132456 s
t0_region>
[0]:55125
[1]:35328
[2]:1094
[3]:10

t1_region>
[1]:40189
[2]:47091
[3]:3722
[4]:546
[5]:14

t2_region>
[30]:17128
[31]:63809
[32]:9081
[33]:1467
[34]:77
[35]:6

t0_min: 0.58 us, round:41
t0_max: 3.71 us, round:3825
t0_jitter: 3.13 us

t1_min: 1.38 us, round:2054
t1_max: 5.75 us, round:3825
t1_jitter: 4.38 us

t2_min: 30.25 us, round:33981
t2_max: 35.38 us, round:63450
t2_jitter: 5.13 us

PMU diff samples: 91594
AVG DIFF LL_CACHE_RD: 5.21
AVG DIFF LL_CACHE_MISS_RD: 6.68
AVG DIFF L2D_CACHE_REFILL: 2.57
AVG DIFF L2D_CACHE_INVAL: 252.83
[cur diff] DIFF LL_CACHE_RD: 0, DIFF LL_CACHE_MISS_RD: 0, MISS_RATE: 0.00%
[cur diff] DIFF L2D_CACHE_REFILL: 0
[cur diff] DIFF L2D_CACHE_INVAL: 0
[max diff] DIFF LL_CACHE_RD: 12, DIFF LL_CACHE_MISS_RD: 12, MISS_RATE: 100.00%
[max diff] DIFF L2D_CACHE_REFILL: 10
[max diff] DIFF L2D_CACHE_INVAL: 2295

===========================================================
taskpendcnt:93634
t0:916 ns
t1:1791 ns
t2:30916 ns
benchmark: Franka-derived Cartesian-impedance kernel, input trace:8, timer period:1.000 ms
controller source: franka_ros2 jazzy@73a1501d, updates:93657, SVD sweeps:5
pose error:[0.010000 0.015000 0.010000 -0.000000 0.049979 -0.000000]
tau[0:6]:[-0.274004 -0.324180 0.001577 -0.231466 0.050986 -0.328952 0.010844]
kernel exec min/avg/max: 28.58 / 29.30 / 31.50 us, samples:93666
pressure status:1, copy rounds total/window:677/15, 7.04 rounds/s
pressure logical copy:6770.00 MiB total, approx 70.37 MiB/s, checksum:901555159040
pressure report window:2.131725 s
t0_region>
[0]:56493
[1]:36068
[2]:1117
[3]:11

t1_region>
[1]:41177
[2]:48151
[3]:3794
[4]:558
[5]:14

t2_region>
[30]:17480
[31]:65394
[32]:9250
[33]:1489
[34]:81
[35]:6

t0_min: 0.58 us, round:41
t0_max: 3.71 us, round:3825
t0_jitter: 3.13 us

t1_min: 1.38 us, round:2054
t1_max: 5.75 us, round:3825
t1_jitter: 4.38 us

t2_min: 30.25 us, round:33981
t2_max: 35.38 us, round:63450
t2_jitter: 5.13 us

PMU diff samples: 93725
AVG DIFF LL_CACHE_RD: 5.21
AVG DIFF LL_CACHE_MISS_RD: 6.68
AVG DIFF L2D_CACHE_REFILL: 2.57
AVG DIFF L2D_CACHE_INVAL: 252.75
[cur diff] DIFF LL_CACHE_RD: 0, DIFF LL_CACHE_MISS_RD: 0, MISS_RATE: 0.00%
[cur diff] DIFF L2D_CACHE_REFILL: 0
[cur diff] DIFF L2D_CACHE_INVAL: 0
[max diff] DIFF LL_CACHE_RD: 12, DIFF LL_CACHE_MISS_RD: 12, MISS_RATE: 100.00%
[max diff] DIFF L2D_CACHE_REFILL: 10
[max diff] DIFF L2D_CACHE_INVAL: 2295

===========================================================
taskpendcnt:95766
t0:1125 ns
t1:1833 ns
t2:30833 ns
benchmark: Franka-derived Cartesian-impedance kernel, input trace:8, timer period:1.000 ms
controller source: franka_ros2 jazzy@73a1501d, updates:95789, SVD sweeps:5
pose error:[0.010000 0.015000 0.010000 -0.000000 0.049979 -0.000000]
tau[0:6]:[-0.567483 -0.552304 -0.482512 -0.231067 -0.297494 -0.656094 -0.085004]
kernel exec min/avg/max: 28.58 / 29.30 / 31.50 us, samples:95799
pressure status:1, copy rounds total/window:692/15, 7.03 rounds/s
pressure logical copy:6920.00 MiB total, approx 70.34 MiB/s, checksum:921530531840
pressure report window:2.132409 s
t0_region>
[0]:57781
[1]:36898
[2]:1131
[3]:11

t1_region>
[1]:42113
[2]:49276
[3]:3858
[4]:565
[5]:14

t2_region>
[30]:17825
[31]:66975
[32]:9435
[33]:1511
[34]:81
[35]:6

t0_min: 0.58 us, round:41
t0_max: 3.71 us, round:3825
t0_jitter: 3.13 us

t1_min: 1.38 us, round:2054
t1_max: 5.75 us, round:3825
t1_jitter: 4.38 us

t2_min: 30.25 us, round:33981
t2_max: 35.38 us, round:63450
t2_jitter: 5.13 us

PMU diff samples: 95858
AVG DIFF LL_CACHE_RD: 5.21
AVG DIFF LL_CACHE_MISS_RD: 6.69
AVG DIFF L2D_CACHE_REFILL: 2.57
AVG DIFF L2D_CACHE_INVAL: 252.93
[cur diff] DIFF LL_CACHE_RD: 0, DIFF LL_CACHE_MISS_RD: 0, MISS_RATE: 0.00%
[cur diff] DIFF L2D_CACHE_REFILL: 0
[cur diff] DIFF L2D_CACHE_INVAL: 0
[max diff] DIFF LL_CACHE_RD: 12, DIFF LL_CACHE_MISS_RD: 12, MISS_RATE: 100.00%
[max diff] DIFF L2D_CACHE_REFILL: 10
[max diff] DIFF L2D_CACHE_INVAL: 2295

===========================================================
taskpendcnt:97898
t0:1041 ns
t1:1750 ns
t2:30750 ns
benchmark: Franka-derived Cartesian-impedance kernel, input trace:8, timer period:1.000 ms
controller source: franka_ros2 jazzy@73a1501d, updates:97921, SVD sweeps:5
pose error:[0.010000 0.015000 0.010000 -0.000000 0.049979 -0.000000]
tau[0:6]:[-0.274004 -0.324180 0.001577 -0.231466 0.050986 -0.328952 0.010844]
kernel exec min/avg/max: 28.58 / 29.30 / 31.50 us, samples:97930
pressure status:1, copy rounds total/window:708/16, 7.51 rounds/s
pressure logical copy:7080.00 MiB total, approx 75.05 MiB/s, checksum:942837596160
pressure report window:2.131790 s
t0_region>
[0]:59119
[1]:37673
[2]:1151
[3]:11

t1_region>
[1]:43153
[2]:50292
[3]:3929
[4]:570
[5]:14

t2_region>
[30]:18238
[31]:68494
[32]:9599
[33]:1544
[34]:82
[35]:6

t0_min: 0.58 us, round:41
t0_max: 3.71 us, round:3825
t0_jitter: 3.13 us

t1_min: 1.38 us, round:2054
t1_max: 5.75 us, round:3825
t1_jitter: 4.38 us

t2_min: 30.25 us, round:33981
t2_max: 35.38 us, round:63450
t2_jitter: 5.13 us

PMU diff samples: 97990
AVG DIFF LL_CACHE_RD: 5.22
AVG DIFF LL_CACHE_MISS_RD: 6.69
AVG DIFF L2D_CACHE_REFILL: 2.57
AVG DIFF L2D_CACHE_INVAL: 252.88
[cur diff] DIFF LL_CACHE_RD: 0, DIFF LL_CACHE_MISS_RD: 0, MISS_RATE: 0.00%
[cur diff] DIFF L2D_CACHE_REFILL: 0
[cur diff] DIFF L2D_CACHE_INVAL: 2
[max diff] DIFF LL_CACHE_RD: 12, DIFF LL_CACHE_MISS_RD: 12, MISS_RATE: 100.00%
[max diff] DIFF L2D_CACHE_REFILL: 10
[max diff] DIFF L2D_CACHE_INVAL: 2295

===========================================================
taskpendcnt:100030
t0:1250 ns
t1:1666 ns
t2:30666 ns
benchmark: Franka-derived Cartesian-impedance kernel, input trace:8, timer period:1.000 ms
controller source: franka_ros2 jazzy@73a1501d, updates:100053, SVD sweeps:5
pose error:[0.010000 0.015000 0.010000 -0.000000 0.049979 -0.000000]
tau[0:6]:[-2.781770 -1.613002 -1.930139 -1.581803 -1.382951 -0.390599 -0.663394]
kernel exec min/avg/max: 28.58 / 29.30 / 31.50 us, samples:100063
pressure status:1, copy rounds total/window:723/15, 7.03 rounds/s
pressure logical copy:7230.00 MiB total, approx 70.34 MiB/s, checksum:962812968960
pressure report window:2.132606 s
t0_region>
[0]:60502
[1]:38406
[2]:1167
[3]:11

t1_region>
[1]:44095
[2]:51405
[3]:3997
[4]:579
[5]:14

t2_region>
[30]:18556
[31]:70096
[32]:9790
[33]:1565
[34]:83
[35]:6

t0_min: 0.58 us, round:41
t0_max: 3.71 us, round:3825
t0_jitter: 3.13 us

t1_min: 1.38 us, round:2054
t1_max: 5.75 us, round:3825
t1_jitter: 4.38 us

t2_min: 30.25 us, round:33981
t2_max: 35.38 us, round:63450
t2_jitter: 5.13 us

PMU diff samples: 100122
AVG DIFF LL_CACHE_RD: 5.22
AVG DIFF LL_CACHE_MISS_RD: 6.69
AVG DIFF L2D_CACHE_REFILL: 2.57
AVG DIFF L2D_CACHE_INVAL: 253.06
[cur diff] DIFF LL_CACHE_RD: 0, DIFF LL_CACHE_MISS_RD: 0, MISS_RATE: 0.00%
[cur diff] DIFF L2D_CACHE_REFILL: 0
[cur diff] DIFF L2D_CACHE_INVAL: 0
[max diff] DIFF LL_CACHE_RD: 12, DIFF LL_CACHE_MISS_RD: 12, MISS_RATE: 100.00%
[max diff] DIFF L2D_CACHE_REFILL: 10
[max diff] DIFF L2D_CACHE_INVAL: 2295

===========================================================
taskpendcnt:102162
t0:583 ns
t1:1583 ns
t2:30583 ns
benchmark: Franka-derived Cartesian-impedance kernel, input trace:8, timer period:1.000 ms
controller source: franka_ros2 jazzy@73a1501d, updates:102185, SVD sweeps:5
pose error:[0.010000 0.015000 0.010000 -0.000000 0.049979 -0.000000]
tau[0:6]:[0.839771 0.130674 0.617691 0.624912 0.653099 -0.592692 0.265887]
kernel exec min/avg/max: 28.58 / 29.30 / 31.50 us, samples:102194
pressure status:1, copy rounds total/window:739/16, 7.51 rounds/s
pressure logical copy:7390.00 MiB total, approx 75.07 MiB/s, checksum:984120033280
pressure report window:2.131478 s
t0_region>
[0]:61817
[1]:39198
[2]:1191
[3]:11

t1_region>
[1]:45055
[2]:52492
[3]:4069
[4]:592
[5]:14

t2_region>
[30]:18900
[31]:71673
[32]:9970
[33]:1596
[34]:83
[35]:6

t0_min: 0.58 us, round:41
t0_max: 3.71 us, round:3825
t0_jitter: 3.13 us

t1_min: 1.38 us, round:2054
t1_max: 5.75 us, round:3825
t1_jitter: 4.38 us

t2_min: 30.25 us, round:33981
t2_max: 35.38 us, round:63450
t2_jitter: 5.13 us

PMU diff samples: 102254
AVG DIFF LL_CACHE_RD: 5.22
AVG DIFF LL_CACHE_MISS_RD: 6.69
AVG DIFF L2D_CACHE_REFILL: 2.57
AVG DIFF L2D_CACHE_INVAL: 253.18
[cur diff] DIFF LL_CACHE_RD: 0, DIFF LL_CACHE_MISS_RD: 0, MISS_RATE: 0.00%
[cur diff] DIFF L2D_CACHE_REFILL: 0
[cur diff] DIFF L2D_CACHE_INVAL: 1
[max diff] DIFF LL_CACHE_RD: 12, DIFF LL_CACHE_MISS_RD: 12, MISS_RATE: 100.00%
[max diff] DIFF L2D_CACHE_REFILL: 10
[max diff] DIFF L2D_CACHE_INVAL: 2295

===========================================================
taskpendcnt:104294
t0:791 ns
t1:1500 ns
t2:31083 ns
benchmark: Franka-derived Cartesian-impedance kernel, input trace:8, timer period:1.000 ms
controller source: franka_ros2 jazzy@73a1501d, updates:104317, SVD sweeps:5
pose error:[0.010000 0.015000 0.010000 -0.000000 0.049979 -0.000000]
tau[0:6]:[-2.781770 -1.613002 -1.930139 -1.581803 -1.382951 -0.390599 -0.663394]
kernel exec min/avg/max: 28.58 / 29.30 / 31.50 us, samples:104327
pressure status:1, copy rounds total/window:754/15, 7.03 rounds/s
pressure logical copy:7540.00 MiB total, approx 70.34 MiB/s, checksum:1004095406080
pressure report window:2.132562 s
t0_region>
[0]:63157
[1]:39964
[2]:1218
[3]:11

t1_region>
[1]:46110
[2]:53472
[3]:4152
[4]:607
[5]:14

t2_region>
[30]:19343
[31]:73136
[32]:10163
[33]:1630
[34]:83
[35]:6

t0_min: 0.58 us, round:41
t0_max: 3.71 us, round:3825
t0_jitter: 3.13 us

t1_min: 1.38 us, round:2054
t1_max: 5.75 us, round:3825
t1_jitter: 4.38 us

t2_min: 30.25 us, round:33981
t2_max: 35.38 us, round:63450
t2_jitter: 5.13 us

PMU diff samples: 104386
AVG DIFF LL_CACHE_RD: 5.22
AVG DIFF LL_CACHE_MISS_RD: 6.69
AVG DIFF L2D_CACHE_REFILL: 2.57
AVG DIFF L2D_CACHE_INVAL: 252.66
[cur diff] DIFF LL_CACHE_RD: 0, DIFF LL_CACHE_MISS_RD: 0, MISS_RATE: 0.00%
[cur diff] DIFF L2D_CACHE_REFILL: 0
[cur diff] DIFF L2D_CACHE_INVAL: 1
[max diff] DIFF LL_CACHE_RD: 12, DIFF LL_CACHE_MISS_RD: 12, MISS_RATE: 100.00%
[max diff] DIFF L2D_CACHE_REFILL: 10
[max diff] DIFF L2D_CACHE_INVAL: 2295

===========================================================
taskpendcnt:106426
t0:1000 ns
t1:1708 ns
t2:31291 ns
benchmark: Franka-derived Cartesian-impedance kernel, input trace:8, timer period:1.000 ms
controller source: franka_ros2 jazzy@73a1501d, updates:106449, SVD sweeps:5
pose error:[0.010000 0.015000 0.010000 -0.000000 0.049979 -0.000000]
tau[0:6]:[0.839771 0.130674 0.617691 0.624912 0.653099 -0.592692 0.265887]
kernel exec min/avg/max: 28.58 / 29.30 / 31.50 us, samples:106458
pressure status:1, copy rounds total/window:770/16, 7.51 rounds/s
pressure logical copy:7700.00 MiB total, approx 75.07 MiB/s, checksum:1025402470400
pressure report window:2.131378 s
t0_region>
[0]:65210
[1]:40042
[2]:1218
[3]:11

t1_region>
[1]:48180
[2]:53532
[3]:4153
[4]:607
[5]:14

t2_region>
[30]:20711
[31]:73891
[32]:10171
[33]:1630
[34]:83
[35]:6

t0_min: 0.58 us, round:41
t0_max: 3.71 us, round:3825
t0_jitter: 3.13 us

t1_min: 1.38 us, round:2054
t1_max: 5.75 us, round:3825
t1_jitter: 4.38 us

t2_min: 30.25 us, round:33981
t2_max: 35.38 us, round:63450
t2_jitter: 5.13 us

PMU diff samples: 106518
AVG DIFF LL_CACHE_RD: 5.17
AVG DIFF LL_CACHE_MISS_RD: 6.59
AVG DIFF L2D_CACHE_REFILL: 2.53
AVG DIFF L2D_CACHE_INVAL: 247.86
[cur diff] DIFF LL_CACHE_RD: 0, DIFF LL_CACHE_MISS_RD: 0, MISS_RATE: 0.00%
[cur diff] DIFF L2D_CACHE_REFILL: 0
[cur diff] DIFF L2D_CACHE_INVAL: 1
[max diff] DIFF LL_CACHE_RD: 12, DIFF LL_CACHE_MISS_RD: 12, MISS_RATE: 100.00%
[max diff] DIFF L2D_CACHE_REFILL: 10
[max diff] DIFF L2D_CACHE_INVAL: 2295

===========================================================
taskpendcnt:108558
t0:916 ns
t1:1625 ns
t2:30916 ns
benchmark: Franka-derived Cartesian-impedance kernel, input trace:8, timer period:1.000 ms
controller source: franka_ros2 jazzy@73a1501d, updates:108581, SVD sweeps:5
pose error:[0.010000 0.015000 0.010000 -0.000000 0.049979 -0.000000]
tau[0:6]:[-0.567483 -0.552304 -0.482512 -0.231067 -0.297494 -0.656094 -0.085004]
kernel exec min/avg/max: 28.58 / 29.30 / 31.50 us, samples:108590
pressure status:1, copy rounds total/window:785/15, 7.03 rounds/s
pressure logical copy:7850.00 MiB total, approx 70.35 MiB/s, checksum:1045377843200
pressure report window:2.132242 s
t0_region>
[0]:67240
[1]:40144
[2]:1219
[3]:11

t1_region>
[1]:50231
[2]:53607
[3]:4159
[4]:607
[5]:14

t2_region>
[30]:22012
[31]:74711
[32]:10183
[33]:1630
[34]:83
[35]:6

t0_min: 0.58 us, round:41
t0_max: 3.71 us, round:3825
t0_jitter: 3.13 us

t1_min: 1.38 us, round:2054
t1_max: 5.75 us, round:3825
t1_jitter: 4.38 us

t2_min: 30.25 us, round:33981
t2_max: 35.38 us, round:63450
t2_jitter: 5.13 us

PMU diff samples: 108650
AVG DIFF LL_CACHE_RD: 5.14
AVG DIFF LL_CACHE_MISS_RD: 6.50
AVG DIFF L2D_CACHE_REFILL: 2.49
AVG DIFF L2D_CACHE_INVAL: 243.57
[cur diff] DIFF LL_CACHE_RD: 0, DIFF LL_CACHE_MISS_RD: 0, MISS_RATE: 0.00%
[cur diff] DIFF L2D_CACHE_REFILL: 0
[cur diff] DIFF L2D_CACHE_INVAL: 1
[max diff] DIFF LL_CACHE_RD: 12, DIFF LL_CACHE_MISS_RD: 12, MISS_RATE: 100.00%
[max diff] DIFF L2D_CACHE_REFILL: 10
[max diff] DIFF L2D_CACHE_INVAL: 2295

===========================================================
taskpendcnt:110690
t0:833 ns
t1:1708 ns
t2:31000 ns
benchmark: Franka-derived Cartesian-impedance kernel, input trace:8, timer period:1.000 ms
controller source: franka_ros2 jazzy@73a1501d, updates:110713, SVD sweeps:5
pose error:[0.010000 0.015000 0.010000 -0.000000 0.049979 -0.000000]
tau[0:6]:[-0.274004 -0.324180 0.001577 -0.231466 0.050986 -0.328952 0.010844]
kernel exec min/avg/max: 28.58 / 29.30 / 31.50 us, samples:110722
pressure status:1, copy rounds total/window:801/16, 7.51 rounds/s
pressure logical copy:8010.00 MiB total, approx 75.06 MiB/s, checksum:1066684907520
pressure report window:2.131694 s
t0_region>
[0]:68807
[1]:40699
[2]:1228
[3]:11

t1_region>
[1]:51632
[2]:54280
[3]:4209
[4]:614
[5]:15

t2_region>
[30]:22823
[31]:75897
[32]:10299
[33]:1647
[34]:84
[35]:6

t0_min: 0.58 us, round:41
t0_max: 3.71 us, round:3825
t0_jitter: 3.13 us

t1_min: 1.38 us, round:2054
t1_max: 5.75 us, round:3825
t1_jitter: 4.38 us

t2_min: 30.25 us, round:33981
t2_max: 35.38 us, round:63450
t2_jitter: 5.13 us

PMU diff samples: 110782
AVG DIFF LL_CACHE_RD: 5.13
AVG DIFF LL_CACHE_MISS_RD: 6.47
AVG DIFF L2D_CACHE_REFILL: 2.48
AVG DIFF L2D_CACHE_INVAL: 241.61
[cur diff] DIFF LL_CACHE_RD: 0, DIFF LL_CACHE_MISS_RD: 0, MISS_RATE: 0.00%
[cur diff] DIFF L2D_CACHE_REFILL: 0
[cur diff] DIFF L2D_CACHE_INVAL: 0
[max diff] DIFF LL_CACHE_RD: 12, DIFF LL_CACHE_MISS_RD: 12, MISS_RATE: 100.00%
[max diff] DIFF L2D_CACHE_REFILL: 10
[max diff] DIFF L2D_CACHE_INVAL: 2295

===========================================================
taskpendcnt:112822
t0:1041 ns
t1:1750 ns
t2:31041 ns
benchmark: Franka-derived Cartesian-impedance kernel, input trace:8, timer period:1.000 ms
controller source: franka_ros2 jazzy@73a1501d, updates:112845, SVD sweeps:5
pose error:[0.010000 0.015000 0.010000 -0.000000 0.049979 -0.000000]
tau[0:6]:[-2.781770 -1.613002 -1.930139 -1.581803 -1.382951 -0.390599 -0.663394]
kernel exec min/avg/max: 28.58 / 29.30 / 31.50 us, samples:112855
pressure status:1, copy rounds total/window:816/15, 7.03 rounds/s
pressure logical copy:8160.00 MiB total, approx 70.34 MiB/s, checksum:1086660280320
pressure report window:2.132508 s
t0_region>
[0]:69990
[1]:41618
[2]:1259
[3]:11

t1_region>
[1]:52421
[2]:55518
[3]:4291
[4]:637
[5]:15

t2_region>
[30]:23125
[31]:77449
[32]:10535
[33]:1689
[34]:85
[35]:6

t0_min: 0.58 us, round:41
t0_max: 3.71 us, round:3825
t0_jitter: 3.13 us

t1_min: 1.38 us, round:2054
t1_max: 5.75 us, round:3825
t1_jitter: 4.38 us

t2_min: 30.25 us, round:33981
t2_max: 35.38 us, round:63450
t2_jitter: 5.13 us

PMU diff samples: 112914
AVG DIFF LL_CACHE_RD: 5.14
AVG DIFF LL_CACHE_MISS_RD: 6.48
AVG DIFF L2D_CACHE_REFILL: 2.48
AVG DIFF L2D_CACHE_INVAL: 242.37
[cur diff] DIFF LL_CACHE_RD: 0, DIFF LL_CACHE_MISS_RD: 0, MISS_RATE: 0.00%
[cur diff] DIFF L2D_CACHE_REFILL: 0
[cur diff] DIFF L2D_CACHE_INVAL: 0
[max diff] DIFF LL_CACHE_RD: 12, DIFF LL_CACHE_MISS_RD: 12, MISS_RATE: 100.00%
[max diff] DIFF L2D_CACHE_REFILL: 10
[max diff] DIFF L2D_CACHE_INVAL: 2295

===========================================================
taskpendcnt:114954
t0:958 ns
t1:1666 ns
t2:30958 ns
benchmark: Franka-derived Cartesian-impedance kernel, input trace:8, timer period:1.000 ms
controller source: franka_ros2 jazzy@73a1501d, updates:114977, SVD sweeps:5
pose error:[0.010000 0.015000 0.010000 -0.000000 0.049979 -0.000000]
tau[0:6]:[0.839771 0.130674 0.617691 0.624912 0.653099 -0.592692 0.265887]
kernel exec min/avg/max: 28.58 / 29.30 / 31.50 us, samples:114986
pressure status:1, copy rounds total/window:832/16, 7.51 rounds/s
pressure logical copy:8320.00 MiB total, approx 75.06 MiB/s, checksum:1107967344640
pressure report window:2.131511 s
t0_region>
[0]:71176
[1]:42532
[2]:1290
[3]:11

t1_region>
[1]:53232
[2]:56725
[3]:4387
[4]:655
[5]:15

t2_region>
[30]:23378
[31]:79025
[32]:10792
[33]:1732
[34]:86
[35]:6

t0_min: 0.58 us, round:41
t0_max: 3.71 us, round:3825
t0_jitter: 3.13 us

t1_min: 1.38 us, round:2054
t1_max: 5.75 us, round:3825
t1_jitter: 4.38 us

t2_min: 30.25 us, round:33981
t2_max: 35.38 us, round:63450
t2_jitter: 5.13 us

PMU diff samples: 115046
AVG DIFF LL_CACHE_RD: 5.14
AVG DIFF LL_CACHE_MISS_RD: 6.49
AVG DIFF L2D_CACHE_REFILL: 2.49
AVG DIFF L2D_CACHE_INVAL: 243.04
[cur diff] DIFF LL_CACHE_RD: 0, DIFF LL_CACHE_MISS_RD: 0, MISS_RATE: 0.00%
[cur diff] DIFF L2D_CACHE_REFILL: 0
[cur diff] DIFF L2D_CACHE_INVAL: 0
[max diff] DIFF LL_CACHE_RD: 12, DIFF LL_CACHE_MISS_RD: 12, MISS_RATE: 100.00%
[max diff] DIFF L2D_CACHE_REFILL: 10
[max diff] DIFF L2D_CACHE_INVAL: 2295

===========================================================
taskpendcnt:117086
t0:875 ns
t1:1875 ns
t2:30875 ns
benchmark: Franka-derived Cartesian-impedance kernel, input trace:8, timer period:1.000 ms
controller source: franka_ros2 jazzy@73a1501d, updates:117109, SVD sweeps:5
pose error:[0.010000 0.015000 0.010000 -0.000000 0.049979 -0.000000]
tau[0:6]:[-2.781770 -1.613002 -1.930139 -1.581803 -1.382951 -0.390599 -0.663394]
kernel exec min/avg/max: 28.58 / 29.30 / 31.50 us, samples:117119
pressure status:1, copy rounds total/window:847/15, 7.03 rounds/s
pressure logical copy:8470.00 MiB total, approx 70.34 MiB/s, checksum:1127942717440
pressure report window:2.132641 s
t0_region>
[0]:72399
[1]:43415
[2]:1318
[3]:11

t1_region>
[1]:54072
[2]:57912
[3]:4478
[4]:670
[5]:15

t2_region>
[30]:23669
[31]:80602
[32]:11017
[33]:1772
[34]:86
[35]:6

t0_min: 0.58 us, round:41
t0_max: 3.71 us, round:3825
t0_jitter: 3.13 us

t1_min: 1.38 us, round:2054
t1_max: 5.75 us, round:3825
t1_jitter: 4.38 us

t2_min: 30.25 us, round:33981
t2_max: 35.38 us, round:63450
t2_jitter: 5.13 us

PMU diff samples: 117178
AVG DIFF LL_CACHE_RD: 5.14
AVG DIFF LL_CACHE_MISS_RD: 6.50
AVG DIFF L2D_CACHE_REFILL: 2.49
AVG DIFF L2D_CACHE_INVAL: 243.66
[cur diff] DIFF LL_CACHE_RD: 0, DIFF LL_CACHE_MISS_RD: 0, MISS_RATE: 0.00%
[cur diff] DIFF L2D_CACHE_REFILL: 0
[cur diff] DIFF L2D_CACHE_INVAL: 0
[max diff] DIFF LL_CACHE_RD: 12, DIFF LL_CACHE_MISS_RD: 12, MISS_RATE: 100.00%
[max diff] DIFF L2D_CACHE_REFILL: 10
[max diff] DIFF L2D_CACHE_INVAL: 2295

===========================================================
taskpendcnt:119219
t0:1083 ns
t1:2375 ns
t2:30791 ns
benchmark: Franka-derived Cartesian-impedance kernel, input trace:8, timer period:1.000 ms
controller source: franka_ros2 jazzy@73a1501d, updates:119241, SVD sweeps:5
pose error:[0.010000 0.015000 0.010000 -0.000000 0.049979 -0.000000]
tau[0:6]:[0.839771 0.130674 0.617691 0.624912 0.653099 -0.592692 0.265887]
kernel exec min/avg/max: 28.58 / 29.31 / 31.50 us, samples:119251
pressure status:1, copy rounds total/window:862/15, 7.04 rounds/s
pressure logical copy:8620.00 MiB total, approx 70.37 MiB/s, checksum:1147918090240
pressure report window:2.131695 s
t0_region>
[0]:73536
[1]:44379
[2]:1348
[3]:11

t1_region>
[1]:54840
[2]:59148
[3]:4591
[4]:684
[5]:15

t2_region>
[30]:23932
[31]:82117
[32]:11320
[33]:1820
[34]:88
[35]:7

t0_min: 0.58 us, round:41
t0_max: 3.71 us, round:3825
t0_jitter: 3.13 us

t1_min: 1.38 us, round:2054
t1_max: 5.75 us, round:3825
t1_jitter: 4.38 us

t2_min: 30.25 us, round:33981
t2_max: 35.38 us, round:63450
t2_jitter: 5.13 us

PMU diff samples: 119310
AVG DIFF LL_CACHE_RD: 5.15
AVG DIFF LL_CACHE_MISS_RD: 6.52
AVG DIFF L2D_CACHE_REFILL: 2.50
AVG DIFF L2D_CACHE_INVAL: 244.29
[cur diff] DIFF LL_CACHE_RD: 0, DIFF LL_CACHE_MISS_RD: 0, MISS_RATE: 0.00%
[cur diff] DIFF L2D_CACHE_REFILL: 0
[cur diff] DIFF L2D_CACHE_INVAL: 0
[max diff] DIFF LL_CACHE_RD: 12, DIFF LL_CACHE_MISS_RD: 12, MISS_RATE: 100.00%
[max diff] DIFF L2D_CACHE_REFILL: 10
[max diff] DIFF L2D_CACHE_INVAL: 2295

===========================================================
taskpendcnt:121351
t0:1875 ns
t1:2000 ns
t2:31291 ns
benchmark: Franka-derived Cartesian-impedance kernel, input trace:8, timer period:1.000 ms
controller source: franka_ros2 jazzy@73a1501d, updates:121373, SVD sweeps:5
pose error:[0.010000 0.015000 0.010000 -0.000000 0.049979 -0.000000]
tau[0:6]:[-2.781770 -1.613002 -1.930139 -1.581803 -1.382951 -0.390599 -0.663394]
kernel exec min/avg/max: 28.58 / 29.31 / 31.50 us, samples:121383
pressure status:1, copy rounds total/window:878/16, 7.50 rounds/s
pressure logical copy:8780.00 MiB total, approx 75.02 MiB/s, checksum:1169225154560
pressure report window:2.132663 s
t0_region>
[0]:74677
[1]:45337
[2]:1381
[3]:11

t1_region>
[1]:55616
[2]:60393
[3]:4682
[4]:705
[5]:15

t2_region>
[30]:24183
[31]:83710
[32]:11561
[33]:1865
[34]:91
[35]:7

t0_min: 0.58 us, round:41
t0_max: 3.71 us, round:3825
t0_jitter: 3.13 us

t1_min: 1.38 us, round:2054
t1_max: 5.75 us, round:3825
t1_jitter: 4.38 us

t2_min: 30.25 us, round:33981
t2_max: 35.38 us, round:63450
t2_jitter: 5.13 us

PMU diff samples: 121443
AVG DIFF LL_CACHE_RD: 5.16
AVG DIFF LL_CACHE_MISS_RD: 6.54
AVG DIFF L2D_CACHE_REFILL: 2.50
AVG DIFF L2D_CACHE_INVAL: 244.88
[cur diff] DIFF LL_CACHE_RD: 0, DIFF LL_CACHE_MISS_RD: 0, MISS_RATE: 0.00%
[cur diff] DIFF L2D_CACHE_REFILL: 0
[cur diff] DIFF L2D_CACHE_INVAL: 0
[max diff] DIFF LL_CACHE_RD: 12, DIFF LL_CACHE_MISS_RD: 12, MISS_RATE: 100.00%
[max diff] DIFF L2D_CACHE_REFILL: 10
[max diff] DIFF L2D_CACHE_INVAL: 2295

===========================================================
taskpendcnt:123483
t0:916 ns
t1:1916 ns
t2:30916 ns
benchmark: Franka-derived Cartesian-impedance kernel, input trace:8, timer period:1.000 ms
controller source: franka_ros2 jazzy@73a1501d, updates:123505, SVD sweeps:5
pose error:[0.010000 0.015000 0.010000 -0.000000 0.049979 -0.000000]
tau[0:6]:[0.839771 0.130674 0.617691 0.624912 0.653099 -0.592692 0.265887]
kernel exec min/avg/max: 28.58 / 29.31 / 31.50 us, samples:123515
pressure status:1, copy rounds total/window:893/15, 7.04 rounds/s
pressure logical copy:8930.00 MiB total, approx 70.37 MiB/s, checksum:1189200527360
pressure report window:2.131527 s
t0_region>
[0]:75875
[1]:46239
[2]:1413
[3]:11

t1_region>
[1]:56443
[2]:61579
[3]:4777
[4]:728
[5]:15

t2_region>
[30]:24440
[31]:85276
[32]:11823
[33]:1908
[34]:94
[35]:8

t0_min: 0.58 us, round:41
t0_max: 3.71 us, round:3825
t0_jitter: 3.13 us

t1_min: 1.38 us, round:2054
t1_max: 5.75 us, round:3825
t1_jitter: 4.38 us

t2_min: 30.25 us, round:33981
t2_max: 35.38 us, round:63450
t2_jitter: 5.13 us

PMU diff samples: 123574
AVG DIFF LL_CACHE_RD: 5.16
AVG DIFF LL_CACHE_MISS_RD: 6.55
AVG DIFF L2D_CACHE_REFILL: 2.51
AVG DIFF L2D_CACHE_INVAL: 245.43
[cur diff] DIFF LL_CACHE_RD: 0, DIFF LL_CACHE_MISS_RD: 0, MISS_RATE: 0.00%
[cur diff] DIFF L2D_CACHE_REFILL: 0
[cur diff] DIFF L2D_CACHE_INVAL: 0
[max diff] DIFF LL_CACHE_RD: 12, DIFF LL_CACHE_MISS_RD: 12, MISS_RATE: 100.00%
[max diff] DIFF L2D_CACHE_REFILL: 10
[max diff] DIFF L2D_CACHE_INVAL: 2295

===========================================================
taskpendcnt:125615
t0:1125 ns
t1:1541 ns
t2:30833 ns
benchmark: Franka-derived Cartesian-impedance kernel, input trace:8, timer period:1.000 ms
controller source: franka_ros2 jazzy@73a1501d, updates:125638, SVD sweeps:5
pose error:[0.010000 0.015000 0.010000 -0.000000 0.049979 -0.000000]
tau[0:6]:[-2.781770 -1.613002 -1.930139 -1.581803 -1.382951 -0.390599 -0.663394]
kernel exec min/avg/max: 28.58 / 29.31 / 31.50 us, samples:125647
pressure status:1, copy rounds total/window:908/15, 7.03 rounds/s
pressure logical copy:9080.00 MiB total, approx 70.33 MiB/s, checksum:1209175900160
pressure report window:2.132708 s
t0_region>
[0]:77074
[1]:47135
[2]:1451
[3]:11

t1_region>
[1]:57231
[2]:62808
[3]:4870
[4]:751
[5]:15

t2_region>
[30]:24707
[31]:86853
[32]:12065
[33]:1952
[34]:96
[35]:8

t0_min: 0.58 us, round:41
t0_max: 3.71 us, round:3825
t0_jitter: 3.13 us

t1_min: 1.38 us, round:2054
t1_max: 5.75 us, round:3825
t1_jitter: 4.38 us

t2_min: 30.25 us, round:33981
t2_max: 35.38 us, round:63450
t2_jitter: 5.13 us

PMU diff samples: 125707
AVG DIFF LL_CACHE_RD: 5.17
AVG DIFF LL_CACHE_MISS_RD: 6.56
AVG DIFF L2D_CACHE_REFILL: 2.51
AVG DIFF L2D_CACHE_INVAL: 246.02
[cur diff] DIFF LL_CACHE_RD: 0, DIFF LL_CACHE_MISS_RD: 0, MISS_RATE: 0.00%
[cur diff] DIFF L2D_CACHE_REFILL: 0
[cur diff] DIFF L2D_CACHE_INVAL: 0
[max diff] DIFF LL_CACHE_RD: 12, DIFF LL_CACHE_MISS_RD: 12, MISS_RATE: 100.00%
[max diff] DIFF L2D_CACHE_REFILL: 10
[max diff] DIFF L2D_CACHE_INVAL: 2295

===========================================================
taskpendcnt:127747
t0:875 ns
t1:1750 ns
t2:31333 ns
benchmark: Franka-derived Cartesian-impedance kernel, input trace:8, timer period:1.000 ms
controller source: franka_ros2 jazzy@73a1501d, updates:127770, SVD sweeps:5
pose error:[0.010000 0.015000 0.010000 -0.000000 0.049979 -0.000000]
tau[0:6]:[0.839771 0.130674 0.617691 0.624912 0.653099 -0.592692 0.265887]
kernel exec min/avg/max: 28.58 / 29.31 / 31.50 us, samples:127779
pressure status:1, copy rounds total/window:924/16, 7.51 rounds/s
pressure logical copy:9240.00 MiB total, approx 75.06 MiB/s, checksum:1230482964480
pressure report window:2.131489 s
t0_region>
[0]:78287
[1]:48016
[2]:1488
[3]:11

t1_region>
[1]:58097
[2]:63968
[3]:4947
[4]:780
[5]:15

t2_region>
[30]:25021
[31]:88415
[32]:12274
[33]:1993
[34]:101
[35]:9

t0_min: 0.58 us, round:41
t0_max: 3.71 us, round:3825
t0_jitter: 3.13 us

t1_min: 1.38 us, round:2054
t1_max: 5.75 us, round:3825
t1_jitter: 4.38 us

t2_min: 30.25 us, round:33981
t2_max: 35.42 us, round:126630
t2_jitter: 5.17 us

PMU diff samples: 127839
AVG DIFF LL_CACHE_RD: 5.17
AVG DIFF LL_CACHE_MISS_RD: 6.57
AVG DIFF L2D_CACHE_REFILL: 2.52
AVG DIFF L2D_CACHE_INVAL: 246.37
[cur diff] DIFF LL_CACHE_RD: 0, DIFF LL_CACHE_MISS_RD: 0, MISS_RATE: 0.00%
[cur diff] DIFF L2D_CACHE_REFILL: 0
[cur diff] DIFF L2D_CACHE_INVAL: 1
[max diff] DIFF LL_CACHE_RD: 12, DIFF LL_CACHE_MISS_RD: 12, MISS_RATE: 100.00%
[max diff] DIFF L2D_CACHE_REFILL: 10
[max diff] DIFF L2D_CACHE_INVAL: 2295

===========================================================
taskpendcnt:129879
t0:1083 ns
t1:2083 ns
t2:30791 ns
benchmark: Franka-derived Cartesian-impedance kernel, input trace:8, timer period:1.000 ms
controller source: franka_ros2 jazzy@73a1501d, updates:129902, SVD sweeps:5
pose error:[0.010000 0.015000 0.010000 -0.000000 0.049979 -0.000000]
tau[0:6]:[-2.379368 -1.292411 -1.655224 -1.570015 -1.185234 -0.066588 -0.610247]
kernel exec min/avg/max: 28.58 / 29.31 / 31.50 us, samples:129912
pressure status:1, copy rounds total/window:939/15, 7.03 rounds/s
pressure logical copy:9390.00 MiB total, approx 70.33 MiB/s, checksum:1250458337280
pressure report window:2.132708 s
t0_region>
[0]:79533
[1]:48881
[2]:1510
[3]:11

t1_region>
[1]:58991
[2]:65106
[3]:5036
[4]:791
[5]:15

t2_region>
[30]:25359
[31]:89941
[32]:12508
[33]:2028
[34]:101
[35]:9

t0_min: 0.58 us, round:41
t0_max: 3.71 us, round:3825
t0_jitter: 3.13 us

t1_min: 1.38 us, round:2054
t1_max: 5.75 us, round:3825
t1_jitter: 4.38 us

t2_min: 30.25 us, round:33981
t2_max: 35.42 us, round:126630
t2_jitter: 5.17 us

PMU diff samples: 129971
AVG DIFF LL_CACHE_RD: 5.17
AVG DIFF LL_CACHE_MISS_RD: 6.58
AVG DIFF L2D_CACHE_REFILL: 2.52
AVG DIFF L2D_CACHE_INVAL: 246.73
[cur diff] DIFF LL_CACHE_RD: 0, DIFF LL_CACHE_MISS_RD: 0, MISS_RATE: 0.00%
[cur diff] DIFF L2D_CACHE_REFILL: 0
[cur diff] DIFF L2D_CACHE_INVAL: 0
[max diff] DIFF LL_CACHE_RD: 12, DIFF LL_CACHE_MISS_RD: 12, MISS_RATE: 100.00%
[max diff] DIFF L2D_CACHE_REFILL: 10
[max diff] DIFF L2D_CACHE_INVAL: 2295

===========================================================
taskpendcnt:132012
t0:833 ns
t1:1541 ns
t2:31125 ns
benchmark: Franka-derived Cartesian-impedance kernel, input trace:8, timer period:1.000 ms
controller source: franka_ros2 jazzy@73a1501d, updates:132035, SVD sweeps:5
pose error:[0.010000 0.015000 0.010000 -0.000000 0.049979 -0.000000]
tau[0:6]:[1.376914 -0.104433 0.790225 0.843903 0.642107 -0.956178 0.423547]
kernel exec min/avg/max: 28.58 / 29.31 / 31.50 us, samples:132044
pressure status:1, copy rounds total/window:954/15, 7.03 rounds/s
pressure logical copy:9540.00 MiB total, approx 70.34 MiB/s, checksum:1270433710080
pressure report window:2.132591 s
t0_region>
[0]:80817
[1]:49703
[2]:1536
[3]:11

t1_region>
[1]:59885
[2]:66245
[3]:5119
[4]:808
[5]:15

t2_region>
[30]:25690
[31]:91510
[32]:12699
[33]:2066
[34]:104
[35]:9

t0_min: 0.58 us, round:41
t0_max: 3.71 us, round:3825
t0_jitter: 3.13 us

t1_min: 1.38 us, round:2054
t1_max: 5.75 us, round:3825
t1_jitter: 4.38 us

t2_min: 30.25 us, round:33981
t2_max: 35.42 us, round:126630
t2_jitter: 5.17 us

PMU diff samples: 132104
AVG DIFF LL_CACHE_RD: 5.18
AVG DIFF LL_CACHE_MISS_RD: 6.59
AVG DIFF L2D_CACHE_REFILL: 2.52
AVG DIFF L2D_CACHE_INVAL: 247.13
[cur diff] DIFF LL_CACHE_RD: 0, DIFF LL_CACHE_MISS_RD: 0, MISS_RATE: 0.00%
[cur diff] DIFF L2D_CACHE_REFILL: 0
[cur diff] DIFF L2D_CACHE_INVAL: 3
[max diff] DIFF LL_CACHE_RD: 12, DIFF LL_CACHE_MISS_RD: 12, MISS_RATE: 100.00%
[max diff] DIFF L2D_CACHE_REFILL: 10
[max diff] DIFF L2D_CACHE_INVAL: 2295

===========================================================
taskpendcnt:134144
t0:1041 ns
t1:1750 ns
t2:31333 ns
benchmark: Franka-derived Cartesian-impedance kernel, input trace:8, timer period:1.000 ms
controller source: franka_ros2 jazzy@73a1501d, updates:134167, SVD sweeps:5
pose error:[0.010000 0.015000 0.010000 -0.000000 0.049979 -0.000000]
tau[0:6]:[-1.839419 -0.921560 -1.193198 -1.195971 -0.861243 0.113634 -0.461388]
kernel exec min/avg/max: 28.58 / 29.31 / 31.50 us, samples:134177
pressure status:1, copy rounds total/window:970/16, 7.50 rounds/s
pressure logical copy:9700.00 MiB total, approx 75.03 MiB/s, checksum:1291740774400
pressure report window:2.132529 s
t0_region>
[0]:82085
[1]:50548
[2]:1556
[3]:11

t1_region>
[1]:60756
[2]:67417
[3]:5199
[4]:818
[5]:15

t2_region>
[30]:26019
[31]:93080
[32]:12897
[33]:2100
[34]:106
[35]:9

t0_min: 0.58 us, round:41
t0_max: 3.71 us, round:3825
t0_jitter: 3.13 us

t1_min: 1.38 us, round:2054
t1_max: 5.75 us, round:3825
t1_jitter: 4.38 us

t2_min: 30.25 us, round:33981
t2_max: 35.42 us, round:126630
t2_jitter: 5.17 us

PMU diff samples: 134237
AVG DIFF LL_CACHE_RD: 5.18
AVG DIFF LL_CACHE_MISS_RD: 6.59
AVG DIFF L2D_CACHE_REFILL: 2.52
AVG DIFF L2D_CACHE_INVAL: 247.49
[cur diff] DIFF LL_CACHE_RD: 0, DIFF LL_CACHE_MISS_RD: 0, MISS_RATE: 0.00%
[cur diff] DIFF L2D_CACHE_REFILL: 0
[cur diff] DIFF L2D_CACHE_INVAL: 1
[max diff] DIFF LL_CACHE_RD: 12, DIFF LL_CACHE_MISS_RD: 12, MISS_RATE: 100.00%
[max diff] DIFF L2D_CACHE_REFILL: 10
[max diff] DIFF L2D_CACHE_INVAL: 2295

===========================================================
taskpendcnt:136277
t0:1083 ns
t1:1791 ns
t2:30791 ns
benchmark: Franka-derived Cartesian-impedance kernel, input trace:8, timer period:1.000 ms
controller source: franka_ros2 jazzy@73a1501d, updates:136300, SVD sweeps:5
pose error:[0.010000 0.015000 0.010000 -0.000000 0.049979 -0.000000]
tau[0:6]:[-0.567483 -0.552304 -0.482512 -0.231067 -0.297494 -0.656094 -0.085004]
kernel exec min/avg/max: 28.58 / 29.31 / 31.50 us, samples:136310
pressure status:1, copy rounds total/window:985/15, 7.03 rounds/s
pressure logical copy:9850.00 MiB total, approx 70.32 MiB/s, checksum:1311716147200
pressure report window:2.133190 s
t0_region>
[0]:83344
[1]:51396
[2]:1582
[3]:11

t1_region>
[1]:61665
[2]:68545
[3]:5283
[4]:830
[5]:15

t2_region>
[30]:26368
[31]:94605
[32]:13122
[33]:2133
[34]:106
[35]:9

t0_min: 0.58 us, round:41
t0_max: 3.71 us, round:3825
t0_jitter: 3.13 us

t1_min: 1.38 us, round:2054
t1_max: 5.75 us, round:3825
t1_jitter: 4.38 us

t2_min: 30.25 us, round:33981
t2_max: 35.42 us, round:126630
t2_jitter: 5.17 us

PMU diff samples: 136370
AVG DIFF LL_CACHE_RD: 5.18
AVG DIFF LL_CACHE_MISS_RD: 6.60
AVG DIFF L2D_CACHE_REFILL: 2.53
AVG DIFF L2D_CACHE_INVAL: 247.86
[cur diff] DIFF LL_CACHE_RD: 0, DIFF LL_CACHE_MISS_RD: 0, MISS_RATE: 0.00%
[cur diff] DIFF L2D_CACHE_REFILL: 0
[cur diff] DIFF L2D_CACHE_INVAL: 1
[max diff] DIFF LL_CACHE_RD: 12, DIFF LL_CACHE_MISS_RD: 12, MISS_RATE: 100.00%
[max diff] DIFF L2D_CACHE_REFILL: 10
[max diff] DIFF L2D_CACHE_INVAL: 2295

===========================================================
taskpendcnt:138411
t0:1416 ns
t1:2125 ns
t2:31125 ns
benchmark: Franka-derived Cartesian-impedance kernel, input trace:8, timer period:1.000 ms
controller source: franka_ros2 jazzy@73a1501d, updates:138433, SVD sweeps:5
pose error:[0.010000 0.015000 0.010000 -0.000000 0.049979 -0.000000]
tau[0:6]:[0.839771 0.130674 0.617691 0.624912 0.653099 -0.592692 0.265887]
kernel exec min/avg/max: 28.58 / 29.31 / 31.50 us, samples:138443
pressure status:1, copy rounds total/window:1001/16, 7.50 rounds/s
pressure logical copy:10010.00 MiB total, approx 75.03 MiB/s, checksum:1333023211520
pressure report window:2.132593 s
t0_region>
[0]:84595
[1]:52239
[2]:1622
[3]:11

t1_region>
[1]:62529
[2]:69720
[3]:5352
[4]:854
[5]:15

t2_region>
[30]:26650
[31]:96160
[32]:13368
[33]:2177
[34]:112
[35]:9

t0_min: 0.58 us, round:41
t0_max: 3.71 us, round:3825
t0_jitter: 3.13 us

t1_min: 1.38 us, round:2054
t1_max: 5.75 us, round:3825
t1_jitter: 4.38 us

t2_min: 30.25 us, round:33981
t2_max: 35.42 us, round:126630
t2_jitter: 5.17 us

PMU diff samples: 138503
AVG DIFF LL_CACHE_RD: 5.19
AVG DIFF LL_CACHE_MISS_RD: 6.61
AVG DIFF L2D_CACHE_REFILL: 2.53
AVG DIFF L2D_CACHE_INVAL: 248.20
[cur diff] DIFF LL_CACHE_RD: 0, DIFF LL_CACHE_MISS_RD: 0, MISS_RATE: 0.00%
[cur diff] DIFF L2D_CACHE_REFILL: 0
[cur diff] DIFF L2D_CACHE_INVAL: 0
[max diff] DIFF LL_CACHE_RD: 12, DIFF LL_CACHE_MISS_RD: 12, MISS_RATE: 100.00%
[max diff] DIFF L2D_CACHE_REFILL: 10
[max diff] DIFF L2D_CACHE_INVAL: 2295

===========================================================
taskpendcnt:140543
t0:1333 ns
t1:1750 ns
t2:31041 ns
benchmark: Franka-derived Cartesian-impedance kernel, input trace:8, timer period:1.000 ms
controller source: franka_ros2 jazzy@73a1501d, updates:140565, SVD sweeps:5
pose error:[0.010000 0.015000 0.010000 -0.000000 0.049979 -0.000000]
tau[0:6]:[-2.781770 -1.613002 -1.930139 -1.581803 -1.382951 -0.390599 -0.663394]
kernel exec min/avg/max: 28.58 / 29.31 / 31.50 us, samples:140575
pressure status:1, copy rounds total/window:1016/15, 7.03 rounds/s
pressure logical copy:10160.00 MiB total, approx 70.34 MiB/s, checksum:1352998584320
pressure report window:2.132605 s
t0_region>
[0]:85815
[1]:53127
[2]:1645
[3]:11

t1_region>
[1]:63401
[2]:70887
[3]:5436
[4]:864
[5]:15

t2_region>
[30]:26974
[31]:97739
[32]:13567
[33]:2206
[34]:114
[35]:9

t0_min: 0.58 us, round:41
t0_max: 3.71 us, round:3825
t0_jitter: 3.13 us

t1_min: 1.38 us, round:2054
t1_max: 5.75 us, round:3825
t1_jitter: 4.38 us

t2_min: 30.25 us, round:33981
t2_max: 35.42 us, round:126630
t2_jitter: 5.17 us

PMU diff samples: 140635
AVG DIFF LL_CACHE_RD: 5.19
AVG DIFF LL_CACHE_MISS_RD: 6.61
AVG DIFF L2D_CACHE_REFILL: 2.53
AVG DIFF L2D_CACHE_INVAL: 248.52
[cur diff] DIFF LL_CACHE_RD: 0, DIFF LL_CACHE_MISS_RD: 0, MISS_RATE: 0.00%
[cur diff] DIFF L2D_CACHE_REFILL: 0
[cur diff] DIFF L2D_CACHE_INVAL: 0
[max diff] DIFF LL_CACHE_RD: 12, DIFF LL_CACHE_MISS_RD: 12, MISS_RATE: 100.00%
[max diff] DIFF L2D_CACHE_REFILL: 10
[max diff] DIFF L2D_CACHE_INVAL: 2295

===========================================================
taskpendcnt:142676
t0:1083 ns
t1:1791 ns
t2:31375 ns
benchmark: Franka-derived Cartesian-impedance kernel, input trace:8, timer period:1.000 ms
controller source: franka_ros2 jazzy@73a1501d, updates:142698, SVD sweeps:5
pose error:[0.010000 0.015000 0.010000 -0.000000 0.049979 -0.000000]
tau[0:6]:[1.228026 0.081850 0.819520 0.875435 0.745706 -0.833381 0.398995]
kernel exec min/avg/max: 28.58 / 29.31 / 31.50 us, samples:142708
pressure status:1, copy rounds total/window:1031/15, 7.03 rounds/s
pressure logical copy:10310.00 MiB total, approx 70.34 MiB/s, checksum:1372973957120
pressure report window:2.132587 s
t0_region>
[0]:87033
[1]:54025
[2]:1662
[3]:11

t1_region>
[1]:64264
[2]:72070
[3]:5514
[4]:873
[5]:15

t2_region>
[30]:27290
[31]:99324
[32]:13767
[33]:2234
[34]:117
[35]:9

t0_min: 0.58 us, round:41
t0_max: 3.71 us, round:3825
t0_jitter: 3.13 us

t1_min: 1.38 us, round:2054
t1_max: 5.75 us, round:3825
t1_jitter: 4.38 us

t2_min: 30.25 us, round:33981
t2_max: 35.42 us, round:126630
t2_jitter: 5.17 us

PMU diff samples: 142768
AVG DIFF LL_CACHE_RD: 5.19
AVG DIFF LL_CACHE_MISS_RD: 6.62
AVG DIFF L2D_CACHE_REFILL: 2.54
AVG DIFF L2D_CACHE_INVAL: 248.87
[cur diff] DIFF LL_CACHE_RD: 0, DIFF LL_CACHE_MISS_RD: 0, MISS_RATE: 0.00%
[cur diff] DIFF L2D_CACHE_REFILL: 0
[cur diff] DIFF L2D_CACHE_INVAL: 1
[max diff] DIFF LL_CACHE_RD: 12, DIFF LL_CACHE_MISS_RD: 12, MISS_RATE: 100.00%
[max diff] DIFF L2D_CACHE_REFILL: 10
[max diff] DIFF L2D_CACHE_INVAL: 2295

===========================================================
taskpendcnt:144808
t0:1000 ns
t1:2000 ns
t2:31000 ns
benchmark: Franka-derived Cartesian-impedance kernel, input trace:8, timer period:1.000 ms
controller source: franka_ros2 jazzy@73a1501d, updates:144830, SVD sweeps:5
pose error:[0.010000 0.015000 0.010000 -0.000000 0.049979 -0.000000]
tau[0:6]:[-2.379368 -1.292411 -1.655224 -1.570015 -1.185234 -0.066588 -0.610247]
kernel exec min/avg/max: 28.58 / 29.31 / 31.50 us, samples:144840
pressure status:1, copy rounds total/window:1047/16, 7.50 rounds/s
pressure logical copy:10470.00 MiB total, approx 75.03 MiB/s, checksum:1394281021440
pressure report window:2.132589 s
t0_region>
[0]:88324
[1]:54846
[2]:1683
[3]:11

t1_region>
[1]:65151
[2]:73228
[3]:5589
[4]:885
[5]:15

t2_region>
[30]:27614
[31]:100904
[32]:13963
[33]:2266
[34]:118
[35]:9

t0_min: 0.58 us, round:41
t0_max: 3.71 us, round:3825
t0_jitter: 3.13 us

t1_min: 1.38 us, round:2054
t1_max: 5.75 us, round:3825
t1_jitter: 4.38 us

t2_min: 30.25 us, round:33981
t2_max: 35.42 us, round:126630
t2_jitter: 5.17 us

PMU diff samples: 144900
AVG DIFF LL_CACHE_RD: 5.20
AVG DIFF LL_CACHE_MISS_RD: 6.63
AVG DIFF L2D_CACHE_REFILL: 2.54
AVG DIFF L2D_CACHE_INVAL: 249.10
[cur diff] DIFF LL_CACHE_RD: 0, DIFF LL_CACHE_MISS_RD: 0, MISS_RATE: 0.00%
[cur diff] DIFF L2D_CACHE_REFILL: 0
[cur diff] DIFF L2D_CACHE_INVAL: 0
[max diff] DIFF LL_CACHE_RD: 12, DIFF LL_CACHE_MISS_RD: 12, MISS_RATE: 100.00%
[max diff] DIFF L2D_CACHE_REFILL: 10
[max diff] DIFF L2D_CACHE_INVAL: 2295

===========================================================
taskpendcnt:146941
t0:1333 ns
t1:2041 ns
t2:30750 ns
benchmark: Franka-derived Cartesian-impedance kernel, input trace:8, timer period:1.000 ms
controller source: franka_ros2 jazzy@73a1501d, updates:146964, SVD sweeps:5
pose error:[0.010000 0.015000 0.010000 -0.000000 0.049979 -0.000000]
tau[0:6]:[1.376914 -0.104433 0.790225 0.843903 0.642107 -0.956178 0.423547]
kernel exec min/avg/max: 28.58 / 29.31 / 31.50 us, samples:146973
pressure status:1, copy rounds total/window:1062/15, 7.03 rounds/s
pressure logical copy:10620.00 MiB total, approx 70.34 MiB/s, checksum:1414256394240
pressure report window:2.132637 s
t0_region>
[0]:89656
[1]:55629
[2]:1700
[3]:11

t1_region>
[1]:66134
[2]:74294
[3]:5669
[4]:889
[5]:15

t2_region>
[30]:27960
[31]:102502
[32]:14129
[33]:2289
[34]:118
[35]:9

t0_min: 0.58 us, round:41
t0_max: 3.71 us, round:3825
t0_jitter: 3.13 us

t1_min: 1.38 us, round:2054
t1_max: 5.75 us, round:3825
t1_jitter: 4.38 us

t2_min: 30.25 us, round:33981
t2_max: 35.42 us, round:126630
t2_jitter: 5.17 us

PMU diff samples: 147033
AVG DIFF LL_CACHE_RD: 5.20
AVG DIFF LL_CACHE_MISS_RD: 6.63
AVG DIFF L2D_CACHE_REFILL: 2.54
AVG DIFF L2D_CACHE_INVAL: 249.19
[cur diff] DIFF LL_CACHE_RD: 0, DIFF LL_CACHE_MISS_RD: 0, MISS_RATE: 0.00%
[cur diff] DIFF L2D_CACHE_REFILL: 0
[cur diff] DIFF L2D_CACHE_INVAL: 0
[max diff] DIFF LL_CACHE_RD: 12, DIFF LL_CACHE_MISS_RD: 12, MISS_RATE: 100.00%
[max diff] DIFF L2D_CACHE_REFILL: 10
[max diff] DIFF L2D_CACHE_INVAL: 2295

===========================================================
taskpendcnt:149073
t0:1250 ns
t1:1666 ns
t2:31083 ns
benchmark: Franka-derived Cartesian-impedance kernel, input trace:8, timer period:1.000 ms
controller source: franka_ros2 jazzy@73a1501d, updates:149096, SVD sweeps:5
pose error:[0.010000 0.015000 0.010000 -0.000000 0.049979 -0.000000]
tau[0:6]:[-1.839419 -0.921560 -1.193198 -1.195971 -0.861243 0.113634 -0.461388]
kernel exec min/avg/max: 28.58 / 29.31 / 31.50 us, samples:149105
pressure status:1, copy rounds total/window:1078/16, 7.50 rounds/s
pressure logical copy:10780.00 MiB total, approx 75.03 MiB/s, checksum:1435563458560
pressure report window:2.132428 s
t0_region>
[0]:90976
[1]:56424
[2]:1718
[3]:11

t1_region>
[1]:67065
[2]:75414
[3]:5741
[4]:898
[5]:15

t2_region>
[30]:28306
[31]:104091
[32]:14292
[33]:2322
[34]:119
[35]:9

t0_min: 0.58 us, round:41
t0_max: 3.71 us, round:3825
t0_jitter: 3.13 us

t1_min: 1.38 us, round:2054
t1_max: 5.75 us, round:3825
t1_jitter: 4.38 us

t2_min: 30.25 us, round:33981
t2_max: 35.42 us, round:126630
t2_jitter: 5.17 us

PMU diff samples: 149165
AVG DIFF LL_CACHE_RD: 5.20
AVG DIFF LL_CACHE_MISS_RD: 6.64
AVG DIFF L2D_CACHE_REFILL: 2.54
AVG DIFF L2D_CACHE_INVAL: 249.35
[cur diff] DIFF LL_CACHE_RD: 0, DIFF LL_CACHE_MISS_RD: 0, MISS_RATE: 0.00%
[cur diff] DIFF L2D_CACHE_REFILL: 0
[cur diff] DIFF L2D_CACHE_INVAL: 0
[max diff] DIFF LL_CACHE_RD: 12, DIFF LL_CACHE_MISS_RD: 12, MISS_RATE: 100.00%
[max diff] DIFF L2D_CACHE_REFILL: 10
[max diff] DIFF L2D_CACHE_INVAL: 2295

===========================================================
taskpendcnt:151206
t0:1000 ns
t1:1833 ns
t2:31125 ns
benchmark: Franka-derived Cartesian-impedance kernel, input trace:8, timer period:1.000 ms
controller source: franka_ros2 jazzy@73a1501d, updates:151229, SVD sweeps:5
pose error:[0.010000 0.015000 0.010000 -0.000000 0.049979 -0.000000]
tau[0:6]:[-0.567483 -0.552304 -0.482512 -0.231067 -0.297494 -0.656094 -0.085004]
kernel exec min/avg/max: 28.58 / 29.31 / 31.50 us, samples:151239
pressure status:1, copy rounds total/window:1093/15, 7.03 rounds/s
pressure logical copy:10930.00 MiB total, approx 70.32 MiB/s, checksum:1455538831360
pressure report window:2.133143 s
t0_region>
[0]:92364
[1]:57152
[2]:1736
[3]:11

t1_region>
[1]:68112
[2]:76429
[3]:5808
[4]:902
[5]:15

t2_region>
[30]:28698
[31]:105644
[32]:14458
[33]:2344
[34]:119
[35]:9

t0_min: 0.58 us, round:41
t0_max: 3.71 us, round:3825
t0_jitter: 3.13 us

t1_min: 1.38 us, round:2054
t1_max: 5.75 us, round:3825
t1_jitter: 4.38 us

t2_min: 30.25 us, round:33981
t2_max: 35.42 us, round:126630
t2_jitter: 5.17 us

PMU diff samples: 151299
AVG DIFF LL_CACHE_RD: 5.20
AVG DIFF LL_CACHE_MISS_RD: 6.63
AVG DIFF L2D_CACHE_REFILL: 2.54
AVG DIFF L2D_CACHE_INVAL: 249.36
[cur diff] DIFF LL_CACHE_RD: 0, DIFF LL_CACHE_MISS_RD: 0, MISS_RATE: 0.00%
[cur diff] DIFF L2D_CACHE_REFILL: 0
[cur diff] DIFF L2D_CACHE_INVAL: 0
[max diff] DIFF LL_CACHE_RD: 12, DIFF LL_CACHE_MISS_RD: 12, MISS_RATE: 100.00%
[max diff] DIFF L2D_CACHE_REFILL: 10
[max diff] DIFF L2D_CACHE_INVAL: 2295

===========================================================
taskpendcnt:153339
t0:1166 ns
t1:1583 ns
t2:31166 ns
benchmark: Franka-derived Cartesian-impedance kernel, input trace:8, timer period:1.000 ms
controller source: franka_ros2 jazzy@73a1501d, updates:153362, SVD sweeps:5
pose error:[0.010000 0.015000 0.010000 -0.000000 0.049979 -0.000000]
tau[0:6]:[0.839771 0.130674 0.617691 0.624912 0.653099 -0.592692 0.265887]
kernel exec min/avg/max: 28.58 / 29.31 / 31.50 us, samples:153371
pressure status:1, copy rounds total/window:1108/15, 7.03 rounds/s
pressure logical copy:11080.00 MiB total, approx 70.34 MiB/s, checksum:1475514204160
pressure report window:2.132532 s
t0_region>
[0]:93711
[1]:57917
[2]:1755
[3]:11

t1_region>
[1]:69031
[2]:77560
[3]:5887
[4]:906
[5]:15

t2_region>
[30]:29049
[31]:107214
[32]:14643
[33]:2369
[34]:120
[35]:9

t0_min: 0.58 us, round:41
t0_max: 3.71 us, round:3825
t0_jitter: 3.13 us

t1_min: 1.38 us, round:2054
t1_max: 5.75 us, round:3825
t1_jitter: 4.38 us

t2_min: 30.25 us, round:33981
t2_max: 35.42 us, round:126630
t2_jitter: 5.17 us

PMU diff samples: 153431
AVG DIFF LL_CACHE_RD: 5.20
AVG DIFF LL_CACHE_MISS_RD: 6.64
AVG DIFF L2D_CACHE_REFILL: 2.54
AVG DIFF L2D_CACHE_INVAL: 249.53
[cur diff] DIFF LL_CACHE_RD: 0, DIFF LL_CACHE_MISS_RD: 0, MISS_RATE: 0.00%
[cur diff] DIFF L2D_CACHE_REFILL: 0
[cur diff] DIFF L2D_CACHE_INVAL: 2
[max diff] DIFF LL_CACHE_RD: 12, DIFF LL_CACHE_MISS_RD: 12, MISS_RATE: 100.00%
[max diff] DIFF L2D_CACHE_REFILL: 10
[max diff] DIFF L2D_CACHE_INVAL: 2295

===========================================================
taskpendcnt:155471
t0:791 ns
t1:1791 ns
t2:30791 ns
benchmark: Franka-derived Cartesian-impedance kernel, input trace:8, timer period:1.000 ms
controller source: franka_ros2 jazzy@73a1501d, updates:155494, SVD sweeps:5
pose error:[0.010000 0.015000 0.010000 -0.000000 0.049979 -0.000000]
tau[0:6]:[-2.781770 -1.613002 -1.930139 -1.581803 -1.382951 -0.390599 -0.663394]
kernel exec min/avg/max: 28.58 / 29.31 / 31.50 us, samples:155504
pressure status:1, copy rounds total/window:1124/16, 7.50 rounds/s
pressure logical copy:11240.00 MiB total, approx 75.03 MiB/s, checksum:1496821268480
pressure report window:2.132533 s
t0_region>
[0]:95045
[1]:58696
[2]:1775
[3]:11

t1_region>
[1]:69962
[2]:78681
[3]:5959
[4]:914
[5]:15

t2_region>
[30]:29409
[31]:108773
[32]:14831
[33]:2394
[34]:121
[35]:9

t0_min: 0.58 us, round:41
t0_max: 3.71 us, round:3825
t0_jitter: 3.13 us

t1_min: 1.38 us, round:2054
t1_max: 5.75 us, round:3825
t1_jitter: 4.38 us

t2_min: 30.25 us, round:33981
t2_max: 35.42 us, round:126630
t2_jitter: 5.17 us

PMU diff samples: 155564
AVG DIFF LL_CACHE_RD: 5.20
AVG DIFF LL_CACHE_MISS_RD: 6.65
AVG DIFF L2D_CACHE_REFILL: 2.54
AVG DIFF L2D_CACHE_INVAL: 249.69
[cur diff] DIFF LL_CACHE_RD: 0, DIFF LL_CACHE_MISS_RD: 0, MISS_RATE: 0.00%
[cur diff] DIFF L2D_CACHE_REFILL: 0
[cur diff] DIFF L2D_CACHE_INVAL: 0
[max diff] DIFF LL_CACHE_RD: 12, DIFF LL_CACHE_MISS_RD: 12, MISS_RATE: 100.00%
[max diff] DIFF L2D_CACHE_REFILL: 10
[max diff] DIFF L2D_CACHE_INVAL: 2295

===========================================================
taskpendcnt:157604
t0:833 ns
t1:1541 ns
t2:30833 ns
benchmark: Franka-derived Cartesian-impedance kernel, input trace:8, timer period:1.000 ms
controller source: franka_ros2 jazzy@73a1501d, updates:157627, SVD sweeps:5
pose error:[0.010000 0.015000 0.010000 -0.000000 0.049979 -0.000000]
tau[0:6]:[1.228026 0.081850 0.819520 0.875435 0.745706 -0.833381 0.398995]
kernel exec min/avg/max: 28.58 / 29.31 / 31.50 us, samples:157636
pressure status:1, copy rounds total/window:1139/15, 7.03 rounds/s
pressure logical copy:11390.00 MiB total, approx 70.34 MiB/s, checksum:1516796641280
pressure report window:2.132492 s
t0_region>
[0]:96491
[1]:59365
[2]:1792
[3]:11

t1_region>
[1]:71148
[2]:79562
[3]:6019
[4]:920
[5]:15

t2_region>
[30]:29860
[31]:110267
[32]:14995
[33]:2418
[34]:121
[35]:9

t0_min: 0.58 us, round:41
t0_max: 3.71 us, round:3825
t0_jitter: 3.13 us

t1_min: 1.38 us, round:2054
t1_max: 5.75 us, round:3825
t1_jitter: 4.38 us

t2_min: 30.25 us, round:33981
t2_max: 35.42 us, round:126630
t2_jitter: 5.17 us

PMU diff samples: 157696
AVG DIFF LL_CACHE_RD: 5.19
AVG DIFF LL_CACHE_MISS_RD: 6.64
AVG DIFF L2D_CACHE_REFILL: 2.54
AVG DIFF L2D_CACHE_INVAL: 248.95
[cur diff] DIFF LL_CACHE_RD: 0, DIFF LL_CACHE_MISS_RD: 0, MISS_RATE: 0.00%
[cur diff] DIFF L2D_CACHE_REFILL: 0
[cur diff] DIFF L2D_CACHE_INVAL: 1
[max diff] DIFF LL_CACHE_RD: 12, DIFF LL_CACHE_MISS_RD: 12, MISS_RATE: 100.00%
[max diff] DIFF L2D_CACHE_REFILL: 10
[max diff] DIFF L2D_CACHE_INVAL: 2295

===========================================================
taskpendcnt:159736
t0:916 ns
t1:1625 ns
t2:30916 ns
benchmark: Franka-derived Cartesian-impedance kernel, input trace:8, timer period:1.000 ms
controller source: franka_ros2 jazzy@73a1501d, updates:159759, SVD sweeps:5
pose error:[0.010000 0.015000 0.010000 -0.000000 0.049979 -0.000000]
tau[0:6]:[-2.379368 -1.292411 -1.655224 -1.570015 -1.185234 -0.066588 -0.610247]
kernel exec min/avg/max: 28.58 / 29.31 / 31.50 us, samples:159768
pressure status:1, copy rounds total/window:1155/16, 7.50 rounds/s
pressure logical copy:11550.00 MiB total, approx 75.04 MiB/s, checksum:1538103705600
pressure report window:2.132315 s
t0_region>
[0]:98550
[1]:59439
[2]:1792
[3]:11

t1_region>
[1]:73223
[2]:79613
[3]:6025
[4]:920
[5]:15

t2_region>
[30]:31241
[31]:111005
[32]:15006
[33]:2420
[34]:121
[35]:9

t0_min: 0.58 us, round:41
t0_max: 3.71 us, round:3825
t0_jitter: 3.13 us

t1_min: 1.38 us, round:2054
t1_max: 5.75 us, round:3825
t1_jitter: 4.38 us

t2_min: 30.25 us, round:33981
t2_max: 35.42 us, round:126630
t2_jitter: 5.17 us

PMU diff samples: 159828
AVG DIFF LL_CACHE_RD: 5.17
AVG DIFF LL_CACHE_MISS_RD: 6.57
AVG DIFF L2D_CACHE_REFILL: 2.51
AVG DIFF L2D_CACHE_INVAL: 245.84
[cur diff] DIFF LL_CACHE_RD: 0, DIFF LL_CACHE_MISS_RD: 0, MISS_RATE: 0.00%
[cur diff] DIFF L2D_CACHE_REFILL: 0
[cur diff] DIFF L2D_CACHE_INVAL: 0
[max diff] DIFF LL_CACHE_RD: 12, DIFF LL_CACHE_MISS_RD: 12, MISS_RATE: 100.00%
[max diff] DIFF L2D_CACHE_REFILL: 10
[max diff] DIFF L2D_CACHE_INVAL: 2295

===========================================================
taskpendcnt:161869
t0:1250 ns
t1:1666 ns
t2:30958 ns
benchmark: Franka-derived Cartesian-impedance kernel, input trace:8, timer period:1.000 ms
controller source: franka_ros2 jazzy@73a1501d, updates:161891, SVD sweeps:5
pose error:[0.010000 0.015000 0.010000 -0.000000 0.049979 -0.000000]
tau[0:6]:[1.376914 -0.104433 0.790225 0.843903 0.642107 -0.956178 0.423547]
kernel exec min/avg/max: 28.58 / 29.31 / 31.50 us, samples:161901
pressure status:1, copy rounds total/window:1171/16, 7.50 rounds/s
pressure logical copy:11710.00 MiB total, approx 75.03 MiB/s, checksum:1559410769920
pressure report window:2.132498 s
t0_region>
[0]:100604
[1]:59518
[2]:1792
[3]:11

t1_region>
[1]:75303
[2]:79665
[3]:6026
[4]:920
[5]:15

t2_region>
[30]:32628
[31]:111738
[32]:15019
[33]:2420
[34]:121
[35]:9

t0_min: 0.58 us, round:41
t0_max: 3.71 us, round:3825
t0_jitter: 3.13 us

t1_min: 1.38 us, round:2054
t1_max: 5.75 us, round:3825
t1_jitter: 4.38 us

t2_min: 30.25 us, round:33981
t2_max: 35.42 us, round:126630
t2_jitter: 5.17 us

PMU diff samples: 161961
AVG DIFF LL_CACHE_RD: 5.15
AVG DIFF LL_CACHE_MISS_RD: 6.50
AVG DIFF L2D_CACHE_REFILL: 2.48
AVG DIFF L2D_CACHE_INVAL: 242.88
[cur diff] DIFF LL_CACHE_RD: 0, DIFF LL_CACHE_MISS_RD: 0, MISS_RATE: 0.00%
[cur diff] DIFF L2D_CACHE_REFILL: 0
[cur diff] DIFF L2D_CACHE_INVAL: 1
[max diff] DIFF LL_CACHE_RD: 12, DIFF LL_CACHE_MISS_RD: 12, MISS_RATE: 100.00%
[max diff] DIFF L2D_CACHE_REFILL: 10
[max diff] DIFF L2D_CACHE_INVAL: 2295

===========================================================
taskpendcnt:164002
t0:1291 ns
t1:2000 ns
t2:30708 ns
benchmark: Franka-derived Cartesian-impedance kernel, input trace:8, timer period:1.000 ms
controller source: franka_ros2 jazzy@73a1501d, updates:164024, SVD sweeps:5
pose error:[0.010000 0.015000 0.010000 -0.000000 0.049979 -0.000000]
tau[0:6]:[-0.274004 -0.324180 0.001577 -0.231466 0.050986 -0.328952 0.010844]
kernel exec min/avg/max: 28.58 / 29.31 / 31.50 us, samples:164034
pressure status:1, copy rounds total/window:1186/15, 7.03 rounds/s
pressure logical copy:11860.00 MiB total, approx 70.32 MiB/s, checksum:1579386142720
pressure report window:2.133144 s
t0_region>
[0]:102187
[1]:60053
[2]:1806
[3]:11

t1_region>
[1]:76733
[2]:80311
[3]:6072
[4]:931
[5]:15

t2_region>
[30]:33477
[31]:112839
[32]:15176
[33]:2443
[34]:124
[35]:9

t0_min: 0.58 us, round:41
t0_max: 3.71 us, round:3825
t0_jitter: 3.13 us

t1_min: 1.38 us, round:2054
t1_max: 5.75 us, round:3825
t1_jitter: 4.38 us

t2_min: 30.25 us, round:33981
t2_max: 35.42 us, round:126630
t2_jitter: 5.17 us

PMU diff samples: 164094
AVG DIFF LL_CACHE_RD: 5.14
AVG DIFF LL_CACHE_MISS_RD: 6.48
AVG DIFF L2D_CACHE_REFILL: 2.47
AVG DIFF L2D_CACHE_INVAL: 241.68
[cur diff] DIFF LL_CACHE_RD: 0, DIFF LL_CACHE_MISS_RD: 0, MISS_RATE: 0.00%
[cur diff] DIFF L2D_CACHE_REFILL: 0
[cur diff] DIFF L2D_CACHE_INVAL: 3
[max diff] DIFF LL_CACHE_RD: 12, DIFF LL_CACHE_MISS_RD: 12, MISS_RATE: 100.00%
[max diff] DIFF L2D_CACHE_REFILL: 10
[max diff] DIFF L2D_CACHE_INVAL: 2295

===========================================================
taskpendcnt:166135
t0:1333 ns
t1:1750 ns
t2:31333 ns
benchmark: Franka-derived Cartesian-impedance kernel, input trace:8, timer period:1.000 ms
controller source: franka_ros2 jazzy@73a1501d, updates:166158, SVD sweeps:5
pose error:[0.010000 0.015000 0.010000 -0.000000 0.049979 -0.000000]
tau[0:6]:[-2.781770 -1.613002 -1.930139 -1.581803 -1.382951 -0.390599 -0.663394]
kernel exec min/avg/max: 28.58 / 29.31 / 31.50 us, samples:166167
pressure status:1, copy rounds total/window:1201/15, 7.03 rounds/s
pressure logical copy:12010.00 MiB total, approx 70.31 MiB/s, checksum:1599361515520
pressure report window:2.133385 s
t0_region>
[0]:103307
[1]:61042
[2]:1831
[3]:12

t1_region>
[1]:77470
[2]:81591
[3]:6173
[4]:946
[5]:15

t2_region>
[30]:33730
[31]:114408
[32]:15448
[33]:2481
[34]:125
[35]:9

t0_min: 0.58 us, round:41
t0_max: 3.71 us, round:3825
t0_jitter: 3.13 us

t1_min: 1.38 us, round:2054
t1_max: 5.75 us, round:3825
t1_jitter: 4.38 us

t2_min: 30.25 us, round:33981
t2_max: 35.42 us, round:126630
t2_jitter: 5.17 us

PMU diff samples: 166228
AVG DIFF LL_CACHE_RD: 5.14
AVG DIFF LL_CACHE_MISS_RD: 6.49
AVG DIFF L2D_CACHE_REFILL: 2.48
AVG DIFF L2D_CACHE_INVAL: 242.18
[cur diff] DIFF LL_CACHE_RD: 0, DIFF LL_CACHE_MISS_RD: 0, MISS_RATE: 0.00%
[cur diff] DIFF L2D_CACHE_REFILL: 0
[cur diff] DIFF L2D_CACHE_INVAL: 0
[max diff] DIFF LL_CACHE_RD: 12, DIFF LL_CACHE_MISS_RD: 12, MISS_RATE: 100.00%
[max diff] DIFF L2D_CACHE_REFILL: 10
[max diff] DIFF L2D_CACHE_INVAL: 2295

===========================================================
taskpendcnt:168268
t0:1208 ns
t1:1625 ns
t2:31208 ns
benchmark: Franka-derived Cartesian-impedance kernel, input trace:8, timer period:1.000 ms
controller source: franka_ros2 jazzy@73a1501d, updates:168291, SVD sweeps:5
pose error:[0.010000 0.015000 0.010000 -0.000000 0.049979 -0.000000]
tau[0:6]:[1.228026 0.081850 0.819520 0.875435 0.745706 -0.833381 0.398995]
kernel exec min/avg/max: 28.58 / 29.31 / 31.50 us, samples:168300
pressure status:1, copy rounds total/window:1217/16, 7.50 rounds/s
pressure logical copy:12170.00 MiB total, approx 75.03 MiB/s, checksum:1620668579840
pressure report window:2.132602 s
t0_region>
[0]:104517
[1]:61933
[2]:1861
[3]:12

t1_region>
[1]:78287
[2]:82798
[3]:6260
[4]:968
[5]:15

t2_region>
[30]:34023
[31]:115958
[32]:15695
[33]:2521
[34]:128
[35]:9

t0_min: 0.58 us, round:41
t0_max: 3.71 us, round:3825
t0_jitter: 3.13 us

t1_min: 1.38 us, round:2054
t1_max: 5.75 us, round:3825
t1_jitter: 4.38 us

t2_min: 30.25 us, round:33981
t2_max: 35.42 us, round:126630
t2_jitter: 5.17 us

PMU diff samples: 168360
AVG DIFF LL_CACHE_RD: 5.14
AVG DIFF LL_CACHE_MISS_RD: 6.50
AVG DIFF L2D_CACHE_REFILL: 2.48
AVG DIFF L2D_CACHE_INVAL: 242.62
[cur diff] DIFF LL_CACHE_RD: 0, DIFF LL_CACHE_MISS_RD: 0, MISS_RATE: 0.00%
[cur diff] DIFF L2D_CACHE_REFILL: 0
[cur diff] DIFF L2D_CACHE_INVAL: 0
[max diff] DIFF LL_CACHE_RD: 12, DIFF LL_CACHE_MISS_RD: 12, MISS_RATE: 100.00%
[max diff] DIFF L2D_CACHE_REFILL: 10
[max diff] DIFF L2D_CACHE_INVAL: 2295

===========================================================
taskpendcnt:170400
t0:833 ns
t1:1833 ns
t2:30833 ns
benchmark: Franka-derived Cartesian-impedance kernel, input trace:8, timer period:1.000 ms
controller source: franka_ros2 jazzy@73a1501d, updates:170423, SVD sweeps:5
pose error:[0.010000 0.015000 0.010000 -0.000000 0.049979 -0.000000]
tau[0:6]:[-2.379368 -1.292411 -1.655224 -1.570015 -1.185234 -0.066588 -0.610247]
kernel exec min/avg/max: 28.58 / 29.31 / 31.50 us, samples:170433
pressure status:1, copy rounds total/window:1232/15, 7.03 rounds/s
pressure logical copy:12320.00 MiB total, approx 70.34 MiB/s, checksum:1640643952640
pressure report window:2.132554 s
t0_region>
[0]:105704
[1]:62848
[2]:1892
[3]:12

t1_region>
[1]:79080
[2]:84022
[3]:6357
[4]:986
[5]:16

t2_region>
[30]:34282
[31]:117545
[32]:15936
[33]:2564
[34]:129
[35]:10

t0_min: 0.58 us, round:41
t0_max: 3.71 us, round:3825
t0_jitter: 3.13 us

t1_min: 1.38 us, round:2054
t1_max: 5.75 us, round:3825
t1_jitter: 4.38 us

t2_min: 30.25 us, round:33981
t2_max: 35.63 us, round:169096
t2_jitter: 5.38 us

PMU diff samples: 170493
AVG DIFF LL_CACHE_RD: 5.15
AVG DIFF LL_CACHE_MISS_RD: 6.51
AVG DIFF L2D_CACHE_REFILL: 2.49
AVG DIFF L2D_CACHE_INVAL: 243.07
[cur diff] DIFF LL_CACHE_RD: 0, DIFF LL_CACHE_MISS_RD: 0, MISS_RATE: 0.00%
[cur diff] DIFF L2D_CACHE_REFILL: 0
[cur diff] DIFF L2D_CACHE_INVAL: 0
[max diff] DIFF LL_CACHE_RD: 12, DIFF LL_CACHE_MISS_RD: 12, MISS_RATE: 100.00%
[max diff] DIFF L2D_CACHE_REFILL: 10
[max diff] DIFF L2D_CACHE_INVAL: 2295

===========================================================
taskpendcnt:172533
t0:875 ns
t1:1875 ns
t2:31166 ns
benchmark: Franka-derived Cartesian-impedance kernel, input trace:8, timer period:1.000 ms
controller source: franka_ros2 jazzy@73a1501d, updates:172556, SVD sweeps:5
pose error:[0.010000 0.015000 0.010000 -0.000000 0.049979 -0.000000]
tau[0:6]:[-0.567483 -0.552304 -0.482512 -0.231067 -0.297494 -0.656094 -0.085004]
kernel exec min/avg/max: 28.58 / 29.31 / 31.50 us, samples:172566
pressure status:1, copy rounds total/window:1247/15, 7.03 rounds/s
pressure logical copy:12470.00 MiB total, approx 70.32 MiB/s, checksum:1660619325440
pressure report window:2.133148 s
t0_region>
[0]:106917
[1]:63730
[2]:1930
[3]:12

t1_region>
[1]:79920
[2]:85203
[3]:6446
[4]:1009
[5]:16

t2_region>
[30]:34557
[31]:119121
[32]:16177
[33]:2601
[34]:133
[35]:10

t0_min: 0.58 us, round:41
t0_max: 3.71 us, round:3825
t0_jitter: 3.13 us

t1_min: 1.38 us, round:2054
t1_max: 5.75 us, round:3825
t1_jitter: 4.38 us

t2_min: 30.25 us, round:33981
t2_max: 35.63 us, round:169096
t2_jitter: 5.38 us

PMU diff samples: 172626
AVG DIFF LL_CACHE_RD: 5.15
AVG DIFF LL_CACHE_MISS_RD: 6.52
AVG DIFF L2D_CACHE_REFILL: 2.49
AVG DIFF L2D_CACHE_INVAL: 243.51
[cur diff] DIFF LL_CACHE_RD: 0, DIFF LL_CACHE_MISS_RD: 0, MISS_RATE: 0.00%
[cur diff] DIFF L2D_CACHE_REFILL: 0
[cur diff] DIFF L2D_CACHE_INVAL: 0
[max diff] DIFF LL_CACHE_RD: 12, DIFF LL_CACHE_MISS_RD: 12, MISS_RATE: 100.00%
[max diff] DIFF L2D_CACHE_REFILL: 10
[max diff] DIFF L2D_CACHE_INVAL: 2295

===========================================================
taskpendcnt:174666
t0:916 ns
t1:1625 ns
t2:30916 ns
benchmark: Franka-derived Cartesian-impedance kernel, input trace:8, timer period:1.000 ms
controller source: franka_ros2 jazzy@73a1501d, updates:174689, SVD sweeps:5
pose error:[0.010000 0.015000 0.010000 -0.000000 0.049979 -0.000000]
tau[0:6]:[0.839771 0.130674 0.617691 0.624912 0.653099 -0.592692 0.265887]
kernel exec min/avg/max: 28.58 / 29.31 / 31.50 us, samples:174698
pressure status:1, copy rounds total/window:1263/16, 7.50 rounds/s
pressure logical copy:12630.00 MiB total, approx 75.03 MiB/s, checksum:1681926389760
pressure report window:2.132567 s
t0_region>
[0]:108151
[1]:64596
[2]:1964
[3]:12

t1_region>
[1]:80741
[2]:86419
[3]:6524
[4]:1025
[5]:17

t2_region>
[30]:34872
[31]:120663
[32]:16417
[33]:2636
[34]:134
[35]:10

t0_min: 0.58 us, round:41
t0_max: 3.71 us, round:3825
t0_jitter: 3.13 us

t1_min: 1.38 us, round:2054
t1_max: 5.75 us, round:3825
t1_jitter: 4.38 us

t2_min: 30.25 us, round:33981
t2_max: 35.63 us, round:169096
t2_jitter: 5.38 us

PMU diff samples: 174759
AVG DIFF LL_CACHE_RD: 5.15
AVG DIFF LL_CACHE_MISS_RD: 6.52
AVG DIFF L2D_CACHE_REFILL: 2.49
AVG DIFF L2D_CACHE_INVAL: 243.91
[cur diff] DIFF LL_CACHE_RD: 0, DIFF LL_CACHE_MISS_RD: 0, MISS_RATE: 0.00%
[cur diff] DIFF L2D_CACHE_REFILL: 0
[cur diff] DIFF L2D_CACHE_INVAL: 1
[max diff] DIFF LL_CACHE_RD: 12, DIFF LL_CACHE_MISS_RD: 12, MISS_RATE: 100.00%
[max diff] DIFF L2D_CACHE_REFILL: 10
[max diff] DIFF L2D_CACHE_INVAL: 2295

===========================================================
taskpendcnt:176800
t0:958 ns
t1:1958 ns
t2:32416 ns
benchmark: Franka-derived Cartesian-impedance kernel, input trace:8, timer period:1.000 ms
controller source: franka_ros2 jazzy@73a1501d, updates:176822, SVD sweeps:5
pose error:[0.010000 0.015000 0.010000 -0.000000 0.049979 -0.000000]
tau[0:6]:[-2.379368 -1.292411 -1.655224 -1.570015 -1.185234 -0.066588 -0.610247]
kernel exec min/avg/max: 28.58 / 29.31 / 31.50 us, samples:176832
pressure status:1, copy rounds total/window:1278/15, 7.03 rounds/s
pressure logical copy:12780.00 MiB total, approx 70.30 MiB/s, checksum:1701901762560
pressure report window:2.133665 s
t0_region>
[0]:109375
[1]:65470
[2]:1998
[3]:12

t1_region>
[1]:81540
[2]:87649
[3]:6609
[4]:1045
[5]:17

t2_region>
[30]:35132
[31]:122219
[32]:16682
[33]:2686
[34]:137
[35]:10

t0_min: 0.58 us, round:41
t0_max: 3.71 us, round:3825
t0_jitter: 3.13 us

t1_min: 1.38 us, round:2054
t1_max: 5.75 us, round:3825
t1_jitter: 4.38 us

t2_min: 30.25 us, round:33981
t2_max: 35.63 us, round:169096
t2_jitter: 5.38 us

PMU diff samples: 176892
AVG DIFF LL_CACHE_RD: 5.16
AVG DIFF LL_CACHE_MISS_RD: 6.54
AVG DIFF L2D_CACHE_REFILL: 2.50
AVG DIFF L2D_CACHE_INVAL: 244.35
[cur diff] DIFF LL_CACHE_RD: 0, DIFF LL_CACHE_MISS_RD: 0, MISS_RATE: 0.00%
[cur diff] DIFF L2D_CACHE_REFILL: 0
[cur diff] DIFF L2D_CACHE_INVAL: 0
[max diff] DIFF LL_CACHE_RD: 12, DIFF LL_CACHE_MISS_RD: 12, MISS_RATE: 100.00%
[max diff] DIFF L2D_CACHE_REFILL: 10
[max diff] DIFF L2D_CACHE_INVAL: 2295

===========================================================
taskpendcnt:178933
t0:1000 ns
t1:1708 ns
t2:31000 ns
benchmark: Franka-derived Cartesian-impedance kernel, input trace:8, timer period:1.000 ms
controller source: franka_ros2 jazzy@73a1501d, updates:178955, SVD sweeps:5
pose error:[0.010000 0.015000 0.010000 -0.000000 0.049979 -0.000000]
tau[0:6]:[1.376914 -0.104433 0.790225 0.843903 0.642107 -0.956178 0.423547]
kernel exec min/avg/max: 28.58 / 29.31 / 31.50 us, samples:178965
pressure status:1, copy rounds total/window:1294/16, 7.50 rounds/s
pressure logical copy:12940.00 MiB total, approx 75.02 MiB/s, checksum:1723208826880
pressure report window:2.132767 s
t0_region>
[0]:110513
[1]:66438
[2]:2025
[3]:12

t1_region>
[1]:82342
[2]:88872
[3]:6700
[4]:1061
[5]:18

t2_region>
[30]:35409
[31]:123802
[32]:16911
[33]:2729
[34]:138
[35]:10

t0_min: 0.58 us, round:41
t0_max: 3.71 us, round:3825
t0_jitter: 3.13 us

t1_min: 1.38 us, round:2054
t1_max: 5.75 us, round:3825
t1_jitter: 4.38 us

t2_min: 30.25 us, round:33981
t2_max: 35.63 us, round:169096
t2_jitter: 5.38 us

PMU diff samples: 179025
AVG DIFF LL_CACHE_RD: 5.16
AVG DIFF LL_CACHE_MISS_RD: 6.55
AVG DIFF L2D_CACHE_REFILL: 2.50
AVG DIFF L2D_CACHE_INVAL: 244.69
[cur diff] DIFF LL_CACHE_RD: 0, DIFF LL_CACHE_MISS_RD: 0, MISS_RATE: 0.00%
[cur diff] DIFF L2D_CACHE_REFILL: 0
[cur diff] DIFF L2D_CACHE_INVAL: 0
[max diff] DIFF LL_CACHE_RD: 12, DIFF LL_CACHE_MISS_RD: 12, MISS_RATE: 100.00%
[max diff] DIFF L2D_CACHE_REFILL: 10
[max diff] DIFF L2D_CACHE_INVAL: 2295

===========================================================
taskpendcnt:181066
t0:1625 ns
t1:2041 ns
t2:30750 ns
benchmark: Franka-derived Cartesian-impedance kernel, input trace:8, timer period:1.000 ms
controller source: franka_ros2 jazzy@73a1501d, updates:181088, SVD sweeps:5
pose error:[0.010000 0.015000 0.010000 -0.000000 0.049979 -0.000000]
tau[0:6]:[-0.274004 -0.324180 0.001577 -0.231466 0.050986 -0.328952 0.010844]
kernel exec min/avg/max: 28.58 / 29.31 / 31.50 us, samples:181098
pressure status:1, copy rounds total/window:1309/15, 7.03 rounds/s
pressure logical copy:13090.00 MiB total, approx 70.31 MiB/s, checksum:1743184199680
pressure report window:2.133268 s
t0_region>
[0]:111741
[1]:67319
[2]:2049
[3]:12

t1_region>
[1]:83186
[2]:90056
[3]:6793
[4]:1073
[5]:18

t2_region>
[30]:35696
[31]:125348
[32]:17178
[33]:2762
[34]:138
[35]:10

t0_min: 0.58 us, round:41
t0_max: 3.71 us, round:3825
t0_jitter: 3.13 us

t1_min: 1.38 us, round:2054
t1_max: 5.75 us, round:3825
t1_jitter: 4.38 us

t2_min: 30.25 us, round:33981
t2_max: 35.63 us, round:169096
t2_jitter: 5.38 us

PMU diff samples: 181158
AVG DIFF LL_CACHE_RD: 5.16
AVG DIFF LL_CACHE_MISS_RD: 6.55
AVG DIFF L2D_CACHE_REFILL: 2.50
AVG DIFF L2D_CACHE_INVAL: 244.97
[cur diff] DIFF LL_CACHE_RD: 0, DIFF LL_CACHE_MISS_RD: 0, MISS_RATE: 0.00%
[cur diff] DIFF L2D_CACHE_REFILL: 0
[cur diff] DIFF L2D_CACHE_INVAL: 0
[max diff] DIFF LL_CACHE_RD: 12, DIFF LL_CACHE_MISS_RD: 12, MISS_RATE: 100.00%
[max diff] DIFF L2D_CACHE_REFILL: 10
[max diff] DIFF L2D_CACHE_INVAL: 2295

===========================================================
taskpendcnt:183199
t0:1375 ns
t1:1791 ns
t2:31083 ns
benchmark: Franka-derived Cartesian-impedance kernel, input trace:8, timer period:1.000 ms
controller source: franka_ros2 jazzy@73a1501d, updates:183221, SVD sweeps:5
pose error:[0.010000 0.015000 0.010000 -0.000000 0.049979 -0.000000]
tau[0:6]:[-2.781770 -1.613002 -1.930139 -1.581803 -1.382951 -0.390599 -0.663394]
kernel exec min/avg/max: 28.58 / 29.31 / 31.50 us, samples:183231
pressure status:1, copy rounds total/window:1324/15, 7.03 rounds/s
pressure logical copy:13240.00 MiB total, approx 70.31 MiB/s, checksum:1763159572480
pressure report window:2.133333 s
t0_region>
[0]:112967
[1]:68200
[2]:2076
[3]:12

t1_region>
[1]:84045
[2]:91239
[3]:6868
[4]:1089
[5]:18

t2_region>
[30]:35988
[31]:126921
[32]:17402
[33]:2803
[34]:141
[35]:10

t0_min: 0.58 us, round:41
t0_max: 3.71 us, round:3825
t0_jitter: 3.13 us

t1_min: 1.38 us, round:2054
t1_max: 5.75 us, round:3825
t1_jitter: 4.38 us

t2_min: 30.25 us, round:33981
t2_max: 35.63 us, round:169096
t2_jitter: 5.38 us

PMU diff samples: 183292
AVG DIFF LL_CACHE_RD: 5.16
AVG DIFF LL_CACHE_MISS_RD: 6.56
AVG DIFF L2D_CACHE_REFILL: 2.51
AVG DIFF L2D_CACHE_INVAL: 245.28
[cur diff] DIFF LL_CACHE_RD: 0, DIFF LL_CACHE_MISS_RD: 0, MISS_RATE: 0.00%
[cur diff] DIFF L2D_CACHE_REFILL: 0
[cur diff] DIFF L2D_CACHE_INVAL: 0
[max diff] DIFF LL_CACHE_RD: 12, DIFF LL_CACHE_MISS_RD: 12, MISS_RATE: 100.00%
[max diff] DIFF L2D_CACHE_REFILL: 10
[max diff] DIFF L2D_CACHE_INVAL: 2295

===========================================================
taskpendcnt:185332
t0:1125 ns
t1:1541 ns
t2:31125 ns
benchmark: Franka-derived Cartesian-impedance kernel, input trace:8, timer period:1.000 ms
controller source: franka_ros2 jazzy@73a1501d, updates:185355, SVD sweeps:5
pose error:[0.010000 0.015000 0.010000 -0.000000 0.049979 -0.000000]
tau[0:6]:[1.228026 0.081850 0.819520 0.875435 0.745706 -0.833381 0.398995]
kernel exec min/avg/max: 28.58 / 29.31 / 31.50 us, samples:185364
pressure status:1, copy rounds total/window:1340/16, 7.50 rounds/s
pressure logical copy:13400.00 MiB total, approx 75.03 MiB/s, checksum:1784466636800
pressure report window:2.132580 s
t0_region>
[0]:114222
[1]:69045
[2]:2108
[3]:12

t1_region>
[1]:84864
[2]:92460
[3]:6946
[4]:1104
[5]:18

t2_region>
[30]:36285
[31]:128516
[32]:17603
[33]:2838
[34]:144
[35]:11

t0_min: 0.58 us, round:41
t0_max: 3.71 us, round:3825
t0_jitter: 3.13 us

t1_min: 1.38 us, round:2054
t1_max: 5.75 us, round:3825
t1_jitter: 4.38 us

t2_min: 30.25 us, round:33981
t2_max: 35.63 us, round:169096
t2_jitter: 5.38 us

PMU diff samples: 185424
AVG DIFF LL_CACHE_RD: 5.17
AVG DIFF LL_CACHE_MISS_RD: 6.57
AVG DIFF L2D_CACHE_REFILL: 2.51
AVG DIFF L2D_CACHE_INVAL: 245.56
[cur diff] DIFF LL_CACHE_RD: 0, DIFF LL_CACHE_MISS_RD: 0, MISS_RATE: 0.00%
[cur diff] DIFF L2D_CACHE_REFILL: 0
[cur diff] DIFF L2D_CACHE_INVAL: 0
[max diff] DIFF LL_CACHE_RD: 12, DIFF LL_CACHE_MISS_RD: 12, MISS_RATE: 100.00%
[max diff] DIFF L2D_CACHE_REFILL: 10
[max diff] DIFF L2D_CACHE_INVAL: 2295

===========================================================
taskpendcnt:187465
t0:1000 ns
t1:1708 ns
t2:31000 ns
benchmark: Franka-derived Cartesian-impedance kernel, input trace:8, timer period:1.000 ms
controller source: franka_ros2 jazzy@73a1501d, updates:187488, SVD sweeps:5
pose error:[0.010000 0.015000 0.010000 -0.000000 0.049979 -0.000000]
tau[0:6]:[-1.839419 -0.921560 -1.193198 -1.195971 -0.861243 0.113634 -0.461388]
kernel exec min/avg/max: 28.58 / 29.31 / 31.50 us, samples:187497
pressure status:1, copy rounds total/window:1355/15, 7.03 rounds/s
pressure logical copy:13550.00 MiB total, approx 70.31 MiB/s, checksum:1804442009600
pressure report window:2.133530 s
t0_region>
[0]:115442
[1]:69934
[2]:2132
[3]:13

t1_region>
[1]:85725
[2]:93627
[3]:7037
[4]:1118
[5]:18

t2_region>
[30]:36575
[31]:130109
[32]:17817
[33]:2873
[34]:146
[35]:11

t0_min: 0.58 us, round:41
t0_max: 3.71 us, round:3825
t0_jitter: 3.13 us

t1_min: 1.38 us, round:2054
t1_max: 5.75 us, round:3825
t1_jitter: 4.38 us

t2_min: 30.25 us, round:33981
t2_max: 35.63 us, round:169096
t2_jitter: 5.38 us

PMU diff samples: 187558
AVG DIFF LL_CACHE_RD: 5.17
AVG DIFF LL_CACHE_MISS_RD: 6.58
AVG DIFF L2D_CACHE_REFILL: 2.51
AVG DIFF L2D_CACHE_INVAL: 245.83
[cur diff] DIFF LL_CACHE_RD: 0, DIFF LL_CACHE_MISS_RD: 0, MISS_RATE: 0.00%
[cur diff] DIFF L2D_CACHE_REFILL: 0
[cur diff] DIFF L2D_CACHE_INVAL: 0
[max diff] DIFF LL_CACHE_RD: 12, DIFF LL_CACHE_MISS_RD: 12, MISS_RATE: 100.00%
[max diff] DIFF L2D_CACHE_REFILL: 10
[max diff] DIFF L2D_CACHE_INVAL: 2295

===========================================================
taskpendcnt:189598
t0:1041 ns
t1:2041 ns
t2:30750 ns
benchmark: Franka-derived Cartesian-impedance kernel, input trace:8, timer period:1.000 ms
controller source: franka_ros2 jazzy@73a1501d, updates:189621, SVD sweeps:5
pose error:[0.010000 0.015000 0.010000 -0.000000 0.049979 -0.000000]
tau[0:6]:[-2.781770 -1.613002 -1.930139 -1.581803 -1.382951 -0.390599 -0.663394]
kernel exec min/avg/max: 28.58 / 29.31 / 31.50 us, samples:189631
pressure status:1, copy rounds total/window:1370/15, 7.03 rounds/s
pressure logical copy:13700.00 MiB total, approx 70.32 MiB/s, checksum:1824417382400
pressure report window:2.133190 s
t0_region>
[0]:116688
[1]:70791
[2]:2162
[3]:13

t1_region>
[1]:86599
[2]:94795
[3]:7119
[4]:1128
[5]:18

t2_region>
[30]:36914
[31]:131665
[32]:18020
[33]:2907
[34]:147
[35]:11

t0_min: 0.58 us, round:41
t0_max: 3.71 us, round:3825
t0_jitter: 3.13 us

t1_min: 1.38 us, round:2054
t1_max: 5.75 us, round:3825
t1_jitter: 4.38 us

t2_min: 30.25 us, round:33981
t2_max: 35.63 us, round:169096
t2_jitter: 5.38 us

PMU diff samples: 189691
AVG DIFF LL_CACHE_RD: 5.18
AVG DIFF LL_CACHE_MISS_RD: 6.58
AVG DIFF L2D_CACHE_REFILL: 2.51
AVG DIFF L2D_CACHE_INVAL: 246.14
[cur diff] DIFF LL_CACHE_RD: 0, DIFF LL_CACHE_MISS_RD: 0, MISS_RATE: 0.00%
[cur diff] DIFF L2D_CACHE_REFILL: 0
[cur diff] DIFF L2D_CACHE_INVAL: 2
[max diff] DIFF LL_CACHE_RD: 12, DIFF LL_CACHE_MISS_RD: 12, MISS_RATE: 100.00%
[max diff] DIFF L2D_CACHE_REFILL: 10
[max diff] DIFF L2D_CACHE_INVAL: 2295

===========================================================
taskpendcnt:191731
t0:791 ns
t1:1791 ns
t2:30791 ns
benchmark: Franka-derived Cartesian-impedance kernel, input trace:8, timer period:1.000 ms
controller source: franka_ros2 jazzy@73a1501d, updates:191754, SVD sweeps:5
pose error:[0.010000 0.015000 0.010000 -0.000000 0.049979 -0.000000]
tau[0:6]:[1.228026 0.081850 0.819520 0.875435 0.745706 -0.833381 0.398995]
kernel exec min/avg/max: 28.58 / 29.31 / 31.50 us, samples:191763
pressure status:1, copy rounds total/window:1386/16, 7.50 rounds/s
pressure logical copy:13860.00 MiB total, approx 75.03 MiB/s, checksum:1845724446720
pressure report window:2.132500 s
t0_region>
[0]:117939
[1]:71654
[2]:2181
[3]:13

t1_region>
[1]:87499
[2]:95933
[3]:7200
[4]:1140
[5]:19

t2_region>
[30]:37247
[31]:133221
[32]:18240
[33]:2929
[34]:150
[35]:11

t0_min: 0.58 us, round:41
t0_max: 3.71 us, round:3825
t0_jitter: 3.13 us

t1_min: 1.38 us, round:2054
t1_max: 5.75 us, round:3825
t1_jitter: 4.38 us

t2_min: 30.25 us, round:33981
t2_max: 35.63 us, round:169096
t2_jitter: 5.38 us

PMU diff samples: 191823
AVG DIFF LL_CACHE_RD: 5.18
AVG DIFF LL_CACHE_MISS_RD: 6.59
AVG DIFF L2D_CACHE_REFILL: 2.52
AVG DIFF L2D_CACHE_INVAL: 246.39
[cur diff] DIFF LL_CACHE_RD: 0, DIFF LL_CACHE_MISS_RD: 0, MISS_RATE: 0.00%
[cur diff] DIFF L2D_CACHE_REFILL: 0
[cur diff] DIFF L2D_CACHE_INVAL: 0
[max diff] DIFF LL_CACHE_RD: 12, DIFF LL_CACHE_MISS_RD: 12, MISS_RATE: 100.00%
[max diff] DIFF L2D_CACHE_REFILL: 10
[max diff] DIFF L2D_CACHE_INVAL: 2295

===========================================================
taskpendcnt:193864
t0:833 ns
t1:1833 ns
t2:30833 ns
benchmark: Franka-derived Cartesian-impedance kernel, input trace:8, timer period:1.000 ms
controller source: franka_ros2 jazzy@73a1501d, updates:193887, SVD sweeps:5
pose error:[0.010000 0.015000 0.010000 -0.000000 0.049979 -0.000000]
tau[0:6]:[-1.839419 -0.921560 -1.193198 -1.195971 -0.861243 0.113634 -0.461388]
kernel exec min/avg/max: 28.58 / 29.31 / 31.50 us, samples:193897
pressure status:1, copy rounds total/window:1401/15, 7.03 rounds/s
pressure logical copy:14010.00 MiB total, approx 70.31 MiB/s, checksum:1865699819520
pressure report window:2.133561 s
t0_region>
[0]:119245
[1]:72460
[2]:2203
[3]:13

t1_region>
[1]:88408
[2]:97066
[3]:7276
[4]:1156
[5]:19

t2_region>
[30]:37565
[31]:134791
[32]:18450
[33]:2961
[34]:153
[35]:11

t0_min: 0.58 us, round:41
t0_max: 3.71 us, round:3825
t0_jitter: 3.13 us

t1_min: 1.38 us, round:2054
t1_max: 5.75 us, round:3825
t1_jitter: 4.38 us

t2_min: 30.25 us, round:33981
t2_max: 35.63 us, round:169096
t2_jitter: 5.38 us

PMU diff samples: 193957
AVG DIFF LL_CACHE_RD: 5.18
AVG DIFF LL_CACHE_MISS_RD: 6.59
AVG DIFF L2D_CACHE_REFILL: 2.52
AVG DIFF L2D_CACHE_INVAL: 246.68
[cur diff] DIFF LL_CACHE_RD: 0, DIFF LL_CACHE_MISS_RD: 0, MISS_RATE: 0.00%
[cur diff] DIFF L2D_CACHE_REFILL: 0
[cur diff] DIFF L2D_CACHE_INVAL: 0
[max diff] DIFF LL_CACHE_RD: 12, DIFF LL_CACHE_MISS_RD: 12, MISS_RATE: 100.00%
[max diff] DIFF L2D_CACHE_REFILL: 10
[max diff] DIFF L2D_CACHE_INVAL: 2295

===========================================================
taskpendcnt:195998
t0:875 ns
t1:1583 ns
t2:30875 ns
benchmark: Franka-derived Cartesian-impedance kernel, input trace:8, timer period:1.000 ms
controller source: franka_ros2 jazzy@73a1501d, updates:196020, SVD sweeps:5
pose error:[0.010000 0.015000 0.010000 -0.000000 0.049979 -0.000000]
tau[0:6]:[-0.567483 -0.552304 -0.482512 -0.231067 -0.297494 -0.656094 -0.085004]
kernel exec min/avg/max: 28.58 / 29.31 / 31.50 us, samples:196030
pressure status:1, copy rounds total/window:1417/16, 7.50 rounds/s
pressure logical copy:14170.00 MiB total, approx 75.00 MiB/s, checksum:1887006883840
pressure report window:2.133203 s
t0_region>
[0]:120490
[1]:73326
[2]:2224
[3]:13

t1_region>
[1]:89261
[2]:98251
[3]:7359
[4]:1168
[5]:19

t2_region>
[30]:37868
[31]:136362
[32]:18682
[33]:2987
[34]:154
[35]:11

t0_min: 0.58 us, round:41
t0_max: 3.71 us, round:3825
t0_jitter: 3.13 us

t1_min: 1.38 us, round:2054
t1_max: 5.75 us, round:3825
t1_jitter: 4.38 us

t2_min: 30.25 us, round:33981
t2_max: 35.63 us, round:169096
t2_jitter: 5.38 us

PMU diff samples: 196090
AVG DIFF LL_CACHE_RD: 5.18
AVG DIFF LL_CACHE_MISS_RD: 6.60
AVG DIFF L2D_CACHE_REFILL: 2.52
AVG DIFF L2D_CACHE_INVAL: 246.93
[cur diff] DIFF LL_CACHE_RD: 0, DIFF LL_CACHE_MISS_RD: 0, MISS_RATE: 0.00%
[cur diff] DIFF L2D_CACHE_REFILL: 0
[cur diff] DIFF L2D_CACHE_INVAL: 1
[max diff] DIFF LL_CACHE_RD: 12, DIFF LL_CACHE_MISS_RD: 12, MISS_RATE: 100.00%
[max diff] DIFF L2D_CACHE_REFILL: 10
[max diff] DIFF L2D_CACHE_INVAL: 2295

===========================================================
taskpendcnt:198131
t0:916 ns
t1:1625 ns
t2:30916 ns
benchmark: Franka-derived Cartesian-impedance kernel, input trace:8, timer period:1.000 ms
controller source: franka_ros2 jazzy@73a1501d, updates:198153, SVD sweeps:5
pose error:[0.010000 0.015000 0.010000 -0.000000 0.049979 -0.000000]
tau[0:6]:[0.839771 0.130674 0.617691 0.624912 0.653099 -0.592692 0.265887]
kernel exec min/avg/max: 28.58 / 29.31 / 31.50 us, samples:198162
pressure status:1, copy rounds total/window:1432/15, 7.03 rounds/s
pressure logical copy:14320.00 MiB total, approx 70.34 MiB/s, checksum:1906982256640
pressure report window:2.132568 s
t0_region>
[0]:121749
[1]:74178
[2]:2246
[3]:13

t1_region>
[1]:90152
[2]:99398
[3]:7440
[4]:1181
[5]:19

t2_region>
[30]:38165
[31]:137916
[32]:18932
[33]:3018
[34]:155
[35]:11

t0_min: 0.58 us, round:41
t0_max: 3.71 us, round:3825
t0_jitter: 3.13 us

t1_min: 1.38 us, round:2054
t1_max: 5.75 us, round:3825
t1_jitter: 4.38 us

t2_min: 30.25 us, round:33981
t2_max: 35.63 us, round:169096
t2_jitter: 5.38 us

PMU diff samples: 198223
AVG DIFF LL_CACHE_RD: 5.18
AVG DIFF LL_CACHE_MISS_RD: 6.61
AVG DIFF L2D_CACHE_REFILL: 2.52
AVG DIFF L2D_CACHE_INVAL: 247.12
[cur diff] DIFF LL_CACHE_RD: 0, DIFF LL_CACHE_MISS_RD: 0, MISS_RATE: 0.00%
[cur diff] DIFF L2D_CACHE_REFILL: 0
[cur diff] DIFF L2D_CACHE_INVAL: 0
[max diff] DIFF LL_CACHE_RD: 12, DIFF LL_CACHE_MISS_RD: 12, MISS_RATE: 100.00%
[max diff] DIFF L2D_CACHE_REFILL: 10
[max diff] DIFF L2D_CACHE_INVAL: 2295

===========================================================
taskpendcnt:200264
t0:1250 ns
t1:1666 ns
t2:30958 ns
benchmark: Franka-derived Cartesian-impedance kernel, input trace:8, timer period:1.000 ms
controller source: franka_ros2 jazzy@73a1501d, updates:200286, SVD sweeps:5
pose error:[0.010000 0.015000 0.010000 -0.000000 0.049979 -0.000000]
tau[0:6]:[-2.379368 -1.292411 -1.655224 -1.570015 -1.185234 -0.066588 -0.610247]
kernel exec min/avg/max: 28.58 / 29.31 / 31.50 us, samples:200296
pressure status:1, copy rounds total/window:1447/15, 7.03 rounds/s
pressure logical copy:14470.00 MiB total, approx 70.30 MiB/s, checksum:1926957629440
pressure report window:2.133682 s
t0_region>
[0]:123060
[1]:74987
[2]:2259
[3]:13

t1_region>
[1]:91108
[2]:100488
[3]:7523
[4]:1186
[5]:19

t2_region>
[30]:38507
[31]:139466
[32]:19154
[33]:3038
[34]:155
[35]:11

t0_min: 0.58 us, round:41
t0_max: 3.71 us, round:3825
t0_jitter: 3.13 us

t1_min: 1.38 us, round:2054
t1_max: 5.75 us, round:3825
t1_jitter: 4.38 us

t2_min: 30.25 us, round:33981
t2_max: 35.63 us, round:169096
t2_jitter: 5.38 us

PMU diff samples: 200357
AVG DIFF LL_CACHE_RD: 5.18
AVG DIFF LL_CACHE_MISS_RD: 6.61
AVG DIFF L2D_CACHE_REFILL: 2.52
AVG DIFF L2D_CACHE_INVAL: 247.23
[cur diff] DIFF LL_CACHE_RD: 0, DIFF LL_CACHE_MISS_RD: 0, MISS_RATE: 0.00%
[cur diff] DIFF L2D_CACHE_REFILL: 0
[cur diff] DIFF L2D_CACHE_INVAL: 0
[max diff] DIFF LL_CACHE_RD: 12, DIFF LL_CACHE_MISS_RD: 12, MISS_RATE: 100.00%
[max diff] DIFF L2D_CACHE_REFILL: 10
[max diff] DIFF L2D_CACHE_INVAL: 2295

===========================================================
taskpendcnt:202397
t0:1291 ns
t1:1708 ns
t2:31000 ns
benchmark: Franka-derived Cartesian-impedance kernel, input trace:8, timer period:1.000 ms
controller source: franka_ros2 jazzy@73a1501d, updates:202419, SVD sweeps:5
pose error:[0.010000 0.015000 0.010000 -0.000000 0.049979 -0.000000]
tau[0:6]:[1.376914 -0.104433 0.790225 0.843903 0.642107 -0.956178 0.423547]
kernel exec min/avg/max: 28.58 / 29.31 / 31.50 us, samples:202429
pressure status:1, copy rounds total/window:1463/16, 7.50 rounds/s
pressure logical copy:14630.00 MiB total, approx 75.02 MiB/s, checksum:1948264693760
pressure report window:2.132636 s
t0_region>
[0]:124331
[1]:75831
[2]:2277
[3]:13

t1_region>
[1]:92091
[2]:101560
[3]:7594
[4]:1193
[5]:19

t2_region>
[30]:38850
[31]:141043
[32]:19340
[33]:3063
[34]:155
[35]:11

t0_min: 0.58 us, round:41
t0_max: 3.71 us, round:3825
t0_jitter: 3.13 us

t1_min: 1.38 us, round:2054
t1_max: 5.75 us, round:3825
t1_jitter: 4.38 us

t2_min: 30.25 us, round:33981
t2_max: 35.63 us, round:169096
t2_jitter: 5.38 us

PMU diff samples: 202489
AVG DIFF LL_CACHE_RD: 5.18
AVG DIFF LL_CACHE_MISS_RD: 6.61
AVG DIFF L2D_CACHE_REFILL: 2.52
AVG DIFF L2D_CACHE_INVAL: 247.32
[cur diff] DIFF LL_CACHE_RD: 0, DIFF LL_CACHE_MISS_RD: 0, MISS_RATE: 0.00%
[cur diff] DIFF L2D_CACHE_REFILL: 0
[cur diff] DIFF L2D_CACHE_INVAL: 1
[max diff] DIFF LL_CACHE_RD: 12, DIFF LL_CACHE_MISS_RD: 12, MISS_RATE: 100.00%
[max diff] DIFF L2D_CACHE_REFILL: 10
[max diff] DIFF L2D_CACHE_INVAL: 2295

===========================================================
taskpendcnt:204530
t0:1041 ns
t1:1750 ns
t2:31041 ns
benchmark: Franka-derived Cartesian-impedance kernel, input trace:8, timer period:1.000 ms
controller source: franka_ros2 jazzy@73a1501d, updates:204552, SVD sweeps:5
pose error:[0.010000 0.015000 0.010000 -0.000000 0.049979 -0.000000]
tau[0:6]:[-0.274004 -0.324180 0.001577 -0.231466 0.050986 -0.328952 0.010844]
kernel exec min/avg/max: 28.58 / 29.31 / 31.50 us, samples:204562
pressure status:1, copy rounds total/window:1478/15, 7.03 rounds/s
pressure logical copy:14780.00 MiB total, approx 70.32 MiB/s, checksum:1968240066560
pressure report window:2.133247 s
t0_region>
[0]:125664
[1]:76614
[2]:2294
[3]:13

t1_region>
[1]:93058
[2]:102644
[3]:7669
[4]:1200
[5]:19

t2_region>
[30]:39176
[31]:142634
[32]:19535
[33]:3085
[34]:156
[35]:11

t0_min: 0.58 us, round:41
t0_max: 3.71 us, round:3825
t0_jitter: 3.13 us

t1_min: 1.38 us, round:2054
t1_max: 5.75 us, round:3825
t1_jitter: 4.38 us

t2_min: 30.25 us, round:33981
t2_max: 35.63 us, round:169096
t2_jitter: 5.38 us

PMU diff samples: 204622
AVG DIFF LL_CACHE_RD: 5.18
AVG DIFF LL_CACHE_MISS_RD: 6.61
AVG DIFF L2D_CACHE_REFILL: 2.53
AVG DIFF L2D_CACHE_INVAL: 247.42
[cur diff] DIFF LL_CACHE_RD: 0, DIFF LL_CACHE_MISS_RD: 0, MISS_RATE: 0.00%
[cur diff] DIFF L2D_CACHE_REFILL: 0
[cur diff] DIFF L2D_CACHE_INVAL: 0
[max diff] DIFF LL_CACHE_RD: 12, DIFF LL_CACHE_MISS_RD: 12, MISS_RATE: 100.00%
[max diff] DIFF L2D_CACHE_REFILL: 10
[max diff] DIFF L2D_CACHE_INVAL: 2295

===========================================================
taskpendcnt:206663
t0:1666 ns
t1:2083 ns
t2:31083 ns
benchmark: Franka-derived Cartesian-impedance kernel, input trace:8, timer period:1.000 ms
controller source: franka_ros2 jazzy@73a1501d, updates:206686, SVD sweeps:5
pose error:[0.010000 0.015000 0.010000 -0.000000 0.049979 -0.000000]
tau[0:6]:[-2.781770 -1.613002 -1.930139 -1.581803 -1.382951 -0.390599 -0.663394]
kernel exec min/avg/max: 28.58 / 29.31 / 31.50 us, samples:206695
pressure status:1, copy rounds total/window:1494/16, 7.50 rounds/s
pressure logical copy:14940.00 MiB total, approx 75.00 MiB/s, checksum:1989547130880
pressure report window:2.133333 s
t0_region>
[0]:126966
[1]:77432
[2]:2308
[3]:13

t1_region>
[1]:93984
[2]:103775
[3]:7739
[4]:1206
[5]:19

t2_region>
[30]:39490
[31]:144255
[32]:19712
[33]:3102
[34]:159
[35]:11

t0_min: 0.58 us, round:41
t0_max: 3.71 us, round:3825
t0_jitter: 3.13 us

t1_min: 1.38 us, round:2054
t1_max: 5.75 us, round:3825
t1_jitter: 4.38 us

t2_min: 30.25 us, round:33981
t2_max: 35.63 us, round:169096
t2_jitter: 5.38 us

PMU diff samples: 206756
AVG DIFF LL_CACHE_RD: 5.18
AVG DIFF LL_CACHE_MISS_RD: 6.62
AVG DIFF L2D_CACHE_REFILL: 2.53
AVG DIFF L2D_CACHE_INVAL: 247.54
[cur diff] DIFF LL_CACHE_RD: 0, DIFF LL_CACHE_MISS_RD: 0, MISS_RATE: 0.00%
[cur diff] DIFF L2D_CACHE_REFILL: 0
[cur diff] DIFF L2D_CACHE_INVAL: 1
[max diff] DIFF LL_CACHE_RD: 12, DIFF LL_CACHE_MISS_RD: 12, MISS_RATE: 100.00%
[max diff] DIFF L2D_CACHE_REFILL: 10
[max diff] DIFF L2D_CACHE_INVAL: 2295

===========================================================
taskpendcnt:208796
t0:1125 ns
t1:1541 ns
t2:30833 ns
benchmark: Franka-derived Cartesian-impedance kernel, input trace:8, timer period:1.000 ms
controller source: franka_ros2 jazzy@73a1501d, updates:208819, SVD sweeps:5
pose error:[0.010000 0.015000 0.010000 -0.000000 0.049979 -0.000000]
tau[0:6]:[1.228026 0.081850 0.819520 0.875435 0.745706 -0.833381 0.398995]
kernel exec min/avg/max: 28.58 / 29.31 / 31.50 us, samples:208828
pressure status:1, copy rounds total/window:1509/15, 7.03 rounds/s
pressure logical copy:15090.00 MiB total, approx 70.34 MiB/s, checksum:2009522503680
pressure report window:2.132543 s
t0_region>
[0]:128245
[1]:78262
[2]:2331
[3]:13

t1_region>
[1]:94926
[2]:104876
[3]:7815
[4]:1220
[5]:19

t2_region>
[30]:39825
[31]:145829
[32]:19900
[33]:3138
[34]:160
[35]:11

t0_min: 0.58 us, round:41
t0_max: 3.71 us, round:3825
t0_jitter: 3.13 us

t1_min: 1.38 us, round:2054
t1_max: 5.75 us, round:3825
t1_jitter: 4.38 us

t2_min: 30.25 us, round:33981
t2_max: 35.63 us, round:169096
t2_jitter: 5.38 us

PMU diff samples: 208888
AVG DIFF LL_CACHE_RD: 5.18
AVG DIFF LL_CACHE_MISS_RD: 6.62
AVG DIFF L2D_CACHE_REFILL: 2.53
AVG DIFF L2D_CACHE_INVAL: 247.66
[cur diff] DIFF LL_CACHE_RD: 0, DIFF LL_CACHE_MISS_RD: 0, MISS_RATE: 0.00%
[cur diff] DIFF L2D_CACHE_REFILL: 0
[cur diff] DIFF L2D_CACHE_INVAL: 0
[max diff] DIFF LL_CACHE_RD: 12, DIFF LL_CACHE_MISS_RD: 12, MISS_RATE: 100.00%
[max diff] DIFF L2D_CACHE_REFILL: 10
[max diff] DIFF L2D_CACHE_INVAL: 2295

===========================================================
taskpendcnt:210929
t0:875 ns
t1:1583 ns
t2:31166 ns
benchmark: Franka-derived Cartesian-impedance kernel, input trace:8, timer period:1.000 ms
controller source: franka_ros2 jazzy@73a1501d, updates:210951, SVD sweeps:5
pose error:[0.010000 0.015000 0.010000 -0.000000 0.049979 -0.000000]
tau[0:6]:[-1.839419 -0.921560 -1.193198 -1.195971 -0.861243 0.113634 -0.461388]
kernel exec min/avg/max: 28.58 / 29.31 / 31.50 us, samples:210961
pressure status:1, copy rounds total/window:1525/16, 7.50 rounds/s
pressure logical copy:15250.00 MiB total, approx 75.00 MiB/s, checksum:2030829568000
pressure report window:2.133330 s
t0_region>
[0]:129843
[1]:78780
[2]:2348
[3]:13

t1_region>
[1]:96359
[2]:105523
[3]:7862
[4]:1226
[5]:19

t2_region>
[30]:40475
[31]:147165
[32]:20026
[33]:3156
[34]:162
[35]:11

t0_min: 0.58 us, round:41
t0_max: 3.71 us, round:3825
t0_jitter: 3.13 us

t1_min: 1.38 us, round:2054
t1_max: 5.75 us, round:3825
t1_jitter: 4.38 us

t2_min: 30.25 us, round:33981
t2_max: 35.63 us, round:169096
t2_jitter: 5.38 us

PMU diff samples: 211022
AVG DIFF LL_CACHE_RD: 5.18
AVG DIFF LL_CACHE_MISS_RD: 6.61
AVG DIFF L2D_CACHE_REFILL: 2.52
AVG DIFF L2D_CACHE_INVAL: 246.77
[cur diff] DIFF LL_CACHE_RD: 0, DIFF LL_CACHE_MISS_RD: 0, MISS_RATE: 0.00%
[cur diff] DIFF L2D_CACHE_REFILL: 0
[cur diff] DIFF L2D_CACHE_INVAL: 1
[max diff] DIFF LL_CACHE_RD: 12, DIFF LL_CACHE_MISS_RD: 12, MISS_RATE: 100.00%
[max diff] DIFF L2D_CACHE_REFILL: 10
[max diff] DIFF L2D_CACHE_INVAL: 2295

===========================================================
taskpendcnt:213062
t0:916 ns
t1:1625 ns
t2:30916 ns
benchmark: Franka-derived Cartesian-impedance kernel, input trace:8, timer period:1.000 ms
controller source: franka_ros2 jazzy@73a1501d, updates:213084, SVD sweeps:5
pose error:[0.010000 0.015000 0.010000 -0.000000 0.049979 -0.000000]
tau[0:6]:[-0.567483 -0.552304 -0.482512 -0.231067 -0.297494 -0.656094 -0.085004]
kernel exec min/avg/max: 28.58 / 29.31 / 31.50 us, samples:213094
pressure status:1, copy rounds total/window:1540/15, 7.03 rounds/s
pressure logical copy:15400.00 MiB total, approx 70.32 MiB/s, checksum:2050804940800
pressure report window:2.132956 s
t0_region>
[0]:131890
[1]:78863
[2]:2351
[3]:13

t1_region>
[1]:98419
[2]:105589
[3]:7867
[4]:1228
[5]:19

t2_region>
[30]:41795
[31]:147964
[32]:20036
[33]:3159
[34]:163
[35]:11

t0_min: 0.58 us, round:41
t0_max: 3.71 us, round:3825
t0_jitter: 3.13 us

t1_min: 1.38 us, round:2054
t1_max: 5.75 us, round:3825
t1_jitter: 4.38 us

t2_min: 30.25 us, round:33981
t2_max: 35.63 us, round:169096
t2_jitter: 5.38 us

PMU diff samples: 213155
AVG DIFF LL_CACHE_RD: 5.16
AVG DIFF LL_CACHE_MISS_RD: 6.56
AVG DIFF L2D_CACHE_REFILL: 2.50
AVG DIFF L2D_CACHE_INVAL: 244.53
[cur diff] DIFF LL_CACHE_RD: 0, DIFF LL_CACHE_MISS_RD: 0, MISS_RATE: 0.00%
[cur diff] DIFF L2D_CACHE_REFILL: 0
[cur diff] DIFF L2D_CACHE_INVAL: 2
[max diff] DIFF LL_CACHE_RD: 12, DIFF LL_CACHE_MISS_RD: 12, MISS_RATE: 100.00%
[max diff] DIFF L2D_CACHE_REFILL: 10
[max diff] DIFF L2D_CACHE_INVAL: 2295

===========================================================
taskpendcnt:215195
t0:958 ns
t1:1958 ns
t2:30666 ns
benchmark: Franka-derived Cartesian-impedance kernel, input trace:8, timer period:1.000 ms
controller source: franka_ros2 jazzy@73a1501d, updates:215217, SVD sweeps:5
pose error:[0.010000 0.015000 0.010000 -0.000000 0.049979 -0.000000]
tau[0:6]:[0.839771 0.130674 0.617691 0.624912 0.653099 -0.592692 0.265887]
kernel exec min/avg/max: 28.58 / 29.31 / 31.50 us, samples:215227
pressure status:1, copy rounds total/window:1556/16, 7.50 rounds/s
pressure logical copy:15560.00 MiB total, approx 75.03 MiB/s, checksum:2072112005120
pressure report window:2.132407 s
t0_region>
[0]:133836
[1]:79044
[2]:2357
[3]:13

t1_region>
[1]:100321
[2]:105807
[3]:7876
[4]:1232
[5]:19

t2_region>
[30]:42916
[31]:148945
[32]:20061
[33]:3163
[34]:164
[35]:11

t0_min: 0.58 us, round:41
t0_max: 3.71 us, round:3825
t0_jitter: 3.13 us

t1_min: 1.38 us, round:2054
t1_max: 5.75 us, round:3825
t1_jitter: 4.38 us

t2_min: 30.25 us, round:33981
t2_max: 35.63 us, round:169096
t2_jitter: 5.38 us

PMU diff samples: 215287
AVG DIFF LL_CACHE_RD: 5.14
AVG DIFF LL_CACHE_MISS_RD: 6.52
AVG DIFF L2D_CACHE_REFILL: 2.49
AVG DIFF L2D_CACHE_INVAL: 242.75
[cur diff] DIFF LL_CACHE_RD: 0, DIFF LL_CACHE_MISS_RD: 0, MISS_RATE: 0.00%
[cur diff] DIFF L2D_CACHE_REFILL: 0
[cur diff] DIFF L2D_CACHE_INVAL: 0
[max diff] DIFF LL_CACHE_RD: 12, DIFF LL_CACHE_MISS_RD: 12, MISS_RATE: 100.00%
[max diff] DIFF L2D_CACHE_REFILL: 10
[max diff] DIFF L2D_CACHE_INVAL: 2295

===========================================================
taskpendcnt:217328
t0:1291 ns
t1:2291 ns
t2:32166 ns
benchmark: Franka-derived Cartesian-impedance kernel, input trace:8, timer period:1.000 ms
controller source: franka_ros2 jazzy@73a1501d, updates:217350, SVD sweeps:5
pose error:[0.010000 0.015000 0.010000 -0.000000 0.049979 -0.000000]
tau[0:6]:[-2.379368 -1.292411 -1.655224 -1.570015 -1.185234 -0.066588 -0.610247]
kernel exec min/avg/max: 28.58 / 29.31 / 31.50 us, samples:217360
pressure status:1, copy rounds total/window:1571/15, 7.03 rounds/s
pressure logical copy:15710.00 MiB total, approx 70.30 MiB/s, checksum:2092087377920
pressure report window:2.133614 s
t0_region>
[0]:135398
[1]:79593
[2]:2378
[3]:14

t1_region>
[1]:101715
[2]:106483
[3]:7925
[4]:1246
[5]:19

t2_region>
[30]:43530
[31]:150289
[32]:20209
[33]:3185
[34]:169
[35]:12

t0_min: 0.58 us, round:41
t0_max: 3.71 us, round:3825
t0_jitter: 3.13 us

t1_min: 1.38 us, round:2054
t1_max: 5.75 us, round:3825
t1_jitter: 4.38 us

t2_min: 30.25 us, round:33981
t2_max: 35.63 us, round:169096
t2_jitter: 5.38 us

PMU diff samples: 217421
AVG DIFF LL_CACHE_RD: 5.14
AVG DIFF LL_CACHE_MISS_RD: 6.50
AVG DIFF L2D_CACHE_REFILL: 2.48
AVG DIFF L2D_CACHE_INVAL: 242.06
[cur diff] DIFF LL_CACHE_RD: 0, DIFF LL_CACHE_MISS_RD: 0, MISS_RATE: 0.00%
[cur diff] DIFF L2D_CACHE_REFILL: 0
[cur diff] DIFF L2D_CACHE_INVAL: 2
[max diff] DIFF LL_CACHE_RD: 12, DIFF LL_CACHE_MISS_RD: 12, MISS_RATE: 100.00%
[max diff] DIFF L2D_CACHE_REFILL: 10
[max diff] DIFF L2D_CACHE_INVAL: 2295

===========================================================
taskpendcnt:219461
t0:1041 ns
t1:2041 ns
t2:31333 ns
benchmark: Franka-derived Cartesian-impedance kernel, input trace:8, timer period:1.000 ms
controller source: franka_ros2 jazzy@73a1501d, updates:219483, SVD sweeps:5
pose error:[0.010000 0.015000 0.010000 -0.000000 0.049979 -0.000000]
tau[0:6]:[1.376914 -0.104433 0.790225 0.843903 0.642107 -0.956178 0.423547]
kernel exec min/avg/max: 28.58 / 29.31 / 31.50 us, samples:219493
pressure status:1, copy rounds total/window:1587/16, 7.50 rounds/s
pressure logical copy:15870.00 MiB total, approx 75.02 MiB/s, checksum:2113394442240
pressure report window:2.132696 s
t0_region>
[0]:136571
[1]:80525
[2]:2405
[3]:15

t1_region>
[1]:102495
[2]:107719
[3]:8029
[4]:1258
[5]:20

t2_region>
[30]:43809
[31]:151839
[32]:20476
[33]:3220
[34]:171
[35]:12

t0_min: 0.58 us, round:41
t0_max: 3.71 us, round:3825
t0_jitter: 3.13 us

t1_min: 1.38 us, round:2054
t1_max: 5.75 us, round:3825
t1_jitter: 4.38 us

t2_min: 30.25 us, round:33981
t2_max: 35.63 us, round:169096
t2_jitter: 5.38 us

PMU diff samples: 219553
AVG DIFF LL_CACHE_RD: 5.14
AVG DIFF LL_CACHE_MISS_RD: 6.50
AVG DIFF L2D_CACHE_REFILL: 2.48
AVG DIFF L2D_CACHE_INVAL: 242.41
[cur diff] DIFF LL_CACHE_RD: 0, DIFF LL_CACHE_MISS_RD: 0, MISS_RATE: 0.00%
[cur diff] DIFF L2D_CACHE_REFILL: 0
[cur diff] DIFF L2D_CACHE_INVAL: 0
[max diff] DIFF LL_CACHE_RD: 12, DIFF LL_CACHE_MISS_RD: 12, MISS_RATE: 100.00%
[max diff] DIFF L2D_CACHE_REFILL: 10
[max diff] DIFF L2D_CACHE_INVAL: 2295

===========================================================
taskpendcnt:221594
t0:1375 ns
t1:1500 ns
t2:31208 ns
benchmark: Franka-derived Cartesian-impedance kernel, input trace:8, timer period:1.000 ms
controller source: franka_ros2 jazzy@73a1501d, updates:221617, SVD sweeps:5
pose error:[0.010000 0.015000 0.010000 -0.000000 0.049979 -0.000000]
tau[0:6]:[-0.274004 -0.324180 0.001577 -0.231466 0.050986 -0.328952 0.010844]
kernel exec min/avg/max: 28.58 / 29.31 / 31.50 us, samples:221626
pressure status:1, copy rounds total/window:1602/15, 7.03 rounds/s
pressure logical copy:16020.00 MiB total, approx 70.31 MiB/s, checksum:2133369815040
pressure report window:2.133295 s
t0_region>
[0]:137761
[1]:81446
[2]:2427
[3]:15

t1_region>
[1]:103299
[2]:108934
[3]:8124
[4]:1277
[5]:20

t2_region>
[30]:44088
[31]:153376
[32]:20752
[33]:3259
[34]:173
[35]:12

t0_min: 0.58 us, round:41
t0_max: 3.71 us, round:3825
t0_jitter: 3.13 us

t1_min: 1.38 us, round:2054
t1_max: 5.75 us, round:3825
t1_jitter: 4.38 us

t2_min: 30.25 us, round:33981
t2_max: 35.63 us, round:169096
t2_jitter: 5.38 us

PMU diff samples: 221687
AVG DIFF LL_CACHE_RD: 5.14
AVG DIFF LL_CACHE_MISS_RD: 6.51
AVG DIFF L2D_CACHE_REFILL: 2.48
AVG DIFF L2D_CACHE_INVAL: 242.75
[cur diff] DIFF LL_CACHE_RD: 0, DIFF LL_CACHE_MISS_RD: 0, MISS_RATE: 0.00%
[cur diff] DIFF L2D_CACHE_REFILL: 0
[cur diff] DIFF L2D_CACHE_INVAL: 1
[max diff] DIFF LL_CACHE_RD: 12, DIFF LL_CACHE_MISS_RD: 12, MISS_RATE: 100.00%
[max diff] DIFF L2D_CACHE_REFILL: 10
[max diff] DIFF L2D_CACHE_INVAL: 2295

===========================================================
taskpendcnt:223727
t0:958 ns
t1:1666 ns
t2:30958 ns
benchmark: Franka-derived Cartesian-impedance kernel, input trace:8, timer period:1.000 ms
controller source: franka_ros2 jazzy@73a1501d, updates:223750, SVD sweeps:5
pose error:[0.010000 0.015000 0.010000 -0.000000 0.049979 -0.000000]
tau[0:6]:[-2.781770 -1.613002 -1.930139 -1.581803 -1.382951 -0.390599 -0.663394]
kernel exec min/avg/max: 28.58 / 29.31 / 31.50 us, samples:223760
pressure status:1, copy rounds total/window:1617/15, 7.03 rounds/s
pressure logical copy:16170.00 MiB total, approx 70.31 MiB/s, checksum:2153345187840
pressure report window:2.133316 s
t0_region>
[0]:138954
[1]:82353
[2]:2461
[3]:15

t1_region>
[1]:104118
[2]:110131
[3]:8219
[4]:1300
[5]:20

t2_region>
[30]:44369
[31]:154943
[32]:20989
[33]:3303
[34]:178
[35]:12

t0_min: 0.58 us, round:41
t0_max: 3.71 us, round:3825
t0_jitter: 3.13 us

t1_min: 1.38 us, round:2054
t1_max: 5.75 us, round:3825
t1_jitter: 4.38 us

t2_min: 30.25 us, round:33981
t2_max: 35.63 us, round:169096
t2_jitter: 5.38 us

PMU diff samples: 223820
AVG DIFF LL_CACHE_RD: 5.14
AVG DIFF LL_CACHE_MISS_RD: 6.52
AVG DIFF L2D_CACHE_REFILL: 2.49
AVG DIFF L2D_CACHE_INVAL: 243.11
[cur diff] DIFF LL_CACHE_RD: 0, DIFF LL_CACHE_MISS_RD: 0, MISS_RATE: 0.00%
[cur diff] DIFF L2D_CACHE_REFILL: 0
[cur diff] DIFF L2D_CACHE_INVAL: 0
[max diff] DIFF LL_CACHE_RD: 12, DIFF LL_CACHE_MISS_RD: 12, MISS_RATE: 100.00%
[max diff] DIFF L2D_CACHE_REFILL: 10
[max diff] DIFF L2D_CACHE_INVAL: 2295

===========================================================
taskpendcnt:225860
t0:708 ns
t1:1708 ns
t2:31000 ns
benchmark: Franka-derived Cartesian-impedance kernel, input trace:8, timer period:1.000 ms
controller source: franka_ros2 jazzy@73a1501d, updates:225883, SVD sweeps:5
pose error:[0.010000 0.015000 0.010000 -0.000000 0.049979 -0.000000]
tau[0:6]:[1.376914 -0.104433 0.790225 0.843903 0.642107 -0.956178 0.423547]
kernel exec min/avg/max: 28.58 / 29.31 / 31.50 us, samples:225892
pressure status:1, copy rounds total/window:1633/16, 7.50 rounds/s
pressure logical copy:16330.00 MiB total, approx 75.02 MiB/s, checksum:2174652252160
pressure report window:2.132711 s
t0_region>
[0]:140188
[1]:83224
[2]:2489
[3]:15

t1_region>
[1]:104939
[2]:111341
[3]:8306
[4]:1314
[5]:20

t2_region>
[30]:44626
[31]:156528
[32]:21240
[33]:3341
[34]:179
[35]:12

t0_min: 0.58 us, round:41
t0_max: 3.71 us, round:3825
t0_jitter: 3.13 us

t1_min: 1.38 us, round:2054
t1_max: 5.75 us, round:3825
t1_jitter: 4.38 us

t2_min: 30.25 us, round:33981
t2_max: 35.63 us, round:169096
t2_jitter: 5.38 us

PMU diff samples: 225953
AVG DIFF LL_CACHE_RD: 5.14
AVG DIFF LL_CACHE_MISS_RD: 6.52
AVG DIFF L2D_CACHE_REFILL: 2.49
AVG DIFF L2D_CACHE_INVAL: 243.43
[cur diff] DIFF LL_CACHE_RD: 0, DIFF LL_CACHE_MISS_RD: 0, MISS_RATE: 0.00%
[cur diff] DIFF L2D_CACHE_REFILL: 0
[cur diff] DIFF L2D_CACHE_INVAL: 0
[max diff] DIFF LL_CACHE_RD: 12, DIFF LL_CACHE_MISS_RD: 12, MISS_RATE: 100.00%
[max diff] DIFF L2D_CACHE_REFILL: 10
[max diff] DIFF L2D_CACHE_INVAL: 2295

===========================================================
taskpendcnt:227993
t0:1041 ns
t1:1750 ns
t2:31041 ns
benchmark: Franka-derived Cartesian-impedance kernel, input trace:8, timer period:1.000 ms
controller source: franka_ros2 jazzy@73a1501d, updates:228016, SVD sweeps:5
pose error:[0.010000 0.015000 0.010000 -0.000000 0.049979 -0.000000]
tau[0:6]:[-0.274004 -0.324180 0.001577 -0.231466 0.050986 -0.328952 0.010844]
kernel exec min/avg/max: 28.58 / 29.31 / 31.50 us, samples:228026
pressure status:1, copy rounds total/window:1648/15, 7.03 rounds/s
pressure logical copy:16480.00 MiB total, approx 70.31 MiB/s, checksum:2194627624960
pressure report window:2.133376 s
t0_region>
[0]:141443
[1]:84066
[2]:2525
[3]:15

t1_region>
[1]:105781
[2]:112525
[3]:8392
[4]:1336
[5]:20

t2_region>
[30]:44870
[31]:158137
[32]:21473
[33]:3386
[34]:182
[35]:12

t0_min: 0.58 us, round:41
t0_max: 3.71 us, round:3825
t0_jitter: 3.13 us

t1_min: 1.38 us, round:2054
t1_max: 5.75 us, round:3825
t1_jitter: 4.38 us

t2_min: 30.25 us, round:33981
t2_max: 35.63 us, round:169096
t2_jitter: 5.38 us

PMU diff samples: 228086
AVG DIFF LL_CACHE_RD: 5.15
AVG DIFF LL_CACHE_MISS_RD: 6.53
AVG DIFF L2D_CACHE_REFILL: 2.49
AVG DIFF L2D_CACHE_INVAL: 243.74
[cur diff] DIFF LL_CACHE_RD: 0, DIFF LL_CACHE_MISS_RD: 0, MISS_RATE: 0.00%
[cur diff] DIFF L2D_CACHE_REFILL: 0
[cur diff] DIFF L2D_CACHE_INVAL: 0
[max diff] DIFF LL_CACHE_RD: 12, DIFF LL_CACHE_MISS_RD: 12, MISS_RATE: 100.00%
[max diff] DIFF L2D_CACHE_REFILL: 10
[max diff] DIFF L2D_CACHE_INVAL: 2295

===========================================================
taskpendcnt:230127
t0:791 ns
t1:1791 ns
t2:30791 ns
benchmark: Franka-derived Cartesian-impedance kernel, input trace:8, timer period:1.000 ms
controller source: franka_ros2 jazzy@73a1501d, updates:230149, SVD sweeps:5
pose error:[0.010000 0.015000 0.010000 -0.000000 0.049979 -0.000000]
tau[0:6]:[-2.781770 -1.613002 -1.930139 -1.581803 -1.382951 -0.390599 -0.663394]
kernel exec min/avg/max: 28.58 / 29.31 / 31.50 us, samples:230159
pressure status:1, copy rounds total/window:1663/15, 7.03 rounds/s
pressure logical copy:16630.00 MiB total, approx 70.31 MiB/s, checksum:2214602997760
pressure report window:2.133309 s
t0_region>
[0]:142688
[1]:84927
[2]:2552
[3]:15

t1_region>
[1]:106589
[2]:113735
[3]:8489
[4]:1353
[5]:21

t2_region>
[30]:45134
[31]:159721
[32]:21715
[33]:3425
[34]:187
[35]:12

t0_min: 0.58 us, round:41
t0_max: 3.71 us, round:3825
t0_jitter: 3.13 us

t1_min: 1.38 us, round:2054
t1_max: 5.75 us, round:3825
t1_jitter: 4.38 us

t2_min: 30.25 us, round:33981
t2_max: 35.63 us, round:169096
t2_jitter: 5.38 us

PMU diff samples: 230219
AVG DIFF LL_CACHE_RD: 5.15
AVG DIFF LL_CACHE_MISS_RD: 6.53
AVG DIFF L2D_CACHE_REFILL: 2.49
AVG DIFF L2D_CACHE_INVAL: 244.06
[cur diff] DIFF LL_CACHE_RD: 0, DIFF LL_CACHE_MISS_RD: 0, MISS_RATE: 0.00%
[cur diff] DIFF L2D_CACHE_REFILL: 0
[cur diff] DIFF L2D_CACHE_INVAL: 1
[max diff] DIFF LL_CACHE_RD: 12, DIFF LL_CACHE_MISS_RD: 12, MISS_RATE: 100.00%
[max diff] DIFF L2D_CACHE_REFILL: 10
[max diff] DIFF L2D_CACHE_INVAL: 2295

===========================================================
taskpendcnt:232260
t0:1708 ns
t1:1833 ns
t2:31416 ns
benchmark: Franka-derived Cartesian-impedance kernel, input trace:8, timer period:1.000 ms
controller source: franka_ros2 jazzy@73a1501d, updates:232282, SVD sweeps:5
pose error:[0.010000 0.015000 0.010000 -0.000000 0.049979 -0.000000]
tau[0:6]:[1.228026 0.081850 0.819520 0.875435 0.745706 -0.833381 0.398995]
kernel exec min/avg/max: 28.58 / 29.31 / 31.50 us, samples:232292
pressure status:1, copy rounds total/window:1679/16, 7.50 rounds/s
pressure logical copy:16790.00 MiB total, approx 75.02 MiB/s, checksum:2235910062080
pressure report window:2.132642 s
t0_region>
[0]:143848
[1]:85874
[2]:2579
[3]:15

t1_region>
[1]:107422
[2]:114918
[3]:8590
[4]:1368
[5]:22

t2_region>
[30]:45376
[31]:161320
[32]:21961
[33]:3465
[34]:191
[35]:12

t0_min: 0.58 us, round:41
t0_max: 3.71 us, round:3825
t0_jitter: 3.13 us

t1_min: 1.38 us, round:2054
t1_max: 5.75 us, round:3825
t1_jitter: 4.38 us

t2_min: 30.25 us, round:33981
t2_max: 35.63 us, round:169096
t2_jitter: 5.38 us

PMU diff samples: 232352
AVG DIFF LL_CACHE_RD: 5.15
AVG DIFF LL_CACHE_MISS_RD: 6.54
AVG DIFF L2D_CACHE_REFILL: 2.50
AVG DIFF L2D_CACHE_INVAL: 244.33
[cur diff] DIFF LL_CACHE_RD: 0, DIFF LL_CACHE_MISS_RD: 0, MISS_RATE: 0.00%
[cur diff] DIFF L2D_CACHE_REFILL: 0
[cur diff] DIFF L2D_CACHE_INVAL: 1
[max diff] DIFF LL_CACHE_RD: 12, DIFF LL_CACHE_MISS_RD: 12, MISS_RATE: 100.00%
[max diff] DIFF L2D_CACHE_REFILL: 10
[max diff] DIFF L2D_CACHE_INVAL: 2295

===========================================================
taskpendcnt:234393
t0:1166 ns
t1:1583 ns
t2:31458 ns
benchmark: Franka-derived Cartesian-impedance kernel, input trace:8, timer period:1.000 ms
controller source: franka_ros2 jazzy@73a1501d, updates:234415, SVD sweeps:5
pose error:[0.010000 0.015000 0.010000 -0.000000 0.049979 -0.000000]
tau[0:6]:[-1.839419 -0.921560 -1.193198 -1.195971 -0.861243 0.113634 -0.461388]
kernel exec min/avg/max: 28.58 / 29.31 / 31.50 us, samples:234425
pressure status:1, copy rounds total/window:1694/15, 7.03 rounds/s
pressure logical copy:16940.00 MiB total, approx 70.31 MiB/s, checksum:2255885434880
pressure report window:2.133527 s
t0_region>
[0]:145051
[1]:86782
[2]:2600
[3]:15

t1_region>
[1]:108250
[2]:116121
[3]:8684
[4]:1376
[5]:22

t2_region>
[30]:45654
[31]:162916
[32]:22188
[33]:3498
[34]:191
[35]:12

t0_min: 0.58 us, round:41
t0_max: 3.71 us, round:3825
t0_jitter: 3.13 us

t1_min: 1.38 us, round:2054
t1_max: 5.75 us, round:3825
t1_jitter: 4.38 us

t2_min: 30.25 us, round:33981
t2_max: 35.63 us, round:169096
t2_jitter: 5.38 us

PMU diff samples: 234486
AVG DIFF LL_CACHE_RD: 5.15
AVG DIFF LL_CACHE_MISS_RD: 6.55
AVG DIFF L2D_CACHE_REFILL: 2.50
AVG DIFF L2D_CACHE_INVAL: 244.55
[cur diff] DIFF LL_CACHE_RD: 0, DIFF LL_CACHE_MISS_RD: 0, MISS_RATE: 0.00%
[cur diff] DIFF L2D_CACHE_REFILL: 0
[cur diff] DIFF L2D_CACHE_INVAL: 0
[max diff] DIFF LL_CACHE_RD: 12, DIFF LL_CACHE_MISS_RD: 12, MISS_RATE: 100.00%
[max diff] DIFF L2D_CACHE_REFILL: 10
[max diff] DIFF L2D_CACHE_INVAL: 2295

===========================================================
taskpendcnt:236526
t0:916 ns
t1:1916 ns
t2:31208 ns
benchmark: Franka-derived Cartesian-impedance kernel, input trace:8, timer period:1.000 ms
controller source: franka_ros2 jazzy@73a1501d, updates:236548, SVD sweeps:5
pose error:[0.010000 0.015000 0.010000 -0.000000 0.049979 -0.000000]
tau[0:6]:[-0.567483 -0.552304 -0.482512 -0.231067 -0.297494 -0.656094 -0.085004]
kernel exec min/avg/max: 28.58 / 29.31 / 31.50 us, samples:236558
pressure status:1, copy rounds total/window:1709/15, 7.03 rounds/s
pressure logical copy:17090.00 MiB total, approx 70.32 MiB/s, checksum:2275860807680
pressure report window:2.133114 s
t0_region>
[0]:146287
[1]:87650
[2]:2629
[3]:15

t1_region>
[1]:109095
[2]:117312
[3]:8759
[4]:1398
[5]:22

t2_region>
[30]:45965
[31]:164463
[32]:22426
[33]:3536
[34]:191
[35]:12

t0_min: 0.58 us, round:41
t0_max: 3.71 us, round:3825
t0_jitter: 3.13 us

t1_min: 1.38 us, round:2054
t1_max: 5.75 us, round:3825
t1_jitter: 4.38 us

t2_min: 30.25 us, round:33981
t2_max: 35.63 us, round:169096
t2_jitter: 5.38 us

PMU diff samples: 236619
AVG DIFF LL_CACHE_RD: 5.16
AVG DIFF LL_CACHE_MISS_RD: 6.55
AVG DIFF L2D_CACHE_REFILL: 2.50
AVG DIFF L2D_CACHE_INVAL: 244.80
[cur diff] DIFF LL_CACHE_RD: 0, DIFF LL_CACHE_MISS_RD: 0, MISS_RATE: 0.00%
[cur diff] DIFF L2D_CACHE_REFILL: 0
[cur diff] DIFF L2D_CACHE_INVAL: 0
[max diff] DIFF LL_CACHE_RD: 12, DIFF LL_CACHE_MISS_RD: 12, MISS_RATE: 100.00%
[max diff] DIFF L2D_CACHE_REFILL: 10
[max diff] DIFF L2D_CACHE_INVAL: 2295

===========================================================
taskpendcnt:238659
t0:1250 ns
t1:1666 ns
t2:30958 ns
benchmark: Franka-derived Cartesian-impedance kernel, input trace:8, timer period:1.000 ms
controller source: franka_ros2 jazzy@73a1501d, updates:238682, SVD sweeps:5
pose error:[0.010000 0.015000 0.010000 -0.000000 0.049979 -0.000000]
tau[0:6]:[0.839771 0.130674 0.617691 0.624912 0.653099 -0.592692 0.265887]
kernel exec min/avg/max: 28.58 / 29.31 / 31.50 us, samples:238691
pressure status:1, copy rounds total/window:1725/16, 7.50 rounds/s
pressure logical copy:17250.00 MiB total, approx 75.02 MiB/s, checksum:2297167872000
pressure report window:2.132671 s
t0_region>
[0]:147513
[1]:88531
[2]:2655
[3]:15

t1_region>
[1]:109918
[2]:118518
[3]:8850
[4]:1411
[5]:22

t2_region>
[30]:46232
[31]:166063
[32]:22649
[33]:3576
[34]:194
[35]:12

t0_min: 0.58 us, round:41
t0_max: 3.71 us, round:3825
t0_jitter: 3.13 us

t1_min: 1.38 us, round:2054
t1_max: 5.75 us, round:3825
t1_jitter: 4.38 us

t2_min: 30.25 us, round:33981
t2_max: 35.63 us, round:169096
t2_jitter: 5.38 us

PMU diff samples: 238751
AVG DIFF LL_CACHE_RD: 5.16
AVG DIFF LL_CACHE_MISS_RD: 6.56
AVG DIFF L2D_CACHE_REFILL: 2.50
AVG DIFF L2D_CACHE_INVAL: 245.03
[cur diff] DIFF LL_CACHE_RD: 0, DIFF LL_CACHE_MISS_RD: 0, MISS_RATE: 0.00%
[cur diff] DIFF L2D_CACHE_REFILL: 0
[cur diff] DIFF L2D_CACHE_INVAL: 0
[max diff] DIFF LL_CACHE_RD: 12, DIFF LL_CACHE_MISS_RD: 12, MISS_RATE: 100.00%
[max diff] DIFF L2D_CACHE_REFILL: 10
[max diff] DIFF L2D_CACHE_INVAL: 2295

===========================================================
taskpendcnt:240792
t0:1583 ns
t1:1708 ns
t2:31125 ns
benchmark: Franka-derived Cartesian-impedance kernel, input trace:8, timer period:1.000 ms
controller source: franka_ros2 jazzy@73a1501d, updates:240815, SVD sweeps:5
pose error:[0.010000 0.015000 0.010000 -0.000000 0.049979 -0.000000]
tau[0:6]:[-2.379368 -1.292411 -1.655224 -1.570015 -1.185234 -0.066588 -0.610247]
kernel exec min/avg/max: 28.58 / 29.31 / 31.50 us, samples:240824
pressure status:1, copy rounds total/window:1740/15, 7.03 rounds/s
pressure logical copy:17400.00 MiB total, approx 70.30 MiB/s, checksum:2317143244800
pressure report window:2.133618 s
t0_region>
[0]:148739
[1]:89415
[2]:2680
[3]:15

t1_region>
[1]:110764
[2]:119712
[3]:8932
[4]:1422
[5]:22

t2_region>
[30]:46562
[31]:167622
[32]:22869
[33]:3598
[34]:195
[35]:12

t0_min: 0.58 us, round:41
t0_max: 3.71 us, round:3825
t0_jitter: 3.13 us

t1_min: 1.38 us, round:2054
t1_max: 5.75 us, round:3825
t1_jitter: 4.38 us

t2_min: 30.25 us, round:33981
t2_max: 35.63 us, round:169096
t2_jitter: 5.38 us

PMU diff samples: 240885
AVG DIFF LL_CACHE_RD: 5.16
AVG DIFF LL_CACHE_MISS_RD: 6.57
AVG DIFF L2D_CACHE_REFILL: 2.51
AVG DIFF L2D_CACHE_INVAL: 245.25
[cur diff] DIFF LL_CACHE_RD: 0, DIFF LL_CACHE_MISS_RD: 0, MISS_RATE: 0.00%
[cur diff] DIFF L2D_CACHE_REFILL: 0
[cur diff] DIFF L2D_CACHE_INVAL: 0
[max diff] DIFF LL_CACHE_RD: 12, DIFF LL_CACHE_MISS_RD: 12, MISS_RATE: 100.00%
[max diff] DIFF L2D_CACHE_REFILL: 10
[max diff] DIFF L2D_CACHE_INVAL: 2295

===========================================================
taskpendcnt:242925
t0:875 ns
t1:1583 ns
t2:30875 ns
benchmark: Franka-derived Cartesian-impedance kernel, input trace:8, timer period:1.000 ms
controller source: franka_ros2 jazzy@73a1501d, updates:242948, SVD sweeps:5
pose error:[0.010000 0.015000 0.010000 -0.000000 0.049979 -0.000000]
tau[0:6]:[1.376914 -0.104433 0.790225 0.843903 0.642107 -0.956178 0.423547]
kernel exec min/avg/max: 28.58 / 29.31 / 31.50 us, samples:242957
pressure status:1, copy rounds total/window:1756/16, 7.50 rounds/s
pressure logical copy:17560.00 MiB total, approx 75.03 MiB/s, checksum:2338450309120
pressure report window:2.132608 s
t0_region>
[0]:149963
[1]:90292
[2]:2710
[3]:15

t1_region>
[1]:111628
[2]:120888
[3]:9008
[4]:1439
[5]:22

t2_region>
[30]:46827
[31]:169247
[32]:23075
[33]:3634
[34]:196
[35]:12

t0_min: 0.58 us, round:41
t0_max: 3.71 us, round:3825
t0_jitter: 3.13 us

t1_min: 1.38 us, round:2054
t1_max: 5.75 us, round:3825
t1_jitter: 4.38 us

t2_min: 30.25 us, round:33981
t2_max: 35.63 us, round:169096
t2_jitter: 5.38 us

PMU diff samples: 243018
AVG DIFF LL_CACHE_RD: 5.16
AVG DIFF LL_CACHE_MISS_RD: 6.57
AVG DIFF L2D_CACHE_REFILL: 2.51
AVG DIFF L2D_CACHE_INVAL: 245.46
[cur diff] DIFF LL_CACHE_RD: 0, DIFF LL_CACHE_MISS_RD: 0, MISS_RATE: 0.00%
[cur diff] DIFF L2D_CACHE_REFILL: 0
[cur diff] DIFF L2D_CACHE_INVAL: 1
[max diff] DIFF LL_CACHE_RD: 12, DIFF LL_CACHE_MISS_RD: 12, MISS_RATE: 100.00%
[max diff] DIFF L2D_CACHE_REFILL: 10
[max diff] DIFF L2D_CACHE_INVAL: 2295

===========================================================
taskpendcnt:245058
t0:1208 ns
t1:1625 ns
t2:30916 ns
benchmark: Franka-derived Cartesian-impedance kernel, input trace:8, timer period:1.000 ms
controller source: franka_ros2 jazzy@73a1501d, updates:245081, SVD sweeps:5
pose error:[0.010000 0.015000 0.010000 -0.000000 0.049979 -0.000000]
tau[0:6]:[0.839771 0.130674 0.617691 0.624912 0.653099 -0.592692 0.265887]
kernel exec min/avg/max: 28.58 / 29.31 / 31.50 us, samples:245090
pressure status:1, copy rounds total/window:1771/15, 7.03 rounds/s
pressure logical copy:17710.00 MiB total, approx 70.32 MiB/s, checksum:2358425681920
pressure report window:2.133100 s
t0_region>
[0]:151221
[1]:91140
[2]:2737
[3]:15

t1_region>
[1]:112490
[2]:122073
[3]:9081
[4]:1452
[5]:22

t2_region>
[30]:47127
[31]:170839
[32]:23280
[33]:3668
[34]:198
[35]:12

t0_min: 0.58 us, round:41
t0_max: 3.71 us, round:3825
t0_jitter: 3.13 us

t1_min: 1.38 us, round:2054
t1_max: 5.75 us, round:3825
t1_jitter: 4.38 us

t2_min: 30.25 us, round:33981
t2_max: 35.63 us, round:169096
t2_jitter: 5.38 us

PMU diff samples: 245151
AVG DIFF LL_CACHE_RD: 5.17
AVG DIFF LL_CACHE_MISS_RD: 6.57
AVG DIFF L2D_CACHE_REFILL: 2.51
AVG DIFF L2D_CACHE_INVAL: 245.67
[cur diff] DIFF LL_CACHE_RD: 0, DIFF LL_CACHE_MISS_RD: 0, MISS_RATE: 0.00%
[cur diff] DIFF L2D_CACHE_REFILL: 0
[cur diff] DIFF L2D_CACHE_INVAL: 0
[max diff] DIFF LL_CACHE_RD: 12, DIFF LL_CACHE_MISS_RD: 12, MISS_RATE: 100.00%
[max diff] DIFF L2D_CACHE_REFILL: 10
[max diff] DIFF L2D_CACHE_INVAL: 2295

===========================================================
taskpendcnt:247191
t0:958 ns
t1:2250 ns
t2:31250 ns
benchmark: Franka-derived Cartesian-impedance kernel, input trace:8, timer period:1.000 ms
controller source: franka_ros2 jazzy@73a1501d, updates:247214, SVD sweeps:5
pose error:[0.010000 0.015000 0.010000 -0.000000 0.049979 -0.000000]
tau[0:6]:[-2.379368 -1.292411 -1.655224 -1.570015 -1.185234 -0.066588 -0.610247]
kernel exec min/avg/max: 28.58 / 29.31 / 31.50 us, samples:247224
pressure status:1, copy rounds total/window:1786/15, 7.03 rounds/s
pressure logical copy:17860.00 MiB total, approx 70.30 MiB/s, checksum:2378401054720
pressure report window:2.133580 s
t0_region>
[0]:152469
[1]:92001
[2]:2762
[3]:15

t1_region>
[1]:113325
[2]:123276
[3]:9169
[4]:1460
[5]:22

t2_region>
[30]:47431
[31]:172406
[32]:23509
[33]:3701
[34]:199
[35]:12

t0_min: 0.58 us, round:41
t0_max: 3.71 us, round:3825
t0_jitter: 3.13 us

t1_min: 1.38 us, round:2054
t1_max: 5.75 us, round:3825
t1_jitter: 4.38 us

t2_min: 30.25 us, round:33981
t2_max: 35.63 us, round:169096
t2_jitter: 5.38 us

PMU diff samples: 247284
AVG DIFF LL_CACHE_RD: 5.17
AVG DIFF LL_CACHE_MISS_RD: 6.58
AVG DIFF L2D_CACHE_REFILL: 2.51
AVG DIFF L2D_CACHE_INVAL: 245.89
[cur diff] DIFF LL_CACHE_RD: 0, DIFF LL_CACHE_MISS_RD: 0, MISS_RATE: 0.00%
[cur diff] DIFF L2D_CACHE_REFILL: 0
[cur diff] DIFF L2D_CACHE_INVAL: 0
[max diff] DIFF LL_CACHE_RD: 12, DIFF LL_CACHE_MISS_RD: 12, MISS_RATE: 100.00%
[max diff] DIFF L2D_CACHE_REFILL: 10
[max diff] DIFF L2D_CACHE_INVAL: 2295

===========================================================
taskpendcnt:249324
t0:1000 ns
t1:2291 ns
t2:31291 ns
benchmark: Franka-derived Cartesian-impedance kernel, input trace:8, timer period:1.000 ms
controller source: franka_ros2 jazzy@73a1501d, updates:249347, SVD sweeps:5
pose error:[0.010000 0.015000 0.010000 -0.000000 0.049979 -0.000000]
tau[0:6]:[1.376914 -0.104433 0.790225 0.843903 0.642107 -0.956178 0.423547]
kernel exec min/avg/max: 28.58 / 29.31 / 31.50 us, samples:249357
pressure status:1, copy rounds total/window:1802/16, 7.50 rounds/s
pressure logical copy:18020.00 MiB total, approx 75.02 MiB/s, checksum:2399708119040
pressure report window:2.132760 s
t0_region>
[0]:153748
[1]:92836
[2]:2781
[3]:15

t1_region>
[1]:114197
[2]:124451
[3]:9243
[4]:1472
[5]:22

t2_region>
[30]:47709
[31]:173996
[32]:23741
[33]:3732
[34]:201
[35]:12

t0_min: 0.58 us, round:41
t0_max: 3.71 us, round:3825
t0_jitter: 3.13 us

t1_min: 1.38 us, round:2054
t1_max: 5.75 us, round:3825
t1_jitter: 4.38 us

t2_min: 30.25 us, round:33981
t2_max: 35.63 us, round:169096
t2_jitter: 5.38 us

PMU diff samples: 249417
AVG DIFF LL_CACHE_RD: 5.17
AVG DIFF LL_CACHE_MISS_RD: 6.58
AVG DIFF L2D_CACHE_REFILL: 2.51
AVG DIFF L2D_CACHE_INVAL: 246.05
[cur diff] DIFF LL_CACHE_RD: 0, DIFF LL_CACHE_MISS_RD: 0, MISS_RATE: 0.00%
[cur diff] DIFF L2D_CACHE_REFILL: 0
[cur diff] DIFF L2D_CACHE_INVAL: 0
[max diff] DIFF LL_CACHE_RD: 12, DIFF LL_CACHE_MISS_RD: 12, MISS_RATE: 100.00%
[max diff] DIFF L2D_CACHE_REFILL: 10
[max diff] DIFF L2D_CACHE_INVAL: 2295

===========================================================
taskpendcnt:251458
t0:1333 ns
t1:1750 ns
t2:31916 ns
benchmark: Franka-derived Cartesian-impedance kernel, input trace:8, timer period:1.000 ms
controller source: franka_ros2 jazzy@73a1501d, updates:251480, SVD sweeps:5
pose error:[0.010000 0.015000 0.010000 -0.000000 0.049979 -0.000000]
tau[0:6]:[-0.274004 -0.324180 0.001577 -0.231466 0.050986 -0.328952 0.010844]
kernel exec min/avg/max: 28.58 / 29.31 / 31.50 us, samples:251490
pressure status:1, copy rounds total/window:1817/15, 7.03 rounds/s
pressure logical copy:18170.00 MiB total, approx 70.31 MiB/s, checksum:2419683491840
pressure report window:2.133265 s
t0_region>
[0]:155050
[1]:93641
[2]:2807
[3]:15

t1_region>
[1]:115127
[2]:125572
[3]:9316
[4]:1481
[5]:22

t2_region>
[30]:48002
[31]:175589
[32]:23951
[33]:3767
[34]:204
[35]:12

t0_min: 0.58 us, round:41
t0_max: 3.71 us, round:3825
t0_jitter: 3.13 us

t1_min: 1.38 us, round:2054
t1_max: 5.75 us, round:3825
t1_jitter: 4.38 us

t2_min: 30.25 us, round:33981
t2_max: 35.63 us, round:169096
t2_jitter: 5.38 us

PMU diff samples: 251550
AVG DIFF LL_CACHE_RD: 5.17
AVG DIFF LL_CACHE_MISS_RD: 6.59
AVG DIFF L2D_CACHE_REFILL: 2.51
AVG DIFF L2D_CACHE_INVAL: 246.22
[cur diff] DIFF LL_CACHE_RD: 0, DIFF LL_CACHE_MISS_RD: 0, MISS_RATE: 0.00%
[cur diff] DIFF L2D_CACHE_REFILL: 0
[cur diff] DIFF L2D_CACHE_INVAL: 1
[max diff] DIFF LL_CACHE_RD: 12, DIFF LL_CACHE_MISS_RD: 12, MISS_RATE: 100.00%
[max diff] DIFF L2D_CACHE_REFILL: 10
[max diff] DIFF L2D_CACHE_INVAL: 2295

===========================================================
taskpendcnt:253591
t0:1083 ns
t1:1791 ns
t2:31375 ns
benchmark: Franka-derived Cartesian-impedance kernel, input trace:8, timer period:1.000 ms
controller source: franka_ros2 jazzy@73a1501d, updates:253613, SVD sweeps:5
pose error:[0.010000 0.015000 0.010000 -0.000000 0.049979 -0.000000]
tau[0:6]:[-2.781770 -1.613002 -1.930139 -1.581803 -1.382951 -0.390599 -0.663394]
kernel exec min/avg/max: 28.58 / 29.31 / 31.50 us, samples:253623
pressure status:1, copy rounds total/window:1833/16, 7.50 rounds/s
pressure logical copy:18330.00 MiB total, approx 75.00 MiB/s, checksum:2440990556160
pressure report window:2.133275 s
t0_region>
[0]:156368
[1]:94438
[2]:2825
[3]:15

t1_region>
[1]:116092
[2]:126651
[3]:9392
[4]:1494
[5]:22

t2_region>
[30]:48293
[31]:177197
[32]:24155
[33]:3792
[34]:208
[35]:12

t0_min: 0.58 us, round:41
t0_max: 3.71 us, round:3825
t0_jitter: 3.13 us

t1_min: 1.38 us, round:2054
t1_max: 5.75 us, round:3825
t1_jitter: 4.38 us

t2_min: 30.25 us, round:33981
t2_max: 35.63 us, round:169096
t2_jitter: 5.38 us

PMU diff samples: 253684
AVG DIFF LL_CACHE_RD: 5.17
AVG DIFF LL_CACHE_MISS_RD: 6.59
AVG DIFF L2D_CACHE_REFILL: 2.51
AVG DIFF L2D_CACHE_INVAL: 246.31
[cur diff] DIFF LL_CACHE_RD: 0, DIFF LL_CACHE_MISS_RD: 0, MISS_RATE: 0.00%
[cur diff] DIFF L2D_CACHE_REFILL: 0
[cur diff] DIFF L2D_CACHE_INVAL: 0
[max diff] DIFF LL_CACHE_RD: 12, DIFF LL_CACHE_MISS_RD: 12, MISS_RATE: 100.00%
[max diff] DIFF L2D_CACHE_REFILL: 10
[max diff] DIFF L2D_CACHE_INVAL: 2295

===========================================================
taskpendcnt:255724
t0:1125 ns
t1:1833 ns
t2:30541 ns
benchmark: Franka-derived Cartesian-impedance kernel, input trace:8, timer period:1.000 ms
controller source: franka_ros2 jazzy@73a1501d, updates:255746, SVD sweeps:5
pose error:[0.010000 0.015000 0.010000 -0.000000 0.049979 -0.000000]
tau[0:6]:[1.228026 0.081850 0.819520 0.875435 0.745706 -0.833381 0.398995]
kernel exec min/avg/max: 28.58 / 29.31 / 31.50 us, samples:255756
pressure status:1, copy rounds total/window:1848/15, 7.03 rounds/s
pressure logical copy:18480.00 MiB total, approx 70.34 MiB/s, checksum:2460965928960
pressure report window:2.132556 s
t0_region>
[0]:157679
[1]:95247
[2]:2838
[3]:15

t1_region>
[1]:117054
[2]:127754
[3]:9459
[4]:1495
[5]:22

t2_region>
[30]:48654
[31]:178769
[32]:24339
[33]:3806
[34]:209
[35]:12

t0_min: 0.58 us, round:41
t0_max: 3.71 us, round:3825
t0_jitter: 3.13 us

t1_min: 1.38 us, round:2054
t1_max: 5.75 us, round:3825
t1_jitter: 4.38 us

t2_min: 30.25 us, round:33981
t2_max: 35.63 us, round:169096
t2_jitter: 5.38 us

PMU diff samples: 255816
AVG DIFF LL_CACHE_RD: 5.17
AVG DIFF LL_CACHE_MISS_RD: 6.59
AVG DIFF L2D_CACHE_REFILL: 2.52
AVG DIFF L2D_CACHE_INVAL: 246.38
[cur diff] DIFF LL_CACHE_RD: 0, DIFF LL_CACHE_MISS_RD: 0, MISS_RATE: 0.00%
[cur diff] DIFF L2D_CACHE_REFILL: 0
[cur diff] DIFF L2D_CACHE_INVAL: 1
[max diff] DIFF LL_CACHE_RD: 12, DIFF LL_CACHE_MISS_RD: 12, MISS_RATE: 100.00%
[max diff] DIFF L2D_CACHE_REFILL: 10
[max diff] DIFF L2D_CACHE_INVAL: 2295

===========================================================
taskpendcnt:257857
t0:1166 ns
t1:1875 ns
t2:30875 ns
benchmark: Franka-derived Cartesian-impedance kernel, input trace:8, timer period:1.000 ms
controller source: franka_ros2 jazzy@73a1501d, updates:257879, SVD sweeps:5
pose error:[0.010000 0.015000 0.010000 -0.000000 0.049979 -0.000000]
tau[0:6]:[-1.839419 -0.921560 -1.193198 -1.195971 -0.861243 0.113634 -0.461388]
kernel exec min/avg/max: 28.58 / 29.31 / 31.50 us, samples:257889
pressure status:1, copy rounds total/window:1863/15, 7.03 rounds/s
pressure logical copy:18630.00 MiB total, approx 70.31 MiB/s, checksum:2480941301760
pressure report window:2.133510 s
t0_region>
[0]:158980
[1]:96066
[2]:2851
[3]:15

t1_region>
[1]:118037
[2]:128821
[3]:9538
[4]:1499
[5]:22

t2_region>
[30]:48986
[31]:180359
[32]:24535
[33]:3823
[34]:209
[35]:12

t0_min: 0.58 us, round:41
t0_max: 3.71 us, round:3825
t0_jitter: 3.13 us

t1_min: 1.38 us, round:2054
t1_max: 5.75 us, round:3825
t1_jitter: 4.38 us

t2_min: 30.25 us, round:33981
t2_max: 35.63 us, round:169096
t2_jitter: 5.38 us

PMU diff samples: 257950
AVG DIFF LL_CACHE_RD: 5.17
AVG DIFF LL_CACHE_MISS_RD: 6.59
AVG DIFF L2D_CACHE_REFILL: 2.52
AVG DIFF L2D_CACHE_INVAL: 246.48
[cur diff] DIFF LL_CACHE_RD: 0, DIFF LL_CACHE_MISS_RD: 0, MISS_RATE: 0.00%
[cur diff] DIFF L2D_CACHE_REFILL: 0
[cur diff] DIFF L2D_CACHE_INVAL: 0
[max diff] DIFF LL_CACHE_RD: 12, DIFF LL_CACHE_MISS_RD: 12, MISS_RATE: 100.00%
[max diff] DIFF L2D_CACHE_REFILL: 10
[max diff] DIFF L2D_CACHE_INVAL: 2295

===========================================================
taskpendcnt:259990
t0:1208 ns
t1:1916 ns
t2:30916 ns
benchmark: Franka-derived Cartesian-impedance kernel, input trace:8, timer period:1.000 ms
controller source: franka_ros2 jazzy@73a1501d, updates:260012, SVD sweeps:5
pose error:[0.010000 0.015000 0.010000 -0.000000 0.049979 -0.000000]
tau[0:6]:[-0.567483 -0.552304 -0.482512 -0.231067 -0.297494 -0.656094 -0.085004]
kernel exec min/avg/max: 28.58 / 29.31 / 31.50 us, samples:260022
pressure status:1, copy rounds total/window:1879/16, 7.50 rounds/s
pressure logical copy:18790.00 MiB total, approx 75.01 MiB/s, checksum:2502248366080
pressure report window:2.133149 s
t0_region>
[0]:160254
[1]:96901
[2]:2876
[3]:15

t1_region>
[1]:118985
[2]:129919
[3]:9616
[4]:1508
[5]:22

t2_region>
[30]:49351
[31]:181904
[32]:24724
[33]:3856
[34]:210
[35]:12

t0_min: 0.58 us, round:41
t0_max: 3.71 us, round:3825
t0_jitter: 3.13 us

t1_min: 1.38 us, round:2054
t1_max: 5.75 us, round:3825
t1_jitter: 4.38 us

t2_min: 30.25 us, round:33981
t2_max: 35.63 us, round:169096
t2_jitter: 5.38 us

PMU diff samples: 260083
AVG DIFF LL_CACHE_RD: 5.17
AVG DIFF LL_CACHE_MISS_RD: 6.59
AVG DIFF L2D_CACHE_REFILL: 2.52
AVG DIFF L2D_CACHE_INVAL: 246.58
[cur diff] DIFF LL_CACHE_RD: 0, DIFF LL_CACHE_MISS_RD: 0, MISS_RATE: 0.00%
[cur diff] DIFF L2D_CACHE_REFILL: 0
[cur diff] DIFF L2D_CACHE_INVAL: 0
[max diff] DIFF LL_CACHE_RD: 12, DIFF LL_CACHE_MISS_RD: 12, MISS_RATE: 100.00%
[max diff] DIFF L2D_CACHE_REFILL: 10
[max diff] DIFF L2D_CACHE_INVAL: 2295

===========================================================
taskpendcnt:262123
t0:958 ns
t1:1666 ns
t2:30958 ns
benchmark: Franka-derived Cartesian-impedance kernel, input trace:8, timer period:1.000 ms
controller source: franka_ros2 jazzy@73a1501d, updates:262145, SVD sweeps:5
pose error:[0.010000 0.015000 0.010000 -0.000000 0.049979 -0.000000]
tau[0:6]:[0.839771 0.130674 0.617691 0.624912 0.653099 -0.592692 0.265887]
kernel exec min/avg/max: 28.58 / 29.31 / 31.50 us, samples:262155
pressure status:1, copy rounds total/window:1894/15, 7.03 rounds/s
pressure logical copy:18940.00 MiB total, approx 70.34 MiB/s, checksum:2522223738880
pressure report window:2.132383 s
t0_region>
[0]:161798
[1]:97469
[2]:2896
[3]:15

t1_region>
[1]:120315
[2]:130654
[3]:9672
[4]:1520
[5]:22

t2_region>
[30]:49954
[31]:183266
[32]:24865
[33]:3881
[34]:210
[35]:12

t0_min: 0.58 us, round:41
t0_max: 3.71 us, round:3825
t0_jitter: 3.13 us

t1_min: 1.38 us, round:2054
t1_max: 5.75 us, round:3825
t1_jitter: 4.38 us

t2_min: 30.25 us, round:33981
t2_max: 35.63 us, round:169096
t2_jitter: 5.38 us

PMU diff samples: 262215
AVG DIFF LL_CACHE_RD: 5.17
AVG DIFF LL_CACHE_MISS_RD: 6.58
AVG DIFF L2D_CACHE_REFILL: 2.51
AVG DIFF L2D_CACHE_INVAL: 246.02
[cur diff] DIFF LL_CACHE_RD: 0, DIFF LL_CACHE_MISS_RD: 0, MISS_RATE: 0.00%
[cur diff] DIFF L2D_CACHE_REFILL: 0
[cur diff] DIFF L2D_CACHE_INVAL: 0
[max diff] DIFF LL_CACHE_RD: 12, DIFF LL_CACHE_MISS_RD: 12, MISS_RATE: 100.00%
[max diff] DIFF L2D_CACHE_REFILL: 10
[max diff] DIFF L2D_CACHE_INVAL: 2295

===========================================================
taskpendcnt:264256
t0:1000 ns
t1:1708 ns
t2:31000 ns
benchmark: Franka-derived Cartesian-impedance kernel, input trace:8, timer period:1.000 ms
controller source: franka_ros2 jazzy@73a1501d, updates:264278, SVD sweeps:5
pose error:[0.010000 0.015000 0.010000 -0.000000 0.049979 -0.000000]
tau[0:6]:[-2.379368 -1.292411 -1.655224 -1.570015 -1.185234 -0.066588 -0.610247]
kernel exec min/avg/max: 28.58 / 29.31 / 31.50 us, samples:264288
pressure status:1, copy rounds total/window:1910/16, 7.50 rounds/s
pressure logical copy:19100.00 MiB total, approx 74.99 MiB/s, checksum:2543530803200
pressure report window:2.133615 s
t0_region>
[0]:163514
[1]:97871
[2]:2912
[3]:15

t1_region>
[1]:121871
[2]:131188
[3]:9704
[4]:1531
[5]:22

t2_region>
[30]:50703
[31]:184543
[32]:24951
[33]:3902
[34]:212
[35]:12

t0_min: 0.58 us, round:41
t0_max: 3.71 us, round:3825
t0_jitter: 3.13 us

t1_min: 1.38 us, round:2054
t1_max: 5.75 us, round:3825
t1_jitter: 4.38 us

t2_min: 30.25 us, round:33981
t2_max: 35.63 us, round:169096
t2_jitter: 5.38 us

PMU diff samples: 264349
AVG DIFF LL_CACHE_RD: 5.16
AVG DIFF LL_CACHE_MISS_RD: 6.57
AVG DIFF L2D_CACHE_REFILL: 2.50
AVG DIFF L2D_CACHE_INVAL: 245.20
[cur diff] DIFF LL_CACHE_RD: 0, DIFF LL_CACHE_MISS_RD: 0, MISS_RATE: 0.00%
[cur diff] DIFF L2D_CACHE_REFILL: 0
[cur diff] DIFF L2D_CACHE_INVAL: 0
[max diff] DIFF LL_CACHE_RD: 12, DIFF LL_CACHE_MISS_RD: 12, MISS_RATE: 100.00%
[max diff] DIFF L2D_CACHE_REFILL: 10
[max diff] DIFF L2D_CACHE_INVAL: 2295

===========================================================
taskpendcnt:266389
t0:1041 ns
t1:1458 ns
t2:30750 ns
benchmark: Franka-derived Cartesian-impedance kernel, input trace:8, timer period:1.000 ms
controller source: franka_ros2 jazzy@73a1501d, updates:266411, SVD sweeps:5
pose error:[0.010000 0.015000 0.010000 -0.000000 0.049979 -0.000000]
tau[0:6]:[1.376914 -0.104433 0.790225 0.843903 0.642107 -0.956178 0.423547]
kernel exec min/avg/max: 28.58 / 29.31 / 31.50 us, samples:266421
pressure status:1, copy rounds total/window:1925/15, 7.03 rounds/s
pressure logical copy:19250.00 MiB total, approx 70.34 MiB/s, checksum:2563506176000
pressure report window:2.132446 s
t0_region>
[0]:165565
[1]:97951
[2]:2913
[3]:15

t1_region>
[1]:123948
[2]:131241
[3]:9707
[4]:1531
[5]:22

t2_region>
[30]:52003
[31]:185365
[32]:24960
[33]:3903
[34]:212
[35]:12

t0_min: 0.58 us, round:41
t0_max: 3.71 us, round:3825
t0_jitter: 3.13 us

t1_min: 1.38 us, round:2054
t1_max: 5.75 us, round:3825
t1_jitter: 4.38 us

t2_min: 30.25 us, round:33981
t2_max: 35.63 us, round:169096
t2_jitter: 5.38 us

PMU diff samples: 266481
AVG DIFF LL_CACHE_RD: 5.15
AVG DIFF LL_CACHE_MISS_RD: 6.53
AVG DIFF L2D_CACHE_REFILL: 2.49
AVG DIFF L2D_CACHE_INVAL: 243.38
[cur diff] DIFF LL_CACHE_RD: 0, DIFF LL_CACHE_MISS_RD: 0, MISS_RATE: 0.00%
[cur diff] DIFF L2D_CACHE_REFILL: 0
[cur diff] DIFF L2D_CACHE_INVAL: 0
[max diff] DIFF LL_CACHE_RD: 12, DIFF LL_CACHE_MISS_RD: 12, MISS_RATE: 100.00%
[max diff] DIFF L2D_CACHE_REFILL: 10
[max diff] DIFF L2D_CACHE_INVAL: 2295

===========================================================
taskpendcnt:268522
t0:1083 ns
t1:1500 ns
t2:30791 ns
benchmark: Franka-derived Cartesian-impedance kernel, input trace:8, timer period:1.000 ms
controller source: franka_ros2 jazzy@73a1501d, updates:268544, SVD sweeps:5
pose error:[0.010000 0.015000 0.010000 -0.000000 0.049979 -0.000000]
tau[0:6]:[-0.274004 -0.324180 0.001577 -0.231466 0.050986 -0.328952 0.010844]
kernel exec min/avg/max: 28.58 / 29.31 / 31.50 us, samples:268554
pressure status:1, copy rounds total/window:1941/16, 7.50 rounds/s
pressure logical copy:19410.00 MiB total, approx 75.01 MiB/s, checksum:2584813240320
pressure report window:2.133079 s
t0_region>
[0]:167329
[1]:98302
[2]:2931
[3]:15

t1_region>
[1]:125605
[2]:131678
[3]:9736
[4]:1541
[5]:22

t2_region>
[30]:52830
[31]:186576
[32]:25038
[33]:3920
[34]:212
[35]:12

t0_min: 0.58 us, round:41
t0_max: 3.71 us, round:3825
t0_jitter: 3.13 us

t1_min: 1.38 us, round:2054
t1_max: 5.75 us, round:3825
t1_jitter: 4.38 us

t2_min: 30.25 us, round:33981
t2_max: 35.63 us, round:169096
t2_jitter: 5.38 us

PMU diff samples: 268614
AVG DIFF LL_CACHE_RD: 5.14
AVG DIFF LL_CACHE_MISS_RD: 6.51
AVG DIFF L2D_CACHE_REFILL: 2.48
AVG DIFF L2D_CACHE_INVAL: 242.29
[cur diff] DIFF LL_CACHE_RD: 0, DIFF LL_CACHE_MISS_RD: 0, MISS_RATE: 0.00%
[cur diff] DIFF L2D_CACHE_REFILL: 0
[cur diff] DIFF L2D_CACHE_INVAL: 0
[max diff] DIFF LL_CACHE_RD: 12, DIFF LL_CACHE_MISS_RD: 12, MISS_RATE: 100.00%
[max diff] DIFF L2D_CACHE_REFILL: 10
[max diff] DIFF L2D_CACHE_INVAL: 2295

===========================================================
taskpendcnt:270655
t0:1125 ns
t1:2125 ns
t2:30833 ns
benchmark: Franka-derived Cartesian-impedance kernel, input trace:8, timer period:1.000 ms
controller source: franka_ros2 jazzy@73a1501d, updates:270677, SVD sweeps:5
pose error:[0.010000 0.015000 0.010000 -0.000000 0.049979 -0.000000]
tau[0:6]:[-2.781770 -1.613002 -1.930139 -1.581803 -1.382951 -0.390599 -0.663394]
kernel exec min/avg/max: 28.58 / 29.31 / 31.50 us, samples:270687
pressure status:1, copy rounds total/window:1956/15, 7.03 rounds/s
pressure logical copy:19560.00 MiB total, approx 70.31 MiB/s, checksum:2604788613120
pressure report window:2.133319 s
t0_region>
[0]:168793
[1]:98957
[2]:2945
[3]:15

t1_region>
[1]:126788
[2]:132557
[3]:9799
[4]:1549
[5]:22

t2_region>
[30]:53377
[31]:187957
[32]:25218
[33]:3944
[34]:213
[35]:12

t0_min: 0.58 us, round:41
t0_max: 3.71 us, round:3825
t0_jitter: 3.13 us

t1_min: 1.38 us, round:2054
t1_max: 5.75 us, round:3825
t1_jitter: 4.38 us

t2_min: 30.25 us, round:33981
t2_max: 35.63 us, round:169096
t2_jitter: 5.38 us

PMU diff samples: 270748
AVG DIFF LL_CACHE_RD: 5.14
AVG DIFF LL_CACHE_MISS_RD: 6.50
AVG DIFF L2D_CACHE_REFILL: 2.48
AVG DIFF L2D_CACHE_INVAL: 242.04
[cur diff] DIFF LL_CACHE_RD: 0, DIFF LL_CACHE_MISS_RD: 0, MISS_RATE: 0.00%
[cur diff] DIFF L2D_CACHE_REFILL: 0
[cur diff] DIFF L2D_CACHE_INVAL: 0
[max diff] DIFF LL_CACHE_RD: 12, DIFF LL_CACHE_MISS_RD: 12, MISS_RATE: 100.00%
[max diff] DIFF L2D_CACHE_REFILL: 10
[max diff] DIFF L2D_CACHE_INVAL: 2295

===========================================================
taskpendcnt:272788
t0:1166 ns
t1:2166 ns
t2:30875 ns
benchmark: Franka-derived Cartesian-impedance kernel, input trace:8, timer period:1.000 ms
controller source: franka_ros2 jazzy@73a1501d, updates:272810, SVD sweeps:5
pose error:[0.010000 0.015000 0.010000 -0.000000 0.049979 -0.000000]
tau[0:6]:[1.228026 0.081850 0.819520 0.875435 0.745706 -0.833381 0.398995]
kernel exec min/avg/max: 28.58 / 29.31 / 31.50 us, samples:272820
pressure status:1, copy rounds total/window:1972/16, 7.50 rounds/s
pressure logical copy:19720.00 MiB total, approx 75.03 MiB/s, checksum:2626095677440
pressure report window:2.132612 s
t0_region>
[0]:169968
[1]:99884
[2]:2976
[3]:16

t1_region>
[1]:127561
[2]:133798
[3]:9905
[4]:1561
[5]:23

t2_region>
[30]:53618
[31]:189537
[32]:25487
[33]:3982
[34]:216
[35]:13

t0_min: 0.58 us, round:41
t0_max: 3.71 us, round:3825
t0_jitter: 3.13 us

t1_min: 1.38 us, round:2054
t1_max: 5.75 us, round:3825
t1_jitter: 4.38 us

t2_min: 30.25 us, round:33981
t2_max: 35.63 us, round:169096
t2_jitter: 5.38 us

PMU diff samples: 272880
AVG DIFF LL_CACHE_RD: 5.14
AVG DIFF LL_CACHE_MISS_RD: 6.51
AVG DIFF L2D_CACHE_REFILL: 2.48
AVG DIFF L2D_CACHE_INVAL: 242.33
[cur diff] DIFF LL_CACHE_RD: 0, DIFF LL_CACHE_MISS_RD: 0, MISS_RATE: 0.00%
[cur diff] DIFF L2D_CACHE_REFILL: 0
[cur diff] DIFF L2D_CACHE_INVAL: 0
[max diff] DIFF LL_CACHE_RD: 12, DIFF LL_CACHE_MISS_RD: 12, MISS_RATE: 100.00%
[max diff] DIFF L2D_CACHE_REFILL: 10
[max diff] DIFF L2D_CACHE_INVAL: 2295

===========================================================
taskpendcnt:274921
t0:1208 ns
t1:1625 ns
t2:30916 ns
benchmark: Franka-derived Cartesian-impedance kernel, input trace:8, timer period:1.000 ms
controller source: franka_ros2 jazzy@73a1501d, updates:274944, SVD sweeps:5
pose error:[0.010000 0.015000 0.010000 -0.000000 0.049979 -0.000000]
tau[0:6]:[-1.839419 -0.921560 -1.193198 -1.195971 -0.861243 0.113634 -0.461388]
kernel exec min/avg/max: 28.58 / 29.31 / 31.50 us, samples:274953
pressure status:1, copy rounds total/window:1987/15, 7.03 rounds/s
pressure logical copy:19870.00 MiB total, approx 70.31 MiB/s, checksum:2646071050240
pressure report window:2.133548 s
t0_region>
[0]:171159
[1]:100797
[2]:3005
[3]:16

t1_region>
[1]:128369
[2]:135018
[3]:9997
[4]:1573
[5]:24

t2_region>
[30]:53927
[31]:191074
[32]:25742
[33]:4013
[34]:219
[35]:13

t0_min: 0.58 us, round:41
t0_max: 3.71 us, round:3825
t0_jitter: 3.13 us

t1_min: 1.38 us, round:2054
t1_max: 5.75 us, round:3825
t1_jitter: 4.38 us

t2_min: 30.25 us, round:33981
t2_max: 35.63 us, round:169096
t2_jitter: 5.38 us

PMU diff samples: 275014
AVG DIFF LL_CACHE_RD: 5.14
AVG DIFF LL_CACHE_MISS_RD: 6.51
AVG DIFF L2D_CACHE_REFILL: 2.48
AVG DIFF L2D_CACHE_INVAL: 242.59
[cur diff] DIFF LL_CACHE_RD: 0, DIFF LL_CACHE_MISS_RD: 0, MISS_RATE: 0.00%
[cur diff] DIFF L2D_CACHE_REFILL: 0
[cur diff] DIFF L2D_CACHE_INVAL: 0
[max diff] DIFF LL_CACHE_RD: 12, DIFF LL_CACHE_MISS_RD: 12, MISS_RATE: 100.00%
[max diff] DIFF L2D_CACHE_REFILL: 10
[max diff] DIFF L2D_CACHE_INVAL: 2295

===========================================================
taskpendcnt:277054
t0:1250 ns
t1:1791 ns
t2:31375 ns
benchmark: Franka-derived Cartesian-impedance kernel, input trace:8, timer period:1.000 ms
controller source: franka_ros2 jazzy@73a1501d, updates:277077, SVD sweeps:5
pose error:[0.010000 0.015000 0.010000 -0.000000 0.049979 -0.000000]
tau[0:6]:[-0.567483 -0.552304 -0.482512 -0.231067 -0.297494 -0.656094 -0.085004]
kernel exec min/avg/max: 28.58 / 29.31 / 31.50 us, samples:277087
pressure status:1, copy rounds total/window:2002/15, 7.03 rounds/s
pressure logical copy:20020.00 MiB total, approx 70.32 MiB/s, checksum:2666046423040
pressure report window:2.133219 s
t0_region>
[0]:172325
[1]:101732
[2]:3037
[3]:16

t1_region>
[1]:129169
[2]:136252
[3]:10080
[4]:1590
[5]:24

t2_region>
[30]:54220
[31]:192638
[32]:25983
[33]:4045
[34]:221
[35]:13

t0_min: 0.58 us, round:41
t0_max: 3.71 us, round:3825
t0_jitter: 3.13 us

t1_min: 1.38 us, round:2054
t1_max: 5.75 us, round:3825
t1_jitter: 4.38 us

t2_min: 30.25 us, round:33981
t2_max: 35.63 us, round:169096
t2_jitter: 5.38 us

PMU diff samples: 277147
AVG DIFF LL_CACHE_RD: 5.14
AVG DIFF LL_CACHE_MISS_RD: 6.52
AVG DIFF L2D_CACHE_REFILL: 2.49
AVG DIFF L2D_CACHE_INVAL: 242.87
[cur diff] DIFF LL_CACHE_RD: 0, DIFF LL_CACHE_MISS_RD: 0, MISS_RATE: 0.00%
[cur diff] DIFF L2D_CACHE_REFILL: 0
[cur diff] DIFF L2D_CACHE_INVAL: 0
[max diff] DIFF LL_CACHE_RD: 12, DIFF LL_CACHE_MISS_RD: 12, MISS_RATE: 100.00%
[max diff] DIFF L2D_CACHE_REFILL: 10
[max diff] DIFF L2D_CACHE_INVAL: 2295

===========================================================
taskpendcnt:279187
t0:833 ns
t1:1541 ns
t2:30833 ns
benchmark: Franka-derived Cartesian-impedance kernel, input trace:8, timer period:1.000 ms
controller source: franka_ros2 jazzy@73a1501d, updates:279210, SVD sweeps:5
pose error:[0.010000 0.015000 0.010000 -0.000000 0.049979 -0.000000]
tau[0:6]:[0.839771 0.130674 0.617691 0.624912 0.653099 -0.592692 0.265887]
kernel exec min/avg/max: 28.58 / 29.31 / 31.50 us, samples:279219
pressure status:1, copy rounds total/window:2018/16, 7.50 rounds/s
pressure logical copy:20180.00 MiB total, approx 75.03 MiB/s, checksum:2687353487360
pressure report window:2.132518 s
t0_region>
[0]:173549
[1]:102614
[2]:3063
[3]:16

t1_region>
[1]:130017
[2]:137437
[3]:10173
[4]:1596
[5]:24

t2_region>
[30]:54516
[31]:194215
[32]:26208
[33]:4080
[34]:222
[35]:13

t0_min: 0.58 us, round:41
t0_max: 3.71 us, round:3825
t0_jitter: 3.13 us

t1_min: 1.38 us, round:2054
t1_max: 5.75 us, round:3825
t1_jitter: 4.38 us

t2_min: 30.25 us, round:33981
t2_max: 35.63 us, round:169096
t2_jitter: 5.38 us

PMU diff samples: 279280
AVG DIFF LL_CACHE_RD: 5.14
AVG DIFF LL_CACHE_MISS_RD: 6.52
AVG DIFF L2D_CACHE_REFILL: 2.49
AVG DIFF L2D_CACHE_INVAL: 243.13
[cur diff] DIFF LL_CACHE_RD: 0, DIFF LL_CACHE_MISS_RD: 0, MISS_RATE: 0.00%
[cur diff] DIFF L2D_CACHE_REFILL: 0
[cur diff] DIFF L2D_CACHE_INVAL: 1
[max diff] DIFF LL_CACHE_RD: 12, DIFF LL_CACHE_MISS_RD: 12, MISS_RATE: 100.00%
[max diff] DIFF L2D_CACHE_REFILL: 10
[max diff] DIFF L2D_CACHE_INVAL: 2295

===========================================================
taskpendcnt:281320
t0:875 ns
t1:1583 ns
t2:31166 ns
benchmark: Franka-derived Cartesian-impedance kernel, input trace:8, timer period:1.000 ms
controller source: franka_ros2 jazzy@73a1501d, updates:281343, SVD sweeps:5
pose error:[0.010000 0.015000 0.010000 -0.000000 0.049979 -0.000000]
tau[0:6]:[-1.839419 -0.921560 -1.193198 -1.195971 -0.861243 0.113634 -0.461388]
kernel exec min/avg/max: 28.58 / 29.31 / 31.50 us, samples:281353
pressure status:1, copy rounds total/window:2033/15, 7.03 rounds/s
pressure logical copy:20330.00 MiB total, approx 70.30 MiB/s, checksum:2707328860160
pressure report window:2.133562 s
t0_region>
[0]:174784
[1]:103489
[2]:3087
[3]:16

t1_region>
[1]:130848
[2]:138640
[3]:10263
[4]:1606
[5]:24

t2_region>
[30]:54799
[31]:195787
[32]:26450
[33]:4117
[34]:222
[35]:13

t0_min: 0.58 us, round:41
t0_max: 3.71 us, round:3825
t0_jitter: 3.13 us

t1_min: 1.38 us, round:2054
t1_max: 5.75 us, round:3825
t1_jitter: 4.38 us

t2_min: 30.25 us, round:33981
t2_max: 35.63 us, round:169096
t2_jitter: 5.38 us

PMU diff samples: 281413
AVG DIFF LL_CACHE_RD: 5.14
AVG DIFF LL_CACHE_MISS_RD: 6.52
AVG DIFF L2D_CACHE_REFILL: 2.49
AVG DIFF L2D_CACHE_INVAL: 243.38
[cur diff] DIFF LL_CACHE_RD: 0, DIFF LL_CACHE_MISS_RD: 0, MISS_RATE: 0.00%
[cur diff] DIFF L2D_CACHE_REFILL: 0
[cur diff] DIFF L2D_CACHE_INVAL: 1
[max diff] DIFF LL_CACHE_RD: 12, DIFF LL_CACHE_MISS_RD: 12, MISS_RATE: 100.00%
[max diff] DIFF L2D_CACHE_REFILL: 10
[max diff] DIFF L2D_CACHE_INVAL: 2295

===========================================================
taskpendcnt:283453
t0:916 ns
t1:1625 ns
t2:30916 ns
benchmark: Franka-derived Cartesian-impedance kernel, input trace:8, timer period:1.000 ms
controller source: franka_ros2 jazzy@73a1501d, updates:283476, SVD sweeps:5
pose error:[0.010000 0.015000 0.010000 -0.000000 0.049979 -0.000000]
tau[0:6]:[-0.567483 -0.552304 -0.482512 -0.231067 -0.297494 -0.656094 -0.085004]
kernel exec min/avg/max: 28.58 / 29.31 / 31.50 us, samples:283486
pressure status:1, copy rounds total/window:2048/15, 7.03 rounds/s
pressure logical copy:20480.00 MiB total, approx 70.32 MiB/s, checksum:2727304232960
pressure report window:2.133211 s
t0_region>
[0]:176005
[1]:104375
[2]:3113
[3]:16

t1_region>
[1]:131696
[2]:139824
[3]:10353
[4]:1617
[5]:24

t2_region>
[30]:55106
[31]:197326
[32]:26707
[33]:4147
[34]:222
[35]:13

t0_min: 0.58 us, round:41
t0_max: 3.71 us, round:3825
t0_jitter: 3.13 us

t1_min: 1.38 us, round:2054
t1_max: 5.75 us, round:3825
t1_jitter: 4.38 us

t2_min: 30.25 us, round:33981
t2_max: 35.63 us, round:169096
t2_jitter: 5.38 us

PMU diff samples: 283546
AVG DIFF LL_CACHE_RD: 5.15
AVG DIFF LL_CACHE_MISS_RD: 6.53
AVG DIFF L2D_CACHE_REFILL: 2.49
AVG DIFF L2D_CACHE_INVAL: 243.62
[cur diff] DIFF LL_CACHE_RD: 0, DIFF LL_CACHE_MISS_RD: 0, MISS_RATE: 0.00%
[cur diff] DIFF L2D_CACHE_REFILL: 0
[cur diff] DIFF L2D_CACHE_INVAL: 0
[max diff] DIFF LL_CACHE_RD: 12, DIFF LL_CACHE_MISS_RD: 12, MISS_RATE: 100.00%
[max diff] DIFF L2D_CACHE_REFILL: 10
[max diff] DIFF L2D_CACHE_INVAL: 2295

===========================================================
taskpendcnt:285587
t0:1833 ns
t1:2250 ns
t2:31833 ns
benchmark: Franka-derived Cartesian-impedance kernel, input trace:8, timer period:1.000 ms
controller source: franka_ros2 jazzy@73a1501d, updates:285609, SVD sweeps:5
pose error:[0.010000 0.015000 0.010000 -0.000000 0.049979 -0.000000]
tau[0:6]:[0.839771 0.130674 0.617691 0.624912 0.653099 -0.592692 0.265887]
kernel exec min/avg/max: 28.58 / 29.31 / 31.50 us, samples:285619
pressure status:1, copy rounds total/window:2064/16, 7.50 rounds/s
pressure logical copy:20640.00 MiB total, approx 75.02 MiB/s, checksum:2748611297280
pressure report window:2.132728 s
t0_region>
[0]:177235
[1]:105255
[2]:3136
[3]:16

t1_region>
[1]:132534
[2]:141032
[3]:10428
[4]:1629
[5]:24

t2_region>
[30]:55401
[31]:198907
[32]:26929
[33]:4180
[34]:223
[35]:13

t0_min: 0.58 us, round:41
t0_max: 3.71 us, round:3825
t0_jitter: 3.13 us

t1_min: 1.38 us, round:2054
t1_max: 5.75 us, round:3825
t1_jitter: 4.38 us

t2_min: 30.25 us, round:33981
t2_max: 35.63 us, round:169096
t2_jitter: 5.38 us

PMU diff samples: 285679
AVG DIFF LL_CACHE_RD: 5.15
AVG DIFF LL_CACHE_MISS_RD: 6.53
AVG DIFF L2D_CACHE_REFILL: 2.49
AVG DIFF L2D_CACHE_INVAL: 243.86
[cur diff] DIFF LL_CACHE_RD: 0, DIFF LL_CACHE_MISS_RD: 0, MISS_RATE: 0.00%
[cur diff] DIFF L2D_CACHE_REFILL: 0
[cur diff] DIFF L2D_CACHE_INVAL: 0
[max diff] DIFF LL_CACHE_RD: 12, DIFF LL_CACHE_MISS_RD: 12, MISS_RATE: 100.00%
[max diff] DIFF L2D_CACHE_REFILL: 10
[max diff] DIFF L2D_CACHE_INVAL: 2295

===========================================================
taskpendcnt:287720
t0:1000 ns
t1:2000 ns
t2:31000 ns
benchmark: Franka-derived Cartesian-impedance kernel, input trace:8, timer period:1.000 ms
controller source: franka_ros2 jazzy@73a1501d, updates:287742, SVD sweeps:5
pose error:[0.010000 0.015000 0.010000 -0.000000 0.049979 -0.000000]
tau[0:6]:[-2.379368 -1.292411 -1.655224 -1.570015 -1.185234 -0.066588 -0.610247]
kernel exec min/avg/max: 28.58 / 29.31 / 31.50 us, samples:287752
pressure status:1, copy rounds total/window:2079/15, 7.03 rounds/s
pressure logical copy:20790.00 MiB total, approx 70.31 MiB/s, checksum:2768586670080
pressure report window:2.133557 s
t0_region>
[0]:178482
[1]:106114
[2]:3163
[3]:16

t1_region>
[1]:133453
[2]:142152
[3]:10507
[4]:1644
[5]:24

t2_region>
[30]:55698
[31]:200487
[32]:27146
[33]:4214
[34]:228
[35]:13

t0_min: 0.58 us, round:41
t0_max: 3.71 us, round:3825
t0_jitter: 3.13 us

t1_min: 1.38 us, round:2054
t1_max: 5.75 us, round:3825
t1_jitter: 4.38 us

t2_min: 30.25 us, round:33981
t2_max: 35.63 us, round:169096
t2_jitter: 5.38 us

PMU diff samples: 287813
AVG DIFF LL_CACHE_RD: 5.15
AVG DIFF LL_CACHE_MISS_RD: 6.54
AVG DIFF L2D_CACHE_REFILL: 2.49
AVG DIFF L2D_CACHE_INVAL: 244.02
[cur diff] DIFF LL_CACHE_RD: 0, DIFF LL_CACHE_MISS_RD: 0, MISS_RATE: 0.00%
[cur diff] DIFF L2D_CACHE_REFILL: 0
[cur diff] DIFF L2D_CACHE_INVAL: 0
[max diff] DIFF LL_CACHE_RD: 12, DIFF LL_CACHE_MISS_RD: 12, MISS_RATE: 100.00%
[max diff] DIFF L2D_CACHE_REFILL: 10
[max diff] DIFF L2D_CACHE_INVAL: 2295

===========================================================
taskpendcnt:289853
t0:1333 ns
t1:2041 ns
t2:30750 ns
benchmark: Franka-derived Cartesian-impedance kernel, input trace:8, timer period:1.000 ms
controller source: franka_ros2 jazzy@73a1501d, updates:289875, SVD sweeps:5
pose error:[0.010000 0.015000 0.010000 -0.000000 0.049979 -0.000000]
tau[0:6]:[1.376914 -0.104433 0.790225 0.843903 0.642107 -0.956178 0.423547]
kernel exec min/avg/max: 28.58 / 29.31 / 31.50 us, samples:289885
pressure status:1, copy rounds total/window:2094/15, 7.03 rounds/s
pressure logical copy:20940.00 MiB total, approx 70.33 MiB/s, checksum:2788562042880
pressure report window:2.132669 s
t0_region>
[0]:179725
[1]:106978
[2]:3189
[3]:16

t1_region>
[1]:134286
[2]:143342
[3]:10599
[4]:1662
[5]:24

t2_region>
[30]:56009
[31]:202050
[32]:27363
[33]:4255
[34]:230
[35]:13

t0_min: 0.58 us, round:41
t0_max: 3.71 us, round:3825
t0_jitter: 3.13 us

t1_min: 1.38 us, round:2054
t1_max: 5.75 us, round:3825
t1_jitter: 4.38 us

t2_min: 30.25 us, round:33981
t2_max: 35.63 us, round:169096
t2_jitter: 5.38 us

PMU diff samples: 289945
AVG DIFF LL_CACHE_RD: 5.15
AVG DIFF LL_CACHE_MISS_RD: 6.54
AVG DIFF L2D_CACHE_REFILL: 2.50
AVG DIFF L2D_CACHE_INVAL: 244.22
[cur diff] DIFF LL_CACHE_RD: 0, DIFF LL_CACHE_MISS_RD: 0, MISS_RATE: 0.00%
[cur diff] DIFF L2D_CACHE_REFILL: 0
[cur diff] DIFF L2D_CACHE_INVAL: 0
[max diff] DIFF LL_CACHE_RD: 12, DIFF LL_CACHE_MISS_RD: 12, MISS_RATE: 100.00%
[max diff] DIFF L2D_CACHE_REFILL: 10
[max diff] DIFF L2D_CACHE_INVAL: 2295

===========================================================
taskpendcnt:291986
t0:1375 ns
t1:2375 ns
t2:30500 ns
benchmark: Franka-derived Cartesian-impedance kernel, input trace:8, timer period:1.000 ms
controller source: franka_ros2 jazzy@73a1501d, updates:292008, SVD sweeps:5
pose error:[0.010000 0.015000 0.010000 -0.000000 0.049979 -0.000000]
tau[0:6]:[-0.274004 -0.324180 0.001577 -0.231466 0.050986 -0.328952 0.010844]
kernel exec min/avg/max: 28.58 / 29.31 / 31.50 us, samples:292018
pressure status:1, copy rounds total/window:2110/16, 7.50 rounds/s
pressure logical copy:21100.00 MiB total, approx 75.00 MiB/s, checksum:2809869107200
pressure report window:2.133274 s
t0_region>
[0]:181003
[1]:107807
[2]:3215
[3]:16

t1_region>
[1]:135137
[2]:144527
[3]:10680
[4]:1678
[5]:24

t2_region>
[30]:56297
[31]:203624
[32]:27594
[33]:4292
[34]:232
[35]:13

t0_min: 0.58 us, round:41
t0_max: 3.71 us, round:3825
t0_jitter: 3.13 us

t1_min: 1.38 us, round:2054
t1_max: 5.75 us, round:3825
t1_jitter: 4.38 us

t2_min: 30.25 us, round:33981
t2_max: 35.63 us, round:169096
t2_jitter: 5.38 us

PMU diff samples: 292079
AVG DIFF LL_CACHE_RD: 5.16
AVG DIFF LL_CACHE_MISS_RD: 6.55
AVG DIFF L2D_CACHE_REFILL: 2.50
AVG DIFF L2D_CACHE_INVAL: 244.39
[cur diff] DIFF LL_CACHE_RD: 0, DIFF LL_CACHE_MISS_RD: 0, MISS_RATE: 0.00%
[cur diff] DIFF L2D_CACHE_REFILL: 0
[cur diff] DIFF L2D_CACHE_INVAL: 0
[max diff] DIFF LL_CACHE_RD: 12, DIFF LL_CACHE_MISS_RD: 12, MISS_RATE: 100.00%
[max diff] DIFF L2D_CACHE_REFILL: 10
[max diff] DIFF L2D_CACHE_INVAL: 2295

===========================================================
taskpendcnt:294119
t0:1125 ns
t1:2125 ns
t2:31125 ns
benchmark: Franka-derived Cartesian-impedance kernel, input trace:8, timer period:1.000 ms
controller source: franka_ros2 jazzy@73a1501d, updates:294142, SVD sweeps:5
pose error:[0.010000 0.015000 0.010000 -0.000000 0.049979 -0.000000]
tau[0:6]:[-2.781770 -1.613002 -1.930139 -1.581803 -1.382951 -0.390599 -0.663394]
kernel exec min/avg/max: 28.58 / 29.31 / 31.50 us, samples:294151
pressure status:1, copy rounds total/window:2125/15, 7.03 rounds/s
pressure logical copy:21250.00 MiB total, approx 70.31 MiB/s, checksum:2829844480000
pressure report window:2.133367 s
t0_region>
[0]:182241
[1]:108678
[2]:3240
[3]:16

t1_region>
[1]:135996
[2]:145701
[3]:10764
[4]:1694
[5]:24

t2_region>
[30]:56591
[31]:205171
[32]:27854
[33]:4321
[34]:235
[35]:13

t0_min: 0.58 us, round:41
t0_max: 3.71 us, round:3825
t0_jitter: 3.13 us

t1_min: 1.38 us, round:2054
t1_max: 5.75 us, round:3825
t1_jitter: 4.38 us

t2_min: 30.25 us, round:33981
t2_max: 35.63 us, round:169096
t2_jitter: 5.38 us

PMU diff samples: 294212
AVG DIFF LL_CACHE_RD: 5.16
AVG DIFF LL_CACHE_MISS_RD: 6.55
AVG DIFF L2D_CACHE_REFILL: 2.50
AVG DIFF L2D_CACHE_INVAL: 244.59
[cur diff] DIFF LL_CACHE_RD: 0, DIFF LL_CACHE_MISS_RD: 0, MISS_RATE: 0.00%
[cur diff] DIFF L2D_CACHE_REFILL: 0
[cur diff] DIFF L2D_CACHE_INVAL: 0
[max diff] DIFF LL_CACHE_RD: 12, DIFF LL_CACHE_MISS_RD: 12, MISS_RATE: 100.00%
[max diff] DIFF L2D_CACHE_REFILL: 10
[max diff] DIFF L2D_CACHE_INVAL: 2295

===========================================================
taskpendcnt:296252
t0:1166 ns
t1:1416 ns
t2:31000 ns
benchmark: Franka-derived Cartesian-impedance kernel, input trace:8, timer period:1.000 ms
controller source: franka_ros2 jazzy@73a1501d, updates:296275, SVD sweeps:5
pose error:[0.010000 0.015000 0.010000 -0.000000 0.049979 -0.000000]
tau[0:6]:[1.228026 0.081850 0.819520 0.875435 0.745706 -0.833381 0.398995]
kernel exec min/avg/max: 28.58 / 29.31 / 31.50 us, samples:296284
pressure status:1, copy rounds total/window:2141/16, 7.50 rounds/s
pressure logical copy:21410.00 MiB total, approx 75.03 MiB/s, checksum:2851151544320
pressure report window:2.132600 s
t0_region>
[0]:183494
[1]:109535
[2]:3262
[3]:16

t1_region>
[1]:136833
[2]:146908
[3]:10842
[4]:1705
[5]:24

t2_region>
[30]:56853
[31]:206788
[32]:28081
[33]:4347
[34]:237
[35]:13

t0_min: 0.58 us, round:41
t0_max: 3.71 us, round:3825
t0_jitter: 3.13 us

t1_min: 1.38 us, round:2054
t1_max: 5.75 us, round:3825
t1_jitter: 4.38 us

t2_min: 30.25 us, round:33981
t2_max: 35.63 us, round:169096
t2_jitter: 5.38 us

PMU diff samples: 296345
AVG DIFF LL_CACHE_RD: 5.16
AVG DIFF LL_CACHE_MISS_RD: 6.55
AVG DIFF L2D_CACHE_REFILL: 2.50
AVG DIFF L2D_CACHE_INVAL: 244.77
[cur diff] DIFF LL_CACHE_RD: 0, DIFF LL_CACHE_MISS_RD: 0, MISS_RATE: 0.00%
[cur diff] DIFF L2D_CACHE_REFILL: 0
[cur diff] DIFF L2D_CACHE_INVAL: 0
[max diff] DIFF LL_CACHE_RD: 12, DIFF LL_CACHE_MISS_RD: 12, MISS_RATE: 100.00%
[max diff] DIFF L2D_CACHE_REFILL: 10
[max diff] DIFF L2D_CACHE_INVAL: 2295

===========================================================
taskpendcnt:298385
t0:1041 ns
t1:2041 ns
t2:31041 ns
benchmark: Franka-derived Cartesian-impedance kernel, input trace:8, timer period:1.000 ms
controller source: franka_ros2 jazzy@73a1501d, updates:298408, SVD sweeps:5
pose error:[0.010000 0.015000 0.010000 -0.000000 0.049979 -0.000000]
tau[0:6]:[-0.274004 -0.324180 0.001577 -0.231466 0.050986 -0.328952 0.010844]
kernel exec min/avg/max: 28.58 / 29.31 / 31.50 us, samples:298417
pressure status:1, copy rounds total/window:2156/15, 7.03 rounds/s
pressure logical copy:21560.00 MiB total, approx 70.31 MiB/s, checksum:2871126917120
pressure report window:2.133372 s
t0_region>
[0]:184733
[1]:110414
[2]:3278
[3]:16

t1_region>
[1]:137723
[2]:148056
[3]:10931
[4]:1711
[5]:24

t2_region>
[30]:57187
[31]:208330
[32]:28309
[33]:4375
[34]:237
[35]:13

t0_min: 0.58 us, round:41
t0_max: 3.71 us, round:3825
t0_jitter: 3.13 us

t1_min: 1.38 us, round:2054
t1_max: 5.75 us, round:3825
t1_jitter: 4.38 us

t2_min: 30.25 us, round:33981
t2_max: 35.63 us, round:169096
t2_jitter: 5.38 us

PMU diff samples: 298478
AVG DIFF LL_CACHE_RD: 5.16
AVG DIFF LL_CACHE_MISS_RD: 6.56
AVG DIFF L2D_CACHE_REFILL: 2.50
AVG DIFF L2D_CACHE_INVAL: 244.94
[cur diff] DIFF LL_CACHE_RD: 0, DIFF LL_CACHE_MISS_RD: 0, MISS_RATE: 0.00%
[cur diff] DIFF L2D_CACHE_REFILL: 0
[cur diff] DIFF L2D_CACHE_INVAL: 0
[max diff] DIFF LL_CACHE_RD: 12, DIFF LL_CACHE_MISS_RD: 12, MISS_RATE: 100.00%
[max diff] DIFF L2D_CACHE_REFILL: 10
[max diff] DIFF L2D_CACHE_INVAL: 2295

===========================================================
taskpendcnt:300518
t0:1083 ns
t1:1791 ns
t2:31375 ns
benchmark: Franka-derived Cartesian-impedance kernel, input trace:8, timer period:1.000 ms
controller source: franka_ros2 jazzy@73a1501d, updates:300541, SVD sweeps:5
pose error:[0.010000 0.015000 0.010000 -0.000000 0.049979 -0.000000]
tau[0:6]:[-2.781770 -1.613002 -1.930139 -1.581803 -1.382951 -0.390599 -0.663394]
kernel exec min/avg/max: 28.58 / 29.31 / 31.50 us, samples:300551
pressure status:1, copy rounds total/window:2171/15, 7.03 rounds/s
pressure logical copy:21710.00 MiB total, approx 70.31 MiB/s, checksum:2891102289920
pressure report window:2.133365 s
t0_region>
[0]:186011
[1]:111247
[2]:3300
[3]:16

t1_region>
[1]:138623
[2]:149177
[3]:11038
[4]:1718
[5]:24

t2_region>
[30]:57513
[31]:209862
[32]:28553
[33]:4407
[34]:237
[35]:13

t0_min: 0.58 us, round:41
t0_max: 3.71 us, round:3825
t0_jitter: 3.13 us

t1_min: 1.38 us, round:2054
t1_max: 5.75 us, round:3825
t1_jitter: 4.38 us

t2_min: 30.25 us, round:33981
t2_max: 35.63 us, round:169096
t2_jitter: 5.38 us

PMU diff samples: 300611
AVG DIFF LL_CACHE_RD: 5.16
AVG DIFF LL_CACHE_MISS_RD: 6.56
AVG DIFF L2D_CACHE_REFILL: 2.50
AVG DIFF L2D_CACHE_INVAL: 245.12
[cur diff] DIFF LL_CACHE_RD: 0, DIFF LL_CACHE_MISS_RD: 0, MISS_RATE: 0.00%
[cur diff] DIFF L2D_CACHE_REFILL: 0
[cur diff] DIFF L2D_CACHE_INVAL: 0
[max diff] DIFF LL_CACHE_RD: 12, DIFF LL_CACHE_MISS_RD: 12, MISS_RATE: 100.00%
[max diff] DIFF L2D_CACHE_REFILL: 10
[max diff] DIFF L2D_CACHE_INVAL: 2295

===========================================================
taskpendcnt:302651
t0:833 ns
t1:1541 ns
t2:31125 ns
benchmark: Franka-derived Cartesian-impedance kernel, input trace:8, timer period:1.000 ms
controller source: franka_ros2 jazzy@73a1501d, updates:302674, SVD sweeps:5
pose error:[0.010000 0.015000 0.010000 -0.000000 0.049979 -0.000000]
tau[0:6]:[1.228026 0.081850 0.819520 0.875435 0.745706 -0.833381 0.398995]
kernel exec min/avg/max: 28.58 / 29.31 / 31.50 us, samples:302683
pressure status:1, copy rounds total/window:2187/16, 7.50 rounds/s
pressure logical copy:21870.00 MiB total, approx 75.03 MiB/s, checksum:2912409354240
pressure report window:2.132470 s
t0_region>
[0]:187267
[1]:112103
[2]:3320
[3]:16

t1_region>
[1]:139490
[2]:150355
[3]:11115
[4]:1727
[5]:24

t2_region>
[30]:57796
[31]:211436
[32]:28798
[33]:4436
[34]:238
[35]:13

t0_min: 0.58 us, round:41
t0_max: 3.71 us, round:3825
t0_jitter: 3.13 us

t1_min: 1.38 us, round:2054
t1_max: 5.75 us, round:3825
t1_jitter: 4.38 us

t2_min: 30.25 us, round:33981
t2_max: 35.63 us, round:169096
t2_jitter: 5.38 us

PMU diff samples: 302744
AVG DIFF LL_CACHE_RD: 5.16
AVG DIFF LL_CACHE_MISS_RD: 6.56
AVG DIFF L2D_CACHE_REFILL: 2.50
AVG DIFF L2D_CACHE_INVAL: 245.25
[cur diff] DIFF LL_CACHE_RD: 0, DIFF LL_CACHE_MISS_RD: 0, MISS_RATE: 0.00%
[cur diff] DIFF L2D_CACHE_REFILL: 0
[cur diff] DIFF L2D_CACHE_INVAL: 0
[max diff] DIFF LL_CACHE_RD: 12, DIFF LL_CACHE_MISS_RD: 12, MISS_RATE: 100.00%
[max diff] DIFF L2D_CACHE_REFILL: 10
[max diff] DIFF L2D_CACHE_INVAL: 2295

===========================================================
taskpendcnt:304784
t0:875 ns
t1:2166 ns
t2:31166 ns
benchmark: Franka-derived Cartesian-impedance kernel, input trace:8, timer period:1.000 ms
controller source: franka_ros2 jazzy@73a1501d, updates:304807, SVD sweeps:5
pose error:[0.010000 0.015000 0.010000 -0.000000 0.049979 -0.000000]
tau[0:6]:[-1.839419 -0.921560 -1.193198 -1.195971 -0.861243 0.113634 -0.461388]
kernel exec min/avg/max: 28.58 / 29.31 / 31.50 us, samples:304817
pressure status:1, copy rounds total/window:2202/15, 7.03 rounds/s
pressure logical copy:22020.00 MiB total, approx 70.31 MiB/s, checksum:2932384727040
pressure report window:2.133549 s
t0_region>
[0]:188504
[1]:112974
[2]:3346
[3]:16

t1_region>
[1]:140341
[2]:151546
[3]:11198
[4]:1736
[5]:24

t2_region>
[30]:58082
[31]:213039
[32]:29014
[33]:4466
[34]:238
[35]:13

t0_min: 0.58 us, round:41
t0_max: 3.71 us, round:3825
t0_jitter: 3.13 us

t1_min: 1.38 us, round:2054
t1_max: 5.75 us, round:3825
t1_jitter: 4.38 us

t2_min: 30.25 us, round:33981
t2_max: 35.63 us, round:169096
t2_jitter: 5.38 us

PMU diff samples: 304877
AVG DIFF LL_CACHE_RD: 5.17
AVG DIFF LL_CACHE_MISS_RD: 6.57
AVG DIFF L2D_CACHE_REFILL: 2.51
AVG DIFF L2D_CACHE_INVAL: 245.42
[cur diff] DIFF LL_CACHE_RD: 0, DIFF LL_CACHE_MISS_RD: 0, MISS_RATE: 0.00%
[cur diff] DIFF L2D_CACHE_REFILL: 0
[cur diff] DIFF L2D_CACHE_INVAL: 1
[max diff] DIFF LL_CACHE_RD: 12, DIFF LL_CACHE_MISS_RD: 12, MISS_RATE: 100.00%
[max diff] DIFF L2D_CACHE_REFILL: 10
[max diff] DIFF L2D_CACHE_INVAL: 2295

===========================================================
taskpendcnt:306918
t0:916 ns
t1:1625 ns
t2:31208 ns
benchmark: Franka-derived Cartesian-impedance kernel, input trace:8, timer period:1.000 ms
controller source: franka_ros2 jazzy@73a1501d, updates:306940, SVD sweeps:5
pose error:[0.010000 0.015000 0.010000 -0.000000 0.049979 -0.000000]
tau[0:6]:[-0.567483 -0.552304 -0.482512 -0.231067 -0.297494 -0.656094 -0.085004]
kernel exec min/avg/max: 28.58 / 29.31 / 31.50 us, samples:306950
pressure status:1, copy rounds total/window:2218/16, 7.50 rounds/s
pressure logical copy:22180.00 MiB total, approx 75.01 MiB/s, checksum:2953691791360
pressure report window:2.133144 s
t0_region>
[0]:189832
[1]:113766
[2]:3359
[3]:16

t1_region>
[1]:141339
[2]:152611
[3]:11263
[4]:1741
[5]:24

t2_region>
[30]:58404
[31]:214635
[32]:29207
[33]:4486
[34]:239
[35]:13

t0_min: 0.58 us, round:41
t0_max: 3.71 us, round:3825
t0_jitter: 3.13 us

t1_min: 1.38 us, round:2054
t1_max: 5.75 us, round:3825
t1_jitter: 4.38 us

t2_min: 30.25 us, round:33981
t2_max: 35.63 us, round:169096
t2_jitter: 5.38 us

PMU diff samples: 307011
AVG DIFF LL_CACHE_RD: 5.17
AVG DIFF LL_CACHE_MISS_RD: 6.57
AVG DIFF L2D_CACHE_REFILL: 2.51
AVG DIFF L2D_CACHE_INVAL: 245.45
[cur diff] DIFF LL_CACHE_RD: 0, DIFF LL_CACHE_MISS_RD: 0, MISS_RATE: 0.00%
[cur diff] DIFF L2D_CACHE_REFILL: 0
[cur diff] DIFF L2D_CACHE_INVAL: 0
[max diff] DIFF LL_CACHE_RD: 12, DIFF LL_CACHE_MISS_RD: 12, MISS_RATE: 100.00%
[max diff] DIFF L2D_CACHE_REFILL: 10
[max diff] DIFF L2D_CACHE_INVAL: 2295

===========================================================
taskpendcnt:309051
t0:1541 ns
t1:1666 ns
t2:30958 ns
benchmark: Franka-derived Cartesian-impedance kernel, input trace:8, timer period:1.000 ms
controller source: franka_ros2 jazzy@73a1501d, updates:309073, SVD sweeps:5
pose error:[0.010000 0.015000 0.010000 -0.000000 0.049979 -0.000000]
tau[0:6]:[0.839771 0.130674 0.617691 0.624912 0.653099 -0.592692 0.265887]
kernel exec min/avg/max: 28.58 / 29.31 / 31.50 us, samples:309083
pressure status:1, copy rounds total/window:2233/15, 7.03 rounds/s
pressure logical copy:22330.00 MiB total, approx 70.34 MiB/s, checksum:2973667164160
pressure report window:2.132639 s
t0_region>
[0]:191092
[1]:114622
[2]:3376
[3]:16

t1_region>
[1]:142258
[2]:153751
[3]:11330
[4]:1748
[5]:24

t2_region>
[30]:58700
[31]:216226
[32]:29433
[33]:4505
[34]:239
[35]:13

t0_min: 0.58 us, round:41
t0_max: 3.71 us, round:3825
t0_jitter: 3.13 us

t1_min: 1.38 us, round:2054
t1_max: 5.75 us, round:3825
t1_jitter: 4.38 us

t2_min: 30.25 us, round:33981
t2_max: 35.63 us, round:169096
t2_jitter: 5.38 us

PMU diff samples: 309143
AVG DIFF LL_CACHE_RD: 5.17
AVG DIFF LL_CACHE_MISS_RD: 6.57
AVG DIFF L2D_CACHE_REFILL: 2.51
AVG DIFF L2D_CACHE_INVAL: 245.55
[cur diff] DIFF LL_CACHE_RD: 0, DIFF LL_CACHE_MISS_RD: 0, MISS_RATE: 0.00%
[cur diff] DIFF L2D_CACHE_REFILL: 0
[cur diff] DIFF L2D_CACHE_INVAL: 0
[max diff] DIFF LL_CACHE_RD: 12, DIFF LL_CACHE_MISS_RD: 12, MISS_RATE: 100.00%
[max diff] DIFF L2D_CACHE_REFILL: 10
[max diff] DIFF L2D_CACHE_INVAL: 2295

===========================================================
taskpendcnt:311184
t0:1000 ns
t1:2583 ns
t2:31875 ns
benchmark: Franka-derived Cartesian-impedance kernel, input trace:8, timer period:1.000 ms
controller source: franka_ros2 jazzy@73a1501d, updates:311206, SVD sweeps:5
pose error:[0.010000 0.015000 0.010000 -0.000000 0.049979 -0.000000]
tau[0:6]:[-2.379368 -1.292411 -1.655224 -1.570015 -1.185234 -0.066588 -0.610247]
kernel exec min/avg/max: 28.58 / 29.31 / 31.50 us, samples:311216
pressure status:1, copy rounds total/window:2248/15, 7.03 rounds/s
pressure logical copy:22480.00 MiB total, approx 70.30 MiB/s, checksum:2993642536960
pressure report window:2.133591 s
t0_region>
[0]:192390
[1]:115440
[2]:3393
[3]:16

t1_region>
[1]:143249
[2]:154816
[3]:11402
[4]:1753
[5]:24

t2_region>
[30]:59046
[31]:217769
[32]:29645
[33]:4537
[34]:240
[35]:13

t0_min: 0.58 us, round:41
t0_max: 3.71 us, round:3825
t0_jitter: 3.13 us

t1_min: 1.38 us, round:2054
t1_max: 5.75 us, round:3825
t1_jitter: 4.38 us

t2_min: 30.25 us, round:33981
t2_max: 35.63 us, round:169096
t2_jitter: 5.38 us

PMU diff samples: 311277
AVG DIFF LL_CACHE_RD: 5.17
AVG DIFF LL_CACHE_MISS_RD: 6.57
AVG DIFF L2D_CACHE_REFILL: 2.51
AVG DIFF L2D_CACHE_INVAL: 245.60
[cur diff] DIFF LL_CACHE_RD: 0, DIFF LL_CACHE_MISS_RD: 0, MISS_RATE: 0.00%
[cur diff] DIFF L2D_CACHE_REFILL: 0
[cur diff] DIFF L2D_CACHE_INVAL: 0
[max diff] DIFF LL_CACHE_RD: 12, DIFF LL_CACHE_MISS_RD: 12, MISS_RATE: 100.00%
[max diff] DIFF L2D_CACHE_REFILL: 10
[max diff] DIFF L2D_CACHE_INVAL: 2295

===========================================================
taskpendcnt:313317
t0:1333 ns
t1:1458 ns
t2:31333 ns
benchmark: Franka-derived Cartesian-impedance kernel, input trace:8, timer period:1.000 ms
controller source: franka_ros2 jazzy@73a1501d, updates:313339, SVD sweeps:5
pose error:[0.010000 0.015000 0.010000 -0.000000 0.049979 -0.000000]
tau[0:6]:[1.376914 -0.104433 0.790225 0.843903 0.642107 -0.956178 0.423547]
kernel exec min/avg/max: 28.58 / 29.31 / 31.50 us, samples:313349
pressure status:1, copy rounds total/window:2264/16, 7.50 rounds/s
pressure logical copy:22640.00 MiB total, approx 75.03 MiB/s, checksum:3014949601280
pressure report window:2.132605 s
t0_region>
[0]:193844
[1]:116105
[2]:3407
[3]:16

t1_region>
[1]:144452
[2]:155676
[3]:11468
[4]:1757
[5]:24

t2_region>
[30]:59532
[31]:219254
[32]:29795
[33]:4550
[34]:240
[35]:13

t0_min: 0.58 us, round:41
t0_max: 3.71 us, round:3825
t0_jitter: 3.13 us

t1_min: 1.38 us, round:2054
t1_max: 5.75 us, round:3825
t1_jitter: 4.38 us

t2_min: 30.25 us, round:33981
t2_max: 35.63 us, round:169096
t2_jitter: 5.38 us

PMU diff samples: 313409
AVG DIFF LL_CACHE_RD: 5.17
AVG DIFF LL_CACHE_MISS_RD: 6.57
AVG DIFF L2D_CACHE_REFILL: 2.51
AVG DIFF L2D_CACHE_INVAL: 245.31
[cur diff] DIFF LL_CACHE_RD: 0, DIFF LL_CACHE_MISS_RD: 0, MISS_RATE: 0.00%
[cur diff] DIFF L2D_CACHE_REFILL: 0
[cur diff] DIFF L2D_CACHE_INVAL: 0
[max diff] DIFF LL_CACHE_RD: 12, DIFF LL_CACHE_MISS_RD: 12, MISS_RATE: 100.00%
[max diff] DIFF L2D_CACHE_REFILL: 10
[max diff] DIFF L2D_CACHE_INVAL: 2295

===========================================================
taskpendcnt:315450
t0:1083 ns
t1:1500 ns
t2:31083 ns
benchmark: Franka-derived Cartesian-impedance kernel, input trace:8, timer period:1.000 ms
controller source: franka_ros2 jazzy@73a1501d, updates:315472, SVD sweeps:5
pose error:[0.010000 0.015000 0.010000 -0.000000 0.049979 -0.000000]
tau[0:6]:[-0.274004 -0.324180 0.001577 -0.231466 0.050986 -0.328952 0.010844]
kernel exec min/avg/max: 28.58 / 29.31 / 31.50 us, samples:315482
pressure status:1, copy rounds total/window:2279/15, 7.03 rounds/s
pressure logical copy:22790.00 MiB total, approx 70.32 MiB/s, checksum:3034924974080
pressure report window:2.133145 s
t0_region>
[0]:195447
[1]:116632
[2]:3410
[3]:16

t1_region>
[1]:145875
[2]:156347
[3]:11506
[4]:1758
[5]:24

t2_region>
[30]:60098
[31]:220688
[32]:29923
[33]:4554
[34]:240
[35]:13

t0_min: 0.58 us, round:41
t0_max: 3.71 us, round:3825
t0_jitter: 3.13 us

t1_min: 1.38 us, round:2054
t1_max: 5.75 us, round:3825
t1_jitter: 4.38 us

t2_min: 30.25 us, round:33981
t2_max: 35.63 us, round:169096
t2_jitter: 5.38 us

PMU diff samples: 315543
AVG DIFF LL_CACHE_RD: 5.16
AVG DIFF LL_CACHE_MISS_RD: 6.56
AVG DIFF L2D_CACHE_REFILL: 2.50
AVG DIFF L2D_CACHE_INVAL: 244.79
[cur diff] DIFF LL_CACHE_RD: 0, DIFF LL_CACHE_MISS_RD: 0, MISS_RATE: 0.00%
[cur diff] DIFF L2D_CACHE_REFILL: 0
[cur diff] DIFF L2D_CACHE_INVAL: 0
[max diff] DIFF LL_CACHE_RD: 12, DIFF LL_CACHE_MISS_RD: 12, MISS_RATE: 100.00%
[max diff] DIFF L2D_CACHE_REFILL: 10
[max diff] DIFF L2D_CACHE_INVAL: 2295

===========================================================
taskpendcnt:317583
t0:1125 ns
t1:1833 ns
t2:31125 ns
benchmark: Franka-derived Cartesian-impedance kernel, input trace:8, timer period:1.000 ms
controller source: franka_ros2 jazzy@73a1501d, updates:317605, SVD sweeps:5
pose error:[0.010000 0.015000 0.010000 -0.000000 0.049979 -0.000000]
tau[0:6]:[-2.781770 -1.613002 -1.930139 -1.581803 -1.382951 -0.390599 -0.663394]
kernel exec min/avg/max: 28.58 / 29.31 / 31.50 us, samples:317615
pressure status:1, copy rounds total/window:2295/16, 7.50 rounds/s
pressure logical copy:22950.00 MiB total, approx 75.00 MiB/s, checksum:3056232038400
pressure report window:2.133237 s
t0_region>
[0]:197075
[1]:117122
[2]:3426
[3]:16

t1_region>
[1]:147307
[2]:156983
[3]:11566
[4]:1763
[5]:24

t2_region>
[30]:60918
[31]:221847
[32]:30062
[33]:4569
[34]:241
[35]:13

t0_min: 0.58 us, round:41
t0_max: 3.71 us, round:3825
t0_jitter: 3.13 us

t1_min: 1.38 us, round:2054
t1_max: 5.75 us, round:3825
t1_jitter: 4.38 us

t2_min: 30.25 us, round:33981
t2_max: 35.63 us, round:169096
t2_jitter: 5.38 us

PMU diff samples: 317676
AVG DIFF LL_CACHE_RD: 5.16
AVG DIFF LL_CACHE_MISS_RD: 6.55
AVG DIFF L2D_CACHE_REFILL: 2.50
AVG DIFF L2D_CACHE_INVAL: 244.03
[cur diff] DIFF LL_CACHE_RD: 0, DIFF LL_CACHE_MISS_RD: 0, MISS_RATE: 0.00%
[cur diff] DIFF L2D_CACHE_REFILL: 0
[cur diff] DIFF L2D_CACHE_INVAL: 0
[max diff] DIFF LL_CACHE_RD: 12, DIFF LL_CACHE_MISS_RD: 12, MISS_RATE: 100.00%
[max diff] DIFF L2D_CACHE_REFILL: 10
[max diff] DIFF L2D_CACHE_INVAL: 2295

===========================================================
taskpendcnt:319716
t0:875 ns
t1:1583 ns
t2:31166 ns
benchmark: Franka-derived Cartesian-impedance kernel, input trace:8, timer period:1.000 ms
controller source: franka_ros2 jazzy@73a1501d, updates:319738, SVD sweeps:5
pose error:[0.010000 0.015000 0.010000 -0.000000 0.049979 -0.000000]
tau[0:6]:[1.228026 0.081850 0.819520 0.875435 0.745706 -0.833381 0.398995]
kernel exec min/avg/max: 28.58 / 29.31 / 31.50 us, samples:319747
pressure status:1, copy rounds total/window:2310/15, 7.03 rounds/s
pressure logical copy:23100.00 MiB total, approx 70.35 MiB/s, checksum:3076207411200
pressure report window:2.132279 s
t0_region>
[0]:199069
[1]:117257
[2]:3429
[3]:16

t1_region>
[1]:149304
[2]:157102
[3]:11580
[4]:1765
[5]:24

t2_region>
[30]:62061
[31]:222805
[32]:30091
[33]:4571
[34]:241
[35]:13

t0_min: 0.58 us, round:41
t0_max: 3.71 us, round:3825
t0_jitter: 3.13 us

t1_min: 1.38 us, round:2054
t1_max: 5.75 us, round:3825
t1_jitter: 4.38 us

t2_min: 30.25 us, round:33981
t2_max: 35.63 us, round:169096
t2_jitter: 5.38 us

PMU diff samples: 319808
AVG DIFF LL_CACHE_RD: 5.15
AVG DIFF LL_CACHE_MISS_RD: 6.52
AVG DIFF L2D_CACHE_REFILL: 2.49
AVG DIFF L2D_CACHE_INVAL: 242.80
[cur diff] DIFF LL_CACHE_RD: 0, DIFF LL_CACHE_MISS_RD: 0, MISS_RATE: 0.00%
[cur diff] DIFF L2D_CACHE_REFILL: 0
[cur diff] DIFF L2D_CACHE_INVAL: 0
[max diff] DIFF LL_CACHE_RD: 12, DIFF LL_CACHE_MISS_RD: 12, MISS_RATE: 100.00%
[max diff] DIFF L2D_CACHE_REFILL: 10
[max diff] DIFF L2D_CACHE_INVAL: 2295

===========================================================
taskpendcnt:321848
t0:916 ns
t1:1625 ns
t2:30625 ns
benchmark: Franka-derived Cartesian-impedance kernel, input trace:8, timer period:1.000 ms
controller source: franka_ros2 jazzy@73a1501d, updates:321871, SVD sweeps:5
pose error:[0.010000 0.015000 0.010000 -0.000000 0.049979 -0.000000]
tau[0:6]:[-1.839419 -0.921560 -1.193198 -1.195971 -0.861243 0.113634 -0.461388]
kernel exec min/avg/max: 28.58 / 29.31 / 31.50 us, samples:321881
pressure status:1, copy rounds total/window:2326/16, 7.50 rounds/s
pressure logical copy:23260.00 MiB total, approx 75.00 MiB/s, checksum:3097514475520
pressure report window:2.133339 s
t0_region>
[0]:200741
[1]:117704
[2]:3443
[3]:17

t1_region>
[1]:150923
[2]:157569
[3]:11616
[4]:1777
[5]:24

t2_region>
[30]:62995
[31]:223888
[32]:30190
[33]:4587
[34]:242
[35]:13

t0_min: 0.58 us, round:41
t0_max: 3.71 us, round:3825
t0_jitter: 3.13 us

t1_min: 1.38 us, round:2054
t1_max: 5.75 us, round:3825
t1_jitter: 4.38 us

t2_min: 30.25 us, round:33981
t2_max: 35.63 us, round:169096
t2_jitter: 5.38 us

PMU diff samples: 321941
AVG DIFF LL_CACHE_RD: 5.14
AVG DIFF LL_CACHE_MISS_RD: 6.51
AVG DIFF L2D_CACHE_REFILL: 2.48
AVG DIFF L2D_CACHE_INVAL: 241.89
[cur diff] DIFF LL_CACHE_RD: 0, DIFF LL_CACHE_MISS_RD: 0, MISS_RATE: 0.00%
[cur diff] DIFF L2D_CACHE_REFILL: 0
[cur diff] DIFF L2D_CACHE_INVAL: 1
[max diff] DIFF LL_CACHE_RD: 12, DIFF LL_CACHE_MISS_RD: 12, MISS_RATE: 100.00%
[max diff] DIFF L2D_CACHE_REFILL: 10
[max diff] DIFF L2D_CACHE_INVAL: 2295

===========================================================
taskpendcnt:323982
t0:1250 ns
t1:1666 ns
t2:30666 ns
benchmark: Franka-derived Cartesian-impedance kernel, input trace:8, timer period:1.000 ms
controller source: franka_ros2 jazzy@73a1501d, updates:324004, SVD sweeps:5
pose error:[0.010000 0.015000 0.010000 -0.000000 0.049979 -0.000000]
tau[0:6]:[-0.567483 -0.552304 -0.482512 -0.231067 -0.297494 -0.656094 -0.085004]
kernel exec min/avg/max: 28.58 / 29.31 / 31.50 us, samples:324014
pressure status:1, copy rounds total/window:2341/15, 7.03 rounds/s
pressure logical copy:23410.00 MiB total, approx 70.31 MiB/s, checksum:3117489848320
pressure report window:2.133269 s
t0_region>
[0]:202108
[1]:118440
[2]:3472
[3]:17

t1_region>
[1]:151955
[2]:158568
[3]:11705
[4]:1790
[5]:24

t2_region>
[30]:63429
[31]:225379
[32]:30364
[33]:4622
[34]:242
[35]:13

t0_min: 0.54 us, round:324031
t0_max: 3.71 us, round:3825
t0_jitter: 3.17 us

t1_min: 1.38 us, round:2054
t1_max: 5.75 us, round:3825
t1_jitter: 4.38 us

t2_min: 30.25 us, round:33981
t2_max: 35.63 us, round:169096
t2_jitter: 5.38 us

PMU diff samples: 324075
AVG DIFF LL_CACHE_RD: 5.14
AVG DIFF LL_CACHE_MISS_RD: 6.50
AVG DIFF L2D_CACHE_REFILL: 2.48
AVG DIFF L2D_CACHE_INVAL: 241.85
[cur diff] DIFF LL_CACHE_RD: 0, DIFF LL_CACHE_MISS_RD: 0, MISS_RATE: 0.00%
[cur diff] DIFF L2D_CACHE_REFILL: 0
[cur diff] DIFF L2D_CACHE_INVAL: 0
[max diff] DIFF LL_CACHE_RD: 12, DIFF LL_CACHE_MISS_RD: 12, MISS_RATE: 100.00%
[max diff] DIFF L2D_CACHE_REFILL: 10
[max diff] DIFF L2D_CACHE_INVAL: 2295

===========================================================
taskpendcnt:326116
t0:1125 ns
t1:1833 ns
t2:30833 ns
benchmark: Franka-derived Cartesian-impedance kernel, input trace:8, timer period:1.000 ms
controller source: franka_ros2 jazzy@73a1501d, updates:326138, SVD sweeps:5
pose error:[0.010000 0.015000 0.010000 -0.000000 0.049979 -0.000000]
tau[0:6]:[1.228026 0.081850 0.819520 0.875435 0.745706 -0.833381 0.398995]
kernel exec min/avg/max: 28.58 / 29.31 / 31.50 us, samples:326148
pressure status:1, copy rounds total/window:2357/16, 7.50 rounds/s
pressure logical copy:23570.00 MiB total, approx 74.99 MiB/s, checksum:3138796912640
pressure report window:2.133593 s
t0_region>
[0]:203241
[1]:119419
[2]:3495
[3]:17

t1_region>
[1]:152720
[2]:159826
[3]:11805
[4]:1802
[5]:24

t2_region>
[30]:63675
[31]:226938
[32]:30651
[33]:4662
[34]:243
[35]:13

t0_min: 0.54 us, round:324031
t0_max: 3.71 us, round:3825
t0_jitter: 3.17 us

t1_min: 1.38 us, round:2054
t1_max: 5.75 us, round:3825
t1_jitter: 4.38 us

t2_min: 30.25 us, round:33981
t2_max: 35.63 us, round:169096
t2_jitter: 5.38 us

PMU diff samples: 326209
AVG DIFF LL_CACHE_RD: 5.15
AVG DIFF LL_CACHE_MISS_RD: 6.51
AVG DIFF L2D_CACHE_REFILL: 2.48
AVG DIFF L2D_CACHE_INVAL: 242.09
[cur diff] DIFF LL_CACHE_RD: 0, DIFF LL_CACHE_MISS_RD: 0, MISS_RATE: 0.00%
[cur diff] DIFF L2D_CACHE_REFILL: 0
[cur diff] DIFF L2D_CACHE_INVAL: 0
[max diff] DIFF LL_CACHE_RD: 12, DIFF LL_CACHE_MISS_RD: 12, MISS_RATE: 100.00%
[max diff] DIFF L2D_CACHE_REFILL: 10
[max diff] DIFF L2D_CACHE_INVAL: 2295

===========================================================
taskpendcnt:328249
t0:1458 ns
t1:2166 ns
t2:31458 ns
benchmark: Franka-derived Cartesian-impedance kernel, input trace:8, timer period:1.000 ms
controller source: franka_ros2 jazzy@73a1501d, updates:328271, SVD sweeps:5
pose error:[0.010000 0.015000 0.010000 -0.000000 0.049979 -0.000000]
tau[0:6]:[-1.839419 -0.921560 -1.193198 -1.195971 -0.861243 0.113634 -0.461388]
kernel exec min/avg/max: 28.58 / 29.31 / 31.50 us, samples:328281
pressure status:1, copy rounds total/window:2372/15, 7.03 rounds/s
pressure logical copy:23720.00 MiB total, approx 70.31 MiB/s, checksum:3158772285440
pressure report window:2.133553 s
t0_region>
[0]:204365
[1]:120406
[2]:3517
[3]:17

t1_region>
[1]:153504
[2]:161068
[3]:11895
[4]:1818
[5]:24

t2_region>
[30]:63972
[31]:228471
[32]:30924
[33]:4693
[34]:243
[35]:13

t0_min: 0.54 us, round:324031
t0_max: 3.71 us, round:3825
t0_jitter: 3.17 us

t1_min: 1.38 us, round:2054
t1_max: 5.75 us, round:3825
t1_jitter: 4.38 us

t2_min: 30.25 us, round:33981
t2_max: 35.63 us, round:169096
t2_jitter: 5.38 us

PMU diff samples: 328342
AVG DIFF LL_CACHE_RD: 5.15
AVG DIFF LL_CACHE_MISS_RD: 6.52
AVG DIFF L2D_CACHE_REFILL: 2.48
AVG DIFF L2D_CACHE_INVAL: 242.31
[cur diff] DIFF LL_CACHE_RD: 0, DIFF LL_CACHE_MISS_RD: 0, MISS_RATE: 0.00%
[cur diff] DIFF L2D_CACHE_REFILL: 0
[cur diff] DIFF L2D_CACHE_INVAL: 0
[max diff] DIFF LL_CACHE_RD: 12, DIFF LL_CACHE_MISS_RD: 12, MISS_RATE: 100.00%
[max diff] DIFF L2D_CACHE_REFILL: 10
[max diff] DIFF L2D_CACHE_INVAL: 2295

===========================================================
taskpendcnt:330383
t0:1041 ns
t1:2041 ns
t2:31333 ns
benchmark: Franka-derived Cartesian-impedance kernel, input trace:8, timer period:1.000 ms
controller source: franka_ros2 jazzy@73a1501d, updates:330406, SVD sweeps:5
pose error:[0.010000 0.015000 0.010000 -0.000000 0.049979 -0.000000]
tau[0:6]:[-2.781770 -1.613002 -1.930139 -1.581803 -1.382951 -0.390599 -0.663394]
kernel exec min/avg/max: 28.58 / 29.31 / 31.50 us, samples:330415
pressure status:1, copy rounds total/window:2387/15, 7.03 rounds/s
pressure logical copy:23870.00 MiB total, approx 70.28 MiB/s, checksum:3178747658240
pressure report window:2.134240 s
t0_region>
[0]:205539
[1]:121326
[2]:3557
[3]:17

t1_region>
[1]:154272
[2]:162317
[3]:11992
[4]:1838
[5]:24

t2_region>
[30]:64229
[31]:230014
[32]:31198
[33]:4751
[34]:245
[35]:13

t0_min: 0.54 us, round:324031
t0_max: 3.71 us, round:3825
t0_jitter: 3.17 us

t1_min: 1.38 us, round:2054
t1_max: 5.75 us, round:3825
t1_jitter: 4.38 us

t2_min: 30.25 us, round:33981
t2_max: 35.63 us, round:169096
t2_jitter: 5.38 us

PMU diff samples: 330476
AVG DIFF LL_CACHE_RD: 5.15
AVG DIFF LL_CACHE_MISS_RD: 6.52
AVG DIFF L2D_CACHE_REFILL: 2.48
AVG DIFF L2D_CACHE_INVAL: 242.55
[cur diff] DIFF LL_CACHE_RD: 0, DIFF LL_CACHE_MISS_RD: 0, MISS_RATE: 0.00%
[cur diff] DIFF L2D_CACHE_REFILL: 0
[cur diff] DIFF L2D_CACHE_INVAL: 0
[max diff] DIFF LL_CACHE_RD: 12, DIFF LL_CACHE_MISS_RD: 12, MISS_RATE: 100.00%
[max diff] DIFF L2D_CACHE_REFILL: 10
[max diff] DIFF L2D_CACHE_INVAL: 2295

===========================================================
taskpendcnt:332517
t0:1500 ns
t1:1750 ns
t2:31041 ns
benchmark: Franka-derived Cartesian-impedance kernel, input trace:8, timer period:1.000 ms
controller source: franka_ros2 jazzy@73a1501d, updates:332540, SVD sweeps:5
pose error:[0.010000 0.015000 0.010000 -0.000000 0.049979 -0.000000]
tau[0:6]:[1.376914 -0.104433 0.790225 0.843903 0.642107 -0.956178 0.423547]
kernel exec min/avg/max: 28.58 / 29.31 / 31.50 us, samples:332549
pressure status:1, copy rounds total/window:2403/16, 7.50 rounds/s
pressure logical copy:24030.00 MiB total, approx 74.99 MiB/s, checksum:3200054722560
pressure report window:2.133683 s
t0_region>
[0]:206754
[1]:122213
[2]:3589
[3]:17

t1_region>
[1]:155087
[2]:163531
[3]:12086
[4]:1849
[5]:24

t2_region>
[30]:64475
[31]:231614
[32]:31445
[33]:4789
[34]:247
[35]:13

t0_min: 0.54 us, round:324031
t0_max: 3.71 us, round:3825
t0_jitter: 3.17 us

t1_min: 1.38 us, round:2054
t1_max: 5.75 us, round:3825
t1_jitter: 4.38 us

t2_min: 30.25 us, round:33981
t2_max: 35.63 us, round:169096
t2_jitter: 5.38 us

PMU diff samples: 332610
AVG DIFF LL_CACHE_RD: 5.15
AVG DIFF LL_CACHE_MISS_RD: 6.53
AVG DIFF L2D_CACHE_REFILL: 2.49
AVG DIFF L2D_CACHE_INVAL: 242.78
[cur diff] DIFF LL_CACHE_RD: 0, DIFF LL_CACHE_MISS_RD: 0, MISS_RATE: 0.00%
[cur diff] DIFF L2D_CACHE_REFILL: 0
[cur diff] DIFF L2D_CACHE_INVAL: 2
[max diff] DIFF LL_CACHE_RD: 12, DIFF LL_CACHE_MISS_RD: 12, MISS_RATE: 100.00%
[max diff] DIFF L2D_CACHE_REFILL: 10
[max diff] DIFF L2D_CACHE_INVAL: 2295

===========================================================
taskpendcnt:334650
t0:791 ns
t1:1500 ns
t2:30791 ns
benchmark: Franka-derived Cartesian-impedance kernel, input trace:8, timer period:1.000 ms
controller source: franka_ros2 jazzy@73a1501d, updates:334673, SVD sweeps:5
pose error:[0.010000 0.015000 0.010000 -0.000000 0.049979 -0.000000]
tau[0:6]:[-0.274004 -0.324180 0.001577 -0.231466 0.050986 -0.328952 0.010844]
kernel exec min/avg/max: 28.58 / 29.31 / 31.50 us, samples:334682
pressure status:1, copy rounds total/window:2418/15, 7.03 rounds/s
pressure logical copy:24180.00 MiB total, approx 70.32 MiB/s, checksum:3220030095360
pressure report window:2.133181 s
t0_region>
[0]:207928
[1]:123135
[2]:3625
[3]:17

t1_region>
[1]:155936
[2]:164720
[3]:12167
[4]:1862
[5]:25

t2_region>
[30]:64752
[31]:233201
[32]:31675
[33]:4826
[34]:250
[35]:13

t0_min: 0.54 us, round:324031
t0_max: 3.71 us, round:3825
t0_jitter: 3.17 us

t1_min: 1.38 us, round:2054
t1_max: 5.75 us, round:3825
t1_jitter: 4.38 us

t2_min: 30.25 us, round:33981
t2_max: 35.63 us, round:169096
t2_jitter: 5.38 us

PMU diff samples: 334743
AVG DIFF LL_CACHE_RD: 5.15
AVG DIFF LL_CACHE_MISS_RD: 6.53
AVG DIFF L2D_CACHE_REFILL: 2.49
AVG DIFF L2D_CACHE_INVAL: 242.97
[cur diff] DIFF LL_CACHE_RD: 0, DIFF LL_CACHE_MISS_RD: 0, MISS_RATE: 0.00%
[cur diff] DIFF L2D_CACHE_REFILL: 0
[cur diff] DIFF L2D_CACHE_INVAL: 0
[max diff] DIFF LL_CACHE_RD: 12, DIFF LL_CACHE_MISS_RD: 12, MISS_RATE: 100.00%
[max diff] DIFF L2D_CACHE_REFILL: 10
[max diff] DIFF L2D_CACHE_INVAL: 2295

===========================================================
taskpendcnt:336783
t0:833 ns
t1:1833 ns
t2:31125 ns
benchmark: Franka-derived Cartesian-impedance kernel, input trace:8, timer period:1.000 ms
controller source: franka_ros2 jazzy@73a1501d, updates:336806, SVD sweeps:5
pose error:[0.010000 0.015000 0.010000 -0.000000 0.049979 -0.000000]
tau[0:6]:[-2.379368 -1.292411 -1.655224 -1.570015 -1.185234 -0.066588 -0.610247]
kernel exec min/avg/max: 28.58 / 29.31 / 31.50 us, samples:336816
pressure status:1, copy rounds total/window:2433/15, 7.03 rounds/s
pressure logical copy:24330.00 MiB total, approx 70.31 MiB/s, checksum:3240005468160
pressure report window:2.133381 s
t0_region>
[0]:209128
[1]:124040
[2]:3655
[3]:17

t1_region>
[1]:156745
[2]:165935
[3]:12263
[4]:1876
[5]:25

t2_region>
[30]:65031
[31]:234750
[32]:31939
[33]:4867
[34]:251
[35]:13

t0_min: 0.54 us, round:324031
t0_max: 3.71 us, round:3825
t0_jitter: 3.17 us

t1_min: 1.38 us, round:2054
t1_max: 5.75 us, round:3825
t1_jitter: 4.38 us

t2_min: 30.25 us, round:33981
t2_max: 35.63 us, round:169096
t2_jitter: 5.38 us

PMU diff samples: 336877
AVG DIFF LL_CACHE_RD: 5.16
AVG DIFF LL_CACHE_MISS_RD: 6.54
AVG DIFF L2D_CACHE_REFILL: 2.49
AVG DIFF L2D_CACHE_INVAL: 243.19
[cur diff] DIFF LL_CACHE_RD: 0, DIFF LL_CACHE_MISS_RD: 0, MISS_RATE: 0.00%
[cur diff] DIFF L2D_CACHE_REFILL: 0
[cur diff] DIFF L2D_CACHE_INVAL: 0
[max diff] DIFF LL_CACHE_RD: 12, DIFF LL_CACHE_MISS_RD: 12, MISS_RATE: 100.00%
[max diff] DIFF L2D_CACHE_REFILL: 10
[max diff] DIFF L2D_CACHE_INVAL: 2295

===========================================================
taskpendcnt:338917
t0:1000 ns
t1:1708 ns
t2:31000 ns
benchmark: Franka-derived Cartesian-impedance kernel, input trace:8, timer period:1.000 ms
controller source: franka_ros2 jazzy@73a1501d, updates:338940, SVD sweeps:5
pose error:[0.010000 0.015000 0.010000 -0.000000 0.049979 -0.000000]
tau[0:6]:[-0.567483 -0.552304 -0.482512 -0.231067 -0.297494 -0.656094 -0.085004]
kernel exec min/avg/max: 28.58 / 29.31 / 31.50 us, samples:338950
pressure status:1, copy rounds total/window:2449/16, 7.50 rounds/s
pressure logical copy:24490.00 MiB total, approx 74.97 MiB/s, checksum:3261312532480
pressure report window:2.134198 s
t0_region>
[0]:210373
[1]:124902
[2]:3681
[3]:17

t1_region>
[1]:157648
[2]:167060
[3]:12349
[4]:1896
[5]:25

t2_region>
[30]:65365
[31]:236275
[32]:32178
[33]:4899
[34]:254
[35]:13

t0_min: 0.54 us, round:324031
t0_max: 3.71 us, round:3825
t0_jitter: 3.17 us

t1_min: 1.38 us, round:2054
t1_max: 5.75 us, round:3825
t1_jitter: 4.38 us

t2_min: 30.25 us, round:33981
t2_max: 35.63 us, round:169096
t2_jitter: 5.38 us

PMU diff samples: 339011
AVG DIFF LL_CACHE_RD: 5.16
AVG DIFF LL_CACHE_MISS_RD: 6.54
AVG DIFF L2D_CACHE_REFILL: 2.49
AVG DIFF L2D_CACHE_INVAL: 243.39
[cur diff] DIFF LL_CACHE_RD: 0, DIFF LL_CACHE_MISS_RD: 0, MISS_RATE: 0.00%
[cur diff] DIFF L2D_CACHE_REFILL: 0
[cur diff] DIFF L2D_CACHE_INVAL: 0
[max diff] DIFF LL_CACHE_RD: 12, DIFF LL_CACHE_MISS_RD: 12, MISS_RATE: 100.00%
[max diff] DIFF L2D_CACHE_REFILL: 10
[max diff] DIFF L2D_CACHE_INVAL: 2295

===========================================================
taskpendcnt:341051
t0:875 ns
t1:1583 ns
t2:31166 ns
benchmark: Franka-derived Cartesian-impedance kernel, input trace:8, timer period:1.000 ms
controller source: franka_ros2 jazzy@73a1501d, updates:341074, SVD sweeps:5
pose error:[0.010000 0.015000 0.010000 -0.000000 0.049979 -0.000000]
tau[0:6]:[1.228026 0.081850 0.819520 0.875435 0.745706 -0.833381 0.398995]
kernel exec min/avg/max: 28.58 / 29.31 / 31.50 us, samples:341083
pressure status:1, copy rounds total/window:2464/15, 7.03 rounds/s
pressure logical copy:24640.00 MiB total, approx 70.31 MiB/s, checksum:3281287905280
pressure report window:2.133504 s
t0_region>
[0]:211674
[1]:125713
[2]:3703
[3]:17

t1_region>
[1]:158533
[2]:168212
[3]:12430
[4]:1911
[5]:25

t2_region>
[30]:65699
[31]:237825
[32]:32394
[33]:4932
[34]:254
[35]:13

t0_min: 0.54 us, round:324031
t0_max: 3.71 us, round:3825
t0_jitter: 3.17 us

t1_min: 1.38 us, round:2054
t1_max: 5.75 us, round:3825
t1_jitter: 4.38 us

t2_min: 30.25 us, round:33981
t2_max: 35.63 us, round:169096
t2_jitter: 5.38 us

PMU diff samples: 341144
AVG DIFF LL_CACHE_RD: 5.16
AVG DIFF LL_CACHE_MISS_RD: 6.54
AVG DIFF L2D_CACHE_REFILL: 2.49
AVG DIFF L2D_CACHE_INVAL: 243.54
[cur diff] DIFF LL_CACHE_RD: 0, DIFF LL_CACHE_MISS_RD: 0, MISS_RATE: 0.00%
[cur diff] DIFF L2D_CACHE_REFILL: 0
[cur diff] DIFF L2D_CACHE_INVAL: 0
[max diff] DIFF LL_CACHE_RD: 12, DIFF LL_CACHE_MISS_RD: 12, MISS_RATE: 100.00%
[max diff] DIFF L2D_CACHE_REFILL: 10
[max diff] DIFF L2D_CACHE_INVAL: 2295

===========================================================
taskpendcnt:343185
t0:1208 ns
t1:1916 ns
t2:31208 ns
benchmark: Franka-derived Cartesian-impedance kernel, input trace:8, timer period:1.000 ms
controller source: franka_ros2 jazzy@73a1501d, updates:343207, SVD sweeps:5
pose error:[0.010000 0.015000 0.010000 -0.000000 0.049979 -0.000000]
tau[0:6]:[-1.839419 -0.921560 -1.193198 -1.195971 -0.861243 0.113634 -0.461388]
kernel exec min/avg/max: 28.58 / 29.31 / 31.50 us, samples:343217
pressure status:1, copy rounds total/window:2479/15, 7.03 rounds/s
pressure logical copy:24790.00 MiB total, approx 70.30 MiB/s, checksum:3301263278080
pressure report window:2.133631 s
t0_region>
[0]:212860
[1]:126642
[2]:3721
[3]:17

t1_region>
[1]:159365
[2]:169414
[3]:12515
[4]:1926
[5]:25

t2_region>
[30]:65967
[31]:239399
[32]:32645
[33]:4972
[34]:256
[35]:13

t0_min: 0.54 us, round:324031
t0_max: 3.71 us, round:3825
t0_jitter: 3.17 us

t1_min: 1.38 us, round:2054
t1_max: 5.75 us, round:3825
t1_jitter: 4.38 us

t2_min: 30.25 us, round:33981
t2_max: 35.63 us, round:169096
t2_jitter: 5.38 us

PMU diff samples: 343278
AVG DIFF LL_CACHE_RD: 5.16
AVG DIFF LL_CACHE_MISS_RD: 6.54
AVG DIFF L2D_CACHE_REFILL: 2.49
AVG DIFF L2D_CACHE_INVAL: 243.72
[cur diff] DIFF LL_CACHE_RD: 0, DIFF LL_CACHE_MISS_RD: 0, MISS_RATE: 0.00%
[cur diff] DIFF L2D_CACHE_REFILL: 0
[cur diff] DIFF L2D_CACHE_INVAL: 0
[max diff] DIFF LL_CACHE_RD: 12, DIFF LL_CACHE_MISS_RD: 12, MISS_RATE: 100.00%
[max diff] DIFF L2D_CACHE_REFILL: 10
[max diff] DIFF L2D_CACHE_INVAL: 2295

===========================================================
taskpendcnt:345319
t0:1083 ns
t1:1791 ns
t2:31083 ns
benchmark: Franka-derived Cartesian-impedance kernel, input trace:8, timer period:1.000 ms
controller source: franka_ros2 jazzy@73a1501d, updates:345341, SVD sweeps:5
pose error:[0.010000 0.015000 0.010000 -0.000000 0.049979 -0.000000]
tau[0:6]:[-2.781770 -1.613002 -1.930139 -1.581803 -1.382951 -0.390599 -0.663394]
kernel exec min/avg/max: 28.58 / 29.31 / 31.50 us, samples:345351
pressure status:1, copy rounds total/window:2495/16, 7.50 rounds/s
pressure logical copy:24950.00 MiB total, approx 74.97 MiB/s, checksum:3322570342400
pressure report window:2.134149 s
t0_region>
[0]:214065
[1]:127549
[2]:3743
[3]:17

t1_region>
[1]:160239
[2]:170580
[3]:12594
[4]:1941
[5]:25

t2_region>
[30]:66248
[31]:240969
[32]:32891
[33]:5004
[34]:259
[35]:14

t0_min: 0.54 us, round:324031
t0_max: 3.71 us, round:3825
t0_jitter: 3.17 us

t1_min: 1.38 us, round:2054
t1_max: 5.75 us, round:3825
t1_jitter: 4.38 us

t2_min: 30.25 us, round:33981
t2_max: 35.63 us, round:169096
t2_jitter: 5.38 us

PMU diff samples: 345412
AVG DIFF LL_CACHE_RD: 5.16
AVG DIFF LL_CACHE_MISS_RD: 6.55
AVG DIFF L2D_CACHE_REFILL: 2.49
AVG DIFF L2D_CACHE_INVAL: 243.87
[cur diff] DIFF LL_CACHE_RD: 0, DIFF LL_CACHE_MISS_RD: 0, MISS_RATE: 0.00%
[cur diff] DIFF L2D_CACHE_REFILL: 0
[cur diff] DIFF L2D_CACHE_INVAL: 0
[max diff] DIFF LL_CACHE_RD: 12, DIFF LL_CACHE_MISS_RD: 12, MISS_RATE: 100.00%
[max diff] DIFF L2D_CACHE_REFILL: 10
[max diff] DIFF L2D_CACHE_INVAL: 2295

===========================================================
taskpendcnt:347453
t0:1250 ns
t1:1958 ns
t2:30958 ns
benchmark: Franka-derived Cartesian-impedance kernel, input trace:8, timer period:1.000 ms
controller source: franka_ros2 jazzy@73a1501d, updates:347475, SVD sweeps:5
pose error:[0.010000 0.015000 0.010000 -0.000000 0.049979 -0.000000]
tau[0:6]:[1.376914 -0.104433 0.790225 0.843903 0.642107 -0.956178 0.423547]
kernel exec min/avg/max: 28.58 / 29.31 / 31.50 us, samples:347485
pressure status:1, copy rounds total/window:2510/15, 7.03 rounds/s
pressure logical copy:25100.00 MiB total, approx 70.30 MiB/s, checksum:3342545715200
pressure report window:2.133660 s
t0_region>
[0]:215259
[1]:128454
[2]:3778
[3]:17

t1_region>
[1]:161077
[2]:171770
[3]:12683
[4]:1958
[5]:25

t2_region>
[30]:66502
[31]:242558
[32]:33141
[33]:5041
[34]:263
[35]:14

t0_min: 0.54 us, round:324031
t0_max: 3.71 us, round:3825
t0_jitter: 3.17 us

t1_min: 1.38 us, round:2054
t1_max: 5.75 us, round:3825
t1_jitter: 4.38 us

t2_min: 30.25 us, round:33981
t2_max: 35.63 us, round:169096
t2_jitter: 5.38 us

PMU diff samples: 347546
AVG DIFF LL_CACHE_RD: 5.16
AVG DIFF LL_CACHE_MISS_RD: 6.55
AVG DIFF L2D_CACHE_REFILL: 2.50
AVG DIFF L2D_CACHE_INVAL: 244.03
[cur diff] DIFF LL_CACHE_RD: 0, DIFF LL_CACHE_MISS_RD: 0, MISS_RATE: 0.00%
[cur diff] DIFF L2D_CACHE_REFILL: 0
[cur diff] DIFF L2D_CACHE_INVAL: 0
[max diff] DIFF LL_CACHE_RD: 12, DIFF LL_CACHE_MISS_RD: 12, MISS_RATE: 100.00%
[max diff] DIFF L2D_CACHE_REFILL: 10
[max diff] DIFF L2D_CACHE_INVAL: 2295

===========================================================
taskpendcnt:349586
t0:1000 ns
t1:1708 ns
t2:30708 ns
benchmark: Franka-derived Cartesian-impedance kernel, input trace:8, timer period:1.000 ms
controller source: franka_ros2 jazzy@73a1501d, updates:349608, SVD sweeps:5
pose error:[0.010000 0.015000 0.010000 -0.000000 0.049979 -0.000000]
tau[0:6]:[-0.274004 -0.324180 0.001577 -0.231466 0.050986 -0.328952 0.010844]
kernel exec min/avg/max: 28.58 / 29.31 / 31.50 us, samples:349618
pressure status:1, copy rounds total/window:2526/16, 7.50 rounds/s
pressure logical copy:25260.00 MiB total, approx 75.00 MiB/s, checksum:3363852779520
pressure report window:2.133279 s
t0_region>
[0]:216508
[1]:129316
[2]:3799
[3]:18

t1_region>
[1]:161929
[2]:172959
[3]:12766
[4]:1967
[5]:25

t2_region>
[30]:66804
[31]:244137
[32]:33364
[33]:5070
[34]:264
[35]:14

t0_min: 0.54 us, round:324031
t0_max: 3.71 us, round:3825
t0_jitter: 3.17 us

t1_min: 1.38 us, round:2054
t1_max: 5.75 us, round:3825
t1_jitter: 4.38 us

t2_min: 30.25 us, round:33981
t2_max: 35.63 us, round:169096
t2_jitter: 5.38 us

PMU diff samples: 349679
AVG DIFF LL_CACHE_RD: 5.16
AVG DIFF LL_CACHE_MISS_RD: 6.55
AVG DIFF L2D_CACHE_REFILL: 2.50
AVG DIFF L2D_CACHE_INVAL: 244.18
[cur diff] DIFF LL_CACHE_RD: 0, DIFF LL_CACHE_MISS_RD: 0, MISS_RATE: 0.00%
[cur diff] DIFF L2D_CACHE_REFILL: 0
[cur diff] DIFF L2D_CACHE_INVAL: 1
[max diff] DIFF LL_CACHE_RD: 12, DIFF LL_CACHE_MISS_RD: 12, MISS_RATE: 100.00%
[max diff] DIFF L2D_CACHE_REFILL: 10
[max diff] DIFF L2D_CACHE_INVAL: 2295

===========================================================
taskpendcnt:351720
t0:1166 ns
t1:2166 ns
t2:31166 ns
benchmark: Franka-derived Cartesian-impedance kernel, input trace:8, timer period:1.000 ms
controller source: franka_ros2 jazzy@73a1501d, updates:351743, SVD sweeps:5
pose error:[0.010000 0.015000 0.010000 -0.000000 0.049979 -0.000000]
tau[0:6]:[-2.379368 -1.292411 -1.655224 -1.570015 -1.185234 -0.066588 -0.610247]
kernel exec min/avg/max: 28.58 / 29.31 / 31.50 us, samples:351752
pressure status:1, copy rounds total/window:2541/15, 7.03 rounds/s
pressure logical copy:25410.00 MiB total, approx 70.28 MiB/s, checksum:3383828152320
pressure report window:2.134355 s
t0_region>
[0]:217763
[1]:130174
[2]:3821
[3]:18

t1_region>
[1]:162802
[2]:174134
[3]:12842
[4]:1977
[5]:25

t2_region>
[30]:67117
[31]:245708
[32]:33585
[33]:5097
[34]:265
[35]:14

t0_min: 0.54 us, round:324031
t0_max: 3.71 us, round:3825
t0_jitter: 3.17 us

t1_min: 1.38 us, round:2054
t1_max: 5.75 us, round:3825
t1_jitter: 4.38 us

t2_min: 30.25 us, round:33981
t2_max: 35.63 us, round:169096
t2_jitter: 5.38 us

PMU diff samples: 351813
AVG DIFF LL_CACHE_RD: 5.16
AVG DIFF LL_CACHE_MISS_RD: 6.56
AVG DIFF L2D_CACHE_REFILL: 2.50
AVG DIFF L2D_CACHE_INVAL: 244.30
[cur diff] DIFF LL_CACHE_RD: 0, DIFF LL_CACHE_MISS_RD: 0, MISS_RATE: 0.00%
[cur diff] DIFF L2D_CACHE_REFILL: 0
[cur diff] DIFF L2D_CACHE_INVAL: 0
[max diff] DIFF LL_CACHE_RD: 12, DIFF LL_CACHE_MISS_RD: 12, MISS_RATE: 100.00%
[max diff] DIFF L2D_CACHE_REFILL: 10
[max diff] DIFF L2D_CACHE_INVAL: 2295

===========================================================
taskpendcnt:353854
t0:1333 ns
t1:1583 ns
t2:30875 ns
benchmark: Franka-derived Cartesian-impedance kernel, input trace:8, timer period:1.000 ms
controller source: franka_ros2 jazzy@73a1501d, updates:353877, SVD sweeps:5
pose error:[0.010000 0.015000 0.010000 -0.000000 0.049979 -0.000000]
tau[0:6]:[-0.567483 -0.552304 -0.482512 -0.231067 -0.297494 -0.656094 -0.085004]
kernel exec min/avg/max: 28.58 / 29.31 / 31.50 us, samples:353886
pressure status:1, copy rounds total/window:2556/15, 7.03 rounds/s
pressure logical copy:25560.00 MiB total, approx 70.29 MiB/s, checksum:3403803525120
pressure report window:2.134088 s
t0_region>
[0]:219043
[1]:131001
[2]:3849
[3]:18

t1_region>
[1]:163716
[2]:175266
[3]:12915
[4]:1993
[5]:25

t2_region>
[30]:67431
[31]:247266
[32]:33810
[33]:5132
[34]:267
[35]:14

t0_min: 0.54 us, round:324031
t0_max: 3.71 us, round:3825
t0_jitter: 3.17 us

t1_min: 1.38 us, round:2054
t1_max: 5.75 us, round:3825
t1_jitter: 4.38 us

t2_min: 30.25 us, round:33981
t2_max: 35.63 us, round:169096
t2_jitter: 5.38 us

PMU diff samples: 353948
AVG DIFF LL_CACHE_RD: 5.16
AVG DIFF LL_CACHE_MISS_RD: 6.56
AVG DIFF L2D_CACHE_REFILL: 2.50
AVG DIFF L2D_CACHE_INVAL: 244.45
[cur diff] DIFF LL_CACHE_RD: 0, DIFF LL_CACHE_MISS_RD: 0, MISS_RATE: 0.00%
[cur diff] DIFF L2D_CACHE_REFILL: 0
[cur diff] DIFF L2D_CACHE_INVAL: 0
[max diff] DIFF LL_CACHE_RD: 12, DIFF LL_CACHE_MISS_RD: 12, MISS_RATE: 100.00%
[max diff] DIFF L2D_CACHE_REFILL: 10
[max diff] DIFF L2D_CACHE_INVAL: 2295

===========================================================
taskpendcnt:355988
t0:1041 ns
t1:1458 ns
t2:31041 ns
benchmark: Franka-derived Cartesian-impedance kernel, input trace:8, timer period:1.000 ms
controller source: franka_ros2 jazzy@73a1501d, updates:356011, SVD sweeps:5
pose error:[0.010000 0.015000 0.010000 -0.000000 0.049979 -0.000000]
tau[0:6]:[1.228026 0.081850 0.819520 0.875435 0.745706 -0.833381 0.398995]
kernel exec min/avg/max: 28.58 / 29.31 / 31.50 us, samples:356020
pressure status:1, copy rounds total/window:2572/16, 7.50 rounds/s
pressure logical copy:25720.00 MiB total, approx 74.99 MiB/s, checksum:3425110589440
pressure report window:2.133567 s
t0_region>
[0]:220317
[1]:131843
[2]:3865
[3]:18

t1_region>
[1]:164595
[2]:176422
[3]:13007
[4]:1999
[5]:25

t2_region>
[30]:67711
[31]:248865
[32]:34033
[33]:5163
[34]:269
[35]:14

t0_min: 0.54 us, round:324031
t0_max: 3.71 us, round:3825
t0_jitter: 3.17 us

t1_min: 1.38 us, round:2054
t1_max: 5.75 us, round:3825
t1_jitter: 4.38 us

t2_min: 30.25 us, round:33981
t2_max: 35.63 us, round:169096
t2_jitter: 5.38 us

PMU diff samples: 356081
AVG DIFF LL_CACHE_RD: 5.16
AVG DIFF LL_CACHE_MISS_RD: 6.56
AVG DIFF L2D_CACHE_REFILL: 2.50
AVG DIFF L2D_CACHE_INVAL: 244.58
[cur diff] DIFF LL_CACHE_RD: 0, DIFF LL_CACHE_MISS_RD: 0, MISS_RATE: 0.00%
[cur diff] DIFF L2D_CACHE_REFILL: 0
[cur diff] DIFF L2D_CACHE_INVAL: 0
[max diff] DIFF LL_CACHE_RD: 12, DIFF LL_CACHE_MISS_RD: 12, MISS_RATE: 100.00%
[max diff] DIFF L2D_CACHE_REFILL: 10
[max diff] DIFF L2D_CACHE_INVAL: 2295

===========================================================
taskpendcnt:358121
t0:1083 ns
t1:1500 ns
t2:31083 ns
benchmark: Franka-derived Cartesian-impedance kernel, input trace:8, timer period:1.000 ms
controller source: franka_ros2 jazzy@73a1501d, updates:358144, SVD sweeps:5
pose error:[0.010000 0.015000 0.010000 -0.000000 0.049979 -0.000000]
tau[0:6]:[-0.274004 -0.324180 0.001577 -0.231466 0.050986 -0.328952 0.010844]
kernel exec min/avg/max: 28.58 / 29.31 / 31.50 us, samples:358153
pressure status:1, copy rounds total/window:2587/15, 7.03 rounds/s
pressure logical copy:25870.00 MiB total, approx 70.31 MiB/s, checksum:3445085962240
pressure report window:2.133330 s
t0_region>
[0]:221584
[1]:132680
[2]:3895
[3]:18

t1_region>
[1]:165524
[2]:177544
[3]:13082
[4]:2007
[5]:25

t2_region>
[30]:68026
[31]:250428
[32]:34253
[33]:5196
[34]:270
[35]:14

t0_min: 0.54 us, round:324031
t0_max: 3.71 us, round:3825
t0_jitter: 3.17 us

t1_min: 1.38 us, round:2054
t1_max: 5.75 us, round:3825
t1_jitter: 4.38 us

t2_min: 30.25 us, round:33981
t2_max: 35.63 us, round:169096
t2_jitter: 5.38 us

PMU diff samples: 358214
AVG DIFF LL_CACHE_RD: 5.17
AVG DIFF LL_CACHE_MISS_RD: 6.56
AVG DIFF L2D_CACHE_REFILL: 2.50
AVG DIFF L2D_CACHE_INVAL: 244.69
[cur diff] DIFF LL_CACHE_RD: 0, DIFF LL_CACHE_MISS_RD: 0, MISS_RATE: 0.00%
[cur diff] DIFF L2D_CACHE_REFILL: 0
[cur diff] DIFF L2D_CACHE_INVAL: 0
[max diff] DIFF LL_CACHE_RD: 12, DIFF LL_CACHE_MISS_RD: 12, MISS_RATE: 100.00%
[max diff] DIFF L2D_CACHE_REFILL: 10
[max diff] DIFF L2D_CACHE_INVAL: 2295

===========================================================
taskpendcnt:360255
t0:1250 ns
t1:1666 ns
t2:30958 ns
benchmark: Franka-derived Cartesian-impedance kernel, input trace:8, timer period:1.000 ms
controller source: franka_ros2 jazzy@73a1501d, updates:360278, SVD sweeps:5
pose error:[0.010000 0.015000 0.010000 -0.000000 0.049979 -0.000000]
tau[0:6]:[-2.379368 -1.292411 -1.655224 -1.570015 -1.185234 -0.066588 -0.610247]
kernel exec min/avg/max: 28.58 / 29.31 / 31.50 us, samples:360288
pressure status:1, copy rounds total/window:2603/16, 7.50 rounds/s
pressure logical copy:26030.00 MiB total, approx 74.96 MiB/s, checksum:3466393026560
pressure report window:2.134339 s
t0_region>
[0]:222926
[1]:133453
[2]:3914
[3]:18

t1_region>
[1]:166527
[2]:178591
[3]:13160
[4]:2013
[5]:25

t2_region>
[30]:68380
[31]:252001
[32]:34438
[33]:5220
[34]:270
[35]:14

t0_min: 0.54 us, round:324031
t0_max: 3.71 us, round:3825
t0_jitter: 3.17 us

t1_min: 1.38 us, round:2054
t1_max: 5.75 us, round:3825
t1_jitter: 4.38 us

t2_min: 30.25 us, round:33981
t2_max: 35.63 us, round:169096
t2_jitter: 5.38 us

PMU diff samples: 360349
AVG DIFF LL_CACHE_RD: 5.16
AVG DIFF LL_CACHE_MISS_RD: 6.56
AVG DIFF L2D_CACHE_REFILL: 2.50
AVG DIFF L2D_CACHE_INVAL: 244.74
[cur diff] DIFF LL_CACHE_RD: 0, DIFF LL_CACHE_MISS_RD: 0, MISS_RATE: 0.00%
[cur diff] DIFF L2D_CACHE_REFILL: 0
[cur diff] DIFF L2D_CACHE_INVAL: 0
[max diff] DIFF LL_CACHE_RD: 12, DIFF LL_CACHE_MISS_RD: 12, MISS_RATE: 100.00%
[max diff] DIFF L2D_CACHE_REFILL: 10
[max diff] DIFF L2D_CACHE_INVAL: 2295

===========================================================
taskpendcnt:362389
t0:833 ns
t1:1833 ns
t2:31416 ns
benchmark: Franka-derived Cartesian-impedance kernel, input trace:8, timer period:1.000 ms
controller source: franka_ros2 jazzy@73a1501d, updates:362412, SVD sweeps:5
pose error:[0.010000 0.015000 0.010000 -0.000000 0.049979 -0.000000]
tau[0:6]:[-0.567483 -0.552304 -0.482512 -0.231067 -0.297494 -0.656094 -0.085004]
kernel exec min/avg/max: 28.58 / 29.31 / 31.50 us, samples:362422
pressure status:1, copy rounds total/window:2618/15, 7.03 rounds/s
pressure logical copy:26180.00 MiB total, approx 70.29 MiB/s, checksum:3486368399360
pressure report window:2.133959 s
t0_region>
[0]:224216
[1]:134278
[2]:3933
[3]:18

t1_region>
[1]:167459
[2]:179717
[3]:13230
[4]:2019
[5]:25

t2_region>
[30]:68670
[31]:253619
[32]:34633
[33]:5249
[34]:271
[35]:14

t0_min: 0.54 us, round:324031
t0_max: 3.71 us, round:3825
t0_jitter: 3.17 us

t1_min: 1.38 us, round:2054
t1_max: 5.75 us, round:3825
t1_jitter: 4.38 us

t2_min: 30.25 us, round:33981
t2_max: 35.63 us, round:169096
t2_jitter: 5.38 us

PMU diff samples: 362483
AVG DIFF LL_CACHE_RD: 5.16
AVG DIFF LL_CACHE_MISS_RD: 6.56
AVG DIFF L2D_CACHE_REFILL: 2.50
AVG DIFF L2D_CACHE_INVAL: 244.80
[cur diff] DIFF LL_CACHE_RD: 0, DIFF LL_CACHE_MISS_RD: 0, MISS_RATE: 0.00%
[cur diff] DIFF L2D_CACHE_REFILL: 0
[cur diff] DIFF L2D_CACHE_INVAL: 0
[max diff] DIFF LL_CACHE_RD: 12, DIFF LL_CACHE_MISS_RD: 12, MISS_RATE: 100.00%
[max diff] DIFF L2D_CACHE_REFILL: 10
[max diff] DIFF L2D_CACHE_INVAL: 2295

===========================================================
taskpendcnt:364523
t0:708 ns
t1:1416 ns
t2:31000 ns
benchmark: Franka-derived Cartesian-impedance kernel, input trace:8, timer period:1.000 ms
controller source: franka_ros2 jazzy@73a1501d, updates:364546, SVD sweeps:5
pose error:[0.010000 0.015000 0.010000 -0.000000 0.049979 -0.000000]
tau[0:6]:[1.228026 0.081850 0.819520 0.875435 0.745706 -0.833381 0.398995]
kernel exec min/avg/max: 28.58 / 29.31 / 31.50 us, samples:364555
pressure status:1, copy rounds total/window:2633/15, 7.03 rounds/s
pressure logical copy:26330.00 MiB total, approx 70.31 MiB/s, checksum:3506343772160
pressure report window:2.133499 s
t0_region>
[0]:225678
[1]:134936
[2]:3946
[3]:18

t1_region>
[1]:168685
[2]:180556
[3]:13290
[4]:2027
[5]:25

t2_region>
[30]:69216
[31]:255021
[32]:34797
[33]:5271
[34]:271
[35]:14

t0_min: 0.54 us, round:324031
t0_max: 3.71 us, round:3825
t0_jitter: 3.17 us

t1_min: 1.38 us, round:2054
t1_max: 5.75 us, round:3825
t1_jitter: 4.38 us

t2_min: 30.25 us, round:33981
t2_max: 35.63 us, round:169096
t2_jitter: 5.38 us

PMU diff samples: 364616
AVG DIFF LL_CACHE_RD: 5.16
AVG DIFF LL_CACHE_MISS_RD: 6.56
AVG DIFF L2D_CACHE_REFILL: 2.50
AVG DIFF L2D_CACHE_INVAL: 244.53
[cur diff] DIFF LL_CACHE_RD: 0, DIFF LL_CACHE_MISS_RD: 0, MISS_RATE: 0.00%
[cur diff] DIFF L2D_CACHE_REFILL: 0
[cur diff] DIFF L2D_CACHE_INVAL: 0
[max diff] DIFF LL_CACHE_RD: 12, DIFF LL_CACHE_MISS_RD: 12, MISS_RATE: 100.00%
[max diff] DIFF L2D_CACHE_REFILL: 10
[max diff] DIFF L2D_CACHE_INVAL: 2295

===========================================================
taskpendcnt:366656
t0:1041 ns
t1:1750 ns
t2:31041 ns
benchmark: Franka-derived Cartesian-impedance kernel, input trace:8, timer period:1.000 ms
controller source: franka_ros2 jazzy@73a1501d, updates:366679, SVD sweeps:5
pose error:[0.010000 0.015000 0.010000 -0.000000 0.049979 -0.000000]
tau[0:6]:[-1.839419 -0.921560 -1.193198 -1.195971 -0.861243 0.113634 -0.461388]
kernel exec min/avg/max: 28.58 / 29.31 / 31.50 us, samples:366689
pressure status:1, copy rounds total/window:2649/16, 7.50 rounds/s
pressure logical copy:26490.00 MiB total, approx 74.99 MiB/s, checksum:3527650836480
pressure report window:2.133487 s
t0_region>
[0]:227310
[1]:135430
[2]:3954
[3]:18

t1_region>
[1]:170126
[2]:181214
[3]:13323
[4]:2029
[5]:25

t2_region>
[30]:69761
[31]:256519
[32]:34881
[33]:5277
[34]:272
[35]:14

t0_min: 0.54 us, round:324031
t0_max: 3.71 us, round:3825
t0_jitter: 3.17 us

t1_min: 1.38 us, round:2054
t1_max: 5.75 us, round:3825
t1_jitter: 4.38 us

t2_min: 30.25 us, round:33981
t2_max: 35.63 us, round:169096
t2_jitter: 5.38 us

PMU diff samples: 366750
AVG DIFF LL_CACHE_RD: 5.16
AVG DIFF LL_CACHE_MISS_RD: 6.55
AVG DIFF L2D_CACHE_REFILL: 2.50
AVG DIFF L2D_CACHE_INVAL: 244.09
[cur diff] DIFF LL_CACHE_RD: 0, DIFF LL_CACHE_MISS_RD: 0, MISS_RATE: 0.00%
[cur diff] DIFF L2D_CACHE_REFILL: 0
[cur diff] DIFF L2D_CACHE_INVAL: 0
[max diff] DIFF LL_CACHE_RD: 12, DIFF LL_CACHE_MISS_RD: 12, MISS_RATE: 100.00%
[max diff] DIFF L2D_CACHE_REFILL: 10
[max diff] DIFF L2D_CACHE_INVAL: 2295

===========================================================
taskpendcnt:368790
t0:916 ns
t1:1916 ns
t2:31500 ns
benchmark: Franka-derived Cartesian-impedance kernel, input trace:8, timer period:1.000 ms
controller source: franka_ros2 jazzy@73a1501d, updates:368813, SVD sweeps:5
pose error:[0.010000 0.015000 0.010000 -0.000000 0.049979 -0.000000]
tau[0:6]:[-2.781770 -1.613002 -1.930139 -1.581803 -1.382951 -0.390599 -0.663394]
kernel exec min/avg/max: 28.58 / 29.31 / 31.50 us, samples:368823
pressure status:1, copy rounds total/window:2664/15, 7.03 rounds/s
pressure logical copy:26640.00 MiB total, approx 70.29 MiB/s, checksum:3547626209280
pressure report window:2.134005 s
t0_region>
[0]:228867
[1]:135986
[2]:3975
[3]:18

t1_region>
[1]:171529
[2]:181876
[3]:13379
[4]:2042
[5]:25

t2_region>
[30]:70365
[31]:257881
[32]:35024
[33]:5301
[34]:273
[35]:14

t0_min: 0.54 us, round:324031
t0_max: 3.71 us, round:3825
t0_jitter: 3.17 us

t1_min: 1.38 us, round:2054
t1_max: 5.75 us, round:3825
t1_jitter: 4.38 us

t2_min: 30.25 us, round:33981
t2_max: 35.63 us, round:169096
t2_jitter: 5.38 us

PMU diff samples: 368884
AVG DIFF LL_CACHE_RD: 5.16
AVG DIFF LL_CACHE_MISS_RD: 6.55
AVG DIFF L2D_CACHE_REFILL: 2.49
AVG DIFF L2D_CACHE_INVAL: 243.61
[cur diff] DIFF LL_CACHE_RD: 0, DIFF LL_CACHE_MISS_RD: 0, MISS_RATE: 0.00%
[cur diff] DIFF L2D_CACHE_REFILL: 0
[cur diff] DIFF L2D_CACHE_INVAL: 0
[max diff] DIFF LL_CACHE_RD: 12, DIFF LL_CACHE_MISS_RD: 12, MISS_RATE: 100.00%
[max diff] DIFF L2D_CACHE_REFILL: 10
[max diff] DIFF L2D_CACHE_INVAL: 2295

===========================================================
taskpendcnt:370924
t0:791 ns
t1:1500 ns
t2:31083 ns
benchmark: Franka-derived Cartesian-impedance kernel, input trace:8, timer period:1.000 ms
controller source: franka_ros2 jazzy@73a1501d, updates:370947, SVD sweeps:5
pose error:[0.010000 0.015000 0.010000 -0.000000 0.049979 -0.000000]
tau[0:6]:[1.228026 0.081850 0.819520 0.875435 0.745706 -0.833381 0.398995]
kernel exec min/avg/max: 28.58 / 29.31 / 31.50 us, samples:370956
pressure status:1, copy rounds total/window:2680/16, 7.50 rounds/s
pressure logical copy:26800.00 MiB total, approx 75.00 MiB/s, checksum:3568933273600
pressure report window:2.133387 s
t0_region>
[0]:230679
[1]:136302
[2]:3980
[3]:18

t1_region>
[1]:173299
[2]:182201
[3]:13412
[4]:2047
[5]:25

t2_region>
[30]:71308
[31]:258969
[32]:35110
[33]:5315
[34]:274
[35]:14

t0_min: 0.54 us, round:324031
t0_max: 3.71 us, round:3825
t0_jitter: 3.17 us

t1_min: 1.38 us, round:2054
t1_max: 5.75 us, round:3825
t1_jitter: 4.38 us

t2_min: 30.25 us, round:33981
t2_max: 35.63 us, round:169096
t2_jitter: 5.38 us

PMU diff samples: 371017
AVG DIFF LL_CACHE_RD: 5.15
AVG DIFF LL_CACHE_MISS_RD: 6.53
AVG DIFF L2D_CACHE_REFILL: 2.49
AVG DIFF L2D_CACHE_INVAL: 242.75
[cur diff] DIFF LL_CACHE_RD: 0, DIFF LL_CACHE_MISS_RD: 0, MISS_RATE: 0.00%
[cur diff] DIFF L2D_CACHE_REFILL: 0
[cur diff] DIFF L2D_CACHE_INVAL: 0
[max diff] DIFF LL_CACHE_RD: 12, DIFF LL_CACHE_MISS_RD: 12, MISS_RATE: 100.00%
[max diff] DIFF L2D_CACHE_REFILL: 10
[max diff] DIFF L2D_CACHE_INVAL: 2295

===========================================================
taskpendcnt:373057
t0:1125 ns
t1:2416 ns
t2:31416 ns
benchmark: Franka-derived Cartesian-impedance kernel, input trace:8, timer period:1.000 ms
controller source: franka_ros2 jazzy@73a1501d, updates:373080, SVD sweeps:5
pose error:[0.010000 0.015000 0.010000 -0.000000 0.049979 -0.000000]
tau[0:6]:[-1.839419 -0.921560 -1.193198 -1.195971 -0.861243 0.113634 -0.461388]
kernel exec min/avg/max: 28.58 / 29.31 / 31.50 us, samples:373089
pressure status:1, copy rounds total/window:2695/15, 7.03 rounds/s
pressure logical copy:26950.00 MiB total, approx 70.31 MiB/s, checksum:3588908646400
pressure report window:2.133426 s
t0_region>
[0]:232439
[1]:136674
[2]:3983
[3]:18

t1_region>
[1]:174996
[2]:182601
[3]:13449
[4]:2047
[5]:25

t2_region>
[30]:72118
[31]:260208
[32]:35190
[33]:5320
[34]:274
[35]:14

t0_min: 0.54 us, round:324031
t0_max: 3.71 us, round:3825
t0_jitter: 3.17 us

t1_min: 1.38 us, round:2054
t1_max: 5.75 us, round:3825
t1_jitter: 4.38 us

t2_min: 30.25 us, round:33981
t2_max: 35.63 us, round:169096
t2_jitter: 5.38 us

PMU diff samples: 373151
AVG DIFF LL_CACHE_RD: 5.14
AVG DIFF LL_CACHE_MISS_RD: 6.52
AVG DIFF L2D_CACHE_REFILL: 2.48
AVG DIFF L2D_CACHE_INVAL: 241.97
[cur diff] DIFF LL_CACHE_RD: 0, DIFF LL_CACHE_MISS_RD: 0, MISS_RATE: 0.00%
[cur diff] DIFF L2D_CACHE_REFILL: 0
[cur diff] DIFF L2D_CACHE_INVAL: 3
[max diff] DIFF LL_CACHE_RD: 12, DIFF LL_CACHE_MISS_RD: 12, MISS_RATE: 100.00%
[max diff] DIFF L2D_CACHE_REFILL: 10
[max diff] DIFF L2D_CACHE_INVAL: 2295

===========================================================
taskpendcnt:375191
t0:1166 ns
t1:2166 ns
t2:30875 ns
benchmark: Franka-derived Cartesian-impedance kernel, input trace:8, timer period:1.000 ms
controller source: franka_ros2 jazzy@73a1501d, updates:375214, SVD sweeps:5
pose error:[0.010000 0.015000 0.010000 -0.000000 0.049979 -0.000000]
tau[0:6]:[-2.781770 -1.613002 -1.930139 -1.581803 -1.382951 -0.390599 -0.663394]
kernel exec min/avg/max: 28.58 / 29.32 / 31.50 us, samples:375223
pressure status:1, copy rounds total/window:2711/16, 7.50 rounds/s
pressure logical copy:27110.00 MiB total, approx 74.98 MiB/s, checksum:3610215710720
pressure report window:2.133951 s
t0_region>
[0]:234368
[1]:136874
[2]:3987
[3]:18

t1_region>
[1]:176893
[2]:182826
[3]:13459
[4]:2049
[5]:25

t2_region>
[30]:73222
[31]:261202
[32]:35222
[33]:5323
[34]:274
[35]:14

t0_min: 0.54 us, round:324031
t0_max: 3.71 us, round:3825
t0_jitter: 3.17 us

t1_min: 1.38 us, round:2054
t1_max: 5.75 us, round:3825
t1_jitter: 4.38 us

t2_min: 30.25 us, round:33981
t2_max: 35.63 us, round:169096
t2_jitter: 5.38 us

PMU diff samples: 375284
AVG DIFF LL_CACHE_RD: 5.14
AVG DIFF LL_CACHE_MISS_RD: 6.50
AVG DIFF L2D_CACHE_REFILL: 2.47
AVG DIFF L2D_CACHE_INVAL: 240.97
[cur diff] DIFF LL_CACHE_RD: 0, DIFF LL_CACHE_MISS_RD: 0, MISS_RATE: 0.00%
[cur diff] DIFF L2D_CACHE_REFILL: 0
[cur diff] DIFF L2D_CACHE_INVAL: 0
[max diff] DIFF LL_CACHE_RD: 12, DIFF LL_CACHE_MISS_RD: 12, MISS_RATE: 100.00%
[max diff] DIFF L2D_CACHE_REFILL: 10
[max diff] DIFF L2D_CACHE_INVAL: 2295

===========================================================
taskpendcnt:377325
t0:875 ns
t1:1750 ns
t2:30875 ns
benchmark: Franka-derived Cartesian-impedance kernel, input trace:8, timer period:1.000 ms
controller source: franka_ros2 jazzy@73a1501d, updates:377348, SVD sweeps:5
pose error:[0.010000 0.015000 0.010000 -0.000000 0.049979 -0.000000]
tau[0:6]:[1.376914 -0.104433 0.790225 0.843903 0.642107 -0.956178 0.423547]
kernel exec min/avg/max: 28.58 / 29.32 / 31.50 us, samples:377357
pressure status:1, copy rounds total/window:2726/15, 7.03 rounds/s
pressure logical copy:27260.00 MiB total, approx 70.30 MiB/s, checksum:3630191083520
pressure report window:2.133590 s
t0_region>
[0]:235554
[1]:137798
[2]:4010
[3]:18

t1_region>
[1]:177709
[2]:184042
[3]:13544
[4]:2065
[5]:25

t2_region>
[30]:73475
[31]:262808
[32]:35465
[33]:5354
[34]:275
[35]:14

t0_min: 0.54 us, round:324031
t0_max: 3.71 us, round:3825
t0_jitter: 3.17 us

t1_min: 1.38 us, round:2054
t1_max: 5.75 us, round:3825
t1_jitter: 4.38 us

t2_min: 30.25 us, round:33981
t2_max: 35.63 us, round:169096
t2_jitter: 5.38 us

PMU diff samples: 377418
AVG DIFF LL_CACHE_RD: 5.14
AVG DIFF LL_CACHE_MISS_RD: 6.50
AVG DIFF L2D_CACHE_REFILL: 2.47
AVG DIFF L2D_CACHE_INVAL: 241.11
[cur diff] DIFF LL_CACHE_RD: 0, DIFF LL_CACHE_MISS_RD: 0, MISS_RATE: 0.00%
[cur diff] DIFF L2D_CACHE_REFILL: 0
[cur diff] DIFF L2D_CACHE_INVAL: 0
[max diff] DIFF LL_CACHE_RD: 12, DIFF LL_CACHE_MISS_RD: 12, MISS_RATE: 100.00%
[max diff] DIFF L2D_CACHE_REFILL: 10
[max diff] DIFF L2D_CACHE_INVAL: 2295

===========================================================
taskpendcnt:379458
t0:1500 ns
t1:1625 ns
t2:30916 ns
benchmark: Franka-derived Cartesian-impedance kernel, input trace:8, timer period:1.000 ms
controller source: franka_ros2 jazzy@73a1501d, updates:379481, SVD sweeps:5
pose error:[0.010000 0.015000 0.010000 -0.000000 0.049979 -0.000000]
tau[0:6]:[0.839771 0.130674 0.617691 0.624912 0.653099 -0.592692 0.265887]
kernel exec min/avg/max: 28.58 / 29.32 / 31.50 us, samples:379490
pressure status:1, copy rounds total/window:2742/16, 7.50 rounds/s
pressure logical copy:27420.00 MiB total, approx 75.01 MiB/s, checksum:3651498147840
pressure report window:2.133135 s
t0_region>
[0]:236768
[1]:138681
[2]:4046
[3]:18

t1_region>
[1]:178555
[2]:185201
[3]:13652
[4]:2085
[5]:25

t2_region>
[30]:73769
[31]:264343
[32]:35730
[33]:5391
[34]:277
[35]:14

t0_min: 0.54 us, round:324031
t0_max: 3.71 us, round:3825
t0_jitter: 3.17 us

t1_min: 1.38 us, round:2054
t1_max: 5.75 us, round:3825
t1_jitter: 4.38 us

t2_min: 30.25 us, round:33981
t2_max: 35.63 us, round:169096
t2_jitter: 5.38 us

PMU diff samples: 379551
AVG DIFF LL_CACHE_RD: 5.14
AVG DIFF LL_CACHE_MISS_RD: 6.50
AVG DIFF L2D_CACHE_REFILL: 2.47
AVG DIFF L2D_CACHE_INVAL: 241.26
[cur diff] DIFF LL_CACHE_RD: 0, DIFF LL_CACHE_MISS_RD: 0, MISS_RATE: 0.00%
[cur diff] DIFF L2D_CACHE_REFILL: 0
[cur diff] DIFF L2D_CACHE_INVAL: 0
[max diff] DIFF LL_CACHE_RD: 12, DIFF LL_CACHE_MISS_RD: 12, MISS_RATE: 100.00%
[max diff] DIFF L2D_CACHE_REFILL: 10
[max diff] DIFF L2D_CACHE_INVAL: 2295

===========================================================
taskpendcnt:381591
t0:958 ns
t1:1958 ns
t2:30958 ns
benchmark: Franka-derived Cartesian-impedance kernel, input trace:8, timer period:1.000 ms
controller source: franka_ros2 jazzy@73a1501d, updates:381614, SVD sweeps:5
pose error:[0.010000 0.015000 0.010000 -0.000000 0.049979 -0.000000]
tau[0:6]:[-2.379368 -1.292411 -1.655224 -1.570015 -1.185234 -0.066588 -0.610247]
kernel exec min/avg/max: 28.58 / 29.32 / 31.50 us, samples:381624
pressure status:1, copy rounds total/window:2757/15, 7.03 rounds/s
pressure logical copy:27570.00 MiB total, approx 70.30 MiB/s, checksum:3671473520640
pressure report window:2.133562 s
t0_region>
[0]:237926
[1]:139624
[2]:4079
[3]:18

t1_region>
[1]:179346
[2]:186439
[3]:13739
[4]:2103
[5]:25

t2_region>
[30]:74046
[31]:265931
[32]:35955
[33]:5433
[34]:280
[35]:14

t0_min: 0.54 us, round:324031
t0_max: 3.71 us, round:3825
t0_jitter: 3.17 us

t1_min: 1.38 us, round:2054
t1_max: 5.75 us, round:3825
t1_jitter: 4.38 us

t2_min: 30.25 us, round:33981
t2_max: 35.63 us, round:169096
t2_jitter: 5.38 us

PMU diff samples: 381685
AVG DIFF LL_CACHE_RD: 5.14
AVG DIFF LL_CACHE_MISS_RD: 6.51
AVG DIFF L2D_CACHE_REFILL: 2.48
AVG DIFF L2D_CACHE_INVAL: 241.47
[cur diff] DIFF LL_CACHE_RD: 0, DIFF LL_CACHE_MISS_RD: 0, MISS_RATE: 0.00%
[cur diff] DIFF L2D_CACHE_REFILL: 0
[cur diff] DIFF L2D_CACHE_INVAL: 0
[max diff] DIFF LL_CACHE_RD: 12, DIFF LL_CACHE_MISS_RD: 12, MISS_RATE: 100.00%
[max diff] DIFF L2D_CACHE_REFILL: 10
[max diff] DIFF L2D_CACHE_INVAL: 2295

===========================================================
taskpendcnt:383725
t0:1125 ns
t1:1833 ns
t2:30833 ns
benchmark: Franka-derived Cartesian-impedance kernel, input trace:8, timer period:1.000 ms
controller source: franka_ros2 jazzy@73a1501d, updates:383748, SVD sweeps:5
pose error:[0.010000 0.015000 0.010000 -0.000000 0.049979 -0.000000]
tau[0:6]:[-0.567483 -0.552304 -0.482512 -0.231067 -0.297494 -0.656094 -0.085004]
kernel exec min/avg/max: 28.58 / 29.32 / 31.50 us, samples:383758
pressure status:1, copy rounds total/window:2772/15, 7.03 rounds/s
pressure logical copy:27720.00 MiB total, approx 70.28 MiB/s, checksum:3691448893440
pressure report window:2.134230 s
t0_region>
[0]:239087
[1]:140567
[2]:4110
[3]:18

t1_region>
[1]:180177
[2]:187632
[3]:13831
[4]:2121
[5]:25

t2_region>
[30]:74328
[31]:267500
[32]:36194
[33]:5476
[34]:281
[35]:14

t0_min: 0.54 us, round:324031
t0_max: 3.71 us, round:3825
t0_jitter: 3.17 us

t1_min: 1.38 us, round:2054
t1_max: 5.75 us, round:3825
t1_jitter: 4.38 us

t2_min: 30.25 us, round:33981
t2_max: 35.63 us, round:169096
t2_jitter: 5.38 us

PMU diff samples: 383819
AVG DIFF LL_CACHE_RD: 5.14
AVG DIFF LL_CACHE_MISS_RD: 6.51
AVG DIFF L2D_CACHE_REFILL: 2.48
AVG DIFF L2D_CACHE_INVAL: 241.70
[cur diff] DIFF LL_CACHE_RD: 0, DIFF LL_CACHE_MISS_RD: 0, MISS_RATE: 0.00%
[cur diff] DIFF L2D_CACHE_REFILL: 0
[cur diff] DIFF L2D_CACHE_INVAL: 0
[max diff] DIFF LL_CACHE_RD: 12, DIFF LL_CACHE_MISS_RD: 12, MISS_RATE: 100.00%
[max diff] DIFF L2D_CACHE_REFILL: 10
[max diff] DIFF L2D_CACHE_INVAL: 2295

===========================================================
taskpendcnt:385860
t0:1291 ns
t1:1416 ns
t2:31000 ns
benchmark: Franka-derived Cartesian-impedance kernel, input trace:8, timer period:1.000 ms
controller source: franka_ros2 jazzy@73a1501d, updates:385882, SVD sweeps:5
pose error:[0.010000 0.015000 0.010000 -0.000000 0.049979 -0.000000]
tau[0:6]:[1.228026 0.081850 0.819520 0.875435 0.745706 -0.833381 0.398995]
kernel exec min/avg/max: 28.58 / 29.32 / 31.50 us, samples:385892
pressure status:1, copy rounds total/window:2788/16, 7.50 rounds/s
pressure logical copy:27880.00 MiB total, approx 74.99 MiB/s, checksum:3712755957760
pressure report window:2.133603 s
t0_region>
[0]:240205
[1]:141543
[2]:4149
[3]:18

t1_region>
[1]:180887
[2]:188922
[3]:13940
[4]:2146
[5]:25

t2_region>
[30]:74542
[31]:269034
[32]:36519
[33]:5529
[34]:288
[35]:14

t0_min: 0.54 us, round:324031
t0_max: 3.71 us, round:3825
t0_jitter: 3.17 us

t1_min: 1.38 us, round:2054
t1_max: 5.75 us, round:3825
t1_jitter: 4.38 us

t2_min: 30.25 us, round:33981
t2_max: 35.63 us, round:169096
t2_jitter: 5.38 us

PMU diff samples: 385953
AVG DIFF LL_CACHE_RD: 5.14
AVG DIFF LL_CACHE_MISS_RD: 6.52
AVG DIFF L2D_CACHE_REFILL: 2.48
AVG DIFF L2D_CACHE_INVAL: 241.97
[cur diff] DIFF LL_CACHE_RD: 0, DIFF LL_CACHE_MISS_RD: 0, MISS_RATE: 0.00%
[cur diff] DIFF L2D_CACHE_REFILL: 0
[cur diff] DIFF L2D_CACHE_INVAL: 0
[max diff] DIFF LL_CACHE_RD: 12, DIFF LL_CACHE_MISS_RD: 12, MISS_RATE: 100.00%
[max diff] DIFF L2D_CACHE_REFILL: 10
[max diff] DIFF L2D_CACHE_INVAL: 2295

===========================================================
taskpendcnt:387993
t0:1041 ns
t1:2041 ns
t2:31916 ns
benchmark: Franka-derived Cartesian-impedance kernel, input trace:8, timer period:1.000 ms
controller source: franka_ros2 jazzy@73a1501d, updates:388015, SVD sweeps:5
pose error:[0.010000 0.015000 0.010000 -0.000000 0.049979 -0.000000]
tau[0:6]:[-1.839419 -0.921560 -1.193198 -1.195971 -0.861243 0.113634 -0.461388]
kernel exec min/avg/max: 28.58 / 29.32 / 31.50 us, samples:388025
pressure status:1, copy rounds total/window:2803/15, 7.03 rounds/s
pressure logical copy:28030.00 MiB total, approx 70.30 MiB/s, checksum:3732731330560
pressure report window:2.133571 s
t0_region>
[0]:241329
[1]:142515
[2]:4186
[3]:18

t1_region>
[1]:181628
[2]:190180
[3]:14049
[4]:2171
[5]:25

t2_region>
[30]:74779
[31]:270612
[32]:36790
[33]:5573
[34]:291
[35]:14

t0_min: 0.54 us, round:324031
t0_max: 3.71 us, round:3825
t0_jitter: 3.17 us

t1_min: 1.38 us, round:2054
t1_max: 5.75 us, round:3825
t1_jitter: 4.38 us

t2_min: 30.25 us, round:33981
t2_max: 35.63 us, round:169096
t2_jitter: 5.38 us

PMU diff samples: 388086
AVG DIFF LL_CACHE_RD: 5.14
AVG DIFF LL_CACHE_MISS_RD: 6.52
AVG DIFF L2D_CACHE_REFILL: 2.48
AVG DIFF L2D_CACHE_INVAL: 242.23
[cur diff] DIFF LL_CACHE_RD: 0, DIFF LL_CACHE_MISS_RD: 0, MISS_RATE: 0.00%
[cur diff] DIFF L2D_CACHE_REFILL: 0
[cur diff] DIFF L2D_CACHE_INVAL: 0
[max diff] DIFF LL_CACHE_RD: 12, DIFF LL_CACHE_MISS_RD: 12, MISS_RATE: 100.00%
[max diff] DIFF L2D_CACHE_REFILL: 10
[max diff] DIFF L2D_CACHE_INVAL: 2295

===========================================================
taskpendcnt:390127
t0:1208 ns
t1:2500 ns
t2:31208 ns
benchmark: Franka-derived Cartesian-impedance kernel, input trace:8, timer period:1.000 ms
controller source: franka_ros2 jazzy@73a1501d, updates:390149, SVD sweeps:5
pose error:[0.010000 0.015000 0.010000 -0.000000 0.049979 -0.000000]
tau[0:6]:[-2.781770 -1.613002 -1.930139 -1.581803 -1.382951 -0.390599 -0.663394]
kernel exec min/avg/max: 28.58 / 29.32 / 31.50 us, samples:390159
pressure status:1, copy rounds total/window:2818/15, 7.03 rounds/s
pressure logical copy:28180.00 MiB total, approx 70.28 MiB/s, checksum:3752706703360
pressure report window:2.134208 s
t0_region>
[0]:242583
[1]:143359
[2]:4223
[3]:18

t1_region>
[1]:182464
[2]:191370
[3]:14133
[4]:2194
[5]:26

t2_region>
[30]:75042
[31]:272196
[32]:37028
[33]:5616
[34]:297
[35]:15

t0_min: 0.54 us, round:324031
t0_max: 3.71 us, round:3825
t0_jitter: 3.17 us

t1_min: 1.38 us, round:2054
t1_max: 5.75 us, round:3825
t1_jitter: 4.38 us

t2_min: 30.25 us, round:33981
t2_max: 35.63 us, round:169096
t2_jitter: 5.38 us

PMU diff samples: 390220
AVG DIFF LL_CACHE_RD: 5.15
AVG DIFF LL_CACHE_MISS_RD: 6.52
AVG DIFF L2D_CACHE_REFILL: 2.48
AVG DIFF L2D_CACHE_INVAL: 242.28
[cur diff] DIFF LL_CACHE_RD: 0, DIFF LL_CACHE_MISS_RD: 0, MISS_RATE: 0.00%
[cur diff] DIFF L2D_CACHE_REFILL: 0
[cur diff] DIFF L2D_CACHE_INVAL: 0
[max diff] DIFF LL_CACHE_RD: 12, DIFF LL_CACHE_MISS_RD: 12, MISS_RATE: 100.00%
[max diff] DIFF L2D_CACHE_REFILL: 10
[max diff] DIFF L2D_CACHE_INVAL: 2295

===========================================================
taskpendcnt:392261
t0:1083 ns
t1:1791 ns
t2:31375 ns
benchmark: Franka-derived Cartesian-impedance kernel, input trace:8, timer period:1.000 ms
controller source: franka_ros2 jazzy@73a1501d, updates:392284, SVD sweeps:5
pose error:[0.010000 0.015000 0.010000 -0.000000 0.049979 -0.000000]
tau[0:6]:[1.376914 -0.104433 0.790225 0.843903 0.642107 -0.956178 0.423547]
kernel exec min/avg/max: 28.58 / 29.32 / 31.50 us, samples:392293
pressure status:1, copy rounds total/window:2834/16, 7.50 rounds/s
pressure logical copy:28340.00 MiB total, approx 74.99 MiB/s, checksum:3774013767680
pressure report window:2.133662 s
t0_region>
[0]:243780
[1]:144270
[2]:4248
[3]:18

t1_region>
[1]:183291
[2]:192564
[3]:14232
[4]:2208
[5]:26

t2_region>
[30]:75308
[31]:273780
[32]:37262
[33]:5663
[34]:299
[35]:15

t0_min: 0.54 us, round:324031
t0_max: 3.71 us, round:3825
t0_jitter: 3.17 us

t1_min: 1.38 us, round:2054
t1_max: 5.75 us, round:3825
t1_jitter: 4.38 us

t2_min: 30.25 us, round:33981
t2_max: 35.63 us, round:169096
t2_jitter: 5.38 us

PMU diff samples: 392354
AVG DIFF LL_CACHE_RD: 5.15
AVG DIFF LL_CACHE_MISS_RD: 6.53
AVG DIFF L2D_CACHE_REFILL: 2.48
AVG DIFF L2D_CACHE_INVAL: 242.45
[cur diff] DIFF LL_CACHE_RD: 0, DIFF LL_CACHE_MISS_RD: 0, MISS_RATE: 0.00%
[cur diff] DIFF L2D_CACHE_REFILL: 0
[cur diff] DIFF L2D_CACHE_INVAL: 2
[max diff] DIFF LL_CACHE_RD: 12, DIFF LL_CACHE_MISS_RD: 12, MISS_RATE: 100.00%
[max diff] DIFF L2D_CACHE_REFILL: 10
[max diff] DIFF L2D_CACHE_INVAL: 2295

===========================================================
taskpendcnt:394394
t0:958 ns
t1:1833 ns
t2:30958 ns
benchmark: Franka-derived Cartesian-impedance kernel, input trace:8, timer period:1.000 ms
controller source: franka_ros2 jazzy@73a1501d, updates:394417, SVD sweeps:5
pose error:[0.010000 0.015000 0.010000 -0.000000 0.049979 -0.000000]
tau[0:6]:[-0.274004 -0.324180 0.001577 -0.231466 0.050986 -0.328952 0.010844]
kernel exec min/avg/max: 28.58 / 29.32 / 31.50 us, samples:394426
pressure status:1, copy rounds total/window:2849/15, 7.03 rounds/s
pressure logical copy:28490.00 MiB total, approx 70.32 MiB/s, checksum:3793989140480
pressure report window:2.133215 s
t0_region>
[0]:245054
[1]:145101
[2]:4277
[3]:18

t1_region>
[1]:184193
[2]:193698
[3]:14317
[4]:2220
[5]:26

t2_region>
[30]:75572
[31]:275378
[32]:37488
[33]:5708
[34]:299
[35]:15

t0_min: 0.54 us, round:324031
t0_max: 3.71 us, round:3825
t0_jitter: 3.17 us

t1_min: 1.38 us, round:2054
t1_max: 5.75 us, round:3825
t1_jitter: 4.38 us

t2_min: 30.25 us, round:33981
t2_max: 35.63 us, round:169096
t2_jitter: 5.38 us

PMU diff samples: 394487
AVG DIFF LL_CACHE_RD: 5.15
AVG DIFF LL_CACHE_MISS_RD: 6.53
AVG DIFF L2D_CACHE_REFILL: 2.49
AVG DIFF L2D_CACHE_INVAL: 242.60
[cur diff] DIFF LL_CACHE_RD: 0, DIFF LL_CACHE_MISS_RD: 0, MISS_RATE: 0.00%
[cur diff] DIFF L2D_CACHE_REFILL: 0
[cur diff] DIFF L2D_CACHE_INVAL: 0
[max diff] DIFF LL_CACHE_RD: 12, DIFF LL_CACHE_MISS_RD: 12, MISS_RATE: 100.00%
[max diff] DIFF L2D_CACHE_REFILL: 10
[max diff] DIFF L2D_CACHE_INVAL: 2295

===========================================================
taskpendcnt:396527
t0:1000 ns
t1:1708 ns
t2:30708 ns
benchmark: Franka-derived Cartesian-impedance kernel, input trace:8, timer period:1.000 ms
controller source: franka_ros2 jazzy@73a1501d, updates:396550, SVD sweeps:5
pose error:[0.010000 0.015000 0.010000 -0.000000 0.049979 -0.000000]
tau[0:6]:[-2.379368 -1.292411 -1.655224 -1.570015 -1.185234 -0.066588 -0.610247]
kernel exec min/avg/max: 28.58 / 29.32 / 31.50 us, samples:396560
pressure status:1, copy rounds total/window:2865/16, 7.50 rounds/s
pressure logical copy:28650.00 MiB total, approx 75.00 MiB/s, checksum:3815296204800
pressure report window:2.133462 s
t0_region>
[0]:246268
[1]:146000
[2]:4297
[3]:18

t1_region>
[1]:185020
[2]:194916
[3]:14394
[4]:2232
[5]:26

t2_region>
[30]:75858
[31]:276969
[32]:37716
[33]:5735
[34]:302
[35]:15

t0_min: 0.54 us, round:324031
t0_max: 3.71 us, round:3825
t0_jitter: 3.17 us

t1_min: 1.38 us, round:2054
t1_max: 5.75 us, round:3825
t1_jitter: 4.38 us

t2_min: 30.25 us, round:33981
t2_max: 35.63 us, round:169096
t2_jitter: 5.38 us

PMU diff samples: 396621
AVG DIFF LL_CACHE_RD: 5.15
AVG DIFF LL_CACHE_MISS_RD: 6.53
AVG DIFF L2D_CACHE_REFILL: 2.49
AVG DIFF L2D_CACHE_INVAL: 242.75
[cur diff] DIFF LL_CACHE_RD: 0, DIFF LL_CACHE_MISS_RD: 0, MISS_RATE: 0.00%
[cur diff] DIFF L2D_CACHE_REFILL: 0
[cur diff] DIFF L2D_CACHE_INVAL: 0
[max diff] DIFF LL_CACHE_RD: 12, DIFF LL_CACHE_MISS_RD: 12, MISS_RATE: 100.00%
[max diff] DIFF L2D_CACHE_REFILL: 10
[max diff] DIFF L2D_CACHE_INVAL: 2295

===========================================================
taskpendcnt:398661
t0:875 ns
t1:1583 ns
t2:31166 ns
benchmark: Franka-derived Cartesian-impedance kernel, input trace:8, timer period:1.000 ms
controller source: franka_ros2 jazzy@73a1501d, updates:398684, SVD sweeps:5
pose error:[0.010000 0.015000 0.010000 -0.000000 0.049979 -0.000000]
tau[0:6]:[-0.567483 -0.552304 -0.482512 -0.231067 -0.297494 -0.656094 -0.085004]
kernel exec min/avg/max: 28.58 / 29.32 / 31.50 us, samples:398694
pressure status:1, copy rounds total/window:2880/15, 7.03 rounds/s
pressure logical copy:28800.00 MiB total, approx 70.29 MiB/s, checksum:3835271577600
pressure report window:2.134009 s
t0_region>
[0]:247506
[1]:146872
[2]:4321
[3]:18

t1_region>
[1]:185847
[2]:196119
[3]:14486
[4]:2244
[5]:26

t2_region>
[30]:76155
[31]:278539
[32]:37947
[33]:5769
[34]:304
[35]:15

t0_min: 0.54 us, round:324031
t0_max: 3.71 us, round:3825
t0_jitter: 3.17 us

t1_min: 1.38 us, round:2054
t1_max: 5.75 us, round:3825
t1_jitter: 4.38 us

t2_min: 30.25 us, round:33981
t2_max: 35.63 us, round:169096
t2_jitter: 5.38 us

PMU diff samples: 398755
AVG DIFF LL_CACHE_RD: 5.15
AVG DIFF LL_CACHE_MISS_RD: 6.54
AVG DIFF L2D_CACHE_REFILL: 2.49
AVG DIFF L2D_CACHE_INVAL: 242.90
[cur diff] DIFF LL_CACHE_RD: 0, DIFF LL_CACHE_MISS_RD: 0, MISS_RATE: 0.00%
[cur diff] DIFF L2D_CACHE_REFILL: 0
[cur diff] DIFF L2D_CACHE_INVAL: 1
[max diff] DIFF LL_CACHE_RD: 12, DIFF LL_CACHE_MISS_RD: 12, MISS_RATE: 100.00%
[max diff] DIFF L2D_CACHE_REFILL: 10
[max diff] DIFF L2D_CACHE_INVAL: 2295

===========================================================
taskpendcnt:400795
t0:750 ns
t1:1750 ns
t2:30750 ns
benchmark: Franka-derived Cartesian-impedance kernel, input trace:8, timer period:1.000 ms
controller source: franka_ros2 jazzy@73a1501d, updates:400818, SVD sweeps:5
pose error:[0.010000 0.015000 0.010000 -0.000000 0.049979 -0.000000]
tau[0:6]:[1.228026 0.081850 0.819520 0.875435 0.745706 -0.833381 0.398995]
kernel exec min/avg/max: 28.58 / 29.32 / 31.50 us, samples:400827
pressure status:1, copy rounds total/window:2895/15, 7.03 rounds/s
pressure logical copy:28950.00 MiB total, approx 70.30 MiB/s, checksum:3855246950400
pressure report window:2.133592 s
t0_region>
[0]:248730
[1]:147755
[2]:4348
[3]:18

t1_region>
[1]:186672
[2]:197317
[3]:14572
[4]:2267
[5]:27

t2_region>
[30]:76449
[31]:280107
[32]:38173
[33]:5811
[34]:306
[35]:15

t0_min: 0.54 us, round:324031
t0_max: 3.71 us, round:3825
t0_jitter: 3.17 us

t1_min: 1.38 us, round:2054
t1_max: 5.75 us, round:3825
t1_jitter: 4.38 us

t2_min: 30.25 us, round:33981
t2_max: 35.63 us, round:169096
t2_jitter: 5.38 us

PMU diff samples: 400888
AVG DIFF LL_CACHE_RD: 5.15
AVG DIFF LL_CACHE_MISS_RD: 6.54
AVG DIFF L2D_CACHE_REFILL: 2.49
AVG DIFF L2D_CACHE_INVAL: 243.06
[cur diff] DIFF LL_CACHE_RD: 0, DIFF LL_CACHE_MISS_RD: 0, MISS_RATE: 0.00%
[cur diff] DIFF L2D_CACHE_REFILL: 0
[cur diff] DIFF L2D_CACHE_INVAL: 0
[max diff] DIFF LL_CACHE_RD: 12, DIFF LL_CACHE_MISS_RD: 12, MISS_RATE: 100.00%
[max diff] DIFF L2D_CACHE_REFILL: 10
[max diff] DIFF L2D_CACHE_INVAL: 2295

===========================================================
taskpendcnt:402929
t0:791 ns
t1:1500 ns
t2:31083 ns
benchmark: Franka-derived Cartesian-impedance kernel, input trace:8, timer period:1.000 ms
controller source: franka_ros2 jazzy@73a1501d, updates:402951, SVD sweeps:5
pose error:[0.010000 0.015000 0.010000 -0.000000 0.049979 -0.000000]
tau[0:6]:[-1.839419 -0.921560 -1.193198 -1.195971 -0.861243 0.113634 -0.461388]
kernel exec min/avg/max: 28.58 / 29.32 / 31.50 us, samples:402961
pressure status:1, copy rounds total/window:2911/16, 7.50 rounds/s
pressure logical copy:29110.00 MiB total, approx 74.99 MiB/s, checksum:3876554014720
pressure report window:2.133553 s
t0_region>
[0]:250018
[1]:148573
[2]:4375
[3]:18

t1_region>
[1]:187550
[2]:198479
[3]:14651
[4]:2282
[5]:27

t2_region>
[30]:76751
[31]:281682
[32]:38394
[33]:5846
[34]:308
[35]:15

t0_min: 0.54 us, round:324031
t0_max: 3.71 us, round:3825
t0_jitter: 3.17 us

t1_min: 1.38 us, round:2054
t1_max: 5.75 us, round:3825
t1_jitter: 4.38 us

t2_min: 30.25 us, round:33981
t2_max: 35.63 us, round:169096
t2_jitter: 5.38 us

PMU diff samples: 403022
AVG DIFF LL_CACHE_RD: 5.15
AVG DIFF LL_CACHE_MISS_RD: 6.54
AVG DIFF L2D_CACHE_REFILL: 2.49
AVG DIFF L2D_CACHE_INVAL: 243.18
[cur diff] DIFF LL_CACHE_RD: 0, DIFF LL_CACHE_MISS_RD: 0, MISS_RATE: 0.00%
[cur diff] DIFF L2D_CACHE_REFILL: 0
[cur diff] DIFF L2D_CACHE_INVAL: 0
[max diff] DIFF LL_CACHE_RD: 12, DIFF LL_CACHE_MISS_RD: 12, MISS_RATE: 100.00%
[max diff] DIFF L2D_CACHE_REFILL: 10
[max diff] DIFF L2D_CACHE_INVAL: 2295

===========================================================
taskpendcnt:405063
t0:958 ns
t1:1666 ns
t2:31250 ns
benchmark: Franka-derived Cartesian-impedance kernel, input trace:8, timer period:1.000 ms
controller source: franka_ros2 jazzy@73a1501d, updates:405085, SVD sweeps:5
pose error:[0.010000 0.015000 0.010000 -0.000000 0.049979 -0.000000]
tau[0:6]:[-2.781770 -1.613002 -1.930139 -1.581803 -1.382951 -0.390599 -0.663394]
kernel exec min/avg/max: 28.58 / 29.32 / 31.50 us, samples:405095
pressure status:1, copy rounds total/window:2926/15, 7.03 rounds/s
pressure logical copy:29260.00 MiB total, approx 70.29 MiB/s, checksum:3896529387520
pressure report window:2.134139 s
t0_region>
[0]:251304
[1]:149403
[2]:4393
[3]:18

t1_region>
[1]:188448
[2]:199634
[3]:14725
[4]:2289
[5]:27

t2_region>
[30]:77030
[31]:283303
[32]:38609
[33]:5864
[34]:308
[35]:15

t0_min: 0.54 us, round:324031
t0_max: 3.71 us, round:3825
t0_jitter: 3.17 us

t1_min: 1.38 us, round:2054
t1_max: 5.75 us, round:3825
t1_jitter: 4.38 us

t2_min: 30.25 us, round:33981
t2_max: 35.63 us, round:169096
t2_jitter: 5.38 us

PMU diff samples: 405156
AVG DIFF LL_CACHE_RD: 5.15
AVG DIFF LL_CACHE_MISS_RD: 6.54
AVG DIFF L2D_CACHE_REFILL: 2.49
AVG DIFF L2D_CACHE_INVAL: 243.25
[cur diff] DIFF LL_CACHE_RD: 0, DIFF LL_CACHE_MISS_RD: 0, MISS_RATE: 0.00%
[cur diff] DIFF L2D_CACHE_REFILL: 0
[cur diff] DIFF L2D_CACHE_INVAL: 0
[max diff] DIFF LL_CACHE_RD: 12, DIFF LL_CACHE_MISS_RD: 12, MISS_RATE: 100.00%
[max diff] DIFF L2D_CACHE_REFILL: 10
[max diff] DIFF L2D_CACHE_INVAL: 2295

===========================================================
taskpendcnt:407197
t0:1125 ns
t1:1541 ns
t2:31125 ns
benchmark: Franka-derived Cartesian-impedance kernel, input trace:8, timer period:1.000 ms
controller source: franka_ros2 jazzy@73a1501d, updates:407219, SVD sweeps:5
pose error:[0.010000 0.015000 0.010000 -0.000000 0.049979 -0.000000]
tau[0:6]:[1.376914 -0.104433 0.790225 0.843903 0.642107 -0.956178 0.423547]
kernel exec min/avg/max: 28.58 / 29.32 / 31.50 us, samples:407229
pressure status:1, copy rounds total/window:2941/15, 7.03 rounds/s
pressure logical copy:29410.00 MiB total, approx 70.30 MiB/s, checksum:3916504760320
pressure report window:2.133760 s
t0_region>
[0]:252550
[1]:150267
[2]:4417
[3]:18

t1_region>
[1]:189323
[2]:200803
[3]:14804
[4]:2300
[5]:27

t2_region>
[30]:77345
[31]:284885
[32]:38812
[33]:5896
[34]:310
[35]:15

t0_min: 0.54 us, round:324031
t0_max: 3.71 us, round:3825
t0_jitter: 3.17 us

t1_min: 1.38 us, round:2054
t1_max: 5.75 us, round:3825
t1_jitter: 4.38 us

t2_min: 30.25 us, round:33981
t2_max: 35.63 us, round:169096
t2_jitter: 5.38 us

PMU diff samples: 407290
AVG DIFF LL_CACHE_RD: 5.15
AVG DIFF LL_CACHE_MISS_RD: 6.55
AVG DIFF L2D_CACHE_REFILL: 2.49
AVG DIFF L2D_CACHE_INVAL: 243.30
[cur diff] DIFF LL_CACHE_RD: 0, DIFF LL_CACHE_MISS_RD: 0, MISS_RATE: 0.00%
[cur diff] DIFF L2D_CACHE_REFILL: 0
[cur diff] DIFF L2D_CACHE_INVAL: 1
[max diff] DIFF LL_CACHE_RD: 12, DIFF LL_CACHE_MISS_RD: 12, MISS_RATE: 100.00%
[max diff] DIFF L2D_CACHE_REFILL: 10
[max diff] DIFF L2D_CACHE_INVAL: 2295

===========================================================
taskpendcnt:409330
t0:1458 ns
t1:1875 ns
t2:30583 ns
benchmark: Franka-derived Cartesian-impedance kernel, input trace:8, timer period:1.000 ms
controller source: franka_ros2 jazzy@73a1501d, updates:409352, SVD sweeps:5
pose error:[0.010000 0.015000 0.010000 -0.000000 0.049979 -0.000000]
tau[0:6]:[-0.274004 -0.324180 0.001577 -0.231466 0.050986 -0.328952 0.010844]
kernel exec min/avg/max: 28.58 / 29.32 / 31.50 us, samples:409362
pressure status:1, copy rounds total/window:2957/16, 7.50 rounds/s
pressure logical copy:29570.00 MiB total, approx 75.00 MiB/s, checksum:3937811824640
pressure report window:2.133267 s
t0_region>
[0]:253820
[1]:151109
[2]:4438
[3]:19

t1_region>
[1]:190270
[2]:201891
[3]:14893
[4]:2309
[5]:27

t2_region>
[30]:77597
[31]:286499
[32]:39036
[33]:5936
[34]:313
[35]:15

t0_min: 0.54 us, round:324031
t0_max: 3.71 us, round:3825
t0_jitter: 3.17 us

t1_min: 1.38 us, round:2054
t1_max: 5.75 us, round:3825
t1_jitter: 4.38 us

t2_min: 30.25 us, round:33981
t2_max: 35.63 us, round:169096
t2_jitter: 5.38 us

PMU diff samples: 409423
AVG DIFF LL_CACHE_RD: 5.15
AVG DIFF LL_CACHE_MISS_RD: 6.55
AVG DIFF L2D_CACHE_REFILL: 2.49
AVG DIFF L2D_CACHE_INVAL: 243.42
[cur diff] DIFF LL_CACHE_RD: 0, DIFF LL_CACHE_MISS_RD: 0, MISS_RATE: 0.00%
[cur diff] DIFF L2D_CACHE_REFILL: 0
[cur diff] DIFF L2D_CACHE_INVAL: 0
[max diff] DIFF LL_CACHE_RD: 12, DIFF LL_CACHE_MISS_RD: 12, MISS_RATE: 100.00%
[max diff] DIFF L2D_CACHE_REFILL: 10
[max diff] DIFF L2D_CACHE_INVAL: 2295

===========================================================
taskpendcnt:411464
t0:1333 ns
t1:1750 ns
t2:30750 ns
benchmark: Franka-derived Cartesian-impedance kernel, input trace:8, timer period:1.000 ms
controller source: franka_ros2 jazzy@73a1501d, updates:411487, SVD sweeps:5
pose error:[0.010000 0.015000 0.010000 -0.000000 0.049979 -0.000000]
tau[0:6]:[-2.379368 -1.292411 -1.655224 -1.570015 -1.185234 -0.066588 -0.610247]
kernel exec min/avg/max: 28.58 / 29.32 / 31.50 us, samples:411496
pressure status:1, copy rounds total/window:2972/15, 7.03 rounds/s
pressure logical copy:29720.00 MiB total, approx 70.28 MiB/s, checksum:3957787197440
pressure report window:2.134350 s
t0_region>
[0]:255087
[1]:151953
[2]:4461
[3]:19

t1_region>
[1]:191211
[2]:202993
[3]:14980
[4]:2313
[5]:27

t2_region>
[30]:77929
[31]:288058
[32]:39250
[33]:5965
[34]:313
[35]:15

t0_min: 0.54 us, round:324031
t0_max: 3.71 us, round:3825
t0_jitter: 3.17 us

t1_min: 1.38 us, round:2054
t1_max: 5.75 us, round:3825
t1_jitter: 4.38 us

t2_min: 30.25 us, round:33981
t2_max: 35.63 us, round:169096
t2_jitter: 5.38 us

PMU diff samples: 411557
AVG DIFF LL_CACHE_RD: 5.15
AVG DIFF LL_CACHE_MISS_RD: 6.55
AVG DIFF L2D_CACHE_REFILL: 2.49
AVG DIFF L2D_CACHE_INVAL: 243.55
[cur diff] DIFF LL_CACHE_RD: 0, DIFF LL_CACHE_MISS_RD: 0, MISS_RATE: 0.00%
[cur diff] DIFF L2D_CACHE_REFILL: 0
[cur diff] DIFF L2D_CACHE_INVAL: 0
[max diff] DIFF LL_CACHE_RD: 12, DIFF LL_CACHE_MISS_RD: 12, MISS_RATE: 100.00%
[max diff] DIFF L2D_CACHE_REFILL: 10
[max diff] DIFF L2D_CACHE_INVAL: 2295

===========================================================
taskpendcnt:413598
t0:1208 ns
t1:1916 ns
t2:31500 ns
benchmark: Franka-derived Cartesian-impedance kernel, input trace:8, timer period:1.000 ms
controller source: franka_ros2 jazzy@73a1501d, updates:413621, SVD sweeps:5
pose error:[0.010000 0.015000 0.010000 -0.000000 0.049979 -0.000000]
tau[0:6]:[-0.567483 -0.552304 -0.482512 -0.231067 -0.297494 -0.656094 -0.085004]
kernel exec min/avg/max: 28.58 / 29.32 / 31.50 us, samples:413630
pressure status:1, copy rounds total/window:2988/16, 7.50 rounds/s
pressure logical copy:29880.00 MiB total, approx 74.97 MiB/s, checksum:3979094261760
pressure report window:2.134081 s
t0_region>
[0]:256347
[1]:152800
[2]:4488
[3]:19

t1_region>
[1]:192075
[2]:204172
[3]:15058
[4]:2327
[5]:27

t2_region>
[30]:78220
[31]:289622
[32]:39494
[33]:6001
[34]:313
[35]:15

t0_min: 0.54 us, round:324031
t0_max: 3.71 us, round:3825
t0_jitter: 3.17 us

t1_min: 1.38 us, round:2054
t1_max: 5.75 us, round:3825
t1_jitter: 4.38 us

t2_min: 30.25 us, round:33981
t2_max: 35.63 us, round:169096
t2_jitter: 5.38 us

PMU diff samples: 413691
AVG DIFF LL_CACHE_RD: 5.16
AVG DIFF LL_CACHE_MISS_RD: 6.55
AVG DIFF L2D_CACHE_REFILL: 2.50
AVG DIFF L2D_CACHE_INVAL: 243.67
[cur diff] DIFF LL_CACHE_RD: 0, DIFF LL_CACHE_MISS_RD: 0, MISS_RATE: 0.00%
[cur diff] DIFF L2D_CACHE_REFILL: 0
[cur diff] DIFF L2D_CACHE_INVAL: 1
[max diff] DIFF LL_CACHE_RD: 12, DIFF LL_CACHE_MISS_RD: 12, MISS_RATE: 100.00%
[max diff] DIFF L2D_CACHE_REFILL: 10
[max diff] DIFF L2D_CACHE_INVAL: 2295

===========================================================
taskpendcnt:415732
t0:1083 ns
t1:1625 ns
t2:30916 ns
benchmark: Franka-derived Cartesian-impedance kernel, input trace:8, timer period:1.000 ms
controller source: franka_ros2 jazzy@73a1501d, updates:415755, SVD sweeps:5
pose error:[0.010000 0.015000 0.010000 -0.000000 0.049979 -0.000000]
tau[0:6]:[1.228026 0.081850 0.819520 0.875435 0.745706 -0.833381 0.398995]
kernel exec min/avg/max: 28.58 / 29.32 / 31.50 us, samples:415764
pressure status:1, copy rounds total/window:3003/15, 7.03 rounds/s
pressure logical copy:30030.00 MiB total, approx 70.31 MiB/s, checksum:3999069634560
pressure report window:2.133541 s
t0_region>
[0]:257804
[1]:153467
[2]:4497
[3]:19

t1_region>
[1]:193259
[2]:205059
[3]:15114
[4]:2333
[5]:27

t2_region>
[30]:78578
[31]:291236
[32]:39639
[33]:6017
[34]:313
[35]:15

t0_min: 0.54 us, round:324031
t0_max: 3.71 us, round:3825
t0_jitter: 3.17 us

t1_min: 1.38 us, round:2054
t1_max: 5.75 us, round:3825
t1_jitter: 4.38 us

t2_min: 30.25 us, round:33981
t2_max: 35.63 us, round:169096
t2_jitter: 5.38 us

PMU diff samples: 415825
AVG DIFF LL_CACHE_RD: 5.15
AVG DIFF LL_CACHE_MISS_RD: 6.55
AVG DIFF L2D_CACHE_REFILL: 2.49
AVG DIFF L2D_CACHE_INVAL: 243.43
[cur diff] DIFF LL_CACHE_RD: 0, DIFF LL_CACHE_MISS_RD: 0, MISS_RATE: 0.00%
[cur diff] DIFF L2D_CACHE_REFILL: 0
[cur diff] DIFF L2D_CACHE_INVAL: 0
[max diff] DIFF LL_CACHE_RD: 12, DIFF LL_CACHE_MISS_RD: 12, MISS_RATE: 100.00%
[max diff] DIFF L2D_CACHE_REFILL: 10
[max diff] DIFF L2D_CACHE_INVAL: 2295

===========================================================
taskpendcnt:417865
t0:1125 ns
t1:1833 ns
t2:30958 ns
benchmark: Franka-derived Cartesian-impedance kernel, input trace:8, timer period:1.000 ms
controller source: franka_ros2 jazzy@73a1501d, updates:417888, SVD sweeps:5
pose error:[0.010000 0.015000 0.010000 -0.000000 0.049979 -0.000000]
tau[0:6]:[-1.839419 -0.921560 -1.193198 -1.195971 -0.861243 0.113634 -0.461388]
kernel exec min/avg/max: 28.58 / 29.32 / 31.50 us, samples:417897
pressure status:1, copy rounds total/window:3019/16, 7.50 rounds/s
pressure logical copy:30190.00 MiB total, approx 75.00 MiB/s, checksum:4020376698880
pressure report window:2.133389 s
t0_region>
[0]:259430
[1]:153972
[2]:4500
[3]:19

t1_region>
[1]:194739
[2]:205680
[3]:15146
[4]:2333
[5]:27

t2_region>
[30]:79151
[31]:292696
[32]:39735
[33]:6021
[34]:313
[35]:15

t0_min: 0.54 us, round:324031
t0_max: 3.71 us, round:3825
t0_jitter: 3.17 us

t1_min: 1.38 us, round:2054
t1_max: 5.75 us, round:3825
t1_jitter: 4.38 us

t2_min: 30.25 us, round:33981
t2_max: 35.63 us, round:169096
t2_jitter: 5.38 us

PMU diff samples: 417958
AVG DIFF LL_CACHE_RD: 5.15
AVG DIFF LL_CACHE_MISS_RD: 6.54
AVG DIFF L2D_CACHE_REFILL: 2.49
AVG DIFF L2D_CACHE_INVAL: 242.96
[cur diff] DIFF LL_CACHE_RD: 0, DIFF LL_CACHE_MISS_RD: 0, MISS_RATE: 0.00%
[cur diff] DIFF L2D_CACHE_REFILL: 0
[cur diff] DIFF L2D_CACHE_INVAL: 1
[max diff] DIFF LL_CACHE_RD: 12, DIFF LL_CACHE_MISS_RD: 12, MISS_RATE: 100.00%
[max diff] DIFF L2D_CACHE_REFILL: 10
[max diff] DIFF L2D_CACHE_INVAL: 2295

===========================================================
taskpendcnt:419999
t0:1291 ns
t1:2000 ns
t2:31291 ns
benchmark: Franka-derived Cartesian-impedance kernel, input trace:8, timer period:1.000 ms
controller source: franka_ros2 jazzy@73a1501d, updates:420022, SVD sweeps:5
pose error:[0.010000 0.015000 0.010000 -0.000000 0.049979 -0.000000]
tau[0:6]:[-2.781770 -1.613002 -1.930139 -1.581803 -1.382951 -0.390599 -0.663394]
kernel exec min/avg/max: 28.58 / 29.32 / 31.50 us, samples:420031
pressure status:1, copy rounds total/window:3034/15, 7.03 rounds/s
pressure logical copy:30340.00 MiB total, approx 70.29 MiB/s, checksum:4040352071680
pressure report window:2.134030 s
t0_region>
[0]:261127
[1]:154405
[2]:4505
[3]:19

t1_region>
[1]:196309
[2]:206204
[3]:15185
[4]:2334
[5]:27

t2_region>
[30]:79767
[31]:294119
[32]:39824
[33]:6027
[34]:313
[35]:15

t0_min: 0.54 us, round:324031
t0_max: 3.71 us, round:3825
t0_jitter: 3.17 us

t1_min: 1.38 us, round:2054
t1_max: 5.75 us, round:3825
t1_jitter: 4.38 us

t2_min: 30.25 us, round:33981
t2_max: 35.63 us, round:169096
t2_jitter: 5.38 us

PMU diff samples: 420092
AVG DIFF LL_CACHE_RD: 5.15
AVG DIFF LL_CACHE_MISS_RD: 6.53
AVG DIFF L2D_CACHE_REFILL: 2.49
AVG DIFF L2D_CACHE_INVAL: 242.38
[cur diff] DIFF LL_CACHE_RD: 0, DIFF LL_CACHE_MISS_RD: 0, MISS_RATE: 0.00%
[cur diff] DIFF L2D_CACHE_REFILL: 0
[cur diff] DIFF L2D_CACHE_INVAL: 0
[max diff] DIFF LL_CACHE_RD: 12, DIFF LL_CACHE_MISS_RD: 12, MISS_RATE: 100.00%
[max diff] DIFF L2D_CACHE_REFILL: 10
[max diff] DIFF L2D_CACHE_INVAL: 2295

===========================================================
taskpendcnt:422133
t0:1166 ns
t1:2291 ns
t2:31000 ns
benchmark: Franka-derived Cartesian-impedance kernel, input trace:8, timer period:1.000 ms
controller source: franka_ros2 jazzy@73a1501d, updates:422156, SVD sweeps:5
pose error:[0.010000 0.015000 0.010000 -0.000000 0.049979 -0.000000]
tau[0:6]:[1.376914 -0.104433 0.790225 0.843903 0.642107 -0.956178 0.423547]
kernel exec min/avg/max: 28.58 / 29.32 / 31.50 us, samples:422165
pressure status:1, copy rounds total/window:3049/15, 7.03 rounds/s
pressure logical copy:30490.00 MiB total, approx 70.30 MiB/s, checksum:4060327444480
pressure report window:2.133699 s
t0_region>
[0]:262362
[1]:155267
[2]:4539
[3]:20

t1_region>
[1]:197149
[2]:207386
[3]:15278
[4]:2352
[5]:28

t2_region>
[30]:80030
[31]:295690
[32]:40078
[33]:6072
[34]:314
[35]:16

t0_min: 0.54 us, round:324031
t0_max: 3.71 us, round:3825
t0_jitter: 3.17 us

t1_min: 1.38 us, round:2054
t1_max: 5.96 us, round:420798
t1_jitter: 4.58 us

t2_min: 30.25 us, round:33981
t2_max: 35.63 us, round:169096
t2_jitter: 5.38 us

PMU diff samples: 422226
AVG DIFF LL_CACHE_RD: 5.15
AVG DIFF LL_CACHE_MISS_RD: 6.54
AVG DIFF L2D_CACHE_REFILL: 2.49
AVG DIFF L2D_CACHE_INVAL: 242.54
[cur diff] DIFF LL_CACHE_RD: 0, DIFF LL_CACHE_MISS_RD: 0, MISS_RATE: 0.00%
[cur diff] DIFF L2D_CACHE_REFILL: 0
[cur diff] DIFF L2D_CACHE_INVAL: 1
[max diff] DIFF LL_CACHE_RD: 39, DIFF LL_CACHE_MISS_RD: 46, MISS_RATE: 117.95%
[max diff] DIFF L2D_CACHE_REFILL: 22
[max diff] DIFF L2D_CACHE_INVAL: 2295

===========================================================
taskpendcnt:424267
t0:1041 ns
t1:1458 ns
t2:31041 ns
benchmark: Franka-derived Cartesian-impedance kernel, input trace:8, timer period:1.000 ms
controller source: franka_ros2 jazzy@73a1501d, updates:424290, SVD sweeps:5
pose error:[0.010000 0.015000 0.010000 -0.000000 0.049979 -0.000000]
tau[0:6]:[0.839771 0.130674 0.617691 0.624912 0.653099 -0.592692 0.265887]
kernel exec min/avg/max: 28.58 / 29.32 / 31.50 us, samples:424299
pressure status:1, copy rounds total/window:3065/16, 7.50 rounds/s
pressure logical copy:30650.00 MiB total, approx 74.98 MiB/s, checksum:4081634508800
pressure report window:2.133811 s
t0_region>
[0]:264153
[1]:155602
[2]:4547
[3]:20

t1_region>
[1]:198893
[2]:207746
[3]:15304
[4]:2356
[5]:28

t2_region>
[30]:80916
[31]:296865
[32]:40138
[33]:6083
[34]:315
[35]:16

t0_min: 0.54 us, round:324031
t0_max: 3.71 us, round:3825
t0_jitter: 3.17 us

t1_min: 1.38 us, round:2054
t1_max: 5.96 us, round:420798
t1_jitter: 4.58 us

t2_min: 30.25 us, round:33981
t2_max: 35.63 us, round:169096
t2_jitter: 5.38 us

PMU diff samples: 424360
AVG DIFF LL_CACHE_RD: 5.14
AVG DIFF LL_CACHE_MISS_RD: 6.52
AVG DIFF L2D_CACHE_REFILL: 2.48
AVG DIFF L2D_CACHE_INVAL: 241.79
[cur diff] DIFF LL_CACHE_RD: 0, DIFF LL_CACHE_MISS_RD: 0, MISS_RATE: 0.00%
[cur diff] DIFF L2D_CACHE_REFILL: 0
[cur diff] DIFF L2D_CACHE_INVAL: 0
[max diff] DIFF LL_CACHE_RD: 39, DIFF LL_CACHE_MISS_RD: 46, MISS_RATE: 117.95%
[max diff] DIFF L2D_CACHE_REFILL: 22
[max diff] DIFF L2D_CACHE_INVAL: 2295

===========================================================
taskpendcnt:426400
t0:1083 ns
t1:1500 ns
t2:30791 ns
benchmark: Franka-derived Cartesian-impedance kernel, input trace:8, timer period:1.000 ms
controller source: franka_ros2 jazzy@73a1501d, updates:426423, SVD sweeps:5
pose error:[0.010000 0.015000 0.010000 -0.000000 0.049979 -0.000000]
tau[0:6]:[-2.379368 -1.292411 -1.655224 -1.570015 -1.185234 -0.066588 -0.610247]
kernel exec min/avg/max: 28.58 / 29.32 / 31.50 us, samples:426432
pressure status:1, copy rounds total/window:3080/15, 7.03 rounds/s
pressure logical copy:30800.00 MiB total, approx 70.31 MiB/s, checksum:4101609881600
pressure report window:2.133447 s
t0_region>
[0]:265894
[1]:155988
[2]:4554
[3]:20

t1_region>
[1]:200594
[2]:208148
[3]:15329
[4]:2361
[5]:28

t2_region>
[30]:81784
[31]:298028
[32]:40231
[33]:6093
[34]:315
[35]:16

t0_min: 0.54 us, round:324031
t0_max: 3.71 us, round:3825
t0_jitter: 3.17 us

t1_min: 1.38 us, round:2054
t1_max: 5.96 us, round:420798
t1_jitter: 4.58 us

t2_min: 30.25 us, round:33981
t2_max: 35.63 us, round:169096
t2_jitter: 5.38 us

PMU diff samples: 426494
AVG DIFF LL_CACHE_RD: 5.14
AVG DIFF LL_CACHE_MISS_RD: 6.51
AVG DIFF L2D_CACHE_REFILL: 2.48
AVG DIFF L2D_CACHE_INVAL: 241.09
[cur diff] DIFF LL_CACHE_RD: 0, DIFF LL_CACHE_MISS_RD: 0, MISS_RATE: 0.00%
[cur diff] DIFF L2D_CACHE_REFILL: 0
[cur diff] DIFF L2D_CACHE_INVAL: 4
[max diff] DIFF LL_CACHE_RD: 39, DIFF LL_CACHE_MISS_RD: 46, MISS_RATE: 117.95%
[max diff] DIFF L2D_CACHE_REFILL: 22
[max diff] DIFF L2D_CACHE_INVAL: 2295

===========================================================
taskpendcnt:428534
t0:1250 ns
t1:2250 ns
t2:31250 ns
benchmark: Franka-derived Cartesian-impedance kernel, input trace:8, timer period:1.000 ms
controller source: franka_ros2 jazzy@73a1501d, updates:428556, SVD sweeps:5
pose error:[0.010000 0.015000 0.010000 -0.000000 0.049979 -0.000000]
tau[0:6]:[-0.567483 -0.552304 -0.482512 -0.231067 -0.297494 -0.656094 -0.085004]
kernel exec min/avg/max: 28.58 / 29.32 / 31.50 us, samples:428566
pressure status:1, copy rounds total/window:3096/16, 7.50 rounds/s
pressure logical copy:30960.00 MiB total, approx 74.98 MiB/s, checksum:4122916945920
pressure report window:2.133918 s
t0_region>
[0]:267635
[1]:156372
[2]:4562
[3]:20

t1_region>
[1]:202272
[2]:208565
[3]:15365
[4]:2364
[5]:28

t2_region>
[30]:82774
[31]:299049
[32]:40342
[33]:6103
[34]:316
[35]:16

t0_min: 0.54 us, round:324031
t0_max: 3.71 us, round:3825
t0_jitter: 3.17 us

t1_min: 1.38 us, round:2054
t1_max: 5.96 us, round:420798
t1_jitter: 4.58 us

t2_min: 30.25 us, round:33981
t2_max: 35.63 us, round:169096
t2_jitter: 5.38 us

PMU diff samples: 428627
AVG DIFF LL_CACHE_RD: 5.13
AVG DIFF LL_CACHE_MISS_RD: 6.50
AVG DIFF L2D_CACHE_REFILL: 2.47
AVG DIFF L2D_CACHE_INVAL: 240.35
[cur diff] DIFF LL_CACHE_RD: 0, DIFF LL_CACHE_MISS_RD: 0, MISS_RATE: 0.00%
[cur diff] DIFF L2D_CACHE_REFILL: 0
[cur diff] DIFF L2D_CACHE_INVAL: 5
[max diff] DIFF LL_CACHE_RD: 39, DIFF LL_CACHE_MISS_RD: 46, MISS_RATE: 117.95%
[max diff] DIFF L2D_CACHE_REFILL: 22
[max diff] DIFF L2D_CACHE_INVAL: 2295

===========================================================
taskpendcnt:430668
t0:1416 ns
t1:1541 ns
t2:30833 ns
benchmark: Franka-derived Cartesian-impedance kernel, input trace:8, timer period:1.000 ms
controller source: franka_ros2 jazzy@73a1501d, updates:430691, SVD sweeps:5
pose error:[0.010000 0.015000 0.010000 -0.000000 0.049979 -0.000000]
tau[0:6]:[1.228026 0.081850 0.819520 0.875435 0.745706 -0.833381 0.398995]
kernel exec min/avg/max: 28.58 / 29.32 / 31.50 us, samples:430700
pressure status:1, copy rounds total/window:3111/15, 7.03 rounds/s
pressure logical copy:31110.00 MiB total, approx 70.30 MiB/s, checksum:4142892318720
pressure report window:2.133599 s
t0_region>
[0]:268820
[1]:157290
[2]:4594
[3]:20

t1_region>
[1]:203056
[2]:209789
[3]:15474
[4]:2380
[5]:29

t2_region>
[30]:83024
[31]:300601
[32]:40623
[33]:6150
[34]:320
[35]:16

t0_min: 0.54 us, round:324031
t0_max: 3.71 us, round:3825
t0_jitter: 3.17 us

t1_min: 1.38 us, round:2054
t1_max: 5.96 us, round:420798
t1_jitter: 4.58 us

t2_min: 30.25 us, round:33981
t2_max: 35.63 us, round:169096
t2_jitter: 5.38 us

PMU diff samples: 430761
AVG DIFF LL_CACHE_RD: 5.13
AVG DIFF LL_CACHE_MISS_RD: 6.50
AVG DIFF L2D_CACHE_REFILL: 2.47
AVG DIFF L2D_CACHE_INVAL: 240.58
[cur diff] DIFF LL_CACHE_RD: 0, DIFF LL_CACHE_MISS_RD: 0, MISS_RATE: 0.00%
[cur diff] DIFF L2D_CACHE_REFILL: 0
[cur diff] DIFF L2D_CACHE_INVAL: 1
[max diff] DIFF LL_CACHE_RD: 39, DIFF LL_CACHE_MISS_RD: 46, MISS_RATE: 117.95%
[max diff] DIFF L2D_CACHE_REFILL: 22
[max diff] DIFF L2D_CACHE_INVAL: 2295

===========================================================
taskpendcnt:432801
t0:875 ns
t1:1583 ns
t2:30875 ns
benchmark: Franka-derived Cartesian-impedance kernel, input trace:8, timer period:1.000 ms
controller source: franka_ros2 jazzy@73a1501d, updates:432824, SVD sweeps:5
pose error:[0.010000 0.015000 0.010000 -0.000000 0.049979 -0.000000]
tau[0:6]:[-1.839419 -0.921560 -1.193198 -1.195971 -0.861243 0.113634 -0.461388]
kernel exec min/avg/max: 28.58 / 29.32 / 31.50 us, samples:432833
pressure status:1, copy rounds total/window:3127/16, 7.50 rounds/s
pressure logical copy:31270.00 MiB total, approx 74.99 MiB/s, checksum:4164199383040
pressure report window:2.133482 s
t0_region>
[0]:269977
[1]:158232
[2]:4628
[3]:20

t1_region>
[1]:203828
[2]:211041
[3]:15564
[4]:2399
[5]:29

t2_region>
[30]:83259
[31]:302160
[32]:40914
[33]:6198
[34]:321
[35]:16

t0_min: 0.54 us, round:324031
t0_max: 3.71 us, round:3825
t0_jitter: 3.17 us

t1_min: 1.38 us, round:2054
t1_max: 5.96 us, round:420798
t1_jitter: 4.58 us

t2_min: 30.25 us, round:33981
t2_max: 35.63 us, round:169096
t2_jitter: 5.38 us

PMU diff samples: 432895
AVG DIFF LL_CACHE_RD: 5.13
AVG DIFF LL_CACHE_MISS_RD: 6.51
AVG DIFF L2D_CACHE_REFILL: 2.47
AVG DIFF L2D_CACHE_INVAL: 240.79
[cur diff] DIFF LL_CACHE_RD: 0, DIFF LL_CACHE_MISS_RD: 0, MISS_RATE: 0.00%
[cur diff] DIFF L2D_CACHE_REFILL: 0
[cur diff] DIFF L2D_CACHE_INVAL: 0
[max diff] DIFF LL_CACHE_RD: 39, DIFF LL_CACHE_MISS_RD: 46, MISS_RATE: 117.95%
[max diff] DIFF L2D_CACHE_REFILL: 22
[max diff] DIFF L2D_CACHE_INVAL: 2295

===========================================================
taskpendcnt:434935
t0:875 ns
t1:1583 ns
t2:30875 ns
benchmark: Franka-derived Cartesian-impedance kernel, input trace:8, timer period:1.000 ms
controller source: franka_ros2 jazzy@73a1501d, updates:434958, SVD sweeps:5
pose error:[0.010000 0.015000 0.010000 -0.000000 0.049979 -0.000000]
tau[0:6]:[-2.781770 -1.613002 -1.930139 -1.581803 -1.382951 -0.390599 -0.663394]
kernel exec min/avg/max: 28.58 / 29.32 / 31.50 us, samples:434968
pressure status:1, copy rounds total/window:3142/15, 7.03 rounds/s
pressure logical copy:31420.00 MiB total, approx 70.28 MiB/s, checksum:4184174755840
pressure report window:2.134236 s
t0_region>
[0]:271132
[1]:159182
[2]:4658
[3]:20

t1_region>
[1]:204633
[2]:212247
[3]:15666
[4]:2421
[5]:29

t2_region>
[30]:83495
[31]:303730
[32]:41193
[33]:6242
[34]:326
[35]:16

t0_min: 0.54 us, round:324031
t0_max: 3.71 us, round:3825
t0_jitter: 3.17 us

t1_min: 1.38 us, round:2054
t1_max: 5.96 us, round:420798
t1_jitter: 4.58 us

t2_min: 30.25 us, round:33981
t2_max: 35.63 us, round:169096
t2_jitter: 5.38 us

PMU diff samples: 435029
AVG DIFF LL_CACHE_RD: 5.13
AVG DIFF LL_CACHE_MISS_RD: 6.51
AVG DIFF L2D_CACHE_REFILL: 2.47
AVG DIFF L2D_CACHE_INVAL: 241.03
[cur diff] DIFF LL_CACHE_RD: 0, DIFF LL_CACHE_MISS_RD: 0, MISS_RATE: 0.00%
[cur diff] DIFF L2D_CACHE_REFILL: 0
[cur diff] DIFF L2D_CACHE_INVAL: 1
[max diff] DIFF LL_CACHE_RD: 39, DIFF LL_CACHE_MISS_RD: 46, MISS_RATE: 117.95%
[max diff] DIFF L2D_CACHE_REFILL: 22
[max diff] DIFF L2D_CACHE_INVAL: 2295

===========================================================
taskpendcnt:437069
t0:1041 ns
t1:1458 ns
t2:30750 ns
benchmark: Franka-derived Cartesian-impedance kernel, input trace:8, timer period:1.000 ms
controller source: franka_ros2 jazzy@73a1501d, updates:437092, SVD sweeps:5
pose error:[0.010000 0.015000 0.010000 -0.000000 0.049979 -0.000000]
tau[0:6]:[-0.567483 -0.552304 -0.482512 -0.231067 -0.297494 -0.656094 -0.085004]
kernel exec min/avg/max: 28.58 / 29.32 / 31.50 us, samples:437102
pressure status:1, copy rounds total/window:3157/15, 7.03 rounds/s
pressure logical copy:31570.00 MiB total, approx 70.28 MiB/s, checksum:4204150128640
pressure report window:2.134248 s
t0_region>
[0]:272289
[1]:160125
[2]:4691
[3]:20

t1_region>
[1]:205392
[2]:213501
[3]:15773
[4]:2434
[5]:30

t2_region>
[30]:83727
[31]:305305
[32]:41475
[33]:6285
[34]:328
[35]:16

t0_min: 0.54 us, round:324031
t0_max: 3.71 us, round:3825
t0_jitter: 3.17 us

t1_min: 1.38 us, round:2054
t1_max: 5.96 us, round:420798
t1_jitter: 4.58 us

t2_min: 30.25 us, round:33981
t2_max: 35.63 us, round:169096
t2_jitter: 5.38 us

PMU diff samples: 437163
AVG DIFF LL_CACHE_RD: 5.14
AVG DIFF LL_CACHE_MISS_RD: 6.51
AVG DIFF L2D_CACHE_REFILL: 2.48
AVG DIFF L2D_CACHE_INVAL: 241.27
[cur diff] DIFF LL_CACHE_RD: 0, DIFF LL_CACHE_MISS_RD: 0, MISS_RATE: 0.00%
[cur diff] DIFF L2D_CACHE_REFILL: 0
[cur diff] DIFF L2D_CACHE_INVAL: 0
[max diff] DIFF LL_CACHE_RD: 39, DIFF LL_CACHE_MISS_RD: 46, MISS_RATE: 117.95%
[max diff] DIFF L2D_CACHE_REFILL: 22
[max diff] DIFF L2D_CACHE_INVAL: 2295

===========================================================
taskpendcnt:439204
t0:916 ns
t1:1916 ns
t2:31208 ns
benchmark: Franka-derived Cartesian-impedance kernel, input trace:8, timer period:1.000 ms
controller source: franka_ros2 jazzy@73a1501d, updates:439226, SVD sweeps:5
pose error:[0.010000 0.015000 0.010000 -0.000000 0.049979 -0.000000]
tau[0:6]:[1.228026 0.081850 0.819520 0.875435 0.745706 -0.833381 0.398995]
kernel exec min/avg/max: 28.58 / 29.32 / 31.50 us, samples:439235
pressure status:1, copy rounds total/window:3173/16, 7.50 rounds/s
pressure logical copy:31730.00 MiB total, approx 74.99 MiB/s, checksum:4225457192960
pressure report window:2.133544 s
t0_region>
[0]:273575
[1]:160943
[2]:4721
[3]:20

t1_region>
[1]:206250
[2]:214679
[3]:15851
[4]:2453
[5]:30

t2_region>
[30]:83991
[31]:306929
[32]:41677
[33]:6324
[34]:332
[35]:16

t0_min: 0.54 us, round:324031
t0_max: 3.71 us, round:3825
t0_jitter: 3.17 us

t1_min: 1.38 us, round:2054
t1_max: 5.96 us, round:420798
t1_jitter: 4.58 us

t2_min: 30.25 us, round:33981
t2_max: 35.63 us, round:169096
t2_jitter: 5.38 us

PMU diff samples: 439297
AVG DIFF LL_CACHE_RD: 5.14
AVG DIFF LL_CACHE_MISS_RD: 6.51
AVG DIFF L2D_CACHE_REFILL: 2.48
AVG DIFF L2D_CACHE_INVAL: 241.34
[cur diff] DIFF LL_CACHE_RD: 0, DIFF LL_CACHE_MISS_RD: 0, MISS_RATE: 0.00%
[cur diff] DIFF L2D_CACHE_REFILL: 0
[cur diff] DIFF L2D_CACHE_INVAL: 2
[max diff] DIFF LL_CACHE_RD: 39, DIFF LL_CACHE_MISS_RD: 46, MISS_RATE: 117.95%
[max diff] DIFF L2D_CACHE_REFILL: 22
[max diff] DIFF L2D_CACHE_INVAL: 2295

===========================================================
taskpendcnt:441337
t0:1250 ns
t1:1666 ns
t2:30958 ns
benchmark: Franka-derived Cartesian-impedance kernel, input trace:8, timer period:1.000 ms
controller source: franka_ros2 jazzy@73a1501d, updates:441359, SVD sweeps:5
pose error:[0.010000 0.015000 0.010000 -0.000000 0.049979 -0.000000]
tau[0:6]:[-1.839419 -0.921560 -1.193198 -1.195971 -0.861243 0.113634 -0.461388]
kernel exec min/avg/max: 28.58 / 29.32 / 31.50 us, samples:441369
pressure status:1, copy rounds total/window:3188/15, 7.03 rounds/s
pressure logical copy:31880.00 MiB total, approx 70.30 MiB/s, checksum:4245432565760
pressure report window:2.133599 s
t0_region>
[0]:274781
[1]:161846
[2]:4745
[3]:20

t1_region>
[1]:207083
[2]:215873
[3]:15940
[4]:2471
[5]:30

t2_region>
[30]:84223
[31]:308515
[32]:41943
[33]:6375
[34]:332
[35]:16

t0_min: 0.54 us, round:324031
t0_max: 3.71 us, round:3825
t0_jitter: 3.17 us

t1_min: 1.38 us, round:2054
t1_max: 5.96 us, round:420798
t1_jitter: 4.58 us

t2_min: 30.25 us, round:33981
t2_max: 35.63 us, round:169096
t2_jitter: 5.38 us

PMU diff samples: 441430
AVG DIFF LL_CACHE_RD: 5.14
AVG DIFF LL_CACHE_MISS_RD: 6.52
AVG DIFF L2D_CACHE_REFILL: 2.48
AVG DIFF L2D_CACHE_INVAL: 241.50
[cur diff] DIFF LL_CACHE_RD: 0, DIFF LL_CACHE_MISS_RD: 0, MISS_RATE: 0.00%
[cur diff] DIFF L2D_CACHE_REFILL: 0
[cur diff] DIFF L2D_CACHE_INVAL: 1
[max diff] DIFF LL_CACHE_RD: 39, DIFF LL_CACHE_MISS_RD: 46, MISS_RATE: 117.95%
[max diff] DIFF L2D_CACHE_REFILL: 22
[max diff] DIFF L2D_CACHE_INVAL: 2295

===========================================================
taskpendcnt:443471
t0:1125 ns
t1:1541 ns
t2:31125 ns
benchmark: Franka-derived Cartesian-impedance kernel, input trace:8, timer period:1.000 ms
controller source: franka_ros2 jazzy@73a1501d, updates:443493, SVD sweeps:5
pose error:[0.010000 0.015000 0.010000 -0.000000 0.049979 -0.000000]
tau[0:6]:[-2.781770 -1.613002 -1.930139 -1.581803 -1.382951 -0.390599 -0.663394]
kernel exec min/avg/max: 28.58 / 29.32 / 31.50 us, samples:443503
pressure status:1, copy rounds total/window:3203/15, 7.03 rounds/s
pressure logical copy:32030.00 MiB total, approx 70.28 MiB/s, checksum:4265407938560
pressure report window:2.134180 s
t0_region>
[0]:275969
[1]:162758
[2]:4780
[3]:20

t1_region>
[1]:207857
[2]:217116
[3]:16045
[4]:2483
[5]:30

t2_region>
[30]:84467
[31]:310104
[32]:42195
[33]:6422
[34]:333
[35]:16

t0_min: 0.54 us, round:324031
t0_max: 3.71 us, round:3825
t0_jitter: 3.17 us

t1_min: 1.38 us, round:2054
t1_max: 5.96 us, round:420798
t1_jitter: 4.58 us

t2_min: 30.25 us, round:33981
t2_max: 35.63 us, round:169096
t2_jitter: 5.38 us

PMU diff samples: 443564
AVG DIFF LL_CACHE_RD: 5.14
AVG DIFF LL_CACHE_MISS_RD: 6.52
AVG DIFF L2D_CACHE_REFILL: 2.48
AVG DIFF L2D_CACHE_INVAL: 241.67
[cur diff] DIFF LL_CACHE_RD: 0, DIFF LL_CACHE_MISS_RD: 0, MISS_RATE: 0.00%
[cur diff] DIFF L2D_CACHE_REFILL: 0
[cur diff] DIFF L2D_CACHE_INVAL: 0
[max diff] DIFF LL_CACHE_RD: 39, DIFF LL_CACHE_MISS_RD: 46, MISS_RATE: 117.95%
[max diff] DIFF L2D_CACHE_REFILL: 22
[max diff] DIFF L2D_CACHE_INVAL: 2295

===========================================================
taskpendcnt:445605
t0:1000 ns
t1:1708 ns
t2:31000 ns
benchmark: Franka-derived Cartesian-impedance kernel, input trace:8, timer period:1.000 ms
controller source: franka_ros2 jazzy@73a1501d, updates:445627, SVD sweeps:5
pose error:[0.010000 0.015000 0.010000 -0.000000 0.049979 -0.000000]
tau[0:6]:[1.376914 -0.104433 0.790225 0.843903 0.642107 -0.956178 0.423547]
kernel exec min/avg/max: 28.58 / 29.32 / 31.50 us, samples:445637
pressure status:1, copy rounds total/window:3219/16, 7.50 rounds/s
pressure logical copy:32190.00 MiB total, approx 74.99 MiB/s, checksum:4286715002880
pressure report window:2.133671 s
t0_region>
[0]:277121
[1]:163713
[2]:4806
[3]:20

t1_region>
[1]:208664
[2]:218328
[3]:16147
[4]:2496
[5]:30

t2_region>
[30]:84698
[31]:311704
[32]:42459
[33]:6459
[34]:335
[35]:16

t0_min: 0.54 us, round:324031
t0_max: 3.71 us, round:3825
t0_jitter: 3.17 us

t1_min: 1.38 us, round:2054
t1_max: 5.96 us, round:420798
t1_jitter: 4.58 us

t2_min: 30.25 us, round:33981
t2_max: 35.63 us, round:169096
t2_jitter: 5.38 us

PMU diff samples: 445698
AVG DIFF LL_CACHE_RD: 5.14
AVG DIFF LL_CACHE_MISS_RD: 6.52
AVG DIFF L2D_CACHE_REFILL: 2.48
AVG DIFF L2D_CACHE_INVAL: 241.84
[cur diff] DIFF LL_CACHE_RD: 0, DIFF LL_CACHE_MISS_RD: 0, MISS_RATE: 0.00%
[cur diff] DIFF L2D_CACHE_REFILL: 0
[cur diff] DIFF L2D_CACHE_INVAL: 0
[max diff] DIFF LL_CACHE_RD: 39, DIFF LL_CACHE_MISS_RD: 46, MISS_RATE: 117.95%
[max diff] DIFF L2D_CACHE_REFILL: 22
[max diff] DIFF L2D_CACHE_INVAL: 2295

===========================================================
taskpendcnt:447739
t0:1458 ns
t1:1583 ns
t2:30875 ns
benchmark: Franka-derived Cartesian-impedance kernel, input trace:8, timer period:1.000 ms
controller source: franka_ros2 jazzy@73a1501d, updates:447762, SVD sweeps:5
pose error:[0.010000 0.015000 0.010000 -0.000000 0.049979 -0.000000]
tau[0:6]:[0.839771 0.130674 0.617691 0.624912 0.653099 -0.592692 0.265887]
kernel exec min/avg/max: 28.58 / 29.32 / 31.50 us, samples:447771
pressure status:1, copy rounds total/window:3234/15, 7.03 rounds/s
pressure logical copy:32340.00 MiB total, approx 70.29 MiB/s, checksum:4306690375680
pressure report window:2.134007 s
t0_region>
[0]:278295
[1]:164649
[2]:4830
[3]:20

t1_region>
[1]:209501
[2]:219534
[3]:16224
[4]:2510
[5]:30

t2_region>
[30]:84946
[31]:313332
[32]:42685
[33]:6492
[34]:335
[35]:16

t0_min: 0.54 us, round:324031
t0_max: 3.71 us, round:3825
t0_jitter: 3.17 us

t1_min: 1.38 us, round:2054
t1_max: 5.96 us, round:420798
t1_jitter: 4.58 us

t2_min: 30.25 us, round:33981
t2_max: 35.63 us, round:169096
t2_jitter: 5.38 us

PMU diff samples: 447832
AVG DIFF LL_CACHE_RD: 5.14
AVG DIFF LL_CACHE_MISS_RD: 6.53
AVG DIFF L2D_CACHE_REFILL: 2.48
AVG DIFF L2D_CACHE_INVAL: 241.96
[cur diff] DIFF LL_CACHE_RD: 0, DIFF LL_CACHE_MISS_RD: 0, MISS_RATE: 0.00%
[cur diff] DIFF L2D_CACHE_REFILL: 0
[cur diff] DIFF L2D_CACHE_INVAL: 0
[max diff] DIFF LL_CACHE_RD: 39, DIFF LL_CACHE_MISS_RD: 46, MISS_RATE: 117.95%
[max diff] DIFF L2D_CACHE_REFILL: 22
[max diff] DIFF L2D_CACHE_INVAL: 2295

===========================================================
taskpendcnt:449872
t0:1208 ns
t1:1916 ns
t2:31041 ns
benchmark: Franka-derived Cartesian-impedance kernel, input trace:8, timer period:1.000 ms
controller source: franka_ros2 jazzy@73a1501d, updates:449895, SVD sweeps:5
pose error:[0.010000 0.015000 0.010000 -0.000000 0.049979 -0.000000]
tau[0:6]:[-2.379368 -1.292411 -1.655224 -1.570015 -1.185234 -0.066588 -0.610247]
kernel exec min/avg/max: 28.58 / 29.32 / 31.50 us, samples:449904
pressure status:1, copy rounds total/window:3249/15, 7.03 rounds/s
pressure logical copy:32490.00 MiB total, approx 70.30 MiB/s, checksum:4326665748480
pressure report window:2.133632 s
t0_region>
[0]:279516
[1]:165543
[2]:4849
[3]:20

t1_region>
[1]:210343
[2]:220728
[3]:16308
[4]:2524
[5]:30

t2_region>
[30]:85214
[31]:314924
[32]:42915
[33]:6532
[34]:337
[35]:16

t0_min: 0.54 us, round:324031
t0_max: 3.71 us, round:3825
t0_jitter: 3.17 us

t1_min: 1.38 us, round:2054
t1_max: 5.96 us, round:420798
t1_jitter: 4.58 us

t2_min: 30.25 us, round:33981
t2_max: 35.63 us, round:169096
t2_jitter: 5.38 us

PMU diff samples: 449966
AVG DIFF LL_CACHE_RD: 5.14
AVG DIFF LL_CACHE_MISS_RD: 6.53
AVG DIFF L2D_CACHE_REFILL: 2.48
AVG DIFF L2D_CACHE_INVAL: 242.11
[cur diff] DIFF LL_CACHE_RD: 0, DIFF LL_CACHE_MISS_RD: 0, MISS_RATE: 0.00%
[cur diff] DIFF L2D_CACHE_REFILL: 0
[cur diff] DIFF L2D_CACHE_INVAL: 0
[max diff] DIFF LL_CACHE_RD: 39, DIFF LL_CACHE_MISS_RD: 46, MISS_RATE: 117.95%
[max diff] DIFF L2D_CACHE_REFILL: 22
[max diff] DIFF L2D_CACHE_INVAL: 2295

===========================================================
taskpendcnt:452006
t0:916 ns
t1:1916 ns
t2:31208 ns
benchmark: Franka-derived Cartesian-impedance kernel, input trace:8, timer period:1.000 ms
controller source: franka_ros2 jazzy@73a1501d, updates:452029, SVD sweeps:5
pose error:[0.010000 0.015000 0.010000 -0.000000 0.049979 -0.000000]
tau[0:6]:[-0.567483 -0.552304 -0.482512 -0.231067 -0.297494 -0.656094 -0.085004]
kernel exec min/avg/max: 28.58 / 29.32 / 31.50 us, samples:452038
pressure status:1, copy rounds total/window:3265/16, 7.50 rounds/s
pressure logical copy:32650.00 MiB total, approx 74.98 MiB/s, checksum:4347972812800
pressure report window:2.134021 s
t0_region>
[0]:280785
[1]:166383
[2]:4874
[3]:20

t1_region>
[1]:211187
[2]:221919
[3]:16396
[4]:2535
[5]:30

t2_region>
[30]:85482
[31]:316510
[32]:43161
[33]:6565
[34]:338
[35]:16

t0_min: 0.54 us, round:324031
t0_max: 3.71 us, round:3825
t0_jitter: 3.17 us

t1_min: 1.38 us, round:2054
t1_max: 5.96 us, round:420798
t1_jitter: 4.58 us

t2_min: 30.25 us, round:33981
t2_max: 35.63 us, round:169096
t2_jitter: 5.38 us

PMU diff samples: 452100
AVG DIFF LL_CACHE_RD: 5.14
AVG DIFF LL_CACHE_MISS_RD: 6.53
AVG DIFF L2D_CACHE_REFILL: 2.48
AVG DIFF L2D_CACHE_INVAL: 242.24
[cur diff] DIFF LL_CACHE_RD: 0, DIFF LL_CACHE_MISS_RD: 0, MISS_RATE: 0.00%
[cur diff] DIFF L2D_CACHE_REFILL: 0
[cur diff] DIFF L2D_CACHE_INVAL: 0
[max diff] DIFF LL_CACHE_RD: 39, DIFF LL_CACHE_MISS_RD: 46, MISS_RATE: 117.95%
[max diff] DIFF L2D_CACHE_REFILL: 22
[max diff] DIFF L2D_CACHE_INVAL: 2295

===========================================================
taskpendcnt:454140
t0:791 ns
t1:1791 ns
t2:31083 ns
benchmark: Franka-derived Cartesian-impedance kernel, input trace:8, timer period:1.000 ms
controller source: franka_ros2 jazzy@73a1501d, updates:454163, SVD sweeps:5
pose error:[0.010000 0.015000 0.010000 -0.000000 0.049979 -0.000000]
tau[0:6]:[1.228026 0.081850 0.819520 0.875435 0.745706 -0.833381 0.398995]
kernel exec min/avg/max: 28.58 / 29.32 / 31.50 us, samples:454172
pressure status:1, copy rounds total/window:3280/15, 7.03 rounds/s
pressure logical copy:32800.00 MiB total, approx 70.30 MiB/s, checksum:4367948185600
pressure report window:2.133593 s
t0_region>
[0]:282011
[1]:167263
[2]:4901
[3]:20

t1_region>
[1]:212059
[2]:223083
[3]:16481
[4]:2547
[5]:30

t2_region>
[30]:85729
[31]:318118
[32]:43406
[33]:6594
[34]:343
[35]:16

t0_min: 0.54 us, round:324031
t0_max: 3.71 us, round:3825
t0_jitter: 3.17 us

t1_min: 1.38 us, round:2054
t1_max: 5.96 us, round:420798
t1_jitter: 4.58 us

t2_min: 30.25 us, round:33981
t2_max: 35.63 us, round:169096
t2_jitter: 5.38 us

PMU diff samples: 454233
AVG DIFF LL_CACHE_RD: 5.14
AVG DIFF LL_CACHE_MISS_RD: 6.53
AVG DIFF L2D_CACHE_REFILL: 2.48
AVG DIFF L2D_CACHE_INVAL: 242.36
[cur diff] DIFF LL_CACHE_RD: 0, DIFF LL_CACHE_MISS_RD: 0, MISS_RATE: 0.00%
[cur diff] DIFF L2D_CACHE_REFILL: 0
[cur diff] DIFF L2D_CACHE_INVAL: 0
[max diff] DIFF LL_CACHE_RD: 39, DIFF LL_CACHE_MISS_RD: 46, MISS_RATE: 117.95%
[max diff] DIFF L2D_CACHE_REFILL: 22
[max diff] DIFF L2D_CACHE_INVAL: 2295

===========================================================
taskpendcnt:456273
t0:833 ns
t1:1541 ns
t2:31125 ns
benchmark: Franka-derived Cartesian-impedance kernel, input trace:8, timer period:1.000 ms
controller source: franka_ros2 jazzy@73a1501d, updates:456296, SVD sweeps:5
pose error:[0.010000 0.015000 0.010000 -0.000000 0.049979 -0.000000]
tau[0:6]:[-0.274004 -0.324180 0.001577 -0.231466 0.050986 -0.328952 0.010844]
kernel exec min/avg/max: 28.58 / 29.32 / 31.50 us, samples:456305
pressure status:1, copy rounds total/window:3296/16, 7.50 rounds/s
pressure logical copy:32960.00 MiB total, approx 75.00 MiB/s, checksum:4389255249920
pressure report window:2.133377 s
t0_region>
[0]:283305
[1]:168080
[2]:4924
[3]:20

t1_region>
[1]:212950
[2]:224242
[3]:16551
[4]:2561
[5]:30

t2_region>
[30]:86044
[31]:319695
[32]:43611
[33]:6631
[34]:343
[35]:16

t0_min: 0.54 us, round:324031
t0_max: 3.71 us, round:3825
t0_jitter: 3.17 us

t1_min: 1.38 us, round:2054
t1_max: 5.96 us, round:420798
t1_jitter: 4.58 us

t2_min: 30.25 us, round:33981
t2_max: 35.63 us, round:169096
t2_jitter: 5.38 us

PMU diff samples: 456367
AVG DIFF LL_CACHE_RD: 5.14
AVG DIFF LL_CACHE_MISS_RD: 6.53
AVG DIFF L2D_CACHE_REFILL: 2.49
AVG DIFF L2D_CACHE_INVAL: 242.47
[cur diff] DIFF LL_CACHE_RD: 0, DIFF LL_CACHE_MISS_RD: 0, MISS_RATE: 0.00%
[cur diff] DIFF L2D_CACHE_REFILL: 0
[cur diff] DIFF L2D_CACHE_INVAL: 1
[max diff] DIFF LL_CACHE_RD: 39, DIFF LL_CACHE_MISS_RD: 46, MISS_RATE: 117.95%
[max diff] DIFF L2D_CACHE_REFILL: 22
[max diff] DIFF L2D_CACHE_INVAL: 2295

===========================================================
taskpendcnt:458407
t0:708 ns
t1:1708 ns
t2:31291 ns
benchmark: Franka-derived Cartesian-impedance kernel, input trace:8, timer period:1.000 ms
controller source: franka_ros2 jazzy@73a1501d, updates:458430, SVD sweeps:5
pose error:[0.010000 0.015000 0.010000 -0.000000 0.049979 -0.000000]
tau[0:6]:[-2.379368 -1.292411 -1.655224 -1.570015 -1.185234 -0.066588 -0.610247]
kernel exec min/avg/max: 28.58 / 29.32 / 31.50 us, samples:458440
pressure status:1, copy rounds total/window:3311/15, 7.03 rounds/s
pressure logical copy:33110.00 MiB total, approx 70.28 MiB/s, checksum:4409230622720
pressure report window:2.134356 s
t0_region>
[0]:284585
[1]:168917
[2]:4941
[3]:20

t1_region>
[1]:213824
[2]:225418
[3]:16630
[4]:2566
[5]:30

t2_region>
[30]:86271
[31]:321337
[32]:43841
[33]:6666
[34]:344
[35]:16

t0_min: 0.54 us, round:324031
t0_max: 3.71 us, round:3825
t0_jitter: 3.17 us

t1_min: 1.38 us, round:2054
t1_max: 5.96 us, round:420798
t1_jitter: 4.58 us

t2_min: 30.25 us, round:33981
t2_max: 35.63 us, round:169096
t2_jitter: 5.38 us

PMU diff samples: 458501
AVG DIFF LL_CACHE_RD: 5.15
AVG DIFF LL_CACHE_MISS_RD: 6.54
AVG DIFF L2D_CACHE_REFILL: 2.49
AVG DIFF L2D_CACHE_INVAL: 242.59
[cur diff] DIFF LL_CACHE_RD: 0, DIFF LL_CACHE_MISS_RD: 0, MISS_RATE: 0.00%
[cur diff] DIFF L2D_CACHE_REFILL: 0
[cur diff] DIFF L2D_CACHE_INVAL: 2
[max diff] DIFF LL_CACHE_RD: 39, DIFF LL_CACHE_MISS_RD: 46, MISS_RATE: 117.95%
[max diff] DIFF L2D_CACHE_REFILL: 22
[max diff] DIFF L2D_CACHE_INVAL: 2295

===========================================================
taskpendcnt:460542
t0:583 ns
t1:1583 ns
t2:30875 ns
benchmark: Franka-derived Cartesian-impedance kernel, input trace:8, timer period:1.000 ms
controller source: franka_ros2 jazzy@73a1501d, updates:460564, SVD sweeps:5
pose error:[0.010000 0.015000 0.010000 -0.000000 0.049979 -0.000000]
tau[0:6]:[-0.567483 -0.552304 -0.482512 -0.231067 -0.297494 -0.656094 -0.085004]
kernel exec min/avg/max: 28.58 / 29.32 / 31.50 us, samples:460574
pressure status:1, copy rounds total/window:3326/15, 7.03 rounds/s
pressure logical copy:33260.00 MiB total, approx 70.29 MiB/s, checksum:4429205995520
pressure report window:2.134104 s
t0_region>
[0]:285874
[1]:169748
[2]:4956
[3]:20

t1_region>
[1]:214719
[2]:226563
[3]:16718
[4]:2572
[5]:30

t2_region>
[30]:86555
[31]:322929
[32]:44068
[33]:6695
[34]:346
[35]:16

t0_min: 0.54 us, round:324031
t0_max: 3.71 us, round:3825
t0_jitter: 3.17 us

t1_min: 1.38 us, round:2054
t1_max: 5.96 us, round:420798
t1_jitter: 4.58 us

t2_min: 30.25 us, round:33981
t2_max: 35.63 us, round:169096
t2_jitter: 5.38 us

PMU diff samples: 460635
AVG DIFF LL_CACHE_RD: 5.15
AVG DIFF LL_CACHE_MISS_RD: 6.54
AVG DIFF L2D_CACHE_REFILL: 2.49
AVG DIFF L2D_CACHE_INVAL: 242.72
[cur diff] DIFF LL_CACHE_RD: 0, DIFF LL_CACHE_MISS_RD: 0, MISS_RATE: 0.00%
[cur diff] DIFF L2D_CACHE_REFILL: 0
[cur diff] DIFF L2D_CACHE_INVAL: 0
[max diff] DIFF LL_CACHE_RD: 39, DIFF LL_CACHE_MISS_RD: 46, MISS_RATE: 117.95%
[max diff] DIFF L2D_CACHE_REFILL: 22
[max diff] DIFF L2D_CACHE_INVAL: 2295

===========================================================
taskpendcnt:462676
t0:1041 ns
t1:1750 ns
t2:30750 ns
benchmark: Franka-derived Cartesian-impedance kernel, input trace:8, timer period:1.000 ms
controller source: franka_ros2 jazzy@73a1501d, updates:462698, SVD sweeps:5
pose error:[0.010000 0.015000 0.010000 -0.000000 0.049979 -0.000000]
tau[0:6]:[1.228026 0.081850 0.819520 0.875435 0.745706 -0.833381 0.398995]
kernel exec min/avg/max: 28.58 / 29.32 / 31.50 us, samples:462708
pressure status:1, copy rounds total/window:3342/16, 7.50 rounds/s
pressure logical copy:33420.00 MiB total, approx 74.99 MiB/s, checksum:4450513059840
pressure report window:2.133635 s
t0_region>
[0]:287079
[1]:170661
[2]:4971
[3]:20

t1_region>
[1]:215595
[2]:227734
[3]:16802
[4]:2575
[5]:30

t2_region>
[30]:86763
[31]:324581
[32]:44311
[33]:6722
[34]:349
[35]:16

t0_min: 0.54 us, round:324031
t0_max: 3.71 us, round:3825
t0_jitter: 3.17 us

t1_min: 1.38 us, round:2054
t1_max: 5.96 us, round:420798
t1_jitter: 4.58 us

t2_min: 30.25 us, round:33981
t2_max: 35.63 us, round:169096
t2_jitter: 5.38 us

PMU diff samples: 462769
AVG DIFF LL_CACHE_RD: 5.15
AVG DIFF LL_CACHE_MISS_RD: 6.54
AVG DIFF L2D_CACHE_REFILL: 2.49
AVG DIFF L2D_CACHE_INVAL: 242.83
[cur diff] DIFF LL_CACHE_RD: 0, DIFF LL_CACHE_MISS_RD: 0, MISS_RATE: 0.00%
[cur diff] DIFF L2D_CACHE_REFILL: 0
[cur diff] DIFF L2D_CACHE_INVAL: 0
[max diff] DIFF LL_CACHE_RD: 39, DIFF LL_CACHE_MISS_RD: 46, MISS_RATE: 117.95%
[max diff] DIFF L2D_CACHE_REFILL: 22
[max diff] DIFF L2D_CACHE_INVAL: 2295

===========================================================
taskpendcnt:464809
t0:1083 ns
t1:1791 ns
t2:31083 ns
benchmark: Franka-derived Cartesian-impedance kernel, input trace:8, timer period:1.000 ms
controller source: franka_ros2 jazzy@73a1501d, updates:464831, SVD sweeps:5
pose error:[0.010000 0.015000 0.010000 -0.000000 0.049979 -0.000000]
tau[0:6]:[-1.839419 -0.921560 -1.193198 -1.195971 -0.861243 0.113634 -0.461388]
kernel exec min/avg/max: 28.58 / 29.32 / 31.50 us, samples:464841
pressure status:1, copy rounds total/window:3357/15, 7.03 rounds/s
pressure logical copy:33570.00 MiB total, approx 70.31 MiB/s, checksum:4470488432640
pressure report window:2.133508 s
t0_region>
[0]:288354
[1]:171495
[2]:4995
[3]:20

t1_region>
[1]:216529
[2]:228837
[3]:16890
[4]:2583
[5]:30

t2_region>
[30]:87038
[31]:326188
[32]:44524
[33]:6759
[34]:350
[35]:16

t0_min: 0.54 us, round:324031
t0_max: 3.71 us, round:3825
t0_jitter: 3.17 us

t1_min: 1.38 us, round:2054
t1_max: 5.96 us, round:420798
t1_jitter: 4.58 us

t2_min: 30.25 us, round:33981
t2_max: 35.63 us, round:169096
t2_jitter: 5.38 us

PMU diff samples: 464902
AVG DIFF LL_CACHE_RD: 5.15
AVG DIFF LL_CACHE_MISS_RD: 6.54
AVG DIFF L2D_CACHE_REFILL: 2.49
AVG DIFF L2D_CACHE_INVAL: 242.91
[cur diff] DIFF LL_CACHE_RD: 0, DIFF LL_CACHE_MISS_RD: 0, MISS_RATE: 0.00%
[cur diff] DIFF L2D_CACHE_REFILL: 0
[cur diff] DIFF L2D_CACHE_INVAL: 0
[max diff] DIFF LL_CACHE_RD: 39, DIFF LL_CACHE_MISS_RD: 46, MISS_RATE: 117.95%
[max diff] DIFF L2D_CACHE_REFILL: 22
[max diff] DIFF L2D_CACHE_INVAL: 2295

===========================================================
taskpendcnt:466943
t0:1250 ns
t1:1666 ns
t2:31250 ns
benchmark: Franka-derived Cartesian-impedance kernel, input trace:8, timer period:1.000 ms
controller source: franka_ros2 jazzy@73a1501d, updates:466965, SVD sweeps:5
pose error:[0.010000 0.015000 0.010000 -0.000000 0.049979 -0.000000]
tau[0:6]:[-2.781770 -1.613002 -1.930139 -1.581803 -1.382951 -0.390599 -0.663394]
kernel exec min/avg/max: 28.58 / 29.32 / 31.50 us, samples:466975
pressure status:1, copy rounds total/window:3373/16, 7.50 rounds/s
pressure logical copy:33730.00 MiB total, approx 74.97 MiB/s, checksum:4491795496960
pressure report window:2.134114 s
t0_region>
[0]:289868
[1]:172102
[2]:5008
[3]:20

t1_region>
[1]:217849
[2]:229587
[3]:16945
[4]:2593
[5]:30

t2_region>
[30]:87501
[31]:327688
[32]:44673
[33]:6778
[34]:354
[35]:16

t0_min: 0.54 us, round:324031
t0_max: 3.71 us, round:3825
t0_jitter: 3.17 us

t1_min: 1.38 us, round:2054
t1_max: 5.96 us, round:420798
t1_jitter: 4.58 us

t2_min: 30.25 us, round:33981
t2_max: 35.63 us, round:169096
t2_jitter: 5.38 us

PMU diff samples: 467036
AVG DIFF LL_CACHE_RD: 5.15
AVG DIFF LL_CACHE_MISS_RD: 6.54
AVG DIFF L2D_CACHE_REFILL: 2.49
AVG DIFF L2D_CACHE_INVAL: 242.64
[cur diff] DIFF LL_CACHE_RD: 0, DIFF LL_CACHE_MISS_RD: 0, MISS_RATE: 0.00%
[cur diff] DIFF L2D_CACHE_REFILL: 0
[cur diff] DIFF L2D_CACHE_INVAL: 0
[max diff] DIFF LL_CACHE_RD: 39, DIFF LL_CACHE_MISS_RD: 46, MISS_RATE: 117.95%
[max diff] DIFF L2D_CACHE_REFILL: 22
[max diff] DIFF L2D_CACHE_INVAL: 2295

===========================================================
taskpendcnt:469077
t0:1416 ns
t1:1833 ns
t2:31125 ns
benchmark: Franka-derived Cartesian-impedance kernel, input trace:8, timer period:1.000 ms
controller source: franka_ros2 jazzy@73a1501d, updates:469099, SVD sweeps:5
pose error:[0.010000 0.015000 0.010000 -0.000000 0.049979 -0.000000]
tau[0:6]:[1.376914 -0.104433 0.790225 0.843903 0.642107 -0.956178 0.423547]
kernel exec min/avg/max: 28.58 / 29.32 / 31.50 us, samples:469109
pressure status:1, copy rounds total/window:3388/15, 7.03 rounds/s
pressure logical copy:33880.00 MiB total, approx 70.31 MiB/s, checksum:4511770869760
pressure report window:2.133554 s
t0_region>
[0]:291498
[1]:172598
[2]:5017
[3]:20

t1_region>
[1]:219287
[2]:230227
[3]:17000
[4]:2593
[5]:30

t2_region>
[30]:88000
[31]:329199
[32]:44785
[33]:6789
[34]:354
[35]:16

t0_min: 0.54 us, round:324031
t0_max: 3.71 us, round:3825
t0_jitter: 3.17 us

t1_min: 1.38 us, round:2054
t1_max: 5.96 us, round:420798
t1_jitter: 4.58 us

t2_min: 30.25 us, round:33981
t2_max: 35.63 us, round:169096
t2_jitter: 5.38 us

PMU diff samples: 469170
AVG DIFF LL_CACHE_RD: 5.14
AVG DIFF LL_CACHE_MISS_RD: 6.53
AVG DIFF L2D_CACHE_REFILL: 2.48
AVG DIFF L2D_CACHE_INVAL: 242.33
[cur diff] DIFF LL_CACHE_RD: 0, DIFF LL_CACHE_MISS_RD: 0, MISS_RATE: 0.00%
[cur diff] DIFF L2D_CACHE_REFILL: 0
[cur diff] DIFF L2D_CACHE_INVAL: 1
[max diff] DIFF LL_CACHE_RD: 39, DIFF LL_CACHE_MISS_RD: 46, MISS_RATE: 117.95%
[max diff] DIFF L2D_CACHE_REFILL: 22
[max diff] DIFF L2D_CACHE_INVAL: 2295

===========================================================
taskpendcnt:471211
t0:1583 ns
t1:2000 ns
t2:31000 ns
benchmark: Franka-derived Cartesian-impedance kernel, input trace:8, timer period:1.000 ms
controller source: franka_ros2 jazzy@73a1501d, updates:471233, SVD sweeps:5
pose error:[0.010000 0.015000 0.010000 -0.000000 0.049979 -0.000000]
tau[0:6]:[0.839771 0.130674 0.617691 0.624912 0.653099 -0.592692 0.265887]
kernel exec min/avg/max: 28.58 / 29.32 / 31.50 us, samples:471243
pressure status:1, copy rounds total/window:3404/16, 7.50 rounds/s
pressure logical copy:34040.00 MiB total, approx 74.98 MiB/s, checksum:4533077934080
pressure report window:2.133866 s
t0_region>
[0]:293179
[1]:173044
[2]:5023
[3]:20

t1_region>
[1]:220870
[2]:230740
[3]:17037
[4]:2594
[5]:30

t2_region>
[30]:88654
[31]:330583
[32]:44874
[33]:6797
[34]:354
[35]:16

t0_min: 0.54 us, round:324031
t0_max: 3.71 us, round:3825
t0_jitter: 3.17 us

t1_min: 1.38 us, round:2054
t1_max: 5.96 us, round:420798
t1_jitter: 4.58 us

t2_min: 30.25 us, round:33981
t2_max: 35.63 us, round:169096
t2_jitter: 5.38 us

PMU diff samples: 471304
AVG DIFF LL_CACHE_RD: 5.14
AVG DIFF LL_CACHE_MISS_RD: 6.52
AVG DIFF L2D_CACHE_REFILL: 2.48
AVG DIFF L2D_CACHE_INVAL: 241.81
[cur diff] DIFF LL_CACHE_RD: 0, DIFF LL_CACHE_MISS_RD: 0, MISS_RATE: 0.00%
[cur diff] DIFF L2D_CACHE_REFILL: 0
[cur diff] DIFF L2D_CACHE_INVAL: 5
[max diff] DIFF LL_CACHE_RD: 39, DIFF LL_CACHE_MISS_RD: 46, MISS_RATE: 117.95%
[max diff] DIFF L2D_CACHE_REFILL: 22
[max diff] DIFF L2D_CACHE_INVAL: 2295

===========================================================
taskpendcnt:473344
t0:1041 ns
t1:1458 ns
t2:31041 ns
benchmark: Franka-derived Cartesian-impedance kernel, input trace:8, timer period:1.000 ms
controller source: franka_ros2 jazzy@73a1501d, updates:473366, SVD sweeps:5
pose error:[0.010000 0.015000 0.010000 -0.000000 0.049979 -0.000000]
tau[0:6]:[-2.379368 -1.292411 -1.655224 -1.570015 -1.185234 -0.066588 -0.610247]
kernel exec min/avg/max: 28.58 / 29.32 / 31.50 us, samples:473376
pressure status:1, copy rounds total/window:3419/15, 7.03 rounds/s
pressure logical copy:34190.00 MiB total, approx 70.30 MiB/s, checksum:4553053306880
pressure report window:2.133586 s
t0_region>
[0]:294412
[1]:173920
[2]:5047
[3]:20

t1_region>
[1]:221755
[2]:231888
[3]:17127
[4]:2604
[5]:30

t2_region>
[30]:88955
[31]:332152
[32]:45105
[33]:6828
[34]:354
[35]:16

t0_min: 0.54 us, round:324031
t0_max: 3.71 us, round:3825
t0_jitter: 3.17 us

t1_min: 1.38 us, round:2054
t1_max: 5.96 us, round:420798
t1_jitter: 4.58 us

t2_min: 30.25 us, round:33981
t2_max: 35.63 us, round:169096
t2_jitter: 5.38 us

PMU diff samples: 473437
AVG DIFF LL_CACHE_RD: 5.14
AVG DIFF LL_CACHE_MISS_RD: 6.53
AVG DIFF L2D_CACHE_REFILL: 2.48
AVG DIFF L2D_CACHE_INVAL: 241.91
[cur diff] DIFF LL_CACHE_RD: 0, DIFF LL_CACHE_MISS_RD: 0, MISS_RATE: 0.00%
[cur diff] DIFF L2D_CACHE_REFILL: 0
[cur diff] DIFF L2D_CACHE_INVAL: 2
[max diff] DIFF LL_CACHE_RD: 39, DIFF LL_CACHE_MISS_RD: 46, MISS_RATE: 117.95%
[max diff] DIFF L2D_CACHE_REFILL: 22
[max diff] DIFF L2D_CACHE_INVAL: 2295

===========================================================
taskpendcnt:475478
t0:1208 ns
t1:1625 ns
t2:30916 ns
benchmark: Franka-derived Cartesian-impedance kernel, input trace:8, timer period:1.000 ms
controller source: franka_ros2 jazzy@73a1501d, updates:475500, SVD sweeps:5
pose error:[0.010000 0.015000 0.010000 -0.000000 0.049979 -0.000000]
tau[0:6]:[-0.567483 -0.552304 -0.482512 -0.231067 -0.297494 -0.656094 -0.085004]
kernel exec min/avg/max: 28.58 / 29.32 / 31.50 us, samples:475510
pressure status:1, copy rounds total/window:3434/15, 7.03 rounds/s
pressure logical copy:34340.00 MiB total, approx 70.29 MiB/s, checksum:4573028679680
pressure report window:2.134104 s
t0_region>
[0]:295740
[1]:174704
[2]:5070
[3]:20

t1_region>
[1]:222757
[2]:232925
[3]:17212
[4]:2614
[5]:30

t2_region>
[30]:89295
[31]:333694
[32]:45325
[33]:6861
[34]:354
[35]:16

t0_min: 0.54 us, round:324031
t0_max: 3.71 us, round:3825
t0_jitter: 3.17 us

t1_min: 1.38 us, round:2054
t1_max: 5.96 us, round:420798
t1_jitter: 4.58 us

t2_min: 30.25 us, round:33981
t2_max: 35.63 us, round:169096
t2_jitter: 5.38 us

PMU diff samples: 475571
AVG DIFF LL_CACHE_RD: 5.14
AVG DIFF LL_CACHE_MISS_RD: 6.53
AVG DIFF L2D_CACHE_REFILL: 2.48
AVG DIFF L2D_CACHE_INVAL: 241.91
[cur diff] DIFF LL_CACHE_RD: 0, DIFF LL_CACHE_MISS_RD: 0, MISS_RATE: 0.00%
[cur diff] DIFF L2D_CACHE_REFILL: 0
[cur diff] DIFF L2D_CACHE_INVAL: 2
[max diff] DIFF LL_CACHE_RD: 39, DIFF LL_CACHE_MISS_RD: 46, MISS_RATE: 117.95%
[max diff] DIFF L2D_CACHE_REFILL: 22
[max diff] DIFF L2D_CACHE_INVAL: 2295

===========================================================
taskpendcnt:477612
t0:1083 ns
t1:1500 ns
t2:30791 ns
benchmark: Franka-derived Cartesian-impedance kernel, input trace:8, timer period:1.000 ms
controller source: franka_ros2 jazzy@73a1501d, updates:477634, SVD sweeps:5
pose error:[0.010000 0.015000 0.010000 -0.000000 0.049979 -0.000000]
tau[0:6]:[1.228026 0.081850 0.819520 0.875435 0.745706 -0.833381 0.398995]
kernel exec min/avg/max: 28.58 / 29.32 / 31.50 us, samples:477644
pressure status:1, copy rounds total/window:3450/16, 7.50 rounds/s
pressure logical copy:34500.00 MiB total, approx 75.00 MiB/s, checksum:4594335744000
pressure report window:2.133376 s
t0_region>
[0]:297692
[1]:174881
[2]:5074
[3]:20

t1_region>
[1]:224685
[2]:233116
[3]:17227
[4]:2614
[5]:30

t2_region>
[30]:90374
[31]:334703
[32]:45369
[33]:6862
[34]:354
[35]:16

t0_min: 0.54 us, round:324031
t0_max: 3.71 us, round:3825
t0_jitter: 3.17 us

t1_min: 1.38 us, round:2054
t1_max: 5.96 us, round:420798
t1_jitter: 4.58 us

t2_min: 30.25 us, round:33981
t2_max: 35.63 us, round:169096
t2_jitter: 5.38 us

PMU diff samples: 477705
AVG DIFF LL_CACHE_RD: 5.14
AVG DIFF LL_CACHE_MISS_RD: 6.51
AVG DIFF L2D_CACHE_REFILL: 2.48
AVG DIFF L2D_CACHE_INVAL: 241.15
[cur diff] DIFF LL_CACHE_RD: 0, DIFF LL_CACHE_MISS_RD: 0, MISS_RATE: 0.00%
[cur diff] DIFF L2D_CACHE_REFILL: 0
[cur diff] DIFF L2D_CACHE_INVAL: 0
[max diff] DIFF LL_CACHE_RD: 39, DIFF LL_CACHE_MISS_RD: 46, MISS_RATE: 117.95%
[max diff] DIFF L2D_CACHE_REFILL: 22
[max diff] DIFF L2D_CACHE_INVAL: 2295

===========================================================
taskpendcnt:479745
t0:1125 ns
t1:1833 ns
t2:30833 ns
benchmark: Franka-derived Cartesian-impedance kernel, input trace:8, timer period:1.000 ms
controller source: franka_ros2 jazzy@73a1501d, updates:479767, SVD sweeps:5
pose error:[0.010000 0.015000 0.010000 -0.000000 0.049979 -0.000000]
tau[0:6]:[-1.839419 -0.921560 -1.193198 -1.195971 -0.861243 0.113634 -0.461388]
kernel exec min/avg/max: 28.58 / 29.32 / 31.50 us, samples:479777
pressure status:1, copy rounds total/window:3465/15, 7.03 rounds/s
pressure logical copy:34650.00 MiB total, approx 70.31 MiB/s, checksum:4614311116800
pressure report window:2.133390 s
t0_region>
[0]:299527
[1]:175174
[2]:5079
[3]:20

t1_region>
[1]:226434
[2]:233471
[3]:17254
[4]:2616
[5]:30

t2_region>
[30]:91265
[31]:335876
[32]:45431
[33]:6868
[34]:355
[35]:16

t0_min: 0.54 us, round:324031
t0_max: 3.71 us, round:3825
t0_jitter: 3.17 us

t1_min: 1.38 us, round:2054
t1_max: 5.96 us, round:420798
t1_jitter: 4.58 us

t2_min: 30.25 us, round:33981
t2_max: 35.63 us, round:169096
t2_jitter: 5.38 us

PMU diff samples: 479838
AVG DIFF LL_CACHE_RD: 5.13
AVG DIFF LL_CACHE_MISS_RD: 6.50
AVG DIFF L2D_CACHE_REFILL: 2.47
AVG DIFF L2D_CACHE_INVAL: 240.53
[cur diff] DIFF LL_CACHE_RD: 0, DIFF LL_CACHE_MISS_RD: 0, MISS_RATE: 0.00%
[cur diff] DIFF L2D_CACHE_REFILL: 0
[cur diff] DIFF L2D_CACHE_INVAL: 2
[max diff] DIFF LL_CACHE_RD: 39, DIFF LL_CACHE_MISS_RD: 46, MISS_RATE: 117.95%
[max diff] DIFF L2D_CACHE_REFILL: 22
[max diff] DIFF L2D_CACHE_INVAL: 2295

===========================================================
taskpendcnt:481879
t0:1000 ns
t1:1708 ns
t2:31000 ns
benchmark: Franka-derived Cartesian-impedance kernel, input trace:8, timer period:1.000 ms
controller source: franka_ros2 jazzy@73a1501d, updates:481901, SVD sweeps:5
pose error:[0.010000 0.015000 0.010000 -0.000000 0.049979 -0.000000]
tau[0:6]:[-2.781770 -1.613002 -1.930139 -1.581803 -1.382951 -0.390599 -0.663394]
kernel exec min/avg/max: 28.58 / 29.32 / 31.50 us, samples:481911
pressure status:1, copy rounds total/window:3481/16, 7.50 rounds/s
pressure logical copy:34810.00 MiB total, approx 74.97 MiB/s, checksum:4635618181120
pressure report window:2.134094 s
t0_region>
[0]:301166
[1]:175655
[2]:5093
[3]:20

t1_region>
[1]:227833
[2]:234139
[3]:17315
[4]:2622
[5]:30

t2_region>
[30]:91889
[31]:337226
[32]:45568
[33]:6889
[34]:358
[35]:16

t0_min: 0.54 us, round:324031
t0_max: 3.71 us, round:3825
t0_jitter: 3.17 us

t1_min: 1.38 us, round:2054
t1_max: 5.96 us, round:420798
t1_jitter: 4.58 us

t2_min: 30.25 us, round:33981
t2_max: 35.63 us, round:169096
t2_jitter: 5.38 us

PMU diff samples: 481972
AVG DIFF LL_CACHE_RD: 5.13
AVG DIFF LL_CACHE_MISS_RD: 6.49
AVG DIFF L2D_CACHE_REFILL: 2.47
AVG DIFF L2D_CACHE_INVAL: 240.21
[cur diff] DIFF LL_CACHE_RD: 0, DIFF LL_CACHE_MISS_RD: 0, MISS_RATE: 0.00%
[cur diff] DIFF L2D_CACHE_REFILL: 0
[cur diff] DIFF L2D_CACHE_INVAL: 0
[max diff] DIFF LL_CACHE_RD: 39, DIFF LL_CACHE_MISS_RD: 46, MISS_RATE: 117.95%
[max diff] DIFF L2D_CACHE_REFILL: 22
[max diff] DIFF L2D_CACHE_INVAL: 2295

===========================================================
taskpendcnt:484013
t0:1166 ns
t1:1583 ns
t2:31166 ns
benchmark: Franka-derived Cartesian-impedance kernel, input trace:8, timer period:1.000 ms
controller source: franka_ros2 jazzy@73a1501d, updates:484035, SVD sweeps:5
pose error:[0.010000 0.015000 0.010000 -0.000000 0.049979 -0.000000]
tau[0:6]:[1.376914 -0.104433 0.790225 0.843903 0.642107 -0.956178 0.423547]
kernel exec min/avg/max: 28.58 / 29.32 / 31.50 us, samples:484045
pressure status:1, copy rounds total/window:3496/15, 7.03 rounds/s
pressure logical copy:34960.00 MiB total, approx 70.30 MiB/s, checksum:4655593553920
pressure report window:2.133681 s
t0_region>
[0]:302322
[1]:176606
[2]:5120
[3]:20

t1_region>
[1]:228621
[2]:235365
[3]:17422
[4]:2635
[5]:30

t2_region>
[30]:92099
[31]:338846
[32]:45834
[33]:6924
[34]:360
[35]:17

t0_min: 0.54 us, round:324031
t0_max: 3.71 us, round:3825
t0_jitter: 3.17 us

t1_min: 1.38 us, round:2054
t1_max: 5.96 us, round:420798
t1_jitter: 4.58 us

t2_min: 30.25 us, round:33981
t2_max: 35.63 us, round:169096
t2_jitter: 5.38 us

PMU diff samples: 484106
AVG DIFF LL_CACHE_RD: 5.13
AVG DIFF LL_CACHE_MISS_RD: 6.49
AVG DIFF L2D_CACHE_REFILL: 2.47
AVG DIFF L2D_CACHE_INVAL: 240.40
[cur diff] DIFF LL_CACHE_RD: 0, DIFF LL_CACHE_MISS_RD: 0, MISS_RATE: 0.00%
[cur diff] DIFF L2D_CACHE_REFILL: 0
[cur diff] DIFF L2D_CACHE_INVAL: 0
[max diff] DIFF LL_CACHE_RD: 39, DIFF LL_CACHE_MISS_RD: 46, MISS_RATE: 117.95%
[max diff] DIFF L2D_CACHE_REFILL: 22
[max diff] DIFF L2D_CACHE_INVAL: 2295

===========================================================
taskpendcnt:486147
t0:1333 ns
t1:1750 ns
t2:31041 ns
benchmark: Franka-derived Cartesian-impedance kernel, input trace:8, timer period:1.000 ms
controller source: franka_ros2 jazzy@73a1501d, updates:486170, SVD sweeps:5
pose error:[0.010000 0.015000 0.010000 -0.000000 0.049979 -0.000000]
tau[0:6]:[0.839771 0.130674 0.617691 0.624912 0.653099 -0.592692 0.265887]
kernel exec min/avg/max: 28.58 / 29.32 / 31.50 us, samples:486179
pressure status:1, copy rounds total/window:3512/16, 7.50 rounds/s
pressure logical copy:35120.00 MiB total, approx 74.98 MiB/s, checksum:4676900618240
pressure report window:2.134005 s
t0_region>
[0]:303492
[1]:177536
[2]:5154
[3]:20

t1_region>
[1]:229445
[2]:236567
[3]:17504
[4]:2661
[5]:30

t2_region>
[30]:92387
[31]:340410
[32]:46071
[33]:6965
[34]:364
[35]:17

t0_min: 0.54 us, round:324031
t0_max: 3.71 us, round:3825
t0_jitter: 3.17 us

t1_min: 1.38 us, round:2054
t1_max: 5.96 us, round:420798
t1_jitter: 4.58 us

t2_min: 30.25 us, round:33981
t2_max: 35.63 us, round:169096
t2_jitter: 5.38 us

PMU diff samples: 486240
AVG DIFF LL_CACHE_RD: 5.13
AVG DIFF LL_CACHE_MISS_RD: 6.49
AVG DIFF L2D_CACHE_REFILL: 2.47
AVG DIFF L2D_CACHE_INVAL: 240.55
[cur diff] DIFF LL_CACHE_RD: 0, DIFF LL_CACHE_MISS_RD: 0, MISS_RATE: 0.00%
[cur diff] DIFF L2D_CACHE_REFILL: 0
[cur diff] DIFF L2D_CACHE_INVAL: 0
[max diff] DIFF LL_CACHE_RD: 39, DIFF LL_CACHE_MISS_RD: 46, MISS_RATE: 117.95%
[max diff] DIFF L2D_CACHE_REFILL: 22
[max diff] DIFF L2D_CACHE_INVAL: 2295

===========================================================
taskpendcnt:488280
t0:1083 ns
t1:1791 ns
t2:30916 ns
benchmark: Franka-derived Cartesian-impedance kernel, input trace:8, timer period:1.000 ms
controller source: franka_ros2 jazzy@73a1501d, updates:488303, SVD sweeps:5
pose error:[0.010000 0.015000 0.010000 -0.000000 0.049979 -0.000000]
tau[0:6]:[-2.379368 -1.292411 -1.655224 -1.570015 -1.185234 -0.066588 -0.610247]
kernel exec min/avg/max: 28.58 / 29.32 / 31.50 us, samples:488312
pressure status:1, copy rounds total/window:3527/15, 7.03 rounds/s
pressure logical copy:35270.00 MiB total, approx 70.30 MiB/s, checksum:4696875991040
pressure report window:2.133644 s
t0_region>
[0]:304738
[1]:178396
[2]:5182
[3]:20

t1_region>
[1]:230300
[2]:237744
[3]:17592
[4]:2675
[5]:30

t2_region>
[30]:92631
[31]:342010
[32]:46320
[33]:7004
[34]:365
[35]:17

t0_min: 0.54 us, round:324031
t0_max: 3.71 us, round:3825
t0_jitter: 3.17 us

t1_min: 1.38 us, round:2054
t1_max: 5.96 us, round:420798
t1_jitter: 4.58 us

t2_min: 30.25 us, round:33981
t2_max: 35.63 us, round:169096
t2_jitter: 5.38 us

PMU diff samples: 488374
AVG DIFF LL_CACHE_RD: 5.13
AVG DIFF LL_CACHE_MISS_RD: 6.50
AVG DIFF L2D_CACHE_REFILL: 2.47
AVG DIFF L2D_CACHE_INVAL: 240.70
[cur diff] DIFF LL_CACHE_RD: 0, DIFF LL_CACHE_MISS_RD: 0, MISS_RATE: 0.00%
[cur diff] DIFF L2D_CACHE_REFILL: 0
[cur diff] DIFF L2D_CACHE_INVAL: 0
[max diff] DIFF LL_CACHE_RD: 39, DIFF LL_CACHE_MISS_RD: 46, MISS_RATE: 117.95%
[max diff] DIFF L2D_CACHE_REFILL: 22
[max diff] DIFF L2D_CACHE_INVAL: 2295

===========================================================
taskpendcnt:490414
t0:1083 ns
t1:1791 ns
t2:30791 ns
benchmark: Franka-derived Cartesian-impedance kernel, input trace:8, timer period:1.000 ms
controller source: franka_ros2 jazzy@73a1501d, updates:490437, SVD sweeps:5
pose error:[0.010000 0.015000 0.010000 -0.000000 0.049979 -0.000000]
tau[0:6]:[-0.567483 -0.552304 -0.482512 -0.231067 -0.297494 -0.656094 -0.085004]
kernel exec min/avg/max: 28.58 / 29.32 / 31.50 us, samples:490447
pressure status:1, copy rounds total/window:3542/15, 7.03 rounds/s
pressure logical copy:35420.00 MiB total, approx 70.29 MiB/s, checksum:4716851363840
pressure report window:2.134132 s
t0_region>
[0]:305983
[1]:179254
[2]:5213
[3]:20

t1_region>
[1]:231114
[2]:238955
[3]:17685
[4]:2691
[5]:30

t2_region>
[30]:92880
[31]:343615
[32]:46555
[33]:7046
[34]:368
[35]:17

t0_min: 0.54 us, round:324031
t0_max: 3.71 us, round:3825
t0_jitter: 3.17 us

t1_min: 1.38 us, round:2054
t1_max: 5.96 us, round:420798
t1_jitter: 4.58 us

t2_min: 30.25 us, round:33981
t2_max: 35.63 us, round:169096
t2_jitter: 5.38 us

PMU diff samples: 490508
AVG DIFF LL_CACHE_RD: 5.13
AVG DIFF LL_CACHE_MISS_RD: 6.50
AVG DIFF L2D_CACHE_REFILL: 2.47
AVG DIFF L2D_CACHE_INVAL: 240.86
[cur diff] DIFF LL_CACHE_RD: 0, DIFF LL_CACHE_MISS_RD: 0, MISS_RATE: 0.00%
[cur diff] DIFF L2D_CACHE_REFILL: 0
[cur diff] DIFF L2D_CACHE_INVAL: 0
[max diff] DIFF LL_CACHE_RD: 39, DIFF LL_CACHE_MISS_RD: 46, MISS_RATE: 117.95%
[max diff] DIFF L2D_CACHE_REFILL: 22
[max diff] DIFF L2D_CACHE_INVAL: 2295

===========================================================
taskpendcnt:492548
t0:666 ns
t1:1666 ns
t2:31250 ns
benchmark: Franka-derived Cartesian-impedance kernel, input trace:8, timer period:1.000 ms
controller source: franka_ros2 jazzy@73a1501d, updates:492571, SVD sweeps:5
pose error:[0.010000 0.015000 0.010000 -0.000000 0.049979 -0.000000]
tau[0:6]:[1.376914 -0.104433 0.790225 0.843903 0.642107 -0.956178 0.423547]
kernel exec min/avg/max: 28.58 / 29.32 / 31.50 us, samples:492580
pressure status:1, copy rounds total/window:3558/16, 7.50 rounds/s
pressure logical copy:35580.00 MiB total, approx 74.99 MiB/s, checksum:4738158428160
pressure report window:2.133613 s
t0_region>
[0]:307233
[1]:180112
[2]:5238
[3]:20

t1_region>
[1]:231948
[2]:240139
[3]:17786
[4]:2705
[5]:30

t2_region>
[30]:93123
[31]:345228
[32]:46785
[33]:7092
[34]:370
[35]:17

t0_min: 0.54 us, round:324031
t0_max: 3.71 us, round:3825
t0_jitter: 3.17 us

t1_min: 1.38 us, round:2054
t1_max: 5.96 us, round:420798
t1_jitter: 4.58 us

t2_min: 30.25 us, round:33981
t2_max: 35.63 us, round:169096
t2_jitter: 5.38 us

PMU diff samples: 492641
AVG DIFF LL_CACHE_RD: 5.13
AVG DIFF LL_CACHE_MISS_RD: 6.50
AVG DIFF L2D_CACHE_REFILL: 2.47
AVG DIFF L2D_CACHE_INVAL: 241.01
[cur diff] DIFF LL_CACHE_RD: 0, DIFF LL_CACHE_MISS_RD: 0, MISS_RATE: 0.00%
[cur diff] DIFF L2D_CACHE_REFILL: 0
[cur diff] DIFF L2D_CACHE_INVAL: 0
[max diff] DIFF LL_CACHE_RD: 39, DIFF LL_CACHE_MISS_RD: 46, MISS_RATE: 117.95%
[max diff] DIFF L2D_CACHE_REFILL: 22
[max diff] DIFF L2D_CACHE_INVAL: 2295

===========================================================
taskpendcnt:494681
t0:708 ns
t1:1708 ns
t2:31000 ns
benchmark: Franka-derived Cartesian-impedance kernel, input trace:8, timer period:1.000 ms
controller source: franka_ros2 jazzy@73a1501d, updates:494704, SVD sweeps:5
pose error:[0.010000 0.015000 0.010000 -0.000000 0.049979 -0.000000]
tau[0:6]:[-0.274004 -0.324180 0.001577 -0.231466 0.050986 -0.328952 0.010844]
kernel exec min/avg/max: 28.58 / 29.32 / 31.50 us, samples:494714
pressure status:1, copy rounds total/window:3573/15, 7.03 rounds/s
pressure logical copy:35730.00 MiB total, approx 70.31 MiB/s, checksum:4758133800960
pressure report window:2.133308 s
t0_region>
[0]:308443
[1]:181005
[2]:5269
[3]:20

t1_region>
[1]:232777
[2]:241338
[3]:17876
[4]:2721
[5]:30

t2_region>
[30]:93385
[31]:346828
[32]:47016
[33]:7132
[34]:370
[35]:17

t0_min: 0.54 us, round:324031
t0_max: 3.71 us, round:3825
t0_jitter: 3.17 us

t1_min: 1.38 us, round:2054
t1_max: 5.96 us, round:420798
t1_jitter: 4.58 us

t2_min: 30.25 us, round:33981
t2_max: 35.63 us, round:169096
t2_jitter: 5.38 us

PMU diff samples: 494775
AVG DIFF LL_CACHE_RD: 5.14
AVG DIFF LL_CACHE_MISS_RD: 6.51
AVG DIFF L2D_CACHE_REFILL: 2.47
AVG DIFF L2D_CACHE_INVAL: 241.16
[cur diff] DIFF LL_CACHE_RD: 0, DIFF LL_CACHE_MISS_RD: 0, MISS_RATE: 0.00%
[cur diff] DIFF L2D_CACHE_REFILL: 0
[cur diff] DIFF L2D_CACHE_INVAL: 0
[max diff] DIFF LL_CACHE_RD: 39, DIFF LL_CACHE_MISS_RD: 46, MISS_RATE: 117.95%
[max diff] DIFF L2D_CACHE_REFILL: 22
[max diff] DIFF L2D_CACHE_INVAL: 2295

===========================================================
taskpendcnt:496816
t0:875 ns
t1:1583 ns
t2:31166 ns
benchmark: Franka-derived Cartesian-impedance kernel, input trace:8, timer period:1.000 ms
controller source: franka_ros2 jazzy@73a1501d, updates:496838, SVD sweeps:5
pose error:[0.010000 0.015000 0.010000 -0.000000 0.049979 -0.000000]
tau[0:6]:[-2.379368 -1.292411 -1.655224 -1.570015 -1.185234 -0.066588 -0.610247]
kernel exec min/avg/max: 28.58 / 29.32 / 31.50 us, samples:496848
pressure status:1, copy rounds total/window:3588/15, 7.03 rounds/s
pressure logical copy:35880.00 MiB total, approx 70.28 MiB/s, checksum:4778109173760
pressure report window:2.134390 s
t0_region>
[0]:309709
[1]:181838
[2]:5304
[3]:20

t1_region>
[1]:233644
[2]:242495
[3]:17967
[4]:2740
[5]:30

t2_region>
[30]:93682
[31]:348383
[32]:47257
[33]:7169
[34]:375
[35]:17

t0_min: 0.54 us, round:324031
t0_max: 3.71 us, round:3825
t0_jitter: 3.17 us

t1_min: 1.38 us, round:2054
t1_max: 5.96 us, round:420798
t1_jitter: 4.58 us

t2_min: 30.25 us, round:33981
t2_max: 35.63 us, round:169096
t2_jitter: 5.38 us

PMU diff samples: 496909
AVG DIFF LL_CACHE_RD: 5.14
AVG DIFF LL_CACHE_MISS_RD: 6.51
AVG DIFF L2D_CACHE_REFILL: 2.48
AVG DIFF L2D_CACHE_INVAL: 241.31
[cur diff] DIFF LL_CACHE_RD: 0, DIFF LL_CACHE_MISS_RD: 0, MISS_RATE: 0.00%
[cur diff] DIFF L2D_CACHE_REFILL: 0
[cur diff] DIFF L2D_CACHE_INVAL: 0
[max diff] DIFF LL_CACHE_RD: 39, DIFF LL_CACHE_MISS_RD: 46, MISS_RATE: 117.95%
[max diff] DIFF L2D_CACHE_REFILL: 22
[max diff] DIFF L2D_CACHE_INVAL: 2295

===========================================================
taskpendcnt:498950
t0:1041 ns
t1:1750 ns
t2:31041 ns
benchmark: Franka-derived Cartesian-impedance kernel, input trace:8, timer period:1.000 ms
controller source: franka_ros2 jazzy@73a1501d, updates:498972, SVD sweeps:5
pose error:[0.010000 0.015000 0.010000 -0.000000 0.049979 -0.000000]
tau[0:6]:[-0.567483 -0.552304 -0.482512 -0.231067 -0.297494 -0.656094 -0.085004]
kernel exec min/avg/max: 28.58 / 29.32 / 31.50 us, samples:498982
pressure status:1, copy rounds total/window:3604/16, 7.50 rounds/s
pressure logical copy:36040.00 MiB total, approx 74.97 MiB/s, checksum:4799416238080
pressure report window:2.134158 s
t0_region>
[0]:310932
[1]:182728
[2]:5325
[3]:20

t1_region>
[1]:234489
[2]:243679
[3]:18062
[4]:2750
[5]:30

t2_region>
[30]:93941
[31]:349951
[32]:47530
[33]:7200
[34]:377
[35]:17

t0_min: 0.54 us, round:324031
t0_max: 3.71 us, round:3825
t0_jitter: 3.17 us

t1_min: 1.38 us, round:2054
t1_max: 5.96 us, round:420798
t1_jitter: 4.58 us

t2_min: 30.25 us, round:33981
t2_max: 35.63 us, round:169096
t2_jitter: 5.38 us

PMU diff samples: 499043
AVG DIFF LL_CACHE_RD: 5.14
AVG DIFF LL_CACHE_MISS_RD: 6.51
AVG DIFF L2D_CACHE_REFILL: 2.48
AVG DIFF L2D_CACHE_INVAL: 241.43
[cur diff] DIFF LL_CACHE_RD: 0, DIFF LL_CACHE_MISS_RD: 0, MISS_RATE: 0.00%
[cur diff] DIFF L2D_CACHE_REFILL: 0
[cur diff] DIFF L2D_CACHE_INVAL: 0
[max diff] DIFF LL_CACHE_RD: 39, DIFF LL_CACHE_MISS_RD: 46, MISS_RATE: 117.95%
[max diff] DIFF L2D_CACHE_REFILL: 22
[max diff] DIFF L2D_CACHE_INVAL: 2295

===========================================================
taskpendcnt:501084
t0:1208 ns
t1:1916 ns
t2:31208 ns
benchmark: Franka-derived Cartesian-impedance kernel, input trace:8, timer period:1.000 ms
controller source: franka_ros2 jazzy@73a1501d, updates:501106, SVD sweeps:5
pose error:[0.010000 0.015000 0.010000 -0.000000 0.049979 -0.000000]
tau[0:6]:[1.228026 0.081850 0.819520 0.875435 0.745706 -0.833381 0.398995]
kernel exec min/avg/max: 28.58 / 29.32 / 31.50 us, samples:501116
pressure status:1, copy rounds total/window:3619/15, 7.03 rounds/s
pressure logical copy:36190.00 MiB total, approx 70.30 MiB/s, checksum:4819391610880
pressure report window:2.133583 s
t0_region>
[0]:312156
[1]:183619
[2]:5344
[3]:20

t1_region>
[1]:235301
[2]:244910
[3]:18147
[4]:2756
[5]:30

t2_region>
[30]:94206
[31]:351553
[32]:47767
[33]:7230
[34]:378
[35]:17

t0_min: 0.54 us, round:324031
t0_max: 3.71 us, round:3825
t0_jitter: 3.17 us

t1_min: 1.38 us, round:2054
t1_max: 5.96 us, round:420798
t1_jitter: 4.58 us

t2_min: 30.25 us, round:33981
t2_max: 35.63 us, round:169096
t2_jitter: 5.38 us

PMU diff samples: 501177
AVG DIFF LL_CACHE_RD: 5.14
AVG DIFF LL_CACHE_MISS_RD: 6.51
AVG DIFF L2D_CACHE_REFILL: 2.48
AVG DIFF L2D_CACHE_INVAL: 241.55
[cur diff] DIFF LL_CACHE_RD: 0, DIFF LL_CACHE_MISS_RD: 0, MISS_RATE: 0.00%
[cur diff] DIFF L2D_CACHE_REFILL: 0
[cur diff] DIFF L2D_CACHE_INVAL: 0
[max diff] DIFF LL_CACHE_RD: 39, DIFF LL_CACHE_MISS_RD: 46, MISS_RATE: 117.95%
[max diff] DIFF L2D_CACHE_REFILL: 22
[max diff] DIFF L2D_CACHE_INVAL: 2295

===========================================================
taskpendcnt:503217
t0:958 ns
t1:1666 ns
t2:31250 ns
benchmark: Franka-derived Cartesian-impedance kernel, input trace:8, timer period:1.000 ms
controller source: franka_ros2 jazzy@73a1501d, updates:503239, SVD sweeps:5
pose error:[0.010000 0.015000 0.010000 -0.000000 0.049979 -0.000000]
tau[0:6]:[-1.839419 -0.921560 -1.193198 -1.195971 -0.861243 0.113634 -0.461388]
kernel exec min/avg/max: 28.58 / 29.32 / 31.50 us, samples:503249
pressure status:1, copy rounds total/window:3634/15, 7.03 rounds/s
pressure logical copy:36340.00 MiB total, approx 70.31 MiB/s, checksum:4839366983680
pressure report window:2.133451 s
t0_region>
[0]:313395
[1]:184487
[2]:5371
[3]:20

t1_region>
[1]:236155
[2]:246093
[3]:18234
[4]:2765
[5]:30

t2_region>
[30]:94522
[31]:353110
[32]:47992
[33]:7263
[34]:379
[35]:17

t0_min: 0.54 us, round:324031
t0_max: 3.71 us, round:3825
t0_jitter: 3.17 us

t1_min: 1.38 us, round:2054
t1_max: 5.96 us, round:420798
t1_jitter: 4.58 us

t2_min: 30.25 us, round:33981
t2_max: 35.63 us, round:169096
t2_jitter: 5.38 us

PMU diff samples: 503310
AVG DIFF LL_CACHE_RD: 5.14
AVG DIFF LL_CACHE_MISS_RD: 6.52
AVG DIFF L2D_CACHE_REFILL: 2.48
AVG DIFF L2D_CACHE_INVAL: 241.68
[cur diff] DIFF LL_CACHE_RD: 0, DIFF LL_CACHE_MISS_RD: 0, MISS_RATE: 0.00%
[cur diff] DIFF L2D_CACHE_REFILL: 0
[cur diff] DIFF L2D_CACHE_INVAL: 0
[max diff] DIFF LL_CACHE_RD: 39, DIFF LL_CACHE_MISS_RD: 46, MISS_RATE: 117.95%
[max diff] DIFF L2D_CACHE_REFILL: 22
[max diff] DIFF L2D_CACHE_INVAL: 2295

===========================================================
taskpendcnt:505351
t0:1125 ns
t1:1541 ns
t2:31125 ns
benchmark: Franka-derived Cartesian-impedance kernel, input trace:8, timer period:1.000 ms
controller source: franka_ros2 jazzy@73a1501d, updates:505374, SVD sweeps:5
pose error:[0.010000 0.015000 0.010000 -0.000000 0.049979 -0.000000]
tau[0:6]:[-2.781770 -1.613002 -1.930139 -1.581803 -1.382951 -0.390599 -0.663394]
kernel exec min/avg/max: 28.58 / 29.32 / 31.50 us, samples:505383
pressure status:1, copy rounds total/window:3650/16, 7.50 rounds/s
pressure logical copy:36500.00 MiB total, approx 74.97 MiB/s, checksum:4860674048000
pressure report window:2.134273 s
t0_region>
[0]:314656
[1]:185329
[2]:5402
[3]:20

t1_region>
[1]:237048
[2]:247241
[3]:18318
[4]:2775
[5]:30

t2_region>
[30]:94811
[31]:354708
[32]:48212
[33]:7289
[34]:380
[35]:17

t0_min: 0.54 us, round:324031
t0_max: 3.71 us, round:3825
t0_jitter: 3.17 us

t1_min: 1.38 us, round:2054
t1_max: 5.96 us, round:420798
t1_jitter: 4.58 us

t2_min: 30.25 us, round:33981
t2_max: 35.63 us, round:169096
t2_jitter: 5.38 us

PMU diff samples: 505445
AVG DIFF LL_CACHE_RD: 5.14
AVG DIFF LL_CACHE_MISS_RD: 6.52
AVG DIFF L2D_CACHE_REFILL: 2.48
AVG DIFF L2D_CACHE_INVAL: 241.77
[cur diff] DIFF LL_CACHE_RD: 0, DIFF LL_CACHE_MISS_RD: 0, MISS_RATE: 0.00%
[cur diff] DIFF L2D_CACHE_REFILL: 0
[cur diff] DIFF L2D_CACHE_INVAL: 0
[max diff] DIFF LL_CACHE_RD: 39, DIFF LL_CACHE_MISS_RD: 46, MISS_RATE: 117.95%
[max diff] DIFF L2D_CACHE_REFILL: 22
[max diff] DIFF L2D_CACHE_INVAL: 2295

===========================================================
taskpendcnt:507485
t0:1000 ns
t1:1708 ns
t2:30833 ns
benchmark: Franka-derived Cartesian-impedance kernel, input trace:8, timer period:1.000 ms
controller source: franka_ros2 jazzy@73a1501d, updates:507508, SVD sweeps:5
pose error:[0.010000 0.015000 0.010000 -0.000000 0.049979 -0.000000]
tau[0:6]:[1.376914 -0.104433 0.790225 0.843903 0.642107 -0.956178 0.423547]
kernel exec min/avg/max: 28.58 / 29.32 / 31.50 us, samples:507517
pressure status:1, copy rounds total/window:3665/15, 7.03 rounds/s
pressure logical copy:36650.00 MiB total, approx 70.30 MiB/s, checksum:4880649420800
pressure report window:2.133661 s
t0_region>
[0]:315948
[1]:186153
[2]:5419
[3]:20

t1_region>
[1]:237964
[2]:248374
[3]:18392
[4]:2785
[5]:30

t2_region>
[30]:95105
[31]:356304
[32]:48423
[33]:7322
[34]:380
[35]:17

t0_min: 0.54 us, round:324031
t0_max: 3.71 us, round:3825
t0_jitter: 3.17 us

t1_min: 1.38 us, round:2054
t1_max: 5.96 us, round:420798
t1_jitter: 4.58 us

t2_min: 30.25 us, round:33981
t2_max: 35.63 us, round:169096
t2_jitter: 5.38 us

PMU diff samples: 507578
AVG DIFF LL_CACHE_RD: 5.14
AVG DIFF LL_CACHE_MISS_RD: 6.52
AVG DIFF L2D_CACHE_REFILL: 2.48
AVG DIFF L2D_CACHE_INVAL: 241.89
[cur diff] DIFF LL_CACHE_RD: 0, DIFF LL_CACHE_MISS_RD: 0, MISS_RATE: 0.00%
[cur diff] DIFF L2D_CACHE_REFILL: 0
[cur diff] DIFF L2D_CACHE_INVAL: 1
[max diff] DIFF LL_CACHE_RD: 39, DIFF LL_CACHE_MISS_RD: 46, MISS_RATE: 117.95%
[max diff] DIFF L2D_CACHE_REFILL: 22
[max diff] DIFF L2D_CACHE_INVAL: 2295

===========================================================
taskpendcnt:509619
t0:1000 ns
t1:1708 ns
t2:31291 ns
benchmark: Franka-derived Cartesian-impedance kernel, input trace:8, timer period:1.000 ms
controller source: franka_ros2 jazzy@73a1501d, updates:509642, SVD sweeps:5
pose error:[0.010000 0.015000 0.010000 -0.000000 0.049979 -0.000000]
tau[0:6]:[0.839771 0.130674 0.617691 0.624912 0.653099 -0.592692 0.265887]
kernel exec min/avg/max: 28.58 / 29.32 / 31.50 us, samples:509651
pressure status:1, copy rounds total/window:3681/16, 7.50 rounds/s
pressure logical copy:36810.00 MiB total, approx 74.98 MiB/s, checksum:4901956485120
pressure report window:2.134014 s
t0_region>
[0]:317207
[1]:186995
[2]:5453
[3]:20

t1_region>
[1]:238816
[2]:249572
[3]:18460
[4]:2801
[5]:30

t2_region>
[30]:95425
[31]:357887
[32]:48614
[33]:7363
[34]:380
[35]:17

t0_min: 0.54 us, round:324031
t0_max: 3.71 us, round:3825
t0_jitter: 3.17 us

t1_min: 1.38 us, round:2054
t1_max: 5.96 us, round:420798
t1_jitter: 4.58 us

t2_min: 30.25 us, round:33981
t2_max: 35.63 us, round:169096
t2_jitter: 5.38 us

PMU diff samples: 509712
AVG DIFF LL_CACHE_RD: 5.14
AVG DIFF LL_CACHE_MISS_RD: 6.52
AVG DIFF L2D_CACHE_REFILL: 2.48
AVG DIFF L2D_CACHE_INVAL: 241.99
[cur diff] DIFF LL_CACHE_RD: 0, DIFF LL_CACHE_MISS_RD: 0, MISS_RATE: 0.00%
[cur diff] DIFF L2D_CACHE_REFILL: 0
[cur diff] DIFF L2D_CACHE_INVAL: 1
[max diff] DIFF LL_CACHE_RD: 39, DIFF LL_CACHE_MISS_RD: 46, MISS_RATE: 117.95%
[max diff] DIFF L2D_CACHE_REFILL: 22
[max diff] DIFF L2D_CACHE_INVAL: 2295

===========================================================
taskpendcnt:511752
t0:1041 ns
t1:1750 ns
t2:31041 ns
benchmark: Franka-derived Cartesian-impedance kernel, input trace:8, timer period:1.000 ms
controller source: franka_ros2 jazzy@73a1501d, updates:511775, SVD sweeps:5
pose error:[0.010000 0.015000 0.010000 -0.000000 0.049979 -0.000000]
tau[0:6]:[-1.839419 -0.921560 -1.193198 -1.195971 -0.861243 0.113634 -0.461388]
kernel exec min/avg/max: 28.58 / 29.32 / 31.50 us, samples:511785
pressure status:1, copy rounds total/window:3696/15, 7.03 rounds/s
pressure logical copy:36960.00 MiB total, approx 70.31 MiB/s, checksum:4921931857920
pressure report window:2.133495 s
t0_region>
[0]:318483
[1]:187833
[2]:5472
[3]:20

t1_region>
[1]:239746
[2]:250692
[3]:18530
[4]:2815
[5]:30

t2_region>
[30]:95745
[31]:359445
[32]:48841
[33]:7389
[34]:381
[35]:17

t0_min: 0.54 us, round:324031
t0_max: 3.71 us, round:3825
t0_jitter: 3.17 us

t1_min: 1.38 us, round:2054
t1_max: 5.96 us, round:420798
t1_jitter: 4.58 us

t2_min: 30.25 us, round:33981
t2_max: 35.63 us, round:169096
t2_jitter: 5.38 us

PMU diff samples: 511846
AVG DIFF LL_CACHE_RD: 5.14
AVG DIFF LL_CACHE_MISS_RD: 6.53
AVG DIFF L2D_CACHE_REFILL: 2.48
AVG DIFF L2D_CACHE_INVAL: 242.09
[cur diff] DIFF LL_CACHE_RD: 0, DIFF LL_CACHE_MISS_RD: 0, MISS_RATE: 0.00%
[cur diff] DIFF L2D_CACHE_REFILL: 0
[cur diff] DIFF L2D_CACHE_INVAL: 2
[max diff] DIFF LL_CACHE_RD: 39, DIFF LL_CACHE_MISS_RD: 46, MISS_RATE: 117.95%
[max diff] DIFF L2D_CACHE_REFILL: 22
[max diff] DIFF L2D_CACHE_INVAL: 2295

===========================================================
taskpendcnt:513886
t0:916 ns
t1:1916 ns
t2:30916 ns
benchmark: Franka-derived Cartesian-impedance kernel, input trace:8, timer period:1.000 ms
controller source: franka_ros2 jazzy@73a1501d, updates:513909, SVD sweeps:5
pose error:[0.010000 0.015000 0.010000 -0.000000 0.049979 -0.000000]
tau[0:6]:[-2.781770 -1.613002 -1.930139 -1.581803 -1.382951 -0.390599 -0.663394]
kernel exec min/avg/max: 28.58 / 29.32 / 31.50 us, samples:513919
pressure status:1, copy rounds total/window:3711/15, 7.03 rounds/s
pressure logical copy:37110.00 MiB total, approx 70.29 MiB/s, checksum:4941907230720
pressure report window:2.134131 s
t0_region>
[0]:319761
[1]:188669
[2]:5492
[3]:20

t1_region>
[1]:240616
[2]:251861
[3]:18616
[4]:2824
[5]:30

t2_region>
[30]:96010
[31]:361064
[32]:49065
[33]:7413
[34]:385
[35]:17

t0_min: 0.54 us, round:324031
t0_max: 3.71 us, round:3825
t0_jitter: 3.17 us

t1_min: 1.38 us, round:2054
t1_max: 5.96 us, round:420798
t1_jitter: 4.58 us

t2_min: 30.25 us, round:33981
t2_max: 35.63 us, round:169096
t2_jitter: 5.38 us

PMU diff samples: 513980
AVG DIFF LL_CACHE_RD: 5.14
AVG DIFF LL_CACHE_MISS_RD: 6.53
AVG DIFF L2D_CACHE_REFILL: 2.48
AVG DIFF L2D_CACHE_INVAL: 242.21
[cur diff] DIFF LL_CACHE_RD: 0, DIFF LL_CACHE_MISS_RD: 0, MISS_RATE: 0.00%
[cur diff] DIFF L2D_CACHE_REFILL: 0
[cur diff] DIFF L2D_CACHE_INVAL: 0
[max diff] DIFF LL_CACHE_RD: 39, DIFF LL_CACHE_MISS_RD: 46, MISS_RATE: 117.95%
[max diff] DIFF L2D_CACHE_REFILL: 22
[max diff] DIFF L2D_CACHE_INVAL: 2295

===========================================================
taskpendcnt:516020
t0:1375 ns
t1:2375 ns
t2:31083 ns
benchmark: Franka-derived Cartesian-impedance kernel, input trace:8, timer period:1.000 ms
controller source: franka_ros2 jazzy@73a1501d, updates:516043, SVD sweeps:5
pose error:[0.010000 0.015000 0.010000 -0.000000 0.049979 -0.000000]
tau[0:6]:[1.376914 -0.104433 0.790225 0.843903 0.642107 -0.956178 0.423547]
kernel exec min/avg/max: 28.58 / 29.32 / 31.50 us, samples:516052
pressure status:1, copy rounds total/window:3727/16, 7.50 rounds/s
pressure logical copy:37270.00 MiB total, approx 74.98 MiB/s, checksum:4963214295040
pressure report window:2.133782 s
t0_region>
[0]:320979
[1]:189555
[2]:5522
[3]:20

t1_region>
[1]:241516
[2]:253000
[3]:18693
[4]:2842
[5]:30

t2_region>
[30]:96349
[31]:362607
[32]:49278
[33]:7447
[34]:387
[35]:18

t0_min: 0.54 us, round:324031
t0_max: 3.71 us, round:3825
t0_jitter: 3.17 us

t1_min: 1.38 us, round:2054
t1_max: 5.96 us, round:420798
t1_jitter: 4.58 us

t2_min: 30.25 us, round:33981
t2_max: 35.63 us, round:169096
t2_jitter: 5.38 us

PMU diff samples: 516114
AVG DIFF LL_CACHE_RD: 5.14
AVG DIFF LL_CACHE_MISS_RD: 6.53
AVG DIFF L2D_CACHE_REFILL: 2.48
AVG DIFF L2D_CACHE_INVAL: 242.31
[cur diff] DIFF LL_CACHE_RD: 0, DIFF LL_CACHE_MISS_RD: 0, MISS_RATE: 0.00%
[cur diff] DIFF L2D_CACHE_REFILL: 0
[cur diff] DIFF L2D_CACHE_INVAL: 0
[max diff] DIFF LL_CACHE_RD: 39, DIFF LL_CACHE_MISS_RD: 46, MISS_RATE: 117.95%
[max diff] DIFF L2D_CACHE_REFILL: 22
[max diff] DIFF L2D_CACHE_INVAL: 2295

===========================================================
taskpendcnt:518154
t0:958 ns
t1:1666 ns
t2:30958 ns
benchmark: Franka-derived Cartesian-impedance kernel, input trace:8, timer period:1.000 ms
controller source: franka_ros2 jazzy@73a1501d, updates:518177, SVD sweeps:5
pose error:[0.010000 0.015000 0.010000 -0.000000 0.049979 -0.000000]
tau[0:6]:[0.839771 0.130674 0.617691 0.624912 0.653099 -0.592692 0.265887]
kernel exec min/avg/max: 28.58 / 29.32 / 31.50 us, samples:518186
pressure status:1, copy rounds total/window:3742/15, 7.03 rounds/s
pressure logical copy:37420.00 MiB total, approx 70.30 MiB/s, checksum:4983189667840
pressure report window:2.133807 s
t0_region>
[0]:322551
[1]:190103
[2]:5535
[3]:20

t1_region>
[1]:242961
[2]:253637
[3]:18737
[4]:2849
[5]:30

t2_region>
[30]:96907
[31]:364032
[32]:49413
[33]:7462
[34]:388
[35]:18

t0_min: 0.54 us, round:324031
t0_max: 3.71 us, round:3825
t0_jitter: 3.17 us

t1_min: 1.38 us, round:2054
t1_max: 5.96 us, round:420798
t1_jitter: 4.58 us

t2_min: 30.25 us, round:33981
t2_max: 35.63 us, round:169096
t2_jitter: 5.38 us

PMU diff samples: 518247
AVG DIFF LL_CACHE_RD: 5.14
AVG DIFF LL_CACHE_MISS_RD: 6.53
AVG DIFF L2D_CACHE_REFILL: 2.48
AVG DIFF L2D_CACHE_INVAL: 242.00
[cur diff] DIFF LL_CACHE_RD: 0, DIFF LL_CACHE_MISS_RD: 0, MISS_RATE: 0.00%
[cur diff] DIFF L2D_CACHE_REFILL: 0
[cur diff] DIFF L2D_CACHE_INVAL: 0
[max diff] DIFF LL_CACHE_RD: 39, DIFF LL_CACHE_MISS_RD: 46, MISS_RATE: 117.95%
[max diff] DIFF L2D_CACHE_REFILL: 22
[max diff] DIFF L2D_CACHE_INVAL: 2295

===========================================================
taskpendcnt:520287
t0:708 ns
t1:1708 ns
t2:31000 ns
benchmark: Franka-derived Cartesian-impedance kernel, input trace:8, timer period:1.000 ms
controller source: franka_ros2 jazzy@73a1501d, updates:520310, SVD sweeps:5
pose error:[0.010000 0.015000 0.010000 -0.000000 0.049979 -0.000000]
tau[0:6]:[-2.379368 -1.292411 -1.655224 -1.570015 -1.185234 -0.066588 -0.610247]
kernel exec min/avg/max: 28.58 / 29.32 / 31.50 us, samples:520320
pressure status:1, copy rounds total/window:3758/16, 7.50 rounds/s
pressure logical copy:37580.00 MiB total, approx 74.99 MiB/s, checksum:5004496732160
pressure report window:2.133505 s
t0_region>
[0]:324046
[1]:190733
[2]:5544
[3]:20

t1_region>
[1]:244202
[2]:254470
[3]:18792
[4]:2854
[5]:30

t2_region>
[30]:97329
[31]:365592
[32]:49550
[33]:7477
[34]:388
[35]:18

t0_min: 0.54 us, round:324031
t0_max: 3.71 us, round:3825
t0_jitter: 3.17 us

t1_min: 1.38 us, round:2054
t1_max: 5.96 us, round:420798
t1_jitter: 4.58 us

t2_min: 30.25 us, round:33981
t2_max: 35.63 us, round:169096
t2_jitter: 5.38 us

PMU diff samples: 520381
AVG DIFF LL_CACHE_RD: 5.14
AVG DIFF LL_CACHE_MISS_RD: 6.52
AVG DIFF L2D_CACHE_REFILL: 2.48
AVG DIFF L2D_CACHE_INVAL: 241.79
[cur diff] DIFF LL_CACHE_RD: 0, DIFF LL_CACHE_MISS_RD: 0, MISS_RATE: 0.00%
[cur diff] DIFF L2D_CACHE_REFILL: 0
[cur diff] DIFF L2D_CACHE_INVAL: 0
[max diff] DIFF LL_CACHE_RD: 39, DIFF LL_CACHE_MISS_RD: 46, MISS_RATE: 117.95%
[max diff] DIFF L2D_CACHE_REFILL: 22
[max diff] DIFF L2D_CACHE_INVAL: 2295

===========================================================
taskpendcnt:522421
t0:875 ns
t1:1583 ns
t2:31166 ns
benchmark: Franka-derived Cartesian-impedance kernel, input trace:8, timer period:1.000 ms
controller source: franka_ros2 jazzy@73a1501d, updates:522444, SVD sweeps:5
pose error:[0.010000 0.015000 0.010000 -0.000000 0.049979 -0.000000]
tau[0:6]:[-0.567483 -0.552304 -0.482512 -0.231067 -0.297494 -0.656094 -0.085004]
kernel exec min/avg/max: 28.58 / 29.32 / 31.50 us, samples:522454
pressure status:1, copy rounds total/window:3773/15, 7.03 rounds/s
pressure logical copy:37730.00 MiB total, approx 70.29 MiB/s, checksum:5024472104960
pressure report window:2.133915 s
t0_region>
[0]:325787
[1]:191125
[2]:5546
[3]:20

t1_region>
[1]:245845
[2]:254930
[3]:18823
[4]:2854
[5]:30

t2_region>
[30]:98054
[31]:366917
[32]:49627
[33]:7485
[34]:388
[35]:18

t0_min: 0.54 us, round:324031
t0_max: 3.71 us, round:3825
t0_jitter: 3.17 us

t1_min: 1.38 us, round:2054
t1_max: 5.96 us, round:420798
t1_jitter: 4.58 us

t2_min: 30.25 us, round:33981
t2_max: 35.63 us, round:169096
t2_jitter: 5.38 us

PMU diff samples: 522515
AVG DIFF LL_CACHE_RD: 5.14
AVG DIFF LL_CACHE_MISS_RD: 6.51
AVG DIFF L2D_CACHE_REFILL: 2.48
AVG DIFF L2D_CACHE_INVAL: 241.32
[cur diff] DIFF LL_CACHE_RD: 0, DIFF LL_CACHE_MISS_RD: 0, MISS_RATE: 0.00%
[cur diff] DIFF L2D_CACHE_REFILL: 0
[cur diff] DIFF L2D_CACHE_INVAL: 0
[max diff] DIFF LL_CACHE_RD: 39, DIFF LL_CACHE_MISS_RD: 46, MISS_RATE: 117.95%
[max diff] DIFF L2D_CACHE_REFILL: 22
[max diff] DIFF L2D_CACHE_INVAL: 2295

===========================================================
taskpendcnt:524555
t0:1333 ns
t1:1750 ns
t2:31333 ns
benchmark: Franka-derived Cartesian-impedance kernel, input trace:8, timer period:1.000 ms
controller source: franka_ros2 jazzy@73a1501d, updates:524578, SVD sweeps:5
pose error:[0.010000 0.015000 0.010000 -0.000000 0.049979 -0.000000]
tau[0:6]:[1.228026 0.081850 0.819520 0.875435 0.745706 -0.833381 0.398995]
kernel exec min/avg/max: 28.58 / 29.32 / 31.50 us, samples:524587
pressure status:1, copy rounds total/window:3789/16, 7.50 rounds/s
pressure logical copy:37890.00 MiB total, approx 74.99 MiB/s, checksum:5045779169280
pressure report window:2.133656 s
t0_region>
[0]:327027
[1]:191998
[2]:5566
[3]:20

t1_region>
[1]:246714
[2]:256095
[3]:18916
[4]:2860
[5]:30

t2_region>
[30]:98301
[31]:368522
[32]:49880
[33]:7513
[34]:388
[35]:18

t0_min: 0.54 us, round:324031
t0_max: 3.71 us, round:3825
t0_jitter: 3.17 us

t1_min: 1.38 us, round:2054
t1_max: 5.96 us, round:420798
t1_jitter: 4.58 us

t2_min: 30.25 us, round:33981
t2_max: 35.63 us, round:169096
t2_jitter: 5.38 us

PMU diff samples: 524649
AVG DIFF LL_CACHE_RD: 5.14
AVG DIFF LL_CACHE_MISS_RD: 6.52
AVG DIFF L2D_CACHE_REFILL: 2.48
AVG DIFF L2D_CACHE_INVAL: 241.43
[cur diff] DIFF LL_CACHE_RD: 0, DIFF LL_CACHE_MISS_RD: 0, MISS_RATE: 0.00%
[cur diff] DIFF L2D_CACHE_REFILL: 0
[cur diff] DIFF L2D_CACHE_INVAL: 0
[max diff] DIFF LL_CACHE_RD: 39, DIFF LL_CACHE_MISS_RD: 46, MISS_RATE: 117.95%
[max diff] DIFF L2D_CACHE_REFILL: 22
[max diff] DIFF L2D_CACHE_INVAL: 2295

===========================================================
taskpendcnt:526689
t0:1083 ns
t1:1500 ns
t2:31083 ns
benchmark: Franka-derived Cartesian-impedance kernel, input trace:8, timer period:1.000 ms
controller source: franka_ros2 jazzy@73a1501d, updates:526711, SVD sweeps:5
pose error:[0.010000 0.015000 0.010000 -0.000000 0.049979 -0.000000]
tau[0:6]:[-1.839419 -0.921560 -1.193198 -1.195971 -0.861243 0.113634 -0.461388]
kernel exec min/avg/max: 28.58 / 29.32 / 31.50 us, samples:526721
pressure status:1, copy rounds total/window:3804/15, 7.03 rounds/s
pressure logical copy:38040.00 MiB total, approx 70.31 MiB/s, checksum:5065754542080
pressure report window:2.133559 s
t0_region>
[0]:328302
[1]:192829
[2]:5593
[3]:20

t1_region>
[1]:247596
[2]:257248
[3]:18997
[4]:2878
[5]:30

t2_region>
[30]:98593
[31]:370109
[32]:50094
[33]:7553
[34]:389
[35]:18

t0_min: 0.54 us, round:324031
t0_max: 3.71 us, round:3825
t0_jitter: 3.17 us

t1_min: 1.38 us, round:2054
t1_max: 5.96 us, round:420798
t1_jitter: 4.58 us

t2_min: 30.25 us, round:33981
t2_max: 35.63 us, round:169096
t2_jitter: 5.38 us

PMU diff samples: 526782
AVG DIFF LL_CACHE_RD: 5.14
AVG DIFF LL_CACHE_MISS_RD: 6.52
AVG DIFF L2D_CACHE_REFILL: 2.48
AVG DIFF L2D_CACHE_INVAL: 241.53
[cur diff] DIFF LL_CACHE_RD: 0, DIFF LL_CACHE_MISS_RD: 0, MISS_RATE: 0.00%
[cur diff] DIFF L2D_CACHE_REFILL: 0
[cur diff] DIFF L2D_CACHE_INVAL: 0
[max diff] DIFF LL_CACHE_RD: 39, DIFF LL_CACHE_MISS_RD: 46, MISS_RATE: 117.95%
[max diff] DIFF L2D_CACHE_REFILL: 22
[max diff] DIFF L2D_CACHE_INVAL: 2295

===========================================================
taskpendcnt:528822
t0:958 ns
t1:1666 ns
t2:30666 ns
benchmark: Franka-derived Cartesian-impedance kernel, input trace:8, timer period:1.000 ms
controller source: franka_ros2 jazzy@73a1501d, updates:528845, SVD sweeps:5
pose error:[0.010000 0.015000 0.010000 -0.000000 0.049979 -0.000000]
tau[0:6]:[-2.781770 -1.613002 -1.930139 -1.581803 -1.382951 -0.390599 -0.663394]
kernel exec min/avg/max: 28.58 / 29.32 / 31.50 us, samples:528855
pressure status:1, copy rounds total/window:3819/15, 7.03 rounds/s
pressure logical copy:38190.00 MiB total, approx 70.29 MiB/s, checksum:5085729914880
pressure report window:2.133931 s
t0_region>
[0]:329900
[1]:193343
[2]:5615
[3]:20

t1_region>
[1]:249089
[2]:257819
[3]:19046
[4]:2899
[5]:30

t2_region>
[30]:99235
[31]:371447
[32]:50214
[33]:7582
[34]:391
[35]:21

t0_min: 0.54 us, round:324031
t0_max: 3.71 us, round:3825
t0_jitter: 3.17 us

t1_min: 1.38 us, round:2054
t1_max: 5.96 us, round:420798
t1_jitter: 4.58 us

t2_min: 30.25 us, round:33981
t2_max: 35.75 us, round:526846
t2_jitter: 5.50 us

PMU diff samples: 528916
AVG DIFF LL_CACHE_RD: 5.13
AVG DIFF LL_CACHE_MISS_RD: 6.51
AVG DIFF L2D_CACHE_REFILL: 2.47
AVG DIFF L2D_CACHE_INVAL: 241.11
[cur diff] DIFF LL_CACHE_RD: 0, DIFF LL_CACHE_MISS_RD: 0, MISS_RATE: 0.00%
[cur diff] DIFF L2D_CACHE_REFILL: 0
[cur diff] DIFF L2D_CACHE_INVAL: 0
[max diff] DIFF LL_CACHE_RD: 39, DIFF LL_CACHE_MISS_RD: 46, MISS_RATE: 117.95%
[max diff] DIFF L2D_CACHE_REFILL: 22
[max diff] DIFF L2D_CACHE_INVAL: 2295

===========================================================
taskpendcnt:530956
t0:833 ns
t1:2125 ns
t2:30833 ns
benchmark: Franka-derived Cartesian-impedance kernel, input trace:8, timer period:1.000 ms
controller source: franka_ros2 jazzy@73a1501d, updates:530979, SVD sweeps:5
pose error:[0.010000 0.015000 0.010000 -0.000000 0.049979 -0.000000]
tau[0:6]:[1.376914 -0.104433 0.790225 0.843903 0.642107 -0.956178 0.423547]
kernel exec min/avg/max: 28.58 / 29.32 / 31.50 us, samples:530988
pressure status:1, copy rounds total/window:3835/16, 7.50 rounds/s
pressure logical copy:38350.00 MiB total, approx 75.00 MiB/s, checksum:5107036979200
pressure report window:2.133443 s
t0_region>
[0]:331792
[1]:193581
[2]:5619
[3]:20

t1_region>
[1]:250934
[2]:258089
[3]:19064
[4]:2899
[5]:30

t2_region>
[30]:100190
[31]:372574
[32]:50262
[33]:7584
[34]:391
[35]:21

t0_min: 0.54 us, round:324031
t0_max: 3.71 us, round:3825
t0_jitter: 3.17 us

t1_min: 1.38 us, round:2054
t1_max: 5.96 us, round:420798
t1_jitter: 4.58 us

t2_min: 30.25 us, round:33981
t2_max: 35.75 us, round:526846
t2_jitter: 5.50 us

PMU diff samples: 531050
AVG DIFF LL_CACHE_RD: 5.13
AVG DIFF LL_CACHE_MISS_RD: 6.50
AVG DIFF L2D_CACHE_REFILL: 2.47
AVG DIFF L2D_CACHE_INVAL: 240.49
[cur diff] DIFF LL_CACHE_RD: 0, DIFF LL_CACHE_MISS_RD: 0, MISS_RATE: 0.00%
[cur diff] DIFF L2D_CACHE_REFILL: 0
[cur diff] DIFF L2D_CACHE_INVAL: 1
[max diff] DIFF LL_CACHE_RD: 39, DIFF LL_CACHE_MISS_RD: 46, MISS_RATE: 117.95%
[max diff] DIFF L2D_CACHE_REFILL: 22
[max diff] DIFF L2D_CACHE_INVAL: 2295

===========================================================
taskpendcnt:533090
t0:708 ns
t1:2000 ns
t2:31000 ns
benchmark: Franka-derived Cartesian-impedance kernel, input trace:8, timer period:1.000 ms
controller source: franka_ros2 jazzy@73a1501d, updates:533113, SVD sweeps:5
pose error:[0.010000 0.015000 0.010000 -0.000000 0.049979 -0.000000]
tau[0:6]:[-0.274004 -0.324180 0.001577 -0.231466 0.050986 -0.328952 0.010844]
kernel exec min/avg/max: 28.58 / 29.32 / 31.50 us, samples:533122
pressure status:1, copy rounds total/window:3850/15, 7.03 rounds/s
pressure logical copy:38500.00 MiB total, approx 70.29 MiB/s, checksum:5127012352000
pressure report window:2.134045 s
t0_region>
[0]:333712
[1]:193789
[2]:5625
[3]:20

t1_region>
[1]:252841
[2]:258301
[3]:19077
[4]:2901
[5]:30

t2_region>
[30]:101178
[31]:373677
[32]:50297
[33]:7592
[34]:391
[35]:21

t0_min: 0.54 us, round:324031
t0_max: 3.71 us, round:3825
t0_jitter: 3.17 us

t1_min: 1.38 us, round:2054
t1_max: 5.96 us, round:420798
t1_jitter: 4.58 us

t2_min: 30.25 us, round:33981
t2_max: 35.75 us, round:526846
t2_jitter: 5.50 us

PMU diff samples: 533184
AVG DIFF LL_CACHE_RD: 5.12
AVG DIFF LL_CACHE_MISS_RD: 6.49
AVG DIFF L2D_CACHE_REFILL: 2.46
AVG DIFF L2D_CACHE_INVAL: 239.79
[cur diff] DIFF LL_CACHE_RD: 0, DIFF LL_CACHE_MISS_RD: 0, MISS_RATE: 0.00%
[cur diff] DIFF L2D_CACHE_REFILL: 0
[cur diff] DIFF L2D_CACHE_INVAL: 0
[max diff] DIFF LL_CACHE_RD: 39, DIFF LL_CACHE_MISS_RD: 46, MISS_RATE: 117.95%
[max diff] DIFF L2D_CACHE_REFILL: 22
[max diff] DIFF L2D_CACHE_INVAL: 2295

===========================================================
taskpendcnt:535224
t0:1166 ns
t1:1583 ns
t2:31166 ns
benchmark: Franka-derived Cartesian-impedance kernel, input trace:8, timer period:1.000 ms
controller source: franka_ros2 jazzy@73a1501d, updates:535247, SVD sweeps:5
pose error:[0.010000 0.015000 0.010000 -0.000000 0.049979 -0.000000]
tau[0:6]:[-1.839419 -0.921560 -1.193198 -1.195971 -0.861243 0.113634 -0.461388]
kernel exec min/avg/max: 28.58 / 29.32 / 31.50 us, samples:535257
pressure status:1, copy rounds total/window:3866/16, 7.50 rounds/s
pressure logical copy:38660.00 MiB total, approx 74.96 MiB/s, checksum:5148319416320
pressure report window:2.134363 s
t0_region>
[0]:334991
[1]:194622
[2]:5647
[3]:20

t1_region>
[1]:253713
[2]:259468
[3]:19162
[4]:2912
[5]:30

t2_region>
[30]:101480
[31]:375241
[32]:50531
[33]:7626
[34]:393
[35]:21

t0_min: 0.54 us, round:324031
t0_max: 3.71 us, round:3825
t0_jitter: 3.17 us

t1_min: 1.38 us, round:2054
t1_max: 5.96 us, round:420798
t1_jitter: 4.58 us

t2_min: 30.25 us, round:33981
t2_max: 35.75 us, round:526846
t2_jitter: 5.50 us

PMU diff samples: 535318
AVG DIFF LL_CACHE_RD: 5.12
AVG DIFF LL_CACHE_MISS_RD: 6.49
AVG DIFF L2D_CACHE_REFILL: 2.46
AVG DIFF L2D_CACHE_INVAL: 239.89
[cur diff] DIFF LL_CACHE_RD: 0, DIFF LL_CACHE_MISS_RD: 0, MISS_RATE: 0.00%
[cur diff] DIFF L2D_CACHE_REFILL: 0
[cur diff] DIFF L2D_CACHE_INVAL: 0
[max diff] DIFF LL_CACHE_RD: 39, DIFF LL_CACHE_MISS_RD: 46, MISS_RATE: 117.95%
[max diff] DIFF L2D_CACHE_REFILL: 22
[max diff] DIFF L2D_CACHE_INVAL: 2295

===========================================================
taskpendcnt:537358
t0:750 ns
t1:1458 ns
t2:31041 ns
benchmark: Franka-derived Cartesian-impedance kernel, input trace:8, timer period:1.000 ms
controller source: franka_ros2 jazzy@73a1501d, updates:537381, SVD sweeps:5
pose error:[0.010000 0.015000 0.010000 -0.000000 0.049979 -0.000000]
tau[0:6]:[-2.781770 -1.613002 -1.930139 -1.581803 -1.382951 -0.390599 -0.663394]
kernel exec min/avg/max: 28.58 / 29.32 / 31.50 us, samples:537391
pressure status:1, copy rounds total/window:3881/15, 7.03 rounds/s
pressure logical copy:38810.00 MiB total, approx 70.29 MiB/s, checksum:5168294789120
pressure report window:2.134113 s
t0_region>
[0]:336235
[1]:195481
[2]:5678
[3]:20

t1_region>
[1]:254562
[2]:260642
[3]:19257
[4]:2929
[5]:30

t2_region>
[30]:101774
[31]:376810
[32]:50756
[33]:7667
[34]:397
[35]:21

t0_min: 0.54 us, round:324031
t0_max: 3.71 us, round:3825
t0_jitter: 3.17 us

t1_min: 1.38 us, round:2054
t1_max: 5.96 us, round:420798
t1_jitter: 4.58 us

t2_min: 30.25 us, round:33981
t2_max: 35.75 us, round:526846
t2_jitter: 5.50 us

PMU diff samples: 537452
AVG DIFF LL_CACHE_RD: 5.12
AVG DIFF LL_CACHE_MISS_RD: 6.49
AVG DIFF L2D_CACHE_REFILL: 2.47
AVG DIFF L2D_CACHE_INVAL: 240.04
[cur diff] DIFF LL_CACHE_RD: 0, DIFF LL_CACHE_MISS_RD: 0, MISS_RATE: 0.00%
[cur diff] DIFF L2D_CACHE_REFILL: 0
[cur diff] DIFF L2D_CACHE_INVAL: 0
[max diff] DIFF LL_CACHE_RD: 39, DIFF LL_CACHE_MISS_RD: 46, MISS_RATE: 117.95%
[max diff] DIFF L2D_CACHE_REFILL: 22
[max diff] DIFF L2D_CACHE_INVAL: 2295

===========================================================
taskpendcnt:539493
t0:916 ns
t1:1625 ns
t2:31208 ns
benchmark: Franka-derived Cartesian-impedance kernel, input trace:8, timer period:1.000 ms
controller source: franka_ros2 jazzy@73a1501d, updates:539515, SVD sweeps:5
pose error:[0.010000 0.015000 0.010000 -0.000000 0.049979 -0.000000]
tau[0:6]:[1.376914 -0.104433 0.790225 0.843903 0.642107 -0.956178 0.423547]
kernel exec min/avg/max: 28.58 / 29.32 / 31.50 us, samples:539525
pressure status:1, copy rounds total/window:3897/16, 7.50 rounds/s
pressure logical copy:38970.00 MiB total, approx 74.99 MiB/s, checksum:5189601853440
pressure report window:2.133722 s
t0_region>
[0]:337481
[1]:196337
[2]:5710
[3]:20

t1_region>
[1]:255365
[2]:261876
[3]:19339
[4]:2944
[5]:30

t2_region>
[30]:102052
[31]:378421
[32]:50956
[33]:7710
[34]:400
[35]:21

t0_min: 0.54 us, round:324031
t0_max: 3.71 us, round:3825
t0_jitter: 3.17 us

t1_min: 1.38 us, round:2054
t1_max: 5.96 us, round:420798
t1_jitter: 4.58 us

t2_min: 30.25 us, round:33981
t2_max: 35.75 us, round:526846
t2_jitter: 5.50 us

PMU diff samples: 539586
AVG DIFF LL_CACHE_RD: 5.13
AVG DIFF LL_CACHE_MISS_RD: 6.49
AVG DIFF L2D_CACHE_REFILL: 2.47
AVG DIFF L2D_CACHE_INVAL: 240.18
[cur diff] DIFF LL_CACHE_RD: 0, DIFF LL_CACHE_MISS_RD: 0, MISS_RATE: 0.00%
[cur diff] DIFF L2D_CACHE_REFILL: 0
[cur diff] DIFF L2D_CACHE_INVAL: 1
[max diff] DIFF LL_CACHE_RD: 39, DIFF LL_CACHE_MISS_RD: 46, MISS_RATE: 117.95%
[max diff] DIFF L2D_CACHE_REFILL: 22
[max diff] DIFF L2D_CACHE_INVAL: 2295

===========================================================
taskpendcnt:541627
t0:1083 ns
t1:1791 ns
t2:31083 ns
benchmark: Franka-derived Cartesian-impedance kernel, input trace:8, timer period:1.000 ms
controller source: franka_ros2 jazzy@73a1501d, updates:541649, SVD sweeps:5
pose error:[0.010000 0.015000 0.010000 -0.000000 0.049979 -0.000000]
tau[0:6]:[0.839771 0.130674 0.617691 0.624912 0.653099 -0.592692 0.265887]
kernel exec min/avg/max: 28.58 / 29.32 / 31.50 us, samples:541659
pressure status:1, copy rounds total/window:3912/15, 7.03 rounds/s
pressure logical copy:39120.00 MiB total, approx 70.29 MiB/s, checksum:5209577226240
pressure report window:2.134051 s
t0_region>
[0]:338646
[1]:197277
[2]:5739
[3]:20

t1_region>
[1]:256184
[2]:263086
[3]:19425
[4]:2962
[5]:30

t2_region>
[30]:102298
[31]:380001
[32]:51220
[33]:7749
[34]:403
[35]:21

t0_min: 0.54 us, round:324031
t0_max: 3.71 us, round:3825
t0_jitter: 3.17 us

t1_min: 1.38 us, round:2054
t1_max: 5.96 us, round:420798
t1_jitter: 4.58 us

t2_min: 30.25 us, round:33981
t2_max: 35.75 us, round:526846
t2_jitter: 5.50 us

PMU diff samples: 541720
AVG DIFF LL_CACHE_RD: 5.13
AVG DIFF LL_CACHE_MISS_RD: 6.50
AVG DIFF L2D_CACHE_REFILL: 2.47
AVG DIFF L2D_CACHE_INVAL: 240.32
[cur diff] DIFF LL_CACHE_RD: 0, DIFF LL_CACHE_MISS_RD: 0, MISS_RATE: 0.00%
[cur diff] DIFF L2D_CACHE_REFILL: 0
[cur diff] DIFF L2D_CACHE_INVAL: 1
[max diff] DIFF LL_CACHE_RD: 39, DIFF LL_CACHE_MISS_RD: 46, MISS_RATE: 117.95%
[max diff] DIFF L2D_CACHE_REFILL: 22
[max diff] DIFF L2D_CACHE_INVAL: 2295

===========================================================
taskpendcnt:543761
t0:1250 ns
t1:1958 ns
t2:31250 ns
benchmark: Franka-derived Cartesian-impedance kernel, input trace:8, timer period:1.000 ms
controller source: franka_ros2 jazzy@73a1501d, updates:543783, SVD sweeps:5
pose error:[0.010000 0.015000 0.010000 -0.000000 0.049979 -0.000000]
tau[0:6]:[-1.839419 -0.921560 -1.193198 -1.195971 -0.861243 0.113634 -0.461388]
kernel exec min/avg/max: 28.58 / 29.32 / 31.50 us, samples:543793
pressure status:1, copy rounds total/window:3927/15, 7.03 rounds/s
pressure logical copy:39270.00 MiB total, approx 70.27 MiB/s, checksum:5229552599040
pressure report window:2.134536 s
t0_region>
[0]:339831
[1]:198195
[2]:5770
[3]:20

t1_region>
[1]:256982
[2]:264312
[3]:19518
[4]:2979
[5]:30

t2_region>
[30]:102549
[31]:381602
[32]:51459
[33]:7793
[34]:404
[35]:21

t0_min: 0.54 us, round:324031
t0_max: 3.71 us, round:3825
t0_jitter: 3.17 us

t1_min: 1.38 us, round:2054
t1_max: 5.96 us, round:420798
t1_jitter: 4.58 us

t2_min: 30.25 us, round:33981
t2_max: 35.75 us, round:526846
t2_jitter: 5.50 us

PMU diff samples: 543854
AVG DIFF LL_CACHE_RD: 5.13
AVG DIFF LL_CACHE_MISS_RD: 6.50
AVG DIFF L2D_CACHE_REFILL: 2.47
AVG DIFF L2D_CACHE_INVAL: 240.47
[cur diff] DIFF LL_CACHE_RD: 0, DIFF LL_CACHE_MISS_RD: 0, MISS_RATE: 0.00%
[cur diff] DIFF L2D_CACHE_REFILL: 0
[cur diff] DIFF L2D_CACHE_INVAL: 1
[max diff] DIFF LL_CACHE_RD: 39, DIFF LL_CACHE_MISS_RD: 46, MISS_RATE: 117.95%
[max diff] DIFF L2D_CACHE_REFILL: 22
[max diff] DIFF L2D_CACHE_INVAL: 2295

===========================================================
taskpendcnt:545895
t0:1708 ns
t1:1833 ns
t2:30833 ns
benchmark: Franka-derived Cartesian-impedance kernel, input trace:8, timer period:1.000 ms
controller source: franka_ros2 jazzy@73a1501d, updates:545917, SVD sweeps:5
pose error:[0.010000 0.015000 0.010000 -0.000000 0.049979 -0.000000]
tau[0:6]:[-2.781770 -1.613002 -1.930139 -1.581803 -1.382951 -0.390599 -0.663394]
kernel exec min/avg/max: 28.58 / 29.32 / 31.50 us, samples:545927
pressure status:1, copy rounds total/window:3943/16, 7.50 rounds/s
pressure logical copy:39430.00 MiB total, approx 74.97 MiB/s, checksum:5250859663360
pressure report window:2.134201 s
t0_region>
[0]:341049
[1]:199084
[2]:5797
[3]:21

t1_region>
[1]:257829
[2]:265504
[3]:19600
[4]:2992
[5]:30

t2_region>
[30]:102814
[31]:383210
[32]:51683
[33]:7822
[34]:411
[35]:21

t0_min: 0.54 us, round:324031
t0_max: 3.71 us, round:3825
t0_jitter: 3.17 us

t1_min: 1.38 us, round:2054
t1_max: 5.96 us, round:420798
t1_jitter: 4.58 us

t2_min: 30.25 us, round:33981
t2_max: 35.75 us, round:526846
t2_jitter: 5.50 us

PMU diff samples: 545989
AVG DIFF LL_CACHE_RD: 5.13
AVG DIFF LL_CACHE_MISS_RD: 6.50
AVG DIFF L2D_CACHE_REFILL: 2.47
AVG DIFF L2D_CACHE_INVAL: 240.61
[cur diff] DIFF LL_CACHE_RD: 0, DIFF LL_CACHE_MISS_RD: 0, MISS_RATE: 0.00%
[cur diff] DIFF L2D_CACHE_REFILL: 0
[cur diff] DIFF L2D_CACHE_INVAL: 0
[max diff] DIFF LL_CACHE_RD: 39, DIFF LL_CACHE_MISS_RD: 46, MISS_RATE: 117.95%
[max diff] DIFF L2D_CACHE_REFILL: 22
[max diff] DIFF L2D_CACHE_INVAL: 2295

===========================================================
taskpendcnt:548029
t0:1000 ns
t1:1708 ns
t2:31000 ns
benchmark: Franka-derived Cartesian-impedance kernel, input trace:8, timer period:1.000 ms
controller source: franka_ros2 jazzy@73a1501d, updates:548052, SVD sweeps:5
pose error:[0.010000 0.015000 0.010000 -0.000000 0.049979 -0.000000]
tau[0:6]:[1.376914 -0.104433 0.790225 0.843903 0.642107 -0.956178 0.423547]
kernel exec min/avg/max: 28.58 / 29.32 / 31.50 us, samples:548061
pressure status:1, copy rounds total/window:3958/15, 7.03 rounds/s
pressure logical copy:39580.00 MiB total, approx 70.30 MiB/s, checksum:5270835036160
pressure report window:2.133684 s
t0_region>
[0]:342224
[1]:200015
[2]:5824
[3]:21

t1_region>
[1]:258606
[2]:266745
[3]:19698
[4]:3009
[5]:31

t2_region>
[30]:103070
[31]:384788
[32]:51943
[33]:7858
[34]:416
[35]:21

t0_min: 0.54 us, round:324031
t0_max: 3.71 us, round:3825
t0_jitter: 3.17 us

t1_min: 1.38 us, round:2054
t1_max: 5.96 us, round:420798
t1_jitter: 4.58 us

t2_min: 30.25 us, round:33981
t2_max: 35.75 us, round:526846
t2_jitter: 5.50 us

PMU diff samples: 548122
AVG DIFF LL_CACHE_RD: 5.13
AVG DIFF LL_CACHE_MISS_RD: 6.50
AVG DIFF L2D_CACHE_REFILL: 2.47
AVG DIFF L2D_CACHE_INVAL: 240.74
[cur diff] DIFF LL_CACHE_RD: 0, DIFF LL_CACHE_MISS_RD: 0, MISS_RATE: 0.00%
[cur diff] DIFF L2D_CACHE_REFILL: 0
[cur diff] DIFF L2D_CACHE_INVAL: 0
[max diff] DIFF LL_CACHE_RD: 39, DIFF LL_CACHE_MISS_RD: 46, MISS_RATE: 117.95%
[max diff] DIFF L2D_CACHE_REFILL: 22
[max diff] DIFF L2D_CACHE_INVAL: 2295

===========================================================
taskpendcnt:550163
t0:1000 ns
t1:1416 ns
t2:30708 ns
benchmark: Franka-derived Cartesian-impedance kernel, input trace:8, timer period:1.000 ms
controller source: franka_ros2 jazzy@73a1501d, updates:550186, SVD sweeps:5
pose error:[0.010000 0.015000 0.010000 -0.000000 0.049979 -0.000000]
tau[0:6]:[0.839771 0.130674 0.617691 0.624912 0.653099 -0.592692 0.265887]
kernel exec min/avg/max: 28.58 / 29.32 / 31.50 us, samples:550195
pressure status:1, copy rounds total/window:3973/15, 7.03 rounds/s
pressure logical copy:39730.00 MiB total, approx 70.29 MiB/s, checksum:5290810408960
pressure report window:2.134031 s
t0_region>
[0]:343432
[1]:200909
[2]:5857
[3]:21

t1_region>
[1]:259415
[2]:267957
[3]:19789
[4]:3031
[5]:31

t2_region>
[30]:103320
[31]:386367
[32]:52198
[33]:7907
[34]:417
[35]:21

t0_min: 0.54 us, round:324031
t0_max: 3.71 us, round:3825
t0_jitter: 3.17 us

t1_min: 1.38 us, round:2054
t1_max: 5.96 us, round:420798
t1_jitter: 4.58 us

t2_min: 30.25 us, round:33981
t2_max: 35.75 us, round:526846
t2_jitter: 5.50 us

PMU diff samples: 550256
AVG DIFF LL_CACHE_RD: 5.13
AVG DIFF LL_CACHE_MISS_RD: 6.50
AVG DIFF L2D_CACHE_REFILL: 2.47
AVG DIFF L2D_CACHE_INVAL: 240.88
[cur diff] DIFF LL_CACHE_RD: 0, DIFF LL_CACHE_MISS_RD: 0, MISS_RATE: 0.00%
[cur diff] DIFF L2D_CACHE_REFILL: 0
[cur diff] DIFF L2D_CACHE_INVAL: 0
[max diff] DIFF LL_CACHE_RD: 39, DIFF LL_CACHE_MISS_RD: 46, MISS_RATE: 117.95%
[max diff] DIFF L2D_CACHE_REFILL: 22
[max diff] DIFF L2D_CACHE_INVAL: 2295

===========================================================
taskpendcnt:552297
t0:1166 ns
t1:1875 ns
t2:30583 ns
benchmark: Franka-derived Cartesian-impedance kernel, input trace:8, timer period:1.000 ms
controller source: franka_ros2 jazzy@73a1501d, updates:552320, SVD sweeps:5
pose error:[0.010000 0.015000 0.010000 -0.000000 0.049979 -0.000000]
tau[0:6]:[-0.274004 -0.324180 0.001577 -0.231466 0.050986 -0.328952 0.010844]
kernel exec min/avg/max: 28.58 / 29.32 / 31.50 us, samples:552329
pressure status:1, copy rounds total/window:3989/16, 7.50 rounds/s
pressure logical copy:39890.00 MiB total, approx 74.96 MiB/s, checksum:5312117473280
pressure report window:2.134368 s
t0_region>
[0]:344673
[1]:201778
[2]:5882
[3]:21

t1_region>
[1]:260304
[2]:269110
[3]:19870
[4]:3042
[5]:31

t2_region>
[30]:103593
[31]:387979
[32]:52409
[33]:7944
[34]:417
[35]:21

t0_min: 0.54 us, round:324031
t0_max: 3.71 us, round:3825
t0_jitter: 3.17 us

t1_min: 1.38 us, round:2054
t1_max: 5.96 us, round:420798
t1_jitter: 4.58 us

t2_min: 30.25 us, round:33981
t2_max: 35.75 us, round:526846
t2_jitter: 5.50 us

PMU diff samples: 552391
AVG DIFF LL_CACHE_RD: 5.13
AVG DIFF LL_CACHE_MISS_RD: 6.51
AVG DIFF L2D_CACHE_REFILL: 2.47
AVG DIFF L2D_CACHE_INVAL: 240.98
[cur diff] DIFF LL_CACHE_RD: 0, DIFF LL_CACHE_MISS_RD: 0, MISS_RATE: 0.00%
[cur diff] DIFF L2D_CACHE_REFILL: 0
[cur diff] DIFF L2D_CACHE_INVAL: 0
[max diff] DIFF LL_CACHE_RD: 39, DIFF LL_CACHE_MISS_RD: 46, MISS_RATE: 117.95%
[max diff] DIFF L2D_CACHE_REFILL: 22
[max diff] DIFF L2D_CACHE_INVAL: 2295

===========================================================
taskpendcnt:554431
t0:750 ns
t1:2041 ns
t2:31333 ns
benchmark: Franka-derived Cartesian-impedance kernel, input trace:8, timer period:1.000 ms
controller source: franka_ros2 jazzy@73a1501d, updates:554454, SVD sweeps:5
pose error:[0.010000 0.015000 0.010000 -0.000000 0.049979 -0.000000]
tau[0:6]:[-2.379368 -1.292411 -1.655224 -1.570015 -1.185234 -0.066588 -0.610247]
kernel exec min/avg/max: 28.58 / 29.32 / 31.50 us, samples:554464
pressure status:1, copy rounds total/window:4004/15, 7.03 rounds/s
pressure logical copy:40040.00 MiB total, approx 70.28 MiB/s, checksum:5332092846080
pressure report window:2.134276 s
t0_region>
[0]:345905
[1]:202654
[2]:5907
[3]:21

t1_region>
[1]:261189
[2]:270265
[3]:19953
[4]:3054
[5]:31

t2_region>
[30]:103888
[31]:389576
[32]:52617
[33]:7976
[34]:420
[35]:21

t0_min: 0.54 us, round:324031
t0_max: 3.71 us, round:3825
t0_jitter: 3.17 us

t1_min: 1.38 us, round:2054
t1_max: 5.96 us, round:420798
t1_jitter: 4.58 us

t2_min: 30.25 us, round:33981
t2_max: 35.75 us, round:526846
t2_jitter: 5.50 us

PMU diff samples: 554525
AVG DIFF LL_CACHE_RD: 5.13
AVG DIFF LL_CACHE_MISS_RD: 6.51
AVG DIFF L2D_CACHE_REFILL: 2.47
AVG DIFF L2D_CACHE_INVAL: 241.08
[cur diff] DIFF LL_CACHE_RD: 0, DIFF LL_CACHE_MISS_RD: 0, MISS_RATE: 0.00%
[cur diff] DIFF L2D_CACHE_REFILL: 0
[cur diff] DIFF L2D_CACHE_INVAL: 1
[max diff] DIFF LL_CACHE_RD: 39, DIFF LL_CACHE_MISS_RD: 46, MISS_RATE: 117.95%
[max diff] DIFF L2D_CACHE_REFILL: 22
[max diff] DIFF L2D_CACHE_INVAL: 2295

===========================================================
taskpendcnt:556565
t0:916 ns
t1:1916 ns
t2:31208 ns
benchmark: Franka-derived Cartesian-impedance kernel, input trace:8, timer period:1.000 ms
controller source: franka_ros2 jazzy@73a1501d, updates:556588, SVD sweeps:5
pose error:[0.010000 0.015000 0.010000 -0.000000 0.049979 -0.000000]
tau[0:6]:[-0.567483 -0.552304 -0.482512 -0.231067 -0.297494 -0.656094 -0.085004]
kernel exec min/avg/max: 28.58 / 29.32 / 31.50 us, samples:556598
pressure status:1, copy rounds total/window:4019/15, 7.03 rounds/s
pressure logical copy:40190.00 MiB total, approx 70.29 MiB/s, checksum:5352068218880
pressure report window:2.134101 s
t0_region>
[0]:347168
[1]:203495
[2]:5937
[3]:21

t1_region>
[1]:262070
[2]:271425
[3]:20029
[4]:3071
[5]:31

t2_region>
[30]:104173
[31]:391174
[32]:52833
[33]:8007
[34]:424
[35]:21

t0_min: 0.54 us, round:324031
t0_max: 3.71 us, round:3825
t0_jitter: 3.17 us

t1_min: 1.38 us, round:2054
t1_max: 5.96 us, round:420798
t1_jitter: 4.58 us

t2_min: 30.25 us, round:33981
t2_max: 35.75 us, round:526846
t2_jitter: 5.50 us

PMU diff samples: 556659
AVG DIFF LL_CACHE_RD: 5.13
AVG DIFF LL_CACHE_MISS_RD: 6.51
AVG DIFF L2D_CACHE_REFILL: 2.47
AVG DIFF L2D_CACHE_INVAL: 241.18
[cur diff] DIFF LL_CACHE_RD: 0, DIFF LL_CACHE_MISS_RD: 0, MISS_RATE: 0.00%
[cur diff] DIFF L2D_CACHE_REFILL: 0
[cur diff] DIFF L2D_CACHE_INVAL: 0
[max diff] DIFF LL_CACHE_RD: 39, DIFF LL_CACHE_MISS_RD: 46, MISS_RATE: 117.95%
[max diff] DIFF L2D_CACHE_REFILL: 22
[max diff] DIFF L2D_CACHE_INVAL: 2295

===========================================================
taskpendcnt:558699
t0:791 ns
t1:1791 ns
t2:31083 ns
benchmark: Franka-derived Cartesian-impedance kernel, input trace:8, timer period:1.000 ms
controller source: franka_ros2 jazzy@73a1501d, updates:558722, SVD sweeps:5
pose error:[0.010000 0.015000 0.010000 -0.000000 0.049979 -0.000000]
tau[0:6]:[1.228026 0.081850 0.819520 0.875435 0.745706 -0.833381 0.398995]
kernel exec min/avg/max: 28.58 / 29.32 / 31.50 us, samples:558731
pressure status:1, copy rounds total/window:4035/16, 7.50 rounds/s
pressure logical copy:40350.00 MiB total, approx 74.99 MiB/s, checksum:5373375283200
pressure report window:2.133581 s
t0_region>
[0]:348462
[1]:204316
[2]:5956
[3]:21

t1_region>
[1]:262978
[2]:272565
[3]:20106
[4]:3079
[5]:31

t2_region>
[30]:104493
[31]:392768
[32]:53023
[33]:8033
[34]:427
[35]:21

t0_min: 0.54 us, round:324031
t0_max: 3.71 us, round:3825
t0_jitter: 3.17 us

t1_min: 1.38 us, round:2054
t1_max: 5.96 us, round:420798
t1_jitter: 4.58 us

t2_min: 30.25 us, round:33981
t2_max: 35.75 us, round:526846
t2_jitter: 5.50 us

PMU diff samples: 558793
AVG DIFF LL_CACHE_RD: 5.13
AVG DIFF LL_CACHE_MISS_RD: 6.51
AVG DIFF L2D_CACHE_REFILL: 2.48
AVG DIFF L2D_CACHE_INVAL: 241.27
[cur diff] DIFF LL_CACHE_RD: 0, DIFF LL_CACHE_MISS_RD: 0, MISS_RATE: 0.00%
[cur diff] DIFF L2D_CACHE_REFILL: 0
[cur diff] DIFF L2D_CACHE_INVAL: 0
[max diff] DIFF LL_CACHE_RD: 39, DIFF LL_CACHE_MISS_RD: 46, MISS_RATE: 117.95%
[max diff] DIFF L2D_CACHE_REFILL: 22
[max diff] DIFF L2D_CACHE_INVAL: 2295

===========================================================
taskpendcnt:560833
t0:833 ns
t1:2125 ns
t2:31708 ns
benchmark: Franka-derived Cartesian-impedance kernel, input trace:8, timer period:1.000 ms
controller source: franka_ros2 jazzy@73a1501d, updates:560855, SVD sweeps:5
pose error:[0.010000 0.015000 0.010000 -0.000000 0.049979 -0.000000]
tau[0:6]:[-1.839419 -0.921560 -1.193198 -1.195971 -0.861243 0.113634 -0.461388]
kernel exec min/avg/max: 28.58 / 29.32 / 31.50 us, samples:560865
pressure status:1, copy rounds total/window:4050/15, 7.03 rounds/s
pressure logical copy:40500.00 MiB total, approx 70.31 MiB/s, checksum:5393350656000
pressure report window:2.133528 s
t0_region>
[0]:349720
[1]:205165
[2]:5982
[3]:21

t1_region>
[1]:263860
[2]:273714
[3]:20193
[4]:3095
[5]:31

t2_region>
[30]:104802
[31]:394301
[32]:53274
[33]:8072
[34]:430
[35]:21

t0_min: 0.54 us, round:324031
t0_max: 3.71 us, round:3825
t0_jitter: 3.17 us

t1_min: 1.38 us, round:2054
t1_max: 5.96 us, round:420798
t1_jitter: 4.58 us

t2_min: 30.25 us, round:33981
t2_max: 35.75 us, round:526846
t2_jitter: 5.50 us

PMU diff samples: 560926
AVG DIFF LL_CACHE_RD: 5.13
AVG DIFF LL_CACHE_MISS_RD: 6.51
AVG DIFF L2D_CACHE_REFILL: 2.48
AVG DIFF L2D_CACHE_INVAL: 241.37
[cur diff] DIFF LL_CACHE_RD: 0, DIFF LL_CACHE_MISS_RD: 0, MISS_RATE: 0.00%
[cur diff] DIFF L2D_CACHE_REFILL: 0
[cur diff] DIFF L2D_CACHE_INVAL: 1
[max diff] DIFF LL_CACHE_RD: 39, DIFF LL_CACHE_MISS_RD: 46, MISS_RATE: 117.95%
[max diff] DIFF L2D_CACHE_REFILL: 22
[max diff] DIFF L2D_CACHE_INVAL: 2295

===========================================================
taskpendcnt:562967
t0:1000 ns
t1:2000 ns
t2:31291 ns
benchmark: Franka-derived Cartesian-impedance kernel, input trace:8, timer period:1.000 ms
controller source: franka_ros2 jazzy@73a1501d, updates:562989, SVD sweeps:5
pose error:[0.010000 0.015000 0.010000 -0.000000 0.049979 -0.000000]
tau[0:6]:[-2.781770 -1.613002 -1.930139 -1.581803 -1.382951 -0.390599 -0.663394]
kernel exec min/avg/max: 28.58 / 29.32 / 31.50 us, samples:562999
pressure status:1, copy rounds total/window:4066/16, 7.50 rounds/s
pressure logical copy:40660.00 MiB total, approx 74.97 MiB/s, checksum:5414657720320
pressure report window:2.134233 s
t0_region>
[0]:350981
[1]:206021
[2]:5999
[3]:21

t1_region>
[1]:264766
[2]:274846
[3]:20284
[4]:3100
[5]:31

t2_region>
[30]:105111
[31]:395869
[32]:53501
[33]:8101
[34]:430
[35]:21

t0_min: 0.54 us, round:324031
t0_max: 3.71 us, round:3825
t0_jitter: 3.17 us

t1_min: 1.38 us, round:2054
t1_max: 5.96 us, round:420798
t1_jitter: 4.58 us

t2_min: 30.25 us, round:33981
t2_max: 35.75 us, round:526846
t2_jitter: 5.50 us

PMU diff samples: 563060
AVG DIFF LL_CACHE_RD: 5.14
AVG DIFF LL_CACHE_MISS_RD: 6.51
AVG DIFF L2D_CACHE_REFILL: 2.48
AVG DIFF L2D_CACHE_INVAL: 241.46
[cur diff] DIFF LL_CACHE_RD: 0, DIFF LL_CACHE_MISS_RD: 0, MISS_RATE: 0.00%
[cur diff] DIFF L2D_CACHE_REFILL: 0
[cur diff] DIFF L2D_CACHE_INVAL: 0
[max diff] DIFF LL_CACHE_RD: 39, DIFF LL_CACHE_MISS_RD: 46, MISS_RATE: 117.95%
[max diff] DIFF L2D_CACHE_REFILL: 22
[max diff] DIFF L2D_CACHE_INVAL: 2295

===========================================================
taskpendcnt:565101
t0:1166 ns
t1:1583 ns
t2:31458 ns
benchmark: Franka-derived Cartesian-impedance kernel, input trace:8, timer period:1.000 ms
controller source: franka_ros2 jazzy@73a1501d, updates:565123, SVD sweeps:5
pose error:[0.010000 0.015000 0.010000 -0.000000 0.049979 -0.000000]
tau[0:6]:[1.376914 -0.104433 0.790225 0.843903 0.642107 -0.956178 0.423547]
kernel exec min/avg/max: 28.58 / 29.32 / 31.50 us, samples:565133
pressure status:1, copy rounds total/window:4081/15, 7.03 rounds/s
pressure logical copy:40810.00 MiB total, approx 70.30 MiB/s, checksum:5434633093120
pressure report window:2.133650 s
t0_region>
[0]:352234
[1]:206877
[2]:6024
[3]:21

t1_region>
[1]:265640
[2]:276006
[3]:20376
[4]:3108
[5]:31

t2_region>
[30]:105394
[31]:397472
[32]:53718
[33]:8131
[34]:431
[35]:21

t0_min: 0.54 us, round:324031
t0_max: 3.71 us, round:3825
t0_jitter: 3.17 us

t1_min: 1.38 us, round:2054
t1_max: 5.96 us, round:420798
t1_jitter: 4.58 us

t2_min: 30.25 us, round:33981
t2_max: 35.75 us, round:526846
t2_jitter: 5.50 us

PMU diff samples: 565194
AVG DIFF LL_CACHE_RD: 5.14
AVG DIFF LL_CACHE_MISS_RD: 6.52
AVG DIFF L2D_CACHE_REFILL: 2.48
AVG DIFF L2D_CACHE_INVAL: 241.55
[cur diff] DIFF LL_CACHE_RD: 0, DIFF LL_CACHE_MISS_RD: 0, MISS_RATE: 0.00%
[cur diff] DIFF L2D_CACHE_REFILL: 0
[cur diff] DIFF L2D_CACHE_INVAL: 3
[max diff] DIFF LL_CACHE_RD: 39, DIFF LL_CACHE_MISS_RD: 46, MISS_RATE: 117.95%
[max diff] DIFF L2D_CACHE_REFILL: 22
[max diff] DIFF L2D_CACHE_INVAL: 2295

===========================================================
taskpendcnt:567235
t0:1041 ns
t1:2041 ns
t2:31333 ns
benchmark: Franka-derived Cartesian-impedance kernel, input trace:8, timer period:1.000 ms
controller source: franka_ros2 jazzy@73a1501d, updates:567257, SVD sweeps:5
pose error:[0.010000 0.015000 0.010000 -0.000000 0.049979 -0.000000]
tau[0:6]:[0.839771 0.130674 0.617691 0.624912 0.653099 -0.592692 0.265887]
kernel exec min/avg/max: 28.58 / 29.32 / 31.50 us, samples:567267
pressure status:1, copy rounds total/window:4096/15, 7.03 rounds/s
pressure logical copy:40960.00 MiB total, approx 70.29 MiB/s, checksum:5454608465920
pressure report window:2.134026 s
t0_region>
[0]:353418
[1]:207799
[2]:6052
[3]:21

t1_region>
[1]:266451
[2]:277209
[3]:20486
[4]:3119
[5]:31

t2_region>
[30]:105662
[31]:399038
[32]:53984
[33]:8164
[34]:432
[35]:21

t0_min: 0.54 us, round:324031
t0_max: 3.71 us, round:3825
t0_jitter: 3.17 us

t1_min: 1.38 us, round:2054
t1_max: 5.96 us, round:420798
t1_jitter: 4.58 us

t2_min: 30.25 us, round:33981
t2_max: 35.75 us, round:526846
t2_jitter: 5.50 us

PMU diff samples: 567328
AVG DIFF LL_CACHE_RD: 5.14
AVG DIFF LL_CACHE_MISS_RD: 6.52
AVG DIFF L2D_CACHE_REFILL: 2.48
AVG DIFF L2D_CACHE_INVAL: 241.66
[cur diff] DIFF LL_CACHE_RD: 0, DIFF LL_CACHE_MISS_RD: 0, MISS_RATE: 0.00%
[cur diff] DIFF L2D_CACHE_REFILL: 0
[cur diff] DIFF L2D_CACHE_INVAL: 1
[max diff] DIFF LL_CACHE_RD: 39, DIFF LL_CACHE_MISS_RD: 46, MISS_RATE: 117.95%
[max diff] DIFF L2D_CACHE_REFILL: 22
[max diff] DIFF L2D_CACHE_INVAL: 2295

===========================================================
taskpendcnt:569369
t0:916 ns
t1:1625 ns
t2:30916 ns
benchmark: Franka-derived Cartesian-impedance kernel, input trace:8, timer period:1.000 ms
controller source: franka_ros2 jazzy@73a1501d, updates:569391, SVD sweeps:5
pose error:[0.010000 0.015000 0.010000 -0.000000 0.049979 -0.000000]
tau[0:6]:[-1.839419 -0.921560 -1.193198 -1.195971 -0.861243 0.113634 -0.461388]
kernel exec min/avg/max: 28.58 / 29.32 / 31.50 us, samples:569401
pressure status:1, copy rounds total/window:4112/16, 7.50 rounds/s
pressure logical copy:41120.00 MiB total, approx 74.97 MiB/s, checksum:5475915530240
pressure report window:2.134323 s
t0_region>
[0]:355049
[1]:208292
[2]:6062
[3]:21

t1_region>
[1]:267950
[2]:277804
[3]:20521
[4]:3124
[5]:31

t2_region>
[30]:106206
[31]:400503
[32]:54099
[33]:8174
[34]:433
[35]:21

t0_min: 0.54 us, round:324031
t0_max: 3.71 us, round:3825
t0_jitter: 3.17 us

t1_min: 1.38 us, round:2054
t1_max: 5.96 us, round:420798
t1_jitter: 4.58 us

t2_min: 30.25 us, round:33981
t2_max: 35.75 us, round:526846
t2_jitter: 5.50 us

PMU diff samples: 569462
AVG DIFF LL_CACHE_RD: 5.13
AVG DIFF LL_CACHE_MISS_RD: 6.51
AVG DIFF L2D_CACHE_REFILL: 2.48
AVG DIFF L2D_CACHE_INVAL: 241.32
[cur diff] DIFF LL_CACHE_RD: 0, DIFF LL_CACHE_MISS_RD: 0, MISS_RATE: 0.00%
[cur diff] DIFF L2D_CACHE_REFILL: 0
[cur diff] DIFF L2D_CACHE_INVAL: 0
[max diff] DIFF LL_CACHE_RD: 39, DIFF LL_CACHE_MISS_RD: 46, MISS_RATE: 117.95%
[max diff] DIFF L2D_CACHE_REFILL: 22
[max diff] DIFF L2D_CACHE_INVAL: 2295

===========================================================
taskpendcnt:571503
t0:1083 ns
t1:1791 ns
t2:31083 ns
benchmark: Franka-derived Cartesian-impedance kernel, input trace:8, timer period:1.000 ms
controller source: franka_ros2 jazzy@73a1501d, updates:571525, SVD sweeps:5
pose error:[0.010000 0.015000 0.010000 -0.000000 0.049979 -0.000000]
tau[0:6]:[-2.781770 -1.613002 -1.930139 -1.581803 -1.382951 -0.390599 -0.663394]
kernel exec min/avg/max: 28.58 / 29.32 / 31.50 us, samples:571535
pressure status:1, copy rounds total/window:4127/15, 7.03 rounds/s
pressure logical copy:41270.00 MiB total, approx 70.28 MiB/s, checksum:5495890903040
pressure report window:2.134173 s
t0_region>
[0]:356570
[1]:208897
[2]:6071
[3]:21

t1_region>
[1]:269286
[2]:278540
[3]:20579
[4]:3127
[5]:31

t2_region>
[30]:106658
[31]:402007
[32]:54257
[33]:8194
[34]:433
[35]:21

t0_min: 0.54 us, round:324031
t0_max: 3.71 us, round:3825
t0_jitter: 3.17 us

t1_min: 1.38 us, round:2054
t1_max: 5.96 us, round:420798
t1_jitter: 4.58 us

t2_min: 30.25 us, round:33981
t2_max: 35.75 us, round:526846
t2_jitter: 5.50 us

PMU diff samples: 571597
AVG DIFF LL_CACHE_RD: 5.13
AVG DIFF LL_CACHE_MISS_RD: 6.51
AVG DIFF L2D_CACHE_REFILL: 2.47
AVG DIFF L2D_CACHE_INVAL: 241.12
[cur diff] DIFF LL_CACHE_RD: 0, DIFF LL_CACHE_MISS_RD: 0, MISS_RATE: 0.00%
[cur diff] DIFF L2D_CACHE_REFILL: 0
[cur diff] DIFF L2D_CACHE_INVAL: 1
[max diff] DIFF LL_CACHE_RD: 39, DIFF LL_CACHE_MISS_RD: 46, MISS_RATE: 117.95%
[max diff] DIFF L2D_CACHE_REFILL: 22
[max diff] DIFF L2D_CACHE_INVAL: 2295

===========================================================
taskpendcnt:573637
t0:1250 ns
t1:1666 ns
t2:30958 ns
benchmark: Franka-derived Cartesian-impedance kernel, input trace:8, timer period:1.000 ms
controller source: franka_ros2 jazzy@73a1501d, updates:573659, SVD sweeps:5
pose error:[0.010000 0.015000 0.010000 -0.000000 0.049979 -0.000000]
tau[0:6]:[1.376914 -0.104433 0.790225 0.843903 0.642107 -0.956178 0.423547]
kernel exec min/avg/max: 28.58 / 29.32 / 31.50 us, samples:573669
pressure status:1, copy rounds total/window:4143/16, 7.50 rounds/s
pressure logical copy:41430.00 MiB total, approx 74.99 MiB/s, checksum:5517197967360
pressure report window:2.133539 s
t0_region>
[0]:358188
[1]:209406
[2]:6077
[3]:21

t1_region>
[1]:270758
[2]:279161
[3]:20617
[4]:3130
[5]:31

t2_region>
[30]:107313
[31]:403353
[32]:54381
[33]:8203
[34]:433
[35]:21

t0_min: 0.54 us, round:324031
t0_max: 3.71 us, round:3825
t0_jitter: 3.17 us

t1_min: 1.38 us, round:2054
t1_max: 5.96 us, round:420798
t1_jitter: 4.58 us

t2_min: 30.25 us, round:33981
t2_max: 35.75 us, round:526846
t2_jitter: 5.50 us

PMU diff samples: 573730
AVG DIFF LL_CACHE_RD: 5.13
AVG DIFF LL_CACHE_MISS_RD: 6.50
AVG DIFF L2D_CACHE_REFILL: 2.47
AVG DIFF L2D_CACHE_INVAL: 240.80
[cur diff] DIFF LL_CACHE_RD: 0, DIFF LL_CACHE_MISS_RD: 0, MISS_RATE: 0.00%
[cur diff] DIFF L2D_CACHE_REFILL: 0
[cur diff] DIFF L2D_CACHE_INVAL: 1
[max diff] DIFF LL_CACHE_RD: 39, DIFF LL_CACHE_MISS_RD: 46, MISS_RATE: 117.95%
[max diff] DIFF L2D_CACHE_REFILL: 22
[max diff] DIFF L2D_CACHE_INVAL: 2295

===========================================================
taskpendcnt:575771
t0:1125 ns
t1:2125 ns
t2:31125 ns
benchmark: Franka-derived Cartesian-impedance kernel, input trace:8, timer period:1.000 ms
controller source: franka_ros2 jazzy@73a1501d, updates:575793, SVD sweeps:5
pose error:[0.010000 0.015000 0.010000 -0.000000 0.049979 -0.000000]
tau[0:6]:[0.839771 0.130674 0.617691 0.624912 0.653099 -0.592692 0.265887]
kernel exec min/avg/max: 28.58 / 29.32 / 31.50 us, samples:575803
pressure status:1, copy rounds total/window:4158/15, 7.03 rounds/s
pressure logical copy:41580.00 MiB total, approx 70.29 MiB/s, checksum:5537173340160
pressure report window:2.133992 s
t0_region>
[0]:359464
[1]:210242
[2]:6099
[3]:21

t1_region>
[1]:271659
[2]:280304
[3]:20695
[4]:3142
[5]:31

t2_region>
[30]:107637
[31]:404933
[32]:54578
[33]:8233
[34]:435
[35]:21

t0_min: 0.54 us, round:324031
t0_max: 3.71 us, round:3825
t0_jitter: 3.17 us

t1_min: 1.38 us, round:2054
t1_max: 5.96 us, round:420798
t1_jitter: 4.58 us

t2_min: 30.25 us, round:33981
t2_max: 35.75 us, round:526846
t2_jitter: 5.50 us

PMU diff samples: 575864
AVG DIFF LL_CACHE_RD: 5.13
AVG DIFF LL_CACHE_MISS_RD: 6.51
AVG DIFF L2D_CACHE_REFILL: 2.47
AVG DIFF L2D_CACHE_INVAL: 240.89
[cur diff] DIFF LL_CACHE_RD: 0, DIFF LL_CACHE_MISS_RD: 0, MISS_RATE: 0.00%
[cur diff] DIFF L2D_CACHE_REFILL: 0
[cur diff] DIFF L2D_CACHE_INVAL: 0
[max diff] DIFF LL_CACHE_RD: 39, DIFF LL_CACHE_MISS_RD: 46, MISS_RATE: 117.95%
[max diff] DIFF L2D_CACHE_REFILL: 22
[max diff] DIFF L2D_CACHE_INVAL: 2295

===========================================================
taskpendcnt:577905
t0:1291 ns
t1:1708 ns
t2:31000 ns
benchmark: Franka-derived Cartesian-impedance kernel, input trace:8, timer period:1.000 ms
controller source: franka_ros2 jazzy@73a1501d, updates:577928, SVD sweeps:5
pose error:[0.010000 0.015000 0.010000 -0.000000 0.049979 -0.000000]
tau[0:6]:[-1.839419 -0.921560 -1.193198 -1.195971 -0.861243 0.113634 -0.461388]
kernel exec min/avg/max: 28.58 / 29.32 / 31.50 us, samples:577937
pressure status:1, copy rounds total/window:4174/16, 7.50 rounds/s
pressure logical copy:41740.00 MiB total, approx 74.96 MiB/s, checksum:5558480404480
pressure report window:2.134527 s
t0_region>
[0]:360732
[1]:211087
[2]:6122
[3]:21

t1_region>
[1]:272557
[2]:281456
[3]:20767
[4]:3154
[5]:31

t2_region>
[30]:107926
[31]:406530
[32]:54797
[33]:8262
[34]:435
[35]:21

t0_min: 0.54 us, round:324031
t0_max: 3.71 us, round:3825
t0_jitter: 3.17 us

t1_min: 1.38 us, round:2054
t1_max: 5.96 us, round:420798
t1_jitter: 4.58 us

t2_min: 30.25 us, round:33981
t2_max: 35.75 us, round:526846
t2_jitter: 5.50 us

PMU diff samples: 577999
AVG DIFF LL_CACHE_RD: 5.13
AVG DIFF LL_CACHE_MISS_RD: 6.51
AVG DIFF L2D_CACHE_REFILL: 2.47
AVG DIFF L2D_CACHE_INVAL: 240.97
[cur diff] DIFF LL_CACHE_RD: 0, DIFF LL_CACHE_MISS_RD: 0, MISS_RATE: 0.00%
[cur diff] DIFF L2D_CACHE_REFILL: 0
[cur diff] DIFF L2D_CACHE_INVAL: 0
[max diff] DIFF LL_CACHE_RD: 39, DIFF LL_CACHE_MISS_RD: 46, MISS_RATE: 117.95%
[max diff] DIFF L2D_CACHE_REFILL: 22
[max diff] DIFF L2D_CACHE_INVAL: 2295

===========================================================
taskpendcnt:580039
t0:875 ns
t1:1583 ns
t2:31166 ns
benchmark: Franka-derived Cartesian-impedance kernel, input trace:8, timer period:1.000 ms
controller source: franka_ros2 jazzy@73a1501d, updates:580062, SVD sweeps:5
pose error:[0.010000 0.015000 0.010000 -0.000000 0.049979 -0.000000]
tau[0:6]:[-2.781770 -1.613002 -1.930139 -1.581803 -1.382951 -0.390599 -0.663394]
kernel exec min/avg/max: 28.58 / 29.32 / 31.50 us, samples:580071
pressure status:1, copy rounds total/window:4189/15, 7.03 rounds/s
pressure logical copy:41890.00 MiB total, approx 70.29 MiB/s, checksum:5578455777280
pressure report window:2.134079 s
t0_region>
[0]:362064
[1]:211860
[2]:6150
[3]:21

t1_region>
[1]:273547
[2]:282508
[3]:20844
[4]:3170
[5]:31

t2_region>
[30]:108240
[31]:408089
[32]:55024
[33]:8296
[34]:435
[35]:21

t0_min: 0.54 us, round:324031
t0_max: 3.71 us, round:3825
t0_jitter: 3.17 us

t1_min: 1.38 us, round:2054
t1_max: 5.96 us, round:420798
t1_jitter: 4.58 us

t2_min: 30.25 us, round:33981
t2_max: 35.75 us, round:526846
t2_jitter: 5.50 us

PMU diff samples: 580133
AVG DIFF LL_CACHE_RD: 5.13
AVG DIFF LL_CACHE_MISS_RD: 6.51
AVG DIFF L2D_CACHE_REFILL: 2.47
AVG DIFF L2D_CACHE_INVAL: 240.98
[cur diff] DIFF LL_CACHE_RD: 0, DIFF LL_CACHE_MISS_RD: 0, MISS_RATE: 0.00%
[cur diff] DIFF L2D_CACHE_REFILL: 0
[cur diff] DIFF L2D_CACHE_INVAL: 3
[max diff] DIFF LL_CACHE_RD: 39, DIFF LL_CACHE_MISS_RD: 46, MISS_RATE: 117.95%
[max diff] DIFF L2D_CACHE_REFILL: 22
[max diff] DIFF L2D_CACHE_INVAL: 2295

===========================================================
taskpendcnt:582173
t0:1041 ns
t1:1750 ns
t2:30458 ns
benchmark: Franka-derived Cartesian-impedance kernel, input trace:8, timer period:1.000 ms
controller source: franka_ros2 jazzy@73a1501d, updates:582196, SVD sweeps:5
pose error:[0.010000 0.015000 0.010000 -0.000000 0.049979 -0.000000]
tau[0:6]:[1.376914 -0.104433 0.790225 0.843903 0.642107 -0.956178 0.423547]
kernel exec min/avg/max: 28.58 / 29.32 / 31.50 us, samples:582205
pressure status:1, copy rounds total/window:4204/15, 7.03 rounds/s
pressure logical copy:42040.00 MiB total, approx 70.31 MiB/s, checksum:5598431150080
pressure report window:2.133560 s
t0_region>
[0]:363918
[1]:212132
[2]:6157
[3]:21

t1_region>
[1]:275393
[2]:282764
[3]:20870
[4]:3175
[5]:31

t2_region>
[30]:109162
[31]:409238
[32]:55074
[33]:8308
[34]:436
[35]:21

t0_min: 0.54 us, round:324031
t0_max: 3.71 us, round:3825
t0_jitter: 3.17 us

t1_min: 1.38 us, round:2054
t1_max: 5.96 us, round:420798
t1_jitter: 4.58 us

t2_min: 30.25 us, round:33981
t2_max: 35.75 us, round:526846
t2_jitter: 5.50 us

PMU diff samples: 582266
AVG DIFF LL_CACHE_RD: 5.13
AVG DIFF LL_CACHE_MISS_RD: 6.50
AVG DIFF L2D_CACHE_REFILL: 2.47
AVG DIFF L2D_CACHE_INVAL: 240.39
[cur diff] DIFF LL_CACHE_RD: 0, DIFF LL_CACHE_MISS_RD: 0, MISS_RATE: 0.00%
[cur diff] DIFF L2D_CACHE_REFILL: 0
[cur diff] DIFF L2D_CACHE_INVAL: 1
[max diff] DIFF LL_CACHE_RD: 39, DIFF LL_CACHE_MISS_RD: 46, MISS_RATE: 117.95%
[max diff] DIFF L2D_CACHE_REFILL: 22
[max diff] DIFF L2D_CACHE_INVAL: 2295

===========================================================
taskpendcnt:584307
t0:916 ns
t1:1916 ns
t2:31791 ns
benchmark: Franka-derived Cartesian-impedance kernel, input trace:8, timer period:1.000 ms
controller source: franka_ros2 jazzy@73a1501d, updates:584329, SVD sweeps:5
pose error:[0.010000 0.015000 0.010000 -0.000000 0.049979 -0.000000]
tau[0:6]:[0.839771 0.130674 0.617691 0.624912 0.653099 -0.592692 0.265887]
kernel exec min/avg/max: 28.58 / 29.32 / 31.50 us, samples:584339
pressure status:1, copy rounds total/window:4220/16, 7.50 rounds/s
pressure logical copy:42200.00 MiB total, approx 74.99 MiB/s, checksum:5619738214400
pressure report window:2.133748 s
t0_region>
[0]:365817
[1]:212363
[2]:6162
[3]:21

t1_region>
[1]:277240
[2]:283023
[3]:20895
[4]:3178
[5]:31

t2_region>
[30]:110077
[31]:410405
[32]:55119
[33]:8316
[34]:436
[35]:21

t0_min: 0.54 us, round:324031
t0_max: 3.71 us, round:3825
t0_jitter: 3.17 us

t1_min: 1.38 us, round:2054
t1_max: 5.96 us, round:420798
t1_jitter: 4.58 us

t2_min: 30.25 us, round:33981
t2_max: 35.75 us, round:526846
t2_jitter: 5.50 us

PMU diff samples: 584400
AVG DIFF LL_CACHE_RD: 5.12
AVG DIFF LL_CACHE_MISS_RD: 6.48
AVG DIFF L2D_CACHE_REFILL: 2.46
AVG DIFF L2D_CACHE_INVAL: 239.82
[cur diff] DIFF LL_CACHE_RD: 0, DIFF LL_CACHE_MISS_RD: 0, MISS_RATE: 0.00%
[cur diff] DIFF L2D_CACHE_REFILL: 0
[cur diff] DIFF L2D_CACHE_INVAL: 0
[max diff] DIFF LL_CACHE_RD: 39, DIFF LL_CACHE_MISS_RD: 46, MISS_RATE: 117.95%
[max diff] DIFF L2D_CACHE_REFILL: 22
[max diff] DIFF L2D_CACHE_INVAL: 2295

===========================================================
taskpendcnt:586440
t0:1541 ns
t1:1666 ns
t2:30666 ns
benchmark: Franka-derived Cartesian-impedance kernel, input trace:8, timer period:1.000 ms
controller source: franka_ros2 jazzy@73a1501d, updates:586462, SVD sweeps:5
pose error:[0.010000 0.015000 0.010000 -0.000000 0.049979 -0.000000]
tau[0:6]:[-2.379368 -1.292411 -1.655224 -1.570015 -1.185234 -0.066588 -0.610247]
kernel exec min/avg/max: 28.58 / 29.32 / 31.50 us, samples:586472
pressure status:1, copy rounds total/window:4235/15, 7.03 rounds/s
pressure logical copy:42350.00 MiB total, approx 70.31 MiB/s, checksum:5639713587200
pressure report window:2.133556 s
t0_region>
[0]:367475
[1]:212826
[2]:6174
[3]:21

t1_region>
[1]:278782
[2]:283562
[3]:20944
[4]:3181
[5]:31

t2_region>
[30]:110895
[31]:411585
[32]:55239
[33]:8330
[34]:436
[35]:21

t0_min: 0.54 us, round:324031
t0_max: 3.71 us, round:3825
t0_jitter: 3.17 us

t1_min: 1.38 us, round:2054
t1_max: 5.96 us, round:420798
t1_jitter: 4.58 us

t2_min: 30.25 us, round:33981
t2_max: 35.75 us, round:526846
t2_jitter: 5.50 us

PMU diff samples: 586534
AVG DIFF LL_CACHE_RD: 5.12
AVG DIFF LL_CACHE_MISS_RD: 6.48
AVG DIFF L2D_CACHE_REFILL: 2.46
AVG DIFF L2D_CACHE_INVAL: 239.40
[cur diff] DIFF LL_CACHE_RD: 0, DIFF LL_CACHE_MISS_RD: 0, MISS_RATE: 0.00%
[cur diff] DIFF L2D_CACHE_REFILL: 0
[cur diff] DIFF L2D_CACHE_INVAL: 0
[max diff] DIFF LL_CACHE_RD: 39, DIFF LL_CACHE_MISS_RD: 46, MISS_RATE: 117.95%
[max diff] DIFF L2D_CACHE_REFILL: 22
[max diff] DIFF L2D_CACHE_INVAL: 2295

===========================================================
taskpendcnt:588574
t0:2000 ns
t1:2125 ns
t2:31416 ns
benchmark: Franka-derived Cartesian-impedance kernel, input trace:8, timer period:1.000 ms
controller source: franka_ros2 jazzy@73a1501d, updates:588597, SVD sweeps:5
pose error:[0.010000 0.015000 0.010000 -0.000000 0.049979 -0.000000]
tau[0:6]:[-0.567483 -0.552304 -0.482512 -0.231067 -0.297494 -0.656094 -0.085004]
kernel exec min/avg/max: 28.58 / 29.32 / 31.50 us, samples:588606
pressure status:1, copy rounds total/window:4251/16, 7.50 rounds/s
pressure logical copy:42510.00 MiB total, approx 74.97 MiB/s, checksum:5661020651520
pressure report window:2.134116 s
t0_region>
[0]:368690
[1]:213725
[2]:6194
[3]:21

t1_region>
[1]:279630
[2]:284749
[3]:21035
[4]:3189
[5]:31

t2_region>
[30]:111154
[31]:413161
[32]:55511
[33]:8357
[34]:436
[35]:21

t0_min: 0.54 us, round:324031
t0_max: 3.71 us, round:3825
t0_jitter: 3.17 us

t1_min: 1.38 us, round:2054
t1_max: 5.96 us, round:420798
t1_jitter: 4.58 us

t2_min: 30.25 us, round:33981
t2_max: 35.75 us, round:526846
t2_jitter: 5.50 us

PMU diff samples: 588668
AVG DIFF LL_CACHE_RD: 5.12
AVG DIFF LL_CACHE_MISS_RD: 6.48
AVG DIFF L2D_CACHE_REFILL: 2.46
AVG DIFF L2D_CACHE_INVAL: 239.52
[cur diff] DIFF LL_CACHE_RD: 0, DIFF LL_CACHE_MISS_RD: 0, MISS_RATE: 0.00%
[cur diff] DIFF L2D_CACHE_REFILL: 0
[cur diff] DIFF L2D_CACHE_INVAL: 0
[max diff] DIFF LL_CACHE_RD: 39, DIFF LL_CACHE_MISS_RD: 46, MISS_RATE: 117.95%
[max diff] DIFF L2D_CACHE_REFILL: 22
[max diff] DIFF L2D_CACHE_INVAL: 2295

===========================================================
taskpendcnt:590708
t0:1583 ns
t1:2125 ns
t2:31416 ns
benchmark: Franka-derived Cartesian-impedance kernel, input trace:8, timer period:1.000 ms
controller source: franka_ros2 jazzy@73a1501d, updates:590731, SVD sweeps:5
pose error:[0.010000 0.015000 0.010000 -0.000000 0.049979 -0.000000]
tau[0:6]:[1.228026 0.081850 0.819520 0.875435 0.745706 -0.833381 0.398995]
kernel exec min/avg/max: 28.58 / 29.32 / 31.50 us, samples:590740
pressure status:1, copy rounds total/window:4266/15, 7.03 rounds/s
pressure logical copy:42660.00 MiB total, approx 70.30 MiB/s, checksum:5680996024320
pressure report window:2.133605 s
t0_region>
[0]:369886
[1]:214629
[2]:6227
[3]:21

t1_region>
[1]:280446
[2]:285956
[3]:21128
[4]:3206
[5]:32

t2_region>
[30]:111414
[31]:414735
[32]:55762
[33]:8403
[34]:439
[35]:22

t0_min: 0.54 us, round:324031
t0_max: 3.71 us, round:3825
t0_jitter: 3.17 us

t1_min: 1.38 us, round:2054
t1_max: 5.96 us, round:420798
t1_jitter: 4.58 us

t2_min: 30.25 us, round:33981
t2_max: 35.75 us, round:526846
t2_jitter: 5.50 us

PMU diff samples: 590801
AVG DIFF LL_CACHE_RD: 5.12
AVG DIFF LL_CACHE_MISS_RD: 6.48
AVG DIFF L2D_CACHE_REFILL: 2.46
AVG DIFF L2D_CACHE_INVAL: 239.66
[cur diff] DIFF LL_CACHE_RD: 0, DIFF LL_CACHE_MISS_RD: 0, MISS_RATE: 0.00%
[cur diff] DIFF L2D_CACHE_REFILL: 0
[cur diff] DIFF L2D_CACHE_INVAL: 1
[max diff] DIFF LL_CACHE_RD: 39, DIFF LL_CACHE_MISS_RD: 46, MISS_RATE: 117.95%
[max diff] DIFF L2D_CACHE_REFILL: 22
[max diff] DIFF L2D_CACHE_INVAL: 2295

===========================================================
taskpendcnt:592842
t0:1000 ns
t1:1708 ns
t2:31000 ns
benchmark: Franka-derived Cartesian-impedance kernel, input trace:8, timer period:1.000 ms
controller source: franka_ros2 jazzy@73a1501d, updates:592865, SVD sweeps:5
pose error:[0.010000 0.015000 0.010000 -0.000000 0.049979 -0.000000]
tau[0:6]:[0.839771 0.130674 0.617691 0.624912 0.653099 -0.592692 0.265887]
kernel exec min/avg/max: 28.58 / 29.32 / 31.50 us, samples:592874
pressure status:1, copy rounds total/window:4282/16, 7.50 rounds/s
pressure logical copy:42820.00 MiB total, approx 74.97 MiB/s, checksum:5702303088640
pressure report window:2.134099 s
t0_region>
[0]:371127
[1]:215487
[2]:6261
[3]:22

t1_region>
[1]:281305
[2]:287129
[3]:21213
[4]:3223
[5]:32

t2_region>
[30]:111668
[31]:416342
[32]:55994
[33]:8440
[34]:443
[35]:22

t0_min: 0.54 us, round:324031
t0_max: 3.71 us, round:3825
t0_jitter: 3.17 us

t1_min: 1.38 us, round:2054
t1_max: 5.96 us, round:420798
t1_jitter: 4.58 us

t2_min: 30.25 us, round:33981
t2_max: 35.75 us, round:526846
t2_jitter: 5.50 us

PMU diff samples: 592935
AVG DIFF LL_CACHE_RD: 5.12
AVG DIFF LL_CACHE_MISS_RD: 6.48
AVG DIFF L2D_CACHE_REFILL: 2.46
AVG DIFF L2D_CACHE_INVAL: 239.79
[cur diff] DIFF LL_CACHE_RD: 0, DIFF LL_CACHE_MISS_RD: 0, MISS_RATE: 0.00%
[cur diff] DIFF L2D_CACHE_REFILL: 0
[cur diff] DIFF L2D_CACHE_INVAL: 0
[max diff] DIFF LL_CACHE_RD: 39, DIFF LL_CACHE_MISS_RD: 46, MISS_RATE: 117.95%
[max diff] DIFF L2D_CACHE_REFILL: 22
[max diff] DIFF L2D_CACHE_INVAL: 2295

===========================================================
taskpendcnt:594976
t0:875 ns
t1:1583 ns
t2:30875 ns
benchmark: Franka-derived Cartesian-impedance kernel, input trace:8, timer period:1.000 ms
controller source: franka_ros2 jazzy@73a1501d, updates:594999, SVD sweeps:5
pose error:[0.010000 0.015000 0.010000 -0.000000 0.049979 -0.000000]
tau[0:6]:[-1.839419 -0.921560 -1.193198 -1.195971 -0.861243 0.113634 -0.461388]
kernel exec min/avg/max: 28.58 / 29.32 / 31.50 us, samples:595009
pressure status:1, copy rounds total/window:4297/15, 7.03 rounds/s
pressure logical copy:42970.00 MiB total, approx 70.27 MiB/s, checksum:5722278461440
pressure report window:2.134478 s
t0_region>
[0]:372342
[1]:216382
[2]:6286
[3]:22

t1_region>
[1]:282112
[2]:288345
[3]:21313
[4]:3235
[5]:32

t2_region>
[30]:111901
[31]:417946
[32]:56256
[33]:8473
[34]:445
[35]:22

t0_min: 0.54 us, round:324031
t0_max: 3.71 us, round:3825
t0_jitter: 3.17 us

t1_min: 1.38 us, round:2054
t1_max: 5.96 us, round:420798
t1_jitter: 4.58 us

t2_min: 30.25 us, round:33981
t2_max: 35.75 us, round:526846
t2_jitter: 5.50 us

PMU diff samples: 595070
AVG DIFF LL_CACHE_RD: 5.12
AVG DIFF LL_CACHE_MISS_RD: 6.49
AVG DIFF L2D_CACHE_REFILL: 2.46
AVG DIFF L2D_CACHE_INVAL: 239.91
[cur diff] DIFF LL_CACHE_RD: 0, DIFF LL_CACHE_MISS_RD: 0, MISS_RATE: 0.00%
[cur diff] DIFF L2D_CACHE_REFILL: 0
[cur diff] DIFF L2D_CACHE_INVAL: 2
[max diff] DIFF LL_CACHE_RD: 39, DIFF LL_CACHE_MISS_RD: 46, MISS_RATE: 117.95%
[max diff] DIFF L2D_CACHE_REFILL: 22
[max diff] DIFF L2D_CACHE_INVAL: 2295

===========================================================
taskpendcnt:597110
t0:1041 ns
t1:1750 ns
t2:30750 ns
benchmark: Franka-derived Cartesian-impedance kernel, input trace:8, timer period:1.000 ms
controller source: franka_ros2 jazzy@73a1501d, updates:597133, SVD sweeps:5
pose error:[0.010000 0.015000 0.010000 -0.000000 0.049979 -0.000000]
tau[0:6]:[-2.781770 -1.613002 -1.930139 -1.581803 -1.382951 -0.390599 -0.663394]
kernel exec min/avg/max: 28.58 / 29.32 / 31.50 us, samples:597143
pressure status:1, copy rounds total/window:4312/15, 7.03 rounds/s
pressure logical copy:43120.00 MiB total, approx 70.28 MiB/s, checksum:5742253834240
pressure report window:2.134303 s
t0_region>
[0]:373568
[1]:217258
[2]:6318
[3]:22

t1_region>
[1]:282957
[2]:289524
[3]:21406
[4]:3252
[5]:32

t2_region>
[30]:112165
[31]:419524
[32]:56514
[33]:8506
[34]:446
[35]:22

t0_min: 0.54 us, round:324031
t0_max: 3.71 us, round:3825
t0_jitter: 3.17 us

t1_min: 1.38 us, round:2054
t1_max: 5.96 us, round:420798
t1_jitter: 4.58 us

t2_min: 30.25 us, round:33981
t2_max: 35.75 us, round:526846
t2_jitter: 5.50 us

PMU diff samples: 597204
AVG DIFF LL_CACHE_RD: 5.12
AVG DIFF LL_CACHE_MISS_RD: 6.49
AVG DIFF L2D_CACHE_REFILL: 2.46
AVG DIFF L2D_CACHE_INVAL: 240.04
[cur diff] DIFF LL_CACHE_RD: 0, DIFF LL_CACHE_MISS_RD: 0, MISS_RATE: 0.00%
[cur diff] DIFF L2D_CACHE_REFILL: 0
[cur diff] DIFF L2D_CACHE_INVAL: 0
[max diff] DIFF LL_CACHE_RD: 39, DIFF LL_CACHE_MISS_RD: 46, MISS_RATE: 117.95%
[max diff] DIFF L2D_CACHE_REFILL: 22
[max diff] DIFF L2D_CACHE_INVAL: 2295

===========================================================
taskpendcnt:599245
t0:916 ns
t1:1625 ns
t2:30916 ns
benchmark: Franka-derived Cartesian-impedance kernel, input trace:8, timer period:1.000 ms
controller source: franka_ros2 jazzy@73a1501d, updates:599267, SVD sweeps:5
pose error:[0.010000 0.015000 0.010000 -0.000000 0.049979 -0.000000]
tau[0:6]:[1.376914 -0.104433 0.790225 0.843903 0.642107 -0.956178 0.423547]
kernel exec min/avg/max: 28.58 / 29.32 / 31.50 us, samples:599276
pressure status:1, copy rounds total/window:4328/16, 7.50 rounds/s
pressure logical copy:43280.00 MiB total, approx 74.99 MiB/s, checksum:5763560898560
pressure report window:2.133588 s
t0_region>
[0]:374801
[1]:218130
[2]:6347
[3]:22

t1_region>
[1]:283823
[2]:290691
[3]:21492
[4]:3267
[5]:32

t2_region>
[30]:112436
[31]:421123
[32]:56742
[33]:8542
[34]:446
[35]:22

t0_min: 0.54 us, round:324031
t0_max: 3.71 us, round:3825
t0_jitter: 3.17 us

t1_min: 1.38 us, round:2054
t1_max: 5.96 us, round:420798
t1_jitter: 4.58 us

t2_min: 30.25 us, round:33981
t2_max: 35.75 us, round:526846
t2_jitter: 5.50 us

PMU diff samples: 599338
AVG DIFF LL_CACHE_RD: 5.13
AVG DIFF LL_CACHE_MISS_RD: 6.49
AVG DIFF L2D_CACHE_REFILL: 2.47
AVG DIFF L2D_CACHE_INVAL: 240.16
[cur diff] DIFF LL_CACHE_RD: 0, DIFF LL_CACHE_MISS_RD: 0, MISS_RATE: 0.00%
[cur diff] DIFF L2D_CACHE_REFILL: 0
[cur diff] DIFF L2D_CACHE_INVAL: 0
[max diff] DIFF LL_CACHE_RD: 39, DIFF LL_CACHE_MISS_RD: 46, MISS_RATE: 117.95%
[max diff] DIFF L2D_CACHE_REFILL: 22
[max diff] DIFF L2D_CACHE_INVAL: 2295

===========================================================
taskpendcnt:600000
t0:1250 ns
t1:2708 ns
t2:32166 ns
benchmark: Franka-derived Cartesian-impedance kernel, input trace:8, timer period:1.000 ms
controller source: franka_ros2 jazzy@73a1501d, updates:600010, SVD sweeps:5
pose error:[0.010000 0.015000 0.010000 -0.000000 0.049979 -0.000000]
tau[0:6]:[-2.781770 -1.613002 -1.930139 -1.581803 -1.382951 -0.390599 -0.663394]
kernel exec min/avg/max: 28.58 / 29.32 / 31.50 us, samples:600000
pressure status:1, copy rounds total/window:4343/15, 7.03 rounds/s
pressure logical copy:43430.00 MiB total, approx 70.27 MiB/s, checksum:5783536271360
pressure report window:2.134752 s
t0_region>
[0]:375108
[1]:218518
[2]:6352
[3]:22

t1_region>
[1]:284024
[2]:291139
[3]:21535
[4]:3270
[5]:32

t2_region>
[30]:112460
[31]:421648
[32]:56873
[33]:8551
[34]:446
[35]:22

t0_min: 0.54 us, round:324031
t0_max: 3.71 us, round:3825
t0_jitter: 3.17 us

t1_min: 1.38 us, round:2054
t1_max: 5.96 us, round:420798
t1_jitter: 4.58 us

t2_min: 30.25 us, round:33981
t2_max: 35.75 us, round:526846
t2_jitter: 5.50 us

PMU diff samples: 600000
AVG DIFF LL_CACHE_RD: 5.13
AVG DIFF LL_CACHE_MISS_RD: 6.49
AVG DIFF L2D_CACHE_REFILL: 2.47
AVG DIFF L2D_CACHE_INVAL: 240.21
[cur diff] DIFF LL_CACHE_RD: 4, DIFF LL_CACHE_MISS_RD: 4, MISS_RATE: 100.00%
[cur diff] DIFF L2D_CACHE_REFILL: 4
[cur diff] DIFF L2D_CACHE_INVAL: 262
[max diff] DIFF LL_CACHE_RD: 39, DIFF LL_CACHE_MISS_RD: 46, MISS_RATE: 117.95%
[max diff] DIFF L2D_CACHE_REFILL: 22
[max diff] DIFF L2D_CACHE_INVAL: 2295

===========================================================
taskpendcnt:600000
t0:1250 ns
t1:2708 ns
t2:32166 ns
benchmark: Franka-derived Cartesian-impedance kernel, input trace:8, timer period:1.000 ms
controller source: franka_ros2 jazzy@73a1501d, updates:600010, SVD sweeps:5
pose error:[0.010000 0.015000 0.010000 -0.000000 0.049979 -0.000000]
tau[0:6]:[-2.781770 -1.613002 -1.930139 -1.581803 -1.382951 -0.390599 -0.663394]
kernel exec min/avg/max: 28.58 / 29.32 / 31.50 us, samples:600000
pressure status:1, copy rounds total/window:4359/16, 7.48 rounds/s
pressure logical copy:43590.00 MiB total, approx 74.84 MiB/s, checksum:5804843335680
pressure report window:2.137921 s
t0_region>
[0]:375108
[1]:218518
[2]:6352
[3]:22

t1_region>
[1]:284024
[2]:291139
[3]:21535
[4]:3270
[5]:32

t2_region>
[30]:112460
[31]:421648
[32]:56873
[33]:8551
[34]:446
[35]:22

t0_min: 0.54 us, round:324031
t0_max: 3.71 us, round:3825
t0_jitter: 3.17 us

t1_min: 1.38 us, round:2054
t1_max: 5.96 us, round:420798
t1_jitter: 4.58 us

t2_min: 30.25 us, round:33981
t2_max: 35.75 us, round:526846
t2_jitter: 5.50 us

PMU diff samples: 600000
AVG DIFF LL_CACHE_RD: 5.13
AVG DIFF LL_CACHE_MISS_RD: 6.49
AVG DIFF L2D_CACHE_REFILL: 2.47
AVG DIFF L2D_CACHE_INVAL: 240.21
[cur diff] DIFF LL_CACHE_RD: 4, DIFF LL_CACHE_MISS_RD: 4, MISS_RATE: 100.00%
[cur diff] DIFF L2D_CACHE_REFILL: 4
[cur diff] DIFF L2D_CACHE_INVAL: 262
[max diff] DIFF LL_CACHE_RD: 39, DIFF LL_CACHE_MISS_RD: 46, MISS_RATE: 117.95%
[max diff] DIFF L2D_CACHE_REFILL: 22
[max diff] DIFF L2D_CACHE_INVAL: 2295

===========================================================
taskpendcnt:600000
t0:1250 ns
t1:2708 ns
t2:32166 ns
benchmark: Franka-derived Cartesian-impedance kernel, input trace:8, timer period:1.000 ms
controller source: franka_ros2 jazzy@73a1501d, updates:600010, SVD sweeps:5
pose error:[0.010000 0.015000 0.010000 -0.000000 0.049979 -0.000000]
tau[0:6]:[-2.781770 -1.613002 -1.930139 -1.581803 -1.382951 -0.390599 -0.663394]
kernel exec min/avg/max: 28.58 / 29.32 / 31.50 us, samples:600000
pressure status:1, copy rounds total/window:4376/17, 7.96 rounds/s
pressure logical copy:43760.00 MiB total, approx 79.57 MiB/s, checksum:5827482091520
pressure report window:2.136404 s
t0_region>
[0]:375108
[1]:218518
[2]:6352
[3]:22

t1_region>
[1]:284024
[2]:291139
[3]:21535
[4]:3270
[5]:32

t2_region>
[30]:112460
[31]:421648
[32]:56873
[33]:8551
[34]:446
[35]:22

t0_min: 0.54 us, round:324031
t0_max: 3.71 us, round:3825
t0_jitter: 3.17 us

t1_min: 1.38 us, round:2054
t1_max: 5.96 us, round:420798
t1_jitter: 4.58 us

t2_min: 30.25 us, round:33981
t2_max: 35.75 us, round:526846
t2_jitter: 5.50 us

PMU diff samples: 600000
AVG DIFF LL_CACHE_RD: 5.13
AVG DIFF LL_CACHE_MISS_RD: 6.49
AVG DIFF L2D_CACHE_REFILL: 2.47
AVG DIFF L2D_CACHE_INVAL: 240.21
[cur diff] DIFF LL_CACHE_RD: 4, DIFF LL_CACHE_MISS_RD: 4, MISS_RATE: 100.00%
[cur diff] DIFF L2D_CACHE_REFILL: 4
[cur diff] DIFF L2D_CACHE_INVAL: 262
[max diff] DIFF LL_CACHE_RD: 39, DIFF LL_CACHE_MISS_RD: 46, MISS_RATE: 117.95%
[max diff] DIFF L2D_CACHE_REFILL: 22
[max diff] DIFF L2D_CACHE_INVAL: 2295

===========================================================
taskpendcnt:600000
t0:1250 ns
t1:2708 ns
t2:32166 ns
benchmark: Franka-derived Cartesian-impedance kernel, input trace:8, timer period:1.000 ms
controller source: franka_ros2 jazzy@73a1501d, updates:600010, SVD sweeps:5
pose error:[0.010000 0.015000 0.010000 -0.000000 0.049979 -0.000000]
tau[0:6]:[-2.781770 -1.613002 -1.930139 -1.581803 -1.382951 -0.390599 -0.663394]
kernel exec min/avg/max: 28.58 / 29.32 / 31.50 us, samples:600000
pressure status:1, copy rounds total/window:4392/16, 7.49 rounds/s
pressure logical copy:43920.00 MiB total, approx 74.89 MiB/s, checksum:5848789155840
pressure report window:2.136400 s
t0_region>
[0]:375108
[1]:218518
[2]:6352
[3]:22

t1_region>
[1]:284024
[2]:291139
[3]:21535
[4]:3270
[5]:32

t2_region>
[30]:112460
[31]:421648
[32]:56873
[33]:8551
[34]:446
[35]:22

t0_min: 0.54 us, round:324031
t0_max: 3.71 us, round:3825
t0_jitter: 3.17 us

t1_min: 1.38 us, round:2054
t1_max: 5.96 us, round:420798
t1_jitter: 4.58 us

t2_min: 30.25 us, round:33981
t2_max: 35.75 us, round:526846
t2_jitter: 5.50 us

PMU diff samples: 600000
AVG DIFF LL_CACHE_RD: 5.13
AVG DIFF LL_CACHE_MISS_RD: 6.49
AVG DIFF L2D_CACHE_REFILL: 2.47
AVG DIFF L2D_CACHE_INVAL: 240.21
[cur diff] DIFF LL_CACHE_RD: 4, DIFF LL_CACHE_MISS_RD: 4, MISS_RATE: 100.00%
[cur diff] DIFF L2D_CACHE_REFILL: 4
[cur diff] DIFF L2D_CACHE_INVAL: 262
[max diff] DIFF LL_CACHE_RD: 39, DIFF LL_CACHE_MISS_RD: 46, MISS_RATE: 117.95%
[max diff] DIFF L2D_CACHE_REFILL: 22
[max diff] DIFF L2D_CACHE_INVAL: 2295

===========================================================
taskpendcnt:600000
t0:1250 ns
t1:2708 ns
t2:32166 ns
benchmark: Franka-derived Cartesian-impedance kernel, input trace:8, timer period:1.000 ms
controller source: franka_ros2 jazzy@73a1501d, updates:600010, SVD sweeps:5
pose error:[0.010000 0.015000 0.010000 -0.000000 0.049979 -0.000000]
tau[0:6]:[-2.781770 -1.613002 -1.930139 -1.581803 -1.382951 -0.390599 -0.663394]
kernel exec min/avg/max: 28.58 / 29.32 / 31.50 us, samples:600000
pressure status:1, copy rounds total/window:4408/16, 7.49 rounds/s
pressure logical copy:44080.00 MiB total, approx 74.89 MiB/s, checksum:5870096220160
pressure report window:2.136401 s
t0_region>
[0]:375108
[1]:218518
[2]:6352
[3]:22

t1_region>
[1]:284024
[2]:291139
[3]:21535
[4]:3270
[5]:32

t2_region>
[30]:112460
[31]:421648
[32]:56873
[33]:8551
[34]:446
[35]:22

t0_min: 0.54 us, round:324031
t0_max: 3.71 us, round:3825
t0_jitter: 3.17 us

t1_min: 1.38 us, round:2054
t1_max: 5.96 us, round:420798
t1_jitter: 4.58 us

t2_min: 30.25 us, round:33981
t2_max: 35.75 us, round:526846
t2_jitter: 5.50 us

PMU diff samples: 600000
AVG DIFF LL_CACHE_RD: 5.13
AVG DIFF LL_CACHE_MISS_RD: 6.49
AVG DIFF L2D_CACHE_REFILL: 2.47
AVG DIFF L2D_CACHE_INVAL: 240.21
[cur diff] DIFF LL_CACHE_RD: 4, DIFF LL_CACHE_MISS_RD: 4, MISS_RATE: 100.00%
[cur diff] DIFF L2D_CACHE_REFILL: 4
[cur diff] DIFF L2D_CACHE_INVAL: 262
[max diff] DIFF LL_CACHE_RD: 39, DIFF LL_CACHE_MISS_RD: 46, MISS_RATE: 117.95%
[max diff] DIFF L2D_CACHE_REFILL: 22
[max diff] DIFF L2D_CACHE_INVAL: 2295

===========================================================
taskpendcnt:600000
t0:1250 ns
t1:2708 ns
t2:32166 ns
benchmark: Franka-derived Cartesian-impedance kernel, input trace:8, timer period:1.000 ms
controller source: franka_ros2 jazzy@73a1501d, updates:600010, SVD sweeps:5
pose error:[0.010000 0.015000 0.010000 -0.000000 0.049979 -0.000000]
tau[0:6]:[-2.781770 -1.613002 -1.930139 -1.581803 -1.382951 -0.390599 -0.663394]
kernel exec min/avg/max: 28.58 / 29.32 / 31.50 us, samples:600000
pressure status:1, copy rounds total/window:4424/16, 7.49 rounds/s
pressure logical copy:44240.00 MiB total, approx 74.89 MiB/s, checksum:5891403284480
pressure report window:2.136401 s
t0_region>
[0]:375108
[1]:218518
[2]:6352
[3]:22

t1_region>
[1]:284024
[2]:291139
[3]:21535
[4]:3270
[5]:32

t2_region>
[30]:112460
[31]:421648
[32]:56873
[33]:8551
[34]:446
[35]:22

t0_min: 0.54 us, round:324031
t0_max: 3.71 us, round:3825
t0_jitter: 3.17 us

t1_min: 1.38 us, round:2054
t1_max: 5.96 us, round:420798
t1_jitter: 4.58 us

t2_min: 30.25 us, round:33981
t2_max: 35.75 us, round:526846
t2_jitter: 5.50 us

PMU diff samples: 600000
AVG DIFF LL_CACHE_RD: 5.13
AVG DIFF LL_CACHE_MISS_RD: 6.49
AVG DIFF L2D_CACHE_REFILL: 2.47
AVG DIFF L2D_CACHE_INVAL: 240.21
[cur diff] DIFF LL_CACHE_RD: 4, DIFF LL_CACHE_MISS_RD: 4, MISS_RATE: 100.00%
[cur diff] DIFF L2D_CACHE_REFILL: 4
[cur diff] DIFF L2D_CACHE_INVAL: 262
[max diff] DIFF LL_CACHE_RD: 39, DIFF LL_CACHE_MISS_RD: 46, MISS_RATE: 117.95%
[max diff] DIFF L2D_CACHE_REFILL: 22
[max diff] DIFF L2D_CACHE_INVAL: 2295

===========================================================
taskpendcnt:600000
t0:1250 ns
t1:2708 ns
t2:32166 ns
benchmark: Franka-derived Cartesian-impedance kernel, input trace:8, timer period:1.000 ms
controller source: franka_ros2 jazzy@73a1501d, updates:600010, SVD sweeps:5
pose error:[0.010000 0.015000 0.010000 -0.000000 0.049979 -0.000000]
tau[0:6]:[-2.781770 -1.613002 -1.930139 -1.581803 -1.382951 -0.390599 -0.663394]
kernel exec min/avg/max: 28.58 / 29.32 / 31.50 us, samples:600000
pressure status:1, copy rounds total/window:4441/17, 7.96 rounds/s
pressure logical copy:44410.00 MiB total, approx 79.57 MiB/s, checksum:5914042040320
pressure report window:2.136419 s
t0_region>
[0]:375108
[1]:218518
[2]:6352
[3]:22

t1_region>
[1]:284024
[2]:291139
[3]:21535
[4]:3270
[5]:32

t2_region>
[30]:112460
[31]:421648
[32]:56873
[33]:8551
[34]:446
[35]:22

t0_min: 0.54 us, round:324031
t0_max: 3.71 us, round:3825
t0_jitter: 3.17 us

t1_min: 1.38 us, round:2054
t1_max: 5.96 us, round:420798
t1_jitter: 4.58 us

t2_min: 30.25 us, round:33981
t2_max: 35.75 us, round:526846
t2_jitter: 5.50 us

PMU diff samples: 600000
AVG DIFF LL_CACHE_RD: 5.13
AVG DIFF LL_CACHE_MISS_RD: 6.49
AVG DIFF L2D_CACHE_REFILL: 2.47
AVG DIFF L2D_CACHE_INVAL: 240.21
[cur diff] DIFF LL_CACHE_RD: 4, DIFF LL_CACHE_MISS_RD: 4, MISS_RATE: 100.00%
[cur diff] DIFF L2D_CACHE_REFILL: 4
[cur diff] DIFF L2D_CACHE_INVAL: 262
[max diff] DIFF LL_CACHE_RD: 39, DIFF LL_CACHE_MISS_RD: 46, MISS_RATE: 117.95%
[max diff] DIFF L2D_CACHE_REFILL: 22
[max diff] DIFF L2D_CACHE_INVAL: 2295
 